0.009099865332,0.01916608773,-0.004199833144,-0.0001730099175,1
0.009099865332,0.01902292296,-0.002865910064,-0.0002696014708,1
0.009099865332,0.01887976006,-0.001878607669,0.0001119550288,1
0.009099865332,0.01873659529,-0.002763433615,0.0006348835886,1
0.009099865332,0.01859343052,-0.002511412837,0.0001563895494,1
0.009099865332,0.01845026761,-0.002462793374,0.0002939299447,1
0.009099865332,0.01830710284,-0.002653047908,0.0008221927565,2
0.009099865332,0.01816393808,-0.002648284659,0.0008942774148,2
0.009099865332,0.01802077517,-0.002662257059,0.0005206053029,1
0.009099865332,0.0178776104,-0.002869625809,0.0004799217277,1
0.009099865332,0.01773444749,-0.002638405422,0.0009829768678,2
0.009099865332,0.01759128273,-0.002250217367,0.001273184898,2
0.009099865332,0.01744811796,-0.001870086067,0.001585063874,2
0.009099865332,0.01730495505,-0.001176693127,0.001918752561,1
0.009099865332,0.01716179028,-0.002757552778,0.001920030219,1
0.009099865332,0.01701862738,-0.002590590157,0.001137555577,1
0.009099865332,0.01687546261,-0.002168278908,0.001476836507,1
0.009099865332,0.01673229784,-0.001993271755,0.001556234783,1
0.009099865332,0.01658913493,-0.002118916018,0.001256154035,2
0.009099865332,0.01644597016,-0.002271525795,0.0009565379005,1
0.009099865332,0.01630280726,-0.001732964069,0.001396715408,1
0.009099865332,0.01615964249,-0.001980136149,0.001623349497,1
0.009099865332,0.01601647772,-0.001719219377,0.001535448479,1
0.009099865332,0.01587331481,-0.001746934024,0.001187303453,1
0.009099865332,0.01573015004,-0.001662470633,0.001624256605,1
0.009099865332,0.01558698621,-0.001536494703,0.002102647908,1
0.009099865332,0.01544382237,-0.001616195659,0.002064589411,1
0.009099865332,0.0153006576,-0.001701688278,0.001665455755,1
0.009099865332,0.01515749376,-0.001879806397,0.001651810715,1
0.009099865332,0.01501432993,-0.001810315414,0.001739900559,1
0.009099865332,0.01487116609,-0.001343938289,0.001795591787,1
0.009099865332,0.01472800132,-0.001264906139,0.001790056587,2
0.009099865332,0.01458483748,-0.0009846301982,0.001765059191,1
0.009099865332,0.01444167364,-0.0005836848286,0.001647903933,1
0.009099865332,0.01429850981,-0.0007488686824,0.001802027575,1
0.009099865332,0.01415534597,-0.001212511444,0.001817590208,1
0.009099865332,0.0140121812,-0.0009380092961,0.001716226689,1
0.009099865332,0.01386901736,-0.0006069288356,0.001245021122,1
0.009099865332,0.01372585353,-0.0004473539011,0.001495683449,1
0.009099865332,0.01358268969,-0.000267196825,0.001902043237,1
0.009099865332,0.01343952492,-0.0008100676932,0.001910855761,1
0.009099865332,0.01329636108,-0.001878468785,0.001918114838,1
0.009099865332,0.01315319724,-0.001563515514,0.00151541864,1
0.009099865332,0.01301003341,-0.00135907263,0.00106644386,1
0.009099865332,0.01286686864,-0.0008930505137,0.001543548889,1
0.009099865332,0.0127237048,-0.000545179937,0.001361838891,1
0.009099865332,0.01258054096,-0.0002953423827,0.001373326289,1
0.009099865332,0.01243737713,-0.0001837649907,0.001368323807,1
0.009099865332,0.01229421329,-0.0004286833864,0.001079019275,1
0.009099865332,0.01215104852,-0.000233327155,0.0009923065081,1
0.009099865332,0.01200788468,-0.0001125976632,0.001119495137,1
0.009099865332,0.01186472084,-0.0001142720066,0.001299731899,1
0.009099865332,0.01172155701,-0.0001382575429,0.001374612446,1
0.009099865332,0.01157839224,-0.0004401696788,0.001576055423,1
0.009099865332,0.0114352284,5.651050378e-05,0.001372204977,1
0.009099865332,0.01129206456,-0.0002015124774,0.00111852854,1
0.009099865332,0.01114890072,-0.0001118521832,0.001494629076,1
0.009099865332,0.01100573689,0.0001620336116,0.001549332403,1
0.009099865332,0.01086257212,-0.0002388033317,0.001158881583,1
0.009099865332,0.01071940828,-0.0003680611553,0.001881189528,1
0.009099865332,0.01057624444,-0.0002860221721,0.001873078058,1
0.009099865332,0.01043308061,-0.0003430454235,0.001627815305,2
0.009099865332,0.01028991584,-0.0004995184718,0.001605436904,2
0.009099865332,0.010146752,-0.0005012007314,0.001640494913,2
0.009099865332,0.01000358816,-0.0006806079764,0.001807743334,1
0.009099865332,0.009860424325,-0.000787060475,0.002177406335,1
0.009099865332,0.009717259556,-0.000381750986,0.001833199174,1
0.009099865332,0.009574095719,-0.0002546544129,0.0009541756008,1
0.009099865332,0.009430931881,-0.0001980619272,0.0006413116935,1
0.009099865332,0.009287768044,-7.060487405e-05,0.001057657995,1
0.009099865332,0.009144604206,-9.084960038e-05,0.001417751773,1
0.009099865332,0.009001439437,9.938856965e-05,0.001344252611,1
0.009099865332,0.0088582756,-2.26985685e-06,0.001194306766,1
0.009099865332,0.008715111762,-6.937598664e-05,0.0009388170438,1
0.009099865332,0.008571947925,-0.0001408985117,0.0009054364054,1
0.009099865332,0.008428783156,-0.0001756279235,0.001135637751,1
0.009099865332,0.008285619318,-0.000250464509,0.0008281802293,1
0.009099865332,0.008142455481,-0.0003752505581,0.001164257876,1
0.009099865332,0.007999291644,-0.0001884071098,0.001183865359,1
0.009099865332,0.007856126875,0.0001144723574,0.0008518056711,1
0.009099865332,0.007712963037,-0.000296052167,0.0009882446611,1
0.009099865332,0.0075697992,-0.0009768882301,0.001003817073,1
0.009099865332,0.007426635362,-0.0004654158547,0.001171016484,2
0.009099865332,0.007283471059,-0.0001520041988,0.001457596663,1
0.009099865332,0.007140307222,0.0002826771815,0.001012764405,1
0.009099865332,0.006997142918,-0.0001293552195,0.001339955721,1
0.009099865332,0.006853979081,-0.0001143404515,0.001133370213,1
0.009099865332,0.006710814778,0.0001112166065,0.0003037977149,1
0.009099865332,0.00656765094,0.0003640475625,0.0005457816296,1
0.009099865332,0.006424486637,0.0003207282862,0.0007094589528,1
0.009099865332,0.0062813228,8.179785254e-06,0.0008660271415,1
0.009099865332,0.006138158496,-5.168477583e-05,0.001100081718,1
0.009099865332,0.005994994659,-0.00016334471,0.00127021037,1
0.009099865332,0.005851830821,-0.0002677400771,0.001200856408,1
0.009099865332,0.005708666518,4.03299091e-05,0.0007959054783,1
0.009099865332,0.005565502681,-8.226990758e-05,0.0004960278166,1
0.009099865332,0.005422338378,1.72435175e-05,0.0004470389977,1
0.009099865332,0.00527917454,-6.169080007e-05,0.0006210168358,1
0.009099865332,0.005136010237,-0.0002290327684,0.001024263212,1
0.009099865332,0.0049928464,-0.0001733569516,0.001260130783,2
0.009099865332,0.004849682096,-0.0002213528351,0.001481614541,1
0.009099865332,0.004706518259,-0.0001303214522,0.001312393346,1
0.009099865332,0.004563353956,0.0002079193218,0.001091699349,2
0.009099865332,0.004420190118,0.0005737404572,0.0009751928737,2
0.009099865332,0.004277025815,0.00121022074,0.001087309443,1
0.009099865332,0.004133861978,0.0004348929797,0.001291236025,1
0.009099865332,0.00399069814,0.0004298778367,0.001414705766,1
0.009099865332,0.003847533837,0.0001829216053,0.001484995941,1
0.009099865332,0.003704369767,9.148388926e-05,0.001189279137,1
0.009099865332,0.003561205696,0.0001730799559,0.001199038699,1
0.009099865332,0.003418041626,0.0002406437707,0.001345813042,1
0.009099865332,0.003274877556,0.0004188519088,0.00106349308,2
0.009099865332,0.003131713718,0.0006831797073,0.001223480329,1
0.009099865332,0.002988549648,0.0005255488795,0.001275771181,1
0.009099865332,0.002845385578,0.0003649670398,0.00109809346,2
0.009099865332,0.002702221507,0.0002301836794,0.001404969837,1
0.009099865332,0.002559057437,0.0003161937639,0.001058324939,1
0.009099865332,0.002415893367,0.0004971323069,0.0007793372497,1
0.009099865332,0.002272729296,0.001128548756,0.0005770424032,1
0.009099865332,0.002129565226,0.0009795618244,0.0006753252237,2
0.009099865332,0.001986401156,0.0009196669562,0.0004683205334,1
0.009099865332,0.001843237202,0.0003480134183,0.0007184360875,1
0.009099865332,0.001700073131,0.0001145951755,0.000889879535,1
0.009099865332,0.001556909061,0.0003759839747,0.0009734725463,1
0.009099865332,0.001413744991,0.0005739307962,0.0006573006394,1
0.009099865332,0.00127058092,0.0003818108235,0.0005083485157,1
0.009099865332,0.00112741685,0.0002009790478,0.0006563744973,1
0.009099865332,0.0009842528962,0.000409240165,0.0006057619466,1
0.009099865332,0.0008410888258,0.0006698589423,0.0007303452003,1
0.009099865332,0.0006979247555,0.0007634665817,0.0006163353682,1
0.009099865332,0.0005547606852,0.0009173537255,0.0007061322685,1
0.009099865332,0.000411596644,0.0008846984711,0.0008871582104,1
0.009099865332,0.0002684326028,0.0005636420683,0.001128103584,1
0.009099865332,0.000125268547,0.0007098754868,0.0006401704159,1
0.00924302917,0.01916608773,-0.003474379424,-1.542905738e-05,2
0.00924302917,0.01902292296,-0.003231780138,5.557351687e-05,1
0.00924302917,0.01887976006,-0.002843285212,0.0001072592568,1
0.00924302917,0.01873659529,-0.002187567297,0.0002899909159,1
0.00924302917,0.01859343052,-0.003086726414,-3.468047362e-05,1
0.00924302917,0.01845026761,-0.00310074049,0.0002636566642,1
0.00924302917,0.01830710284,-0.002848065458,0.001278370735,1
0.00924302917,0.01816393808,-0.002629549243,0.001340034301,1
0.00924302917,0.01802077517,-0.002748976927,0.000912110263,1
0.00924302917,0.0178776104,-0.002781344345,0.0008185778279,1
0.00924302917,0.01773444749,-0.00279537309,0.001195824123,1
0.00924302917,0.01759128273,-0.002242160495,0.001251513837,1
0.00924302917,0.01744811796,-0.002183347708,0.001563254162,1
0.00924302917,0.01730495505,-0.002102873521,0.001929720165,1
0.00924302917,0.01716179028,-0.002074125223,0.001603594981,1
0.00924302917,0.01701862738,-0.002153223613,0.001523208688,1
0.00924302917,0.01687546261,-0.001826762804,0.001582953264,1
0.00924302917,0.01673229784,-0.001672051265,0.001465292182,1
0.00924302917,0.01658913493,-0.002091950038,0.001255689538,1
0.00924302917,0.01644597016,-0.002303045942,0.00142298243,1
0.00924302917,0.01630280726,-0.0021135516,0.001866981387,1
0.00924302917,0.01615964249,-0.00217304239,0.002258997411,1
0.00924302917,0.01601647772,-0.002004510025,0.002196866088,1
0.00924302917,0.01587331481,-0.001961781178,0.001556481235,1
0.00924302917,0.01573015004,-0.001880172524,0.001953196712,1
0.00924302917,0.01558698621,-0.001841860241,0.002019086387,1
0.00924302917,0.01544382237,-0.001765095629,0.001910531777,1
0.00924302917,0.0153006576,-0.001436566701,0.001857637777,1
0.00924302917,0.01515749376,-0.001627127174,0.001901463373,1
0.00924302917,0.01501432993,-0.001701486646,0.001932414481,1
0.00924302917,0.01487116609,-0.001617016853,0.002035116544,1
0.00924302917,0.01472800132,-0.00146614993,0.001809518551,1
0.00924302917,0.01458483748,-0.00165473891,0.001819961122,1
0.00924302917,0.01444167364,-0.001480405335,0.00197752635,1
0.00924302917,0.01429850981,-0.001197405974,0.00201971666,1
0.00924302917,0.01415534597,-0.0008042623522,0.001905653509,1
0.00924302917,0.0140121812,-0.0006800951669,0.001686951728,1
0.00924302917,0.01386901736,-0.000509330479,0.00156251702,1
0.00924302917,0.01372585353,-0.0009924705373,0.001576983719,1
0.00924302917,0.01358268969,-0.0009951613611,0.001498066587,1
0.00924302917,0.01343952492,-0.001511098933,0.001629836159,1
0.00924302917,0.01329636108,-7.050960994e-05,0.001444883994,1
0.00924302917,0.01315319724,-0.0002363430103,0.001191066229,1
0.00924302917,0.01301003341,-0.0004077394842,0.001393750776,1
0.00924302917,0.01286686864,-0.0007158585358,0.001385682961,1
0.00924302917,0.0127237048,-0.0004996044445,0.001442997367,1
0.00924302917,0.01258054096,-0.0003002926824,0.001547560794,1
0.00924302917,0.01243737713,-0.0001672979561,0.001560454839,1
0.00924302917,0.01229421329,-0.0005049250904,0.001211787807,1
0.00924302917,0.01215104852,-0.0002766442776,0.001371522434,1
0.00924302917,0.01200788468,-0.000238028646,0.001461531036,1
0.00924302917,0.01186472084,-0.0001887959661,0.001752641052,1
0.00924302917,0.01172155701,-5.141546717e-05,0.001510792528,1
0.00924302917,0.01157839224,-0.00018907903,0.001321197837,1
0.00924302917,0.0114352284,-0.0002930457413,0.00134445529,1
0.00924302917,0.01129206456,-0.000196868772,0.001300893375,1
0.00924302917,0.01114890072,-0.0002573144739,0.001482956577,1
0.00924302917,0.01100573689,-0.0001907266706,0.00156784826,2
0.00924302917,0.01086257212,-0.0002326467657,0.001534037059,1
0.00924302917,0.01071940828,-0.0001975814375,0.001427661744,1
0.00924302917,0.01057624444,-9.158038301e-05,0.001297407085,1
0.00924302917,0.01043308061,-0.0002435956558,0.001404931187,1
0.00924302917,0.01028991584,-0.0006543092895,0.001548000146,1
0.00924302917,0.010146752,-0.0003234757169,0.0015083045,1
0.00924302917,0.01000358816,-0.0007483938825,0.001618687063,1
0.00924302917,0.009860424325,-0.0005684794742,0.001758450991,1
0.00924302917,0.009717259556,-0.0003162045323,0.001757326536,1
0.00924302917,0.009574095719,-0.0002321688225,0.001438890002,1
0.00924302917,0.009430931881,-0.0002788533457,0.0009897327982,1
0.00924302917,0.009287768044,-0.0002125893952,0.001000067801,1
0.00924302917,0.009144604206,-0.0001626542071,0.001066551311,1
0.00924302917,0.009001439437,0.0002212747058,0.001506950823,1
0.00924302917,0.0088582756,-2.094707634e-05,0.001247577486,1
0.00924302917,0.008715111762,-0.0002142720914,0.0009719454683,1
0.00924302917,0.008571947925,-0.0003081712348,0.0009593345458,1
0.00924302917,0.008428783156,-0.0003577162861,0.000967596483,1
0.00924302917,0.008285619318,-0.0003172372526,0.0007739811554,1
0.00924302917,0.008142455481,-0.0003335958463,0.0008391699521,1
0.00924302917,0.007999291644,-0.0002962194558,0.000831674959,1
0.00924302917,0.007856126875,-0.0002666883229,0.0007533215685,1
0.00924302917,0.007712963037,-0.0004749693908,0.0009326402214,1
0.00924302917,0.0075697992,-0.000604644476,0.0009567884845,1
0.00924302917,0.007426635362,-0.0002673550625,0.001051635598,1
0.00924302917,0.007283471059,1.032405908e-05,0.001038017683,1
0.00924302917,0.007140307222,0.00012764243,0.0009109305101,1
0.00924302917,0.006997142918,-0.000403574144,0.0008351776632,1
0.00924302917,0.006853979081,-0.0004219638358,0.001022483804,1
0.00924302917,0.006710814778,-0.0002235232678,0.001237494987,1
0.00924302917,0.00656765094,-5.900786346e-05,0.0009933804395,2
0.00924302917,0.006424486637,-4.237199028e-05,0.0009762343834,1
0.00924302917,0.0062813228,-0.0001366368961,0.001069915481,1
0.00924302917,0.006138158496,-8.417272329e-05,0.001061979216,1
0.00924302917,0.005994994659,-4.456536772e-05,0.001120355446,1
0.00924302917,0.005851830821,-3.085060962e-05,0.001198974904,1
0.00924302917,0.005708666518,0.0001171607219,0.0009151600534,1
0.00924302917,0.005565502681,-0.0001201956402,0.000669229019,1
0.00924302917,0.005422338378,-6.173912698e-05,0.0006946233916,1
0.00924302917,0.00527917454,3.084023774e-05,0.0008138137637,1
0.00924302917,0.005136010237,7.574725714e-06,0.0009762423579,1
0.00924302917,0.0049928464,-6.96852585e-05,0.001274514361,2
0.00924302917,0.004849682096,-3.513079719e-05,0.001537760021,1
0.00924302917,0.004706518259,2.259152643e-05,0.001417473191,1
0.00924302917,0.004563353956,0.0001803389605,0.0009875117103,1
0.00924302917,0.004420190118,0.0003030813823,0.0007465698291,1
0.00924302917,0.004277025815,0.0002205126802,0.001263767132,1
0.00924302917,0.004133861978,-0.0006184093072,0.0008711033151,1
0.00924302917,0.00399069814,-0.0002705493243,0.0008127515903,1
0.00924302917,0.003847533837,-5.180042353e-05,0.001056792331,1
0.00924302917,0.003704369767,0.0002843349357,0.0009432532242,1
0.00924302917,0.003561205696,0.0002808347344,0.001110686106,1
0.00924302917,0.003418041626,0.0002556765976,0.001196352183,1
0.00924302917,0.003274877556,0.0003327322484,0.0006211858708,1
0.00924302917,0.003131713718,0.000407242449,0.0006906173076,1
0.00924302917,0.002988549648,0.000461650634,0.000713704736,1
0.00924302917,0.002845385578,0.0003391685896,0.0006135391886,1
0.00924302917,0.002702221507,0.0004817367007,0.000743107521,1
0.00924302917,0.002559057437,0.000582548033,0.0009798676474,1
0.00924302917,0.002415893367,0.0006299501401,0.001035532914,1
0.00924302917,0.002272729296,0.0007016230375,0.0009476034902,1
0.00924302917,0.002129565226,0.000890469877,0.0009806127055,1
0.00924302917,0.001986401156,0.0004696080869,0.001108255819,1
0.00924302917,0.001843237202,0.0004798837181,0.001021697768,1
0.00924302917,0.001700073131,0.0004604441056,0.0009670084692,1
0.00924302917,0.001556909061,0.0005472552148,0.000919321843,1
0.00924302917,0.001413744991,0.0008371300064,0.0006947009242,1
0.00924302917,0.00127058092,0.000775116263,0.0006799196708,1
0.00924302917,0.00112741685,0.0005520043196,0.0006796923699,1
0.00924302917,0.0009842528962,0.0005925581791,0.0006449085777,1
0.00924302917,0.0008410888258,0.0005690794787,0.0007232704666,1
0.00924302917,0.0006979247555,0.0004314658581,0.0006831923965,1
0.00924302917,0.0005547606852,0.0007463518414,0.0009543240303,1
0.00924302917,0.000411596644,0.0007589055458,0.0009983760538,1
0.00924302917,0.0002684326028,0.0008983733132,0.0009202028159,1
0.00924302917,0.000125268547,0.0004818606831,0.0006987731322,1
0.009386193007,0.01916608773,-0.002991524758,7.11492321e-05,2
0.009386193007,0.01902292296,-0.003026195569,0.0002580316213,1
0.009386193007,0.01887976006,-0.002953628777,7.13686095e-05,1
0.009386193007,0.01873659529,-0.002771814354,0.0004998263903,1
0.009386193007,0.01859343052,-0.002792872721,0.0006193363224,1
0.009386193007,0.01845026761,-0.002856817096,0.0009184448281,1
0.009386193007,0.01830710284,-0.002842952963,0.001473530428,1
0.009386193007,0.01816393808,-0.002645744476,0.001541147591,1
0.009386193007,0.01802077517,-0.002751339925,0.001168591785,1
0.009386193007,0.0178776104,-0.002755900612,0.001002687612,1
0.009386193007,0.01773444749,-0.002530354541,0.001166996313,1
0.009386193007,0.01759128273,-0.002246452961,0.001266518258,1
0.009386193007,0.01744811796,-0.002208274091,0.001447742688,1
0.009386193007,0.01730495505,-0.002075188328,0.001397697139,1
0.009386193007,0.01716179028,-0.001731765456,0.001382120652,1
0.009386193007,0.01701862738,-0.001955801854,0.001810075133,1
0.009386193007,0.01687546261,-0.001703873975,0.001778220176,1
0.009386193007,0.01673229784,-0.001858019154,0.001684811315,1
0.009386193007,0.01658913493,-0.002246869728,0.0019171288,1
0.009386193007,0.01644597016,-0.002235455904,0.00205902406,1
0.009386193007,0.01630280726,-0.002110987436,0.002513071988,1
0.009386193007,0.01615964249,-0.002081801882,0.002677740064,1
0.009386193007,0.01601647772,-0.002183521166,0.002530329628,1
0.009386193007,0.01587331481,-0.002110085217,0.002434721915,1
0.009386193007,0.01573015004,-0.001776279765,0.00219214661,1
0.009386193007,0.01558698621,-0.00187701243,0.001853498281,1
0.009386193007,0.01544382237,-0.001749518211,0.001896497328,1
0.009386193007,0.0153006576,-0.001650273451,0.002073837444,1
0.009386193007,0.01515749376,-0.001786485431,0.001863133162,1
0.009386193007,0.01501432993,-0.001296236529,0.002145977458,1
0.009386193007,0.01487116609,-0.001574927475,0.00228568702,1
0.009386193007,0.01472800132,-0.00170766341,0.002205065219,1
0.009386193007,0.01458483748,-0.001716478961,0.002088069916,1
0.009386193007,0.01444167364,-0.002355122706,0.002113306429,1
0.009386193007,0.01429850981,-0.001399326371,0.002043789951,1
0.009386193007,0.01415534597,-0.001160634332,0.001954198116,1
0.009386193007,0.0140121812,-0.0009621871286,0.001920604613,1
0.009386193007,0.01386901736,-0.0008716603043,0.001972967293,1
0.009386193007,0.01372585353,-0.0008490509354,0.001999902306,1
0.009386193007,0.01358268969,-0.0008287614328,0.001309290528,1
0.009386193007,0.01343952492,-0.0008448914159,0.001616851077,1
0.009386193007,0.01329636108,-0.0008045600844,0.001445034868,1
0.009386193007,0.01315319724,-0.0006147017702,0.001521817874,1
0.009386193007,0.01301003341,-0.0003512996191,0.001835412113,1
0.009386193007,0.01286686864,-0.0004321598972,0.001660437323,1
0.009386193007,0.0127237048,-0.0003781335545,0.001583601232,1
0.009386193007,0.01258054096,-0.0004037384933,0.001753678778,1
0.009386193007,0.01243737713,-0.0004859967739,0.001708157593,1
0.009386193007,0.01229421329,-0.0002258275053,0.001533193048,1
0.009386193007,0.01215104852,-0.0002005529823,0.001571083558,1
0.009386193007,0.01200788468,-0.0002159212454,0.001698673004,1
0.009386193007,0.01186472084,-0.0002997461997,0.001579353702,1
0.009386193007,0.01172155701,-0.0002151786612,0.001453363337,1
0.009386193007,0.01157839224,-0.0002188638464,0.001333534135,1
0.009386193007,0.0114352284,-2.792210216e-05,0.001290356973,1
0.009386193007,0.01129206456,3.344949073e-05,0.001406848547,1
0.009386193007,0.01114890072,-0.0003759847605,0.001613664906,1
0.009386193007,0.01100573689,-0.0004349790688,0.001705066883,1
0.009386193007,0.01086257212,-0.0003626545367,0.001443505986,1
0.009386193007,0.01071940828,-0.0002572358644,0.001291510183,1
0.009386193007,0.01057624444,-0.0001145860078,0.001248467597,1
0.009386193007,0.01043308061,-0.0002509334881,0.001319550909,1
0.009386193007,0.01028991584,-0.0005040384131,0.001411499688,1
0.009386193007,0.010146752,-0.0004101425002,0.001418558415,1
0.009386193007,0.01000358816,-0.0002254832652,0.001618004986,1
0.009386193007,0.009860424325,-0.0004665063752,0.001451894292,1
0.009386193007,0.009717259556,-0.0003928050282,0.00146082323,1
0.009386193007,0.009574095719,-0.0003580382909,0.001332480693,1
0.009386193007,0.009430931881,-0.0003223617678,0.0009692189051,1
0.009386193007,0.009287768044,-0.0004146749561,0.000893078628,1
0.009386193007,0.009144604206,-0.0002970937931,0.0007023120997,1
0.009386193007,0.009001439437,-6.646088877e-05,0.001021499163,1
0.009386193007,0.0088582756,-2.949833106e-05,0.001270646346,1
0.009386193007,0.008715111762,-0.0003023282334,0.001005513594,1
0.009386193007,0.008571947925,-0.0003121113696,0.001049258048,1
0.009386193007,0.008428783156,-0.0003015291295,0.001035266439,1
0.009386193007,0.008285619318,-0.000316652644,0.0008796164766,1
0.009386193007,0.008142455481,-0.0002873527119,0.0007650886546,1
0.009386193007,0.007999291644,-0.0003050587256,0.0007164751296,1
0.009386193007,0.007856126875,-0.0003898092837,0.0007268308545,1
0.009386193007,0.007712963037,-0.0003244739491,0.0007991893799,1
0.009386193007,0.0075697992,-0.000339915714,0.0008093068609,1
0.009386193007,0.007426635362,-0.0001946512202,0.001072098035,1
0.009386193007,0.007283471059,-1.915727989e-05,0.0009778703097,1
0.009386193007,0.007140307222,-2.18487512e-05,0.0008584682946,1
0.009386193007,0.006997142918,-0.000501927163,0.0008318641339,1
0.009386193007,0.006853979081,-0.0003683370596,0.0009378513205,1
0.009386193007,0.006710814778,-0.0003163676593,0.001157383318,1
0.009386193007,0.00656765094,-0.0003341837728,0.001214010525,1
0.009386193007,0.006424486637,-0.0004221930867,0.0008268931997,1
0.009386193007,0.0062813228,-0.0004036788596,0.001115323394,1
0.009386193007,0.006138158496,-0.0002028818853,0.001306737075,1
0.009386193007,0.005994994659,3.21321204e-05,0.001170724281,1
0.009386193007,0.005851830821,-0.0001395487052,0.0007651855121,3
0.009386193007,0.005708666518,-0.0001315974951,0.0007609494496,1
0.009386193007,0.005565502681,-9.450453945e-05,0.0008910900215,2
0.009386193007,0.005422338378,-8.188960055e-05,0.0009368787287,2
0.009386193007,0.00527917454,-4.539142174e-05,0.0009403677541,1
0.009386193007,0.005136010237,-2.217644214e-05,0.0009934504051,1
0.009386193007,0.0049928464,-7.782801549e-05,0.0013239244,2
0.009386193007,0.004849682096,0.000141740762,0.001544907223,1
0.009386193007,0.004706518259,0.000106292071,0.001907983795,1
0.009386193007,0.004563353956,3.100671529e-05,0.0009788151365,1
0.009386193007,0.004420190118,2.20028287e-05,0.0006991514238,1
0.009386193007,0.004277025815,2.651639079e-05,0.001014332287,1
0.009386193007,0.004133861978,-0.0001881836797,0.0009967488004,1
0.009386193007,0.00399069814,-1.885917118e-05,0.001239427249,1
0.009386193007,0.003847533837,0.0001746311609,0.0009363010176,1
0.009386193007,0.003704369767,0.0003098437446,0.0008170245565,1
0.009386193007,0.003561205696,0.0002327094844,0.0008443564293,1
0.009386193007,0.003418041626,0.0002482667333,0.0008245857316,1
0.009386193007,0.003274877556,0.0002541985887,0.0007639674004,1
0.009386193007,0.003131713718,0.0003301031247,0.0007200887776,1
0.009386193007,0.002988549648,0.0004113819159,0.0006106877699,1
0.009386193007,0.002845385578,0.0003193649463,0.0004650203336,1
0.009386193007,0.002702221507,0.0003028640349,0.000552824873,1
0.009386193007,0.002559057437,0.0004950511502,0.0006774177891,1
0.009386193007,0.002415893367,0.0005175044644,0.001065652003,1
0.009386193007,0.002272729296,0.0004138151999,0.001230070018,1
0.009386193007,0.002129565226,0.0003616196045,0.001355095184,1
0.009386193007,0.001986401156,0.00022103831,0.001324618468,1
0.009386193007,0.001843237202,0.0004368431983,0.001505872235,1
0.009386193007,0.001700073131,0.0007008741377,0.0009520567837,1
0.009386193007,0.001556909061,0.0003353288339,0.001243266743,1
0.009386193007,0.001413744991,0.0003947108344,0.001220759354,1
0.009386193007,0.00127058092,0.0007620254764,0.0009478233987,1
0.009386193007,0.00112741685,0.0007699481212,0.0009592443821,1
0.009386193007,0.0009842528962,0.0007241416024,0.001002467237,1
0.009386193007,0.0008410888258,0.0006455664407,0.0007606851286,1
0.009386193007,0.0006979247555,0.000541163492,0.0007670032792,1
0.009386193007,0.0005547606852,0.0005926023005,0.001024003839,1
0.009386193007,0.000411596644,0.000568145304,0.001066134078,1
0.009386193007,0.0002684326028,0.0003368009056,0.0007532103918,1
0.009386193007,0.000125268547,0.0003207905684,0.000564528862,1
0.009529356845,0.01916608773,-0.00247399928,-2.915487858e-05,1
0.009529356845,0.01902292296,-0.002702134661,0.0005553208757,1
0.009529356845,0.01887976006,-0.002668832429,0.0003114242863,1
0.009529356845,0.01873659529,-0.002928840695,0.0004776730202,1
0.009529356845,0.01859343052,-0.002885887166,0.000806278782,1
0.009529356845,0.01845026761,-0.002794857835,0.00116917002,2
0.009529356845,0.01830710284,-0.002654239535,0.001535866875,1
0.009529356845,0.01816393808,-0.002632013988,0.001294363989,1
0.009529356845,0.01802077517,-0.002558479318,0.0008767176187,1
0.009529356845,0.0178776104,-0.002654423239,0.001309971092,1
0.009529356845,0.01773444749,-0.002518157708,0.0013883434,1
0.009529356845,0.01759128273,-0.002370899776,0.001420633751,1
0.009529356845,0.01744811796,-0.002301890869,0.001624345081,1
0.009529356845,0.01730495505,-0.002514203312,0.001555515337,1
0.009529356845,0.01716179028,-0.001904659672,0.002464593388,1
0.009529356845,0.01701862738,-0.001987726893,0.001973873004,1
0.009529356845,0.01687546261,-0.0019758048,0.002120094374,1
0.009529356845,0.01673229784,-0.002156558214,0.002077034675,1
0.009529356845,0.01658913493,-0.002281924011,0.002154120477,1
0.009529356845,0.01644597016,-0.002480229596,0.002336930949,1
0.009529356845,0.01630280726,-0.002217911417,0.002644214546,1
0.009529356845,0.01615964249,-0.002188786166,0.002864327747,1
0.009529356845,0.01601647772,-0.002157725627,0.00264150789,1
0.009529356845,0.01587331481,-0.002047951333,0.002597045852,1
0.009529356845,0.01573015004,-0.001851304318,0.002484589349,1
0.009529356845,0.01558698621,-0.00163231988,0.002476706635,1
0.009529356845,0.01544382237,-0.001712988364,0.002164885402,1
0.009529356845,0.0153006576,-0.001686973497,0.002221403643,2
0.009529356845,0.01515749376,-0.001772925025,0.002419647295,1
0.009529356845,0.01501432993,-0.001563610975,0.001982866554,1
0.009529356845,0.01487116609,-0.001711433055,0.002249446465,1
0.009529356845,0.01472800132,-0.001799367135,0.002327825641,1
0.009529356845,0.01458483748,-0.001772858319,0.002236390952,1
0.009529356845,0.01444167364,-0.001699611079,0.002403149148,1
0.009529356845,0.01429850981,-0.001163292327,0.002525880467,1
0.009529356845,0.01415534597,-0.0011816076,0.002055808203,1
0.009529356845,0.0140121812,-0.0009425703902,0.00207899441,1
0.009529356845,0.01386901736,-0.0006268920843,0.002237446839,1
0.009529356845,0.01372585353,-0.0007453208091,0.001979271183,1
0.009529356845,0.01358268969,-0.0008161959704,0.001507341629,1
0.009529356845,0.01343952492,-0.0008306388627,0.001615529764,1
0.009529356845,0.01329636108,-0.0007541575469,0.001514794189,1
0.009529356845,0.01315319724,-0.0005475124926,0.00167401426,1
0.009529356845,0.01301003341,-0.0002368968853,0.001965384232,1
0.009529356845,0.01286686864,-0.0002256615553,0.001944244839,1
0.009529356845,0.0127237048,-0.0002421302925,0.001739028841,1
0.009529356845,0.01258054096,-0.0004597584775,0.001859621378,1
0.009529356845,0.01243737713,-0.0003686125274,0.001730662305,2
0.009529356845,0.01229421329,-0.0002848722506,0.001691376674,1
0.009529356845,0.01215104852,-0.0002709758992,0.001713480218,1
0.009529356845,0.01200788468,-0.000216756569,0.001778483856,1
0.009529356845,0.01186472084,-0.0002830134472,0.001645926037,1
0.009529356845,0.01172155701,-0.0002485100122,0.001618466107,1
0.009529356845,0.01157839224,-0.0001616752124,0.001569216955,1
0.009529356845,0.0114352284,0.0001352837717,0.001329619088,1
0.009529356845,0.01129206456,3.783098146e-05,0.001447597868,1
0.009529356845,0.01114890072,-0.0003465020563,0.001626075245,1
0.009529356845,0.01100573689,-0.0003340919793,0.001603517099,1
0.009529356845,0.01086257212,-0.0004202135315,0.001358703244,1
0.009529356845,0.01071940828,-0.0004294470127,0.001299918513,1
0.009529356845,0.01057624444,-0.0002469559258,0.001381505048,1
0.009529356845,0.01043308061,-0.0003108725359,0.001447727089,1
0.009529356845,0.01028991584,-0.0002668357629,0.001368832658,1
0.009529356845,0.010146752,-0.0003894141119,0.001498066355,1
0.009529356845,0.01000358816,-0.0007722639129,0.001633631298,1
0.009529356845,0.009860424325,-0.0004023586807,0.001498313504,1
0.009529356845,0.009717259556,-0.0003405168827,0.001409309334,1
0.009529356845,0.009574095719,-0.0002969181805,0.001193003613,1
0.009529356845,0.009430931881,-0.0002914039942,0.000840775203,1
0.009529356845,0.009287768044,-0.0004183885758,0.0008432248142,1
0.009529356845,0.009144604206,-0.0002282952191,0.0006597141619,1
0.009529356845,0.009001439437,-5.723392314e-05,0.0006261394592,1
0.009529356845,0.0088582756,-0.0002831263701,0.0008527787286,1
0.009529356845,0.008715111762,-0.0003057305876,0.0009431565995,1
0.009529356845,0.008571947925,-0.0002219275484,0.001292317407,1
0.009529356845,0.008428783156,-0.0003417905828,0.001317214919,1
0.009529356845,0.008285619318,-0.0003496073477,0.001128265169,1
0.009529356845,0.008142455481,-0.0002809657017,0.0008823538083,1
0.009529356845,0.007999291644,-0.000298009254,0.000805704738,1
0.009529356845,0.007856126875,-0.0003177212202,0.000830752193,1
0.009529356845,0.007712963037,-0.0002648934314,0.0008074896759,2
0.009529356845,0.0075697992,-8.472858462e-05,0.0008206817438,1
0.009529356845,0.007426635362,-4.574913419e-06,0.0008120056009,1
0.009529356845,0.007283471059,-9.635484457e-05,0.0009370413027,1
0.009529356845,0.007140307222,8.40126595e-05,0.001022674842,1
0.009529356845,0.006997142918,-0.0001681763824,0.0009452493396,1
0.009529356845,0.006853979081,-0.0002048664755,0.0009294995689,1
0.009529356845,0.006710814778,-0.0001432534482,0.001105290256,1
0.009529356845,0.00656765094,-9.776050138e-05,0.001197353704,1
0.009529356845,0.006424486637,-0.0004339318257,0.0008096022648,1
0.009529356845,0.0062813228,-0.0004140940728,0.001136050909,1
0.009529356845,0.006138158496,-0.0001386203367,0.00136775861,1
0.009529356845,0.005994994659,5.987801705e-05,0.001274178969,1
0.009529356845,0.005851830821,-9.158666944e-05,0.0005850412417,1
0.009529356845,0.005708666518,-7.634193753e-05,0.0009230228607,1
0.009529356845,0.005565502681,-4.433542563e-05,0.001197302714,1
0.009529356845,0.005422338378,-0.000125923325,0.001221433864,1
0.009529356845,0.00527917454,-0.000205022312,0.001118403161,1
0.009529356845,0.005136010237,-0.000196158755,0.001180368825,1
0.009529356845,0.0049928464,-0.0003611911379,0.001482825493,1
0.009529356845,0.004849682096,8.024639101e-05,0.001366494223,1
0.009529356845,0.004706518259,-3.449476935e-05,0.001951072481,1
0.009529356845,0.004563353956,0.0003694724292,0.001094507868,1
0.009529356845,0.004420190118,0.0001496827463,0.000874790363,1
0.009529356845,0.004277025815,-0.0003799792321,0.0007297766861,1
0.009529356845,0.004133861978,-0.0002604044857,0.001011003973,2
0.009529356845,0.00399069814,-0.0003333599598,0.0009221268701,3
0.009529356845,0.003847533837,0.0001509787398,0.0008294135332,1
0.009529356845,0.003704369767,0.0002880553657,0.0007694775122,1
0.009529356845,0.003561205696,0.0002115640964,0.0008331023855,1
0.009529356845,0.003418041626,0.0002142338344,0.0008429297595,1
0.009529356845,0.003274877556,0.0002472432388,0.0008897294756,1
0.009529356845,0.003131713718,0.0002843298134,0.0006787717575,1
0.009529356845,0.002988549648,0.0006682527019,0.000247968972,1
0.009529356845,0.002845385578,0.0002201937314,0.0004138770455,1
0.009529356845,0.002702221507,0.0001240717538,0.000737093389,1
0.009529356845,0.002559057437,0.0003718262597,0.0006361404667,1
0.009529356845,0.002415893367,0.0003873716632,0.0009924747283,1
0.009529356845,0.002272729296,0.0002308416297,0.001238703611,1
0.009529356845,0.002129565226,0.0002357606427,0.001431189477,1
0.009529356845,0.001986401156,0.0001262280566,0.001372186816,1
0.009529356845,0.001843237202,0.000454492867,0.001491126604,1
0.009529356845,0.001700073131,0.0007455839659,0.0009340004181,1
0.009529356845,0.001556909061,0.0006737987278,0.0008869244484,1
0.009529356845,0.001413744991,0.0007024624501,0.0008940841653,1
0.009529356845,0.00127058092,0.0006756703369,0.0008166475454,1
0.009529356845,0.00112741685,0.0008573697414,0.001060301089,1
0.009529356845,0.0009842528962,0.000821889902,0.001100393478,1
0.009529356845,0.0008410888258,0.0007830780814,0.0007998654619,1
0.009529356845,0.0006979247555,0.0005343181547,0.0008280235343,1
0.009529356845,0.0005547606852,0.0005076804664,0.0009610455018,1
0.009529356845,0.000411596644,0.001189669943,0.0008388338611,1
0.009529356845,0.0002684326028,0.0010500754,0.0006317132502,1
0.009529356845,0.000125268547,0.0002390963928,0.0005692362902,1
0.009672521614,0.01916608773,-0.002181038959,0.0005885909777,1
0.009672521614,0.01902292296,-0.002520581009,0.0005725288647,2
0.009672521614,0.01887976006,-0.002341743326,0.0004414716095,1
0.009672521614,0.01873659529,-0.002815981861,0.0006122964551,1
0.009672521614,0.01859343052,-0.002979235724,0.001241426799,1
0.009672521614,0.01845026761,-0.002782486845,0.001416090061,2
0.009672521614,0.01830710284,-0.002665072214,0.001680598129,1
0.009672521614,0.01816393808,-0.002500258386,0.001412856742,1
0.009672521614,0.01802077517,-0.002682565013,0.001359706162,1
0.009672521614,0.0178776104,-0.002765385201,0.001546994084,1
0.009672521614,0.01773444749,-0.002399029676,0.001617053524,1
0.009672521614,0.01759128273,-0.002029956086,0.001611773157,1
0.009672521614,0.01744811796,-0.002666219603,0.001865023281,1
0.009672521614,0.01730495505,-0.002679000609,0.002004457405,1
0.009672521614,0.01716179028,-0.002283177339,0.002503206953,2
0.009672521614,0.01701862738,-0.002146319719,0.002937394893,1
0.009672521614,0.01687546261,-0.002264133887,0.002541909693,1
0.009672521614,0.01673229784,-0.001818301156,0.002378730103,1
0.009672521614,0.01658913493,-0.002058615908,0.002488272265,1
0.009672521614,0.01644597016,-0.002365638735,0.002579660388,1
0.009672521614,0.01630280726,-0.002466880251,0.00233456702,1
0.009672521614,0.01615964249,-0.001877530944,0.002383908024,1
0.009672521614,0.01601647772,-0.00252564461,0.00223164144,1
0.009672521614,0.01587331481,-0.002539974637,0.002581130713,1
0.009672521614,0.01573015004,-0.002014855156,0.002589671407,1
0.009672521614,0.01558698621,-0.0017408852,0.002258771565,1
0.009672521614,0.01544382237,-0.001831747824,0.002311674412,1
0.009672521614,0.0153006576,-0.001611707034,0.002227244666,1
0.009672521614,0.01515749376,-0.001434221864,0.002244643169,1
0.009672521614,0.01501432993,-0.001558217104,0.001976544969,1
0.009672521614,0.01487116609,-0.001645879587,0.002111763461,1
0.009672521614,0.01472800132,-0.001735738362,0.002554649953,1
0.009672521614,0.01458483748,-0.001742526423,0.002527371747,1
0.009672521614,0.01444167364,-0.001565557555,0.00257378025,1
0.009672521614,0.01429850981,-0.000917322177,0.002686108463,1
0.009672521614,0.01415534597,-0.0006255675689,0.002257782966,1
0.009672521614,0.0140121812,-0.0007560846861,0.002271126257,2
0.009672521614,0.01386901736,-0.0005550889182,0.002455546055,1
0.009672521614,0.01372585353,-0.0004629246541,0.001564149163,1
0.009672521614,0.01358268969,-0.0006756483926,0.001759318868,1
0.009672521614,0.01343952492,-0.000585426169,0.001452934695,1
0.009672521614,0.01329636108,-0.0005627050996,0.001571504516,1
0.009672521614,0.01315319724,-0.0003905824851,0.001694484847,1
0.009672521614,0.01301003341,-7.224944056e-06,0.001965661999,1
0.009672521614,0.01286686864,0.0002259009198,0.002055778401,1
0.009672521614,0.0127237048,-0.0001156271028,0.001870718086,2
0.009672521614,0.01258054096,-0.0002100891288,0.001742563793,1
0.009672521614,0.01243737713,-0.0002438225638,0.001663493575,1
0.009672521614,0.01229421329,-0.0003511585528,0.001900713774,1
0.009672521614,0.01215104852,-0.0003611178545,0.001945786644,1
0.009672521614,0.01200788468,-0.0003764108696,0.001920630573,1
0.009672521614,0.01186472084,-0.0003667474375,0.001665274729,1
0.009672521614,0.01172155701,-0.0002865653951,0.00153479015,1
0.009672521614,0.01157839224,-7.638682291e-05,0.00175741862,1
0.009672521614,0.0114352284,-0.0001673603256,0.001538426382,1
0.009672521614,0.01129206456,2.376688144e-06,0.001618289272,1
0.009672521614,0.01114890072,-0.0003181200591,0.001595456153,1
0.009672521614,0.01100573689,-0.0003295252391,0.001554071205,1
0.009672521614,0.01086257212,-0.0003971493861,0.001479552127,2
0.009672521614,0.01071940828,-0.0003151601704,0.001289451378,1
0.009672521614,0.01057624444,-0.0002242371265,0.001009543892,1
0.009672521614,0.01043308061,-0.0005601729499,0.001580012497,1
0.009672521614,0.01028991584,-0.0004290328361,0.001579357544,1
0.009672521614,0.010146752,-0.0004229909391,0.001414097846,1
0.009672521614,0.01000358816,-0.0005091153434,0.001418656204,1
0.009672521614,0.009860424325,-0.0004544941185,0.00148592412,1
0.009672521614,0.009717259556,-0.000256651052,0.001164359855,1
0.009672521614,0.009574095719,-0.0004171622568,0.0008912310004,1
0.009672521614,0.009430931881,-0.0004459063348,0.0007373749395,1
0.009672521614,0.009287768044,-0.0003702055546,0.0008067289018,1
0.009672521614,0.009144604206,-0.0001512210729,0.0008219321026,1
0.009672521614,0.009001439437,-0.0001683664013,0.0008647540817,1
0.009672521614,0.0088582756,-0.0002580167493,0.0009709001752,1
0.009672521614,0.008715111762,-0.0003342530108,0.0009525668574,1
0.009672521614,0.008571947925,-0.0004919050843,0.001162096625,1
0.009672521614,0.008428783156,-0.0004175629874,0.001163078705,2
0.009672521614,0.008285619318,-0.0003250170266,0.001090497244,2
0.009672521614,0.008142455481,-0.0002728967811,0.0009267606074,1
0.009672521614,0.007999291644,-0.0002780545037,0.0009580590413,1
0.009672521614,0.007856126875,-0.0002468960884,0.0009180093184,1
0.009672521614,0.007712963037,-0.0003326499136,0.0007793352124,1
0.009672521614,0.0075697992,-0.0002969042689,0.001063602278,2
0.009672521614,0.007426635362,-0.000592703931,0.00170045218,1
0.009672521614,0.007283471059,-0.0003040045558,0.001347850659,2
0.009672521614,0.007140307222,-0.0002350819268,0.001551332301,1
0.009672521614,0.006997142918,-0.0002718825417,0.001553512062,1
0.009672521614,0.006853979081,-0.0001464301604,0.00117025082,2
0.009672521614,0.006710814778,8.582030569e-05,0.001069953432,1
0.009672521614,0.00656765094,-8.670740499e-05,0.0009137876914,1
0.009672521614,0.006424486637,-0.0003060421441,0.0008909620228,1
0.009672521614,0.0062813228,0.0001510698639,0.001543651684,1
0.009672521614,0.006138158496,9.268928989e-05,0.001526115579,1
0.009672521614,0.005994994659,-3.334713711e-06,0.001347515732,1
0.009672521614,0.005851830821,-0.0001041642245,0.001043084427,1
0.009672521614,0.005708666518,-0.0001118664295,0.001106512267,1
0.009672521614,0.005565502681,-0.0003441565495,0.00107620412,1
0.009672521614,0.005422338378,-0.0002800506772,0.001038547605,1
0.009672521614,0.00527917454,-0.0001890667918,0.001062924275,1
0.009672521614,0.005136010237,-0.0001571297762,0.0009923371254,1
0.009672521614,0.0049928464,-0.0002561206638,0.001087914221,1
0.009672521614,0.004849682096,-0.0001745391492,0.001173841069,1
0.009672521614,0.004706518259,5.067054371e-05,0.001005167142,1
0.009672521614,0.004563353956,0.0002430216118,0.00102123979,2
0.009672521614,0.004420190118,0.0003655943146,0.0009241082589,1
0.009672521614,0.004277025815,-0.0002397299104,0.0007325754268,1
0.009672521614,0.004133861978,-0.0001400951005,0.001395363477,1
0.009672521614,0.00399069814,-0.0002697105811,0.001220621401,1
0.009672521614,0.003847533837,0.0001799586607,0.0009305643034,1
0.009672521614,0.003704369767,0.0001951990853,0.0008886956493,1
0.009672521614,0.003561205696,0.000106179963,0.0008986772737,1
0.009672521614,0.003418041626,4.733624519e-05,0.0009501265013,1
0.009672521614,0.003274877556,0.000213437801,0.000986719504,1
0.009672521614,0.003131713718,0.0003443696769,0.0006676505436,2
0.009672521614,0.002988549648,0.0005755584571,-5.603098543e-05,1
0.009672521614,0.002845385578,0.0003637746267,0.0002923514985,2
0.009672521614,0.002702221507,0.0004010689736,0.0005043012789,2
0.009672521614,0.002559057437,0.0007870131521,0.0006090642419,1
0.009672521614,0.002415893367,0.000401874946,0.0008829935687,1
0.009672521614,0.002272729296,0.0001824305364,0.001033620094,1
0.009672521614,0.002129565226,-0.0002648844966,0.001319024013,1
0.009672521614,0.001986401156,0.0008063938585,0.001347400597,1
0.009672521614,0.001843237202,0.000596396625,0.0009238536004,1
0.009672521614,0.001700073131,0.0009256353369,0.0006155103329,1
0.009672521614,0.001556909061,0.0008138232515,0.0006599277258,1
0.009672521614,0.001413744991,0.0007324743783,0.0007388922386,1
0.009672521614,0.00127058092,0.0006412524963,0.0007890642155,1
0.009672521614,0.00112741685,0.0006767096347,0.0009810957126,1
0.009672521614,0.0009842528962,0.0005817650817,0.0008804916288,1
0.009672521614,0.0008410888258,0.000489755359,0.0007358188741,1
0.009672521614,0.0006979247555,0.0004367437214,0.0008607530617,1
0.009672521614,0.0005547606852,0.0007718690322,0.0007998765795,2
0.009672521614,0.000411596644,0.001399442088,0.0005386602716,1
0.009672521614,0.0002684326028,0.001215554774,0.0005494501675,1
0.009672521614,0.000125268547,0.001066024182,0.0007953663589,1
0.009815685451,0.01916608773,-0.002142282901,0.0003556235461,1
0.009815685451,0.01902292296,-0.002857407089,0.0007047320832,1
0.009815685451,0.01887976006,-0.00222877902,0.0008142153965,1
0.009815685451,0.01873659529,-0.002615015488,0.001138134394,1
0.009815685451,0.01859343052,-0.002891206183,0.001663006842,1
0.009815685451,0.01845026761,-0.002690782305,0.001573165064,1
0.009815685451,0.01830710284,-0.002130790148,0.001703471062,1
0.009815685451,0.01816393808,-0.002298597479,0.001500295708,1
0.009815685451,0.01802077517,-0.002649344038,0.001676540938,1
0.009815685451,0.0178776104,-0.002710593864,0.001814319519,1
0.009815685451,0.01773444749,-0.002329683397,0.001988240052,1
0.009815685451,0.01759128273,-0.002134012291,0.002063647611,1
0.009815685451,0.01744811796,-0.002431011293,0.002308660187,2
0.009815685451,0.01730495505,-0.002518383088,0.002425530693,2
0.009815685451,0.01716179028,-0.00240272982,0.002606381662,2
0.009815685451,0.01701862738,-0.002245126758,0.002895168029,2
0.009815685451,0.01687546261,-0.002197306138,0.0028691974,2
0.009815685451,0.01673229784,-0.002078086371,0.002593200188,1
0.009815685451,0.01658913493,-0.00220141164,0.002684593666,1
0.009815685451,0.01644597016,-0.00241277297,0.002740290482,1
0.009815685451,0.01630280726,-0.002151651075,0.002492594533,1
0.009815685451,0.01615964249,-0.002266074996,0.00236508809,1
0.009815685451,0.01601647772,-0.002654248616,0.002385446336,1
0.009815685451,0.01587331481,-0.002700854791,0.002725595143,1
0.009815685451,0.01573015004,-0.00211263122,0.0025772308,1
0.009815685451,0.01558698621,-0.001690441975,0.002226137789,1
0.009815685451,0.01544382237,-0.001817771932,0.002473525237,1
0.009815685451,0.0153006576,-0.001532150665,0.002429313492,1
0.009815685451,0.01515749376,-0.001390133984,0.002401988022,1
0.009815685451,0.01501432993,-0.001692630118,0.002558351727,1
0.009815685451,0.01487116609,-0.001726167859,0.002453863155,1
0.009815685451,0.01472800132,-0.00119816896,0.002402230632,1
0.009815685451,0.01458483748,-0.001313383458,0.002585172653,1
0.009815685451,0.01444167364,-0.001165730529,0.002626155503,1
0.009815685451,0.01429850981,-0.001256220043,0.002551059937,1
0.009815685451,0.01415534597,-0.001202841522,0.002141578123,1
0.009815685451,0.0140121812,-0.0009011118673,0.002292181365,1
0.009815685451,0.01386901736,-0.0008893396589,0.002627908951,1
0.009815685451,0.01372585353,-0.0007314154063,0.001960439142,1
0.009815685451,0.01358268969,-0.0006922582979,0.001890517771,1
0.009815685451,0.01343952492,-0.0006718068034,0.001928591635,1
0.009815685451,0.01329636108,-0.0006889596116,0.002158545656,1
0.009815685451,0.01315319724,-0.0004055446188,0.001867312589,1
0.009815685451,0.01301003341,-6.517652764e-06,0.00204564305,1
0.009815685451,0.01286686864,0.0001549806038,0.002171151806,1
0.009815685451,0.0127237048,-0.0002361898951,0.001945501543,2
0.009815685451,0.01258054096,-0.0005883108824,0.001811758149,1
0.009815685451,0.01243737713,-0.0003693136678,0.001682516304,1
0.009815685451,0.01229421329,-0.0004411733535,0.00196187594,1
0.009815685451,0.01215104852,-0.0004628666211,0.002017085906,1
0.009815685451,0.01200788468,-0.0003416583058,0.001937803463,1
0.009815685451,0.01186472084,-0.0002617437858,0.001686607953,1
0.009815685451,0.01172155701,-0.0001570629538,0.001541646314,1
0.009815685451,0.01157839224,-6.177323667e-05,0.001572347595,1
0.009815685451,0.0114352284,-6.56834236e-05,0.001606581965,2
0.009815685451,0.01129206456,7.038054173e-05,0.001664799638,1
0.009815685451,0.01114890072,-0.000338602491,0.00167354627,1
0.009815685451,0.01100573689,-0.0004136113275,0.001726374845,1
0.009815685451,0.01086257212,-0.0005236986326,0.001715982682,1
0.009815685451,0.01071940828,-0.000558855827,0.001823212137,1
0.009815685451,0.01057624444,-0.000159344665,0.001204331522,1
0.009815685451,0.01043308061,-0.0006195189781,0.001703564776,1
0.009815685451,0.01028991584,-0.0007236297824,0.001937814639,1
0.009815685451,0.010146752,-0.0004683317966,0.001487508998,1
0.009815685451,0.01000358816,-0.0004785353958,0.001445128,1
0.009815685451,0.009860424325,-0.0004822482588,0.001560079982,1
0.009815685451,0.009717259556,-0.0003234343021,0.001150063938,1
0.009815685451,0.009574095719,-0.000519203255,0.001134246588,1
0.009815685451,0.009430931881,-0.0004632577766,0.0007400174509,1
0.009815685451,0.009287768044,-0.0003760879626,0.000900404295,1
0.009815685451,0.009144604206,-0.0002690185502,0.001061911462,2
0.009815685451,0.009001439437,-0.0002821908856,0.001221179147,1
0.009815685451,0.0088582756,-0.0002804823453,0.001086901408,1
0.009815685451,0.008715111762,-0.0002247364173,0.000919981976,1
0.009815685451,0.008571947925,-0.000248081109,0.001001752331,1
0.009815685451,0.008428783156,-0.0005115392269,0.001082506031,1
0.009815685451,0.008285619318,-0.0002600010484,0.001143884379,1
0.009815685451,0.008142455481,-0.0003894238907,0.001226629945,1
0.009815685451,0.007999291644,-4.650260234e-05,0.001308115199,3
0.009815685451,0.007856126875,-0.0002821933595,0.0006945646019,1
0.009815685451,0.007712963037,5.497134771e-05,0.0008854660555,1
0.009815685451,0.0075697992,-0.0001775345881,0.0009539400344,1
0.009815685451,0.007426635362,-0.0003989350807,0.001407503616,1
0.009815685451,0.007283471059,-0.0002918775717,0.001202576794,1
0.009815685451,0.007140307222,-0.0002443378035,0.001293592155,1
0.009815685451,0.006997142918,-0.0002274688886,0.001437314088,1
0.009815685451,0.006853979081,-0.0001947919518,0.001128038159,2
0.009815685451,0.006710814778,-0.0001898775517,0.0007720281137,1
0.009815685451,0.00656765094,-0.0002364408429,0.0007650699117,1
0.009815685451,0.006424486637,-0.000276546285,0.0007911034045,1
0.009815685451,0.0062813228,-1.055984194e-05,0.001305921236,1
0.009815685451,0.006138158496,7.916671893e-05,0.001577576855,1
0.009815685451,0.005994994659,-0.0004000048793,0.00125710119,3
0.009815685451,0.005851830821,-7.249663759e-05,0.001130487304,1
0.009815685451,0.005708666518,-7.093590102e-05,0.001181092928,1
0.009815685451,0.005565502681,-0.0001394769643,0.001203459455,1
0.009815685451,0.005422338378,-0.0001953265892,0.001134351711,1
0.009815685451,0.00527917454,-0.000134476446,0.001099134563,1
0.009815685451,0.005136010237,-9.441764269e-05,0.001104198862,1
0.009815685451,0.0049928464,-0.0001481257641,0.00113549619,1
0.009815685451,0.004849682096,-4.533911488e-05,0.001089896541,1
0.009815685451,0.004706518259,7.60809271e-05,0.001025969628,1
0.009815685451,0.004563353956,0.0001863491925,0.001061175717,2
0.009815685451,0.004420190118,0.0002935493249,0.001183285262,2
0.009815685451,0.004277025815,0.000670163543,0.001784146298,1
0.009815685451,0.004133861978,-7.479790384e-06,0.001249620575,1
0.009815685451,0.00399069814,-0.0002407381835,0.001212844159,1
0.009815685451,0.003847533837,6.342149572e-05,0.001125543844,1
0.009815685451,0.003704369767,0.0001654654625,0.0009749979363,1
0.009815685451,0.003561205696,0.0001032693108,0.0009488744545,1
0.009815685451,0.003418041626,0.000103333412,0.0009880496655,1
0.009815685451,0.003274877556,0.0003564337676,0.001007768675,1
0.009815685451,0.003131713718,0.0003041526361,0.00106114184,1
0.009815685451,0.002988549648,0.0002076685632,0.0006685341941,1
0.009815685451,0.002845385578,0.0002582772868,0.0003072586551,2
0.009815685451,0.002702221507,0.0003294164198,0.0003786959569,2
0.009815685451,0.002559057437,0.0005134831881,0.0007208315656,2
0.009815685451,0.002415893367,0.0006129574031,0.001343470882,1
0.009815685451,0.002272729296,0.0003384937299,0.001136738691,2
0.009815685451,0.002129565226,0.0002374158794,0.001161724213,2
0.009815685451,0.001986401156,0.0005215628771,0.001135436003,2
0.009815685451,0.001843237202,0.0005320263444,0.0009621614008,1
0.009815685451,0.001700073131,0.0006652005832,0.0008026875439,1
0.009815685451,0.001556909061,0.0006071720272,0.0007243295549,1
0.009815685451,0.001413744991,0.0003836913384,0.0007955354522,1
0.009815685451,0.00127058092,0.0005666823126,0.0006347055896,1
0.009815685451,0.00112741685,0.0006567458622,0.000857197505,1
0.009815685451,0.0009842528962,0.0005911563057,0.0008140503196,1
0.009815685451,0.0008410888258,0.0004848570097,0.0008471158799,1
0.009815685451,0.0006979247555,0.0006544297794,0.0008947819588,1
0.009815685451,0.0005547606852,0.0007436099695,0.0008390474832,1
0.009815685451,0.000411596644,0.0009566968074,0.000756836962,2
0.009815685451,0.0002684326028,0.0009044606704,0.0007874642033,2
0.009815685451,0.000125268547,0.0007222740678,0.0009596830932,1
0.009958849289,0.01916608773,-0.00212716125,0.0005826589768,1
0.009958849289,0.01902292296,-0.002536000218,0.001452823053,1
0.009958849289,0.01887976006,-0.002304757945,0.001273281756,1
0.009958849289,0.01873659529,-0.002404443221,0.001312578795,1
0.009958849289,0.01859343052,-0.002663279884,0.001705805655,1
0.009958849289,0.01845026761,-0.002409572247,0.001799450722,1
0.009958849289,0.01830710284,-0.00247907103,0.001884452184,1
0.009958849289,0.01816393808,-0.002454452449,0.001968076685,1
0.009958849289,0.01802077517,-0.002265627496,0.002025519032,1
0.009958849289,0.0178776104,-0.002140564378,0.002248313511,1
0.009958849289,0.01773444749,-0.002207707148,0.002498671412,1
0.009958849289,0.01759128273,-0.002181158634,0.002595823724,1
0.009958849289,0.01744811796,-0.002405429957,0.002880439628,1
0.009958849289,0.01730495505,-0.00256078993,0.002782623051,1
0.009958849289,0.01716179028,-0.002564232331,0.002601620741,1
0.009958849289,0.01701862738,-0.002234151121,0.00316769816,1
0.009958849289,0.01687546261,-0.002201877767,0.003446511459,1
0.009958849289,0.01673229784,-0.002512956038,0.002809357597,1
0.009958849289,0.01658913493,-0.002527517267,0.002778268419,1
0.009958849289,0.01644597016,-0.002303750254,0.002676054835,1
0.009958849289,0.01630280726,-0.002249829704,0.002421229146,1
0.009958849289,0.01615964249,-0.002277886262,0.00248704222,1
0.009958849289,0.01601647772,-0.002313570119,0.002672819421,1
0.009958849289,0.01587331481,-0.002251880243,0.00284543517,1
0.009958849289,0.01573015004,-0.00204556575,0.002736274153,1
0.009958849289,0.01558698621,-0.001817486715,0.00235783658,1
0.009958849289,0.01544382237,-0.001721859793,0.002347741975,1
0.009958849289,0.0153006576,-0.001606820384,0.002736941678,1
0.009958849289,0.01515749376,-0.001600966672,0.002670316724,1
0.009958849289,0.01501432993,-0.001613662229,0.002518076915,1
0.009958849289,0.01487116609,-0.001544698374,0.002414700342,1
0.009958849289,0.01472800132,-0.001283941325,0.002337478567,1
0.009958849289,0.01458483748,-0.001070494996,0.002179957926,1
0.009958849289,0.01444167364,-0.0009682665695,0.002568256808,1
0.009958849289,0.01429850981,-0.0010471805,0.00245286664,1
0.009958849289,0.01415534597,-0.0009532635449,0.002206938341,1
0.009958849289,0.0140121812,-0.000852626632,0.002333788434,1
0.009958849289,0.01386901736,-0.0009780240944,0.002695645904,1
0.009958849289,0.01372585353,-0.000496172288,0.002207095968,1
0.009958849289,0.01358268969,-0.0006717766519,0.002087178407,1
0.009958849289,0.01343952492,-0.000715996488,0.002131687012,1
0.009958849289,0.01329636108,-0.000643704494,0.002248635283,1
0.009958849289,0.01315319724,-0.000578173378,0.002234996296,1
0.009958849289,0.01301003341,-0.0006090711686,0.002141122706,1
0.009958849289,0.01286686864,-0.0003432282538,0.002586101415,1
0.009958849289,0.0127237048,-0.0003958021989,0.001928377897,1
0.009958849289,0.01258054096,-0.0004397395824,0.001854049508,1
0.009958849289,0.01243737713,-0.0007645881851,0.001877555042,1
0.009958849289,0.01229421329,-0.0006933385739,0.00168102514,1
0.009958849289,0.01215104852,-0.0005224323249,0.001802149578,1
0.009958849289,0.01200788468,-0.000283567002,0.001895487192,1
0.009958849289,0.01186472084,-0.0002023563429,0.001775599085,1
0.009958849289,0.01172155701,-0.0001095482803,0.001689645112,1
0.009958849289,0.01157839224,-5.151324149e-05,0.001690729521,1
0.009958849289,0.0114352284,-0.0001039806739,0.001650754246,2
0.009958849289,0.01129206456,-0.0001767716167,0.001436121529,1
0.009958849289,0.01114890072,-9.000035789e-06,0.001762601314,1
0.009958849289,0.01100573689,-0.0002430217137,0.001829867717,1
0.009958849289,0.01086257212,-0.0005817721249,0.001826473745,1
0.009958849289,0.01071940828,-0.0006261005183,0.001938308473,1
0.009958849289,0.01057624444,-0.0003986900265,0.001496346667,1
0.009958849289,0.01043308061,-0.0005263986532,0.00163396704,1
0.009958849289,0.01028991584,-0.0006689822767,0.002075808821,1
0.009958849289,0.010146752,-0.0004741912708,0.001853347407,1
0.009958849289,0.01000358816,-0.0005073319771,0.001830595545,1
0.009958849289,0.009860424325,-0.0005491240299,0.001589381718,1
0.009958849289,0.009717259556,-0.0004178525123,0.001381699461,1
0.009958849289,0.009574095719,-0.0004500911164,0.001610757899,1
0.009958849289,0.009430931881,-0.0004626745067,0.0012806335,1
0.009958849289,0.009287768044,-0.0003232765303,0.001239057863,1
0.009958849289,0.009144604206,-0.0002665742941,0.001304130186,1
0.009958849289,0.009001439437,-0.0001843709615,0.001348721096,1
0.009958849289,0.0088582756,-0.0002251827391,0.00121789088,1
0.009958849289,0.008715111762,-0.0001690526406,0.0009773422498,1
0.009958849289,0.008571947925,-0.0001533076575,0.001066862838,1
0.009958849289,0.008428783156,-0.0004715690447,0.001177014085,1
0.009958849289,0.008285619318,-0.0002205384371,0.001255860203,1
0.009958849289,0.008142455481,-0.0003539494646,0.001357024652,1
0.009958849289,0.007999291644,-0.0006520077586,0.001473222277,1
0.009958849289,0.007856126875,-0.0002409616282,0.001572256326,1
0.009958849289,0.007712963037,8.465015526e-06,0.00103597343,1
0.009958849289,0.0075697992,-0.0003081961477,0.001193723292,1
0.009958849289,0.007426635362,-0.0004362700856,0.001426377799,1
0.009958849289,0.007283471059,-0.0002162981837,0.001208259957,1
0.009958849289,0.007140307222,-0.0001881044154,0.001375409774,1
0.009958849289,0.006997142918,-0.0002235749707,0.001342023024,1
0.009958849289,0.006853979081,-0.0002153912064,0.001132559497,1
0.009958849289,0.006710814778,-0.0001851124252,0.001039852039,1
0.009958849289,0.00656765094,-0.0001682014117,0.0008048354648,1
0.009958849289,0.006424486637,-0.000102883525,0.000801957678,1
0.009958849289,0.0062813228,-0.0001968572178,0.001162576256,1
0.009958849289,0.006138158496,-0.0001486690016,0.001385369571,1
0.009958849289,0.005994994659,-0.0001560327655,0.001299072872,2
0.009958849289,0.005851830821,-2.189011866e-05,0.001480364008,1
0.009958849289,0.005708666518,-0.0001368427766,0.001201745821,1
0.009958849289,0.005565502681,-0.0001011145287,0.001215211465,1
0.009958849289,0.005422338378,-6.11047144e-05,0.001209364971,1
0.009958849289,0.00527917454,-0.0001130300152,0.001268275664,1
0.009958849289,0.005136010237,-5.382069867e-05,0.001304774545,1
0.009958849289,0.0049928464,-1.293289006e-05,0.001299709082,1
0.009958849289,0.004849682096,1.588059058e-05,0.001109307981,1
0.009958849289,0.004706518259,0.0001022727738,0.001040615025,1
0.009958849289,0.004563353956,0.000132744899,0.001014208305,2
0.009958849289,0.004420190118,-4.790977619e-05,0.000963710947,1
0.009958849289,0.004277025815,0.0003349847393,0.001178039005,2
0.009958849289,0.004133861978,0.0002389907022,0.001051242347,1
0.009958849289,0.00399069814,0.0001683001756,0.001131413039,1
0.009958849289,0.003847533837,0.0001185346191,0.001156472135,1
0.009958849289,0.003704369767,1.826512562e-05,0.00133116811,1
0.009958849289,0.003561205696,0.0004820261674,0.0009172876598,1
0.009958849289,0.003418041626,0.0004381047911,0.0009600663907,1
0.009958849289,0.003274877556,0.0002693415154,0.0008756226161,1
0.009958849289,0.003131713718,8.655068814e-05,0.0007517082267,1
0.009958849289,0.002988549648,-4.990432353e-05,0.0006794854417,1
0.009958849289,0.002845385578,0.0001322495518,-0.0001105469782,1
0.009958849289,0.002702221507,0.0001448362455,-1.760775558e-05,1
0.009958849289,0.002559057437,0.0003245458938,0.0005520952982,2
0.009958849289,0.002415893367,0.000255883584,0.0008570415084,1
0.009958849289,0.002272729296,0.0003211710718,0.001008139341,2
0.009958849289,0.002129565226,0.0003544914653,0.001055698376,2
0.009958849289,0.001986401156,0.0005104152951,0.00107045786,1
0.009958849289,0.001843237202,0.0004702026199,0.001093510422,1
0.009958849289,0.001700073131,0.0003759340325,0.00104274496,1
0.009958849289,0.001556909061,0.0002924271103,0.0009837050457,1
0.009958849289,0.001413744991,0.0003300200624,0.0008641402237,2
0.009958849289,0.00127058092,0.0004300017608,0.001026744023,1
0.009958849289,0.00112741685,0.0006248208811,0.0007801108877,1
0.009958849289,0.0009842528962,0.0006187005201,0.0008020292153,1
0.009958849289,0.0008410888258,0.0008946018061,0.0008734187577,1
0.009958849289,0.0006979247555,0.0007833146956,0.0009109006496,1
0.009958849289,0.0005547606852,0.0007367581129,0.0008839283255,1
0.009958849289,0.000411596644,0.0007792745018,0.0008621758316,2
0.009958849289,0.0002684326028,0.0007233169163,0.0008838865324,2
0.009958849289,0.000125268547,0.0004004022048,0.0009953266708,1
0.01010201313,0.01916608773,-0.002362253144,0.001424416783,1
0.01010201313,0.01902292296,-0.002344703767,0.001812805189,2
0.01010201313,0.01887976006,-0.002260251204,0.001625477686,1
0.01010201313,0.01873659529,-0.00233581732,0.001608968712,1
0.01010201313,0.01859343052,-0.002550904173,0.001946375123,1
0.01010201313,0.01845026761,-0.00254221959,0.002080667065,1
0.01010201313,0.01830710284,-0.002564937808,0.002207930433,1
0.01010201313,0.01816393808,-0.002438723808,0.002461281838,1
0.01010201313,0.01802077517,-0.002362223109,0.002575212391,1
0.01010201313,0.0178776104,-0.002345351037,0.002599265426,3
0.01010201313,0.01773444749,-0.002048738999,0.002704703948,1
0.01010201313,0.01759128273,-0.002052479191,0.002774868626,1
0.01010201313,0.01744811796,-0.002349878429,0.003052674467,1
0.01010201313,0.01730495505,-0.002499975264,0.002958424157,1
0.01010201313,0.01716179028,-0.002455119742,0.00304670725,1
0.01010201313,0.01701862738,-0.002376460703,0.002860493492,1
0.01010201313,0.01687546261,-0.002300761407,0.003150216537,1
0.01010201313,0.01673229784,-0.002305035247,0.003124538809,1
0.01010201313,0.01658913493,-0.00253056013,0.00303891534,1
0.01010201313,0.01644597016,-0.002341196407,0.002852266887,1
0.01010201313,0.01630280726,-0.002150397981,0.002610530704,1
0.01010201313,0.01615964249,-0.002173475455,0.002573777689,1
0.01010201313,0.01601647772,-0.002368474146,0.002824798925,2
0.01010201313,0.01587331481,-0.002517034533,0.003038896481,1
0.01010201313,0.01573015004,-0.002340837847,0.002908243565,1
0.01010201313,0.01558698621,-0.00202890113,0.002577601001,1
0.01010201313,0.01544382237,-0.001744173001,0.002600308508,1
0.01010201313,0.0153006576,-0.001650507911,0.00288004498,1
0.01010201313,0.01515749376,-0.001762631699,0.002792926505,1
0.01010201313,0.01501432993,-0.001691759098,0.002637486905,1
0.01010201313,0.01487116609,-0.001513215946,0.002303376328,1
0.01010201313,0.01472800132,-0.00119187776,0.002453184687,1
0.01010201313,0.01458483748,-0.001014755922,0.002578956541,1
0.01010201313,0.01444167364,-0.001182661974,0.00256465259,1
0.01010201313,0.01429850981,-0.00088830397,0.00219395943,1
0.01010201313,0.01415534597,-0.0008978609112,0.00223500072,1
0.01010201313,0.0140121812,-0.0009922757745,0.002734806156,1
0.01010201313,0.01386901736,-0.001049772138,0.002236052649,1
0.01010201313,0.01372585353,-0.0008492217166,0.001982864691,1
0.01010201313,0.01358268969,-0.0008122016443,0.002091184258,1
0.01010201313,0.01343952492,-0.001036164467,0.002196444198,1
0.01010201313,0.01329636108,-0.0009181250934,0.002197538503,1
0.01010201313,0.01315319724,-0.0006867781631,0.002312608063,1
0.01010201313,0.01301003341,-0.0007435489679,0.002271449426,1
0.01010201313,0.01286686864,-0.001070798025,0.002256201813,1
0.01010201313,0.0127237048,-0.0006245232071,0.002159026451,1
0.01010201313,0.01258054096,-0.0005172312958,0.002058073645,1
0.01010201313,0.01243737713,-0.0006601423374,0.002005814807,1
0.01010201313,0.01229421329,-0.0005964449374,0.00175358227,1
0.01010201313,0.01215104852,-0.0002645113273,0.002012301004,1
0.01010201313,0.01200788468,-0.0001903751545,0.002029554686,1
0.01010201313,0.01186472084,-0.0002581107838,0.001908943756,1
0.01010201313,0.01172155701,-0.0001772423711,0.001858068397,1
0.01010201313,0.01157839224,-0.0001313418616,0.001892066794,1
0.01010201313,0.0114352284,-0.000121954421,0.001869583852,1
0.01010201313,0.01129206456,-0.0002180145966,0.001383333467,1
0.01010201313,0.01114890072,0.0002718053292,0.001593860448,1
0.01010201313,0.01100573689,0.0002916488447,0.001836839831,1
0.01010201313,0.01086257212,-0.0004797206784,0.001821927843,1
0.01010201313,0.01071940828,-0.0004367659276,0.001712694298,1
0.01010201313,0.01057624444,-0.000319376064,0.001643369207,1
0.01010201313,0.01043308061,-0.0003130963887,0.001661546179,1
0.01010201313,0.01028991584,-0.0003776809317,0.001715885941,1
0.01010201313,0.010146752,-0.0004333329853,0.001966875512,1
0.01010201313,0.01000358816,-0.0004545167321,0.001941010705,1
0.01010201313,0.009860424325,-0.0004194464709,0.001628813683,1
0.01010201313,0.009717259556,-0.0003893686226,0.001192793949,1
0.01010201313,0.009574095719,-0.0003499615996,0.001158515457,1
0.01010201313,0.009430931881,-0.0003666262201,0.001371589373,2
0.01010201313,0.009287768044,-0.0003214544267,0.001375917345,1
0.01010201313,0.009144604206,-0.0002897825325,0.001347823767,1
0.01010201313,0.009001439437,-0.0001031727661,0.001450959826,1
0.01010201313,0.0088582756,-9.357385716e-05,0.001384741976,1
0.01010201313,0.008715111762,-0.0001250915229,0.0007901625358,1
0.01010201313,0.008571947925,-0.0001882187353,0.001534514362,1
0.01010201313,0.008428783156,-0.0001593052584,0.001513226191,1
0.01010201313,0.008285619318,-0.000162726792,0.001525438507,1
0.01010201313,0.008142455481,-0.000195299217,0.001196853002,1
0.01010201313,0.007999291644,-0.000192959109,0.001174502191,1
0.01010201313,0.007856126875,-0.0001933567546,0.001525707776,1
0.01010201313,0.007712963037,-0.0001855919108,0.001397994114,1
0.01010201313,0.0075697992,-0.0003810975177,0.001353548723,1
0.01010201313,0.007426635362,-0.0004092805029,0.001372400438,1
0.01010201313,0.007283471059,-0.0006157052703,0.0014322598,1
0.01010201313,0.007140307222,-0.00010945143,0.001724617206,1
0.01010201313,0.006997142918,-0.00023694837,0.001200406114,1
0.01010201313,0.006853979081,-0.0001782471954,0.001104233321,1
0.01010201313,0.006710814778,-4.530953811e-05,0.001117200358,1
0.01010201313,0.00656765094,-0.0001048062768,0.0009332703194,1
0.01010201313,0.006424486637,-6.329639291e-05,0.00087354274,1
0.01010201313,0.0062813228,-4.223004726e-05,0.0009400154231,1
0.01010201313,0.006138158496,-2.839402623e-05,0.0009620134369,1
0.01010201313,0.005994994659,-5.356710244e-05,0.001073456369,2
0.01010201313,0.005851830821,3.524771819e-05,0.001256232266,1
0.01010201313,0.005708666518,-0.000190714185,0.001220543985,1
0.01010201313,0.005565502681,-0.0001792277326,0.001177220838,1
0.01010201313,0.005422338378,-0.0001546809654,0.001388216391,1
0.01010201313,0.00527917454,-0.0001639607653,0.001478516147,1
0.01010201313,0.005136010237,-7.02845573e-05,0.001438437263,1
0.01010201313,0.0049928464,2.850927376e-05,0.001421090798,1
0.01010201313,0.004849682096,-2.009397758e-05,0.001274922513,1
0.01010201313,0.004706518259,0.0001160812462,0.0007685775636,1
0.01010201313,0.004563353956,0.0002902674023,0.000991331297,2
0.01010201313,0.004420190118,0.0003341716947,0.0009822483407,2
0.01010201313,0.004277025815,0.0004786944774,0.0009130564285,1
0.01010201313,0.004133861978,0.0001474366873,0.001196285011,1
0.01010201313,0.00399069814,0.0001287424238,0.001224428182,1
0.01010201313,0.003847533837,0.0001276772964,0.001182760228,1
0.01010201313,0.003704369767,9.029211651e-05,0.0009168845718,1
0.01010201313,0.003561205696,0.000273075595,0.000900930725,1
0.01010201313,0.003418041626,0.0005444680573,0.000959521858,1
0.01010201313,0.003274877556,0.0003130427795,0.0008314535953,1
0.01010201313,0.003131713718,0.0002405804844,0.0007609238382,1
0.01010201313,0.002988549648,0.0001076988337,0.0007286399486,1
0.01010201313,0.002845385578,0.00021028427,0.0004844239738,2
0.01010201313,0.002702221507,0.0001389021199,0.0007427621167,1
0.01010201313,0.002559057437,0.0003839805722,0.0006481157616,1
0.01010201313,0.002415893367,0.000338148413,0.0008191181696,1
0.01010201313,0.002272729296,0.0003358155664,0.0009830788476,1
0.01010201313,0.002129565226,0.000348963571,0.0009824719746,1
0.01010201313,0.001986401156,0.0004477378388,0.00108214654,1
0.01010201313,0.001843237202,0.0004813915293,0.001080222661,1
0.01010201313,0.001700073131,0.0003993988503,0.001180351363,1
0.01010201313,0.001556909061,0.000122231635,0.001366508193,1
0.01010201313,0.001413744991,0.0002139601711,0.0006505764904,1
0.01010201313,0.00127058092,0.0004963772371,0.000841847097,2
0.01010201313,0.00112741685,0.0007072603912,0.0008518819232,1
0.01010201313,0.0009842528962,0.0006892647943,0.000846817391,1
0.01010201313,0.0008410888258,0.0009064868791,0.0008669300587,1
0.01010201313,0.0006979247555,0.0008069215692,0.00087052054,1
0.01010201313,0.0005547606852,0.000630543218,0.0009546717629,1
0.01010201313,0.000411596644,0.000700326229,0.0009240515647,2
0.01010201313,0.0002684326028,0.0008091303753,0.0008905793657,1
0.01010201313,0.000125268547,0.0006124409265,0.0009438447305,1
0.01024517696,0.01916608773,-0.00226651039,0.002581683919,1
0.01024517696,0.01902292296,-0.002220310038,0.002748503117,1
0.01024517696,0.01887976006,-0.002416008851,0.002114895498,1
0.01024517696,0.01873659529,-0.002426584251,0.002156730974,1
0.01024517696,0.01859343052,-0.002359865932,0.002285316586,1
0.01024517696,0.01845026761,-0.002517144196,0.002477878937,1
0.01024517696,0.01830710284,-0.002512512729,0.002581672743,1
0.01024517696,0.01816393808,-0.002476260765,0.002819559537,1
0.01024517696,0.01802077517,-0.002411355264,0.002779429778,1
0.01024517696,0.0178776104,-0.002209593542,0.002776748966,1
0.01024517696,0.01773444749,-0.001958817244,0.00298400363,1
0.01024517696,0.01759128273,-0.00199135975,0.003014947986,1
0.01024517696,0.01744811796,-0.002289160155,0.003092413535,1
0.01024517696,0.01730495505,-0.002639415441,0.003309730208,1
0.01024517696,0.01716179028,-0.002390792128,0.002607785864,1
0.01024517696,0.01701862738,-0.002354973229,0.002542143222,1
0.01024517696,0.01687546261,-0.002359165344,0.002861757297,1
0.01024517696,0.01673229784,-0.002359444508,0.002767367754,1
0.01024517696,0.01658913493,-0.002373873023,0.002580479486,1
0.01024517696,0.01644597016,-0.00220566988,0.002948927227,1
0.01024517696,0.01630280726,-0.001830222667,0.003039211035,1
0.01024517696,0.01615964249,-0.002118838252,0.002679851837,1
0.01024517696,0.01601647772,-0.002469816711,0.003013701644,2
0.01024517696,0.01587331481,-0.002925382927,0.003268171102,1
0.01024517696,0.01573015004,-0.002759451512,0.002995502669,1
0.01024517696,0.01558698621,-0.002311780583,0.002708352637,1
0.01024517696,0.01544382237,-0.001940119895,0.002787282458,1
0.01024517696,0.0153006576,-0.001788571593,0.002841837006,1
0.01024517696,0.01515749376,-0.002021347638,0.002868666314,1
0.01024517696,0.01501432993,-0.002112134825,0.002869966673,1
0.01024517696,0.01487116609,-0.002244117903,0.002815466607,1
0.01024517696,0.01472800132,-0.001518942998,0.002646220848,1
0.01024517696,0.01458483748,-0.001444061985,0.002825503005,1
0.01024517696,0.01444167364,-0.001635779045,0.002632607706,1
0.01024517696,0.01429850981,-0.001040583244,0.002049139934,1
0.01024517696,0.01415534597,-0.001291949884,0.00223998609,1
0.01024517696,0.0140121812,-0.001356773777,0.002443906618,2
0.01024517696,0.01386901736,-0.001585984835,0.002260991139,1
0.01024517696,0.01372585353,-0.001225268352,0.002075663069,1
0.01024517696,0.01358268969,-0.0009531964897,0.002162168501,1
0.01024517696,0.01343952492,-0.001079326728,0.002180278068,1
0.01024517696,0.01329636108,-0.0009973958367,0.002202106873,1
0.01024517696,0.01315319724,-0.0007512652082,0.002412919886,1
0.01024517696,0.01301003341,-0.0004756058624,0.002252499107,1
0.01024517696,0.01286686864,-0.001183046261,0.002309415722,1
0.01024517696,0.0127237048,-0.0009278993239,0.002662966494,1
0.01024517696,0.01258054096,-0.0007636520313,0.002678835765,1
0.01024517696,0.01243737713,-0.0001492648589,0.002221261151,1
0.01024517696,0.01229421329,0.0004095975892,0.002370453672,1
0.01024517696,0.01215104852,-4.832342165e-05,0.002299871994,1
0.01024517696,0.01200788468,-4.511560473e-05,0.002327769063,1
0.01024517696,0.01186472084,-0.0002473710338,0.00205053133,1
0.01024517696,0.01172155701,-0.0001391520491,0.002048999304,1
0.01024517696,0.01157839224,-9.202349611e-05,0.002094473457,1
0.01024517696,0.0114352284,-0.0001459329214,0.002022191416,1
0.01024517696,0.01129206456,-0.0002284109796,0.001882086974,1
0.01024517696,0.01114890072,-0.0001566549763,0.002038591541,1
0.01024517696,0.01100573689,-6.780467083e-05,0.001895529917,1
0.01024517696,0.01086257212,-8.865861219e-07,0.001780769206,1
0.01024517696,0.01071940828,-0.0001630982733,0.001709263073,1
0.01024517696,0.01057624444,-0.0002520650742,0.001642501913,1
0.01024517696,0.01043308061,-0.0002905948786,0.00164513546,1
0.01024517696,0.01028991584,-0.0003872684902,0.001682245755,1
0.01024517696,0.010146752,-0.0004918465274,0.001772532589,1
0.01024517696,0.01000358816,-0.000494323147,0.001741519198,1
0.01024517696,0.009860424325,-0.0005727494718,0.001903900527,1
0.01024517696,0.009717259556,-0.0002899268584,0.001851498033,1
0.01024517696,0.009574095719,-0.0002628327929,0.001917014597,1
0.01024517696,0.009430931881,-0.0003324143181,0.001671291073,2
0.01024517696,0.009287768044,-0.0003660122165,0.001530154026,1
0.01024517696,0.009144604206,-0.0003323010169,0.001389526646,1
0.01024517696,0.009001439437,-0.0003993040882,0.00138451613,1
0.01024517696,0.0088582756,-0.0004102660168,0.001331529231,1
0.01024517696,0.008715111762,-7.448333054e-05,0.001193546341,1
0.01024517696,0.008571947925,-5.762120054e-05,0.001382629038,1
0.01024517696,0.008428783156,-0.0001316095149,0.001608513412,1
0.01024517696,0.008285619318,-0.0001306614577,0.001605350641,1
0.01024517696,0.008142455481,-0.0001496539335,0.001437351457,1
0.01024517696,0.007999291644,-0.0002260494075,0.001456220052,1
0.01024517696,0.007856126875,-0.0002783850941,0.001515943441,1
0.01024517696,0.007712963037,-5.795586912e-05,0.001585371676,1
0.01024517696,0.0075697992,-9.877241246e-05,0.001441596192,1
0.01024517696,0.007426635362,-0.000209089354,0.001324153389,1
0.01024517696,0.007283471059,-0.0005803413806,0.001471820637,1
0.01024517696,0.007140307222,-0.0003970348625,0.001436583581,1
0.01024517696,0.006997142918,-0.0002547487384,0.00116922392,1
0.01024517696,0.006853979081,-0.0001993555343,0.001146240858,1
0.01024517696,0.006710814778,-0.0001453346194,0.001219637226,1
0.01024517696,0.00656765094,-0.0002303000947,0.001255779061,1
0.01024517696,0.006424486637,-5.300968041e-05,0.001266179257,1
0.01024517696,0.0062813228,-3.998406828e-05,0.001096281339,1
0.01024517696,0.006138158496,-4.171386536e-05,0.0009764741408,1
0.01024517696,0.005994994659,-6.508933438e-05,0.0007765071932,1
0.01024517696,0.005851830821,-0.0004052561708,0.00137902284,3
0.01024517696,0.005708666518,-0.0002027253213,0.001418030006,1
0.01024517696,0.005565502681,-0.0001604285062,0.00130265113,1
0.01024517696,0.005422338378,-0.0001548912842,0.001355152577,1
0.01024517696,0.00527917454,-4.448353866e-05,0.001331288368,1
0.01024517696,0.005136010237,4.841047848e-05,0.001394238439,1
0.01024517696,0.0049928464,-0.0001405453368,0.001353210304,1
0.01024517696,0.004849682096,-9.164536459e-05,0.001359370421,1
0.01024517696,0.004706518259,0.0002034592908,0.001190685318,2
0.01024517696,0.004563353956,0.0005780718056,0.001200291095,1
0.01024517696,0.004420190118,0.0006156346062,0.001060894807,1
0.01024517696,0.004277025815,7.251944771e-05,0.001150869881,1
0.01024517696,0.004133861978,-0.0001134757986,0.001287183492,1
0.01024517696,0.00399069814,1.778410115e-05,0.001513553667,1
0.01024517696,0.003847533837,0.0001127755968,0.001288088155,1
0.01024517696,0.003704369767,0.0001131456811,0.0009472095408,1
0.01024517696,0.003561205696,0.0002163050958,0.0009072799585,1
0.01024517696,0.003418041626,0.0007163598202,0.001472651842,1
0.01024517696,0.003274877556,0.0004212088534,0.001299767639,2
0.01024517696,0.003131713718,5.894424612e-05,0.001513522002,1
0.01024517696,0.002988549648,0.0001460830972,0.000739094743,1
0.01024517696,0.002845385578,0.0004622865818,0.0005768408882,1
0.01024517696,0.002702221507,0.0005149118369,0.000625154411,1
0.01024517696,0.002559057437,0.0004338666913,0.000688348955,1
0.01024517696,0.002415893367,0.0004271641374,0.0008197515272,1
0.01024517696,0.002272729296,0.0004313238314,0.000917915313,1
0.01024517696,0.002129565226,0.000427253457,0.0009517616127,1
0.01024517696,0.001986401156,0.0002592548262,0.001044073259,1
0.01024517696,0.001843237202,0.0005717240856,0.0009621094796,1
0.01024517696,0.001700073131,0.000564018439,0.001169859199,1
0.01024517696,0.001556909061,0.0005098571419,0.001325250138,1
0.01024517696,0.001413744991,0.0003247630084,0.0008392612217,1
0.01024517696,0.00127058092,0.0006342866109,0.0008381857187,1
0.01024517696,0.00112741685,0.0007294438547,0.0008694198914,1
0.01024517696,0.0009842528962,0.0008436049684,0.0008676628349,1
0.01024517696,0.0008410888258,0.0007683442673,0.0009713568725,1
0.01024517696,0.0006979247555,0.0007091859006,0.001056121662,2
0.01024517696,0.0005547606852,0.0005058656097,0.0009906985797,2
0.01024517696,0.000411596644,0.000582356879,0.0009887792403,1
0.01024517696,0.0002684326028,0.0007440461195,0.0007029561093,1
0.01024517696,0.000125268547,0.0005920252297,0.0005902094999,1
0.01038834173,0.01916608773,-0.002189371735,0.002534471452,1
0.01038834173,0.01902292296,-0.0024650665,0.002451043809,1
0.01038834173,0.01887976006,-0.002580141649,0.002468037186,1
0.01038834173,0.01873659529,-0.002246579854,0.002389018657,1
0.01038834173,0.01859343052,-0.002396122552,0.002170015359,1
0.01038834173,0.01845026761,-0.002358541824,0.00266258535,1
0.01038834173,0.01830710284,-0.002528189914,0.002849174663,2
0.01038834173,0.01816393808,-0.002728301566,0.002908042166,1
0.01038834173,0.01802077517,-0.002418583492,0.00296066422,1
0.01038834173,0.0178776104,-0.002278075088,0.003004458034,1
0.01038834173,0.01773444749,-0.001932876999,0.003245698055,1
0.01038834173,0.01759128273,-0.001993649174,0.003802905325,1
0.01038834173,0.01744811796,-0.002199286595,0.003260184545,1
0.01038834173,0.01730495505,-0.002286830917,0.003104107687,1
0.01038834173,0.01716179028,-0.002394357929,0.002295122249,1
0.01038834173,0.01701862738,-0.002274048747,0.002319855383,1
0.01038834173,0.01687546261,-0.002361928346,0.002543745562,2
0.01038834173,0.01673229784,-0.002359366743,0.002294749953,1
0.01038834173,0.01658913493,-0.002300910885,0.002339642262,1
0.01038834173,0.01644597016,-0.002076086588,0.002899124753,1
0.01038834173,0.01630280726,-0.002004672308,0.002904901048,1
0.01038834173,0.01615964249,-0.002333634067,0.003271838417,1
0.01038834173,0.01601647772,-0.002466571983,0.003281984711,1
0.01038834173,0.01587331481,-0.002432766603,0.003147518495,1
0.01038834173,0.01573015004,-0.002382984618,0.003067286452,1
0.01038834173,0.01558698621,-0.002363593318,0.002910902724,1
0.01038834173,0.01544382237,-0.002242131392,0.002797413617,1
0.01038834173,0.0153006576,-0.001716532628,0.002728826599,1
0.01038834173,0.01515749376,-0.002084671287,0.002950250637,1
0.01038834173,0.01501432993,-0.002200820483,0.002954479074,1
0.01038834173,0.01487116609,-0.00224616332,0.002607576782,1
0.01038834173,0.01472800132,-0.001852826099,0.003245210741,1
0.01038834173,0.01458483748,-0.001678617788,0.002838997636,1
0.01038834173,0.01444167364,-0.001571672852,0.002612272976,1
0.01038834173,0.01429850981,-0.001860965276,0.002408556407,1
0.01038834173,0.01415534597,-0.001529298956,0.002515017521,1
0.01038834173,0.0140121812,-0.00155688473,0.002539843321,2
0.01038834173,0.01386901736,-0.001666313154,0.002410114044,1
0.01038834173,0.01372585353,-0.001484875334,0.00237163878,1
0.01038834173,0.01358268969,-0.001110970625,0.002441242337,1
0.01038834173,0.01343952492,-0.001048135455,0.002297213534,1
0.01038834173,0.01329636108,-0.0009961393662,0.00225997786,1
0.01038834173,0.01315319724,-0.0009478214197,0.002389771165,1
0.01038834173,0.01301003341,-0.0008565998287,0.002408375964,1
0.01038834173,0.01286686864,-0.0006607673713,0.002231794642,1
0.01038834173,0.0127237048,-0.000786317396,0.002762430813,1
0.01038834173,0.01258054096,-0.0007360143936,0.002904984402,1
0.01038834173,0.01243737713,-0.0007791036624,0.002986266976,1
0.01038834173,0.01229421329,7.839493628e-05,0.002538910136,1
0.01038834173,0.01215104852,-5.349175626e-05,0.002481356496,1
0.01038834173,0.01200788468,-0.0001724176109,0.002290911041,1
0.01038834173,0.01186472084,-0.0002653027186,0.002261055401,1
0.01038834173,0.01172155701,0.0001116778949,0.002196616959,1
0.01038834173,0.01157839224,-1.082031213e-05,0.002237752546,1
0.01038834173,0.0114352284,-0.0001392375998,0.002186014084,1
0.01038834173,0.01129206456,-0.0003432722006,0.002119675977,1
0.01038834173,0.01114890072,-0.0003063693002,0.002264288953,1
0.01038834173,0.01100573689,-0.0001051476502,0.002134802518,1
0.01038834173,0.01086257212,6.771230255e-05,0.00185565732,1
0.01038834173,0.01071940828,-7.549924339e-05,0.001949048834,1
0.01038834173,0.01057624444,-0.0001905824465,0.00178447098,1
0.01038834173,0.01043308061,-0.0003066019563,0.001736917999,1
0.01038834173,0.01028991584,-0.0006915992126,0.001523780869,1
0.01038834173,0.010146752,-0.0005544492742,0.001671917969,1
0.01038834173,0.01000358816,-0.0008606911288,0.001339184702,1
0.01038834173,0.009860424325,-0.0008159545832,0.001374908723,1
0.01038834173,0.009717259556,-0.000314278208,0.001971394289,1
0.01038834173,0.009574095719,-0.0002940541599,0.002013222314,1
0.01038834173,0.009430931881,-0.000334186072,0.001866406063,1
0.01038834173,0.009287768044,-0.0003261070233,0.001852370566,1
0.01038834173,0.009144604206,-0.0002650193637,0.001634128392,1
0.01038834173,0.009001439437,-0.0002436074283,0.001441723085,1
0.01038834173,0.0088582756,-0.0002809521393,0.001425407943,1
0.01038834173,0.008715111762,-0.0001053868837,0.001308039762,1
0.01038834173,0.008571947925,-0.000111241563,0.001314487308,1
0.01038834173,0.008428783156,-0.0003470960364,0.00156876503,1
0.01038834173,0.008285619318,-0.0001490903815,0.001496716985,1
0.01038834173,0.008142455481,-0.0001446300885,0.001606824924,1
0.01038834173,0.007999291644,-0.0002464415156,0.001650647959,1
0.01038834173,0.007856126875,-0.0001770361996,0.001499807229,1
0.01038834173,0.007712963037,-5.89875126e-05,0.001475294703,1
0.01038834173,0.0075697992,0.0001052343214,0.001755776233,1
0.01038834173,0.007426635362,-0.0001210825867,0.001049468527,1
0.01038834173,0.007283471059,-0.0003280840465,0.001325329416,1
0.01038834173,0.007140307222,-0.0003478552972,0.001305151265,1
0.01038834173,0.006997142918,-0.0003032760287,0.001272548456,1
0.01038834173,0.006853979081,-0.0002479892573,0.00122902717,1
0.01038834173,0.006710814778,-0.0002024413552,0.001409539604,1
0.01038834173,0.00656765094,-0.0001659407426,0.001442042645,1
0.01038834173,0.006424486637,-0.0001077383567,0.001384371542,1
0.01038834173,0.0062813228,-0.0001149178279,0.001357155154,1
0.01038834173,0.006138158496,-0.0001131482713,0.001157266204,1
0.01038834173,0.005994994659,-9.114545537e-05,0.0009933862602,1
0.01038834173,0.005851830821,-0.0005194490077,0.001633956213,1
0.01038834173,0.005708666518,-0.0002902433043,0.001510754693,1
0.01038834173,0.005565502681,-0.0002092599898,0.001380940783,1
0.01038834173,0.005422338378,-0.0001095146581,0.001458920771,1
0.01038834173,0.00527917454,3.435097096e-05,0.001431480632,1
0.01038834173,0.005136010237,2.290974953e-05,0.001501219929,1
0.01038834173,0.0049928464,-0.000147120154,0.001530943788,1
0.01038834173,0.004849682096,-2.130773828e-05,0.001325744437,1
0.01038834173,0.004706518259,0.0002113294613,0.001434502308,1
0.01038834173,0.004563353956,0.0001876316819,0.001414471772,1
0.01038834173,0.004420190118,0.0003008138156,0.001502365922,1
0.01038834173,0.004277025815,-9.934501577e-05,0.001409895718,1
0.01038834173,0.004133861978,-0.0001449464617,0.001283922931,1
0.01038834173,0.00399069814,-0.0002124451566,0.001274529961,1
0.01038834173,0.003847533837,-0.0001279062417,0.001021396834,1
0.01038834173,0.003704369767,-0.0001125202907,0.0009154355503,1
0.01038834173,0.003561205696,0.0001819076715,0.001123644062,2
0.01038834173,0.003418041626,0.0004539181245,0.001321473625,1
0.01038834173,0.003274877556,0.0005964885931,0.001381442882,1
0.01038834173,0.003131713718,-0.0002688068489,0.001184553374,1
0.01038834173,0.002988549648,9.333070921e-05,0.0008005202981,1
0.01038834173,0.002845385578,0.0005104801385,0.0007539557992,1
0.01038834173,0.002702221507,0.0005392984021,0.0008052168414,1
0.01038834173,0.002559057437,0.0005577140255,0.0009178061737,1
0.01038834173,0.002415893367,0.0005079563125,0.0008234962006,1
0.01038834173,0.002272729296,0.0005018369993,0.0008593784296,1
0.01038834173,0.002129565226,0.0005199587904,0.0009203195223,1
0.01038834173,0.001986401156,0.0002861009561,0.001037792419,1
0.01038834173,0.001843237202,0.0005401009694,0.000966315798,1
0.01038834173,0.001700073131,0.0007076393813,0.0009647043771,1
0.01038834173,0.001556909061,0.0009052805253,0.000953489216,1
0.01038834173,0.001413744991,0.0009312202455,0.0009558929596,1
0.01038834173,0.00127058092,0.0007901869831,0.0009070758824,1
0.01038834173,0.00112741685,0.0009139011963,0.0009400055278,1
0.01038834173,0.0009842528962,0.001096174237,0.001166141592,1
0.01038834173,0.0008410888258,0.0008422241081,0.001397722517,1
0.01038834173,0.0006979247555,0.0007556120399,0.001391910599,1
0.01038834173,0.0005547606852,0.0001013765432,0.0009632218862,1
0.01038834173,0.000411596644,0.0005940934643,0.0008261711919,1
0.01038834173,0.0002684326028,0.0007056738832,0.0004959935904,1
0.01038834173,0.000125268547,0.0007717164699,0.0006465600454,2
0.01053150557,0.01916608773,-0.001919851755,0.002915650373,1
0.01053150557,0.01902292296,-0.002484634053,0.002659342019,1
0.01053150557,0.01887976006,-0.002700997982,0.002669706475,1
0.01053150557,0.01873659529,-0.002474581124,0.002672877163,2
0.01053150557,0.01859343052,-0.002429571468,0.002747120336,2
0.01053150557,0.01845026761,-0.002462644828,0.003088037251,1
0.01053150557,0.01830710284,-0.00251340447,0.00324439886,1
0.01053150557,0.01816393808,-0.002353793941,0.003353715641,1
0.01053150557,0.01802077517,-0.002345577115,0.003402044531,1
0.01053150557,0.0178776104,-0.002496917732,0.003265996929,1
0.01053150557,0.01773444749,-0.002351272153,0.003214239143,2
0.01053150557,0.01759128273,-0.002368381247,0.003270942485,2
0.01053150557,0.01744811796,-0.002488256665,0.00308107282,1
0.01053150557,0.01730495505,-0.002387680346,0.003107406199,2
0.01053150557,0.01716179028,-0.002429934917,0.003390477737,1
0.01053150557,0.01701862738,-0.002673978452,0.002445287071,1
0.01053150557,0.01687546261,-0.002455132315,0.002698619384,2
0.01053150557,0.01673229784,-0.002570891054,0.002887972398,1
0.01053150557,0.01658913493,-0.002476538997,0.003009947482,1
0.01053150557,0.01644597016,-0.002009581076,0.003221900901,1
0.01053150557,0.01630280726,-0.002053502714,0.003423474496,1
0.01053150557,0.01615964249,-0.002628696384,0.00348942983,1
0.01053150557,0.01601647772,-0.002675652737,0.003455932019,1
0.01053150557,0.01587331481,-0.002256654901,0.003274454735,1
0.01053150557,0.01573015004,-0.002153774258,0.003168781055,1
0.01053150557,0.01558698621,-0.002325546229,0.003002594458,1
0.01053150557,0.01544382237,-0.001981168985,0.00292772986,1
0.01053150557,0.0153006576,-0.001578645781,0.002972965594,1
0.01053150557,0.01515749376,-0.001914617373,0.002923819469,2
0.01053150557,0.01501432993,-0.002092693932,0.002536872867,1
0.01053150557,0.01487116609,-0.001976498635,0.002824407769,1
0.01053150557,0.01472800132,-0.002041367814,0.002912096912,1
0.01053150557,0.01458483748,-0.001914364635,0.002832957543,1
0.01053150557,0.01444167364,-0.001650862629,0.002906386973,1
0.01053150557,0.01429850981,-0.001583773643,0.002683775034,1
0.01053150557,0.01415534597,-0.001256919117,0.002791631967,1
0.01053150557,0.0140121812,-0.001675152918,0.002790334634,1
0.01053150557,0.01386901736,-0.0009253634489,0.002747051883,1
0.01053150557,0.01372585353,-0.000878004008,0.002614913974,1
0.01053150557,0.01358268969,-0.001367347199,0.002207949059,1
0.01053150557,0.01343952492,-0.00132139877,0.001991631929,1
0.01053150557,0.01329636108,-0.001041617012,0.002441749675,1
0.01053150557,0.01315319724,-0.0009761093534,0.002373595024,1
0.01053150557,0.01301003341,-0.0007971008308,0.002497613896,1
0.01053150557,0.01286686864,-0.0006538694142,0.002219250659,1
0.01053150557,0.0127237048,-0.0006178602343,0.002213426866,1
0.01053150557,0.01258054096,-0.0005191180971,0.002587196417,1
0.01053150557,0.01243737713,-0.0002854257473,0.0028641955,1
0.01053150557,0.01229421329,-0.0001239888079,0.002717930591,1
0.01053150557,0.01215104852,-0.0001338725851,0.00259045884,1
0.01053150557,0.01200788468,-0.000228866731,0.002402895596,1
0.01053150557,0.01186472084,-0.0002556680993,0.002358864993,1
0.01053150557,0.01172155701,0.0001115030318,0.001996234059,1
0.01053150557,0.01157839224,-0.0001292868546,0.001940947841,1
0.01053150557,0.0114352284,-0.0004568113072,0.001833081478,1
0.01053150557,0.01129206456,-0.0004806675715,0.00215020054,1
0.01053150557,0.01114890072,-0.0004011924611,0.00241800514,1
0.01053150557,0.01100573689,-0.0002860809036,0.002221098635,1
0.01053150557,0.01086257212,-2.049653631e-05,0.002164136618,1
0.01053150557,0.01071940828,-1.708772652e-05,0.002079126425,1
0.01053150557,0.01057624444,-0.0001671419595,0.002134842332,2
0.01053150557,0.01043308061,-0.0002801586234,0.001961345784,2
0.01053150557,0.01028991584,-0.0004803210322,0.002104503568,1
0.01053150557,0.010146752,-0.0005322447978,0.002004589653,1
0.01053150557,0.01000358816,-0.0009192919242,0.001336955116,1
0.01053150557,0.009860424325,-0.0008723995415,0.001581029268,1
0.01053150557,0.009717259556,-0.0005159543362,0.002037721686,1
0.01053150557,0.009574095719,-0.0002923374122,0.002046628157,1
0.01053150557,0.009430931881,-0.0003785883018,0.001860862249,1
0.01053150557,0.009287768044,-0.0003840552818,0.001872436958,1
0.01053150557,0.009144604206,-0.0002044780704,0.001727880444,1
0.01053150557,0.009001439437,0.0001285016479,0.001360300346,1
0.01053150557,0.0088582756,-0.0001731195225,0.001550859772,2
0.01053150557,0.008715111762,-0.0003674088803,0.00149842375,1
0.01053150557,0.008571947925,-0.0003637407499,0.001401204732,1
0.01053150557,0.008428783156,-0.0004604355199,0.001596987015,1
0.01053150557,0.008285619318,-0.0002041151893,0.001611410989,1
0.01053150557,0.008142455481,-0.0001493463642,0.001623637043,1
0.01053150557,0.007999291644,-0.0001039676572,0.001641126466,1
0.01053150557,0.007856126875,-0.0001028192055,0.001475490164,1
0.01053150557,0.007712963037,-3.912556349e-05,0.001493607764,1
0.01053150557,0.0075697992,-6.596262392e-05,0.001569224405,1
0.01053150557,0.007426635362,-0.0002300347114,0.002032232704,1
0.01053150557,0.007283471059,-0.0003339551913,0.001645247801,1
0.01053150557,0.007140307222,-0.0003161304339,0.001279644202,1
0.01053150557,0.006997142918,-0.0003019360884,0.00141268631,1
0.01053150557,0.006853979081,-0.0003129524994,0.001391717116,1
0.01053150557,0.006710814778,-0.0003148859541,0.001428589225,1
0.01053150557,0.00656765094,-0.0002692008857,0.001342078205,1
0.01053150557,0.006424486637,-0.000364262989,0.001775847166,1
0.01053150557,0.0062813228,-0.0002359285863,0.001920832321,1
0.01053150557,0.006138158496,-0.0001966630953,0.001665687771,1
0.01053150557,0.005994994659,-0.0002010468161,0.001298508607,1
0.01053150557,0.005851830821,5.900224551e-06,0.001322634867,1
0.01053150557,0.005708666518,0.0002899372485,0.001247076085,1
0.01053150557,0.005565502681,-4.078374332e-05,0.001368305297,1
0.01053150557,0.005422338378,-0.0001457956241,0.001481194748,1
0.01053150557,0.00527917454,3.327619561e-05,0.001439389889,1
0.01053150557,0.005136010237,-3.856518379e-05,0.001555212541,1
0.01053150557,0.0049928464,-0.0001250758651,0.001637257286,1
0.01053150557,0.004849682096,-1.208674007e-06,0.00158146047,1
0.01053150557,0.004706518259,0.0001341589523,0.001460214495,1
0.01053150557,0.004563353956,0.0001683866722,0.00166413351,1
0.01053150557,0.004420190118,0.000265835668,0.001774607459,1
0.01053150557,0.004277025815,0.0001525802945,0.00168210431,1
0.01053150557,0.004133861978,0.0001751340897,0.00156464125,1
0.01053150557,0.00399069814,0.0001939015638,0.001499612699,1
0.01053150557,0.003847533837,0.0001579191739,0.001375966123,1
0.01053150557,0.003704369767,0.0001296890696,0.001219970756,1
0.01053150557,0.003561205696,0.0001699277782,0.001350387465,2
0.01053150557,0.003418041626,0.0004153223126,0.001405375893,1
0.01053150557,0.003274877556,0.0007165027782,0.001374575659,1
0.01053150557,0.003131713718,0.001276904601,0.001071882201,1
0.01053150557,0.002988549648,0.0001749842777,0.001776621211,1
0.01053150557,0.002845385578,0.0004757242568,0.001516402932,1
0.01053150557,0.002702221507,0.000625016517,0.001231639879,1
0.01053150557,0.002559057437,0.0005128902267,0.001008605235,1
0.01053150557,0.002415893367,0.0005404914846,0.0008984625456,1
0.01053150557,0.002272729296,0.0006422725273,0.0009274982731,1
0.01053150557,0.002129565226,0.0007469045813,0.0009455104009,1
0.01053150557,0.001986401156,0.000404138118,0.001009170897,1
0.01053150557,0.001843237202,0.0005765029346,0.0009309219895,1
0.01053150557,0.001700073131,0.0008877416258,0.0009720196831,1
0.01053150557,0.001556909061,0.0009966042126,0.0009253502358,1
0.01053150557,0.001413744991,0.001000594115,0.0009326519212,1
0.01053150557,0.00127058092,0.0009704945842,0.0009625551756,1
0.01053150557,0.00112741685,0.001198944286,0.0009974751156,1
0.01053150557,0.0009842528962,0.001012042514,0.001198109589,2
0.01053150557,0.0008410888258,0.0007919507334,0.001482659136,1
0.01053150557,0.0006979247555,0.0006575063453,0.001396697015,1
0.01053150557,0.0005547606852,0.0008130806964,0.0005116921966,1
0.01053150557,0.000411596644,0.0007973267348,0.0003348831378,1
0.01053150557,0.0002684326028,0.0008847375284,0.0006158908363,2
0.01053150557,0.000125268547,0.001017450355,0.0008534769877,2
0.01067466941,0.01916608773,-0.002068764297,0.002753034467,2
0.01067466941,0.01902292296,-0.002519431058,0.002732513007,1
0.01067466941,0.01887976006,-0.002818716923,0.00272538024,1
0.01067466941,0.01873659529,-0.002521175193,0.002885663649,2
0.01067466941,0.01859343052,-0.002384937834,0.003057551337,2
0.01067466941,0.01845026761,-0.002460671822,0.003290947294,1
0.01067466941,0.01830710284,-0.002422421472,0.003433472477,1
0.01067466941,0.01816393808,-0.002342058346,0.003612455679,1
0.01067466941,0.01802077517,-0.002121561673,0.003629348706,1
0.01067466941,0.0178776104,-0.002141166478,0.003166085342,1
0.01067466941,0.01773444749,-0.002606912516,0.003074319335,1
0.01067466941,0.01759128273,-0.002640346996,0.002985552419,1
0.01067466941,0.01744811796,-0.002703085309,0.003002469195,1
0.01067466941,0.01730495505,-0.002345698886,0.002853965852,1
0.01067466941,0.01716179028,-0.002531593665,0.002849750919,1
0.01067466941,0.01701862738,-0.002699814504,0.002941377927,1
0.01067466941,0.01687546261,-0.002213731408,0.002917472273,2
0.01067466941,0.01673229784,-0.001581277116,0.00295023364,1
0.01067466941,0.01658913493,-0.002380597638,0.003243166022,1
0.01067466941,0.01644597016,-0.002171139,0.003269674489,1
0.01067466941,0.01630280726,-0.002252367558,0.003693558741,1
0.01067466941,0.01615964249,-0.002571892925,0.003956314176,1
0.01067466941,0.01601647772,-0.002599453088,0.003529260866,1
0.01067466941,0.01587331481,-0.002544022864,0.003445755923,1
0.01067466941,0.01573015004,-0.002408673521,0.003310526256,1
0.01067466941,0.01558698621,-0.002234241692,0.003189199837,1
0.01067466941,0.01544382237,-0.001682239701,0.003188358154,1
0.01067466941,0.0153006576,-0.001631117426,0.003161523957,1
0.01067466941,0.01515749376,-0.001902458724,0.003235189477,1
0.01067466941,0.01501432993,-0.002171953442,0.003148472169,1
0.01067466941,0.01487116609,-0.001918711234,0.002954918891,1
0.01067466941,0.01472800132,-0.002046650974,0.003027106868,1
0.01067466941,0.01458483748,-0.002043596236,0.002924141474,1
0.01067466941,0.01444167364,-0.001971923746,0.00276253745,1
0.01067466941,0.01429850981,-0.001600768184,0.002925137756,2
0.01067466941,0.01415534597,-0.001327371574,0.003081579227,2
0.01067466941,0.0140121812,-0.001176410238,0.003283509985,1
0.01067466941,0.01386901736,-0.0007436438464,0.003013318637,1
0.01067466941,0.01372585353,-0.0007579470985,0.002726030536,1
0.01067466941,0.01358268969,-0.001168414485,0.002627702663,1
0.01067466941,0.01343952492,-0.001088082325,0.002838423243,1
0.01067466941,0.01329636108,-0.0008265163633,0.003068226157,1
0.01067466941,0.01315319724,-0.0007282694569,0.002817846835,1
0.01067466941,0.01301003341,-0.0005877160002,0.002656355733,1
0.01067466941,0.01286686864,-0.0005442138063,0.002350345254,1
0.01067466941,0.0127237048,-0.0005473501515,0.002275496954,1
0.01067466941,0.01258054096,-0.000502107956,0.002604680834,1
0.01067466941,0.01243737713,-0.0002751552383,0.002907551359,1
0.01067466941,0.01229421329,-0.0002338929335,0.00279453164,1
0.01067466941,0.01215104852,-0.0004567275755,0.002660231199,1
0.01067466941,0.01200788468,-0.0002199976443,0.002482469194,1
0.01067466941,0.01186472084,-0.0002331957949,0.00249049929,1
0.01067466941,0.01172155701,-0.0003129539546,0.002648534486,1
0.01067466941,0.01157839224,-0.0001647874451,0.002213842468,1
0.01067466941,0.0114352284,-0.0005807242705,0.002055156045,1
0.01067466941,0.01129206456,-0.0006935844431,0.002317553153,1
0.01067466941,0.01114890072,-0.0004649443727,0.002356749494,1
0.01067466941,0.01100573689,-0.0001875024027,0.002164015779,1
0.01067466941,0.01086257212,-0.0001388502133,0.0022999465,1
0.01067466941,0.01071940828,-0.0001996137289,0.00232588849,1
0.01067466941,0.01057624444,-0.00018073908,0.002714425791,1
0.01067466941,0.01043308061,-0.0001665694581,0.001869118772,1
0.01067466941,0.01028991584,-0.0003700121888,0.00198135362,1
0.01067466941,0.010146752,-0.0005579356803,0.002187028294,1
0.01067466941,0.01000358816,-0.0006025919574,0.001845008694,1
0.01067466941,0.009860424325,-0.0005932766944,0.001847751439,1
0.01067466941,0.009717259556,-0.0004691722279,0.00204738602,1
0.01067466941,0.009574095719,-0.0002969698689,0.002043703105,1
0.01067466941,0.009430931881,-0.000365669257,0.001799036749,1
0.01067466941,0.009287768044,-0.0003776692611,0.001675934065,1
0.01067466941,0.009144604206,-0.0002007857693,0.001827168395,2
0.01067466941,0.009001439437,8.727110253e-05,0.002059557708,1
0.01067466941,0.0088582756,-0.0001726187038,0.001919307397,1
0.01067466941,0.008715111762,-0.0002466017613,0.001764801447,1
0.01067466941,0.008571947925,-0.000289456686,0.001626326353,1
0.01067466941,0.008428783156,-0.0002442284895,0.001586531755,1
0.01067466941,0.008285619318,-0.0002821098315,0.001802643412,1
0.01067466941,0.008142455481,-0.0002384678955,0.001818894641,1
0.01067466941,0.007999291644,4.868262113e-05,0.001327775884,1
0.01067466941,0.007856126875,-0.0001026568279,0.001451290562,1
0.01067466941,0.007712963037,-5.936399612e-05,0.001459077117,1
0.01067466941,0.0075697992,-0.0002377404599,0.00187651813,1
0.01067466941,0.007426635362,-0.0002728794061,0.002057840815,1
0.01067466941,0.007283471059,-0.0003265204432,0.001823249971,1
0.01067466941,0.007140307222,-0.0001971086022,0.001263981103,1
0.01067466941,0.006997142918,-0.000175430614,0.001225522952,1
0.01067466941,0.006853979081,-0.0002524043666,0.001594179892,1
0.01067466941,0.006710814778,-0.0002624204499,0.001642580843,1
0.01067466941,0.00656765094,-0.0004958212376,0.00163272256,1
0.01067466941,0.006424486637,-0.0003930751409,0.00189508975,1
0.01067466941,0.0062813228,-0.0002577038249,0.00214294903,1
0.01067466941,0.006138158496,-0.0002346546535,0.001958616311,1
0.01067466941,0.005994994659,-0.0002280484478,0.001751216245,1
0.01067466941,0.005851830821,-0.0004946261179,0.001588626299,1
0.01067466941,0.005708666518,-0.0001547036809,0.001511062845,1
0.01067466941,0.005565502681,0.0001308456121,0.001447907649,1
0.01067466941,0.005422338378,-4.755517875e-05,0.001440702588,2
0.01067466941,0.00527917454,-8.567877376e-05,0.001416316256,2
0.01067466941,0.005136010237,-0.0001186769878,0.001564891892,2
0.01067466941,0.0049928464,-7.373884728e-05,0.001918635913,1
0.01067466941,0.004849682096,-0.000188533566,0.001603496145,1
0.01067466941,0.004706518259,-5.968006371e-05,0.0014259913,1
0.01067466941,0.004563353956,0.000200413866,0.001747117494,1
0.01067466941,0.004420190118,0.0003699237423,0.001991170691,1
0.01067466941,0.004277025815,0.000267744239,0.0008285559015,1
0.01067466941,0.004133861978,0.0005497865495,0.00166932994,1
0.01067466941,0.00399069814,0.0004597218067,0.00156700646,1
0.01067466941,0.003847533837,0.0002140411962,0.001446484937,1
0.01067466941,0.003704369767,7.874084986e-05,0.00128775998,1
0.01067466941,0.003561205696,-4.720795914e-05,0.001652558683,1
0.01067466941,0.003418041626,0.0001116983622,0.001661139424,1
0.01067466941,0.003274877556,0.001192901167,0.001166118076,1
0.01067466941,0.003131713718,0.001112509752,0.00105757534,1
0.01067466941,0.002988549648,0.000430215121,0.001540999045,1
0.01067466941,0.002845385578,0.0003073006228,0.001201578532,1
0.01067466941,0.002702221507,0.0004364180495,0.0008800429059,1
0.01067466941,0.002559057437,0.000440146483,0.001099574496,1
0.01067466941,0.002415893367,0.00045428265,0.0009596244199,1
0.01067466941,0.002272729296,0.0005490708281,0.0009871958755,1
0.01067466941,0.002129565226,0.0005793820019,0.0009492831305,1
0.01067466941,0.001986401156,0.0006620876957,0.0007984960685,1
0.01067466941,0.001843237202,7.585613639e-05,0.0009942709003,1
0.01067466941,0.001700073131,0.0007990648737,0.001226083608,1
0.01067466941,0.001556909061,0.0008480752585,0.0007526135305,1
0.01067466941,0.001413744991,0.000869284675,0.0008300552727,1
0.01067466941,0.00127058092,0.0008594286046,0.0009749564342,2
0.01067466941,0.00112741685,0.0009740835521,0.001156089944,1
0.01067466941,0.0009842528962,0.000961100799,0.001146162278,1
0.01067466941,0.0008410888258,0.0009182046633,0.001033655601,1
0.01067466941,0.0006979247555,0.000825884752,0.001800971339,1
0.01067466941,0.0005547606852,0.0008404254913,0.0005450996687,1
0.01067466941,0.000411596644,0.0008529853658,0.0004765980411,1
0.01067466941,0.0002684326028,0.001018499257,0.0007792096003,1
0.01067466941,0.000125268547,0.001395896892,0.001297980198,1
0.01081783324,0.01916608773,-0.001767010195,0.002610939322,3
0.01081783324,0.01902292296,-0.002554338658,0.002807639306,1
0.01081783324,0.01887976006,-0.002913327655,0.002994595561,1
0.01081783324,0.01873659529,-0.002406465122,0.003086845856,1
0.01081783324,0.01859343052,-0.00212833262,0.003306473838,1
0.01081783324,0.01845026761,-0.002242025221,0.003616996575,1
0.01081783324,0.01830710284,-0.002214629203,0.003607814433,1
0.01081783324,0.01816393808,-0.00230557844,0.003976998851,1
0.01081783324,0.01802077517,-0.00226582028,0.003707458964,1
0.01081783324,0.0178776104,-0.002395761432,0.003373956075,1
0.01081783324,0.01773444749,-0.00274319225,0.00323015498,1
0.01081783324,0.01759128273,-0.003054390429,0.003129834309,1
0.01081783324,0.01744811796,-0.002425754908,0.004285132512,1
0.01081783324,0.01730495505,-0.002480332274,0.003459697356,1
0.01081783324,0.01716179028,-0.002724114805,0.003126394236,1
0.01081783324,0.01701862738,-0.003115196479,0.003332603257,1
0.01081783324,0.01687546261,-0.002118701581,0.003079658374,1
0.01081783324,0.01673229784,-0.002568014199,0.003155215876,1
0.01081783324,0.01658913493,-0.002667440102,0.00327609852,1
0.01081783324,0.01644597016,-0.002391115995,0.0037761149,1
0.01081783324,0.01630280726,-0.002440659096,0.004095619079,1
0.01081783324,0.01615964249,-0.002566503827,0.003854753682,2
0.01081783324,0.01601647772,-0.002576051746,0.003602921497,2
0.01081783324,0.01587331481,-0.002767249011,0.003493564436,1
0.01081783324,0.01573015004,-0.002639859449,0.003300125245,1
0.01081783324,0.01558698621,-0.00245372951,0.003344580764,1
0.01081783324,0.01544382237,-0.002264697338,0.003414324485,1
0.01081783324,0.0153006576,-0.002007359173,0.003619283671,1
0.01081783324,0.01515749376,-0.001582977478,0.003616164206,1
0.01081783324,0.01501432993,-0.001530523179,0.003526454559,1
0.01081783324,0.01487116609,-0.002133144299,0.003238395089,1
0.01081783324,0.01472800132,-0.002035648329,0.003145653987,2
0.01081783324,0.01458483748,-0.001909297658,0.00307496218,2
0.01081783324,0.01444167364,-0.001757234335,0.003062777687,2
0.01081783324,0.01429850981,-0.00152000424,0.003172659082,2
0.01081783324,0.01415534597,-0.001275388291,0.003326037666,2
0.01081783324,0.0140121812,-0.001090613194,0.003539642319,1
0.01081783324,0.01386901736,-0.001001464785,0.003018332645,1
0.01081783324,0.01372585353,-0.001013262547,0.002580952132,1
0.01081783324,0.01358268969,-0.0008860297385,0.002918621758,1
0.01081783324,0.01343952492,-0.0007858852041,0.003097681794,1
0.01081783324,0.01329636108,-0.0004956054618,0.002490923507,1
0.01081783324,0.01315319724,-0.0005081770942,0.002953749849,1
0.01081783324,0.01301003341,-0.0004085910041,0.002803637646,1
0.01081783324,0.01286686864,-0.0005518185208,0.00266960985,1
0.01081783324,0.0127237048,-0.000533805578,0.002640701365,1
0.01081783324,0.01258054096,-0.0005852794275,0.002644644585,1
0.01081783324,0.01243737713,-0.0006523972843,0.002743552439,1
0.01081783324,0.01229421329,-0.0004712763184,0.002589296317,1
0.01081783324,0.01215104852,-0.0001560102828,0.002526162658,1
0.01081783324,0.01200788468,-0.0001772057294,0.002588196192,1
0.01081783324,0.01186472084,-0.0002147286868,0.002676045056,1
0.01081783324,0.01172155701,-0.0003077401489,0.002617468359,1
0.01081783324,0.01157839224,-0.0004237651883,0.002431590343,1
0.01081783324,0.0114352284,-0.0005074716173,0.002349734306,1
0.01081783324,0.01129206456,-0.0005226314534,0.002523145871,1
0.01081783324,0.01114890072,-0.0004130559682,0.002334029647,1
0.01081783324,0.01100573689,-0.0002413813636,0.00216717436,1
0.01081783324,0.01086257212,-0.0002421313548,0.002450228203,1
0.01081783324,0.01071940828,-0.0003765645961,0.002583618043,1
0.01081783324,0.01057624444,-0.0003814776428,0.002541442635,1
0.01081783324,0.01043308061,-0.0002747574472,0.00224308949,1
0.01081783324,0.01028991584,-0.0002117395197,0.001881620497,1
0.01081783324,0.010146752,-0.0006907089846,0.002745663747,1
0.01081783324,0.01000358816,-0.0005761088105,0.002035348676,1
0.01081783324,0.009860424325,-0.0005768720293,0.001956720836,1
0.01081783324,0.009717259556,-0.0004144390696,0.002107979963,1
0.01081783324,0.009574095719,-0.0002031893382,0.001731942641,1
0.01081783324,0.009430931881,-0.0001635055669,0.001667036559,1
0.01081783324,0.009287768044,-0.0002848041186,0.001732301083,1
0.01081783324,0.009144604206,-0.0003082668118,0.001845301129,2
0.01081783324,0.009001439437,-0.0002298426261,0.001981460024,2
0.01081783324,0.0088582756,-0.0002139295975,0.001992006088,1
0.01081783324,0.008715111762,-0.0002319888154,0.001929870108,1
0.01081783324,0.008571947925,-0.0002334765741,0.001802530838,1
0.01081783324,0.008428783156,-0.0002135231916,0.001672223094,1
0.01081783324,0.008285619318,-0.0002442254045,0.001794275362,1
0.01081783324,0.008142455481,9.608670371e-05,0.001938165049,1
0.01081783324,0.007999291644,1.284357859e-05,0.001983108697,1
0.01081783324,0.007856126875,-9.190576384e-05,0.00194214494,1
0.01081783324,0.007712963037,-0.0001538587094,0.002012149198,1
0.01081783324,0.0075697992,-0.0002629479859,0.001922697644,1
0.01081783324,0.007426635362,-0.0002028996241,0.001649493701,1
0.01081783324,0.007283471059,6.051094169e-05,0.001221034559,1
0.01081783324,0.007140307222,-0.0001916604815,0.001318826573,2
0.01081783324,0.006997142918,-0.0005029392196,0.001251902082,1
0.01081783324,0.006853979081,-6.307903823e-05,0.001603016746,1
0.01081783324,0.006710814778,-0.0001049645871,0.001664304291,1
0.01081783324,0.00656765094,-0.0003029351356,0.001834543305,1
0.01081783324,0.006424486637,-0.0002263383067,0.001928543556,1
0.01081783324,0.0062813228,1.136690844e-05,0.002280441811,1
0.01081783324,0.006138158496,-5.220016465e-05,0.002221358242,1
0.01081783324,0.005994994659,-0.0002951676142,0.002214348409,1
0.01081783324,0.005851830821,-0.0005729323602,0.001655947883,1
0.01081783324,0.005708666518,-0.0004798303125,0.001737161423,1
0.01081783324,0.005565502681,-0.0004699148994,0.001781998784,1
0.01081783324,0.005422338378,-8.959192928e-05,0.00141739205,1
0.01081783324,0.00527917454,-0.000209759135,0.001220280421,1
0.01081783324,0.005136010237,-0.0002767251281,0.001369402627,1
0.01081783324,0.0049928464,-9.867832705e-05,0.002005656483,1
0.01081783324,0.004849682096,-0.0002573372913,0.001631080871,1
0.01081783324,0.004706518259,-0.0002081832063,0.001376198954,1
0.01081783324,0.004563353956,0.0001022236393,0.001748481067,2
0.01081783324,0.004420190118,0.0003557825985,0.002158633433,1
0.01081783324,0.004277025815,0.0004755944246,0.002482262207,1
0.01081783324,0.004133861978,0.0004898207262,0.001419706852,1
0.01081783324,0.00399069814,0.0004516269255,0.001155817998,1
0.01081783324,0.003847533837,0.0004219411639,0.001190222334,1
0.01081783324,0.003704369767,0.0002101005666,0.001136301667,1
0.01081783324,0.003561205696,6.514962297e-05,0.00127200631,1
0.01081783324,0.003418041626,0.000244901632,0.00132720347,1
0.01081783324,0.003274877556,0.0006037915591,0.001304860343,1
0.01081783324,0.003131713718,0.0005790238502,0.001394391991,1
0.01081783324,0.002988549648,0.0004329776566,0.00107995444,1
0.01081783324,0.002845385578,0.0002664964995,0.0009170640842,1
0.01081783324,0.002702221507,0.000406506093,0.0007802916225,1
0.01081783324,0.002559057437,0.0004766485654,0.001121922513,1
0.01081783324,0.002415893367,0.0004413302813,0.001030835905,1
0.01081783324,0.002272729296,0.0003541421611,0.001118497341,1
0.01081783324,0.002129565226,0.000418846932,0.001136279199,1
0.01081783324,0.001986401156,0.0005426639691,0.0009096107096,1
0.01081783324,0.001843237202,0.0004638455575,0.000951691065,1
0.01081783324,0.001700073131,0.0007594774361,0.001243772102,1
0.01081783324,0.001556909061,0.001005405327,0.0008197251009,1
0.01081783324,0.001413744991,0.0003070899111,0.0005827948335,1
0.01081783324,0.00127058092,0.0006238516071,0.0009511254029,2
0.01081783324,0.00112741685,0.0006809426122,0.00117627671,1
0.01081783324,0.0009842528962,0.0006615511375,0.001086890697,1
0.01081783324,0.0008410888258,0.0006682320964,0.0008590862271,1
0.01081783324,0.0006979247555,0.000714771857,0.001158570522,2
0.01081783324,0.0005547606852,0.0007238675607,0.0008930138429,2
0.01081783324,0.000411596644,0.0006702521932,0.000830030418,1
0.01081783324,0.0002684326028,0.0008498878451,0.00115015835,1
0.01081783324,0.000125268547,0.001285598148,0.001846635831,1
0.01096099801,0.01916608773,-0.001455293852,0.003468793584,1
0.01096099801,0.01902292296,-0.002051039832,0.003329986008,1
0.01096099801,0.01887976006,-0.002182330703,0.00348282652,1
0.01096099801,0.01873659529,-0.002059531864,0.003531385446,1
0.01096099801,0.01859343052,-0.001698205131,0.003600780619,1
0.01096099801,0.01845026761,-0.001649637707,0.003769816831,1
0.01096099801,0.01830710284,-0.001944598509,0.00378745026,2
0.01096099801,0.01816393808,-0.001816199627,0.003903999692,1
0.01096099801,0.01802077517,-0.002130370354,0.003559434321,1
0.01096099801,0.0178776104,-0.002365281573,0.003516451921,1
0.01096099801,0.01773444749,-0.002495693043,0.00346614304,1
0.01096099801,0.01759128273,-0.002730481094,0.003390694968,1
0.01096099801,0.01744811796,-0.0025684305,0.003611129941,1
0.01096099801,0.01730495505,-0.002666231012,0.003782658838,2
0.01096099801,0.01716179028,-0.00300397817,0.003630482825,1
0.01096099801,0.01701862738,-0.003161548637,0.003435006598,1
0.01096099801,0.01687546261,-0.002898891922,0.003402943257,1
0.01096099801,0.01673229784,-0.002758901799,0.003323643701,1
0.01096099801,0.01658913493,-0.002704718616,0.00348031777,1
0.01096099801,0.01644597016,-0.002737848088,0.004008194432,1
0.01096099801,0.01630280726,-0.00290926476,0.004290763289,1
0.01096099801,0.01615964249,-0.002677411772,0.003764159977,2
0.01096099801,0.01601647772,-0.002371000824,0.003534107236,1
0.01096099801,0.01587331481,-0.002394316718,0.003346937709,1
0.01096099801,0.01573015004,-0.002403186867,0.003528159345,1
0.01096099801,0.01558698621,-0.002281392226,0.003669067053,1
0.01096099801,0.01544382237,-0.001948003308,0.003385746386,1
0.01096099801,0.0153006576,-0.001947409008,0.003879982047,1
0.01096099801,0.01515749376,-0.001484939246,0.003915765323,1
0.01096099801,0.01501432993,-0.001530628768,0.003607033985,1
0.01096099801,0.01487116609,-0.002119208919,0.003079108428,1
0.01096099801,0.01472800132,-0.002053500619,0.003242151812,1
0.01096099801,0.01458483748,-0.0018007115,0.003167276038,1
0.01096099801,0.01444167364,-0.001627712045,0.003240951803,2
0.01096099801,0.01429850981,-0.001446626149,0.00337668322,2
0.01096099801,0.01415534597,-0.001163563924,0.003510269569,2
0.01096099801,0.0140121812,-0.0007169046439,0.003664967837,1
0.01096099801,0.01386901736,-0.001288783969,0.002948574955,1
0.01096099801,0.01372585353,-0.001037249691,0.002925364533,2
0.01096099801,0.01358268969,-0.0008642380126,0.003042032942,1
0.01096099801,0.01343952492,-0.000709561049,0.003287587548,1
0.01096099801,0.01329636108,-0.0005404055119,0.003493147669,1
0.01096099801,0.01315319724,-0.0003566471569,0.002737100469,1
0.01096099801,0.01301003341,-0.0004208295722,0.002653314266,1
0.01096099801,0.01286686864,-0.0004274480743,0.002936342731,1
0.01096099801,0.0127237048,-0.0004009196418,0.003044151003,1
0.01096099801,0.01258054096,-0.0002796241897,0.003127382137,1
0.01096099801,0.01243737713,-0.0006600499619,0.002861216664,1
0.01096099801,0.01229421329,-0.0005869914312,0.002733325353,1
0.01096099801,0.01215104852,-0.0004897315521,0.002685757121,1
0.01096099801,0.01200788468,-0.000559346925,0.002445604885,1
0.01096099801,0.01186472084,-0.0002595996193,0.002809573663,1
0.01096099801,0.01172155701,-0.0002517829707,0.002730222652,1
0.01096099801,0.01157839224,-0.000392353104,0.002563926158,1
0.01096099801,0.0114352284,-0.0004328704963,0.002409757581,1
0.01096099801,0.01129206456,-0.0002777722839,0.002037224127,1
0.01096099801,0.01114890072,-0.0002080622216,0.002102973172,1
0.01096099801,0.01100573689,-0.0001912748849,0.002325322479,1
0.01096099801,0.01086257212,-0.0002688720997,0.002821434988,1
0.01096099801,0.01071940828,-0.0005639013834,0.002585117938,1
0.01096099801,0.01057624444,-0.0008012648905,0.002864582464,1
0.01096099801,0.01043308061,-0.0008560724091,0.002590091433,1
0.01096099801,0.01028991584,-0.0003633688029,0.002018250292,1
0.01096099801,0.010146752,-0.0003000679135,0.00222120597,1
0.01096099801,0.01000358816,-0.0003397646651,0.002280195942,1
0.01096099801,0.009860424325,-0.0004217453825,0.00212277472,2
0.01096099801,0.009717259556,-0.0004731339286,0.002184677636,1
0.01096099801,0.009574095719,-0.0001823221537,0.001690417645,1
0.01096099801,0.009430931881,-0.0002163717436,0.00162993907,1
0.01096099801,0.009287768044,-0.0004766262427,0.001881715143,1
0.01096099801,0.009144604206,-0.0005176347913,0.001840275014,1
0.01096099801,0.009001439437,-0.0004844452196,0.002028974704,2
0.01096099801,0.0088582756,-0.0002793254389,0.002037052764,1
0.01096099801,0.008715111762,-0.0002384168474,0.002037325408,1
0.01096099801,0.008571947925,-0.0002311280987,0.001975148916,1
0.01096099801,0.008428783156,-0.0002042222914,0.001838236931,1
0.01096099801,0.008285619318,-0.0002504490549,0.001981718466,1
0.01096099801,0.008142455481,6.032441524e-05,0.002047089161,1
0.01096099801,0.007999291644,-4.030219498e-05,0.002094859257,1
0.01096099801,0.007856126875,-0.0001309485087,0.002085836837,1
0.01096099801,0.007712963037,-0.0001848298562,0.00216584024,1
0.01096099801,0.0075697992,-0.0004493175948,0.001926651457,1
0.01096099801,0.007426635362,-0.0003508795926,0.001556747011,1
0.01096099801,0.007283471059,-0.0001683129085,0.001533052768,1
0.01096099801,0.007140307222,-0.0001271050569,0.001538388431,1
0.01096099801,0.006997142918,-0.000130419503,0.001730866847,1
0.01096099801,0.006853979081,-5.576933108e-05,0.00184780336,1
0.01096099801,0.006710814778,-8.702627383e-05,0.001878825948,1
0.01096099801,0.00656765094,-0.000217387671,0.001912517706,1
0.01096099801,0.006424486637,-0.0001445545204,0.001946719713,1
0.01096099801,0.0062813228,8.765239181e-05,0.002010088181,1
0.01096099801,0.006138158496,3.444490721e-05,0.002013269812,1
0.01096099801,0.005994994659,-3.238922363e-05,0.001721085981,1
0.01096099801,0.005851830821,4.067382542e-05,0.001574215596,1
0.01096099801,0.005708666518,-0.0001545029081,0.001611105865,2
0.01096099801,0.005565502681,-0.0001198910104,0.001533445669,1
0.01096099801,0.005422338378,-7.337635907e-05,0.001533010742,1
0.01096099801,0.00527917454,-0.0001811682014,0.001319653471,1
0.01096099801,0.005136010237,-0.000235640051,0.001446134411,1
0.01096099801,0.0049928464,-4.201658521e-05,0.002055297373,1
0.01096099801,0.004849682096,1.073158455e-05,0.002046081936,1
0.01096099801,0.004706518259,0.0001382573246,0.001440921566,1
0.01096099801,0.004563353956,6.088132432e-05,0.001711974386,1
0.01096099801,0.004420190118,0.0003775186196,0.002063368214,1
0.01096099801,0.004277025815,0.0002920574916,0.001888934523,1
0.01096099801,0.004133861978,0.0002760365023,0.001532420632,1
0.01096099801,0.00399069814,0.0002093575895,0.00153755059,1
0.01096099801,0.003847533837,0.0002888336021,0.001198442769,1
0.01096099801,0.003704369767,0.0001945912954,0.001087208861,1
0.01096099801,0.003561205696,0.0001518364006,0.001158810919,1
0.01096099801,0.003418041626,0.0005253268755,0.001283574034,1
0.01096099801,0.003274877556,0.0006052629906,0.001393213402,1
0.01096099801,0.003131713718,0.0005742777139,0.001588296029,1
0.01096099801,0.002988549648,0.0005508785835,0.001587783103,1
0.01096099801,0.002845385578,0.0004512582964,0.001002831617,2
0.01096099801,0.002702221507,0.0003802650608,0.0007436865708,1
0.01096099801,0.002559057437,0.0004404455249,0.001120721921,1
0.01096099801,0.002415893367,0.000540950743,0.001155860489,1
0.01096099801,0.002272729296,0.0007439535111,0.00112640427,1
0.01096099801,0.002129565226,0.000829589786,0.001078775967,1
0.01096099801,0.001986401156,0.0005853890907,0.001003978774,1
0.01096099801,0.001843237202,0.0004611145123,0.0008948731702,1
0.01096099801,0.001700073131,0.0006239206414,0.001039841562,2
0.01096099801,0.001556909061,0.0007084787358,0.001059071044,2
0.01096099801,0.001413744991,0.0005968497717,0.001047293073,2
0.01096099801,0.00127058092,0.0006479452131,0.00107047346,2
0.01096099801,0.00112741685,0.0006871826481,0.0009738248191,1
0.01096099801,0.0009842528962,0.0006672945456,0.0007881210768,1
0.01096099801,0.0008410888258,0.0006823615986,0.0008113739896,1
0.01096099801,0.0006979247555,0.0006411031936,0.001081210445,2
0.01096099801,0.0005547606852,0.0006700206432,0.001038354822,1
0.01096099801,0.000411596644,0.0006448793574,0.001110909972,1
0.01096099801,0.0002684326028,0.0008060659748,0.001374595682,1
0.01096099801,0.000125268547,0.00110751926,0.001777710393,1
0.01110416185,0.01916608773,-0.001285249833,0.004075636622,1
0.01110416185,0.01902292296,-0.00165006693,0.00399047602,1
0.01110416185,0.01887976006,-0.0018835105,0.003933920991,1
0.01110416185,0.01873659529,-0.001949278056,0.004169875756,1
0.01110416185,0.01859343052,-0.002112265443,0.004253148101,1
0.01110416185,0.01845026761,-0.002349425107,0.003904499114,1
0.01110416185,0.01830710284,-0.002097927732,0.003868170315,2
0.01110416185,0.01816393808,-0.002010417171,0.00387838902,1
0.01110416185,0.01802077517,-0.002276773099,0.003810822032,1
0.01110416185,0.0178776104,-0.002201893367,0.003827428911,1
0.01110416185,0.01773444749,-0.002682082821,0.004080742132,1
0.01110416185,0.01759128273,-0.002795116277,0.004199575167,1
0.01110416185,0.01744811796,-0.002433234593,0.004061718937,1
0.01110416185,0.01730495505,-0.002612183103,0.004429324996,1
0.01110416185,0.01716179028,-0.002939166967,0.003667750163,3
0.01110416185,0.01701862738,-0.003289349144,0.003543786472,1
0.01110416185,0.01687546261,-0.003213688033,0.003540576436,1
0.01110416185,0.01673229784,-0.003042342141,0.003546863794,1
0.01110416185,0.01658913493,-0.002715017414,0.003753223224,1
0.01110416185,0.01644597016,-0.002765807556,0.003829780966,1
0.01110416185,0.01630280726,-0.002836367348,0.003785712644,1
0.01110416185,0.01615964249,-0.00286287698,0.003377016401,1
0.01110416185,0.01601647772,-0.002697844757,0.003487666836,1
0.01110416185,0.01587331481,-0.002497322625,0.003476180835,1
0.01110416185,0.01573015004,-0.00253876904,0.003666933626,1
0.01110416185,0.01558698621,-0.002382783918,0.003757204628,1
0.01110416185,0.01544382237,-0.001943675219,0.003346985904,1
0.01110416185,0.0153006576,-0.002071181312,0.003171767807,1
0.01110416185,0.01515749376,-0.002010044875,0.003250312526,1
0.01110416185,0.01501432993,-0.002158470917,0.003668760182,1
0.01110416185,0.01487116609,-0.002203274984,0.00327760051,1
0.01110416185,0.01472800132,-0.002120740945,0.003521699691,1
0.01110416185,0.01458483748,-0.001682371832,0.00337313395,1
0.01110416185,0.01444167364,-0.001506276079,0.003357070033,1
0.01110416185,0.01429850981,-0.001475224504,0.003582852427,1
0.01110416185,0.01415534597,-0.001215336961,0.003673390253,2
0.01110416185,0.0140121812,-0.0008894364,0.003701055888,1
0.01110416185,0.01386901736,-0.00126925623,0.0031109259,1
0.01110416185,0.01372585353,-0.0009827141184,0.003129898338,2
0.01110416185,0.01358268969,-0.0009594790172,0.003203995991,1
0.01110416185,0.01343952492,-0.0009976109723,0.003293507267,1
0.01110416185,0.01329636108,-0.0006661085063,0.003254648065,1
0.01110416185,0.01315319724,-0.0003844415478,0.003101157956,1
0.01110416185,0.01301003341,-0.000389896275,0.00296844705,1
0.01110416185,0.01286686864,-0.0003728637821,0.003047784325,1
0.01110416185,0.0127237048,-0.000361396902,0.003037402872,1
0.01110416185,0.01258054096,-0.0005949470215,0.003281064564,1
0.01110416185,0.01243737713,-0.0004304961476,0.00316823856,1
0.01110416185,0.01229421329,-0.0007153397892,0.002979497425,1
0.01110416185,0.01215104852,-0.0006889493088,0.002892252291,1
0.01110416185,0.01200788468,-0.000572764955,0.002649427857,1
0.01110416185,0.01186472084,-0.0003557623131,0.00278243958,1
0.01110416185,0.01172155701,-0.0004861447378,0.002391323447,1
0.01110416185,0.01157839224,-0.000276634004,0.00287080789,1
0.01110416185,0.0114352284,-0.0002053117787,0.002448959975,1
0.01110416185,0.01129206456,-0.0001942568488,0.002110812813,1
0.01110416185,0.01114890072,-0.0001955962653,0.002388856374,1
0.01110416185,0.01100573689,-0.0002015424398,0.00262722047,1
0.01110416185,0.01086257212,-0.0002997315314,0.003119949251,1
0.01110416185,0.01071940828,-0.000551173056,0.002461613622,1
0.01110416185,0.01057624444,-0.000661497179,0.002890945645,1
0.01110416185,0.01043308061,-0.000659462763,0.002624939429,1
0.01110416185,0.01028991584,-0.0004023620277,0.002110446105,1
0.01110416185,0.010146752,-0.0003424915194,0.002128826221,1
0.01110416185,0.01000358816,-0.0002493932843,0.002193116816,1
0.01110416185,0.009860424325,-0.000297210936,0.002069503767,1
0.01110416185,0.009717259556,-0.0005808654823,0.002077094512,1
0.01110416185,0.009574095719,-0.0006267482531,0.001456246944,1
0.01110416185,0.009430931881,-0.0007469752454,0.001742478809,2
0.01110416185,0.009287768044,-0.001327158767,0.001938993344,1
0.01110416185,0.009144604206,-0.00122007716,0.00229410571,1
0.01110416185,0.009001439437,-0.0009109780076,0.002257111017,1
0.01110416185,0.0088582756,-0.0001716608676,0.002012133598,1
0.01110416185,0.008715111762,-6.718312216e-05,0.001859503449,1
0.01110416185,0.008571947925,-0.0002111527428,0.001483865432,1
0.01110416185,0.008428783156,-0.0002608424693,0.001967348857,2
0.01110416185,0.008285619318,-0.0002619042643,0.002107831417,2
0.01110416185,0.008142455481,-0.0001246652537,0.002025881782,2
0.01110416185,0.007999291644,1.33792073e-05,0.001878859941,1
0.01110416185,0.007856126875,-0.0002109405177,0.001751357689,1
0.01110416185,0.007712963037,-0.0002438962692,0.002059425926,1
0.01110416185,0.0075697992,-0.0002042501001,0.002068993868,1
0.01110416185,0.007426635362,-0.0001369294914,0.002004251583,1
0.01110416185,0.007283471059,-0.0001726160408,0.001788923284,1
0.01110416185,0.007140307222,-0.0002320181375,0.001699033892,1
0.01110416185,0.006997142918,-0.0001949046127,0.001981042791,1
0.01110416185,0.006853979081,-0.0001416421874,0.00226984825,1
0.01110416185,0.006710814778,-0.0001638768008,0.002204556484,1
0.01110416185,0.00656765094,-0.0002828774159,0.001895272406,1
0.01110416185,0.006424486637,-0.0001768125949,0.001807968947,1
0.01110416185,0.0062813228,-4.420810728e-05,0.001960901078,1
0.01110416185,0.006138158496,1.28396141e-06,0.002020338085,1
0.01110416185,0.005994994659,-4.672278374e-05,0.001772310352,1
0.01110416185,0.005851830821,-4.710297071e-05,0.001728739822,1
0.01110416185,0.005708666518,-5.896412767e-05,0.001599600539,1
0.01110416185,0.005565502681,-6.973400014e-05,0.001623477554,1
0.01110416185,0.005422338378,-4.214210276e-05,0.001570000662,1
0.01110416185,0.00527917454,-8.469106979e-05,0.001764494227,1
0.01110416185,0.005136010237,-0.0002497243113,0.001703377115,2
0.01110416185,0.0049928464,-6.335219223e-05,0.001582214725,1
0.01110416185,0.004849682096,-5.175522892e-05,0.00127581018,1
0.01110416185,0.004706518259,4.562682443e-05,0.001573415939,1
0.01110416185,0.004563353956,4.485308455e-05,0.001786726527,1
0.01110416185,0.004420190118,-0.000139422511,0.001928661834,1
0.01110416185,0.004277025815,0.0002214817214,0.001466476242,1
0.01110416185,0.004133861978,0.0001971737947,0.001505496912,1
0.01110416185,0.00399069814,-8.693807467e-05,0.001583319856,1
0.01110416185,0.003847533837,0.0001497718331,0.001215924742,1
0.01110416185,0.003704369767,0.0001332666143,0.00102236704,1
0.01110416185,0.003561205696,-2.933735595e-05,0.0007057854091,1
0.01110416185,0.003418041626,0.0001833223359,0.0007323944592,1
0.01110416185,0.003274877556,0.0003841806611,0.001458442537,1
0.01110416185,0.003131713718,0.0006869389326,0.001735077472,1
0.01110416185,0.002988549648,0.0007723713643,0.00146918348,1
0.01110416185,0.002845385578,0.0006073931581,0.0007627924788,1
0.01110416185,0.002702221507,0.0002991921792,0.001002703677,1
0.01110416185,0.002559057437,9.957415023e-05,0.001149061951,1
0.01110416185,0.002415893367,-0.0002032543853,0.001020328607,1
0.01110416185,0.002272729296,0.0007056492614,0.001164352521,1
0.01110416185,0.002129565226,0.0007411034312,0.001125947922,1
0.01110416185,0.001986401156,0.0006732296897,0.001040509669,1
0.01110416185,0.001843237202,0.0006381310523,0.001253746683,1
0.01110416185,0.001700073131,0.0005666118232,0.0009616496391,1
0.01110416185,0.001556909061,0.0006077392609,0.001329424791,1
0.01110416185,0.001413744991,0.0007238852559,0.001476832782,1
0.01110416185,0.00127058092,0.0006838967092,0.001309650717,1
0.01110416185,0.00112741685,0.0006789037725,0.001042753109,2
0.01110416185,0.0009842528962,0.0006523848278,0.0009286897839,1
0.01110416185,0.0008410888258,0.0006024680915,0.001098783687,1
0.01110416185,0.0006979247555,0.000497258734,0.001316542737,1
0.01110416185,0.0005547606852,0.0009518254665,0.001137503306,1
0.01110416185,0.000411596644,0.001037821406,0.001289992128,1
0.01110416185,0.0002684326028,0.001108885859,0.001416788902,1
0.01110416185,0.000125268547,0.001302209916,0.001341113122,1
0.01124732569,0.01916608773,-0.001553531853,0.004129107576,1
0.01124732569,0.01902292296,-0.001925634802,0.004023769405,1
0.01124732569,0.01887976006,-0.002118663862,0.00408826815,1
0.01124732569,0.01873659529,-0.002091543982,0.004439126235,1
0.01124732569,0.01859343052,-0.00225857948,0.004445926286,1
0.01124732569,0.01845026761,-0.002478170209,0.00435662549,1
0.01124732569,0.01830710284,-0.002087270143,0.003902342869,1
0.01124732569,0.01816393808,-0.002129661385,0.004048280884,1
0.01124732569,0.01802077517,-0.002293606987,0.004146932624,1
0.01124732569,0.0178776104,-0.002393361181,0.004143625963,1
0.01124732569,0.01773444749,-0.002684650477,0.004466137383,1
0.01124732569,0.01759128273,-0.002756978152,0.004551224876,1
0.01124732569,0.01744811796,-0.002461098833,0.004449504893,1
0.01124732569,0.01730495505,-0.002716374351,0.00470781792,1
0.01124732569,0.01716179028,-0.003488477552,0.004002427217,3
0.01124732569,0.01701862738,-0.003277700394,0.003602210665,1
0.01124732569,0.01687546261,-0.003099759109,0.003866870655,1
0.01124732569,0.01673229784,-0.003022246528,0.003914436791,1
0.01124732569,0.01658913493,-0.003282312071,0.003827381646,1
0.01124732569,0.01644597016,-0.003226083471,0.003772454569,1
0.01124732569,0.01630280726,-0.003066365607,0.003745776601,1
0.01124732569,0.01615964249,-0.003000832163,0.003779570572,1
0.01124732569,0.01601647772,-0.002878907369,0.003636450972,1
0.01124732569,0.01587331481,-0.002636590274,0.003616314149,1
0.01124732569,0.01573015004,-0.002547341865,0.003818555037,1
0.01124732569,0.01558698621,-0.002204419812,0.003353705397,1
0.01124732569,0.01544382237,-0.001936804503,0.002930576447,1
0.01124732569,0.0153006576,-0.002073124284,0.003154111095,1
0.01124732569,0.01515749376,-0.002055040328,0.003155216807,1
0.01124732569,0.01501432993,-0.002668086439,0.003416969208,1
0.01124732569,0.01487116609,-0.002226759214,0.00367873325,2
0.01124732569,0.01472800132,-0.001963731134,0.003962404095,1
0.01124732569,0.01458483748,-0.001619804651,0.003487446811,1
0.01124732569,0.01444167364,-0.001502882107,0.003521179082,1
0.01124732569,0.01429850981,-0.001496363664,0.003724978073,1
0.01124732569,0.01415534597,-0.001333123073,0.003899383126,1
0.01124732569,0.0140121812,-0.001431996468,0.003804279724,1
0.01124732569,0.01386901736,-0.001053331769,0.003537017386,2
0.01124732569,0.01372585353,-0.0006648714771,0.003279306926,1
0.01124732569,0.01358268969,-0.0007887835964,0.003205626737,1
0.01124732569,0.01343952492,-0.0008370368741,0.00330953137,1
0.01124732569,0.01329636108,-0.0006617685431,0.003348222002,1
0.01124732569,0.01315319724,-0.0005477925297,0.003253118368,1
0.01124732569,0.01301003341,-0.0007192938938,0.0033110308,1
0.01124732569,0.01286686864,-0.0007194670034,0.003239285434,1
0.01124732569,0.0127237048,-0.0005958566326,0.003241245169,1
0.01124732569,0.01258054096,-0.0005799651262,0.00330438232,1
0.01124732569,0.01243737713,-0.0005870825844,0.003214725293,2
0.01124732569,0.01229421329,-0.0006959109451,0.003050163621,1
0.01124732569,0.01215104852,-0.000577069819,0.003198161954,1
0.01124732569,0.01200788468,-0.0002468036837,0.003485026071,1
0.01124732569,0.01186472084,-0.0001851153793,0.003216987709,1
0.01124732569,0.01172155701,-0.000106160478,0.003113246523,1
0.01124732569,0.01157839224,-0.0003132900747,0.003087876132,1
0.01124732569,0.0114352284,-0.0001757974533,0.002666412154,1
0.01124732569,0.01129206456,-0.0002573943057,0.00243282062,1
0.01124732569,0.01114890072,-0.0004203299177,0.002746584825,1
0.01124732569,0.01100573689,-0.0004894539015,0.002788220765,2
0.01124732569,0.01086257212,-0.000481353316,0.002724817256,2
0.01124732569,0.01071940828,-0.0003850394278,0.002220035298,1
0.01124732569,0.01057624444,-0.0003466604103,0.002135079587,1
0.01124732569,0.01043308061,-0.001041239128,0.002053407487,1
0.01124732569,0.01028991584,-0.00039235648,0.00231196126,1
0.01124732569,0.010146752,-0.0003882478049,0.002297148574,1
0.01124732569,0.01000358816,-0.0002402879618,0.002282104921,1
0.01124732569,0.009860424325,-0.0002743482764,0.002502256306,1
0.01124732569,0.009717259556,-0.0002728782129,0.002586326329,1
0.01124732569,0.009574095719,-0.0003903026227,0.00222148723,1
0.01124732569,0.009430931881,-0.0008176222327,0.001944735879,1
0.01124732569,0.009287768044,-0.001148769516,0.002180593787,1
0.01124732569,0.009144604206,-0.001261826255,0.002486672718,1
0.01124732569,0.009001439437,-0.0009335009963,0.002427574014,1
0.01124732569,0.0088582756,-6.925483467e-05,0.002109104767,1
0.01124732569,0.008715111762,5.218000297e-05,0.001999511383,1
0.01124732569,0.008571947925,-0.0001601565309,0.001932166633,1
0.01124732569,0.008428783156,-0.000366090535,0.002439462114,1
0.01124732569,0.008285619318,-0.0004116602649,0.002456376329,1
0.01124732569,0.008142455481,-0.0003104603966,0.002069746843,1
0.01124732569,0.007999291644,-0.0004014449369,0.001980054891,1
0.01124732569,0.007856126875,-0.000550926663,0.002153242007,1
0.01124732569,0.007712963037,-0.0003205458634,0.002117489232,1
0.01124732569,0.0075697992,-0.0003730882308,0.002138348995,1
0.01124732569,0.007426635362,-0.0001467531692,0.002173917834,1
0.01124732569,0.007283471059,-0.0001079532667,0.002119589364,1
0.01124732569,0.007140307222,-0.0003553900751,0.001926891506,1
0.01124732569,0.006997142918,-0.0003003917809,0.002367059933,1
0.01124732569,0.006853979081,-0.0002749183914,0.002828777069,1
0.01124732569,0.006710814778,-0.000224332558,0.002725560684,1
0.01124732569,0.00656765094,-0.0002776931506,0.001862224424,1
0.01124732569,0.006424486637,-0.0003019302094,0.001767318812,1
0.01124732569,0.0062813228,-0.00016479037,0.002005656017,1
0.01124732569,0.006138158496,-4.159256059e-05,0.001875267248,2
0.01124732569,0.005994994659,-2.354314711e-05,0.001851140754,2
0.01124732569,0.005851830821,2.689060057e-05,0.001911205472,1
0.01124732569,0.005708666518,-2.623221008e-05,0.001736831269,1
0.01124732569,0.005565502681,-1.331560725e-05,0.001725618262,1
0.01124732569,0.005422338378,3.205922667e-06,0.001675924868,1
0.01124732569,0.00527917454,-6.48446221e-05,0.001943359384,1
0.01124732569,0.005136010237,-0.0006152139395,0.002020664746,1
0.01124732569,0.0049928464,8.707345842e-05,0.001739220461,1
0.01124732569,0.004849682096,3.907606151e-05,0.001646612189,1
0.01124732569,0.004706518259,-3.794218355e-05,0.001669932855,1
0.01124732569,0.004563353956,2.149654574e-05,0.001819957281,1
0.01124732569,0.004420190118,9.511856479e-05,0.001806161716,1
0.01124732569,0.004277025815,0.0002169486688,0.001547481283,1
0.01124732569,0.004133861978,0.0002105613676,0.001519329147,1
0.01124732569,0.00399069814,0.0001056235851,0.001684990595,1
0.01124732569,0.003847533837,0.0001838228927,0.001448051655,2
0.01124732569,0.003704369767,0.0002238952438,0.001277263975,1
0.01124732569,0.003561205696,0.0002524191805,0.001168196904,1
0.01124732569,0.003418041626,0.000333758624,0.001441322849,1
0.01124732569,0.003274877556,0.0004795022833,0.001550717279,1
0.01124732569,0.003131713718,0.0005911354674,0.001640519244,1
0.01124732569,0.002988549648,0.000646479195,0.0007039197953,1
0.01124732569,0.002845385578,0.0006319517852,0.0006974124699,1
0.01124732569,0.002702221507,0.000610766001,0.001100913039,1
0.01124732569,0.002559057437,0.0004823473282,0.001081380411,1
0.01124732569,0.002415893367,0.0003505292116,0.001335874549,2
0.01124732569,0.002272729296,0.0006661993684,0.001735638245,1
0.01124732569,0.002129565226,0.0006556831067,0.001839349396,1
0.01124732569,0.001986401156,0.0006347632734,0.001182270586,1
0.01124732569,0.001843237202,0.0007381353644,0.001348137157,1
0.01124732569,0.001700073131,0.0005297675962,0.001541711506,1
0.01124732569,0.001556909061,0.0005038355594,0.001341233728,1
0.01124732569,0.001413744991,0.0007203278947,0.001398107852,1
0.01124732569,0.00127058092,0.0007831493276,0.001295133494,1
0.01124732569,0.00112741685,0.0006921509048,0.0009588471148,1
0.01124732569,0.0009842528962,0.0007936014445,0.001066320459,1
0.01124732569,0.0008410888258,0.0007406824734,0.001187873073,1
0.01124732569,0.0006979247555,0.0004821212788,0.001403911854,1
0.01124732569,0.0005547606852,0.0009384251898,0.001195910503,1
0.01124732569,0.000411596644,0.001079173409,0.001284430153,1
0.01124732569,0.0002684326028,0.001282343874,0.001321972115,1
0.01124732569,0.000125268547,0.00130814116,0.001687444514,1
0.01139048953,0.01916608773,-0.001684454153,0.003745589638,1
0.01139048953,0.01902292296,-0.001793038333,0.003891706467,1
0.01139048953,0.01887976006,-0.00218552188,0.004022954032,1
0.01139048953,0.01873659529,-0.001982774818,0.004151676316,1
0.01139048953,0.01859343052,-0.002131310059,0.004392165225,1
0.01139048953,0.01845026761,-0.002264195355,0.004534842446,1
0.01139048953,0.01830710284,-0.002208547899,0.004171723966,1
0.01139048953,0.01816393808,-0.002417275682,0.004523902666,1
0.01139048953,0.01802077517,-0.002668191446,0.004757380113,1
0.01139048953,0.0178776104,-0.002568920143,0.004349017516,1
0.01139048953,0.01773444749,-0.001986212796,0.004393235315,1
0.01139048953,0.01759128273,-0.002556005726,0.004396308213,1
0.01139048953,0.01744811796,-0.002771508647,0.004712444264,1
0.01139048953,0.01730495505,-0.003088528756,0.004525324795,1
0.01139048953,0.01716179028,-0.003490272677,0.004093910102,1
0.01139048953,0.01701862738,-0.00341056427,0.004025713541,1
0.01139048953,0.01687546261,-0.002851886209,0.004108137917,1
0.01139048953,0.01673229784,-0.003061131574,0.004718021955,1
0.01139048953,0.01658913493,-0.003432665253,0.004232130479,1
0.01139048953,0.01644597016,-0.003342072945,0.004234934226,1
0.01139048953,0.01630280726,-0.003232209245,0.004231634084,1
0.01139048953,0.01615964249,-0.003114872612,0.004213820212,1
0.01139048953,0.01601647772,-0.002924079075,0.003768370952,1
0.01139048953,0.01587331481,-0.002757208189,0.003810210619,1
0.01139048953,0.01573015004,-0.00247485796,0.003934085835,1
0.01139048953,0.01558698621,-0.00224600127,0.00327191269,1
0.01139048953,0.01544382237,-0.001850326778,0.003085713601,1
0.01139048953,0.0153006576,-0.002088706009,0.003588563064,2
0.01139048953,0.01515749376,-0.002338146791,0.004159976728,1
0.01139048953,0.01501432993,-0.002367322566,0.004301362671,1
0.01139048953,0.01487116609,-0.002071944298,0.004057959188,2
0.01139048953,0.01472800132,-0.00168078451,0.003884501522,2
0.01139048953,0.01458483748,-0.001011929358,0.003401615657,1
0.01139048953,0.01444167364,-0.001371155959,0.003413695144,2
0.01139048953,0.01429850981,-0.001456045662,0.003639266128,1
0.01139048953,0.01415534597,-0.001333831227,0.003896349575,1
0.01139048953,0.0140121812,-0.001147331204,0.0038508242,1
0.01139048953,0.01386901736,-0.0008472029585,0.003953556996,1
0.01139048953,0.01372585353,-0.000652771967,0.003579029581,1
0.01139048953,0.01358268969,-0.0005734032602,0.003282170277,1
0.01139048953,0.01343952492,-0.0005197031423,0.00336511503,1
0.01139048953,0.01329636108,-0.0004915476893,0.00317426282,1
0.01139048953,0.01315319724,-0.0005701821065,0.003143486101,1
0.01139048953,0.01301003341,-0.0007961583324,0.003819180885,1
0.01139048953,0.01286686864,-0.0007429357502,0.003697726177,1
0.01139048953,0.0127237048,-0.0006819341215,0.003404532326,1
0.01139048953,0.01258054096,-0.0005707339733,0.003425474977,1
0.01139048953,0.01243737713,-0.0006419579731,0.003336115973,2
0.01139048953,0.01229421329,-0.000725527585,0.003220100887,1
0.01139048953,0.01215104852,-0.0006295249914,0.003420538735,1
0.01139048953,0.01200788468,-0.0003936295107,0.003445600625,1
0.01139048953,0.01186472084,-0.0003161343338,0.003312412649,1
0.01139048953,0.01172155701,-0.0002466162259,0.003282347228,1
0.01139048953,0.01157839224,-0.0003046297352,0.00315245497,2
0.01139048953,0.0114352284,-0.0002400977683,0.002985913539,1
0.01139048953,0.01129206456,-0.0003615360183,0.003136451123,1
0.01139048953,0.01114890072,-0.0006684159162,0.003128189594,1
0.01139048953,0.01100573689,-0.0008545900346,0.003054260975,2
0.01139048953,0.01086257212,-0.0007511884323,0.002771063242,2
0.01139048953,0.01071940828,-0.0006596386083,0.002261664486,1
0.01139048953,0.01057624444,-0.0005182495806,0.002243046416,1
0.01139048953,0.01043308061,-0.0002101209393,0.002875749255,1
0.01139048953,0.01028991584,-0.0003799541446,0.00273812958,2
0.01139048953,0.010146752,-0.0004687169858,0.002887088573,2
0.01139048953,0.01000358816,-0.0005071251071,0.002825506497,1
0.01139048953,0.009860424325,-0.0004717811826,0.002871556208,1
0.01139048953,0.009717259556,-0.0003229903232,0.002840355039,1
0.01139048953,0.009574095719,-0.0004235681845,0.002760782838,1
0.01139048953,0.009430931881,-0.0007970017614,0.00256403978,1
0.01139048953,0.009287768044,-0.0006013176171,0.002532379469,1
0.01139048953,0.009144604206,-0.0006218106719,0.002609197516,1
0.01139048953,0.009001439437,-0.0006011939258,0.002724877326,1
0.01139048953,0.0088582756,-0.0002931399504,0.00230442686,1
0.01139048953,0.008715111762,-0.0002374602918,0.002192235785,1
0.01139048953,0.008571947925,-0.0003890786611,0.002272086684,1
0.01139048953,0.008428783156,-0.0004636180238,0.002402536338,1
0.01139048953,0.008285619318,-0.0004707109183,0.002368580317,1
0.01139048953,0.008142455481,-0.0004009455151,0.002291428158,1
0.01139048953,0.007999291644,-0.0004594056809,0.002133733826,1
0.01139048953,0.007856126875,-0.0006377412938,0.002328939736,1
0.01139048953,0.007712963037,-0.0004628184251,0.002328475239,2
0.01139048953,0.0075697992,-0.000343425927,0.002430055989,1
0.01139048953,0.007426635362,-0.0002685325453,0.00252710795,1
0.01139048953,0.007283471059,-0.0002372320596,0.00241156132,1
0.01139048953,0.007140307222,-0.0003559840843,0.002327141352,2
0.01139048953,0.006997142918,-0.0004770496162,0.002155225491,1
0.01139048953,0.006853979081,-0.0003514537821,0.00259363302,1
0.01139048953,0.006710814778,-0.0002980926656,0.002352572978,1
0.01139048953,0.00656765094,-0.000298588915,0.001929680468,1
0.01139048953,0.006424486637,-0.0002939286351,0.001824179897,1
0.01139048953,0.0062813228,3.748410381e-05,0.001928750775,1
0.01139048953,0.006138158496,2.067932655e-05,0.001623934135,1
0.01139048953,0.005994994659,-3.274784831e-05,0.001845779596,2
0.01139048953,0.005851830821,-6.865367322e-05,0.00188278628,2
0.01139048953,0.005708666518,-2.621185195e-05,0.001763648121,2
0.01139048953,0.005565502681,5.880723256e-05,0.001831986243,2
0.01139048953,0.005422338378,0.0001409495162,0.001910706051,2
0.01139048953,0.00527917454,6.530726387e-05,0.002011256292,2
0.01139048953,0.005136010237,-0.0001164771311,0.002041890053,2
0.01139048953,0.0049928464,-0.0001081046212,0.00200580107,1
0.01139048953,0.004849682096,-6.651849981e-05,0.001869192463,1
0.01139048953,0.004706518259,-4.677178367e-05,0.00180066179,1
0.01139048953,0.004563353956,3.146519157e-05,0.001992454054,1
0.01139048953,0.004420190118,0.0001219442274,0.002004342852,1
0.01139048953,0.004277025815,0.000183860946,0.001841815654,1
0.01139048953,0.004133861978,0.00032004682,0.001843221602,1
0.01139048953,0.00399069814,0.0003943216288,0.001750212396,1
0.01139048953,0.003847533837,0.0002560008725,0.00161402754,2
0.01139048953,0.003704369767,0.0004177487863,0.001512452029,1
0.01139048953,0.003561205696,0.0005166737246,0.001375953318,1
0.01139048953,0.003418041626,0.0006356238155,0.001497068093,1
0.01139048953,0.003274877556,0.0005838967627,0.0008855356136,1
0.01139048953,0.003131713718,0.0007620248361,0.001903562807,1
0.01139048953,0.002988549648,0.0005516699166,0.001178287086,1
0.01139048953,0.002845385578,0.0006272448227,0.001163317356,1
0.01139048953,0.002702221507,0.0006049365038,0.001393034938,1
0.01139048953,0.002559057437,0.0004751972156,0.00133348594,1
0.01139048953,0.002415893367,0.0004568246368,0.001506150584,2
0.01139048953,0.002272729296,0.0006238179049,0.001849846682,1
0.01139048953,0.002129565226,0.0005014576018,0.001781794243,1
0.01139048953,0.001986401156,0.0003698447254,0.0009768047603,1
0.01139048953,0.001843237202,0.0005401862436,0.001022960874,1
0.01139048953,0.001700073131,0.0005895530921,0.001039962866,1
0.01139048953,0.001556909061,0.0005670260871,0.001155757345,2
0.01139048953,0.001413744991,0.000748216873,0.001252758084,1
0.01139048953,0.00127058092,0.0008080999833,0.001314713503,1
0.01139048953,0.00112741685,0.0007209560135,0.001084358781,1
0.01139048953,0.0009842528962,0.0007090477156,0.00126336189,1
0.01139048953,0.0008410888258,0.0006805649027,0.001349763945,1
0.01139048953,0.0006979247555,0.0008023054688,0.001228899695,1
0.01139048953,0.0005547606852,0.0008371941512,0.001267062151,1
0.01139048953,0.000411596644,0.0007567446446,0.001137910178,1
0.01139048953,0.0002684326028,0.001052599633,0.000884735724,1
0.01139048953,0.000125268547,0.001179295476,0.0009143569623,1
0.01153365429,0.01916608773,-0.002202746924,0.003686787095,1
0.01153365429,0.01902292296,-0.001710915123,0.004192816094,1
0.01153365429,0.01887976006,-0.001747323899,0.004528664052,1
0.01153365429,0.01873659529,-0.001823538914,0.004416578449,2
0.01153365429,0.01859343052,-0.001964636147,0.004458201583,2
0.01153365429,0.01845026761,-0.001997711603,0.00445785746,2
0.01153365429,0.01830710284,-0.00168878003,0.004264193121,1
0.01153365429,0.01816393808,-0.002528985497,0.005211720243,1
0.01153365429,0.01802077517,-0.002344693523,0.004816944711,2
0.01153365429,0.0178776104,-0.002539000008,0.004561228678,2
0.01153365429,0.01773444749,-0.002677314216,0.004606438801,1
0.01153365429,0.01759128273,-0.002622034634,0.004416037817,1
0.01153365429,0.01744811796,-0.002836132888,0.004704036284,1
0.01153365429,0.01730495505,-0.002957848366,0.004473755602,1
0.01153365429,0.01716179028,-0.003271592781,0.004171531182,1
0.01153365429,0.01701862738,-0.003460250329,0.004362629727,1
0.01153365429,0.01687546261,-0.003387803677,0.004608932883,1
0.01153365429,0.01673229784,-0.003461299464,0.004643926397,1
0.01153365429,0.01658913493,-0.003478338476,0.005184806418,1
0.01153365429,0.01644597016,-0.003385890042,0.004650215153,2
0.01153365429,0.01630280726,-0.003293333808,0.004649757873,2
0.01153365429,0.01615964249,-0.0031605314,0.004904503934,1
0.01153365429,0.01601647772,-0.003078502836,0.003794188611,1
0.01153365429,0.01587331481,-0.002714676317,0.00402710028,1
0.01153365429,0.01573015004,-0.002272216836,0.004118890967,1
0.01153365429,0.01558698621,-0.00227012462,0.003806137014,1
0.01153365429,0.01544382237,-0.0021812513,0.003747127485,1
0.01153365429,0.0153006576,-0.002093226183,0.003954451531,1
0.01153365429,0.01515749376,-0.002269921824,0.004234840628,1
0.01153365429,0.01501432993,-0.002236121101,0.00455306517,1
0.01153365429,0.01487116609,-0.002012910554,0.004367238842,2
0.01153365429,0.01472800132,-0.001675533247,0.00411602715,2
0.01153365429,0.01458483748,-0.001003186451,0.003454039106,1
0.01153365429,0.01444167364,-0.001513766474,0.003092719242,1
0.01153365429,0.01429850981,-0.001386344549,0.003807432018,1
0.01153365429,0.01415534597,-0.001341388444,0.004142166581,1
0.01153365429,0.0140121812,-0.001219377387,0.004334872589,1
0.01153365429,0.01386901736,-0.0009689707658,0.004321127664,1
0.01153365429,0.01372585353,-0.0006696797209,0.003921589814,1
0.01153365429,0.01358268969,-0.0006285784766,0.003903565928,1
0.01153365429,0.01343952492,-0.0006791095948,0.00389160309,1
0.01153365429,0.01329636108,-0.0007421133341,0.003666480538,1
0.01153365429,0.01315319724,-0.0007227323949,0.003496134654,1
0.01153365429,0.01301003341,-0.0006928146468,0.004181132652,1
0.01153365429,0.01286686864,-0.000673192495,0.004097916186,1
0.01153365429,0.0127237048,-0.001175170066,0.003867645049,1
0.01153365429,0.01258054096,-0.0007979668444,0.003637346672,2
0.01153365429,0.01243737713,-0.000684487808,0.003484163433,2
0.01153365429,0.01229421329,-0.0006055391859,0.003456196049,1
0.01153365429,0.01215104852,-0.0007053093286,0.003670221427,1
0.01153365429,0.01200788468,-0.0005650086678,0.003645993536,1
0.01153365429,0.01186472084,-0.0004572767648,0.003443219,1
0.01153365429,0.01172155701,-0.0004818313755,0.003287745873,1
0.01153365429,0.01157839224,-0.0004185150028,0.003253682749,2
0.01153365429,0.0114352284,-0.0003893856192,0.003313662484,1
0.01153365429,0.01129206456,-0.0003880528966,0.003491979558,1
0.01153365429,0.01114890072,-0.0007655835361,0.003458952066,1
0.01153365429,0.01100573689,-0.001509301946,0.003529570065,1
0.01153365429,0.01086257212,-0.001009171479,0.003043510718,2
0.01153365429,0.01071940828,-0.0008583273157,0.002715165494,1
0.01153365429,0.01057624444,-0.0006346805603,0.002767605009,1
0.01153365429,0.01043308061,-0.00041548835,0.003101737937,1
0.01153365429,0.01028991584,-0.0004486221296,0.002877718769,1
0.01153365429,0.010146752,-0.0005995408283,0.00368757057,1
0.01153365429,0.01000358816,-0.0005943152355,0.003066907171,1
0.01153365429,0.009860424325,-0.0006032035453,0.003046976402,1
0.01153365429,0.009717259556,-0.000495000626,0.00265556504,1
0.01153365429,0.009574095719,-0.0006995919975,0.001765413093,1
0.01153365429,0.009430931881,-0.0006651883014,0.002514287364,2
0.01153365429,0.009287768044,-0.0004950441653,0.002922374057,1
0.01153365429,0.009144604206,-0.0004894648446,0.002992278896,1
0.01153365429,0.009001439437,-0.0005841215607,0.003050683066,1
0.01153365429,0.0088582756,-0.0001476615726,0.002278893022,1
0.01153365429,0.008715111762,-0.0002325306705,0.002374760341,1
0.01153365429,0.008571947925,-0.0004040538333,0.002642657841,1
0.01153365429,0.008428783156,-0.0004753860121,0.00265654549,1
0.01153365429,0.008285619318,-0.0005045504658,0.002611053642,1
0.01153365429,0.008142455481,-0.0005420793314,0.002635726705,1
0.01153365429,0.007999291644,-0.0005265481304,0.002441081684,2
0.01153365429,0.007856126875,-0.0005733645521,0.002414806513,2
0.01153365429,0.007712963037,-0.0005495606456,0.002437416464,1
0.01153365429,0.0075697992,-0.0003533765848,0.00258542248,1
0.01153365429,0.007426635362,-0.0002015229693,0.00271818717,1
0.01153365429,0.007283471059,-0.0002766874095,0.002746153623,1
0.01153365429,0.007140307222,-0.00035426463,0.002814887092,1
0.01153365429,0.006997142918,-0.000247566757,0.002361480845,1
0.01153365429,0.006853979081,-0.0003063447657,0.002420557663,1
0.01153365429,0.006710814778,-0.0002688704408,0.002138902666,1
0.01153365429,0.00656765094,-0.0002271097474,0.001848811051,1
0.01153365429,0.006424486637,3.587457832e-05,0.002078213496,1
0.01153365429,0.0062813228,7.312535308e-05,0.00210806448,1
0.01153365429,0.006138158496,-0.0001071944353,0.001728611649,1
0.01153365429,0.005994994659,-5.947390309e-05,0.00202525733,2
0.01153365429,0.005851830821,-0.0002425455896,0.0020105117,3
0.01153365429,0.005708666518,-6.876875705e-05,0.001602988574,1
0.01153365429,0.005565502681,0.0001338068832,0.001927972655,2
0.01153365429,0.005422338378,0.000436477625,0.002123656683,1
0.01153365429,0.00527917454,0.0003016012779,0.002149069915,1
0.01153365429,0.005136010237,0.000192102787,0.002129838336,1
0.01153365429,0.0049928464,-0.0001029304258,0.002192588523,1
0.01153365429,0.004849682096,8.754749433e-05,0.002435107017,1
0.01153365429,0.004706518259,0.0001444049267,0.002241828712,2
0.01153365429,0.004563353956,0.0002841542591,0.002359231003,1
0.01153365429,0.004420190118,7.889741391e-05,0.00224112859,1
0.01153365429,0.004277025815,-7.936075417e-05,0.002116473857,1
0.01153365429,0.004133861978,0.0003899086441,0.002010449534,1
0.01153365429,0.00399069814,0.0002494656655,0.001867854968,1
0.01153365429,0.003847533837,2.811021295e-05,0.001745393965,1
0.01153365429,0.003704369767,-0.0001445499511,0.001850683126,1
0.01153365429,0.003561205696,0.0009531623218,0.001625518315,1
0.01153365429,0.003418041626,0.0008771800203,0.001727750408,1
0.01153365429,0.003274877556,0.000647931709,0.001995553495,1
0.01153365429,0.003131713718,0.0007636412629,0.001972030383,1
0.01153365429,0.002988549648,0.0005906561855,0.001685081399,1
0.01153365429,0.002845385578,0.0005138323177,0.001499732491,1
0.01153365429,0.002702221507,0.000379403471,0.002115741139,1
0.01153365429,0.002559057437,0.0004800974857,0.001965619856,1
0.01153365429,0.002415893367,0.0003777542152,0.001505395398,1
0.01153365429,0.002272729296,0.0004194744688,0.00147530809,1
0.01153365429,0.002129565226,0.0003559902252,0.00140974985,1
0.01153365429,0.001986401156,0.0003125166404,0.001171211363,1
0.01153365429,0.001843237202,0.0005858230288,0.001235814067,1
0.01153365429,0.001700073131,0.0005028400919,0.001127050957,1
0.01153365429,0.001556909061,0.0004264989984,0.0009890748188,1
0.01153365429,0.001413744991,0.0007485638489,0.001491324278,1
0.01153365429,0.00127058092,0.0007149641751,0.001570021734,1
0.01153365429,0.00112741685,0.0005888585583,0.001309415791,1
0.01153365429,0.0009842528962,0.0005284161307,0.001375465421,1
0.01153365429,0.0008410888258,0.0005749385455,0.001323531498,1
0.01153365429,0.0006979247555,0.0006613832666,0.001196829835,1
0.01153365429,0.0005547606852,0.0003916591522,0.00120811048,1
0.01153365429,0.000411596644,0.0005116264801,0.001084318501,1
0.01153365429,0.0002684326028,0.0009145276272,0.0008868966834,1
0.01153365429,0.000125268547,0.00169034896,0.000667491986,1
0.01167681813,0.01916608773,-0.002015135717,0.004662836436,1
0.01167681813,0.01902292296,-0.001204964006,0.004560076166,1
0.01167681813,0.01887976006,-0.001445681788,0.004532815423,2
0.01167681813,0.01873659529,-0.001599420793,0.004527769983,1
0.01167681813,0.01859343052,-0.001905984245,0.004566205665,2
0.01167681813,0.01845026761,-0.002073235111,0.004574192688,2
0.01167681813,0.01830710284,-0.001987653784,0.004494139925,1
0.01167681813,0.01816393808,-0.001894760411,0.004332968965,1
0.01167681813,0.01802077517,-0.001642597723,0.004737450276,1
0.01167681813,0.0178776104,-0.002565071918,0.004472512752,1
0.01167681813,0.01773444749,-0.003167937975,0.005319875665,1
0.01167681813,0.01759128273,-0.00273866998,0.004597531632,1
0.01167681813,0.01744811796,-0.002815951826,0.004050086718,1
0.01167681813,0.01730495505,-0.002806102857,0.00427612802,1
0.01167681813,0.01716179028,-0.003023307305,0.004101472907,1
0.01167681813,0.01701862738,-0.003347209655,0.004416971933,1
0.01167681813,0.01687546261,-0.003497258527,0.004845807794,1
0.01167681813,0.01673229784,-0.003595647169,0.005029421765,1
0.01167681813,0.01658913493,-0.003486458445,0.005000162404,1
0.01167681813,0.01644597016,-0.003429814707,0.004531363025,1
0.01167681813,0.01630280726,-0.003394705011,0.004812677857,1
0.01167681813,0.01615964249,-0.003097074805,0.004393269308,1
0.01167681813,0.01601647772,-0.00272257952,0.003732648678,1
0.01167681813,0.01587331481,-0.002517729532,0.003718316788,1
0.01167681813,0.01573015004,-0.002264925046,0.004048171453,1
0.01167681813,0.01558698621,-0.00214352482,0.004371043295,1
0.01167681813,0.01544382237,-0.002091350034,0.00415954506,1
0.01167681813,0.0153006576,-0.00204500882,0.004146104679,1
0.01167681813,0.01515749376,-0.001943277777,0.004390516784,1
0.01167681813,0.01501432993,-0.002116824966,0.004581635352,2
0.01167681813,0.01487116609,-0.002068043686,0.004741902463,2
0.01167681813,0.01472800132,-0.002005251823,0.004758329131,2
0.01167681813,0.01458483748,-0.001838720054,0.004462025128,2
0.01167681813,0.01444167364,-0.001732744277,0.004527417477,2
0.01167681813,0.01429850981,-0.001576561132,0.004780687857,2
0.01167681813,0.01415534597,-0.00118167582,0.004585792776,2
0.01167681813,0.0140121812,-0.001138441032,0.004425121937,1
0.01167681813,0.01386901736,-0.001249696594,0.00435806904,1
0.01167681813,0.01372585353,-0.001255477895,0.004218003247,1
0.01167681813,0.01358268969,-0.0008985247696,0.004236424342,1
0.01167681813,0.01343952492,-0.0006763393758,0.004273865372,1
0.01167681813,0.01329636108,-0.0008407908608,0.004146205727,1
0.01167681813,0.01315319724,-0.0008396566263,0.003568224143,3
0.01167681813,0.01301003341,-0.0008685380453,0.003840842517,1
0.01167681813,0.01286686864,-0.0007788692601,0.003910552245,1
0.01167681813,0.0127237048,-0.0007944460376,0.003865105798,1
0.01167681813,0.01258054096,-0.0007614755305,0.003772102529,2
0.01167681813,0.01243737713,-0.0006924872287,0.003506995272,1
0.01167681813,0.01229421329,-0.0006973599084,0.003812615993,1
0.01167681813,0.01215104852,-0.0007252102951,0.003971510567,1
0.01167681813,0.01200788468,-0.0007166038267,0.003916606307,1
0.01167681813,0.01186472084,-0.0006540644681,0.003687427146,1
0.01167681813,0.01172155701,-0.0008542329306,0.003358640708,1
0.01167681813,0.01157839224,-0.0004982132232,0.00326086767,1
0.01167681813,0.0114352284,-0.0003928291844,0.003415733809,1
0.01167681813,0.01129206456,-0.000391505484,0.003753774101,1
0.01167681813,0.01114890072,-0.0006715992349,0.003655746346,1
0.01167681813,0.01100573689,-0.0002845372946,0.003045500023,1
0.01167681813,0.01086257212,-0.0009178685141,0.003158243606,1
0.01167681813,0.01071940828,-0.0007630856708,0.003243861021,1
0.01167681813,0.01057624444,-0.0004846499651,0.003254785901,1
0.01167681813,0.01043308061,-0.0003981120826,0.003468032693,1
0.01167681813,0.01028991584,-0.0005919555551,0.003992313053,1
0.01167681813,0.010146752,-0.000545348681,0.003636282403,2
0.01167681813,0.01000358816,-0.0005478827516,0.003103553085,1
0.01167681813,0.009860424325,-0.0005502754939,0.002798118396,1
0.01167681813,0.009717259556,-0.0005832619499,0.002879287815,1
0.01167681813,0.009574095719,-0.0006473358953,0.00253558252,2
0.01167681813,0.009430931881,-0.0006691152812,0.002805321943,2
0.01167681813,0.009287768044,-0.00069747417,0.003282639896,1
0.01167681813,0.009144604206,-0.0003988136596,0.003086469602,1
0.01167681813,0.009001439437,-0.000243935021,0.003277323209,1
0.01167681813,0.0088582756,-0.0004000970221,0.00294082542,1
0.01167681813,0.008715111762,-0.0004276366672,0.002586399671,1
0.01167681813,0.008571947925,-0.0002948191832,0.003173940117,1
0.01167681813,0.008428783156,-0.0003908727085,0.003121392801,1
0.01167681813,0.008285619318,-0.0004658132384,0.002877206774,1
0.01167681813,0.008142455481,-0.0005263078492,0.002932568779,1
0.01167681813,0.007999291644,-0.0005313428119,0.002580060158,2
0.01167681813,0.007856126875,-0.0005796082551,0.002451788168,1
0.01167681813,0.007712963037,-0.0003670647857,0.002736839931,1
0.01167681813,0.0075697992,-0.0002482940909,0.002655545482,1
0.01167681813,0.007426635362,-0.0001423092181,0.002726654755,1
0.01167681813,0.007283471059,-0.0002537333639,0.003011626424,1
0.01167681813,0.007140307222,-0.0002578539425,0.00293617323,1
0.01167681813,0.006997142918,-0.0002972934162,0.002570121549,1
0.01167681813,0.006853979081,-0.0002955403761,0.00258831121,1
0.01167681813,0.006710814778,-0.0001485630637,0.002244319301,1
0.01167681813,0.00656765094,-2.596811464e-05,0.002086427761,1
0.01167681813,0.006424486637,-4.632333003e-05,0.002621907275,1
0.01167681813,0.0062813228,-3.644120443e-05,0.002403314458,2
0.01167681813,0.006138158496,-1.695602987e-05,0.002130800392,2
0.01167681813,0.005994994659,0.0001445922535,0.002516126959,1
0.01167681813,0.005851830821,-0.0002238403249,0.00225892337,1
0.01167681813,0.005708666518,-0.0001450826239,0.001926429919,1
0.01167681813,0.005565502681,0.0001087113997,0.002153259469,2
0.01167681813,0.005422338378,0.0004457958275,0.002284375718,1
0.01167681813,0.00527917454,0.0003561651683,0.002266054507,1
0.01167681813,0.005136010237,0.0002439414384,0.00223077368,1
0.01167681813,0.0049928464,0.0002540099958,0.002113871276,1
0.01167681813,0.004849682096,0.0004758599389,0.002387291053,1
0.01167681813,0.004706518259,0.0002526897297,0.002372314921,2
0.01167681813,0.004563353956,0.0001225135638,0.002406423446,1
0.01167681813,0.004420190118,0.0001220403283,0.00241687824,1
0.01167681813,0.004277025815,8.869584417e-05,0.002393295756,1
0.01167681813,0.004133861978,0.0002400753583,0.002093524672,2
0.01167681813,0.00399069814,0.0002396942436,0.001731300959,1
0.01167681813,0.003847533837,0.0003007382911,0.001606515609,1
0.01167681813,0.003704369767,2.945695633e-05,0.001842256403,1
0.01167681813,0.003561205696,0.0007378252922,0.001790356822,1
0.01167681813,0.003418041626,0.0007443220238,0.001939367503,1
0.01167681813,0.003274877556,0.0007014470175,0.001972171711,1
0.01167681813,0.003131713718,0.0006851730868,0.001790000708,1
0.01167681813,0.002988549648,0.000589670497,0.001642260468,1
0.01167681813,0.002845385578,0.0005726001109,0.001684121089,1
0.01167681813,0.002702221507,0.0003452163364,0.001514317002,1
0.01167681813,0.002559057437,0.0002919535036,0.001714373822,1
0.01167681813,0.002415893367,0.0003981226764,0.002057617065,1
0.01167681813,0.002272729296,0.000493692467,0.002094210126,1
0.01167681813,0.002129565226,0.0004121480451,0.001651165774,1
0.01167681813,0.001986401156,0.0004258061235,0.001540817437,1
0.01167681813,0.001843237202,0.0005590550136,0.001731483033,1
0.01167681813,0.001700073131,0.0004206251178,0.0015734724,1
0.01167681813,0.001556909061,0.0004271689395,0.00146476808,1
0.01167681813,0.001413744991,0.0009612612776,0.001549457898,1
0.01167681813,0.00127058092,0.0008611716912,0.00163395959,1
0.01167681813,0.00112741685,0.0005667269579,0.001601434895,1
0.01167681813,0.0009842528962,0.0002747330873,0.001421540743,1
0.01167681813,0.0008410888258,0.0006943740882,0.001322268159,1
0.01167681813,0.0006979247555,0.0006023177411,0.001237709192,1
0.01167681813,0.0005547606852,0.0004171922919,0.00140038284,1
0.01167681813,0.000411596644,0.0004736780538,0.001418746542,1
0.01167681813,0.0002684326028,0.001008819556,0.0009614704759,1
0.01167681813,0.000125268547,0.001346320729,0.0006110871327,1
0.01181998197,0.01916608773,-0.002608855488,0.005293740425,1
0.01181998197,0.01902292296,-0.001430499018,0.004921717569,1
0.01181998197,0.01887976006,-0.001231018221,0.004514750559,1
0.01181998197,0.01873659529,-0.001541719656,0.004700117745,1
0.01181998197,0.01859343052,-0.001986644929,0.004704658408,1
0.01181998197,0.01845026761,-0.00240159058,0.004778568167,1
0.01181998197,0.01830710284,-0.00234705559,0.004655818455,1
0.01181998197,0.01816393808,-0.001731751719,0.004555529449,2
0.01181998197,0.01802077517,-0.001585941995,0.004726645071,1
0.01181998197,0.0178776104,-0.001938578323,0.004745372105,1
0.01181998197,0.01773444749,-0.002665537642,0.004923111759,1
0.01181998197,0.01759128273,-0.002905505477,0.004746474791,1
0.01181998197,0.01744811796,-0.002925465815,0.004296823405,2
0.01181998197,0.01730495505,-0.003015652066,0.004501190968,2
0.01181998197,0.01716179028,-0.002971772803,0.004604595713,1
0.01181998197,0.01701862738,-0.003260764061,0.004350604024,1
0.01181998197,0.01687546261,-0.00359821436,0.004695537966,1
0.01181998197,0.01673229784,-0.003577948315,0.005028986372,2
0.01181998197,0.01658913493,-0.003871514928,0.005344138946,1
0.01181998197,0.01644597016,-0.003045956139,0.004463588819,1
0.01181998197,0.01630280726,-0.003228531219,0.00484584691,1
0.01181998197,0.01615964249,-0.002779504051,0.004824884702,1
0.01181998197,0.01601647772,-0.002786545549,0.004551258404,1
0.01181998197,0.01587331481,-0.002658351324,0.004313166719,1
0.01181998197,0.01573015004,-0.002480902942,0.004279172514,1
0.01181998197,0.01558698621,-0.002316860249,0.004620159976,1
0.01181998197,0.01544382237,-0.002311753808,0.004386318382,1
0.01181998197,0.0153006576,-0.002093457617,0.004506826401,1
0.01181998197,0.01515749376,-0.002126968931,0.004548624158,1
0.01181998197,0.01501432993,-0.002219857415,0.004641055595,1
0.01181998197,0.01487116609,-0.002137187403,0.005260407925,1
0.01181998197,0.01472800132,-0.002438710537,0.005713361315,1
0.01181998197,0.01458483748,-0.002613697667,0.005108315498,1
0.01181998197,0.01444167364,-0.002001929795,0.005774238147,1
0.01181998197,0.01429850981,-0.002005479764,0.006202109158,1
0.01181998197,0.01415534597,-0.0006703126128,0.004995193798,1
0.01181998197,0.0140121812,-0.001098826993,0.004544503987,1
0.01181998197,0.01386901736,-0.001385166426,0.00425351318,1
0.01181998197,0.01372585353,-0.00154871773,0.004660369828,1
0.01181998197,0.01358268969,-0.001460023574,0.004634103272,1
0.01181998197,0.01343952492,-0.001267253538,0.004659165628,1
0.01181998197,0.01329636108,-0.0009112656116,0.004667322151,1
0.01181998197,0.01315319724,-0.0008827176644,0.004343123175,1
0.01181998197,0.01301003341,-0.000718821073,0.003989090212,1
0.01181998197,0.01286686864,-0.0007540525403,0.004039267078,1
0.01181998197,0.0127237048,-0.0008578916895,0.004121448845,1
0.01181998197,0.01258054096,-0.0007610018365,0.004078963306,1
0.01181998197,0.01243737713,-0.0007770521916,0.004211890511,1
0.01181998197,0.01229421329,-0.000764863973,0.004192329943,1
0.01181998197,0.01215104852,-0.0007006247761,0.004199554678,2
0.01181998197,0.01200788468,-0.0005734582082,0.00413468387,1
0.01181998197,0.01186472084,-0.0005193414399,0.004220114555,1
0.01181998197,0.01172155701,-0.0003322244738,0.003678139532,1
0.01181998197,0.01157839224,-0.0002984550665,0.003518257057,1
0.01181998197,0.0114352284,-0.000317527185,0.003582360456,1
0.01181998197,0.01129206456,-0.0004468032566,0.003762201406,1
0.01181998197,0.01114890072,-0.0003450304794,0.003647608683,1
0.01181998197,0.01100573689,-0.0003316107905,0.003194626188,1
0.01181998197,0.01086257212,-0.00107860507,0.003412825521,1
0.01181998197,0.01071940828,-0.0007943559322,0.003489784664,1
0.01181998197,0.01057624444,-0.0005509987823,0.00358749181,1
0.01181998197,0.01043308061,-0.0005149552017,0.003746472066,1
0.01181998197,0.01028991584,-0.000463069242,0.003939424176,1
0.01181998197,0.010146752,-0.0004420156183,0.003761692904,1
0.01181998197,0.01000358816,-0.0005704985233,0.003324514022,1
0.01181998197,0.009860424325,-0.000508808298,0.002824873896,1
0.01181998197,0.009717259556,-0.0005704023642,0.002823570045,1
0.01181998197,0.009574095719,-0.0006373744691,0.00269230688,1
0.01181998197,0.009430931881,-0.0006664626999,0.00288877869,1
0.01181998197,0.009287768044,-0.0005826866836,0.00321085914,2
0.01181998197,0.009144604206,-0.0003522633633,0.003241634928,1
0.01181998197,0.009001439437,-0.0004053004668,0.003452297533,1
0.01181998197,0.0088582756,-0.0005626321072,0.00328877219,1
0.01181998197,0.008715111762,-0.0006855928805,0.00317636854,1
0.01181998197,0.008571947925,-0.000479818962,0.003480451414,1
0.01181998197,0.008428783156,-0.0004099530925,0.003017557319,1
0.01181998197,0.008285619318,-0.0003624200472,0.002534391358,1
0.01181998197,0.008142455481,-0.0005349122221,0.002521729562,1
0.01181998197,0.007999291644,-0.0004929071874,0.002494802233,1
0.01181998197,0.007856126875,-0.0003450194199,0.002837248379,1
0.01181998197,0.007712963037,-0.0001872583962,0.002914282959,1
0.01181998197,0.0075697992,-0.0001649178448,0.002983950078,1
0.01181998197,0.007426635362,-0.0002325338719,0.002923628548,1
0.01181998197,0.007283471059,-0.0001036091635,0.002985453,1
0.01181998197,0.007140307222,-9.738482186e-05,0.002920940751,1
0.01181998197,0.006997142918,-0.0003200373612,0.002713112626,1
0.01181998197,0.006853979081,-0.0002943838772,0.002704678802,1
0.01181998197,0.006710814778,-0.0001290460496,0.002491627587,1
0.01181998197,0.00656765094,-5.493882782e-05,0.002732350957,1
0.01181998197,0.006424486637,-0.0002083748404,0.002774105407,1
0.01181998197,0.0062813228,-0.0001556108182,0.002752486616,1
0.01181998197,0.006138158496,-6.8780726e-05,0.001875148155,1
0.01181998197,0.005994994659,0.0001067632766,0.002502324758,1
0.01181998197,0.005851830821,-3.927071521e-05,0.002229889855,1
0.01181998197,0.005708666518,-0.0002907990711,0.002227817895,1
0.01181998197,0.005565502681,3.25507699e-07,0.002474259585,2
0.01181998197,0.005422338378,0.0001150834869,0.002592711477,1
0.01181998197,0.00527917454,0.0005445197457,0.002389190951,1
0.01181998197,0.005136010237,0.00030683566,0.002285392256,1
0.01181998197,0.0049928464,0.0002796377812,0.002194205532,1
0.01181998197,0.004849682096,0.0002480071853,0.002404984552,1
0.01181998197,0.004706518259,0.0002679805621,0.002453716705,2
0.01181998197,0.004563353956,5.309884727e-07,0.00250453339,1
0.01181998197,0.004420190118,8.337280451e-05,0.002527890727,1
0.01181998197,0.004277025815,0.0003253197938,0.002526039723,1
0.01181998197,0.004133861978,0.0002420027449,0.002239051973,2
0.01181998197,0.00399069814,0.000220994596,0.002095389413,1
0.01181998197,0.003847533837,0.0002914012002,0.001972531201,1
0.01181998197,0.003704369767,0.0004234387306,0.00194120896,1
0.01181998197,0.003561205696,0.0005028920132,0.001825078507,1
0.01181998197,0.003418041626,0.0005695560831,0.001994776074,1
0.01181998197,0.003274877556,0.0006094046403,0.002032492775,1
0.01181998197,0.003131713718,0.0006292742328,0.00189980038,1
0.01181998197,0.002988549648,0.0006098688464,0.001774755656,1
0.01181998197,0.002845385578,0.0008266743971,0.001753697637,1
0.01181998197,0.002702221507,0.0003598192125,0.001683588373,1
0.01181998197,0.002559057437,0.0001404098439,0.001908775652,1
0.01181998197,0.002415893367,0.0004102140374,0.002158450661,1
0.01181998197,0.002272729296,0.0005565706524,0.002129809465,1
0.01181998197,0.002129565226,0.0005569232744,0.001964973984,1
0.01181998197,0.001986401156,0.0006173036527,0.001801441656,1
0.01181998197,0.001843237202,0.0006492293905,0.002034186386,1
0.01181998197,0.001700073131,0.0006239225622,0.002006811788,1
0.01181998197,0.001556909061,0.0006325673312,0.001766367583,1
0.01181998197,0.001413744991,0.001083227457,0.001680666348,1
0.01181998197,0.00127058092,0.0008716985467,0.001731212134,1
0.01181998197,0.00112741685,0.0006091637188,0.001770514762,1
0.01181998197,0.0009842528962,0.0004188320308,0.001680041081,1
0.01181998197,0.0008410888258,0.0003706871648,0.001435198239,1
0.01181998197,0.0006979247555,0.0004688884655,0.001439962885,1
0.01181998197,0.0005547606852,0.0006288009463,0.001642649877,1
0.01181998197,0.000411596644,0.0006664632238,0.001551043009,1
0.01181998197,0.0002684326028,0.0005820569349,0.001182725187,1
0.01181998197,0.000125268547,0.0003310024622,0.001594306668,1
0.01196314581,0.01916608773,-0.002050626557,0.00521671446,2
0.01196314581,0.01902292296,-0.001677118125,0.00512516452,1
0.01196314581,0.01887976006,-0.001475691912,0.005057077389,1
0.01196314581,0.01873659529,-0.001685287454,0.004991705995,1
0.01196314581,0.01859343052,-0.002143757883,0.004995576572,1
0.01196314581,0.01845026761,-0.002455707174,0.005012433976,1
0.01196314581,0.01830710284,-0.001458817627,0.004623174667,1
0.01196314581,0.01816393808,-0.001099248999,0.004506686237,1
0.01196314581,0.01802077517,-0.001535987947,0.00470054755,1
0.01196314581,0.0178776104,-0.001899545197,0.004880578257,1
0.01196314581,0.01773444749,-0.002679926809,0.005160846747,1
0.01196314581,0.01759128273,-0.002971504582,0.005027296487,1
0.01196314581,0.01744811796,-0.002964754123,0.003889540909,1
0.01196314581,0.01730495505,-0.00335926679,0.004827216733,1
0.01196314581,0.01716179028,-0.003195379395,0.004611697514,1
0.01196314581,0.01701862738,-0.003128956072,0.004391052295,1
0.01196314581,0.01687546261,-0.003202070948,0.004567991011,1
0.01196314581,0.01673229784,-0.003246417735,0.005046846345,1
0.01196314581,0.01658913493,-0.003281747224,0.005167505238,1
0.01196314581,0.01644597016,-0.002876606537,0.005129567813,2
0.01196314581,0.01630280726,-0.002769649727,0.00528026605,2
0.01196314581,0.01615964249,-0.00249153655,0.005398703739,1
0.01196314581,0.01601647772,-0.00248275511,0.005405221134,1
0.01196314581,0.01587331481,-0.002775689121,0.00496412022,1
0.01196314581,0.01573015004,-0.002886739559,0.004640505183,1
0.01196314581,0.01558698621,-0.00279956148,0.004838869441,1
0.01196314581,0.01544382237,-0.002354233293,0.00422475161,1
0.01196314581,0.0153006576,-0.002190637169,0.005194711499,1
0.01196314581,0.01515749376,-0.002199114766,0.005145519041,1
0.01196314581,0.01501432993,-0.00222267583,0.004981841892,1
0.01196314581,0.01487116609,-0.002119459445,0.005453822669,1
0.01196314581,0.01472800132,-0.002512792824,0.005935684312,1
0.01196314581,0.01458483748,-0.00229173433,0.005700010341,1
0.01196314581,0.01444167364,-0.001986565068,0.006058997475,1
0.01196314581,0.01429850981,-0.001737267943,0.005965255201,2
0.01196314581,0.01415534597,-0.001378121437,0.005570204463,2
0.01196314581,0.0140121812,-0.001660407288,0.005272151902,1
0.01196314581,0.01386901736,-0.00134910224,0.005167652387,1
0.01196314581,0.01372585353,-0.00122007879,0.004973241594,1
0.01196314581,0.01358268969,-0.0009831042262,0.005019611679,1
0.01196314581,0.01343952492,-0.0008146290784,0.00494556129,1
0.01196314581,0.01329636108,-0.0008740755147,0.004889169708,1
0.01196314581,0.01315319724,-0.0008967380854,0.004748937208,1
0.01196314581,0.01301003341,-0.0007474329905,0.004349423572,1
0.01196314581,0.01286686864,-0.0006592030404,0.004150192253,1
0.01196314581,0.0127237048,-0.0008588598575,0.004312897101,1
0.01196314581,0.01258054096,-0.000805636053,0.00424319366,1
0.01196314581,0.01243737713,-0.0005547617329,0.004385478329,1
0.01196314581,0.01229421329,-0.0006447127089,0.00439320365,1
0.01196314581,0.01215104852,-0.0007389666862,0.004499694332,1
0.01196314581,0.01200788468,-0.000616178615,0.004385825247,1
0.01196314581,0.01186472084,-0.0005530625349,0.00407093903,1
0.01196314581,0.01172155701,-0.0003405558236,0.003964520525,1
0.01196314581,0.01157839224,-0.0002168575593,0.003860899713,1
0.01196314581,0.0114352284,-0.0004713014932,0.003907153849,1
0.01196314581,0.01129206456,-0.0007095072069,0.003813599469,1
0.01196314581,0.01114890072,-0.0006139765028,0.003460895969,1
0.01196314581,0.01100573689,-0.001343466109,0.003630553605,1
0.01196314581,0.01086257212,-0.0007295729592,0.003769274568,1
0.01196314581,0.01071940828,-0.0006069809897,0.003987835255,1
0.01196314581,0.01057624444,-0.0005973227089,0.003726028837,1
0.01196314581,0.01043308061,-0.0006381943822,0.00385348429,1
0.01196314581,0.01028991584,-0.0005178915453,0.004409040324,1
0.01196314581,0.010146752,-0.0005278912722,0.004228302743,1
0.01196314581,0.01000358816,-0.0003982408089,0.00301553146,1
0.01196314581,0.009860424325,-0.0005929655163,0.00254780706,1
0.01196314581,0.009717259556,-0.0006090174429,0.002365005901,1
0.01196314581,0.009574095719,-0.0008322805515,0.003132446436,1
0.01196314581,0.009430931881,-0.0008682348416,0.003320938908,1
0.01196314581,0.009287768044,-0.0006145465304,0.00343038328,2
0.01196314581,0.009144604206,-0.0005210899399,0.00341071072,2
0.01196314581,0.009001439437,-0.0005676962901,0.003561667865,1
0.01196314581,0.0088582756,-0.0005629938096,0.003534798278,1
0.01196314581,0.008715111762,-0.0005725394003,0.003694857005,1
0.01196314581,0.008571947925,-0.0004429031105,0.003628354985,1
0.01196314581,0.008428783156,-0.0003946008801,0.003187048016,1
0.01196314581,0.008285619318,-0.0004153844493,0.003132253885,1
0.01196314581,0.008142455481,-0.0003754525678,0.003061312716,1
0.01196314581,0.007999291644,-0.000347668567,0.003022239311,1
0.01196314581,0.007856126875,-0.0003534223943,0.003022961784,1
0.01196314581,0.007712963037,-0.0002444177517,0.003051234409,1
0.01196314581,0.0075697992,-0.0002882717818,0.003030204214,1
0.01196314581,0.007426635362,-0.0004567770811,0.002828831552,1
0.01196314581,0.007283471059,-0.0004015876621,0.002486341633,1
0.01196314581,0.007140307222,-4.06686886e-05,0.002596708015,1
0.01196314581,0.006997142918,-0.0002956087119,0.00289815478,1
0.01196314581,0.006853979081,-0.0002420582023,0.002695041941,1
0.01196314581,0.006710814778,-0.0001671752252,0.002307929797,1
0.01196314581,0.00656765094,-1.352135041e-05,0.002960134996,1
0.01196314581,0.006424486637,0.0001430943666,0.003168839728,1
0.01196314581,0.0062813228,0.0001001476267,0.00307290745,1
0.01196314581,0.006138158496,0.0001380634058,0.003734647529,1
0.01196314581,0.005994994659,0.0002149355569,0.00290280208,1
0.01196314581,0.005851830821,-1.862565296e-05,0.0024937829,1
0.01196314581,0.005708666518,1.365571734e-05,0.002772505628,1
0.01196314581,0.005565502681,6.830620259e-05,0.0029232495,1
0.01196314581,0.005422338378,-0.000164112862,0.002849685727,1
0.01196314581,0.00527917454,0.0005002973485,0.002588422736,1
0.01196314581,0.005136010237,-0.0001141421671,0.002347295638,1
0.01196314581,0.0049928464,0.0002338438644,0.002304744907,2
0.01196314581,0.004849682096,0.0009365169099,0.002300765133,1
0.01196314581,0.004706518259,0.0005706943339,0.002533034422,2
0.01196314581,0.004563353956,0.0004453453002,0.002521543298,1
0.01196314581,0.004420190118,0.0004407672677,0.002478373237,1
0.01196314581,0.004277025815,0.0006946094218,0.002402780578,1
0.01196314581,0.004133861978,0.0001816212025,0.002241254551,1
0.01196314581,0.00399069814,0.0003253207251,0.002449435415,1
0.01196314581,0.003847533837,0.0003776261292,0.002508431673,1
0.01196314581,0.003704369767,0.0003796063247,0.002063087188,2
0.01196314581,0.003561205696,0.0003616293252,0.001905401004,2
0.01196314581,0.003418041626,0.0001895016467,0.002009364543,1
0.01196314581,0.003274877556,0.0003001650621,0.002030349569,1
0.01196314581,0.003131713718,0.0004688505142,0.002015351783,1
0.01196314581,0.002988549648,0.0005263378844,0.001952851657,1
0.01196314581,0.002845385578,0.0007963762619,0.001963598887,1
0.01196314581,0.002702221507,0.0003394361411,0.00189153268,1
0.01196314581,0.002559057437,0.0001816223812,0.002076269127,1
0.01196314581,0.002415893367,0.0003311420442,0.002013538266,1
0.01196314581,0.002272729296,0.0005114667583,0.001938322792,1
0.01196314581,0.002129565226,0.0006294396007,0.002054645214,1
0.01196314581,0.001986401156,0.0006728644366,0.001903856406,1
0.01196314581,0.001843237202,0.0006103328778,0.00207374664,1
0.01196314581,0.001700073131,0.0006347032613,0.002168242354,1
0.01196314581,0.001556909061,0.0007108442951,0.00207228912,1
0.01196314581,0.001413744991,0.0007286395412,0.002125361003,1
0.01196314581,0.00127058092,0.0003607380204,0.002081822138,1
0.01196314581,0.00112741685,0.0005360139767,0.001895129913,2
0.01196314581,0.0009842528962,0.0001648481848,0.001649075886,1
0.01196314581,0.0008410888258,0.0005919195246,0.001700718771,1
0.01196314581,0.0006979247555,0.0007039885386,0.001675091451,1
0.01196314581,0.0005547606852,0.0008625888149,0.001661543967,1
0.01196314581,0.000411596644,0.0008760698256,0.001518003992,1
0.01196314581,0.0002684326028,0.0003587672836,0.00132052321,1
0.01196314581,0.000125268547,-0.0004118475772,0.001794751151,1
0.01210630964,0.01916608773,-0.001865905942,0.005231237039,2
0.01210630964,0.01902292296,-0.001739652595,0.00536429882,1
0.01210630964,0.01887976006,-0.001711911289,0.00552410027,1
0.01210630964,0.01873659529,-0.001602311502,0.005291278474,1
0.01210630964,0.01859343052,-0.001963002374,0.005315586925,1
0.01210630964,0.01845026761,-0.00252788025,0.005255382508,1
0.01210630964,0.01830710284,-0.002314558718,0.005032262765,1
0.01210630964,0.01816393808,-0.001387345139,0.004837664776,1
0.01210630964,0.01802077517,-0.002454178873,0.00506022526,1
0.01210630964,0.0178776104,-0.002085234039,0.004974575713,1
0.01210630964,0.01773444749,-0.001589044929,0.004955417011,1
0.01210630964,0.01759128273,-0.002645252738,0.005239444785,2
0.01210630964,0.01744811796,-0.003068632213,0.005044060759,2
0.01210630964,0.01730495505,-0.003402596805,0.00527975196,1
0.01210630964,0.01716179028,-0.003285123035,0.004886459559,1
0.01210630964,0.01701862738,-0.003099017544,0.004685452674,1
0.01210630964,0.01687546261,-0.003117999295,0.004724232946,1
0.01210630964,0.01673229784,-0.003016519593,0.00480872998,1
0.01210630964,0.01658913493,-0.002670064103,0.004775488283,1
0.01210630964,0.01644597016,-0.002409073524,0.005606911611,1
0.01210630964,0.01630280726,-0.00248192437,0.005746945739,2
0.01210630964,0.01615964249,-0.002859366825,0.006217678543,1
0.01210630964,0.01601647772,-0.002402234357,0.005915899295,1
0.01210630964,0.01587331481,-0.002429855987,0.005816718563,1
0.01210630964,0.01573015004,-0.00274588936,0.005521426443,1
0.01210630964,0.01558698621,-0.002622549888,0.005618896335,1
0.01210630964,0.01544382237,-0.002218372421,0.00572081469,1
0.01210630964,0.0153006576,-0.002097955206,0.006308665033,1
0.01210630964,0.01515749376,-0.002034178702,0.005693378858,1
0.01210630964,0.01501432993,-0.002019815845,0.005541020539,1
0.01210630964,0.01487116609,-0.002014330355,0.005590109155,1
0.01210630964,0.01472800132,-0.001941830269,0.005545695312,1
0.01210630964,0.01458483748,-0.001739265746,0.005655193701,1
0.01210630964,0.01444167364,-0.001615472487,0.005874759983,1
0.01210630964,0.01429850981,-0.001578905736,0.006029711571,2
0.01210630964,0.01415534597,-0.001444497611,0.006048217416,2
0.01210630964,0.0140121812,-0.001614698558,0.006061128341,1
0.01210630964,0.01386901736,-0.001265677391,0.005968402606,1
0.01210630964,0.01372585353,-0.001207445399,0.005638230592,1
0.01210630964,0.01358268969,-0.001029347768,0.005515119061,1
0.01210630964,0.01343952492,-0.0007254848606,0.005055316258,1
0.01210630964,0.01329636108,-0.000824740564,0.00485675782,1
0.01210630964,0.01315319724,-0.0008625206538,0.004911551252,2
0.01210630964,0.01301003341,-0.0009470359655,0.004870024975,1
0.01210630964,0.01286686864,-0.001003270736,0.005340326577,1
0.01210630964,0.0127237048,-0.0009490663651,0.004897684325,2
0.01210630964,0.01258054096,-0.0008249573875,0.004640122876,2
0.01210630964,0.01243737713,-0.0005472652847,0.004554027226,1
0.01210630964,0.01229421329,-0.0006228617858,0.004515698645,1
0.01210630964,0.01215104852,-0.0007295905962,0.004676811863,1
0.01210630964,0.01200788468,-0.0006353901117,0.004661917686,1
0.01210630964,0.01186472084,-0.000618026359,0.004493218381,1
0.01210630964,0.01172155701,-0.0005868824665,0.004333287477,1
0.01210630964,0.01157839224,-0.0004135890631,0.004149124958,1
0.01210630964,0.0114352284,-0.0006739808014,0.004015610553,1
0.01210630964,0.01129206456,-0.000669104862,0.00390443881,1
0.01210630964,0.01114890072,-0.0005588957574,0.003633837681,1
0.01210630964,0.01100573689,-0.001043601194,0.003891626606,1
0.01210630964,0.01086257212,-0.0006309175515,0.003693367122,2
0.01210630964,0.01071940828,-0.0003288899898,0.003744434798,1
0.01210630964,0.01057624444,-0.0004888055846,0.003640830982,1
0.01210630964,0.01043308061,-0.0006236810586,0.003763303393,1
0.01210630964,0.01028991584,-0.0007142207469,0.004180923104,2
0.01210630964,0.010146752,-0.0009330167668,0.004829591606,1
0.01210630964,0.01000358816,-0.0002866804716,0.0029025611,1
0.01210630964,0.009860424325,-0.0007702608709,0.002745935228,1
0.01210630964,0.009717259556,-0.0007406829391,0.002742198296,1
0.01210630964,0.009574095719,-0.0007900569472,0.003726356663,1
0.01210630964,0.009430931881,-0.0005690513644,0.003836717224,1
0.01210630964,0.009287768044,-0.000486174511,0.003779024817,1
0.01210630964,0.009144604206,-0.0005498536048,0.00340915611,1
0.01210630964,0.009001439437,-0.000646208704,0.003589784959,1
0.01210630964,0.0088582756,-0.0005615098053,0.003497544676,2
0.01210630964,0.008715111762,-0.0004837047891,0.003449332202,2
0.01210630964,0.008571947925,-0.0003793196811,0.003321281634,2
0.01210630964,0.008428783156,-0.0003997037711,0.003240388352,1
0.01210630964,0.008285619318,-0.0004679145059,0.003386826953,1
0.01210630964,0.008142455481,-0.0003550818365,0.003439117922,1
0.01210630964,0.007999291644,-0.0002873459598,0.003417661646,1
0.01210630964,0.007856126875,-0.0006228926359,0.002920037135,1
0.01210630964,0.007712963037,-0.0002106002648,0.003206667723,1
0.01210630964,0.0075697992,-0.0002450142056,0.003185317386,1
0.01210630964,0.007426635362,-0.0004791685787,0.002971520415,1
0.01210630964,0.007283471059,-0.0004224363365,0.002945176791,1
0.01210630964,0.007140307222,-0.0001190680705,0.002958400175,1
0.01210630964,0.006997142918,-9.976267756e-05,0.003095215419,1
0.01210630964,0.006853979081,-0.0001092956227,0.002622412285,1
0.01210630964,0.006710814778,-9.451936785e-05,0.002403299557,1
0.01210630964,0.00656765094,3.354969749e-06,0.003012104193,1
0.01210630964,0.006424486637,5.723094e-05,0.003188260598,1
0.01210630964,0.0062813228,-6.833844236e-05,0.003048712853,1
0.01210630964,0.006138158496,9.698663234e-06,0.003776347032,1
0.01210630964,0.005994994659,-5.717795648e-05,0.003240565304,1
0.01210630964,0.005851830821,-0.0002327528637,0.002958594123,1
0.01210630964,0.005708666518,-0.0003508352092,0.00285489345,1
0.01210630964,0.005565502681,-0.0002272750862,0.002995126881,1
0.01210630964,0.005422338378,0.0001894817542,0.003070194274,1
0.01210630964,0.00527917454,8.083774446e-05,0.00255846628,1
0.01210630964,0.005136010237,-0.0001762689353,0.002429984976,1
0.01210630964,0.0049928464,-0.0001666370663,0.00237671379,3
0.01210630964,0.004849682096,0.0009348199819,0.002380069811,1
0.01210630964,0.004706518259,0.0006329346215,0.002856112318,1
0.01210630964,0.004563353956,0.0003829536436,0.002644854365,1
0.01210630964,0.004420190118,0.0001905483368,0.00288590719,1
0.01210630964,0.004277025815,0.0003290492168,0.002696535317,2
0.01210630964,0.004133861978,0.0001197671518,0.00243828469,1
0.01210630964,0.00399069814,0.000254285289,0.002542727627,1
0.01210630964,0.003847533837,0.0003768774914,0.002791240346,1
0.01210630964,0.003704369767,0.0003557311429,0.001897307578,1
0.01210630964,0.003561205696,0.0003745173162,0.001724073314,1
0.01210630964,0.003418041626,9.316651267e-05,0.002072368748,1
0.01210630964,0.003274877556,0.000115877483,0.002072353382,1
0.01210630964,0.003131713718,0.0002904265421,0.002150415443,1
0.01210630964,0.002988549648,-4.001432535e-05,0.002229921054,1
0.01210630964,0.002845385578,0.000336662546,0.002335472964,2
0.01210630964,0.002702221507,0.0003064473276,0.00261177728,1
0.01210630964,0.002559057437,0.0002564151946,0.002132791094,1
0.01210630964,0.002415893367,0.0003864094906,0.001861745026,1
0.01210630964,0.002272729296,0.0005913974019,0.001445511822,1
0.01210630964,0.002129565226,0.0009122425108,0.002348674461,1
0.01210630964,0.001986401156,0.0009165664087,0.00240370282,1
0.01210630964,0.001843237202,0.0005949857878,0.002068706788,1
0.01210630964,0.001700073131,0.0005406112759,0.002168920822,1
0.01210630964,0.001556909061,0.0005477636587,0.002211775165,1
0.01210630964,0.001413744991,0.0007503659581,0.00205935468,1
0.01210630964,0.00127058092,0.0009763138951,0.002050870098,1
0.01210630964,0.00112741685,0.001009306055,0.002079106867,1
0.01210630964,0.0009842528962,0.001484909444,0.00193650939,1
0.01210630964,0.0008410888258,0.0008280554321,0.002022345783,1
0.01210630964,0.0006979247555,0.0008670082898,0.001917463029,1
0.01210630964,0.0005547606852,0.0009818514809,0.001827872475,1
0.01210630964,0.000411596644,0.001030106097,0.001641634386,1
0.01210630964,0.0002684326028,0.0007426259108,0.001613776898,1
0.01210630964,0.000125268547,0.0003492132528,0.001814925927,2
0.01224947441,0.01916608773,-0.001807438559,0.005112698767,2
0.01224947441,0.01902292296,-0.001972809434,0.005114376545,1
0.01224947441,0.01887976006,-0.001479732222,0.005432464648,1
0.01224947441,0.01873659529,-0.002018959261,0.005798544269,1
0.01224947441,0.01859343052,-0.002114201896,0.005471339449,1
0.01224947441,0.01845026761,-0.002524532611,0.00513163954,1
0.01224947441,0.01830710284,-0.002878198633,0.005208367482,1
0.01224947441,0.01816393808,-0.002012032783,0.005344371311,1
0.01224947441,0.01802077517,-0.00223176321,0.005417955574,1
0.01224947441,0.0178776104,-0.002117669908,0.004776906688,1
0.01224947441,0.01773444749,-0.001630273648,0.005248113535,1
0.01224947441,0.01759128273,-0.002951829229,0.005931004882,1
0.01224947441,0.01744811796,-0.003261924954,0.005767507013,1
0.01224947441,0.01730495505,-0.003219341394,0.005396219436,1
0.01224947441,0.01716179028,-0.003083942924,0.00500608189,1
0.01224947441,0.01701862738,-0.003098732093,0.005071030464,1
0.01224947441,0.01687546261,-0.00315974839,0.005163881928,1
0.01224947441,0.01673229784,-0.003153288271,0.005185530055,1
0.01224947441,0.01658913493,-0.002850183984,0.005345717538,1
0.01224947441,0.01644597016,-0.002707352163,0.005762902088,1
0.01224947441,0.01630280726,-0.001889607869,0.00588292582,1
0.01224947441,0.01615964249,-0.002507712925,0.005914143287,1
0.01224947441,0.01601647772,-0.002573035657,0.005827922374,1
0.01224947441,0.01587331481,-0.002592122415,0.005716143176,1
0.01224947441,0.01573015004,-0.002712339628,0.005626732949,1
0.01224947441,0.01558698621,-0.002613612916,0.005896220449,1
0.01224947441,0.01544382237,-0.002345050685,0.006098618731,1
0.01224947441,0.0153006576,-0.00215439056,0.006070727948,2
0.01224947441,0.01515749376,-0.002129051834,0.005990825128,1
0.01224947441,0.01501432993,-0.002020564629,0.006091243122,1
0.01224947441,0.01487116609,-0.001931711216,0.006034410559,1
0.01224947441,0.01472800132,-0.002015475184,0.005728381686,1
0.01224947441,0.01458483748,-0.001657605637,0.005687789991,1
0.01224947441,0.01444167364,-0.00153592194,0.005698823836,1
0.01224947441,0.01429850981,-0.00151838467,0.006230613217,1
0.01224947441,0.01415534597,-0.001206264948,0.006531824358,1
0.01224947441,0.0140121812,-0.001366315293,0.006570897996,1
0.01224947441,0.01386901736,-0.001295328606,0.006263906602,1
0.01224947441,0.01372585353,-0.00123187853,0.006399405655,1
0.01224947441,0.01358268969,-0.001244209707,0.006109438371,1
0.01224947441,0.01343952492,-0.0008862028481,0.005437620915,2
0.01224947441,0.01329636108,-0.0006736760261,0.005289556924,1
0.01224947441,0.01315319724,-0.0007815681165,0.005170483608,1
0.01224947441,0.01301003341,-0.0008200867451,0.005343691446,1
0.01224947441,0.01286686864,-0.0009255824261,0.005534887314,1
0.01224947441,0.0127237048,-0.001109177596,0.005297390278,1
0.01224947441,0.01258054096,-0.0009978617309,0.004865585826,1
0.01224947441,0.01243737713,-0.0007641855627,0.004472663626,1
0.01224947441,0.01229421329,-0.0004543765681,0.004020601511,1
0.01224947441,0.01215104852,-0.0005326797254,0.004363196902,1
0.01224947441,0.01200788468,-0.0006668480346,0.004831035156,1
0.01224947441,0.01186472084,-0.0007197491941,0.005063474178,1
0.01224947441,0.01172155701,-0.0007971726591,0.004884513095,1
0.01224947441,0.01157839224,-0.001030357089,0.004412723705,1
0.01224947441,0.0114352284,-0.0002071915806,0.003800048493,1
0.01224947441,0.01129206456,-0.000483723561,0.00399093749,1
0.01224947441,0.01114890072,-0.0006166932289,0.003870413173,1
0.01224947441,0.01100573689,-0.0006730575114,0.003865339328,2
0.01224947441,0.01086257212,-0.0004216058296,0.003368131584,1
0.01224947441,0.01071940828,-0.000449527608,0.003498720471,1
0.01224947441,0.01057624444,-0.0006697074859,0.004103451502,1
0.01224947441,0.01043308061,-0.0009318712982,0.004379951861,1
0.01224947441,0.01028991584,-0.0007822935586,0.003721756395,1
0.01224947441,0.010146752,-0.0006968955859,0.003488953225,1
0.01224947441,0.01000358816,-0.00062929868,0.003429142293,2
0.01224947441,0.009860424325,-0.0006939251325,0.0034977498,2
0.01224947441,0.009717259556,-0.0006103924243,0.003708724398,2
0.01224947441,0.009574095719,-0.0003337792295,0.00433326792,1
0.01224947441,0.009430931881,-0.0004784245393,0.0042095799,1
0.01224947441,0.009287768044,-0.0004853063438,0.004073617514,1
0.01224947441,0.009144604206,-0.0004975330085,0.003693677252,1
0.01224947441,0.009001439437,-0.0005917871604,0.003367052414,3
0.01224947441,0.0088582756,-0.000553131802,0.0034162628,2
0.01224947441,0.008715111762,-0.0004214502114,0.003283646191,2
0.01224947441,0.008571947925,-0.0001909670827,0.002967051463,1
0.01224947441,0.008428783156,-0.0002013714984,0.002702570753,1
0.01224947441,0.008285619318,-0.0005308746477,0.003455365775,1
0.01224947441,0.008142455481,-0.0005300587509,0.003448022064,1
0.01224947441,0.007999291644,-0.0003278343356,0.00344546116,1
0.01224947441,0.007856126875,-0.0004261866561,0.003372699488,1
0.01224947441,0.007712963037,-0.0004388743546,0.003445307026,1
0.01224947441,0.0075697992,-0.0003317125083,0.003690138226,1
0.01224947441,0.007426635362,-0.0003730166645,0.003254028736,1
0.01224947441,0.007283471059,-0.0003566399682,0.003403034993,1
0.01224947441,0.007140307222,-0.0001646235469,0.003377628978,1
0.01224947441,0.006997142918,-0.0006034557591,0.00287278695,1
0.01224947441,0.006853979081,-0.0001534384937,0.002905825851,1
0.01224947441,0.006710814778,-8.876308857e-05,0.00292063388,1
0.01224947441,0.00656765094,-6.209141429e-05,0.003197907703,1
0.01224947441,0.006424486637,-0.0002149056672,0.003056378569,1
0.01224947441,0.0062813228,-0.0002697874443,0.002986673499,1
0.01224947441,0.006138158496,-0.0002180585288,0.002627049806,1
0.01224947441,0.005994994659,-0.0003244965337,0.003221062245,1
0.01224947441,0.005851830821,-0.0005361254443,0.003942907322,1
0.01224947441,0.005708666518,-0.0003374178486,0.003071367042,1
0.01224947441,0.005565502681,-0.0001293719106,0.003178282175,1
0.01224947441,0.005422338378,0.0003240745864,0.003246322507,1
0.01224947441,0.00527917454,0.0001216753517,0.002880302258,1
0.01224947441,0.005136010237,0.0002104486921,0.002819878981,1
0.01224947441,0.0049928464,0.000409249682,0.003005523235,1
0.01224947441,0.004849682096,0.0004576162319,0.002679322613,1
0.01224947441,0.004706518259,0.0004477522743,0.002730892738,1
0.01224947441,0.004563353956,0.0004156634386,0.002799241571,1
0.01224947441,0.004420190118,0.0003506045614,0.003141569439,1
0.01224947441,0.004277025815,0.0003112719569,0.003059168346,2
0.01224947441,0.004133861978,0.0001407320524,0.002724613762,1
0.01224947441,0.00399069814,6.001182555e-05,0.002679593628,1
0.01224947441,0.003847533837,-0.0001054628374,0.002365242923,1
0.01224947441,0.003704369767,0.0002817505447,0.002955114702,1
0.01224947441,0.003561205696,0.0002064593282,0.002555706305,1
0.01224947441,0.003418041626,0.0002489394392,0.002506605349,2
0.01224947441,0.003274877556,0.0002888625313,0.00254245731,1
0.01224947441,0.003131713718,0.0002088556503,0.002554549137,2
0.01224947441,0.002988549648,0.0001101268863,0.002578165615,2
0.01224947441,0.002845385578,0.0002838409273,0.002536594402,2
0.01224947441,0.002702221507,0.0006177806063,0.002539024688,3
0.01224947441,0.002559057437,0.0002785369579,0.00223464705,1
0.01224947441,0.002415893367,0.0004042504297,0.002130254172,1
0.01224947441,0.002272729296,0.0006490477244,0.002048220951,1
0.01224947441,0.002129565226,0.0007598716184,0.002487894148,1
0.01224947441,0.001986401156,0.0006974171847,0.002265964868,1
0.01224947441,0.001843237202,0.0005255280994,0.002013862133,1
0.01224947441,0.001700073131,0.0006030764198,0.002378017874,1
0.01224947441,0.001556909061,0.0006821597926,0.002447989304,1
0.01224947441,0.001413744991,0.0008097066311,0.002236817265,1
0.01224947441,0.00127058092,0.001053894288,0.002214606386,1
0.01224947441,0.00112741685,0.00109816785,0.002282334026,1
0.01224947441,0.0009842528962,0.001364417723,0.002255702158,1
0.01224947441,0.0008410888258,0.000847700343,0.002109319204,1
0.01224947441,0.0006979247555,0.0007198033272,0.002145777456,1
0.01224947441,0.0005547606852,0.0007951025618,0.001810454996,1
0.01224947441,0.000411596644,0.001172616612,0.001959581627,1
0.01224947441,0.0002684326028,0.001021803706,0.002031457843,1
0.01224947441,0.000125268547,0.0007168613956,0.002036249731,2
0.01239263825,0.01916608773,-0.0015836003,0.004992481787,1
0.01239263825,0.01902292296,-0.00121545,0.00537396688,1
0.01239263825,0.01887976006,-0.001828617882,0.005241135135,1
0.01239263825,0.01873659529,-0.002116799122,0.005912624765,1
0.01239263825,0.01859343052,-0.002220643451,0.00582132116,1
0.01239263825,0.01845026761,-0.002306859707,0.005487546325,1
0.01239263825,0.01830710284,-0.002485455247,0.005498616491,1
0.01239263825,0.01816393808,-0.002480191411,0.005481855944,1
0.01239263825,0.01802077517,-0.002361448715,0.005694081541,1
0.01239263825,0.0178776104,-0.001353576197,0.005220519844,1
0.01239263825,0.01773444749,-0.002108330373,0.005567453802,1
0.01239263825,0.01759128273,-0.002236179775,0.005605596118,1
0.01239263825,0.01744811796,-0.002993502188,0.005833967589,1
0.01239263825,0.01730495505,-0.003092208644,0.005672254134,1
0.01239263825,0.01716179028,-0.002955690026,0.005468243267,1
0.01239263825,0.01701862738,-0.002993960166,0.005512440111,1
0.01239263825,0.01687546261,-0.003420696128,0.005799370352,1
0.01239263825,0.01673229784,-0.003484917106,0.00580787193,1
0.01239263825,0.01658913493,-0.003248200519,0.005787621252,1
0.01239263825,0.01644597016,-0.003029758576,0.005937478039,1
0.01239263825,0.01630280726,-0.00287459488,0.00624978682,1
0.01239263825,0.01615964249,-0.002525263932,0.006063026376,1
0.01239263825,0.01601647772,-0.002537881956,0.00594199542,1
0.01239263825,0.01587331481,-0.002555567073,0.005520770326,1
0.01239263825,0.01573015004,-0.002570302691,0.005627668928,1
0.01239263825,0.01558698621,-0.002504868899,0.005777494516,2
0.01239263825,0.01544382237,-0.002180726267,0.005681735463,1
0.01239263825,0.0153006576,-0.002045504749,0.005884803366,1
0.01239263825,0.01515749376,-0.002205289667,0.00634443108,1
0.01239263825,0.01501432993,-0.002115910174,0.006418338977,1
0.01239263825,0.01487116609,-0.00196930673,0.006121878978,1
0.01239263825,0.01472800132,-0.001847415697,0.006029332988,1
0.01239263825,0.01458483748,-0.001335306559,0.006037450396,1
0.01239263825,0.01444167364,-0.001442758366,0.00624382915,1
0.01239263825,0.01429850981,-0.001397032058,0.006364170462,1
0.01239263825,0.01415534597,-0.001337668393,0.006408282556,1
0.01239263825,0.0140121812,-0.001419788226,0.006226894446,1
0.01239263825,0.01386901736,-0.001346194302,0.00634515984,1
0.01239263825,0.01372585353,-0.001024256693,0.006566905882,1
0.01239263825,0.01358268969,-0.001197885955,0.005313397385,1
0.01239263825,0.01343952492,-0.0009014409152,0.00529617304,1
0.01239263825,0.01329636108,-0.0006416860851,0.005515998229,1
0.01239263825,0.01315319724,-0.0008210871019,0.005604117643,1
0.01239263825,0.01301003341,-0.0007797991857,0.005609918386,1
0.01239263825,0.01286686864,-0.0008570955833,0.005680371076,1
0.01239263825,0.0127237048,-0.001072476502,0.005465229973,1
0.01239263825,0.01258054096,-0.0009867342887,0.004929015413,1
0.01239263825,0.01243737713,-0.0007240317063,0.004477287643,1
0.01239263825,0.01229421329,-0.0003345841542,0.004528034478,1
0.01239263825,0.01215104852,-0.0005303984508,0.004645845853,1
0.01239263825,0.01200788468,-0.0006605057279,0.005046573933,1
0.01239263825,0.01186472084,-0.0006741051329,0.005175188184,1
0.01239263825,0.01172155701,-0.000685971987,0.005200194661,1
0.01239263825,0.01157839224,-0.0008869750891,0.00501615461,1
0.01239263825,0.0114352284,-0.001109674224,0.004432382993,1
0.01239263825,0.01129206456,-0.0005232920521,0.004599329084,1
0.01239263825,0.01114890072,-0.0007239465485,0.004429722205,1
0.01239263825,0.01100573689,-0.0006103299093,0.004331185948,1
0.01239263825,0.01086257212,-0.0004239770933,0.003860276658,1
0.01239263825,0.01071940828,-0.0005645912606,0.004084182438,2
0.01239263825,0.01057624444,-0.0007631260669,0.004459003452,1
0.01239263825,0.01043308061,-0.0008880130481,0.004538740031,1
0.01239263825,0.01028991584,-0.0007871152484,0.004017652478,1
0.01239263825,0.010146752,-0.0007346049533,0.003829909721,1
0.01239263825,0.01000358816,-0.0008396934718,0.003827304346,1
0.01239263825,0.009860424325,-0.0007657484966,0.004107197747,1
0.01239263825,0.009717259556,-0.0006731822505,0.00426168181,2
0.01239263825,0.009574095719,-0.0006405524327,0.004796529189,1
0.01239263825,0.009430931881,-0.000640115526,0.004398325458,1
0.01239263825,0.009287768044,-0.0006083341432,0.004061371088,1
0.01239263825,0.009144604206,-0.0007104630931,0.004160895478,1
0.01239263825,0.009001439437,-0.0006906020571,0.003710167715,1
0.01239263825,0.0088582756,-0.0006377800601,0.003516807687,1
0.01239263825,0.008715111762,-0.0004579972592,0.003301938297,2
0.01239263825,0.008571947925,-0.0002517921384,0.002739848569,1
0.01239263825,0.008428783156,-0.0003236655903,0.003141927533,2
0.01239263825,0.008285619318,-0.0005249548703,0.003193026874,1
0.01239263825,0.008142455481,-0.000544468814,0.003380331211,1
0.01239263825,0.007999291644,-0.0001055861794,0.003725604853,1
0.01239263825,0.007856126875,-0.0003513291304,0.003653496271,1
0.01239263825,0.007712963037,-0.0004201013362,0.00368967792,1
0.01239263825,0.0075697992,-0.0002705791849,0.003088127822,1
0.01239263825,0.007426635362,-0.0003266019921,0.003491518553,1
0.01239263825,0.007283471059,-0.0003082759213,0.003580951365,1
0.01239263825,0.007140307222,-0.000357803423,0.002776082605,1
0.01239263825,0.006997142918,-0.0008992264047,0.003278917167,1
0.01239263825,0.006853979081,-0.000698882388,0.004002391826,3
0.01239263825,0.006710814778,-0.0003908722138,0.003814347321,2
0.01239263825,0.00656765094,-0.0002479516552,0.003722903319,1
0.01239263825,0.006424486637,-0.0003815663513,0.003552323906,1
0.01239263825,0.0062813228,-0.0003202838707,0.003252190771,1
0.01239263825,0.006138158496,-0.000211433231,0.003012321191,1
0.01239263825,0.005994994659,-0.0002426927094,0.003212091979,1
0.01239263825,0.005851830821,-0.0002803939278,0.003568300977,1
0.01239263825,0.005708666518,0.0005922220298,0.00394881377,1
0.01239263825,0.005565502681,0.0003097974986,0.003532631556,2
0.01239263825,0.005422338378,0.0005179172731,0.003309884807,1
0.01239263825,0.00527917454,5.665162206e-08,0.002942846389,1
0.01239263825,0.005136010237,6.021051013e-05,0.002885242691,1
0.01239263825,0.0049928464,0.0002704349172,0.003020420903,2
0.01239263825,0.004849682096,0.0003746391158,0.002856619889,1
0.01239263825,0.004706518259,0.0003754871432,0.00290657999,1
0.01239263825,0.004563353956,0.0003822801518,0.002981469501,1
0.01239263825,0.004420190118,0.0007712199586,0.003450663527,1
0.01239263825,0.004277025815,0.0004247019533,0.003673955798,1
0.01239263825,0.004133861978,0.0003649505961,0.003451574594,1
0.01239263825,0.00399069814,4.59346702e-05,0.002872022334,1
0.01239263825,0.003847533837,6.721872342e-05,0.002895856509,1
0.01239263825,0.003704369767,0.0001682998409,0.003233749187,1
0.01239263825,0.003561205696,0.0001721122244,0.002986845328,1
0.01239263825,0.003418041626,0.0004072693409,0.002855888568,1
0.01239263825,0.003274877556,0.0007049917476,0.002995655406,1
0.01239263825,0.003131713718,0.0001460066414,0.002947158413,1
0.01239263825,0.002988549648,-1.217470253e-05,0.002991597168,1
0.01239263825,0.002845385578,7.079366333e-05,0.002693714574,2
0.01239263825,0.002702221507,0.0002206545323,0.002590745687,2
0.01239263825,0.002559057437,0.0002664761851,0.002576857572,2
0.01239263825,0.002415893367,0.0003902195604,0.002535716165,2
0.01239263825,0.002272729296,0.0005323578371,0.002524537034,2
0.01239263825,0.002129565226,0.0005987997283,0.002702685073,1
0.01239263825,0.001986401156,0.0005389828002,0.002224720316,1
0.01239263825,0.001843237202,0.0005111175124,0.002095107455,1
0.01239263825,0.001700073131,0.0006262300885,0.002313092817,1
0.01239263825,0.001556909061,0.0007884069346,0.002181924647,1
0.01239263825,0.001413744991,0.0008892251644,0.002285143593,1
0.01239263825,0.00127058092,0.0009880560683,0.002343490021,1
0.01239263825,0.00112741685,0.000931444345,0.002444388112,1
0.01239263825,0.0009842528962,0.0007339087897,0.002329540905,1
0.01239263825,0.0008410888258,0.0008819926297,0.002307393122,1
0.01239263825,0.0006979247555,0.0007661216659,0.002323255176,1
0.01239263825,0.0005547606852,0.000651781389,0.001970604528,1
0.01239263825,0.000411596644,0.0008607650525,0.002298991196,1
0.01239263825,0.0002684326028,0.0008235824062,0.002281604102,1
0.01239263825,0.000125268547,0.0007795672282,0.002262365306,2
0.01253580209,0.01916608773,-0.001809490961,0.00558418408,1
0.01253580209,0.01902292296,-0.001879089745,0.005644036457,1
0.01253580209,0.01887976006,-0.002007806441,0.00562154362,1
0.01253580209,0.01873659529,-0.002168934559,0.00612832699,1
0.01253580209,0.01859343052,-0.002287083073,0.00631775707,1
0.01253580209,0.01845026761,-0.002454071073,0.006095522083,1
0.01253580209,0.01830710284,-0.002551355399,0.006012000609,1
0.01253580209,0.01816393808,-0.002587417373,0.005869633052,1
0.01253580209,0.01802077517,-0.002768352162,0.005893900525,1
0.01253580209,0.0178776104,-0.002458158182,0.005744840484,2
0.01253580209,0.01773444749,-0.002753107809,0.005664925557,1
0.01253580209,0.01759128273,-0.002455264563,0.005685535725,1
0.01253580209,0.01744811796,-0.002744590165,0.005543834995,1
0.01253580209,0.01730495505,-0.002909314819,0.005731853191,1
0.01253580209,0.01716179028,-0.003107968485,0.006134879775,1
0.01253580209,0.01701862738,-0.003132040845,0.006243363023,1
0.01253580209,0.01687546261,-0.002933308948,0.005742567126,1
0.01253580209,0.01673229784,-0.003611221677,0.006207494996,1
0.01253580209,0.01658913493,-0.003353842534,0.006200067699,1
0.01253580209,0.01644597016,-0.003108943114,0.006238003727,1
0.01253580209,0.01630280726,-0.002927497029,0.006497223862,1
0.01253580209,0.01615964249,-0.002100545913,0.005980696063,1
0.01253580209,0.01601647772,-0.002618091181,0.006490185391,1
0.01253580209,0.01587331481,-0.002756357193,0.006578006782,1
0.01253580209,0.01573015004,-0.002569024684,0.005990533624,1
0.01253580209,0.01558698621,-0.002654833253,0.005904353224,2
0.01253580209,0.01544382237,-0.00218848954,0.005727991927,1
0.01253580209,0.0153006576,-0.002063090447,0.005926580634,1
0.01253580209,0.01515749376,-0.00154502783,0.006640553009,1
0.01253580209,0.01501432993,-0.002003976144,0.006701251492,2
0.01253580209,0.01487116609,-0.002079333412,0.006668945774,2
0.01253580209,0.01472800132,-0.001798814628,0.00667460775,2
0.01253580209,0.01458483748,-0.00157940574,0.006424950436,1
0.01253580209,0.01444167364,-0.00141357712,0.006752820686,1
0.01253580209,0.01429850981,-0.001375486492,0.006620229222,1
0.01253580209,0.01415534597,-0.001364411786,0.006069470663,1
0.01253580209,0.0140121812,-0.001433034195,0.006064892281,1
0.01253580209,0.01386901736,-0.001429966302,0.0064362837,1
0.01253580209,0.01372585353,-0.001138361171,0.006898171734,1
0.01253580209,0.01358268969,-0.001478473656,0.005978101399,1
0.01253580209,0.01343952492,-0.0009565480286,0.005690138787,1
0.01253580209,0.01329636108,-0.0008899321547,0.006048693787,1
0.01253580209,0.01315319724,-0.001462727669,0.006293954793,1
0.01253580209,0.01301003341,-0.001291331719,0.006071441807,1
0.01253580209,0.01286686864,-0.00108847837,0.005663816817,1
0.01253580209,0.0127237048,-0.000977474032,0.005462329369,1
0.01253580209,0.01258054096,-0.0008912543417,0.00532961078,2
0.01253580209,0.01243737713,-0.000673546805,0.00516057713,1
0.01253580209,0.01229421329,-0.0007461871719,0.005188089795,1
0.01253580209,0.01215104852,-0.0009506170754,0.005471989512,1
0.01253580209,0.01200788468,-0.0007877796888,0.005581881385,1
0.01253580209,0.01186472084,-0.0006242132513,0.005516496487,1
0.01253580209,0.01172155701,-0.000315329351,0.005546875764,1
0.01253580209,0.01157839224,-0.0008009048179,0.005472698715,1
0.01253580209,0.0114352284,-0.001342545031,0.005183306057,1
0.01253580209,0.01129206456,-0.0008424480911,0.00506594684,2
0.01253580209,0.01114890072,-0.0007115264889,0.0048983749,1
0.01253580209,0.01100573689,-0.0004262822331,0.004611774813,1
0.01253580209,0.01086257212,-0.0004669226473,0.004428338259,1
0.01253580209,0.01071940828,-0.0006217342452,0.004518729635,1
0.01253580209,0.01057624444,-0.000762798998,0.004711247981,1
0.01253580209,0.01043308061,-0.0006899053114,0.00465771975,1
0.01253580209,0.01028991584,-0.0007620751858,0.004339802079,1
0.01253580209,0.010146752,-0.0007364061894,0.004047301132,1
0.01253580209,0.01000358816,-0.0007271368522,0.003912663087,1
0.01253580209,0.009860424325,-0.0006071268581,0.004167271312,1
0.01253580209,0.009717259556,-0.000676035881,0.004434275441,2
0.01253580209,0.009574095719,-0.0007253334625,0.004960702732,1
0.01253580209,0.009430931881,-0.0009244017419,0.004706206266,1
0.01253580209,0.009287768044,-0.001013003406,0.004397025332,1
0.01253580209,0.009144604206,-0.0006895821425,0.004461769946,1
0.01253580209,0.009001439437,-0.000648988469,0.004145738669,1
0.01253580209,0.0088582756,-0.0006515198038,0.00388301257,1
0.01253580209,0.008715111762,-0.0005209665978,0.003667450277,2
0.01253580209,0.008571947925,-0.0004322202585,0.003548869165,2
0.01253580209,0.008428783156,-0.0003165438247,0.003932263702,1
0.01253580209,0.008285619318,-0.0002955848176,0.004127474502,1
0.01253580209,0.008142455481,-0.0008595154504,0.003809959395,1
0.01253580209,0.007999291644,-0.0007430418627,0.003386416472,1
0.01253580209,0.007856126875,-0.0003017183335,0.003572847927,1
0.01253580209,0.007712963037,-0.0002934878576,0.003192144679,1
0.01253580209,0.0075697992,-0.0003093712439,0.003503280925,1
0.01253580209,0.007426635362,-0.0002931828203,0.003744176822,1
0.01253580209,0.007283471059,-0.0002655643329,0.00393578643,1
0.01253580209,0.007140307222,-0.0002831877791,0.003720947076,2
0.01253580209,0.006997142918,-0.000236213411,0.003807723988,1
0.01253580209,0.006853979081,-0.000463969016,0.004218215123,1
0.01253580209,0.006710814778,-0.0005278917379,0.004611460026,1
0.01253580209,0.00656765094,-0.0001411917037,0.004014878534,1
0.01253580209,0.006424486637,-0.0004185170692,0.004135674797,1
0.01253580209,0.0062813228,-0.0003502840118,0.003825566266,1
0.01253580209,0.006138158496,-0.0001384861971,0.003521206323,1
0.01253580209,0.005994994659,-6.473527174e-05,0.003471805947,1
0.01253580209,0.005851830821,-1.838394201e-05,0.003845002735,1
0.01253580209,0.005708666518,0.0001305266487,0.00388882379,2
0.01253580209,0.005565502681,0.0002584225731,0.003693545703,2
0.01253580209,0.005422338378,0.0003005965264,0.003376993118,1
0.01253580209,0.00527917454,-0.0003211513686,0.002953793854,1
0.01253580209,0.005136010237,-0.0002713093127,0.002867943374,1
0.01253580209,0.0049928464,0.0002376402845,0.003334298031,1
0.01253580209,0.004849682096,0.0001890402782,0.003082110547,2
0.01253580209,0.004706518259,0.0001819181343,0.002964447951,2
0.01253580209,0.004563353956,0.000173380191,0.002687006956,3
0.01253580209,0.004420190118,0.0003194861638,0.003066353966,1
0.01253580209,0.004277025815,0.0002562604786,0.003047607141,1
0.01253580209,0.004133861978,0.0002181971213,0.003069072263,1
0.01253580209,0.00399069814,-1.169473035e-05,0.002986531937,1
0.01253580209,0.003847533837,0.0001745225163,0.003185462905,1
0.01253580209,0.003704369767,0.0003757941304,0.003540927311,1
0.01253580209,0.003561205696,-4.993246989e-07,0.003346935147,1
0.01253580209,0.003418041626,0.0006734686904,0.003516621888,1
0.01253580209,0.003274877556,0.0008646079805,0.003506206907,1
0.01253580209,0.003131713718,0.000345078588,0.003651375417,1
0.01253580209,0.002988549648,8.086480375e-05,0.003581526456,1
0.01253580209,0.002845385578,-0.0002091460774,0.00265592197,1
0.01253580209,0.002702221507,-7.243233267e-05,0.002553385682,1
0.01253580209,0.002559057437,0.0001764937333,0.002946322085,2
0.01253580209,0.002415893367,0.0003577937605,0.002911215648,2
0.01253580209,0.002272729296,0.0004913643934,0.002811525017,2
0.01253580209,0.002129565226,0.0004666729947,0.002696447307,1
0.01253580209,0.001986401156,0.0004805137287,0.002656176221,1
0.01253580209,0.001843237202,0.0005724949879,0.002670325805,1
0.01253580209,0.001700073131,0.00102268334,0.002218431793,1
0.01253580209,0.001556909061,0.001057701767,0.002253501909,1
0.01253580209,0.001413744991,0.001017574104,0.002602216322,1
0.01253580209,0.00127058092,0.001248933375,0.002855415456,1
0.01253580209,0.00112741685,0.0008315218729,0.003192449454,1
0.01253580209,0.0009842528962,0.0006148885586,0.002851998899,1
0.01253580209,0.0008410888258,0.0008173805545,0.002641483676,1
0.01253580209,0.0006979247555,0.0008738182951,0.002551950747,1
0.01253580209,0.0005547606852,0.0007857583696,0.002005970804,1
0.01253580209,0.000411596644,0.0008182777674,0.001889098668,1
0.01253580209,0.0002684326028,0.0008288503159,0.002164343139,2
0.01253580209,0.000125268547,0.0007982579409,0.002469242318,1
0.01267896593,0.01916608773,-0.001985812094,0.005905142054,1
0.01267896593,0.01902292296,-0.002094588708,0.006087723654,1
0.01267896593,0.01887976006,-0.002155798953,0.006175757386,1
0.01267896593,0.01873659529,-0.002486710437,0.006653026678,1
0.01267896593,0.01859343052,-0.002405531472,0.006268307567,1
0.01267896593,0.01845026761,-0.002640929306,0.006293801125,1
0.01267896593,0.01830710284,-0.002658574143,0.006297823507,1
0.01267896593,0.01816393808,-0.002652101219,0.006228147075,1
0.01267896593,0.01802077517,-0.00288399728,0.006067531649,1
0.01267896593,0.0178776104,-0.002957596676,0.006200015545,2
0.01267896593,0.01773444749,-0.003288761247,0.006607741583,1
0.01267896593,0.01759128273,-0.002623868641,0.006110999733,1
0.01267896593,0.01744811796,-0.00288601825,0.005587129854,1
0.01267896593,0.01730495505,-0.002880100859,0.00566871278,1
0.01267896593,0.01716179028,-0.002937903628,0.006272537168,1
0.01267896593,0.01701862738,-0.002969349269,0.00602725381,1
0.01267896593,0.01687546261,-0.003064976307,0.005685293116,1
0.01267896593,0.01673229784,-0.002897544298,0.006274779793,1
0.01267896593,0.01658913493,-0.00296583795,0.006827887613,1
0.01267896593,0.01644597016,-0.003190011252,0.006640373264,1
0.01267896593,0.01630280726,-0.003387300763,0.006203219295,1
0.01267896593,0.01615964249,-0.00273412955,0.006551552564,2
0.01267896593,0.01601647772,-0.002588927746,0.007024321705,1
0.01267896593,0.01587331481,-0.002879705047,0.007006954867,1
0.01267896593,0.01573015004,-0.003096413799,0.006249971222,1
0.01267896593,0.01558698621,-0.003356949426,0.006121393759,1
0.01267896593,0.01544382237,-0.002652308671,0.005966182332,1
0.01267896593,0.0153006576,-0.002301567467,0.006537924986,2
0.01267896593,0.01515749376,-0.002168518025,0.0070854933,1
0.01267896593,0.01501432993,-0.002275632927,0.007077168208,1
0.01267896593,0.01487116609,-0.002545236377,0.007178044412,1
0.01267896593,0.01472800132,-0.001689103665,0.007575201336,1
0.01267896593,0.01458483748,-0.001296841307,0.006811285857,2
0.01267896593,0.01444167364,-0.0007036305033,0.006699160673,1
0.01267896593,0.01429850981,-0.001248075045,0.006024334114,1
0.01267896593,0.01415534597,-0.002037353115,0.006069737021,1
0.01267896593,0.0140121812,-0.001405342715,0.00630330015,2
0.01267896593,0.01386901736,-0.0009256663034,0.006889625918,1
0.01267896593,0.01372585353,-0.001291680383,0.006762173492,1
0.01267896593,0.01358268969,-0.001479321392,0.007090810686,1
0.01267896593,0.01343952492,-0.001320011332,0.006629091222,1
0.01267896593,0.01329636108,-0.0009867203189,0.006258541718,1
0.01267896593,0.01315319724,-0.001124099828,0.006195699796,1
0.01267896593,0.01301003341,-0.001220971579,0.006221643649,1
0.01267896593,0.01286686864,-0.001224243781,0.006005772855,1
0.01267896593,0.0127237048,-0.001045369194,0.006013344973,1
0.01267896593,0.01258054096,-0.0009272624156,0.005766520277,1
0.01267896593,0.01243737713,-0.0007857329911,0.005713830702,1
0.01267896593,0.01229421329,-0.0008589870413,0.005710430909,1
0.01267896593,0.01215104852,-0.0009770572651,0.005804505665,1
0.01267896593,0.01200788468,-0.000756632071,0.006115589757,1
0.01267896593,0.01186472084,-0.0005298008327,0.006045656279,1
0.01267896593,0.01172155701,-0.0004094833566,0.006559197791,1
0.01267896593,0.01157839224,-0.0004664841981,0.006292248145,1
0.01267896593,0.0114352284,-0.0008634546539,0.005788016133,2
0.01267896593,0.01129206456,-0.0007924288511,0.005582775921,2
0.01267896593,0.01114890072,-0.0006973955897,0.005499959458,1
0.01267896593,0.01100573689,-0.0005015579518,0.005090877879,1
0.01267896593,0.01086257212,-0.000351835537,0.004956464283,1
0.01267896593,0.01071940828,-0.0005781113287,0.005125691183,1
0.01267896593,0.01057624444,-0.0006796544767,0.005259303376,1
0.01267896593,0.01043308061,-0.0008700889884,0.005093418527,1
0.01267896593,0.01028991584,-0.0008743054932,0.004588452168,1
0.01267896593,0.010146752,-0.0009914565599,0.004232903011,1
0.01267896593,0.01000358816,-0.0007657068782,0.003840619233,1
0.01267896593,0.009860424325,-0.0007018231554,0.003607816994,1
0.01267896593,0.009717259556,-0.0006985009531,0.004347445909,1
0.01267896593,0.009574095719,-0.0007890048437,0.004881873261,2
0.01267896593,0.009430931881,-0.0008616219857,0.005159844644,1
0.01267896593,0.009287768044,-0.0008684584755,0.005059319548,1
0.01267896593,0.009144604206,-0.0007572204922,0.004899998195,2
0.01267896593,0.009001439437,-0.0006746979197,0.004747018684,2
0.01267896593,0.0088582756,-0.0006752164336,0.004388552625,2
0.01267896593,0.008715111762,-0.0005421289825,0.003935981542,1
0.01267896593,0.008571947925,-0.000639578444,0.003855913179,1
0.01267896593,0.008428783156,-0.0005216674763,0.004010644741,1
0.01267896593,0.008285619318,-0.0004714491952,0.004319709726,1
0.01267896593,0.008142455481,-0.0007995530614,0.004270037636,1
0.01267896593,0.007999291644,-0.0007697414258,0.003714367282,1
0.01267896593,0.007856126875,-0.0002791033476,0.004177527968,1
0.01267896593,0.007712963037,-0.0003332817287,0.004273862578,1
0.01267896593,0.0075697992,-0.0004677947145,0.004356480204,1
0.01267896593,0.007426635362,-0.0003901129239,0.00420381967,1
0.01267896593,0.007283471059,-0.0005328425323,0.004546873271,1
0.01267896593,0.007140307222,-0.0002731700079,0.004364194814,2
0.01267896593,0.006997142918,-0.0001272113441,0.004278988112,1
0.01267896593,0.006853979081,-0.0002665702486,0.004304533824,1
0.01267896593,0.006710814778,-0.000437180337,0.004482051358,1
0.01267896593,0.00656765094,-0.0003702853573,0.00431146659,1
0.01267896593,0.006424486637,-0.0003046814818,0.004773001187,1
0.01267896593,0.0062813228,-0.0002205157944,0.00448701717,1
0.01267896593,0.006138158496,-9.387697355e-05,0.004305968992,1
0.01267896593,0.005994994659,-8.993794472e-05,0.004288975615,1
0.01267896593,0.005851830821,-0.0002661563631,0.004000108689,1
0.01267896593,0.005708666518,-0.000310154137,0.004067932721,1
0.01267896593,0.005565502681,0.0002927696914,0.003975734115,1
0.01267896593,0.005422338378,-0.000109349945,0.003303793725,1
0.01267896593,0.00527917454,-0.0006156833842,0.00296046841,1
0.01267896593,0.005136010237,-0.0006899579312,0.00303016766,1
0.01267896593,0.0049928464,-5.881717516e-05,0.003197462764,1
0.01267896593,0.004849682096,-3.803641812e-05,0.003173076082,1
0.01267896593,0.004706518259,-1.023508412e-05,0.003182094777,1
0.01267896593,0.004563353956,0.0001229826157,0.003014426446,1
0.01267896593,0.004420190118,0.0002918708778,0.003209515475,1
0.01267896593,0.004277025815,0.0002542329603,0.003127977252,1
0.01267896593,0.004133861978,-8.081574924e-05,0.002951491158,1
0.01267896593,0.00399069814,-0.0001677404944,0.002890735399,1
0.01267896593,0.003847533837,0.0003201674554,0.003614510177,1
0.01267896593,0.003704369767,0.0004710023059,0.003931379877,1
0.01267896593,0.003561205696,0.0009523845511,0.003659373848,1
0.01267896593,0.003418041626,0.0005110891652,0.003619879717,2
0.01267896593,0.003274877556,0.0003066778881,0.003659069305,2
0.01267896593,0.003131713718,-0.0001789535017,0.0037608766,1
0.01267896593,0.002988549648,8.54944883e-05,0.003386103082,1
0.01267896593,0.002845385578,0.0002309707197,0.003092960687,1
0.01267896593,0.002702221507,2.347910777e-05,0.002974684117,1
0.01267896593,0.002559057437,0.0001541373495,0.00374382874,1
0.01267896593,0.002415893367,0.0003730973694,0.003351299558,1
0.01267896593,0.002272729296,0.0006086328649,0.003113900777,1
0.01267896593,0.002129565226,0.0006155787269,0.002903899876,1
0.01267896593,0.001986401156,0.0004936469486,0.002616107464,1
0.01267896593,0.001843237202,0.00038018942,0.002470596228,1
0.01267896593,0.001700073131,0.0008824217366,0.002408108208,1
0.01267896593,0.001556909061,0.0009239355568,0.002659579972,1
0.01267896593,0.001413744991,0.0008946491289,0.003236071905,1
0.01267896593,0.00127058092,0.001315591391,0.002865455579,1
0.01267896593,0.00112741685,0.0009080971358,0.002992829075,1
0.01267896593,0.0009842528962,0.0006944073248,0.002805278171,1
0.01267896593,0.0008410888258,0.0008644159534,0.003035707632,1
0.01267896593,0.0006979247555,0.0008491178742,0.002915640827,1
0.01267896593,0.0005547606852,0.0008329317789,0.002526050201,1
0.01267896593,0.000411596644,0.0008366363472,0.001997027779,1
0.01267896593,0.0002684326028,0.0008752831491,0.002017427702,2
0.01267896593,0.000125268547,0.001045612502,0.00183852273,1
0.01282213069,0.01916608773,-0.002127379179,0.005337016657,3
0.01282213069,0.01902292296,-0.002355303383,0.006074000616,1
0.01282213069,0.01887976006,-0.002527358476,0.006096260156,1
0.01282213069,0.01873659529,-0.002703998471,0.006626195274,1
0.01282213069,0.01859343052,-0.00247755507,0.006383954547,1
0.01282213069,0.01845026761,-0.002561638365,0.006214811932,1
0.01282213069,0.01830710284,-0.002629655646,0.00613630563,1
0.01282213069,0.01816393808,-0.003221998457,0.006309722085,1
0.01282213069,0.01802077517,-0.003247594461,0.006309960503,1
0.01282213069,0.0178776104,-0.003199469997,0.006379948463,1
0.01282213069,0.01773444749,-0.003309124615,0.006387208588,1
0.01282213069,0.01759128273,-0.002911302727,0.00651557697,1
0.01282213069,0.01744811796,-0.002791575855,0.006421090104,1
0.01282213069,0.01730495505,-0.002796462271,0.00669327518,1
0.01282213069,0.01716179028,-0.002969056135,0.006573282648,1
0.01282213069,0.01701862738,-0.00295954477,0.006325838156,1
0.01282213069,0.01687546261,-0.002939822385,0.005685862154,1
0.01282213069,0.01673229784,-0.002692072419,0.006409475114,1
0.01282213069,0.01658913493,-0.002846191404,0.006884038914,1
0.01282213069,0.01644597016,-0.003186878283,0.006929458585,1
0.01282213069,0.01630280726,-0.003419657238,0.006569821853,1
0.01282213069,0.01615964249,-0.00285974401,0.006997972727,1
0.01282213069,0.01601647772,-0.002807669807,0.007107769605,1
0.01282213069,0.01587331481,-0.00298215216,0.007291237824,1
0.01282213069,0.01573015004,-0.003074193839,0.006495417096,1
0.01282213069,0.01558698621,-0.002943263389,0.006516610738,1
0.01282213069,0.01544382237,-0.002676170785,0.006736643612,2
0.01282213069,0.0153006576,-0.002322352491,0.007173445541,1
0.01282213069,0.01515749376,-0.00202764268,0.007665292826,1
0.01282213069,0.01501432993,-0.0020658297,0.007644250058,1
0.01282213069,0.01487116609,-0.002146681538,0.007522682659,1
0.01282213069,0.01472800132,-0.001336958027,0.007172478363,1
0.01282213069,0.01458483748,-0.001215225318,0.006545830052,2
0.01282213069,0.01444167364,-0.001026283368,0.005915994756,2
0.01282213069,0.01429850981,-0.001179142273,0.005880632903,2
0.01282213069,0.01415534597,-0.00138689694,0.005935920868,2
0.01282213069,0.0140121812,-0.001225317013,0.006188945845,2
0.01282213069,0.01386901736,-0.0009681743104,0.006933332421,1
0.01282213069,0.01372585353,-0.001038679737,0.006778616924,1
0.01282213069,0.01358268969,-0.001096840133,0.006935315672,2
0.01282213069,0.01343952492,-0.0007369422237,0.006850153673,1
0.01282213069,0.01329636108,-0.0006398838595,0.006508811377,1
0.01282213069,0.01315319724,-0.001173877972,0.006542954594,1
0.01282213069,0.01301003341,-0.001523914514,0.006574750412,1
0.01282213069,0.01286686864,-0.001548102009,0.006430598907,1
0.01282213069,0.0127237048,-0.001031554537,0.006668582093,1
0.01282213069,0.01258054096,-0.0009037103155,0.006608894095,1
0.01282213069,0.01243737713,-0.0008336763131,0.006127062254,1
0.01282213069,0.01229421329,-0.001028230065,0.005705912597,1
0.01282213069,0.01215104852,-0.00107562833,0.005982848816,1
0.01282213069,0.01200788468,-0.0006360257394,0.006777803414,1
0.01282213069,0.01186472084,-0.0004705299798,0.006770649459,1
0.01282213069,0.01172155701,-0.001123579219,0.006369280163,1
0.01282213069,0.01157839224,-0.001144643174,0.00613978738,1
0.01282213069,0.0114352284,-0.0008523606812,0.006093733944,2
0.01282213069,0.01129206456,-0.0007664169534,0.005977182183,1
0.01282213069,0.01114890072,-0.0006482923636,0.005931853782,1
0.01282213069,0.01100573689,-0.0005753654405,0.005971652921,1
0.01282213069,0.01086257212,-0.0005179127329,0.005638050847,1
0.01282213069,0.01071940828,-0.0005119170528,0.005408042576,1
0.01282213069,0.01057624444,-0.000534764491,0.005490711424,1
0.01282213069,0.01043308061,-0.0006380237755,0.005451062229,1
0.01282213069,0.01028991584,-0.0006693102187,0.005016526673,1
0.01282213069,0.010146752,-0.000790584716,0.004562174436,1
0.01282213069,0.01000358816,-0.001018396928,0.004202177748,2
0.01282213069,0.009860424325,-0.001280803466,0.003959286958,1
0.01282213069,0.009717259556,-0.001403247705,0.004547187127,1
0.01282213069,0.009574095719,-0.0008705629152,0.005059499294,2
0.01282213069,0.009430931881,-0.0007363464101,0.005178443156,1
0.01282213069,0.009287768044,-0.0007865079097,0.005021850113,1
0.01282213069,0.009144604206,-0.0007961435476,0.005331886001,1
0.01282213069,0.009001439437,-0.0006173661095,0.005553786177,1
0.01282213069,0.0088582756,-0.0008325190283,0.004988198169,2
0.01282213069,0.008715111762,-0.0007802007603,0.004509998485,2
0.01282213069,0.008571947925,-0.0005935998634,0.004175978713,1
0.01282213069,0.008428783156,-0.0004650740884,0.004466170445,1
0.01282213069,0.008285619318,-0.0004265873285,0.004775019363,1
0.01282213069,0.008142455481,-0.0004691742361,0.004259049892,1
0.01282213069,0.007999291644,-0.0006176342722,0.003984042909,1
0.01282213069,0.007856126875,-0.0004010916455,0.004806739278,1
0.01282213069,0.007712963037,-0.0004544678377,0.005009461194,1
0.01282213069,0.0075697992,-0.0004904764355,0.004865057301,1
0.01282213069,0.007426635362,-0.0003115534491,0.004830109421,1
0.01282213069,0.007283471059,-0.000327214133,0.004969583824,1
0.01282213069,0.007140307222,-0.0001494383614,0.004909972195,1
0.01282213069,0.006997142918,-3.348064274e-05,0.004800702445,1
0.01282213069,0.006853979081,-0.0003218207567,0.004028305877,1
0.01282213069,0.006710814778,1.017631621e-05,0.00453404244,1
0.01282213069,0.00656765094,-0.000400495599,0.00459114369,1
0.01282213069,0.006424486637,-0.0004286523617,0.00437688129,1
0.01282213069,0.0062813228,-0.0003771883203,0.004363932181,1
0.01282213069,0.006138158496,-0.0002512602368,0.004479066469,1
0.01282213069,0.005994994659,0.0004826535587,0.004700439982,1
0.01282213069,0.005851830821,0.0001235793025,0.004667865112,1
0.01282213069,0.005708666518,-1.409142669e-06,0.004563701805,1
0.01282213069,0.005565502681,0.0003533510608,0.004339870531,1
0.01282213069,0.005422338378,-0.0006390266353,0.003495530225,1
0.01282213069,0.00527917454,-0.0005627832143,0.003569696797,2
0.01282213069,0.005136010237,-0.0003873905225,0.003579705954,2
0.01282213069,0.0049928464,-1.156197141e-05,0.003523142776,1
0.01282213069,0.004849682096,4.156685463e-06,0.003469758434,1
0.01282213069,0.004706518259,0.0001617942326,0.003596399678,1
0.01282213069,0.004563353956,0.0003103120544,0.003583583515,1
0.01282213069,0.004420190118,0.000275310158,0.003637476126,1
0.01282213069,0.004277025815,0.0001885426609,0.003271155525,1
0.01282213069,0.004133861978,8.975058881e-05,0.003158792155,1
0.01282213069,0.00399069814,-0.0001310252701,0.003085203469,1
0.01282213069,0.003847533837,0.0002087859611,0.003831344424,1
0.01282213069,0.003704369767,5.403346586e-05,0.00392343197,1
0.01282213069,0.003561205696,2.553512604e-05,0.003726806724,1
0.01282213069,0.003418041626,0.0001118256114,0.003644453594,2
0.01282213069,0.003274877556,2.996788135e-05,0.003749313997,2
0.01282213069,0.003131713718,-0.0002861341345,0.003987837117,1
0.01282213069,0.002988549648,0.0001562537072,0.003560892306,1
0.01282213069,0.002845385578,0.0005721891648,0.00335058989,1
0.01282213069,0.002702221507,0.0002882570261,0.003397495719,2
0.01282213069,0.002559057437,0.0003011745575,0.003588542808,2
0.01282213069,0.002415893367,0.000376349315,0.003862385405,1
0.01282213069,0.002272729296,0.0006811367348,0.003391889855,1
0.01282213069,0.002129565226,0.0007172268233,0.003084716387,1
0.01282213069,0.001986401156,0.0006199298659,0.002693652641,1
0.01282213069,0.001843237202,0.000373580493,0.002662518295,1
0.01282213069,0.001700073131,0.0001397454325,0.002775548492,1
0.01282213069,0.001556909061,0.0005579995341,0.002906360431,1
0.01282213069,0.001413744991,0.0006567765377,0.00288546877,2
0.01282213069,0.00127058092,0.0007097646594,0.002543764422,1
0.01282213069,0.00112741685,0.0009229357238,0.002192714717,1
0.01282213069,0.0009842528962,0.0009017517441,0.002703857375,1
0.01282213069,0.0008410888258,0.0008487240993,0.003279900644,1
0.01282213069,0.0006979247555,0.000878027,0.003195422236,1
0.01282213069,0.0005547606852,0.0008745578816,0.00291996263,1
0.01282213069,0.000411596644,0.000704923179,0.002294120612,1
0.01282213069,0.0002684326028,0.0007900334895,0.002069817157,1
0.01282213069,0.000125268547,0.001010890468,0.001758367987,1
0.01296529453,0.01916608773,-0.001919615082,0.005831654184,2
0.01296529453,0.01902292296,-0.00184771046,0.005458265543,1
0.01296529453,0.01887976006,-0.002205601428,0.005819146521,1
0.01296529453,0.01873659529,-0.002386958338,0.006907036062,1
0.01296529453,0.01859343052,-0.00327457441,0.006541071925,1
0.01296529453,0.01845026761,-0.002364275279,0.006236577872,1
0.01296529453,0.01830710284,-0.002415244235,0.00633162586,1
0.01296529453,0.01816393808,-0.00281447079,0.006712511647,1
0.01296529453,0.01802077517,-0.00301515148,0.006318712141,1
0.01296529453,0.0178776104,-0.003140337998,0.006216892973,1
0.01296529453,0.01773444749,-0.003198029241,0.006446989253,1
0.01296529453,0.01759128273,-0.002554738894,0.006759759504,1
0.01296529453,0.01744811796,-0.003055481939,0.006618800573,1
0.01296529453,0.01730495505,-0.003104309086,0.006974579766,1
0.01296529453,0.01716179028,-0.003204352688,0.007077893708,1
0.01296529453,0.01701862738,-0.003129683901,0.006866439711,1
0.01296529453,0.01687546261,-0.002955508418,0.006366799586,2
0.01296529453,0.01673229784,-0.002856059931,0.00586058991,1
0.01296529453,0.01658913493,-0.003031768603,0.006492320914,1
0.01296529453,0.01644597016,-0.003152831458,0.007329467218,1
0.01296529453,0.01630280726,-0.003145024646,0.007643637713,1
0.01296529453,0.01615964249,-0.003116113134,0.007516189944,1
0.01296529453,0.01601647772,-0.00292251748,0.007617526222,1
0.01296529453,0.01587331481,-0.002761374926,0.007613821421,1
0.01296529453,0.01573015004,-0.002834733343,0.006937453058,2
0.01296529453,0.01558698621,-0.002832296304,0.006970950868,2
0.01296529453,0.01544382237,-0.002786758589,0.007290336769,2
0.01296529453,0.0153006576,-0.003077343339,0.007674538996,1
0.01296529453,0.01515749376,-0.001827639644,0.00822128728,1
0.01296529453,0.01501432993,-0.002039102372,0.008066387847,1
0.01296529453,0.01487116609,-0.002139285905,0.007818932645,1
0.01296529453,0.01472800132,-0.001394513645,0.007491163909,1
0.01296529453,0.01458483748,-0.001200818457,0.006283560768,2
0.01296529453,0.01444167364,-0.001007135725,0.004538355395,1
0.01296529453,0.01429850981,-0.001055313624,0.00564628141,2
0.01296529453,0.01415534597,-0.001105774892,0.005604369566,1
0.01296529453,0.0140121812,-0.001140854089,0.005583229009,1
0.01296529453,0.01386901736,-0.001349691884,0.005693334155,1
0.01296529453,0.01372585353,-0.001442432404,0.007134953979,1
0.01296529453,0.01358268969,-0.001132417703,0.007021682337,2
0.01296529453,0.01343952492,-0.0007139206282,0.006821042858,1
0.01296529453,0.01329636108,-0.0006189607666,0.006561356597,1
0.01296529453,0.01315319724,-0.001179245068,0.007367467973,1
0.01296529453,0.01301003341,-0.001769937808,0.007045754232,1
0.01296529453,0.01286686864,-0.001606216771,0.007027478889,1
0.01296529453,0.0127237048,-0.001103241346,0.007226890884,1
0.01296529453,0.01258054096,-0.0008910761098,0.007253808901,1
0.01296529453,0.01243737713,-0.0006244633696,0.006526727229,1
0.01296529453,0.01229421329,-0.0009097778238,0.005977858789,1
0.01296529453,0.01215104852,-0.0009948745137,0.005617257673,1
0.01296529453,0.01200788468,-0.0007695642998,0.006551254075,2
0.01296529453,0.01186472084,-0.00075646193,0.007193377707,3
0.01296529453,0.01172155701,-0.0006269959267,0.007057047915,2
0.01296529453,0.01157839224,-0.0006837480469,0.006710048299,2
0.01296529453,0.0114352284,-0.0006349278265,0.006469948217,2
0.01296529453,0.01129206456,-0.0009269560687,0.007071143948,1
0.01296529453,0.01114890072,-0.0007830155664,0.006335760001,1
0.01296529453,0.01100573689,-0.0003865712497,0.006180999801,1
0.01296529453,0.01086257212,-0.0003909803345,0.005676324945,1
0.01296529453,0.01071940828,-0.0004255329841,0.005363824777,1
0.01296529453,0.01057624444,-0.0005794472527,0.005809256341,1
0.01296529453,0.01043308061,-0.0004858433676,0.00574956229,1
0.01296529453,0.01028991584,-0.0008886047872,0.005249703303,1
0.01296529453,0.010146752,-0.001037337002,0.005154392682,1
0.01296529453,0.01000358816,-0.001236492768,0.004446630366,1
0.01296529453,0.009860424325,-0.00115735014,0.004893198609,1
0.01296529453,0.009717259556,-0.0007902307552,0.005258580204,1
0.01296529453,0.009574095719,-0.0005536527024,0.00563049363,1
0.01296529453,0.009430931881,-0.000512255996,0.00559532037,1
0.01296529453,0.009287768044,-0.0006482244353,0.005509137176,1
0.01296529453,0.009144604206,-0.0006927397335,0.005773156881,1
0.01296529453,0.009001439437,-0.0005719904439,0.005874001887,1
0.01296529453,0.0088582756,-0.001257292577,0.005500455387,1
0.01296529453,0.008715111762,-0.001152555225,0.004939834587,1
0.01296529453,0.008571947925,-0.0003992127313,0.004232926294,1
0.01296529453,0.008428783156,-0.0003875384573,0.005638864357,1
0.01296529453,0.008285619318,-0.0002967804903,0.005276339129,1
0.01296529453,0.008142455481,-0.0004938417114,0.004687733948,1
0.01296529453,0.007999291644,-0.0005873579066,0.004793293308,1
0.01296529453,0.007856126875,-0.0005358592607,0.005426425952,1
0.01296529453,0.007712963037,-0.0004234117805,0.005557761528,1
0.01296529453,0.0075697992,4.688835907e-05,0.004913547542,1
0.01296529453,0.007426635362,-0.0002711514826,0.005216407124,1
0.01296529453,0.007283471059,-0.0002678344899,0.005202788394,1
0.01296529453,0.007140307222,-7.573733456e-05,0.005102172494,1
0.01296529453,0.006997142918,-3.672522871e-05,0.005088971928,1
0.01296529453,0.006853979081,-0.0003132897546,0.004804629367,1
0.01296529453,0.006710814778,-0.0002646485518,0.004550680518,1
0.01296529453,0.00656765094,-0.0002906478476,0.004508301616,1
0.01296529453,0.006424486637,-8.623852773e-05,0.004942467436,1
0.01296529453,0.0062813228,-0.0003371479688,0.005151129328,1
0.01296529453,0.006138158496,-0.0004735375114,0.0049226298,1
0.01296529453,0.005994994659,7.631738117e-05,0.005077704787,2
0.01296529453,0.005851830821,0.0005054082139,0.00519794086,1
0.01296529453,0.005708666518,0.0002021223481,0.004923964851,1
0.01296529453,0.005565502681,-0.0001913032902,0.004947282374,1
0.01296529453,0.005422338378,-0.0004103277752,0.004375082441,1
0.01296529453,0.00527917454,-0.0006090323441,0.004243082367,1
0.01296529453,0.005136010237,-0.0002852589241,0.004195815884,1
0.01296529453,0.0049928464,0.0002710763947,0.003994983155,1
0.01296529453,0.004849682096,0.0004180718388,0.004323111381,1
0.01296529453,0.004706518259,0.0004517280613,0.004043863155,1
0.01296529453,0.004563353956,0.0002983502054,0.004422725178,1
0.01296529453,0.004420190118,0.0001913695451,0.003914427944,1
0.01296529453,0.004277025815,0.0002553151862,0.003462362569,1
0.01296529453,0.004133861978,0.0001559448574,0.003416032065,1
0.01296529453,0.00399069814,1.235751768e-07,0.004740552045,1
0.01296529453,0.003847533837,3.461014057e-05,0.004069975577,2
0.01296529453,0.003704369767,-0.0001794989657,0.00380726601,1
0.01296529453,0.003561205696,-5.782732842e-05,0.003633324523,1
0.01296529453,0.003418041626,-0.0001192897689,0.003481814172,1
0.01296529453,0.003274877556,-1.249785328e-05,0.003705895739,2
0.01296529453,0.003131713718,1.780711318e-05,0.003783869091,2
0.01296529453,0.002988549648,0.0003596294555,0.003616280854,1
0.01296529453,0.002845385578,0.0002618553408,0.003780161496,1
0.01296529453,0.002702221507,0.0002561853034,0.003676166292,1
0.01296529453,0.002559057437,0.0003859546268,0.0033504616,2
0.01296529453,0.002415893367,0.0005530199851,0.003406317206,2
0.01296529453,0.002272729296,0.0008363000816,0.003207706381,1
0.01296529453,0.002129565226,0.0007620909018,0.002906360896,1
0.01296529453,0.001986401156,0.000863823283,0.002976335585,1
0.01296529453,0.001843237202,0.0004590802127,0.002952843672,1
0.01296529453,0.001700073131,0.0003772318596,0.003040273674,1
0.01296529453,0.001556909061,0.000608840026,0.003198561026,1
0.01296529453,0.001413744991,0.00046469277,0.002855678089,1
0.01296529453,0.00127058092,0.0006244884571,0.002548098098,1
0.01296529453,0.00112741685,0.0008954994264,0.002311500488,1
0.01296529453,0.0009842528962,0.0009878609562,0.002754412824,1
0.01296529453,0.0008410888258,0.0009781526169,0.003027434461,1
0.01296529453,0.0006979247555,0.0007478130283,0.002885218011,1
0.01296529453,0.0005547606852,0.0006732298643,0.002782115247,2
0.01296529453,0.000411596644,0.0002243899944,0.002493776847,1
0.01296529453,0.0002684326028,0.0008126801113,0.002403277671,1
0.01296529453,0.000125268547,0.001289154286,0.002281364286,1
0.01310845837,0.01916608773,-0.001783755957,0.006699680351,3
0.01310845837,0.01902292296,-0.0017692853,0.006056213286,1
0.01310845837,0.01887976006,-0.002031680895,0.005764117464,1
0.01310845837,0.01873659529,-0.002497288398,0.006017131265,1
0.01310845837,0.01859343052,-0.003205071902,0.006047860719,1
0.01310845837,0.01845026761,-0.003108001314,0.006824275479,1
0.01310845837,0.01830710284,-0.002847703639,0.007521896623,1
0.01310845837,0.01816393808,-0.003136833431,0.006568625569,1
0.01310845837,0.01802077517,-0.003227183595,0.006560240407,1
0.01310845837,0.0178776104,-0.003156630322,0.006763519254,2
0.01310845837,0.01773444749,-0.003165925387,0.006943415385,1
0.01310845837,0.01759128273,-0.003098142566,0.006842811592,1
0.01310845837,0.01744811796,-0.003201844636,0.006847370416,1
0.01310845837,0.01730495505,-0.003279740456,0.007307502907,1
0.01310845837,0.01716179028,-0.00351662375,0.007527170237,1
0.01310845837,0.01701862738,-0.003334211884,0.007446393371,2
0.01310845837,0.01687546261,-0.002896467689,0.007054307498,3
0.01310845837,0.01673229784,-0.002943605883,0.007284164429,1
0.01310845837,0.01658913493,-0.003316407558,0.007595840842,1
0.01310845837,0.01644597016,-0.00341095007,0.007814251818,1
0.01310845837,0.01630280726,-0.003417887492,0.007987918332,1
0.01310845837,0.01615964249,-0.003395180218,0.008743532933,1
0.01310845837,0.01601647772,-0.002991402056,0.008859621361,1
0.01310845837,0.01587331481,-0.002755566034,0.006393746007,1
0.01310845837,0.01573015004,-0.002671068301,0.006669621915,1
0.01310845837,0.01558698621,-0.00276443013,0.007139402442,2
0.01310845837,0.01544382237,-0.002561223693,0.007779213134,2
0.01310845837,0.0153006576,-0.002395346528,0.00846433267,1
0.01310845837,0.01515749376,-0.002293729223,0.007987193763,1
0.01310845837,0.01501432993,-0.002209112281,0.008251284249,3
0.01310845837,0.01487116609,-0.001965699485,0.007951514795,2
0.01310845837,0.01472800132,-0.001593530993,0.007525103632,2
0.01310845837,0.01458483748,-0.001186399371,0.00655889418,2
0.01310845837,0.01444167364,-0.000305242138,0.005037443247,1
0.01310845837,0.01429850981,-0.0009292016621,0.006561768707,2
0.01310845837,0.01415534597,-0.0007896164316,0.00607814081,1
0.01310845837,0.0140121812,-0.0007856451557,0.005994596519,1
0.01310845837,0.01386901736,-0.001224457403,0.006977284327,1
0.01310845837,0.01372585353,-0.001495698933,0.007929721847,1
0.01310845837,0.01358268969,-0.001276477356,0.007195416838,1
0.01310845837,0.01343952492,-0.00107910193,0.007586678024,2
0.01310845837,0.01329636108,-0.001027597114,0.007749632467,1
0.01310845837,0.01315319724,-0.001402384019,0.008258655667,1
0.01310845837,0.01301003341,-0.001958489884,0.008465375751,1
0.01310845837,0.01286686864,-0.001831567148,0.00839351397,1
0.01310845837,0.0127237048,-0.001158220228,0.008009687066,1
0.01310845837,0.01258054096,-0.001002813457,0.007828959264,1
0.01310845837,0.01243737713,-0.000918255595,0.006872036494,1
0.01310845837,0.01229421329,-0.0006986330845,0.006992654875,1
0.01310845837,0.01215104852,-0.0005528862821,0.007246192545,1
0.01310845837,0.01200788468,-0.0006908951327,0.006616578437,1
0.01310845837,0.01186472084,-0.0003498415463,0.0085417917,1
0.01310845837,0.01172155701,5.58052925e-05,0.007955485955,1
0.01310845837,0.01157839224,-0.0003284253471,0.007173408289,2
0.01310845837,0.0114352284,-7.664633449e-05,0.006004868541,1
0.01310845837,0.01129206456,-0.0004448034451,0.006541364826,1
0.01310845837,0.01114890072,-0.0005568134366,0.005526270717,1
0.01310845837,0.01100573689,-0.0003145847586,0.005968331359,1
0.01310845837,0.01086257212,-0.0003792060888,0.006202090532,1
0.01310845837,0.01071940828,-0.0004197616945,0.006307863165,1
0.01310845837,0.01057624444,-0.000450486812,0.006195780821,1
0.01310845837,0.01043308061,-0.0003116449516,0.005047198851,1
0.01310845837,0.01028991584,-0.0004806151555,0.004708210472,1
0.01310845837,0.010146752,-0.0009224653477,0.004723621998,1
0.01310845837,0.01000358816,-0.001007422921,0.004666902591,1
0.01310845837,0.009860424325,-0.0008151251241,0.005361877382,1
0.01310845837,0.009717259556,-0.000712336041,0.005667685531,1
0.01310845837,0.009574095719,-0.0006016606349,0.005980416667,1
0.01310845837,0.009430931881,-0.0003802838037,0.005969686434,1
0.01310845837,0.009287768044,-0.0003812116047,0.005950793624,1
0.01310845837,0.009144604206,-0.0004939915962,0.005978143308,1
0.01310845837,0.009001439437,-0.0005127676413,0.005654391367,2
0.01310845837,0.0088582756,-0.0006041614688,0.005272739567,1
0.01310845837,0.008715111762,-0.0002324643428,0.003345547942,1
0.01310845837,0.008571947925,-0.000155974325,0.00457602134,3
0.01310845837,0.008428783156,-0.0004654486547,0.005468608811,1
0.01310845837,0.008285619318,-0.0003872230009,0.005505434237,2
0.01310845837,0.008142455481,-0.000453230401,0.005673162173,1
0.01310845837,0.007999291644,-0.000531882979,0.005862430204,1
0.01310845837,0.007856126875,-0.0005522263236,0.006297930609,1
0.01310845837,0.007712963037,-0.0004721883743,0.005605302285,1
0.01310845837,0.0075697992,-0.0002872472978,0.00544612715,1
0.01310845837,0.007426635362,-0.000333550066,0.005586335901,1
0.01310845837,0.007283471059,-0.0002987261105,0.005611289758,1
0.01310845837,0.007140307222,-1.552922549e-05,0.005223879591,1
0.01310845837,0.006997142918,-3.623675002e-05,0.005021091551,1
0.01310845837,0.006853979081,-0.0003556273296,0.005005805753,1
0.01310845837,0.006710814778,-0.0004172662157,0.005280528683,1
0.01310845837,0.00656765094,-0.0003423037997,0.00529681053,1
0.01310845837,0.006424486637,7.01233439e-05,0.005247984547,1
0.01310845837,0.0062813228,-0.0001333752589,0.005203182809,2
0.01310845837,0.006138158496,-0.0003784588189,0.005175522994,1
0.01310845837,0.005994994659,-0.0002092547074,0.005489808042,1
0.01310845837,0.005851830821,-6.04056695e-05,0.005245217122,1
0.01310845837,0.005708666518,-0.0001950927835,0.005033038557,2
0.01310845837,0.005565502681,-0.0001905498793,0.004946904257,1
0.01310845837,0.005422338378,-0.0003242336097,0.004924209788,1
0.01310845837,0.00527917454,-0.0003146396484,0.004525567405,2
0.01310845837,0.005136010237,-8.497957606e-05,0.004361413885,1
0.01310845837,0.0049928464,0.0002550130885,0.004630394746,1
0.01310845837,0.004849682096,0.000377011922,0.004633346107,1
0.01310845837,0.004706518259,6.208204286e-05,0.004180206917,1
0.01310845837,0.004563353956,0.0001958586945,0.004100597464,1
0.01310845837,0.004420190118,0.0002416526258,0.003978847526,1
0.01310845837,0.004277025815,0.0003881961456,0.003765992122,1
0.01310845837,0.004133861978,0.0002305362432,0.003803221043,1
0.01310845837,0.00399069814,-2.092430805e-05,0.004091532901,1
0.01310845837,0.003847533837,0.000109029992,0.003900739131,2
0.01310845837,0.003704369767,0.0002589692886,0.003599991091,1
0.01310845837,0.003561205696,0.0003008511849,0.003211623989,1
0.01310845837,0.003418041626,8.021783287e-05,0.003796419827,1
0.01310845837,0.003274877556,2.152336128e-05,0.00380858616,1
0.01310845837,0.003131713718,1.023098775e-05,0.00382546219,1
0.01310845837,0.002988549648,0.0003681231756,0.003681366099,1
0.01310845837,0.002845385578,0.000277260755,0.0038012187,1
0.01310845837,0.002702221507,0.0002028339077,0.003234592732,1
0.01310845837,0.002559057437,0.0004334385158,0.002730819862,1
0.01310845837,0.002415893367,0.0006134760915,0.003204715904,1
0.01310845837,0.002272729296,0.0008053802885,0.003128629643,1
0.01310845837,0.002129565226,0.0009182053618,0.00350764161,1
0.01310845837,0.001986401156,0.0009937299183,0.004271194339,1
0.01310845837,0.001843237202,0.0009443280869,0.00398109993,1
0.01310845837,0.001700073131,0.0006395423552,0.003462983062,2
0.01310845837,0.001556909061,0.0005797453923,0.00317871687,2
0.01310845837,0.001413744991,0.0004063663655,0.002920397557,1
0.01310845837,0.00127058092,0.0006049983203,0.002858667867,1
0.01310845837,0.00112741685,0.0008540634881,0.002729763044,1
0.01310845837,0.0009842528962,0.0008525351877,0.002742994577,1
0.01310845837,0.0008410888258,0.0008985785535,0.002719486831,1
0.01310845837,0.0006979247555,0.000629260554,0.002601034008,1
0.01310845837,0.0005547606852,0.0008461587131,0.002829502802,2
0.01310845837,0.000411596644,0.000605978712,0.002725737868,1
0.01310845837,0.0002684326028,0.0008198936703,0.002149092034,1
0.01310845837,0.000125268547,0.001040483825,0.002939936705,1
0.01325162221,0.01916608773,-0.002008743817,0.007007800974,2
0.01325162221,0.01902292296,-0.002174358815,0.00707590254,1
0.01325162221,0.01887976006,-0.002015991602,0.005151303019,1
0.01325162221,0.01873659529,-0.002515736967,0.005442086142,1
0.01325162221,0.01859343052,-0.003259057179,0.00620056456,1
0.01325162221,0.01845026761,-0.003698476823,0.006795546506,1
0.01325162221,0.01830710284,-0.00378328911,0.007309649605,1
0.01325162221,0.01816393808,-0.003296438139,0.007116943598,1
0.01325162221,0.01802077517,-0.002932216739,0.007029877976,1
0.01325162221,0.0178776104,-0.003093074542,0.007333526853,1
0.01325162221,0.01773444749,-0.003129208926,0.007221058942,1
0.01325162221,0.01759128273,-0.002947824541,0.007234225515,1
0.01325162221,0.01744811796,-0.003189931391,0.007246228866,1
0.01325162221,0.01730495505,-0.003361480776,0.007603458595,2
0.01325162221,0.01716179028,-0.003763662418,0.008154025301,1
0.01325162221,0.01701862738,-0.003794072894,0.008337656967,1
0.01325162221,0.01687546261,-0.002906801412,0.007696893997,1
0.01325162221,0.01673229784,-0.003107403638,0.00784214586,1
0.01325162221,0.01658913493,-0.003379917238,0.008095511235,1
0.01325162221,0.01644597016,-0.003493180964,0.00815589074,1
0.01325162221,0.01630280726,-0.003496562364,0.008142269216,1
0.01325162221,0.01615964249,-0.003157441039,0.008549196646,2
0.01325162221,0.01601647772,-0.002741937758,0.008909489959,1
0.01325162221,0.01587331481,-0.002866904251,0.008286101744,1
0.01325162221,0.01573015004,-0.003056945046,0.008180121891,1
0.01325162221,0.01558698621,-0.002993132453,0.00713782385,1
0.01325162221,0.01544382237,-0.002298359293,0.00822278019,1
0.01325162221,0.0153006576,-0.001931905746,0.007531734183,1
0.01325162221,0.01515749376,-0.00186302606,0.007566974964,1
0.01325162221,0.01501432993,-0.001593289897,0.007279190701,1
0.01325162221,0.01487116609,-0.001920868992,0.008210740052,2
0.01325162221,0.01472800132,-0.00182751182,0.008098841645,2
0.01325162221,0.01458483748,-0.001646005898,0.007389468141,2
0.01325162221,0.01444167364,-0.00160458195,0.005611743778,1
0.01325162221,0.01429850981,-0.001566634397,0.009485210292,1
0.01325162221,0.01415534597,-0.001169165946,0.007460228633,1
0.01325162221,0.0140121812,-0.001254832139,0.007234004792,1
0.01325162221,0.01386901736,-0.001455171849,0.008065452799,1
0.01325162221,0.01372585353,-0.001549441949,0.008651496843,1
0.01325162221,0.01358268969,-0.001351471525,0.007999999449,1
0.01325162221,0.01343952492,-0.001298412681,0.008580619469,1
0.01325162221,0.01329636108,-0.001564691076,0.009086610749,1
0.01325162221,0.01315319724,-0.001582413097,0.009037873708,1
0.01325162221,0.01301003341,-0.001995614264,0.009341632016,1
0.01325162221,0.01286686864,-0.001561092096,0.008797077462,2
0.01325162221,0.0127237048,-0.001030237065,0.008760248311,1
0.01325162221,0.01258054096,-0.0009192826692,0.008361547254,1
0.01325162221,0.01243737713,-0.0009609133704,0.007530706469,1
0.01325162221,0.01229421329,-0.0007256534882,0.00743889669,1
0.01325162221,0.01215104852,-0.0005907443701,0.007606467698,1
0.01325162221,0.01200788468,-0.0008925854345,0.00767566124,1
0.01325162221,0.01186472084,-0.0008134701056,0.00896516908,1
0.01325162221,0.01172155701,-0.0006968258531,0.008268113248,1
0.01325162221,0.01157839224,-0.0006091121468,0.00802323129,2
0.01325162221,0.0114352284,-0.0002591148077,0.00684209913,1
0.01325162221,0.01129206456,-0.0003195682366,0.006766523235,1
0.01325162221,0.01114890072,-0.0004100148217,0.006428651046,2
0.01325162221,0.01100573689,-0.0003571520792,0.006252744701,1
0.01325162221,0.01086257212,-0.0004941541119,0.006739565637,1
0.01325162221,0.01071940828,-0.0005783554516,0.006939268205,1
0.01325162221,0.01057624444,-0.0009447612101,0.006797353737,1
0.01325162221,0.01043308061,-0.000947428518,0.005427164957,3
0.01325162221,0.01028991584,-0.0005238241865,0.006115720142,1
0.01325162221,0.010146752,-0.0006256307825,0.005813087802,1
0.01325162221,0.01000358816,-0.000660309568,0.006061811931,1
0.01325162221,0.009860424325,-0.001206637709,0.00663974788,1
0.01325162221,0.009717259556,-0.001072542975,0.006864479277,1
0.01325162221,0.009574095719,-0.0006131926784,0.00629513897,2
0.01325162221,0.009430931881,-0.00033113276,0.005953250919,1
0.01325162221,0.009287768044,-0.0003047075297,0.005845531356,1
0.01325162221,0.009144604206,-0.0003597387695,0.005844600499,1
0.01325162221,0.009001439437,-0.0003809270274,0.005492681637,2
0.01325162221,0.0088582756,-0.0003534193092,0.004455668852,1
0.01325162221,0.008715111762,-0.0002437015501,0.004879425745,1
0.01325162221,0.008571947925,-0.0005602029851,0.00485592708,1
0.01325162221,0.008428783156,-0.0004909006529,0.005969014484,1
0.01325162221,0.008285619318,-0.0003334324574,0.005603627767,1
0.01325162221,0.008142455481,-0.0003594281443,0.005267233122,1
0.01325162221,0.007999291644,-0.0005407608114,0.006701840553,1
0.01325162221,0.007856126875,-0.0005222107866,0.006677411962,1
0.01325162221,0.007712963037,-0.0004379069724,0.005882648285,2
0.01325162221,0.0075697992,-0.0003296686627,0.005798063241,1
0.01325162221,0.007426635362,-0.0003472612589,0.005978492554,1
0.01325162221,0.007283471059,-0.0003120364854,0.005503833294,1
0.01325162221,0.007140307222,-6.443598977e-05,0.005334010348,2
0.01325162221,0.006997142918,-1.639497896e-05,0.005023131613,1
0.01325162221,0.006853979081,-0.0003480558516,0.005000552163,1
0.01325162221,0.006710814778,-0.0003264470142,0.00551918149,1
0.01325162221,0.00656765094,-0.0003596750903,0.005651558749,1
0.01325162221,0.006424486637,-0.0004125876003,0.00542965252,1
0.01325162221,0.0062813228,0.0001119824083,0.005238094833,1
0.01325162221,0.006138158496,-0.0001029862615,0.005072023254,1
0.01325162221,0.005994994659,-0.0003129758406,0.005352691282,1
0.01325162221,0.005851830821,-0.0003503339831,0.005444888026,1
0.01325162221,0.005708666518,-0.0007315379335,0.005016067997,1
0.01325162221,0.005565502681,-0.000107258551,0.004731965717,1
0.01325162221,0.005422338378,-0.000294152007,0.004746556282,1
0.01325162221,0.00527917454,-0.0002403129911,0.004573564511,2
0.01325162221,0.005136010237,-0.0002240620961,0.004526136909,1
0.01325162221,0.0049928464,-9.038138523e-05,0.004622436594,1
0.01325162221,0.004849682096,3.42287567e-05,0.00465897657,1
0.01325162221,0.004706518259,7.414392894e-05,0.004608299118,1
0.01325162221,0.004563353956,0.0001917572081,0.0043034954,1
0.01325162221,0.004420190118,0.0003583597136,0.003914799541,1
0.01325162221,0.004277025815,0.0004052996519,0.004104414023,1
0.01325162221,0.004133861978,5.677914305e-05,0.004250804894,1
0.01325162221,0.00399069814,-8.940293628e-05,0.00421235431,1
0.01325162221,0.003847533837,0.0001634648652,0.003841457656,1
0.01325162221,0.003704369767,0.0002214381384,0.003679275513,1
0.01325162221,0.003561205696,0.0003144523071,0.003367273137,1
0.01325162221,0.003418041626,0.0001976717758,0.004149460234,1
0.01325162221,0.003274877556,0.0001872766734,0.00394686684,1
0.01325162221,0.003131713718,0.0002510308113,0.003836584277,1
0.01325162221,0.002988549648,0.0005196611746,0.00392067479,1
0.01325162221,0.002845385578,0.0004167820443,0.003967501689,1
0.01325162221,0.002702221507,0.0003465040063,0.002621591324,1
0.01325162221,0.002559057437,0.0004274983366,0.002523144009,1
0.01325162221,0.002415893367,0.0004132309114,0.003335318528,1
0.01325162221,0.002272729296,0.0006350828335,0.003577671712,1
0.01325162221,0.002129565226,0.0009488470969,0.003938441165,2
0.01325162221,0.001986401156,0.001355111366,0.00441406155,1
0.01325162221,0.001843237202,0.0008572493098,0.00376967038,1
0.01325162221,0.001700073131,0.0006568640238,0.003651842475,1
0.01325162221,0.001556909061,0.0006642328226,0.003132925136,2
0.01325162221,0.001413744991,0.001010720967,0.002720415127,1
0.01325162221,0.00127058092,0.0008035256178,0.00302402745,2
0.01325162221,0.00112741685,0.0009240736836,0.002936372766,1
0.01325162221,0.0009842528962,0.0006672711461,0.002796419663,1
0.01325162221,0.0008410888258,0.0006501507014,0.002882330446,1
0.01325162221,0.0006979247555,0.0008222407778,0.003048577113,1
0.01325162221,0.0005547606852,0.001476165839,0.003209124552,1
0.01325162221,0.000411596644,0.001031715306,0.00312445825,1
0.01325162221,0.0002684326028,0.0010775259,0.002864321228,1
0.01325162221,0.000125268547,0.0008061435074,0.002872736659,1
0.01339478698,0.01916608773,-0.00206811633,0.007247820031,2
0.01339478698,0.01902292296,-0.002330570249,0.007580081932,1
0.01339478698,0.01887976006,-0.002101091901,0.00635226164,1
0.01339478698,0.01873659529,-0.002578692744,0.005806738045,1
0.01339478698,0.01859343052,-0.002686012769,0.005812390707,1
0.01339478698,0.01845026761,-0.003330931533,0.006502934732,2
0.01339478698,0.01830710284,-0.003302860539,0.007136276923,1
0.01339478698,0.01816393808,-0.003074788954,0.007380448747,1
0.01339478698,0.01802077517,-0.002873295452,0.007141707931,1
0.01339478698,0.0178776104,-0.002955557778,0.007194677833,1
0.01339478698,0.01773444749,-0.003070141422,0.007522925269,1
0.01339478698,0.01759128273,-0.003008504864,0.008218029514,1
0.01339478698,0.01744811796,-0.003263488878,0.007713299245,1
0.01339478698,0.01730495505,-0.003212589072,0.007706077304,2
0.01339478698,0.01716179028,-0.00294670416,0.007503344212,1
0.01339478698,0.01701862738,-0.00305738044,0.007807758637,1
0.01339478698,0.01687546261,-0.002923688851,0.007825000212,1
0.01339478698,0.01673229784,-0.003073664848,0.008099569939,1
0.01339478698,0.01658913493,-0.003265837906,0.008141381666,1
0.01339478698,0.01644597016,-0.003031137399,0.007864360698,1
0.01339478698,0.01630280726,-0.003099614987,0.007772527169,1
0.01339478698,0.01615964249,-0.002996083815,0.008401493542,1
0.01339478698,0.01601647772,-0.002749421168,0.008829661645,1
0.01339478698,0.01587331481,-0.002874966245,0.009125866927,1
0.01339478698,0.01573015004,-0.002856558422,0.008915363811,1
0.01339478698,0.01558698621,-0.00257002865,0.007769832853,1
0.01339478698,0.01544382237,-0.002400945406,0.008467946202,1
0.01339478698,0.0153006576,-0.002177337417,0.007904671133,1
0.01339478698,0.01515749376,-0.001855131122,0.007705202326,1
0.01339478698,0.01501432993,-0.002425798215,0.008035987616,1
0.01339478698,0.01487116609,-0.002296974882,0.009513413534,1
0.01339478698,0.01472800132,-0.002149641048,0.009270054288,1
0.01339478698,0.01458483748,-0.00196553045,0.00928839203,1
0.01339478698,0.01444167364,-0.001830017311,0.009341088124,1
0.01339478698,0.01429850981,-0.001656970824,0.009041430429,2
0.01339478698,0.01415534597,-0.001502798405,0.008351055905,2
0.01339478698,0.0140121812,-0.001350702252,0.00815466512,2
0.01339478698,0.01386901736,-0.001120321918,0.008343826979,1
0.01339478698,0.01372585353,-0.001409988152,0.008462043479,1
0.01339478698,0.01358268969,-0.00134967186,0.00910551101,1
0.01339478698,0.01343952492,-0.001348544261,0.009477411397,1
0.01339478698,0.01329636108,-0.001458309358,0.009262574837,1
0.01339478698,0.01315319724,-0.001148720505,0.009563818574,1
0.01339478698,0.01301003341,-0.001492213225,0.009104859084,2
0.01339478698,0.01286686864,-0.001386949443,0.00869291462,2
0.01339478698,0.0127237048,-0.001106688986,0.008505193517,2
0.01339478698,0.01258054096,-0.0007956107147,0.008401473984,1
0.01339478698,0.01243737713,-0.0007791617536,0.008060934022,1
0.01339478698,0.01229421329,-0.0007991799503,0.007473220117,1
0.01339478698,0.01215104852,-0.0009787887102,0.007708685007,2
0.01339478698,0.01200788468,-0.001265197643,0.007859942503,1
0.01339478698,0.01186472084,-0.001159019186,0.008406573907,2
0.01339478698,0.01172155701,-0.001088421326,0.008780719712,1
0.01339478698,0.01157839224,-0.001152082812,0.009809304029,1
0.01339478698,0.0114352284,-0.001085353084,0.008734554984,1
0.01339478698,0.01129206456,-0.0007862822968,0.007903649472,1
0.01339478698,0.01114890072,-0.0004065254761,0.007169066928,1
0.01339478698,0.01100573689,-0.0004761954187,0.008085523732,1
0.01339478698,0.01086257212,-0.0006256570341,0.007078429218,1
0.01339478698,0.01071940828,-0.0007558970246,0.00719488645,1
0.01339478698,0.01057624444,-0.0008911783807,0.007189362776,1
0.01339478698,0.01043308061,-0.0007446680102,0.006846930832,1
0.01339478698,0.01028991584,-0.0004407402303,0.00738273887,1
0.01339478698,0.010146752,-0.0005701875198,0.007983876392,1
0.01339478698,0.01000358816,-0.000680975616,0.007296078838,1
0.01339478698,0.009860424325,-0.0007358238217,0.007287897635,1
0.01339478698,0.009717259556,-0.0007856037118,0.007236450445,1
0.01339478698,0.009574095719,-0.0004474343441,0.006382408086,1
0.01339478698,0.009430931881,-0.0003692795872,0.006819012109,1
0.01339478698,0.009287768044,-0.0003104712232,0.006865344476,1
0.01339478698,0.009144604206,-0.000316106074,0.006167138927,1
0.01339478698,0.009001439437,-0.0002977823897,0.006016064901,1
0.01339478698,0.0088582756,-0.0003476740385,0.005074302666,1
0.01339478698,0.008715111762,-0.0003533249255,0.005483646411,1
0.01339478698,0.008571947925,-0.0003801785642,0.005795578007,2
0.01339478698,0.008428783156,-7.921522047e-05,0.006406468339,1
0.01339478698,0.008285619318,-5.487931412e-05,0.00552394893,1
0.01339478698,0.008142455481,-0.0002491940104,0.006141765509,2
0.01339478698,0.007999291644,-0.0004087105626,0.006942167412,2
0.01339478698,0.007856126875,-0.0005409435835,0.006160651799,1
0.01339478698,0.007712963037,-0.0004275601241,0.005449815188,1
0.01339478698,0.0075697992,-0.0003395858221,0.006170815323,1
0.01339478698,0.007426635362,-0.0002552745864,0.006102805026,1
0.01339478698,0.007283471059,-0.0001947832061,0.005889193155,2
0.01339478698,0.007140307222,8.621674351e-05,0.005585195497,2
0.01339478698,0.006997142918,0.0004887127434,0.005262430292,1
0.01339478698,0.006853979081,-0.0001083088137,0.005491989199,1
0.01339478698,0.006710814778,-0.0001900122443,0.005634507164,1
0.01339478698,0.00656765094,-0.0003496487916,0.005809792317,1
0.01339478698,0.006424486637,-0.0004086221452,0.005682232324,1
0.01339478698,0.0062813228,5.506609887e-05,0.005462051835,1
0.01339478698,0.006138158496,-0.0001148693482,0.005139606539,1
0.01339478698,0.005994994659,-0.0002690434922,0.005265225191,1
0.01339478698,0.005851830821,-3.655571709e-05,0.005111764651,1
0.01339478698,0.005708666518,0.0002735054004,0.004859335255,1
0.01339478698,0.005565502681,0.0001617826056,0.004970389418,1
0.01339478698,0.005422338378,4.64887562e-05,0.004790357314,1
0.01339478698,0.00527917454,-0.0001283982565,0.004495997448,1
0.01339478698,0.005136010237,-0.0001265344472,0.004573942162,1
0.01339478698,0.0049928464,-1.022633205e-05,0.004461402074,1
0.01339478698,0.004849682096,-2.027458686e-05,0.004647268448,1
0.01339478698,0.004706518259,1.364972104e-05,0.004727303982,1
0.01339478698,0.004563353956,6.540553295e-05,0.004641165957,1
0.01339478698,0.004420190118,9.669464634e-05,0.004216822796,1
0.01339478698,0.004277025815,0.0005180311273,0.004443167709,1
0.01339478698,0.004133861978,-8.69737778e-05,0.004857904743,1
0.01339478698,0.00399069814,-0.0001952172752,0.004279392771,1
0.01339478698,0.003847533837,-9.05845518e-05,0.00383373932,1
0.01339478698,0.003704369767,7.100347284e-05,0.00396837201,1
0.01339478698,0.003561205696,0.0002313518198,0.003916035406,1
0.01339478698,0.003418041626,0.0002715797164,0.004325682763,1
0.01339478698,0.003274877556,0.0003086225188,0.00424790429,1
0.01339478698,0.003131713718,0.0005403284449,0.004062876571,1
0.01339478698,0.002988549648,0.0007129306905,0.004126573913,1
0.01339478698,0.002845385578,0.000504535099,0.004212723114,1
0.01339478698,0.002702221507,0.0004803077027,0.003542864695,2
0.01339478698,0.002559057437,0.0005453539197,0.003435025923,2
0.01339478698,0.002415893367,0.0006436416297,0.003712892765,2
0.01339478698,0.002272729296,0.000970394176,0.003856015624,1
0.01339478698,0.002129565226,0.0008869889425,0.00425439002,2
0.01339478698,0.001986401156,0.0009370491607,0.004469723906,1
0.01339478698,0.001843237202,0.0006137926248,0.003521680133,1
0.01339478698,0.001700073131,0.0004718188138,0.003173732199,1
0.01339478698,0.001556909061,0.0004096007906,0.002980726073,1
0.01339478698,0.001413744991,0.000485586148,0.002809342463,1
0.01339478698,0.00127058092,0.0006743093836,0.003580654506,2
0.01339478698,0.00112741685,0.0007394188433,0.003230039729,1
0.01339478698,0.0009842528962,0.0005037589581,0.002759799361,1
0.01339478698,0.0008410888258,0.0003234407341,0.002667737193,1
0.01339478698,0.0006979247555,0.0001971401216,0.002754289191,1
0.01339478698,0.0005547606852,0.0004310371878,0.003107872792,1
0.01339478698,0.000411596644,0.0009162971983,0.003524280386,1
0.01339478698,0.0002684326028,0.001340369694,0.003163818968,1
0.01339478698,0.000125268547,0.001160439453,0.002520418493,1
0.01353795081,0.01916608773,-0.001865035039,0.007155577186,1
0.01353795081,0.01902292296,-0.002115526935,0.007228033151,1
0.01353795081,0.01887976006,-0.002211289247,0.007168028504,1
0.01353795081,0.01873659529,-0.00245364639,0.005789161194,1
0.01353795081,0.01859343052,-0.002491340274,0.005795170553,1
0.01353795081,0.01845026761,-0.003636376699,0.00626752479,1
0.01353795081,0.01830710284,-0.001611574786,0.006248317659,1
0.01353795081,0.01816393808,-0.002473170171,0.006584345829,2
0.01353795081,0.01802077517,-0.002900475636,0.006984067615,1
0.01353795081,0.0178776104,-0.002649698639,0.006780305412,1
0.01353795081,0.01773444749,-0.002986318665,0.0072700046,2
0.01353795081,0.01759128273,-0.003050643718,0.00731481798,1
0.01353795081,0.01744811796,-0.003245615168,0.007800907362,1
0.01353795081,0.01730495505,-0.003278683405,0.008004207164,1
0.01353795081,0.01716179028,-0.002944918582,0.007662818301,1
0.01353795081,0.01701862738,-0.002501823241,0.007895770483,1
0.01353795081,0.01687546261,-0.002132094698,0.007784015965,1
0.01353795081,0.01673229784,-0.002756627044,0.007708365563,1
0.01353795081,0.01658913493,-0.003091615625,0.007494675461,1
0.01353795081,0.01644597016,-0.003067328595,0.007565118838,1
0.01353795081,0.01630280726,-0.002998968819,0.007667167578,1
0.01353795081,0.01615964249,-0.00292462064,0.008328590542,1
0.01353795081,0.01601647772,-0.002857435262,0.008904037066,2
0.01353795081,0.01587331481,-0.002842623275,0.00929254014,2
0.01353795081,0.01573015004,-0.002856980776,0.009274412878,1
0.01353795081,0.01558698621,-0.002605776768,0.008804556914,1
0.01353795081,0.01544382237,-0.002341106068,0.008689779788,1
0.01353795081,0.0153006576,-0.002169120824,0.008643670008,1
0.01353795081,0.01515749376,-0.002108235611,0.008777828887,1
0.01353795081,0.01501432993,-0.002470595296,0.009565880522,1
0.01353795081,0.01487116609,-0.002368920483,0.009816697799,1
0.01353795081,0.01472800132,-0.002254940337,0.00945440121,1
0.01353795081,0.01458483748,-0.002150258515,0.009259535931,1
0.01353795081,0.01444167364,-0.002113821683,0.009614777751,1
0.01353795081,0.01429850981,-0.001728433184,0.008988369256,2
0.01353795081,0.01415534597,-0.001834354596,0.008747898974,2
0.01353795081,0.0140121812,-0.00152485678,0.008689773269,2
0.01353795081,0.01386901736,-0.001096095541,0.008588787168,1
0.01353795081,0.01372585353,-0.001532305847,0.009273096919,1
0.01353795081,0.01358268969,-0.001468935981,0.009741501883,1
0.01353795081,0.01343952492,-0.001367759425,0.009767038748,1
0.01353795081,0.01329636108,-0.001373770996,0.009319687262,1
0.01353795081,0.01315319724,-0.001073494554,0.009682707489,1
0.01353795081,0.01301003341,-0.001437568106,0.008821072988,1
0.01353795081,0.01286686864,-0.001387803582,0.008364528418,1
0.01353795081,0.0127237048,-0.001213958487,0.008166135289,1
0.01353795081,0.01258054096,-0.0008905159775,0.00832840614,1
0.01353795081,0.01243737713,-0.0008270115941,0.007832050323,1
0.01353795081,0.01229421329,-0.0008330218261,0.007822800428,1
0.01353795081,0.01215104852,-0.001260032994,0.007895111106,1
0.01353795081,0.01200788468,-0.001450501732,0.00775071932,1
0.01353795081,0.01186472084,-0.001468987786,0.0080204634,1
0.01353795081,0.01172155701,-0.0006742672413,0.0090900613,1
0.01353795081,0.01157839224,-0.0009886971675,0.009295605123,1
0.01353795081,0.0114352284,-0.001040086499,0.008929502219,1
0.01353795081,0.01129206456,-0.0008358106716,0.008589838631,1
0.01353795081,0.01114890072,-0.0004238593101,0.007706415839,1
0.01353795081,0.01100573689,-0.001201499603,0.008099064231,1
0.01353795081,0.01086257212,-0.001583102625,0.007844251581,1
0.01353795081,0.01071940828,-0.000915381941,0.007424153853,1
0.01353795081,0.01057624444,-0.0009771398036,0.007361692842,1
0.01353795081,0.01043308061,-0.0008072901401,0.008504956961,1
0.01353795081,0.01028991584,-0.0009474603576,0.007774022408,1
0.01353795081,0.010146752,-0.0007941740914,0.00816392526,1
0.01353795081,0.01000358816,-0.0006168500986,0.007604415994,1
0.01353795081,0.009860424325,-0.0004524595861,0.00703974627,1
0.01353795081,0.009717259556,-0.0003241304366,0.006701203529,1
0.01353795081,0.009574095719,-0.0001250487694,0.007236145437,1
0.01353795081,0.009430931881,-0.0004627608287,0.007964081131,1
0.01353795081,0.009287768044,-0.000335828925,0.007899349555,1
0.01353795081,0.009144604206,-0.0005095558008,0.007270350587,1
0.01353795081,0.009001439437,-0.0003197805199,0.006717828568,1
0.01353795081,0.0088582756,-0.0006618432817,0.006075521931,1
0.01353795081,0.008715111762,-0.001124186441,0.006377895363,1
0.01353795081,0.008571947925,-0.0005279711331,0.006436271593,1
0.01353795081,0.008428783156,-0.0007788738003,0.006811663043,1
0.01353795081,0.008285619318,-0.0007857569726,0.006586940959,1
0.01353795081,0.008142455481,-0.0001737580169,0.006833714433,1
0.01353795081,0.007999291644,-0.0003039438452,0.008764411323,1
0.01353795081,0.007856126875,-0.0005651725805,0.006397787482,1
0.01353795081,0.007712963037,-0.0004585140559,0.005876378622,1
0.01353795081,0.0075697992,-0.0003318412928,0.006459967699,1
0.01353795081,0.007426635362,-0.0005543043953,0.006258712616,1
0.01353795081,0.007283471059,-0.0002980384743,0.006364938803,1
0.01353795081,0.007140307222,0.0001153734047,0.005855149589,1
0.01353795081,0.006997142918,0.0001365155331,0.00508648064,1
0.01353795081,0.006853979081,0.0003599610645,0.005697127897,1
0.01353795081,0.006710814778,-4.227338286e-05,0.005466984119,1
0.01353795081,0.00656765094,-0.0003161768254,0.005813979078,1
0.01353795081,0.006424486637,-0.0003175540478,0.005613748915,1
0.01353795081,0.0062813228,-0.0005371082225,0.005518917926,1
0.01353795081,0.006138158496,-0.0003869830107,0.005350574385,2
0.01353795081,0.005994994659,-0.0003731925972,0.005201574415,1
0.01353795081,0.005851830821,9.550745744e-05,0.005115516484,1
0.01353795081,0.005708666518,0.0002720207849,0.00511582382,1
0.01353795081,0.005565502681,0.0001865451195,0.005237023812,1
0.01353795081,0.005422338378,0.0001942322124,0.004665950779,1
0.01353795081,0.00527917454,-0.0001487091358,0.004387528636,1
0.01353795081,0.005136010237,-0.000225266398,0.004597179592,1
0.01353795081,0.0049928464,0.0003480124578,0.004590324592,1
0.01353795081,0.004849682096,0.000279366941,0.004620022606,1
0.01353795081,0.004706518259,0.0003448373755,0.004606671631,1
0.01353795081,0.004563353956,0.0001045042518,0.004710497335,2
0.01353795081,0.004420190118,2.28676563e-05,0.004699649289,1
0.01353795081,0.004277025815,0.0001103040995,0.004910218529,1
0.01353795081,0.004133861978,-2.652337571e-05,0.005040747114,1
0.01353795081,0.00399069814,-0.0001749775256,0.004816305358,1
0.01353795081,0.003847533837,-0.0003618447226,0.004835096654,1
0.01353795081,0.003704369767,5.123275332e-05,0.004192446359,1
0.01353795081,0.003561205696,0.0001470480784,0.00429961551,1
0.01353795081,0.003418041626,0.0001320364681,0.004473275505,1
0.01353795081,0.003274877556,0.0002159686119,0.004608005751,1
0.01353795081,0.003131713718,0.0005605276092,0.004424210172,1
0.01353795081,0.002988549648,0.0007367255748,0.004328291398,1
0.01353795081,0.002845385578,0.0005322211655,0.004095650744,2
0.01353795081,0.002702221507,0.0005248378729,0.003902117955,2
0.01353795081,0.002559057437,0.0006299681845,0.003961202223,1
0.01353795081,0.002415893367,0.0006455873954,0.004225211218,1
0.01353795081,0.002272729296,0.0005420958041,0.004538401496,1
0.01353795081,0.002129565226,0.0006916651619,0.004753380083,1
0.01353795081,0.001986401156,0.0004030243144,0.005122850649,1
0.01353795081,0.001843237202,0.0004342921311,0.004999212455,1
0.01353795081,0.001700073131,0.000365812215,0.003309403546,1
0.01353795081,0.001556909061,0.0003765921865,0.003188154893,1
0.01353795081,0.001413744991,0.000356984674,0.003178481245,1
0.01353795081,0.00127058092,0.000668706838,0.005259208381,1
0.01353795081,0.00112741685,0.001046271878,0.00450169621,1
0.01353795081,0.0009842528962,0.0008354596794,0.002805542201,1
0.01353795081,0.0008410888258,0.0006935858401,0.003155003302,1
0.01353795081,0.0006979247555,0.0003627506085,0.002833907492,1
0.01353795081,0.0005547606852,0.0005465814029,0.003111055121,1
0.01353795081,0.000411596644,0.0008429419831,0.003690668847,1
0.01353795081,0.0002684326028,0.001097102533,0.003833656432,1
0.01353795081,0.000125268547,0.00138938718,0.003786240006,1
0.01368111465,0.01916608773,-0.002160600852,0.006965620443,2
0.01368111465,0.01902292296,-0.002378526144,0.006792011205,1
0.01368111465,0.01887976006,-0.002633816097,0.007320318837,1
0.01368111465,0.01873659529,-0.002663058229,0.006962203886,1
0.01368111465,0.01859343052,-0.002617673017,0.00627447851,2
0.01368111465,0.01845026761,-0.002760360483,0.006323376205,2
0.01368111465,0.01830710284,-0.002334472025,0.006027366966,1
0.01368111465,0.01816393808,-0.002305841539,0.005724549294,1
0.01368111465,0.01802077517,-0.002347091213,0.006639830302,1
0.01368111465,0.0178776104,-0.003012693487,0.007303869352,1
0.01368111465,0.01773444749,-0.003174791578,0.007461968344,1
0.01368111465,0.01759128273,-0.00304453983,0.007661024574,1
0.01368111465,0.01744811796,-0.003289543325,0.008050811477,1
0.01368111465,0.01730495505,-0.003356323112,0.008287859149,1
0.01368111465,0.01716179028,-0.003013329348,0.008015361615,2
0.01368111465,0.01701862738,-0.002736362396,0.007588306442,1
0.01368111465,0.01687546261,-0.002653147327,0.007385524921,1
0.01368111465,0.01673229784,-0.002909634728,0.007985970937,1
0.01368111465,0.01658913493,-0.002918370999,0.007772161625,1
0.01368111465,0.01644597016,-0.002967712935,0.007465612609,1
0.01368111465,0.01630280726,-0.002771355212,0.007625235245,1
0.01368111465,0.01615964249,-0.002721046563,0.008360416628,1
0.01368111465,0.01601647772,-0.002913076896,0.009165356867,2
0.01368111465,0.01587331481,-0.002781111049,0.009865845554,2
0.01368111465,0.01573015004,-0.002799907932,0.01035886351,1
0.01368111465,0.01558698621,-0.002455964684,0.009738657624,1
0.01368111465,0.01544382237,-0.002339927014,0.009018833749,1
0.01368111465,0.0153006576,-0.002064895583,0.009131162427,1
0.01368111465,0.01515749376,-0.001881183241,0.009231311269,1
0.01368111465,0.01501432993,-0.002128996188,0.009473514743,2
0.01368111465,0.01487116609,-0.002066751709,0.009682705626,1
0.01368111465,0.01472800132,-0.002015331294,0.009271565825,1
0.01368111465,0.01458483748,-0.002099266509,0.009160562418,1
0.01368111465,0.01444167364,-0.002203983488,0.009704515338,1
0.01368111465,0.01429850981,-0.001308585866,0.008549372666,1
0.01368111465,0.01415534597,-0.002581330249,0.008962395601,1
0.01368111465,0.0140121812,-0.001818274613,0.00926773902,2
0.01368111465,0.01386901736,-0.001056311652,0.009201268665,1
0.01368111465,0.01372585353,-0.001630365499,0.009839546867,1
0.01368111465,0.01358268969,-0.001735329977,0.01057037897,1
0.01368111465,0.01343952492,-0.0009579229518,0.01013067365,1
0.01368111465,0.01329636108,-0.001092989696,0.009892603382,1
0.01368111465,0.01315319724,-0.001293578069,0.009722485207,1
0.01368111465,0.01301003341,-0.001548545784,0.008262388408,1
0.01368111465,0.01286686864,-0.00144933525,0.007921978831,1
0.01368111465,0.0127237048,-0.001256474177,0.008143789135,1
0.01368111465,0.01258054096,-0.0009920151206,0.008348654956,2
0.01368111465,0.01243737713,-0.0008137361729,0.008261235431,1
0.01368111465,0.01229421329,-0.0008435700438,0.008002542891,1
0.01368111465,0.01215104852,-0.001337786904,0.007971403189,1
0.01368111465,0.01200788468,-0.001541388454,0.007939506322,1
0.01368111465,0.01186472084,-0.001552504255,0.008070647717,1
0.01368111465,0.01172155701,-0.001223375555,0.008761603385,2
0.01368111465,0.01157839224,-0.001160395099,0.008741624653,1
0.01368111465,0.0114352284,-0.001026025973,0.009108449332,1
0.01368111465,0.01129206456,-0.0009339086828,0.009377455339,1
0.01368111465,0.01114890072,-0.000597174163,0.008539098315,1
0.01368111465,0.01100573689,-0.00144795794,0.008162315004,1
0.01368111465,0.01086257212,-0.001767728827,0.008035901003,1
0.01368111465,0.01071940828,-0.001212036586,0.007655143272,1
0.01368111465,0.01057624444,-0.0011875747,0.00751840882,1
0.01368111465,0.01043308061,-0.001016701921,0.008138044737,1
0.01368111465,0.01028991584,-0.0009100205498,0.007721167989,2
0.01368111465,0.010146752,-0.0009013804374,0.007527669426,1
0.01368111465,0.01000358816,-0.0005941227428,0.007423839532,1
0.01368111465,0.009860424325,-0.0004938351922,0.007664710749,1
0.01368111465,0.009717259556,-0.0004994465853,0.007560025901,2
0.01368111465,0.009574095719,-0.0003082028124,0.008181130514,1
0.01368111465,0.009430931881,-0.0004478086485,0.008826938458,1
0.01368111465,0.009287768044,-0.0003467421921,0.00869729463,1
0.01368111465,0.009144604206,-0.0009819144616,0.008221593685,1
0.01368111465,0.009001439437,-0.0008506304584,0.007811409421,2
0.01368111465,0.0088582756,-0.001262440695,0.007335616276,1
0.01368111465,0.008715111762,-0.001219426398,0.007258099504,1
0.01368111465,0.008571947925,-0.0006486774655,0.007023677696,1
0.01368111465,0.008428783156,-0.0009316083742,0.007260898128,1
0.01368111465,0.008285619318,-0.0008096268284,0.007128753699,1
0.01368111465,0.008142455481,-0.001121842419,0.007112082094,1
0.01368111465,0.007999291644,-0.0006741873804,0.007572759409,2
0.01368111465,0.007856126875,-0.0006975948345,0.007494931109,1
0.01368111465,0.007712963037,-0.0006344817812,0.007651600987,1
0.01368111465,0.0075697992,-0.0003808182664,0.006686125416,1
0.01368111465,0.007426635362,-0.000414130569,0.00674638385,1
0.01368111465,0.007283471059,-0.0002189867664,0.006724632345,1
0.01368111465,0.007140307222,-3.479262887e-05,0.006281538401,2
0.01368111465,0.006997142918,1.244748182e-05,0.005954098422,2
0.01368111465,0.006853979081,-0.000136089322,0.005966390017,1
0.01368111465,0.006710814778,-0.0002043482091,0.00588433072,1
0.01368111465,0.00656765094,-0.0002964917221,0.005964831449,1
0.01368111465,0.006424486637,-0.001088694436,0.005713821389,1
0.01368111465,0.0062813228,-0.001002453384,0.005580220371,1
0.01368111465,0.006138158496,-0.0005227618385,0.005542198662,2
0.01368111465,0.005994994659,-0.0003287164436,0.005609508604,2
0.01368111465,0.005851830821,-8.551579958e-05,0.00580423465,1
0.01368111465,0.005708666518,-7.704067684e-05,0.005989870988,1
0.01368111465,0.005565502681,-6.038190986e-05,0.005848039873,1
0.01368111465,0.005422338378,-0.0001458470942,0.00502674887,1
0.01368111465,0.00527917454,-0.0001706560142,0.004417331424,1
0.01368111465,0.005136010237,-0.0002728422696,0.004507399164,1
0.01368111465,0.0049928464,-0.0001679902052,0.004837789107,2
0.01368111465,0.004849682096,-0.0001588508894,0.004936316982,1
0.01368111465,0.004706518259,2.92033892e-05,0.005034372676,1
0.01368111465,0.004563353956,-1.509356389e-05,0.004894501064,1
0.01368111465,0.004420190118,-4.686320972e-05,0.005319003481,1
0.01368111465,0.004277025815,-0.0003217742487,0.005135627463,1
0.01368111465,0.004133861978,-0.0002929060138,0.005075642373,1
0.01368111465,0.00399069814,-0.0003127551754,0.005570246838,1
0.01368111465,0.003847533837,-0.0001719557476,0.005324174184,1
0.01368111465,0.003704369767,0.0008210018277,0.004266221542,1
0.01368111465,0.003561205696,-8.84500987e-05,0.004359460436,1
0.01368111465,0.003418041626,-1.71581105e-05,0.004590799101,1
0.01368111465,0.003274877556,2.10431881e-05,0.004748189822,1
0.01368111465,0.003131713718,0.0002556393156,0.004343251232,1
0.01368111465,0.002988549648,0.000346076733,0.003781669773,1
0.01368111465,0.002845385578,0.0003627860569,0.003939471673,2
0.01368111465,0.002702221507,0.0004568544973,0.004008754157,2
0.01368111465,0.002559057437,0.0006689908332,0.004448975436,1
0.01368111465,0.002415893367,0.000649658381,0.004673453048,1
0.01368111465,0.002272729296,0.0004608019954,0.004809621722,1
0.01368111465,0.002129565226,0.00031101887,0.004691024311,1
0.01368111465,0.001986401156,-0.0001619218965,0.005153044593,1
0.01368111465,0.001843237202,-0.0003530860122,0.005313279573,1
0.01368111465,0.001700073131,0.0006888058851,0.003677938133,1
0.01368111465,0.001556909061,0.0008253724664,0.003613412846,1
0.01368111465,0.001413744991,0.0008302435745,0.003928126302,1
0.01368111465,0.00127058092,0.0006596294115,0.003989913501,1
0.01368111465,0.00112741685,0.0002443451958,0.003566571278,1
0.01368111465,0.0009842528962,0.0006329139578,0.003518476384,2
0.01368111465,0.0008410888258,0.0007775259437,0.00356151117,2
0.01368111465,0.0006979247555,0.000931535149,0.003405093914,1
0.01368111465,0.0005547606852,0.0008166873013,0.003223015927,1
0.01368111465,0.000411596644,0.000456298847,0.004180525895,1
0.01368111465,0.0002684326028,0.0008343447698,0.004284529947,1
0.01368111465,0.000125268547,0.00113514252,0.004105704371,2
0.01382427849,0.01916608773,-0.002238241257,0.006949272938,2
0.01382427849,0.01902292296,-0.002348561306,0.007060766686,2
0.01382427849,0.01887976006,-0.00250564958,0.006959659513,1
0.01382427849,0.01873659529,-0.002586062066,0.006805275567,1
0.01382427849,0.01859343052,-0.002555932617,0.006017162465,1
0.01382427849,0.01845026761,-0.002452920424,0.006724134088,1
0.01382427849,0.01830710284,-0.002864911687,0.006421945989,1
0.01382427849,0.01816393808,-0.002872034675,0.00618536165,1
0.01382427849,0.01802077517,-0.003365435172,0.007067786995,1
0.01382427849,0.0178776104,-0.003054359229,0.007415200584,2
0.01382427849,0.01773444749,-0.003003817284,0.007712088991,2
0.01382427849,0.01759128273,-0.002874793252,0.008063952439,1
0.01382427849,0.01744811796,-0.003080590162,0.008582737297,1
0.01382427849,0.01730495505,-0.003203770611,0.008655224927,1
0.01382427849,0.01716179028,-0.003015712835,0.008522461168,2
0.01382427849,0.01701862738,-0.002890874865,0.008554152213,2
0.01382427849,0.01687546261,-0.002891138662,0.008915170096,2
0.01382427849,0.01673229784,-0.002848990494,0.00896533858,2
0.01382427849,0.01658913493,-0.002588910749,0.009329011664,3
0.01382427849,0.01644597016,-0.002438478405,0.007165845949,1
0.01382427849,0.01630280726,-0.002774540801,0.007888322696,2
0.01382427849,0.01615964249,-0.003222190076,0.008743728511,1
0.01382427849,0.01601647772,-0.00329271378,0.00953112822,1
0.01382427849,0.01587331481,-0.002568835625,0.01064661983,1
0.01382427849,0.01573015004,-0.003300311277,0.01078045648,1
0.01382427849,0.01558698621,-0.003406781238,0.009766209871,1
0.01382427849,0.01544382237,-0.002537982306,0.009394383989,2
0.01382427849,0.0153006576,-0.002079984173,0.009383177385,1
0.01382427849,0.01515749376,-0.002098248573,0.009334660135,1
0.01382427849,0.01501432993,-0.002097454621,0.009414163418,1
0.01382427849,0.01487116609,-0.001770645147,0.00988579914,1
0.01382427849,0.01472800132,-0.001650057966,0.009420662187,1
0.01382427849,0.01458483748,-0.00170575839,0.00967368111,1
0.01382427849,0.01444167364,-0.002100203419,0.01096759364,2
0.01382427849,0.01429850981,-0.002227549674,0.01316314097,1
0.01382427849,0.01415534597,-0.003200558713,0.01055642776,1
0.01382427849,0.0140121812,-0.002110599773,0.01021752134,2
0.01382427849,0.01386901736,-0.001326449565,0.009976409376,1
0.01382427849,0.01372585353,-0.001618545852,0.009420948103,1
0.01382427849,0.01358268969,-0.001439534128,0.01016931608,1
0.01382427849,0.01343952492,-0.001105617033,0.01051984634,1
0.01382427849,0.01329636108,-0.001111921156,0.009891512804,1
0.01382427849,0.01315319724,-0.001040607691,0.009379627183,2
0.01382427849,0.01301003341,-0.0008551669307,0.00844524242,1
0.01382427849,0.01286686864,-0.001204627217,0.008158616722,1
0.01382427849,0.0127237048,-0.001166528673,0.008375985548,1
0.01382427849,0.01258054096,-0.00100733398,0.008661190048,2
0.01382427849,0.01243737713,-0.0008904460701,0.008445222862,1
0.01382427849,0.01229421329,-0.0009065183694,0.007889154367,1
0.01382427849,0.01215104852,-0.0013367926,0.008064393885,1
0.01382427849,0.01200788468,-0.001462955493,0.007880525663,2
0.01382427849,0.01186472084,-0.001959020039,0.007895478047,1
0.01382427849,0.01172155701,-0.001506335451,0.009144078009,2
0.01382427849,0.01157839224,-0.001601737109,0.009977311827,1
0.01382427849,0.0114352284,-0.001238959492,0.009911227971,2
0.01382427849,0.01129206456,-0.001077604829,0.009477720596,2
0.01382427849,0.01114890072,-0.00112753443,0.009003627114,1
0.01382427849,0.01100573689,-0.001125700772,0.008368386887,1
0.01382427849,0.01086257212,-0.001170137548,0.007923540659,1
0.01382427849,0.01071940828,-0.001167794573,0.008069729432,1
0.01382427849,0.01057624444,-0.001139356988,0.008973209187,1
0.01382427849,0.01043308061,-0.001143636182,0.008173380047,1
0.01382427849,0.01028991584,-0.0007745394832,0.007444935385,1
0.01382427849,0.010146752,-0.000580042135,0.007973622531,1
0.01382427849,0.01000358816,-0.0005171206431,0.008280589245,1
0.01382427849,0.009860424325,-0.0008003501571,0.008174393326,1
0.01382427849,0.009717259556,-0.0008716178709,0.007693059277,1
0.01382427849,0.009574095719,-0.0008065050934,0.00828662701,1
0.01382427849,0.009430931881,-0.000699097116,0.009540487081,2
0.01382427849,0.009287768044,-0.0007439586334,0.01037037559,1
0.01382427849,0.009144604206,-0.0007915849565,0.008993279189,1
0.01382427849,0.009001439437,-0.0008383859531,0.008970601484,1
0.01382427849,0.0088582756,-0.0009655877366,0.008466227911,1
0.01382427849,0.008715111762,-0.001314069028,0.007748323958,1
0.01382427849,0.008571947925,-0.0005291827838,0.007835804485,1
0.01382427849,0.008428783156,-0.0008819421055,0.007701725233,1
0.01382427849,0.008285619318,-0.0007090040599,0.007561549544,2
0.01382427849,0.008142455481,-0.0006531106774,0.00745423371,1
0.01382427849,0.007999291644,-0.000573368452,0.006919611711,1
0.01382427849,0.007856126875,-0.001247748733,0.008589729667,1
0.01382427849,0.007712963037,-0.00123423792,0.008861967362,1
0.01382427849,0.0075697992,-0.0003735518258,0.007641931064,1
0.01382427849,0.007426635362,-0.0003060385934,0.00720978668,1
0.01382427849,0.007283471059,-0.0001066072873,0.006861246191,1
0.01382427849,0.007140307222,-4.800463284e-05,0.006592271384,2
0.01382427849,0.006997142918,8.415633783e-05,0.006481986027,2
0.01382427849,0.006853979081,0.0004509783175,0.006608033553,1
0.01382427849,0.006710814778,0.0001162224798,0.006497736555,2
0.01382427849,0.00656765094,4.1464893e-05,0.006210047286,1
0.01382427849,0.006424486637,-0.0006216418114,0.005612427369,1
0.01382427849,0.0062813228,-0.0005053632194,0.005390770268,1
0.01382427849,0.006138158496,-0.0003728946322,0.005628491752,2
0.01382427849,0.005994994659,-0.0003333954955,0.005890026689,2
0.01382427849,0.005851830821,-0.0004785955243,0.006365831941,1
0.01382427849,0.005708666518,-0.0004457769974,0.006593334489,1
0.01382427849,0.005565502681,-0.0003001864534,0.006390220951,1
0.01382427849,0.005422338378,-7.684012235e-05,0.005582056474,2
0.01382427849,0.00527917454,0.0003641135991,0.005398087204,1
0.01382427849,0.005136010237,-0.0002903271234,0.005403960589,1
0.01382427849,0.0049928464,-0.0005882800906,0.005317115225,1
0.01382427849,0.004849682096,-0.0003624270321,0.005251725204,1
0.01382427849,0.004706518259,-0.0002795597829,0.005251215305,1
0.01382427849,0.004563353956,-0.0003216922923,0.005188973155,1
0.01382427849,0.004420190118,-0.0002501059498,0.004753193818,1
0.01382427849,0.004277025815,-0.0002804223623,0.005411067046,1
0.01382427849,0.004133861978,-0.0003248902503,0.005467087496,1
0.01382427849,0.00399069814,-0.0002551309881,0.005505173001,2
0.01382427849,0.003847533837,3.542858758e-05,0.005086061079,2
0.01382427849,0.003704369767,0.0003099179594,0.005323705729,1
0.01382427849,0.003561205696,-0.0001271010115,0.004809619393,1
0.01382427849,0.003418041626,-6.295636558e-05,0.00488643162,2
0.01382427849,0.003274877556,-9.193523147e-05,0.005424191244,1
0.01382427849,0.003131713718,-6.160928751e-05,0.004543278366,1
0.01382427849,0.002988549648,2.419811062e-05,0.004439956974,1
0.01382427849,0.002845385578,0.0001159918465,0.00387181039,2
0.01382427849,0.002702221507,0.0002708032262,0.003744452726,2
0.01382427849,0.002559057437,0.0004746110062,0.003692491679,2
0.01382427849,0.002415893367,0.0006018414861,0.004068387672,2
0.01382427849,0.002272729296,0.0008593972889,0.004959225655,1
0.01382427849,0.002129565226,0.0002345221583,0.004970300477,1
0.01382427849,0.001986401156,0.0001253447699,0.004951912444,1
0.01382427849,0.001843237202,0.0002858857333,0.005408402998,1
0.01382427849,0.001700073131,0.0005798246129,0.004133468494,1
0.01382427849,0.001556909061,0.0006585725932,0.004587993491,1
0.01382427849,0.001413744991,0.0005753128789,0.004442264326,1
0.01382427849,0.00127058092,0.0004293791717,0.004290577956,1
0.01382427849,0.00112741685,0.0004015185987,0.004189765546,1
0.01382427849,0.0009842528962,0.0006743249251,0.004140281118,2
0.01382427849,0.0008410888258,0.0008520688862,0.004167471081,2
0.01382427849,0.0006979247555,0.001038318966,0.003718661377,1
0.01382427849,0.0005547606852,0.0009069830412,0.003461136948,1
0.01382427849,0.000411596644,0.0006318902015,0.004146574065,1
0.01382427849,0.0002684326028,0.0005008769222,0.004939304665,1
0.01382427849,0.000125268547,0.001181695377,0.004246342927,1
0.01396744233,0.01916608773,-0.002205561148,0.006821432151,2
0.01396744233,0.01902292296,-0.002271828707,0.007542123087,1
0.01396744233,0.01887976006,-0.002632564167,0.006829074118,1
0.01396744233,0.01873659529,-0.002429174725,0.007076284382,1
0.01396744233,0.01859343052,-0.002356038662,0.007259880658,1
0.01396744233,0.01845026761,-0.002313686535,0.006837110966,2
0.01396744233,0.01830710284,-0.002295231679,0.006767112762,1
0.01396744233,0.01816393808,-0.002443466568,0.006639541592,1
0.01396744233,0.01802077517,-0.003043627599,0.007071508095,1
0.01396744233,0.0178776104,-0.002835490741,0.007577056065,2
0.01396744233,0.01773444749,-0.002911325078,0.007907234132,2
0.01396744233,0.01759128273,-0.003191665048,0.008147213608,1
0.01396744233,0.01744811796,-0.003124790499,0.008762368001,1
0.01396744233,0.01730495505,-0.003200575477,0.00906216912,1
0.01396744233,0.01716179028,-0.002954876749,0.008865104988,2
0.01396744233,0.01701862738,-0.002920285566,0.009190672077,2
0.01396744233,0.01687546261,-0.003171542427,0.0107556656,1
0.01396744233,0.01673229784,-0.003006277839,0.009631201625,2
0.01396744233,0.01658913493,-0.003110365942,0.009655925445,3
0.01396744233,0.01644597016,-0.002663274761,0.008088587783,1
0.01396744233,0.01630280726,-0.002666139742,0.008018480614,1
0.01396744233,0.01615964249,-0.003378399648,0.009164897725,1
0.01396744233,0.01601647772,-0.003008395433,0.00905502215,1
0.01396744233,0.01587331481,-0.002629881492,0.009890610352,1
0.01396744233,0.01573015004,-0.003250024514,0.01089033578,1
0.01396744233,0.01558698621,-0.003505661152,0.01009765733,1
0.01396744233,0.01544382237,-0.002325236797,0.009409316815,1
0.01396744233,0.0153006576,-0.002462157514,0.009418660775,1
0.01396744233,0.01515749376,-0.002450513421,0.009656514041,1
0.01396744233,0.01501432993,-0.002193681197,0.009868853725,1
0.01396744233,0.01487116609,-0.002126751235,0.01064484846,2
0.01396744233,0.01472800132,-0.001993022859,0.01118540857,1
0.01396744233,0.01458483748,-0.001950756996,0.01078428328,1
0.01396744233,0.01444167364,-0.002263522008,0.01132903993,2
0.01396744233,0.01429850981,-0.002327657305,0.01188587211,2
0.01396744233,0.01415534597,-0.002443526173,0.01137232687,2
0.01396744233,0.0140121812,-0.002097116085,0.01106951106,2
0.01396744233,0.01386901736,-0.001891334658,0.01066555735,2
0.01396744233,0.01372585353,-0.001925125718,0.01077009179,1
0.01396744233,0.01358268969,-0.001376859262,0.01029169187,1
0.01396744233,0.01343952492,-0.001286195009,0.01023976691,1
0.01396744233,0.01329636108,-0.001191657502,0.009898952208,2
0.01396744233,0.01315319724,-0.0009017648408,0.009459266439,2
0.01396744233,0.01301003341,-0.0007567437715,0.008984620683,1
0.01396744233,0.01286686864,-0.001325120102,0.009434673004,1
0.01396744233,0.0127237048,-0.001297058538,0.009453312494,1
0.01396744233,0.01258054096,-0.0009803462308,0.009474898688,1
0.01396744233,0.01243737713,-0.001207033871,0.009437707253,1
0.01396744233,0.01229421329,-0.00106833328,0.008676212281,1
0.01396744233,0.01215104852,-0.001101038302,0.008225033991,2
0.01396744233,0.01200788468,-0.001014621113,0.007622723933,1
0.01396744233,0.01186472084,-0.0009190086857,0.008193281479,1
0.01396744233,0.01172155701,-0.001241209451,0.009941919707,1
0.01396744233,0.01157839224,-0.001212670701,0.01080151089,1
0.01396744233,0.0114352284,-0.001250469708,0.01108143199,1
0.01396744233,0.01129206456,-0.001010017004,0.009618572891,2
0.01396744233,0.01114890072,-0.000983896316,0.008930767886,2
0.01396744233,0.01100573689,-0.0009894998511,0.008331399411,2
0.01396744233,0.01086257212,-0.0008935431833,0.007471333724,1
0.01396744233,0.01071940828,-0.0005891032633,0.007769424934,1
0.01396744233,0.01057624444,-0.0005623395555,0.007932527922,1
0.01396744233,0.01043308061,-0.0006992304116,0.008358022198,1
0.01396744233,0.01028991584,-0.000623913249,0.008406853303,1
0.01396744233,0.010146752,-0.000547036354,0.008593191393,1
0.01396744233,0.01000358816,-0.0005276926677,0.008687283844,1
0.01396744233,0.009860424325,-0.0006950374227,0.008356480859,1
0.01396744233,0.009717259556,-0.0008624001639,0.007993363775,1
0.01396744233,0.009574095719,-0.0008198582218,0.0085895136,1
0.01396744233,0.009430931881,-0.0007981160888,0.01067800727,1
0.01396744233,0.009287768044,-0.0007660541451,0.0108688958,1
0.01396744233,0.009144604206,-0.0006762102712,0.009441332892,2
0.01396744233,0.009001439437,-0.0006775524816,0.009083412588,1
0.01396744233,0.0088582756,-0.0008014562191,0.008602244779,1
0.01396744233,0.008715111762,-0.0008150579524,0.008476225659,1
0.01396744233,0.008571947925,-0.0004493022861,0.008137758821,1
0.01396744233,0.008428783156,-0.0005843660911,0.008098275401,2
0.01396744233,0.008285619318,-0.0004913366865,0.007961486466,1
0.01396744233,0.008142455481,-0.0001037528491,0.007877876051,1
0.01396744233,0.007999291644,1.519285888e-05,0.007370361127,1
0.01396744233,0.007856126875,-0.0008763733204,0.008743492886,1
0.01396744233,0.007712963037,-0.0009460185538,0.00892960187,1
0.01396744233,0.0075697992,-0.0005425104755,0.007819801569,2
0.01396744233,0.007426635362,-0.000387471664,0.007252097595,2
0.01396744233,0.007283471059,-0.0002665880893,0.006876217667,2
0.01396744233,0.007140307222,-0.0001347749494,0.006744314916,1
0.01396744233,0.006997142918,-7.879582699e-05,0.00677354075,1
0.01396744233,0.006853979081,0.0003846198379,0.006968217902,1
0.01396744233,0.006710814778,0.000176794958,0.00728853466,1
0.01396744233,0.00656765094,-0.0003048708313,0.006587886252,1
0.01396744233,0.006424486637,6.275079795e-05,0.005744189024,1
0.01396744233,0.0062813228,0.0001825845975,0.005368380342,1
0.01396744233,0.006138158496,-0.0001300578879,0.005690970458,2
0.01396744233,0.005994994659,-0.0001533754257,0.005956273992,2
0.01396744233,0.005851830821,4.805779099e-05,0.006448320113,1
0.01396744233,0.005708666518,-0.0007516625919,0.004523925018,1
0.01396744233,0.005565502681,-0.0006422892329,0.004084018059,1
0.01396744233,0.005422338378,-0.0002254405699,0.005513170268,2
0.01396744233,0.00527917454,-9.895028779e-05,0.005638726521,1
0.01396744233,0.005136010237,-0.000338232232,0.005605515558,1
0.01396744233,0.0049928464,-0.0005281134509,0.005647108424,1
0.01396744233,0.004849682096,-0.0002378781937,0.005578595679,1
0.01396744233,0.004706518259,-0.0001784450869,0.005575923249,1
0.01396744233,0.004563353956,-0.0001758725557,0.00560563989,1
0.01396744233,0.004420190118,-9.556918667e-05,0.005278754048,1
0.01396744233,0.004277025815,-5.408699872e-05,0.005687013268,1
0.01396744233,0.004133861978,-0.0001234953816,0.005792350974,1
0.01396744233,0.00399069814,-0.0004183070268,0.00589729799,1
0.01396744233,0.003847533837,0.0002588831121,0.004191190936,1
0.01396744233,0.003704369767,0.0004369620292,0.003627116792,1
0.01396744233,0.003561205696,0.0003735491482,0.004034500569,1
0.01396744233,0.003418041626,-1.563111618e-05,0.004721117206,2
0.01396744233,0.003274877556,-0.00039732398,0.00492844684,2
0.01396744233,0.003131713718,-0.0004017539904,0.004863982555,1
0.01396744233,0.002988549648,-0.0001990947057,0.005075688474,1
0.01396744233,0.002845385578,-0.0001938200439,0.003363359952,1
0.01396744233,0.002702221507,3.575556912e-05,0.003404754912,1
0.01396744233,0.002559057437,0.0003568085958,0.002508151578,1
0.01396744233,0.002415893367,0.0004236992099,0.002948380075,1
0.01396744233,0.002272729296,0.0003635344328,0.004080344457,1
0.01396744233,0.002129565226,0.000326778536,0.003786479821,1
0.01396744233,0.001986401156,0.0003704386472,0.004489660263,1
0.01396744233,0.001843237202,0.0003219193604,0.004697951023,1
0.01396744233,0.001700073131,7.836664736e-05,0.004548471887,1
0.01396744233,0.001556909061,0.0001745571062,0.005176365841,1
0.01396744233,0.001413744991,0.0003112933482,0.004478761461,1
0.01396744233,0.00127058092,0.0003621284268,0.004348007962,1
0.01396744233,0.00112741685,0.0005921237753,0.004301465116,1
0.01396744233,0.0009842528962,0.0008107981994,0.004685410764,1
0.01396744233,0.0008410888258,0.0009181057685,0.005249431357,1
0.01396744233,0.0006979247555,0.001102476846,0.004417296965,1
0.01396744233,0.0005547606852,0.0009416925604,0.003834370757,1
0.01396744233,0.000411596644,0.0009082262404,0.003881895915,1
0.01396744233,0.0002684326028,0.0009154693107,0.004322837573,1
0.01396744233,0.000125268547,0.0006280732341,0.003097415436,1
0.0141106071,0.01916608773,-0.00210661348,0.005972900428,1
0.0141106071,0.01902292296,-0.002126998035,0.006545624696,1
0.0141106071,0.01887976006,-0.002124237595,0.006734222639,1
0.0141106071,0.01873659529,-0.002381301718,0.006998599041,1
0.0141106071,0.01859343052,-0.002421187935,0.007058138959,1
0.0141106071,0.01845026761,-0.002150555141,0.006597315427,1
0.0141106071,0.01830710284,-0.001928245998,0.006785054691,1
0.0141106071,0.01816393808,-0.001966161188,0.007006851956,1
0.0141106071,0.01802077517,-0.003107432276,0.007592041045,1
0.0141106071,0.0178776104,-0.002332650591,0.007914282382,1
0.0141106071,0.01773444749,-0.002614327008,0.008192577399,1
0.0141106071,0.01759128273,-0.00283749518,0.008708871901,1
0.0141106071,0.01744811796,-0.002858140739,0.009023163468,1
0.0141106071,0.01730495505,-0.00298710377,0.009891194291,1
0.0141106071,0.01716179028,-0.002682933118,0.008685120381,1
0.0141106071,0.01701862738,-0.002663847525,0.008587763645,1
0.0141106071,0.01687546261,-0.002725434257,0.009063842706,1
0.0141106071,0.01673229784,-0.002894212492,0.009147876874,1
0.0141106071,0.01658913493,-0.003277978161,0.009848156013,1
0.0141106071,0.01644597016,-0.003661929164,0.01087324694,1
0.0141106071,0.01630280726,-0.003385112388,0.01013633516,1
0.0141106071,0.01615964249,-0.003185046604,0.009402944706,1
0.0141106071,0.01601647772,-0.002922243671,0.009475762956,1
0.0141106071,0.01587331481,-0.002820080146,0.009853978641,1
0.0141106071,0.01573015004,-0.002851715544,0.01032265183,2
0.0141106071,0.01558698621,-0.002545846161,0.0100541776,1
0.0141106071,0.01544382237,-0.002632926917,0.009920595214,1
0.0141106071,0.0153006576,-0.002779753413,0.00984797813,1
0.0141106071,0.01515749376,-0.002617625054,0.009817273356,2
0.0141106071,0.01501432993,-0.00258320407,0.01042952947,1
0.0141106071,0.01487116609,-0.002549655503,0.01163933333,1
0.0141106071,0.01472800132,-0.002384551102,0.01190098561,1
0.0141106071,0.01458483748,-0.002555462765,0.01167013589,2
0.0141106071,0.01444167364,-0.002675470663,0.01167840883,2
0.0141106071,0.01429850981,-0.002376030665,0.01167898066,2
0.0141106071,0.01415534597,-0.002148773056,0.01197749842,1
0.0141106071,0.0140121812,-0.001943004201,0.01202263497,1
0.0141106071,0.01386901736,-0.002216646681,0.01084622089,1
0.0141106071,0.01372585353,-0.001865385915,0.01022512466,2
0.0141106071,0.01358268969,-0.001461272594,0.009458237328,1
0.0141106071,0.01343952492,-0.001553269685,0.009679022245,1
0.0141106071,0.01329636108,-0.00146674912,0.01000526268,1
0.0141106071,0.01315319724,-0.0006180502824,0.009573862888,1
0.0141106071,0.01301003341,-0.0001779899903,0.0091572823,1
0.0141106071,0.01286686864,-0.001540509518,0.01021528337,1
0.0141106071,0.0127237048,-0.001529470319,0.009971723892,1
0.0141106071,0.01258054096,-0.00164669496,0.0084563829,1
0.0141106071,0.01243737713,-0.001244614599,0.009206199087,2
0.0141106071,0.01229421329,-0.0008545420133,0.009323674254,1
0.0141106071,0.01215104852,-0.000984406448,0.00853680633,1
0.0141106071,0.01200788468,-0.001107126125,0.008630324155,1
0.0141106071,0.01186472084,-0.0008271219558,0.00877579581,1
0.0141106071,0.01172155701,-0.0009997980669,0.009337225929,1
0.0141106071,0.01157839224,-0.001220414648,0.01002897043,1
0.0141106071,0.0114352284,-0.001099558198,0.009402634576,1
0.0141106071,0.01129206456,-0.000728096813,0.008984371088,1
0.0141106071,0.01114890072,-0.000808534387,0.008769473992,1
0.0141106071,0.01100573689,-0.0009548590751,0.008555110544,1
0.0141106071,0.01086257212,-0.001183831948,0.008118775673,1
0.0141106071,0.01071940828,-0.0007802973269,0.007724994794,1
0.0141106071,0.01057624444,-0.0007137719658,0.007886599749,1
0.0141106071,0.01043308061,-0.0009571571718,0.00867352169,1
0.0141106071,0.01028991584,-0.0006268083234,0.009346685372,1
0.0141106071,0.010146752,-0.0003918090952,0.008945035748,1
0.0141106071,0.01000358816,-0.00042520836,0.008711731993,1
0.0141106071,0.009860424325,-0.0006985077634,0.008490377106,1
0.0141106071,0.009717259556,-9.109910752e-05,0.008354787715,1
0.0141106071,0.009574095719,-0.0006072038086,0.008787135594,1
0.0141106071,0.009430931881,-0.0005974929081,0.00959338434,1
0.0141106071,0.009287768044,-0.0004941422376,0.009663819335,2
0.0141106071,0.009144604206,-0.0004696494434,0.008819742128,2
0.0141106071,0.009001439437,-0.0005193541292,0.008477309719,2
0.0141106071,0.0088582756,-0.0006362812128,0.008517218754,2
0.0141106071,0.008715111762,-0.0006223291857,0.008722326718,2
0.0141106071,0.008571947925,-0.0003799149708,0.009556431323,1
0.0141106071,0.008428783156,-0.0005148831406,0.008592132479,2
0.0141106071,0.008285619318,-0.0005368443672,0.008194399998,2
0.0141106071,0.008142455481,-0.000381727179,0.007969062775,2
0.0141106071,0.007999291644,-0.0002883174748,0.0081233643,1
0.0141106071,0.007856126875,0.0001677950495,0.008356167004,1
0.0141106071,0.007712963037,-0.0006637413753,0.007973410189,2
0.0141106071,0.0075697992,-0.0004629998875,0.007455575746,2
0.0141106071,0.007426635362,-0.0004347494396,0.007102583535,2
0.0141106071,0.007283471059,-0.000437498471,0.006647212896,1
0.0141106071,0.007140307222,-0.0002038005332,0.006594494916,1
0.0141106071,0.006997142918,-0.0001427957177,0.006824073847,1
0.0141106071,0.006853979081,-0.0002768741979,0.007263317239,1
0.0141106071,0.006710814778,-0.0002330354764,0.007312644739,1
0.0141106071,0.00656765094,-0.0002989034692,0.007021495141,2
0.0141106071,0.006424486637,5.225197128e-06,0.006146993488,1
0.0141106071,0.0062813228,0.0001746985217,0.005635913927,1
0.0141106071,0.006138158496,-0.0001765460911,0.005810735747,2
0.0141106071,0.005994994659,-0.0001981061214,0.005795779638,2
0.0141106071,0.005851830821,8.249225175e-06,0.00549391238,1
0.0141106071,0.005708666518,-0.0006794389337,0.004927524365,1
0.0141106071,0.005565502681,-0.0005476588267,0.005113094114,1
0.0141106071,0.005422338378,-8.368260751e-05,0.006747878622,1
0.0141106071,0.00527917454,-0.0005025955616,0.005421508569,1
0.0141106071,0.005136010237,-0.0004528007121,0.005435747094,1
0.0141106071,0.0049928464,-0.0002212391701,0.006052109413,1
0.0141106071,0.004849682096,-0.0001844706421,0.005978418048,1
0.0141106071,0.004706518259,6.379749721e-06,0.005720888264,1
0.0141106071,0.004563353956,2.461636359e-05,0.00580320321,1
0.0141106071,0.004420190118,-4.260287824e-05,0.005923549179,1
0.0141106071,0.004277025815,2.754549678e-05,0.006027208176,1
0.0141106071,0.004133861978,-0.0001704063179,0.005945267156,2
0.0141106071,0.00399069814,-0.0003605287638,0.006086945068,1
0.0141106071,0.003847533837,8.667966904e-05,0.0043479749,1
0.0141106071,0.003704369767,0.0002417786454,0.004092477262,1
0.0141106071,0.003561205696,0.0002305211528,0.004352962133,1
0.0141106071,0.003418041626,2.420670535e-05,0.005035087932,2
0.0141106071,0.003274877556,-0.001079975511,0.004704497755,1
0.0141106071,0.003131713718,-0.001084567746,0.004918272141,1
0.0141106071,0.002988549648,0.0001634843065,0.004943147767,1
0.0141106071,0.002845385578,0.0002843162802,0.00479776226,1
0.0141106071,0.002702221507,0.0003317204537,0.004666959867,1
0.0141106071,0.002559057437,7.749916404e-05,0.002255905187,1
0.0141106071,0.002415893367,0.0003076859284,0.003203922417,2
0.0141106071,0.002272729296,0.0002671029943,0.003719410161,1
0.0141106071,0.002129565226,0.0001052989173,0.003524973756,1
0.0141106071,0.001986401156,0.0004950047587,0.004337436985,1
0.0141106071,0.001843237202,0.0004480484349,0.004333000164,1
0.0141106071,0.001700073131,-0.0003017059644,0.004441793077,1
0.0141106071,0.001556909061,0.0002139597636,0.004334276542,1
0.0141106071,0.001413744991,0.0002072549978,0.004401390906,1
0.0141106071,0.00127058092,0.0002784665558,0.004632536322,1
0.0141106071,0.00112741685,0.0003793637443,0.004596577026,1
0.0141106071,0.0009842528962,0.0005329681444,0.004621764179,1
0.0141106071,0.0008410888258,0.0007781607565,0.00474957237,2
0.0141106071,0.0006979247555,0.001015063375,0.004682981875,1
0.0141106071,0.0005547606852,0.00091836293,0.004212256521,1
0.0141106071,0.000411596644,0.0009384446894,0.004233823158,1
0.0141106071,0.0002684326028,0.0007598061347,0.004264024552,1
0.0141106071,0.000125268547,0.0005959150731,0.003804664826,2
0.01425377093,0.01916608773,-0.001695163664,0.005725693889,1
0.01425377093,0.01902292296,-0.002032434335,0.006500893738,1
0.01425377093,0.01887976006,-0.002076034434,0.00679065194,1
0.01425377093,0.01873659529,-0.001766190748,0.006243858021,1
0.01425377093,0.01859343052,-0.002046612091,0.006587607786,2
0.01425377093,0.01845026761,-0.002035818761,0.006599977147,2
0.01425377093,0.01830710284,-0.001927564852,0.006899198983,1
0.01425377093,0.01816393808,-0.001934007974,0.00716921268,1
0.01425377093,0.01802077517,-0.002137526404,0.007457939908,2
0.01425377093,0.0178776104,-0.002022897592,0.007669283077,1
0.01425377093,0.01773444749,-0.002354025608,0.00823715236,1
0.01425377093,0.01759128273,-0.00225203624,0.009696993046,1
0.01425377093,0.01744811796,-0.002558792941,0.00906038098,2
0.01425377093,0.01730495505,-0.002651574789,0.008740254678,1
0.01425377093,0.01716179028,-0.002478105016,0.008448850363,1
0.01425377093,0.01701862738,-0.002673388924,0.008808533661,1
0.01425377093,0.01687546261,-0.002833502134,0.009306509979,1
0.01425377093,0.01673229784,-0.002594828838,0.009401350282,1
0.01425377093,0.01658913493,-0.003288597334,0.009981724434,1
0.01425377093,0.01644597016,-0.003509156406,0.01059569977,1
0.01425377093,0.01630280726,-0.003198410384,0.01014323719,1
0.01425377093,0.01615964249,-0.002889072057,0.00962882489,1
0.01425377093,0.01601647772,-0.003096635453,0.01071554981,1
0.01425377093,0.01587331481,-0.003015704919,0.0109252464,1
0.01425377093,0.01573015004,-0.002790911356,0.01049211714,2
0.01425377093,0.01558698621,-0.002596173901,0.01038621925,1
0.01425377093,0.01544382237,-0.00245184754,0.01000104472,1
0.01425377093,0.0153006576,-0.002602518303,0.009903836064,2
0.01425377093,0.01515749376,-0.002657029545,0.009335074574,1
0.01425377093,0.01501432993,-0.002640712075,0.01059575286,1
0.01425377093,0.01487116609,-0.002594140358,0.01100224629,2
0.01425377093,0.01472800132,-0.002777509391,0.01106884889,1
0.01425377093,0.01458483748,-0.003211072879,0.01231686492,1
0.01425377093,0.01444167364,-0.003506866982,0.01203548163,1
0.01425377093,0.01429850981,-0.002352222102,0.01117413957,1
0.01425377093,0.01415534597,-0.001976063941,0.01149389241,1
0.01425377093,0.0140121812,-0.00177825836,0.01167419553,1
0.01425377093,0.01386901736,-0.001986666815,0.01099400036,1
0.01425377093,0.01372585353,-0.001858498319,0.009825947694,1
0.01425377093,0.01358268969,-0.001777498052,0.01001343969,1
0.01425377093,0.01343952492,-0.001688660937,0.01003433205,1
0.01425377093,0.01329636108,-0.001534303767,0.01009393577,1
0.01425377093,0.01315319724,-0.0009838531259,0.009254767559,1
0.01425377093,0.01301003341,-0.0008682850166,0.00871099811,1
0.01425377093,0.01286686864,-0.001417736174,0.009949220344,1
0.01425377093,0.0127237048,-0.001813572599,0.009259468876,1
0.01425377093,0.01258054096,-0.001734601567,0.009217604995,1
0.01425377093,0.01243737713,-0.001270187204,0.009607035667,2
0.01425377093,0.01229421329,-0.0009492557729,0.00979075022,1
0.01425377093,0.01215104852,-0.001018922892,0.009736432694,1
0.01425377093,0.01200788468,-0.001263402053,0.009296157397,1
0.01425377093,0.01186472084,-0.0008059332031,0.009064673446,1
0.01425377093,0.01172155701,-0.0009542957414,0.008971299976,1
0.01425377093,0.01157839224,-0.001172688906,0.009275071323,1
0.01425377093,0.0114352284,-0.001108052791,0.009213461541,1
0.01425377093,0.01129206456,-0.0007105926052,0.008727842942,1
0.01425377093,0.01114890072,-0.0007637903327,0.008726059459,1
0.01425377093,0.01100573689,-0.0009592490387,0.008734018542,1
0.01425377093,0.01086257212,-0.001190244104,0.008339122869,1
0.01425377093,0.01071940828,-0.001119973254,0.008394608274,1
0.01425377093,0.01057624444,-0.001042434364,0.008910303004,1
0.01425377093,0.01043308061,-0.0007759705186,0.008985442109,1
0.01425377093,0.01028991584,-0.0006984323263,0.009374155663,1
0.01425377093,0.010146752,-5.609562663e-07,0.008778909221,1
0.01425377093,0.01000358816,-0.0002899459214,0.008715515025,1
0.01425377093,0.009860424325,-0.0006286557764,0.008706558496,1
0.01425377093,0.009717259556,-0.0005269707181,0.008442677557,1
0.01425377093,0.009574095719,-0.0007230219198,0.008978692815,1
0.01425377093,0.009430931881,-0.0007137494977,0.009390195832,1
0.01425377093,0.009287768044,-0.0001433722937,0.00937325228,1
0.01425377093,0.009144604206,-0.0001888911502,0.007696508896,1
0.01425377093,0.009001439437,-0.0002939334372,0.007488864008,1
0.01425377093,0.0088582756,-0.0006019853172,0.008266993798,2
0.01425377093,0.008715111762,-0.0006580626359,0.008339431137,1
0.01425377093,0.008571947925,-0.0007140964735,0.008779577911,1
0.01425377093,0.008428783156,-0.0005584072787,0.008519422263,1
0.01425377093,0.008285619318,-0.0007594304625,0.00825491827,2
0.01425377093,0.008142455481,-0.0005979940179,0.007680609357,1
0.01425377093,0.007999291644,-0.0009318802622,0.008554330096,1
0.01425377093,0.007856126875,-0.0009510567761,0.007780401967,1
0.01425377093,0.007712963037,-0.001413742197,0.007152295671,1
0.01425377093,0.0075697992,-0.0002109982743,0.006926507223,1
0.01425377093,0.007426635362,-0.0004510276776,0.007055448368,2
0.01425377093,0.007283471059,-0.0007862288621,0.006825535093,1
0.01425377093,0.007140307222,-0.0003891398082,0.006721021608,1
0.01425377093,0.006997142918,-0.0003593069268,0.006972819567,1
0.01425377093,0.006853979081,-0.0007659057737,0.007204755675,1
0.01425377093,0.006710814778,-0.0009729482699,0.00697571598,1
0.01425377093,0.00656765094,-0.0006629328127,0.00803845562,1
0.01425377093,0.006424486637,-0.0005911557237,0.006787228398,1
0.01425377093,0.0062813228,-0.0005528129404,0.006316934247,1
0.01425377093,0.006138158496,-0.0005527188769,0.006120279897,2
0.01425377093,0.005994994659,-0.0004707521875,0.005922195967,2
0.01425377093,0.005851830821,-0.0004428131506,0.005611285567,2
0.01425377093,0.005708666518,-0.0004992581671,0.004401958082,1
0.01425377093,0.005565502681,-0.0003761377884,0.004901421256,1
0.01425377093,0.005422338378,-0.0003654389584,0.005749573931,1
0.01425377093,0.00527917454,-0.000474567787,0.005641442724,1
0.01425377093,0.005136010237,-0.0003674984328,0.006226296071,1
0.01425377093,0.0049928464,-0.0002317099716,0.006363467779,1
0.01425377093,0.004849682096,-0.0001614683861,0.006562556606,1
0.01425377093,0.004706518259,-6.372535427e-05,0.006374683231,1
0.01425377093,0.004563353956,-2.709689215e-05,0.006499158684,1
0.01425377093,0.004420190118,-0.0001306201448,0.006208479404,2
0.01425377093,0.004277025815,-0.0001488152193,0.006029122043,2
0.01425377093,0.004133861978,-0.0002251466503,0.005874563009,2
0.01425377093,0.00399069814,-0.0003028862702,0.005708588287,2
0.01425377093,0.003847533837,-0.0003020672302,0.004952794872,1
0.01425377093,0.003704369767,-8.524055011e-05,0.005178702064,1
0.01425377093,0.003561205696,3.661835581e-05,0.005114118569,1
0.01425377093,0.003418041626,0.0009619123302,0.0063617751,1
0.01425377093,0.003274877556,-0.001251831301,0.004937985912,1
0.01425377093,0.003131713718,-0.001185880741,0.004956322722,1
0.01425377093,0.002988549648,0.0002829053265,0.005402071401,1
0.01425377093,0.002845385578,0.00034735995,0.005674778018,1
0.01425377093,0.002702221507,0.0006046235212,0.004868071061,1
0.01425377093,0.002559057437,0.0007914697053,0.003803980537,1
0.01425377093,0.002415893367,0.0004624422581,0.003891994478,2
0.01425377093,0.002272729296,0.00035106219,0.00410119677,2
0.01425377093,0.002129565226,0.0003172255238,0.00461378973,1
0.01425377093,0.001986401156,0.0004835917789,0.004390454385,1
0.01425377093,0.001843237202,0.0003674380714,0.004251312464,1
0.01425377093,0.001700073131,-0.0004641635751,0.003843784798,1
0.01425377093,0.001556909061,6.370250048e-05,0.004508110695,2
0.01425377093,0.001413744991,0.0002480936528,0.00446222024,2
0.01425377093,0.00127058092,0.0003405058233,0.004356582649,2
0.01425377093,0.00112741685,0.0003960224858,0.004168928135,1
0.01425377093,0.0009842528962,0.0004922583466,0.003797558136,1
0.01425377093,0.0008410888258,0.0006465059123,0.00444411207,1
0.01425377093,0.0006979247555,0.0009767189622,0.004560806323,1
0.01425377093,0.0005547606852,0.0007508127601,0.004260377493,2
0.01425377093,0.000411596644,0.0005960204289,0.004176266957,2
0.01425377093,0.0002684326028,0.000210934566,0.004141645972,1
0.01425377093,0.000125268547,0.0003998657921,0.004052554723,2
0.01439693477,0.01916608773,-0.001379866037,0.004933109507,1
0.01439693477,0.01902292296,-0.002010224154,0.006302892696,1
0.01439693477,0.01887976006,-0.002246755175,0.006973859854,1
0.01439693477,0.01873659529,-0.001832514885,0.006130776834,1
0.01439693477,0.01859343052,-0.001963251038,0.006448457018,2
0.01439693477,0.01845026761,-0.002018543193,0.006315786857,1
0.01439693477,0.01830710284,-0.001874848851,0.007107351907,1
0.01439693477,0.01816393808,-0.001850101515,0.007355995011,1
0.01439693477,0.01802077517,-0.001485767541,0.007401222363,1
0.01439693477,0.0178776104,-0.001450180425,0.007717441302,1
0.01439693477,0.01773444749,-0.001900383621,0.008711515926,2
0.01439693477,0.01759128273,-0.002131580375,0.008688973263,1
0.01439693477,0.01744811796,-0.002473419765,0.008781113662,1
0.01439693477,0.01730495505,-0.00246527046,0.008541103452,1
0.01439693477,0.01716179028,-0.002526601776,0.008361691609,1
0.01439693477,0.01701862738,-0.002689019311,0.009050667286,1
0.01439693477,0.01687546261,-0.00284361979,0.00992297288,1
0.01439693477,0.01673229784,-0.002702107187,0.009860528633,1
0.01439693477,0.01658913493,-0.003302097553,0.01009619609,1
0.01439693477,0.01644597016,-0.003676948836,0.01026223414,1
0.01439693477,0.01630280726,-0.00295234751,0.01001577079,1
0.01439693477,0.01615964249,-0.002798594069,0.00998568628,1
0.01439693477,0.01601647772,-0.002808823483,0.01009618305,1
0.01439693477,0.01587331481,-0.002684870735,0.01021206006,1
0.01439693477,0.01573015004,-0.002700050594,0.01033435017,2
0.01439693477,0.01558698621,-0.002611439209,0.01019800268,2
0.01439693477,0.01544382237,-0.002534732921,0.0102007715,2
0.01439693477,0.0153006576,-0.002521443181,0.01043124776,2
0.01439693477,0.01515749376,-0.00225747074,0.01086532325,1
0.01439693477,0.01501432993,-0.002135001821,0.0108904643,1
0.01439693477,0.01487116609,-0.002408684231,0.01070505287,2
0.01439693477,0.01472800132,-0.002731903223,0.01045661047,1
0.01439693477,0.01458483748,-0.003018945456,0.01112855133,1
0.01439693477,0.01444167364,-0.003087621648,0.01092495769,1
0.01439693477,0.01429850981,-0.002519989153,0.01082187705,1
0.01439693477,0.01415534597,-0.002185542136,0.01117635518,1
0.01439693477,0.0140121812,-0.001914654626,0.01142761949,1
0.01439693477,0.01386901736,-0.001885915524,0.01098408829,1
0.01439693477,0.01372585353,-0.002174746478,0.01015787199,1
0.01439693477,0.01358268969,-0.001513925148,0.01057349052,1
0.01439693477,0.01343952492,-0.001468665199,0.009931002744,1
0.01439693477,0.01329636108,-0.001906660735,0.01046825014,1
0.01439693477,0.01315319724,-0.001276299008,0.009569833986,2
0.01439693477,0.01301003341,-0.0009361326229,0.00899424497,1
0.01439693477,0.01286686864,-0.001111507649,0.009969374165,1
0.01439693477,0.0127237048,-0.001610502251,0.00967269484,1
0.01439693477,0.01258054096,-0.001547464752,0.00956252683,1
0.01439693477,0.01243737713,-0.001152276993,0.0102135865,1
0.01439693477,0.01229421329,-0.000955857744,0.01000424288,1
0.01439693477,0.01215104852,-0.001009921893,0.01006254833,1
0.01439693477,0.01200788468,-0.001266949112,0.009527326562,1
0.01439693477,0.01186472084,-0.001011801069,0.009469852783,1
0.01439693477,0.01172155701,-0.001032499247,0.009610692039,1
0.01439693477,0.01157839224,-0.0009907489875,0.009461942129,1
0.01439693477,0.0114352284,-0.0008652277756,0.009312264621,2
0.01439693477,0.01129206456,-0.0007483115769,0.009159537032,2
0.01439693477,0.01114890072,-0.0007640235126,0.009267221205,2
0.01439693477,0.01100573689,-0.0009538601735,0.009171433747,1
0.01439693477,0.01086257212,-0.001094923355,0.008339416236,1
0.01439693477,0.01071940828,-0.001187241985,0.008463695645,1
0.01439693477,0.01057624444,-0.0009425752214,0.00898553431,1
0.01439693477,0.01043308061,-0.0002500448027,0.00913902279,1
0.01439693477,0.01028991584,-0.000273938349,0.008835235611,1
0.01439693477,0.010146752,-0.0003910426749,0.008968751878,2
0.01439693477,0.01000358816,-0.0007574441843,0.008979557082,1
0.01439693477,0.009860424325,-0.0007734904066,0.008728995919,2
0.01439693477,0.009717259556,-0.000699326105,0.008476501331,1
0.01439693477,0.009574095719,-0.000807355158,0.008610093035,1
0.01439693477,0.009430931881,-0.0005680982722,0.009185748175,1
0.01439693477,0.009287768044,-0.0001606966543,0.008777803741,1
0.01439693477,0.009144604206,-0.0001858616743,0.007372958586,1
0.01439693477,0.009001439437,-0.0003795294033,0.007780313492,1
0.01439693477,0.0088582756,-0.0008196639828,0.008722459897,1
0.01439693477,0.008715111762,-0.0007139079389,0.008746542968,1
0.01439693477,0.008571947925,-0.0007239130209,0.008557018824,1
0.01439693477,0.008428783156,-0.0007549579605,0.007938141003,1
0.01439693477,0.008285619318,-0.001344476128,0.008625241928,1
0.01439693477,0.008142455481,-0.001484349836,0.009169211611,1
0.01439693477,0.007999291644,-0.001477730228,0.009175579064,1
0.01439693477,0.007856126875,-0.001362731098,0.00834194012,1
0.01439693477,0.007712963037,-0.0007116457564,0.007979844697,1
0.01439693477,0.0075697992,-0.0002785093093,0.007596430369,1
0.01439693477,0.007426635362,-0.0003721342073,0.007367168088,1
0.01439693477,0.007283471059,-0.0004261313588,0.007371280808,1
0.01439693477,0.007140307222,-0.0003388331388,0.006770253181,1
0.01439693477,0.006997142918,-0.0007365017082,0.007028681226,1
0.01439693477,0.006853979081,-0.000573739293,0.006921472494,2
0.01439693477,0.006710814778,-0.0006481182063,0.006680369377,2
0.01439693477,0.00656765094,-0.0005638010334,0.006616339087,2
0.01439693477,0.006424486637,-0.0003706317802,0.006252591033,1
0.01439693477,0.0062813228,-0.0003327557934,0.006539295428,1
0.01439693477,0.006138158496,-0.001010764157,0.006431253161,1
0.01439693477,0.005994994659,-0.0006893707323,0.006161439233,1
0.01439693477,0.005851830821,-0.0008094914374,0.006627074908,1
0.01439693477,0.005708666518,-0.0006013535894,0.005713687278,1
0.01439693477,0.005565502681,-0.0005275166477,0.005584889557,1
0.01439693477,0.005422338378,-0.0005994737148,0.005926499609,1
0.01439693477,0.00527917454,-0.0007002046914,0.006054970901,1
0.01439693477,0.005136010237,-0.0009344079881,0.006322173402,1
0.01439693477,0.0049928464,-0.0003192891309,0.006568666548,1
0.01439693477,0.004849682096,-0.0002172241366,0.006831735838,1
0.01439693477,0.004706518259,-0.0003929323575,0.006996801123,1
0.01439693477,0.004563353956,-0.000459488685,0.007124659605,1
0.01439693477,0.004420190118,-0.0003039655567,0.006382087246,2
0.01439693477,0.004277025815,-0.0002670396061,0.006006237119,2
0.01439693477,0.004133861978,-0.0002784787503,0.005815274548,2
0.01439693477,0.00399069814,-0.0003238024656,0.0059200502,2
0.01439693477,0.003847533837,-0.0005504044821,0.005913480651,2
0.01439693477,0.003704369767,-0.001011387911,0.006348884664,1
0.01439693477,0.003561205696,-0.0003223765816,0.005758437328,2
0.01439693477,0.003418041626,2.886380935e-05,0.005714268424,2
0.01439693477,0.003274877556,-0.0003958138986,0.005200288258,2
0.01439693477,0.003131713718,-0.0003503375337,0.005216060672,2
0.01439693477,0.002988549648,0.0001106997079,0.005833417177,1
0.01439693477,0.002845385578,0.0001878566691,0.006541278213,1
0.01439693477,0.002702221507,0.0003916058922,0.005291010253,1
0.01439693477,0.002559057437,0.0007282063598,0.004341601394,1
0.01439693477,0.002415893367,0.0003995513252,0.004458878655,1
0.01439693477,0.002272729296,0.0003574779839,0.004179591313,2
0.01439693477,0.002129565226,0.0003011654189,0.004374295939,2
0.01439693477,0.001986401156,0.0001293955575,0.004274031147,2
0.01439693477,0.001843237202,-0.000361581071,0.004004597664,1
0.01439693477,0.001700073131,-0.0001153186531,0.004090826958,1
0.01439693477,0.001556909061,0.0002569201461,0.005392160267,1
0.01439693477,0.001413744991,0.0003809113405,0.004582797643,2
0.01439693477,0.00127058092,0.0004394405696,0.004162644967,2
0.01439693477,0.00112741685,0.000490856939,0.00360122975,1
0.01439693477,0.0009842528962,0.0004584863782,0.003803475993,1
0.01439693477,0.0008410888258,0.0004309409705,0.004283446819,1
0.01439693477,0.0006979247555,0.0006040185108,0.004315158818,2
0.01439693477,0.0005547606852,0.0005121484865,0.004092181101,1
0.01439693477,0.000411596644,0.0004838896566,0.00406922074,1
0.01439693477,0.0002684326028,0.0003529750975,0.004356309306,2
0.01439693477,0.000125268547,0.0003927477519,0.004211353138,2
0.01454009861,0.01916608773,-0.001055018511,0.005431472789,1
0.01454009861,0.01902292296,-0.002354055643,0.008475411683,1
0.01454009861,0.01887976006,-0.002098309342,0.007395816036,2
0.01454009861,0.01873659529,-0.002106229542,0.00704876706,1
0.01454009861,0.01859343052,-0.001955333399,0.006759655662,1
0.01454009861,0.01845026761,-0.001951602986,0.006497590337,1
0.01454009861,0.01830710284,-0.002008105628,0.00691737514,1
0.01454009861,0.01816393808,-0.001999511383,0.007356199436,1
0.01454009861,0.01802077517,-0.001953181345,0.008161959238,1
0.01454009861,0.0178776104,-0.001559583936,0.008560374379,1
0.01454009861,0.01773444749,-0.001665748074,0.01020249259,1
0.01454009861,0.01759128273,-0.002084528562,0.00901482068,3
0.01454009861,0.01744811796,-0.002459802898,0.008710993454,1
0.01454009861,0.01730495505,-0.002405747538,0.008620485663,1
0.01454009861,0.01716179028,-0.002587341238,0.008587266319,1
0.01454009861,0.01701862738,-0.002779504051,0.009267807007,1
0.01454009861,0.01687546261,-0.003030105261,0.01017357409,1
0.01454009861,0.01673229784,-0.002854815451,0.01026623417,1
0.01454009861,0.01658913493,-0.002934087068,0.01005255524,2
0.01454009861,0.01644597016,-0.002960255137,0.01002533827,2
0.01454009861,0.01630280726,-0.002689907327,0.01003371179,1
0.01454009861,0.01615964249,-0.002708808286,0.01029140037,1
0.01454009861,0.01601647772,-0.00284048263,0.01038423367,1
0.01454009861,0.01587331481,-0.003154235194,0.01116611902,1
0.01454009861,0.01573015004,-0.00271298131,0.01043522172,1
0.01454009861,0.01558698621,-0.002614799188,0.009870667942,1
0.01454009861,0.01544382237,-0.002554201288,0.01017279085,1
0.01454009861,0.0153006576,-0.002691050526,0.01075506117,1
0.01454009861,0.01515749376,-0.001985060284,0.01096660458,1
0.01454009861,0.01501432993,-0.002030572621,0.01082786638,1
0.01454009861,0.01487116609,-0.002173691289,0.01047088858,1
0.01454009861,0.01472800132,-0.002399809193,0.01043628342,2
0.01454009861,0.01458483748,-0.002396459924,0.01080027968,1
0.01454009861,0.01444167364,-0.002493657637,0.01074179169,2
0.01454009861,0.01429850981,-0.002131051617,0.01066651847,1
0.01454009861,0.01415534597,-0.002063839929,0.0119360555,1
0.01454009861,0.0140121812,-0.001895914669,0.0120571088,1
0.01454009861,0.01386901736,-0.002065418288,0.0114701353,2
0.01454009861,0.01372585353,-0.001881993259,0.01174889598,1
0.01454009861,0.01358268969,-0.00186414842,0.01149110589,1
0.01454009861,0.01343952492,-0.00184203079,0.01055467222,1
0.01454009861,0.01329636108,-0.001426823321,0.01032895129,1
0.01454009861,0.01315319724,-0.001278549433,0.009562073275,1
0.01454009861,0.01301003341,-0.001449494972,0.009655558504,1
0.01454009861,0.01286686864,-0.001574267284,0.00999965705,1
0.01454009861,0.0127237048,-0.001465828507,0.01001856662,1
0.01454009861,0.01258054096,-0.001632197411,0.009886405431,1
0.01454009861,0.01243737713,-0.001156860031,0.01022864878,1
0.01454009861,0.01229421329,-0.0009691030718,0.01031640731,1
0.01454009861,0.01215104852,-0.0008861940587,0.00994273182,1
0.01454009861,0.01200788468,-0.0008593756938,0.009426535107,1
0.01454009861,0.01186472084,-0.0009902914753,0.009549081326,1
0.01454009861,0.01172155701,-0.001030430314,0.009434816428,1
0.01454009861,0.01157839224,-0.0006182147772,0.009153018706,1
0.01454009861,0.0114352284,-0.0006137979217,0.009414119646,1
0.01454009861,0.01129206456,-0.0006534022978,0.00933081843,2
0.01454009861,0.01114890072,-0.000590132142,0.01001185551,1
0.01454009861,0.01100573689,-0.0008512012428,0.009545562789,2
0.01454009861,0.01086257212,-0.0009568137466,0.008790070191,1
0.01454009861,0.01071940828,-0.001125022885,0.008731729351,1
0.01454009861,0.01057624444,-0.001038091723,0.00917840749,1
0.01454009861,0.01043308061,-0.0006347125163,0.008908950724,1
0.01454009861,0.01028991584,-0.0002527777688,0.008928402327,1
0.01454009861,0.010146752,-0.0005322272191,0.009281306528,1
0.01454009861,0.01000358816,-0.0008298514877,0.008972536772,1
0.01454009861,0.009860424325,-0.001008535619,0.008753370494,1
0.01454009861,0.009717259556,-0.0007538399077,0.008523534052,1
0.01454009861,0.009574095719,-0.0007898042095,0.008515022695,1
0.01454009861,0.009430931881,-0.0002719190961,0.009488517419,1
0.01454009861,0.009287768044,-0.0006837391993,0.008767543361,1
0.01454009861,0.009144604206,-0.0006746847648,0.009143629111,1
0.01454009861,0.009001439437,-0.0006728868466,0.008868673816,1
0.01454009861,0.0088582756,-0.0001912018051,0.008619328961,1
0.01454009861,0.008715111762,-0.000442512508,0.008727140725,2
0.01454009861,0.008571947925,-0.0007682299474,0.008720370941,1
0.01454009861,0.008428783156,-0.001049591927,0.008683312684,1
0.01454009861,0.008285619318,-0.001065239776,0.008803926408,1
0.01454009861,0.008142455481,-0.001268953551,0.009013247676,1
0.01454009861,0.007999291644,-0.002033942146,0.008256893605,1
0.01454009861,0.007856126875,-0.001236322219,0.008227723651,1
0.01454009861,0.007712963037,-0.0003669739235,0.00772454543,1
0.01454009861,0.0075697992,-0.0004254723026,0.008174275979,1
0.01454009861,0.007426635362,-0.000443247176,0.007942379452,2
0.01454009861,0.007283471059,-0.0005128311459,0.00789540913,1
0.01454009861,0.007140307222,-0.0005350791034,0.007501774933,1
0.01454009861,0.006997142918,-0.0008566390607,0.007395605091,1
0.01454009861,0.006853979081,-0.0001444314257,0.006772083696,1
0.01454009861,0.006710814778,-0.0004819841415,0.006207949016,2
0.01454009861,0.00656765094,-0.00057352148,0.005493941251,1
0.01454009861,0.006424486637,-0.0003759003885,0.006471318193,1
0.01454009861,0.0062813228,-0.000384893181,0.007398868445,1
0.01454009861,0.006138158496,-0.0004416190495,0.007446962874,1
0.01454009861,0.005994994659,-0.0004760798183,0.006788471714,1
0.01454009861,0.005851830821,-0.0007452450809,0.007209236734,1
0.01454009861,0.005708666518,-0.0004389609967,0.006835995242,1
0.01454009861,0.005565502681,-0.0002400665253,0.006615054328,1
0.01454009861,0.005422338378,-0.0005229836097,0.006469805725,1
0.01454009861,0.00527917454,-0.0006227152189,0.006569264922,1
0.01454009861,0.005136010237,-0.000820628833,0.006620471831,1
0.01454009861,0.0049928464,-0.0006467499188,0.006941435859,1
0.01454009861,0.004849682096,-0.000490747916,0.007225223351,1
0.01454009861,0.004706518259,-0.0005761588109,0.006499238312,1
0.01454009861,0.004563353956,-0.0006435240502,0.006349478848,1
0.01454009861,0.004420190118,-0.0003587138781,0.006188972853,2
0.01454009861,0.004277025815,-0.0003368988109,0.005798465572,1
0.01454009861,0.004133861978,-0.0002979263663,0.005460248794,1
0.01454009861,0.00399069814,-0.0001634402579,0.006242856383,1
0.01454009861,0.003847533837,-0.0005643602926,0.006432193797,1
0.01454009861,0.003704369767,-0.0004857262538,0.006473599002,1
0.01454009861,0.003561205696,-0.0003436005791,0.005856478121,2
0.01454009861,0.003418041626,-0.0001282666053,0.005536573473,2
0.01454009861,0.003274877556,-9.950565982e-06,0.004932838492,1
0.01454009861,0.003131713718,6.964473141e-05,0.004874213133,1
0.01454009861,0.002988549648,0.0001930323488,0.005312012974,1
0.01454009861,0.002845385578,0.0002527937759,0.006115589757,1
0.01454009861,0.002702221507,0.0001402904309,0.00582728954,1
0.01454009861,0.002559057437,0.000280046137,0.005268920679,1
0.01454009861,0.002415893367,0.0007249359624,0.004724873696,1
0.01454009861,0.002272729296,0.0003781329142,0.003783995286,1
0.01454009861,0.002129565226,0.0004005626542,0.004429772031,1
0.01454009861,0.001986401156,9.440611757e-05,0.004326776601,2
0.01454009861,0.001843237202,8.283938223e-05,0.004419735633,1
0.01454009861,0.001700073131,0.0004492477165,0.004667838104,2
0.01454009861,0.001556909061,0.0006870273501,0.004899063613,2
0.01454009861,0.001413744991,0.0005791910226,0.004314164165,1
0.01454009861,0.00127058092,0.0005454880884,0.004109969828,2
0.01454009861,0.00112741685,0.0004073815653,0.003984969575,1
0.01454009861,0.0009842528962,0.0003974303254,0.004256159067,1
0.01454009861,0.0008410888258,0.0004014374281,0.004256676417,1
0.01454009861,0.0006979247555,0.0004962655948,0.00432420196,2
0.01454009861,0.0005547606852,0.000406173669,0.004338247702,1
0.01454009861,0.000411596644,0.0003792607749,0.004430667963,1
0.01454009861,0.0002684326028,0.00032432843,0.005003017373,1
0.01454009861,0.000125268547,0.0004254023661,0.004225195386,1
0.01468326338,0.01916608773,-0.002357001882,0.004470217507,1
0.01468326338,0.01902292296,-0.001973107224,0.006668383721,2
0.01468326338,0.01887976006,-0.001686197007,0.007085224614,2
0.01468326338,0.01873659529,-0.001622525626,0.007136466447,1
0.01468326338,0.01859343052,-0.001268959604,0.007027583197,1
0.01468326338,0.01845026761,-0.00185870158,0.006792900153,1
0.01468326338,0.01830710284,-0.00204737857,0.006866224576,1
0.01468326338,0.01816393808,-0.002095406177,0.007386319805,2
0.01468326338,0.01802077517,-0.002201095922,0.008754990064,1
0.01468326338,0.0178776104,-0.001722272602,0.009640970267,1
0.01468326338,0.01773444749,-0.001804618165,0.009819287807,2
0.01468326338,0.01759128273,-0.002084402135,0.009231955744,3
0.01468326338,0.01744811796,-0.002419269877,0.008629852906,1
0.01468326338,0.01730495505,-0.002128574299,0.008866059594,1
0.01468326338,0.01716179028,-0.00284293876,0.008890273981,1
0.01468326338,0.01701862738,-0.002958951751,0.009336181916,1
0.01468326338,0.01687546261,-0.003106078366,0.009899313562,1
0.01468326338,0.01673229784,-0.002655974356,0.01047994848,1
0.01468326338,0.01658913493,-0.002619179664,0.009822453372,1
0.01468326338,0.01644597016,-0.002540078247,0.009752852842,2
0.01468326338,0.01630280726,-0.002315897262,0.009506320581,1
0.01468326338,0.01615964249,-0.002931396011,0.00938694831,1
0.01468326338,0.01601647772,-0.002956595039,0.01091307867,1
0.01468326338,0.01587331481,-0.002922167303,0.0108334329,2
0.01468326338,0.01573015004,-0.002582907444,0.01077230088,1
0.01468326338,0.01558698621,-0.002588745439,0.01088832505,1
0.01468326338,0.01544382237,-0.00277188397,0.01048802212,1
0.01468326338,0.0153006576,-0.001619419316,0.01071671676,1
0.01468326338,0.01515749376,-0.001758702449,0.01061808039,2
0.01468326338,0.01501432993,-0.001712875441,0.01045688801,1
0.01468326338,0.01487116609,-0.001983965747,0.01036724076,1
0.01468326338,0.01472800132,-0.002297182335,0.01001735497,1
0.01468326338,0.01458483748,-0.002485146513,0.01058965921,1
0.01468326338,0.01444167364,-0.002359497594,0.0105754137,2
0.01468326338,0.01429850981,-0.002351269592,0.01088273153,1
0.01468326338,0.01415534597,-0.002461911878,0.0125550488,1
0.01468326338,0.0140121812,-0.002293683356,0.01294391882,1
0.01468326338,0.01386901736,-0.002597849816,0.01109044813,1
0.01468326338,0.01372585353,-0.001593117719,0.01120438427,1
0.01468326338,0.01358268969,-0.001872057095,0.01097552758,1
0.01468326338,0.01343952492,-0.001765536377,0.01049642917,2
0.01468326338,0.01329636108,-0.001493979828,0.01045063138,2
0.01468326338,0.01315319724,-0.001242358354,0.01026349608,1
0.01468326338,0.01301003341,-0.001328952727,0.0104130879,1
0.01468326338,0.01286686864,-0.001476943493,0.01040687133,1
0.01468326338,0.0127237048,-0.001386363758,0.01034447737,1
0.01468326338,0.01258054096,-0.001536458381,0.01005757973,1
0.01468326338,0.01243737713,-0.001158985193,0.0104084285,1
0.01468326338,0.01229421329,-0.001123018446,0.01003144961,1
0.01468326338,0.01215104852,-0.001104584779,0.009826304391,1
0.01468326338,0.01200788468,-0.0009293192998,0.009819109924,2
0.01468326338,0.01186472084,-0.001099095913,0.009808235802,1
0.01468326338,0.01172155701,-0.0009994950378,0.009471216239,1
0.01468326338,0.01157839224,-0.0007795672864,0.009192845784,2
0.01468326338,0.0114352284,-0.0007717668195,0.008872739971,1
0.01468326338,0.01129206456,-0.0006613675505,0.008737761527,1
0.01468326338,0.01114890072,-0.000598239887,0.009570375085,1
0.01468326338,0.01100573689,-0.0009039990255,0.0102088917,1
0.01468326338,0.01086257212,-0.0004452166322,0.00945016928,1
0.01468326338,0.01071940828,-0.0006172035355,0.009396910667,1
0.01468326338,0.01057624444,-0.001003647456,0.008941976354,1
0.01468326338,0.01043308061,-0.0009371779743,0.008846482262,1
0.01468326338,0.01028991584,-0.00047779741,0.009235023521,1
0.01468326338,0.010146752,-0.0007800356252,0.009392068721,1
0.01468326338,0.01000358816,-0.001055764849,0.009406114928,1
0.01468326338,0.009860424325,-0.001459336956,0.009209471755,1
0.01468326338,0.009717259556,-0.0003476952261,0.008414396085,1
0.01468326338,0.009574095719,-6.327765732e-05,0.008566211909,1
0.01468326338,0.009430931881,-0.001094360487,0.008997159079,1
0.01468326338,0.009287768044,-0.0009959773161,0.009329950437,1
0.01468326338,0.009144604206,-0.0008687111549,0.009995501488,1
0.01468326338,0.009001439437,-0.0007665280718,0.009286076762,1
0.01468326338,0.0088582756,-0.0004309075302,0.008897801861,2
0.01468326338,0.008715111762,-9.671033331e-05,0.008822321892,1
0.01468326338,0.008571947925,-0.0007551392773,0.009113654494,1
0.01468326338,0.008428783156,-0.001030700048,0.009352287278,1
0.01468326338,0.008285619318,-0.001013966743,0.008960240521,1
0.01468326338,0.008142455481,-0.001005925238,0.008592694998,1
0.01468326338,0.007999291644,-0.0003985784715,0.007845896296,1
0.01468326338,0.007856126875,-0.0005597911659,0.007660820149,1
0.01468326338,0.007712963037,-0.0006252251333,0.008664383553,1
0.01468326338,0.0075697992,-0.0006082388572,0.008742921054,1
0.01468326338,0.007426635362,-0.0004625510483,0.008332666941,1
0.01468326338,0.007283471059,-0.0006370593328,0.008255031891,1
0.01468326338,0.007140307222,-0.000835618237,0.008311389945,1
0.01468326338,0.006997142918,-0.0009194164304,0.007776496466,1
0.01468326338,0.006853979081,-0.0001391097321,0.007166886702,1
0.01468326338,0.006710814778,-0.0005618654541,0.005885401275,1
0.01468326338,0.00656765094,-0.0006644578534,0.006047641393,1
0.01468326338,0.006424486637,-0.0007343736943,0.006898061372,1
0.01468326338,0.0062813228,-0.0006314486382,0.007589408662,2
0.01468326338,0.006138158496,-0.0006297933869,0.008073773235,1
0.01468326338,0.005994994659,1.636341153e-06,0.007481242996,1
0.01468326338,0.005851830821,-0.0007628037711,0.007019144483,3
0.01468326338,0.005708666518,-0.0004214415385,0.006900660228,1
0.01468326338,0.005565502681,-0.0003649406135,0.00683792308,1
0.01468326338,0.005422338378,-0.0005385339027,0.006731627043,2
0.01468326338,0.00527917454,-0.0005152882659,0.006646329537,2
0.01468326338,0.005136010237,-0.000567890238,0.00642203493,2
0.01468326338,0.0049928464,-0.0007015370065,0.006029377226,3
0.01468326338,0.004849682096,-0.0003915579582,0.005608740263,1
0.01468326338,0.004706518259,-0.0003519217134,0.00578461308,2
0.01468326338,0.004563353956,-0.0003159062471,0.006238725036,2
0.01468326338,0.004420190118,-0.0001504670363,0.006225860678,1
0.01468326338,0.004277025815,-0.0002585622424,0.005892517045,1
0.01468326338,0.004133861978,-0.0001783718035,0.005880018696,1
0.01468326338,0.00399069814,-0.0002645784698,0.00592509564,1
0.01468326338,0.003847533837,-0.0003747092269,0.005889297929,1
0.01468326338,0.003704369767,-0.0004637104284,0.005661759991,1
0.01468326338,0.003561205696,-0.0004380329337,0.005657303147,1
0.01468326338,0.003418041626,-0.0001883790683,0.005642707925,1
0.01468326338,0.003274877556,-0.0001356192515,0.005385814235,1
0.01468326338,0.003131713718,0.0001316937414,0.004905238748,1
0.01468326338,0.002988549648,0.000203095231,0.004867556039,1
0.01468326338,0.002845385578,0.0002755949681,0.004496014677,1
0.01468326338,0.002702221507,0.0002600699663,0.005796581041,1
0.01468326338,0.002559057437,0.0003708457225,0.005370955449,1
0.01468326338,0.002415893367,0.001022935961,0.005505607929,1
0.01468326338,0.002272729296,0.0005819060607,0.005027276464,1
0.01468326338,0.002129565226,0.0004938460188,0.005344217177,1
0.01468326338,0.001986401156,-0.0002351731237,0.004183567129,1
0.01468326338,0.001843237202,0.0003148542019,0.004720311612,2
0.01468326338,0.001700073131,0.001142442808,0.005261726677,1
0.01468326338,0.001556909061,0.001462750486,0.005222091451,1
0.01468326338,0.001413744991,0.0003664099204,0.004639257677,1
0.01468326338,0.00127058092,0.0007559392834,0.003978101071,1
0.01468326338,0.00112741685,0.0006100494647,0.00396987237,1
0.01468326338,0.0009842528962,0.0003760462569,0.004668904468,1
0.01468326338,0.0008410888258,0.0004142305988,0.004384163301,2
0.01468326338,0.0006979247555,0.0005734327715,0.004386724904,1
0.01468326338,0.0005547606852,0.0004717844131,0.004905690905,1
0.01468326338,0.000411596644,0.0004440268385,0.005054252222,1
0.01468326338,0.0002684326028,0.0002763510856,0.005340704229,1
0.01468326338,0.000125268547,0.0003800752747,0.00476536667,1
0.01482642721,0.01916608773,-0.001275335206,0.00607573241,1
0.01482642721,0.01902292296,-0.001495174249,0.006642683409,1
0.01482642721,0.01887976006,-0.001050845836,0.007140230853,1
0.01482642721,0.01873659529,-0.001260485034,0.007151944563,1
0.01482642721,0.01859343052,-0.001363961841,0.007162019145,1
0.01482642721,0.01845026761,-0.001651528641,0.006998028141,2
0.01482642721,0.01830710284,-0.001861540484,0.006970943883,2
0.01482642721,0.01816393808,-0.002133639064,0.006567865144,1
0.01482642721,0.01802077517,-0.002069822745,0.008191213012,2
0.01482642721,0.0178776104,-0.001687974902,0.00914062839,2
0.01482642721,0.01773444749,-0.001746049849,0.01020173077,1
0.01482642721,0.01759128273,-0.001961562084,0.01003309526,1
0.01482642721,0.01744811796,-0.002221716801,0.00825762935,1
0.01482642721,0.01730495505,-0.002361979568,0.009259130806,2
0.01482642721,0.01716179028,-0.002449728549,0.009448261,1
0.01482642721,0.01701862738,-0.002643589629,0.01020141877,1
0.01482642721,0.01687546261,-0.003174781334,0.0103355255,1
0.01482642721,0.01673229784,-0.00250663748,0.01047250163,1
0.01482642721,0.01658913493,-0.002407676075,0.009684793651,1
0.01482642721,0.01644597016,-0.00226498046,0.009657299146,2
0.01482642721,0.01630280726,-0.002247811295,0.009726255201,2
0.01482642721,0.01615964249,-0.00269720098,0.01002910361,1
0.01482642721,0.01601647772,-0.003022263991,0.01056432351,1
0.01482642721,0.01587331481,-0.002994932001,0.01048223302,1
0.01482642721,0.01573015004,-0.002694862662,0.01109707262,1
0.01482642721,0.01558698621,-0.002774759429,0.01153816283,1
0.01482642721,0.01544382237,-0.002428071806,0.01069143694,1
0.01482642721,0.0153006576,-0.00196189899,0.01045045443,2
0.01482642721,0.01515749376,-0.001717454637,0.01033211127,2
0.01482642721,0.01501432993,-0.001710697776,0.01025767531,2
0.01482642721,0.01487116609,-0.002007308649,0.01005744468,1
0.01482642721,0.01472800132,-0.002159263473,0.01057810243,1
0.01482642721,0.01458483748,-0.002178239403,0.0107367374,1
0.01482642721,0.01444167364,-0.002107916633,0.01008746959,1
0.01482642721,0.01429850981,-0.002497089794,0.01125116087,1
0.01482642721,0.01415534597,-0.002671248047,0.01266186405,1
0.01482642721,0.0140121812,-0.002367971698,0.01304286812,1
0.01482642721,0.01386901736,-0.002963169944,0.0126280617,1
0.01482642721,0.01372585353,-0.001794672105,0.01097042672,1
0.01482642721,0.01358268969,-0.001888310537,0.01010607742,1
0.01482642721,0.01343952492,-0.001854077913,0.01000488456,1
0.01482642721,0.01329636108,-0.001541201258,0.01071364805,1
0.01482642721,0.01315319724,-0.001381024718,0.01098385919,1
0.01482642721,0.01301003341,-0.001543245628,0.01140824147,1
0.01482642721,0.01286686864,-0.001454400131,0.01099723112,1
0.01482642721,0.0127237048,-0.0008138210396,0.01015858445,1
0.01482642721,0.01258054096,-0.001286495128,0.01062403619,1
0.01482642721,0.01243737713,-0.001441803877,0.01118396316,1
0.01482642721,0.01229421329,-0.001336248009,0.01022309437,1
0.01482642721,0.01215104852,-0.001212975243,0.00996941328,1
0.01482642721,0.01200788468,-0.0006542208139,0.01021536253,1
0.01482642721,0.01186472084,-0.0008500535041,0.009670800529,1
0.01482642721,0.01172155701,-0.0009183142683,0.009331896901,1
0.01482642721,0.01157839224,-0.0007287924527,0.00927440729,2
0.01482642721,0.0114352284,-0.0006468827487,0.009050921537,1
0.01482642721,0.01129206456,-0.0008311590645,0.008948590606,1
0.01482642721,0.01114890072,-0.0009110006504,0.009628565982,1
0.01482642721,0.01100573689,-0.001059371163,0.01031541079,1
0.01482642721,0.01086257212,-0.001061409712,0.009866373613,1
0.01482642721,0.01071940828,-0.001227184664,0.00998074282,1
0.01482642721,0.01057624444,-0.001002960256,0.009686333127,1
0.01482642721,0.01043308061,-0.00116854778,0.009345701896,1
0.01482642721,0.01028991584,-0.000738492352,0.009211127646,2
0.01482642721,0.010146752,-0.0001714520477,0.009128381498,1
0.01482642721,0.01000358816,-0.0007104073884,0.009045189247,2
0.01482642721,0.009860424325,-0.000774481683,0.008906969801,2
0.01482642721,0.009717259556,-0.0002603374596,0.008490069769,1
0.01482642721,0.009574095719,1.251063622e-06,0.008757604286,1
0.01482642721,0.009430931881,-0.0004455772578,0.009103890508,1
0.01482642721,0.009287768044,-0.0008127582259,0.008157755248,1
0.01482642721,0.009144604206,-0.0008877613,0.008043698967,1
0.01482642721,0.009001439437,-0.0007553283358,0.008674995974,2
0.01482642721,0.0088582756,-0.0006691899034,0.008863477968,2
0.01482642721,0.008715111762,-0.000785152195,0.009453202598,1
0.01482642721,0.008571947925,-0.0001193247736,0.008609477431,1
0.01482642721,0.008428783156,-0.0005992808728,0.009296422824,1
0.01482642721,0.008285619318,-0.0008303172654,0.008751749992,1
0.01482642721,0.008142455481,-0.0004389265378,0.008092820644,1
0.01482642721,0.007999291644,-0.000873733894,0.007879885845,1
0.01482642721,0.007856126875,-0.001104975818,0.008263134398,1
0.01482642721,0.007712963037,-0.0009303565021,0.008901936933,1
0.01482642721,0.0075697992,-0.0007822940825,0.008616259322,2
0.01482642721,0.007426635362,-0.0004527264682,0.008294921368,1
0.01482642721,0.007283471059,-0.000761232106,0.00838471856,1
0.01482642721,0.007140307222,-0.001376373344,0.008654370904,1
0.01482642721,0.006997142918,-0.000977997086,0.008154478855,2
0.01482642721,0.006853979081,-0.0007447351818,0.007818867452,1
0.01482642721,0.006710814778,-0.0007650934276,0.007644406054,1
0.01482642721,0.00656765094,-0.0007482579676,0.006229599472,1
0.01482642721,0.006424486637,-0.0008528999751,0.007652485743,1
0.01482642721,0.0062813228,-0.0007767344359,0.00798693113,2
0.01482642721,0.006138158496,-0.00076370436,0.008518104441,1
0.01482642721,0.005994994659,-0.0003894212714,0.007285729051,1
0.01482642721,0.005851830821,-0.0007501899381,0.00733133778,1
0.01482642721,0.005708666518,-0.0008373116725,0.007144760806,1
0.01482642721,0.005565502681,-0.001101564383,0.006945697591,1
0.01482642721,0.005422338378,-0.0007509230636,0.006972450297,2
0.01482642721,0.00527917454,-0.000332013733,0.006862392183,1
0.01482642721,0.005136010237,-0.0002341068612,0.006391960662,1
0.01482642721,0.0049928464,-0.0007355319103,0.005969134625,3
0.01482642721,0.004849682096,-0.0003144468064,0.004506106488,1
0.01482642721,0.004706518259,-0.0001240638521,0.004791748244,1
0.01482642721,0.004563353956,-0.000117712174,0.006594948471,1
0.01482642721,0.004420190118,-0.0001281826408,0.006518531591,1
0.01482642721,0.004277025815,7.935288158e-05,0.006168529391,1
0.01482642721,0.004133861978,0.0003428662603,0.006130733527,1
0.01482642721,0.00399069814,-8.852982864e-05,0.00608797837,1
0.01482642721,0.003847533837,-0.0001864654187,0.005843824707,1
0.01482642721,0.003704369767,-0.0003330812324,0.005545757711,1
0.01482642721,0.003561205696,-0.0003631402506,0.005588755943,1
0.01482642721,0.003418041626,-0.0002436383511,0.005730559118,1
0.01482642721,0.003274877556,-0.0001866929233,0.005666397978,1
0.01482642721,0.003131713718,6.683524407e-05,0.005164697766,1
0.01482642721,0.002988549648,0.0001712467638,0.00575101655,1
0.01482642721,0.002845385578,0.000222489718,0.005492782686,2
0.01482642721,0.002702221507,0.0001068585188,0.005579459947,1
0.01482642721,0.002559057437,0.0002782598021,0.005593622103,1
0.01482642721,0.002415893367,0.0007898773765,0.006099877879,1
0.01482642721,0.002272729296,0.0007324274047,0.005878510885,1
0.01482642721,0.002129565226,0.000554480881,0.006008815952,1
0.01482642721,0.001986401156,0.0001948235731,0.005444499664,1
0.01482642721,0.001843237202,0.0002693076385,0.005016216077,1
0.01482642721,0.001700073131,0.0006758321542,0.005459070671,1
0.01482642721,0.001556909061,0.0006603212096,0.005393913947,1
0.01482642721,0.001413744991,0.0001263863523,0.004367783666,1
0.01482642721,0.00127058092,0.0001229922345,0.005177508574,1
0.01482642721,0.00112741685,0.0002370454895,0.004942056257,1
0.01482642721,0.0009842528962,0.001013564528,0.00468088733,1
0.01482642721,0.0008410888258,0.0003060059389,0.004224346951,1
0.01482642721,0.0006979247555,0.0003662718809,0.004381759092,1
0.01482642721,0.0005547606852,0.0004678334808,0.004995316733,1
0.01482642721,0.000411596644,0.0003042768512,0.004787638783,1
0.01482642721,0.0002684326028,0.0004444522783,0.004772088956,1
0.01482642721,0.000125268547,0.0004247362376,0.004464578349,1
0.01496959105,0.01916608773,-0.001583787496,0.006705212407,1
0.01496959105,0.01902292296,-0.001397982123,0.006817899644,1
0.01496959105,0.01887976006,-0.001237686374,0.007232398726,1
0.01496959105,0.01873659529,-0.001413676888,0.00707871886,1
0.01496959105,0.01859343052,-0.001922604861,0.007105874363,1
0.01496959105,0.01845026761,-0.001521910541,0.007066249847,1
0.01496959105,0.01830710284,-0.001613615663,0.007451656274,1
0.01496959105,0.01816393808,-0.001766785164,0.007813430391,1
0.01496959105,0.01802077517,-0.002256580628,0.008301369846,1
0.01496959105,0.0178776104,-0.001213754644,0.008528597653,1
0.01496959105,0.01773444749,-0.001592018642,0.009185777046,2
0.01496959105,0.01759128273,-0.001659906236,0.009305366315,1
0.01496959105,0.01744811796,-0.002101270715,0.008584589697,1
0.01496959105,0.01730495505,-0.002647898393,0.01046457142,1
0.01496959105,0.01716179028,-0.002444297075,0.0100415023,1
0.01496959105,0.01701862738,-0.002497862326,0.01025980152,1
0.01496959105,0.01687546261,-0.002937192796,0.01013875473,1
0.01496959105,0.01673229784,-0.002443408594,0.01002715435,2
0.01496959105,0.01658913493,-0.002132714959,0.009702504613,2
0.01496959105,0.01644597016,-0.001864356338,0.009465293959,1
0.01496959105,0.01630280726,-0.001713166363,0.009712297469,1
0.01496959105,0.01615964249,-0.002562743612,0.01049231924,1
0.01496959105,0.01601647772,-0.002837355249,0.01092592347,1
0.01496959105,0.01587331481,-0.002838202054,0.01050078589,1
0.01496959105,0.01573015004,-0.002773571759,0.01094630267,2
0.01496959105,0.01558698621,-0.002799206879,0.01055077836,1
0.01496959105,0.01544382237,-0.002419666387,0.01043853816,2
0.01496959105,0.0153006576,-0.002082649851,0.01006155461,2
0.01496959105,0.01515749376,-0.001438519452,0.01000223681,1
0.01496959105,0.01501432993,-0.001405152259,0.01018425822,1
0.01496959105,0.01487116609,-0.001792709692,0.0110160457,1
0.01496959105,0.01472800132,-0.002087520203,0.01086274441,1
0.01496959105,0.01458483748,-0.002220104681,0.01080933213,1
0.01496959105,0.01444167364,-0.002335882746,0.01128802821,1
0.01496959105,0.01429850981,-0.001927425968,0.01204900257,1
0.01496959105,0.01415534597,-0.001680777292,0.01189049054,1
0.01496959105,0.0140121812,-0.002369585447,0.01224884577,2
0.01496959105,0.01386901736,-0.002710794099,0.01244661398,1
0.01496959105,0.01372585353,-0.001757962978,0.01097787824,1
0.01496959105,0.01358268969,-0.001741077984,0.01012883801,1
0.01496959105,0.01343952492,-0.00172195083,0.01045195665,1
0.01496959105,0.01329636108,-0.001629818347,0.01102979947,1
0.01496959105,0.01315319724,-0.001585014048,0.01132340357,1
0.01496959105,0.01301003341,-0.001605946338,0.01139430236,1
0.01496959105,0.01286686864,-0.001314203604,0.01060528308,1
0.01496959105,0.0127237048,-0.001062056166,0.009984014556,1
0.01496959105,0.01258054096,-0.002066162415,0.01051705237,1
0.01496959105,0.01243737713,-0.001874581096,0.01090863254,1
0.01496959105,0.01229421329,-0.001430587261,0.01099287812,1
0.01496959105,0.01215104852,-0.001286044833,0.01063781511,1
0.01496959105,0.01200788468,-0.0006751986803,0.01034077257,1
0.01496959105,0.01186472084,-0.0007911373978,0.009823328815,1
0.01496959105,0.01172155701,-0.0007922014338,0.009546365589,1
0.01496959105,0.01157839224,-0.0005704056239,0.009521968663,2
0.01496959105,0.0114352284,-0.0006167412503,0.009672169574,1
0.01496959105,0.01129206456,-0.0008070523036,0.00988819357,1
0.01496959105,0.01114890072,-0.001020754455,0.00982139539,1
0.01496959105,0.01100573689,-0.001310623484,0.009659756906,1
0.01496959105,0.01086257212,-0.001710802549,0.009905269369,1
0.01496959105,0.01071940828,-0.00121253985,0.009942663833,2
0.01496959105,0.01057624444,-0.0009296610951,0.009901735932,1
0.01496959105,0.01043308061,-0.001106869429,0.009502279572,1
0.01496959105,0.01028991584,-0.001136172446,0.009135404602,1
0.01496959105,0.010146752,-0.0009689448634,0.008757906966,1
0.01496959105,0.01000358816,-0.0008399309008,0.008739287965,1
0.01496959105,0.009860424325,-0.0006678449572,0.008883151226,2
0.01496959105,0.009717259556,-0.0003815390519,0.008853319101,1
0.01496959105,0.009574095719,-0.0003447684285,0.008848556317,1
0.01496959105,0.009430931881,-0.0002056874946,0.00925538782,1
0.01496959105,0.009287768044,-0.0002676128352,0.007752683014,1
0.01496959105,0.009144604206,-0.0003439021821,0.00766487373,1
0.01496959105,0.009001439437,-0.0006978340098,0.00850673113,1
0.01496959105,0.0088582756,-0.0007053714944,0.008427911438,1
0.01496959105,0.008715111762,-0.0005759284832,0.008550338447,1
0.01496959105,0.008571947925,-0.0005899186945,0.008254413493,1
0.01496959105,0.008428783156,-0.0002743483928,0.008218662813,1
0.01496959105,0.008285619318,-0.000337938749,0.007605798077,1
0.01496959105,0.008142455481,-0.0004416707961,0.008146307431,1
0.01496959105,0.007999291644,-0.000759056129,0.008444837295,1
0.01496959105,0.007856126875,-0.0009574553696,0.008543901145,1
0.01496959105,0.007712963037,-0.001028705621,0.008304342628,1
0.01496959105,0.0075697992,-0.001137854531,0.008525256068,1
0.01496959105,0.007426635362,-0.001167983864,0.008932573721,1
0.01496959105,0.007283471059,-0.001004504156,0.008503043093,2
0.01496959105,0.007140307222,-0.0007516573532,0.008357834071,1
0.01496959105,0.006997142918,-0.0008714633877,0.008368181065,2
0.01496959105,0.006853979081,-0.0008318910259,0.008850121871,1
0.01496959105,0.006710814778,-0.0008381382795,0.008768299595,1
0.01496959105,0.00656765094,-0.0008707126835,0.008446102962,1
0.01496959105,0.006424486637,-0.0008198119467,0.008099659346,2
0.01496959105,0.0062813228,-0.000858884654,0.008187723346,2
0.01496959105,0.006138158496,-0.001156890066,0.008464688435,1
0.01496959105,0.005994994659,-0.0008293368737,0.006570561323,1
0.01496959105,0.005851830821,-0.001017577364,0.007624281105,1
0.01496959105,0.005708666518,-0.001193056931,0.007378549315,1
0.01496959105,0.005565502681,-0.001214409596,0.007272432093,1
0.01496959105,0.005422338378,-0.001031580148,0.007350084838,2
0.01496959105,0.00527917454,-0.0007565412088,0.007301298901,2
0.01496959105,0.005136010237,-0.000644905318,0.007049106061,2
0.01496959105,0.0049928464,-0.0007737309206,0.0061829919,1
0.01496959105,0.004849682096,-0.0003593853908,0.005424670875,2
0.01496959105,0.004706518259,-0.0001127414871,0.005172092933,1
0.01496959105,0.004563353956,-5.569739005e-05,0.006669194438,1
0.01496959105,0.004420190118,-9.070019587e-06,0.006676943041,1
0.01496959105,0.004277025815,1.373507621e-05,0.006346718874,1
0.01496959105,0.004133861978,0.0002281210036,0.006165433675,1
0.01496959105,0.00399069814,-3.160892447e-05,0.005652626511,1
0.01496959105,0.003847533837,-9.106707694e-06,0.00565776322,1
0.01496959105,0.003704369767,2.683604544e-05,0.005635636393,1
0.01496959105,0.003561205696,0.000106922118,0.005610076245,1
0.01496959105,0.003418041626,-0.0002287101379,0.005911724176,1
0.01496959105,0.003274877556,-0.0003417565022,0.006239721552,1
0.01496959105,0.003131713718,8.486853767e-05,0.006366145331,1
0.01496959105,0.002988549648,0.0003237731289,0.006588164251,1
0.01496959105,0.002845385578,0.000336258614,0.006144640967,2
0.01496959105,0.002702221507,0.0003021841985,0.006187723484,2
0.01496959105,0.002559057437,0.0005515300436,0.006515376735,1
0.01496959105,0.002415893367,2.991429756e-05,0.006608322728,1
0.01496959105,0.002272729296,0.0004411012924,0.006757699884,1
0.01496959105,0.002129565226,0.0005566074979,0.006756796502,1
0.01496959105,0.001986401156,0.000375156058,0.0062178839,1
0.01496959105,0.001843237202,0.0003536788863,0.005618278868,2
0.01496959105,0.001700073131,0.0003866166808,0.00518221315,1
0.01496959105,0.001556909061,0.0003030458756,0.005383331329,1
0.01496959105,0.001413744991,0.0002072368952,0.006003185175,1
0.01496959105,0.00127058092,-0.0004167491279,0.00564211281,1
0.01496959105,0.00112741685,3.433082748e-05,0.005130774342,1
0.01496959105,0.0009842528962,0.0004408106324,0.004942602944,1
0.01496959105,0.0008410888258,0.0001443635265,0.004310760647,1
0.01496959105,0.0006979247555,0.0001484904933,0.004380912986,1
0.01496959105,0.0005547606852,-0.0002136380062,0.004585854243,1
0.01496959105,0.000411596644,0.0005494566867,0.004762168508,1
0.01496959105,0.0002684326028,0.0004093872849,0.005248259287,1
0.01496959105,0.000125268547,0.0003231265582,0.00491263438,1
0.01511275489,0.01916608773,-0.001596907387,0.006627192255,1
0.01511275489,0.01902292296,-0.001388414064,0.006904779933,1
0.01511275489,0.01887976006,-0.001099067973,0.006915600039,1
0.01511275489,0.01873659529,-0.001219936414,0.0067901453,1
0.01511275489,0.01859343052,-0.001554356422,0.00693873642,1
0.01511275489,0.01845026761,-0.001390085672,0.007092091721,1
0.01511275489,0.01830710284,-0.001460534171,0.007587831002,1
0.01511275489,0.01816393808,-0.001487593981,0.007874925621,1
0.01511275489,0.01802077517,-0.001366765471,0.008424012922,1
0.01511275489,0.0178776104,-0.001474369434,0.008163717575,1
0.01511275489,0.01773444749,-0.001748363953,0.008707414381,1
0.01511275489,0.01759128273,-0.002020134591,0.008788812906,1
0.01511275489,0.01744811796,-0.002041929401,0.009222510271,2
0.01511275489,0.01730495505,-0.002031579614,0.01060247049,1
0.01511275489,0.01716179028,-0.002462315606,0.0112685794,1
0.01511275489,0.01701862738,-0.003259525169,0.01241910644,1
0.01511275489,0.01687546261,-0.002260080539,0.009993155487,3
0.01511275489,0.01673229784,-0.002197088208,0.009794858284,2
0.01511275489,0.01658913493,-0.001815419295,0.009632773697,1
0.01511275489,0.01644597016,-0.003068300895,0.01196843199,1
0.01511275489,0.01630280726,-0.002052824944,0.009619024582,1
0.01511275489,0.01615964249,-0.002218619687,0.01020772383,1
0.01511275489,0.01601647772,-0.00237613963,0.01104144659,1
0.01511275489,0.01587331481,-0.002391834976,0.01111554541,1
0.01511275489,0.01573015004,-0.002762015443,0.01163657662,1
0.01511275489,0.01558698621,-0.002853509272,0.01080476679,1
0.01511275489,0.01544382237,-0.002368736546,0.01045038644,1
0.01511275489,0.0153006576,-0.002510514576,0.009354985319,1
0.01511275489,0.01515749376,-0.002001954243,0.01012963429,1
0.01511275489,0.01501432993,-0.001571792178,0.01053960714,1
0.01511275489,0.01487116609,-0.001846603234,0.01189175621,1
0.01511275489,0.01472800132,-0.002171610948,0.0111289816,1
0.01511275489,0.01458483748,-0.00228839484,0.01104591973,1
0.01511275489,0.01444167364,-0.002319521969,0.01176168583,1
0.01511275489,0.01429850981,-0.002089238027,0.0115431305,1
0.01511275489,0.01415534597,-0.002160076285,0.01157841831,2
0.01511275489,0.0140121812,-0.002718799282,0.01161541045,3
0.01511275489,0.01386901736,-0.0003719678207,0.0123461904,1
0.01511275489,0.01372585353,-5.570151552e-05,0.01068670023,1
0.01511275489,0.01358268969,-0.001233041985,0.01057417877,1
0.01511275489,0.01343952492,-0.001393042505,0.01172559988,1
0.01511275489,0.01329636108,-0.001706751762,0.01091201976,1
0.01511275489,0.01315319724,-0.001717456616,0.01139972638,1
0.01511275489,0.01301003341,-0.00171765429,0.01124295779,1
0.01511275489,0.01286686864,-0.001163278823,0.01032492239,1
0.01511275489,0.0127237048,-0.00105242373,0.01004039869,1
0.01511275489,0.01258054096,-0.001416070503,0.01019941922,3
0.01511275489,0.01243737713,-0.001350305043,0.01130204927,1
0.01511275489,0.01229421329,-0.001514150063,0.01162586734,1
0.01511275489,0.01215104852,-0.001492546056,0.01074385084,1
0.01511275489,0.01200788468,-0.001032113098,0.01156716608,1
0.01511275489,0.01186472084,-0.0006930290256,0.01054645423,2
0.01511275489,0.01172155701,-0.0006996558513,0.0101458244,2
0.01511275489,0.01157839224,-0.0001438873005,0.009594929405,1
0.01511275489,0.0114352284,-0.0003698141663,0.01002228726,1
0.01511275489,0.01129206456,-0.0007986278506,0.01026591659,1
0.01511275489,0.01114890072,-0.001269859378,0.009766031988,1
0.01511275489,0.01100573689,-0.001406669384,0.01020856388,1
0.01511275489,0.01086257212,-0.001241499907,0.01005292032,2
0.01511275489,0.01071940828,-0.0009825109737,0.009982905351,2
0.01511275489,0.01057624444,-0.0006056331331,0.009853619151,2
0.01511275489,0.01043308061,-4.828895908e-05,0.009786591865,1
0.01511275489,0.01028991584,-0.0004046177201,0.009626600891,1
0.01511275489,0.010146752,-0.0007295951364,0.008957560174,1
0.01511275489,0.01000358816,-0.0009790456388,0.00890919473,1
0.01511275489,0.009860424325,-0.0006754281931,0.009033028036,2
0.01511275489,0.009717259556,-0.0005210658419,0.009015507065,1
0.01511275489,0.009574095719,-0.0004844477226,0.008970484138,1
0.01511275489,0.009430931881,-6.798699906e-05,0.009153882042,2
0.01511275489,0.009287768044,-0.0002327195543,0.008725769818,2
0.01511275489,0.009144604206,-0.0005118320114,0.008734475821,1
0.01511275489,0.009001439437,-0.0007466100506,0.008496589027,1
0.01511275489,0.0088582756,-0.0007191110053,0.008262857795,1
0.01511275489,0.008715111762,-0.0005282382481,0.008082732558,1
0.01511275489,0.008571947925,-0.0004842912313,0.007665000856,1
0.01511275489,0.008428783156,-8.465089195e-05,0.00779200485,1
0.01511275489,0.008285619318,-0.0006728603039,0.007942181081,1
0.01511275489,0.008142455481,-0.001102949958,0.008458829485,1
0.01511275489,0.007999291644,-0.0002636455465,0.008466051891,1
0.01511275489,0.007856126875,-0.0007824508939,0.00810833741,1
0.01511275489,0.007712963037,-0.001051738975,0.00819047261,1
0.01511275489,0.0075697992,-0.001306217979,0.008494860493,1
0.01511275489,0.007426635362,-0.001362149487,0.008883448318,1
0.01511275489,0.007283471059,-0.00133714336,0.00833704602,1
0.01511275489,0.007140307222,-0.0008448677254,0.007588760927,1
0.01511275489,0.006997142918,-0.0009243080858,0.008110288531,1
0.01511275489,0.006853979081,-0.000763236545,0.00936930906,1
0.01511275489,0.006710814778,-0.0006563717616,0.008709494025,2
0.01511275489,0.00656765094,-0.0005769320414,0.007875604555,1
0.01511275489,0.006424486637,-0.000696750416,0.008112327196,2
0.01511275489,0.0062813228,-0.0006821022253,0.008199615404,2
0.01511275489,0.006138158496,-0.0005932769855,0.008419909514,2
0.01511275489,0.005994994659,-0.0003885893384,0.008693796583,1
0.01511275489,0.005851830821,-0.001202118467,0.007577827666,1
0.01511275489,0.005708666518,-0.001391862752,0.007381307893,1
0.01511275489,0.005565502681,-0.001299085212,0.00747192651,1
0.01511275489,0.005422338378,-0.001404446899,0.00785415899,1
0.01511275489,0.00527917454,-0.001017665491,0.007943612523,2
0.01511275489,0.005136010237,-0.0008152422961,0.008320172317,1
0.01511275489,0.0049928464,-0.0003614015004,0.007680392824,1
0.01511275489,0.004849682096,-0.0002366222907,0.005837492645,1
0.01511275489,0.004706518259,-0.0001734335383,0.005852387752,1
0.01511275489,0.004563353956,-0.0003740696411,0.00676557282,1
0.01511275489,0.004420190118,-0.0004158652446,0.006958877668,1
0.01511275489,0.004277025815,-0.0001883808873,0.00544378208,1
0.01511275489,0.004133861978,-1.879953015e-05,0.005506711546,2
0.01511275489,0.00399069814,-0.0001006493258,0.00524734566,1
0.01511275489,0.003847533837,0.0002362597734,0.005516990088,1
0.01511275489,0.003704369767,0.000320173509,0.005322990939,1
0.01511275489,0.003561205696,0.0001349728991,0.005916190799,1
0.01511275489,0.003418041626,-0.0001430366683,0.006298415828,1
0.01511275489,0.003274877556,-0.0003474139958,0.006318755448,1
0.01511275489,0.003131713718,-3.520184691e-05,0.006225347053,1
0.01511275489,0.002988549648,0.0002256016305,0.006545054261,2
0.01511275489,0.002845385578,0.0004965873668,0.006309893914,1
0.01511275489,0.002702221507,0.0002140896831,0.006511415821,1
0.01511275489,0.002559057437,-0.0001519344805,0.00647490751,1
0.01511275489,0.002415893367,-0.0001768945076,0.006661349908,1
0.01511275489,0.002272729296,0.0004515285837,0.006968224887,1
0.01511275489,0.002129565226,0.0005329451524,0.0069416021,1
0.01511275489,0.001986401156,0.0001898061018,0.006438629702,1
0.01511275489,0.001843237202,0.0003836351098,0.006056802347,2
0.01511275489,0.001700073131,0.0002705283405,0.005464702379,1
0.01511275489,0.001556909061,0.0002826385025,0.005853464827,1
0.01511275489,0.001413744991,0.0003298273077,0.006760484539,1
0.01511275489,0.00127058092,4.688703848e-05,0.005745942239,2
0.01511275489,0.00112741685,1.823760067e-05,0.005152297206,2
0.01511275489,0.0009842528962,0.0002083455765,0.004814146087,1
0.01511275489,0.0008410888258,0.0001826847001,0.004395517986,1
0.01511275489,0.0006979247555,9.134662105e-05,0.004481999204,1
0.01511275489,0.0005547606852,9.240551299e-05,0.00473164022,2
0.01511275489,0.000411596644,0.000312516524,0.004876525141,1
0.01511275489,0.0002684326028,0.0002377375495,0.005337489303,1
0.01511275489,0.000125268547,0.0001677324472,0.005052953959,1
0.01525591966,0.01916608773,-0.001555020688,0.005743973423,1
0.01525591966,0.01902292296,-0.001148981741,0.006326698698,1
0.01525591966,0.01887976006,-0.0009841319406,0.006678845733,1
0.01525591966,0.01873659529,-0.001732042991,0.006500473712,1
0.01525591966,0.01859343052,-0.002044351539,0.007017497439,1
0.01525591966,0.01845026761,-0.001235809643,0.006535706576,1
0.01525591966,0.01830710284,-0.001498308615,0.006984598469,1
0.01525591966,0.01816393808,-0.001412526122,0.007451987825,2
0.01525591966,0.01802077517,-0.001594550675,0.007437650114,1
0.01525591966,0.0178776104,-0.001515663695,0.007945233025,1
0.01525591966,0.01773444749,-0.001661925693,0.008498831652,1
0.01525591966,0.01759128273,-0.002015559003,0.008768144064,1
0.01525591966,0.01744811796,-0.002014732454,0.008914168924,2
0.01525591966,0.01730495505,-0.002074734773,0.009368467145,2
0.01525591966,0.01716179028,-0.002046453767,0.01011046674,2
0.01525591966,0.01701862738,-0.00231859507,0.01037403662,2
0.01525591966,0.01687546261,-0.002245839685,0.009721389972,2
0.01525591966,0.01673229784,-0.002269444289,0.009526348673,2
0.01525591966,0.01658913493,-0.002328374656,0.009706693701,1
0.01525591966,0.01644597016,-0.002088300185,0.01177652925,1
0.01525591966,0.01630280726,-0.002542752773,0.01185922977,1
0.01525591966,0.01615964249,-0.002630987437,0.01230436005,1
0.01525591966,0.01601647772,-0.002459619194,0.01138900314,2
0.01525591966,0.01587331481,-0.002368650399,0.01102525927,1
0.01525591966,0.01573015004,-0.002630451694,0.01174344402,1
0.01525591966,0.01558698621,-0.002463029232,0.01095437631,1
0.01525591966,0.01544382237,-0.00262572919,0.01055382472,1
0.01525591966,0.0153006576,-0.002547108801,0.01087461691,1
0.01525591966,0.01515749376,-0.00231673033,0.01079314761,1
0.01525591966,0.01501432993,-0.001946880831,0.01094802748,2
0.01525591966,0.01487116609,-0.001724891015,0.01152864192,1
0.01525591966,0.01472800132,-0.002106413012,0.01133671496,2
0.01525591966,0.01458483748,-0.002607631264,0.01125647686,1
0.01525591966,0.01444167364,-0.002143468708,0.01083986927,1
0.01525591966,0.01429850981,-0.002186419209,0.01109944936,1
0.01525591966,0.01415534597,-0.002151490655,0.01126464177,1
0.01525591966,0.0140121812,-0.001939799287,0.01131012384,2
0.01525591966,0.01386901736,-0.001260028337,0.01138272509,2
0.01525591966,0.01372585353,-0.000958965742,0.01088420302,2
0.01525591966,0.01358268969,-0.001205383684,0.01074688602,2
0.01525591966,0.01343952492,-0.001407569391,0.01108106133,2
0.01525591966,0.01329636108,-0.001663680421,0.01117674168,2
0.01525591966,0.01315319724,-0.001822281396,0.011163936,2
0.01525591966,0.01301003341,-0.001876748051,0.01167297736,1
0.01525591966,0.01286686864,-0.001722077141,0.01169326715,1
0.01525591966,0.0127237048,-0.001334530534,0.01073101442,2
0.01525591966,0.01258054096,-0.001357733156,0.0108556794,2
0.01525591966,0.01243737713,-0.001283015357,0.0113913035,1
0.01525591966,0.01229421329,-0.001451751916,0.01156583615,1
0.01525591966,0.01215104852,-0.00105304108,0.01101881173,1
0.01525591966,0.01200788468,-0.0007144647534,0.01045485027,1
0.01525591966,0.01186472084,-0.000249209872,0.0106494939,1
0.01525591966,0.01172155701,-0.001169505413,0.01089555211,1
0.01525591966,0.01157839224,-0.0006984246429,0.01042289939,1
0.01525591966,0.0114352284,-0.0005275061703,0.01027875952,1
0.01525591966,0.01129206456,-0.0007369407685,0.01011287794,1
0.01525591966,0.01114890072,-0.0009478167049,0.009700662456,1
0.01525591966,0.01100573689,-0.0007258332917,0.009576304816,1
0.01525591966,0.01086257212,-0.0008660169551,0.01011493895,1
0.01525591966,0.01071940828,-0.0008703711792,0.01008241996,1
0.01525591966,0.01057624444,-0.0004620714462,0.009743244387,2
0.01525591966,0.01043308061,-0.0001638720569,0.009942602366,1
0.01525591966,0.01028991584,-0.0003106765507,0.009653820656,2
0.01525591966,0.010146752,-0.000423480582,0.009635875002,1
0.01525591966,0.01000358816,-0.0006477402057,0.009532859549,1
0.01525591966,0.009860424325,-0.0005337563343,0.009324256331,1
0.01525591966,0.009717259556,-0.0006147952517,0.009315005504,1
0.01525591966,0.009574095719,-0.0004934045719,0.009250571951,1
0.01525591966,0.009430931881,0.0006509067607,0.009663884528,1
0.01525591966,0.009287768044,-8.344633534e-05,0.009262040257,2
0.01525591966,0.009144604206,-0.0006412249058,0.009267582558,1
0.01525591966,0.009001439437,-0.0007024265942,0.008977740072,1
0.01525591966,0.0088582756,-0.0007780700107,0.008662021719,1
0.01525591966,0.008715111762,-0.000585839618,0.008347583935,2
0.01525591966,0.008571947925,-0.0004966807901,0.007910749875,2
0.01525591966,0.008428783156,-0.0007172061596,0.008323269896,1
0.01525591966,0.008285619318,-0.001013793051,0.009035042487,1
0.01525591966,0.008142455481,-0.001180954161,0.009003655054,1
0.01525591966,0.007999291644,-0.0008062318084,0.009409567341,1
0.01525591966,0.007856126875,-0.0008717839373,0.008167635649,2
0.01525591966,0.007712963037,-0.001038505812,0.00813927222,2
0.01525591966,0.0075697992,-0.00119031209,0.008358304389,1
0.01525591966,0.007426635362,-0.001270961249,0.008289572783,1
0.01525591966,0.007283471059,-0.0009751960752,0.008211882785,1
0.01525591966,0.007140307222,-0.0005764267407,0.008582220413,3
0.01525591966,0.006997142918,-0.001033155248,0.008212647401,1
0.01525591966,0.006853979081,-0.0009612402064,0.008155788295,1
0.01525591966,0.006710814778,-0.0004471801221,0.00882476382,1
0.01525591966,0.00656765094,-0.0006401084829,0.008547444828,2
0.01525591966,0.006424486637,-0.000708155625,0.008274428546,2
0.01525591966,0.0062813228,-0.0005794967874,0.008078500628,2
0.01525591966,0.006138158496,-0.0001455263264,0.008321537636,1
0.01525591966,0.005994994659,-0.000116108924,0.008177778684,1
0.01525591966,0.005851830821,-0.0008460665704,0.007733339444,2
0.01525591966,0.005708666518,-0.001244083396,0.007455598563,1
0.01525591966,0.005565502681,-0.001248855959,0.007687679026,1
0.01525591966,0.005422338378,-0.001440968947,0.007872103713,1
0.01525591966,0.00527917454,-0.001094431849,0.008298820816,2
0.01525591966,0.005136010237,-0.0009670456056,0.008728373796,1
0.01525591966,0.0049928464,-0.0004389090172,0.008071723394,1
0.01525591966,0.004849682096,-0.0003596537863,0.006259795278,1
0.01525591966,0.004706518259,-0.0002704398066,0.006239427254,1
0.01525591966,0.004563353956,-0.0006577682798,0.007304131985,1
0.01525591966,0.004420190118,-0.0004432381829,0.007058820687,2
0.01525591966,0.004277025815,-0.0001945402764,0.005717807449,1
0.01525591966,0.004133861978,-1.428891665e-05,0.00517028477,1
0.01525591966,0.00399069814,-0.0002496817615,0.006828869693,1
0.01525591966,0.003847533837,1.748841169e-05,0.006550407503,1
0.01525591966,0.003704369767,0.0001458271581,0.006319220643,2
0.01525591966,0.003561205696,-9.864213644e-05,0.006346351467,1
0.01525591966,0.003418041626,0.0002911033225,0.006670568138,1
0.01525591966,0.003274877556,0.0001520862716,0.006275866646,1
0.01525591966,0.003131713718,0.0001299764408,0.006436571013,1
0.01525591966,0.002988549648,0.0001172478951,0.007056811359,1
0.01525591966,0.002845385578,9.71313857e-05,0.006457822397,1
0.01525591966,0.002702221507,0.0002462744596,0.006650829688,1
0.01525591966,0.002559057437,-0.0001183540444,0.006552027073,1
0.01525591966,0.002415893367,4.41717857e-05,0.006549156271,1
0.01525591966,0.002272729296,9.795581718e-05,0.006569610909,2
0.01525591966,0.002129565226,0.0002136012918,0.006437510252,1
0.01525591966,0.001986401156,0.0002682777995,0.006181117613,1
0.01525591966,0.001843237202,0.0007205271977,0.006705599371,1
0.01525591966,0.001700073131,0.0001023043442,0.007066030055,1
0.01525591966,0.001556909061,0.0002137867996,0.00643094629,1
0.01525591966,0.001413744991,0.000442865392,0.004987365101,1
0.01525591966,0.00127058092,0.0002562323934,0.005428873934,2
0.01525591966,0.00112741685,-0.0002166130434,0.004918324761,1
0.01525591966,0.0009842528962,0.0003642644442,0.005648022983,1
0.01525591966,0.0008410888258,0.0004678136029,0.005515845492,1
0.01525591966,0.0006979247555,0.0003036411072,0.004412338138,1
0.01525591966,0.0005547606852,0.0001793968986,0.004982180893,1
0.01525591966,0.000411596644,6.811702042e-05,0.005312107038,1
0.01525591966,0.0002684326028,0.0001165467038,0.005551286507,2
0.01525591966,0.000125268547,-4.386034925e-05,0.006331666373,1
0.0153990835,0.01916608773,-0.001006420818,0.005646575708,2
0.0153990835,0.01902292296,-0.0007648692699,0.005858819932,2
0.0153990835,0.01887976006,-0.0003855283139,0.0057456512,1
0.0153990835,0.01873659529,-0.0006270484882,0.006181165576,1
0.0153990835,0.01859343052,-0.0009362249984,0.007129734382,1
0.0153990835,0.01845026761,-0.00114453584,0.006397878285,1
0.0153990835,0.01830710284,-0.001254461007,0.00663436437,1
0.0153990835,0.01816393808,-0.001069651102,0.007510778029,1
0.0153990835,0.01802077517,-0.001369211241,0.007745447103,1
0.0153990835,0.0178776104,-0.001548856148,0.007990512997,1
0.0153990835,0.01773444749,-0.001730068005,0.008394737728,1
0.0153990835,0.01759128273,-0.001805919223,0.008358626626,2
0.0153990835,0.01744811796,-0.001926706522,0.008297553286,2
0.0153990835,0.01730495505,-0.00220617326,0.007846764289,1
0.0153990835,0.01716179028,-0.0013301695,0.009430781938,1
0.0153990835,0.01701862738,-0.001722560963,0.00924518425,1
0.0153990835,0.01687546261,-0.002135239309,0.008992019109,1
0.0153990835,0.01673229784,-0.002306474606,0.008882454596,1
0.0153990835,0.01658913493,-0.002403218299,0.01204343513,1
0.0153990835,0.01644597016,-0.002535680542,0.01102083921,1
0.0153990835,0.01630280726,-0.002592027886,0.01149830408,1
0.0153990835,0.01615964249,-0.002625096124,0.01182558667,1
0.0153990835,0.01601647772,-0.002462699544,0.01118494477,2
0.0153990835,0.01587331481,-0.002364257816,0.01097905543,2
0.0153990835,0.01573015004,-0.002353185089,0.01092644408,1
0.0153990835,0.01558698621,-0.002334600547,0.01075620949,1
0.0153990835,0.01544382237,-0.002526485361,0.01044272818,1
0.0153990835,0.0153006576,-0.002421980258,0.01086925063,1
0.0153990835,0.01515749376,-0.002296997234,0.0108354399,1
0.0153990835,0.01501432993,-0.002174110152,0.0109307114,2
0.0153990835,0.01487116609,-0.002013167599,0.01127139013,2
0.0153990835,0.01472800132,-0.001921519171,0.01143275853,1
0.0153990835,0.01458483748,-0.002308945637,0.01124820858,1
0.0153990835,0.01444167364,-0.002087024041,0.01074013487,1
0.0153990835,0.01429850981,-0.002199543873,0.01092150621,1
0.0153990835,0.01415534597,-0.002123337938,0.01103184,1
0.0153990835,0.0140121812,-0.001628879225,0.01097771712,1
0.0153990835,0.01386901736,-0.001769380528,0.01099038124,1
0.0153990835,0.01372585353,-0.001314749126,0.01072050072,2
0.0153990835,0.01358268969,-0.001221957617,0.01044810191,2
0.0153990835,0.01343952492,-0.00136817107,0.01067501958,2
0.0153990835,0.01329636108,-0.001718119136,0.01154994685,2
0.0153990835,0.01315319724,-0.002031240612,0.01040629856,1
0.0153990835,0.01301003341,-0.001701430883,0.01102824323,1
0.0153990835,0.01286686864,-0.001445629634,0.01123073883,1
0.0153990835,0.0127237048,-0.001205887762,0.01033471338,1
0.0153990835,0.01258054096,-0.001397316693,0.01110097766,1
0.0153990835,0.01243737713,-0.001382722519,0.01154801156,2
0.0153990835,0.01229421329,-0.001200765721,0.01142799389,2
0.0153990835,0.01215104852,-0.0009609842091,0.01182751358,1
0.0153990835,0.01200788468,-0.001138349762,0.0101905046,1
0.0153990835,0.01186472084,-0.001395893982,0.01027136389,1
0.0153990835,0.01172155701,-0.001436970429,0.01059196424,1
0.0153990835,0.01157839224,-0.001423100242,0.01067794859,1
0.0153990835,0.0114352284,-0.001050996943,0.01065287646,1
0.0153990835,0.01129206456,-0.0007055299357,0.01011072006,1
0.0153990835,0.01114890072,-0.0004415288277,0.009533242323,1
0.0153990835,0.01100573689,-0.0007204365102,0.00951343216,1
0.0153990835,0.01086257212,-0.0009282209794,0.01007077191,1
0.0153990835,0.01071940828,-0.0006848943885,0.01004199218,1
0.0153990835,0.01057624444,-0.0002084094594,0.009094333276,1
0.0153990835,0.01043308061,-0.0001561060926,0.00932901632,1
0.0153990835,0.01028991584,-0.0002507358731,0.009410204366,1
0.0153990835,0.010146752,-0.0006525064819,0.009350897744,1
0.0153990835,0.01000358816,-0.0009585207445,0.009639360011,1
0.0153990835,0.009860424325,-0.0007619201206,0.009536814876,1
0.0153990835,0.009717259556,-0.0007182038389,0.00949086342,1
0.0153990835,0.009574095719,-0.0007220034022,0.009478628635,1
0.0153990835,0.009430931881,-0.00155871734,0.009471307509,1
0.0153990835,0.009287768044,-0.0001107476492,0.009390921332,1
0.0153990835,0.009144604206,-0.0001456791942,0.00959529262,1
0.0153990835,0.009001439437,-0.0004913258017,0.009422136471,2
0.0153990835,0.0088582756,-0.0005786134861,0.009274080396,2
0.0153990835,0.008715111762,-0.0005403693067,0.008734831586,2
0.0153990835,0.008571947925,-0.0001993861224,0.007307146676,1
0.0153990835,0.008428783156,-0.0008702142513,0.009745109826,1
0.0153990835,0.008285619318,-0.0009164931835,0.01009086613,1
0.0153990835,0.008142455481,-0.0004267863405,0.009876682423,1
0.0153990835,0.007999291644,-0.0003939733724,0.009485276416,1
0.0153990835,0.007856126875,-0.0008599471767,0.007013365626,1
0.0153990835,0.007712963037,-0.001040188479,0.007840678096,2
0.0153990835,0.0075697992,-0.001288591535,0.008167029358,1
0.0153990835,0.007426635362,-0.001380738569,0.008239866234,1
0.0153990835,0.007283471059,-0.001008395688,0.008183519356,1
0.0153990835,0.007140307222,-0.001406687312,0.008498919196,1
0.0153990835,0.006997142918,-0.001347298734,0.007718687411,1
0.0153990835,0.006853979081,-0.001417580759,0.008298765868,2
0.0153990835,0.006710814778,-0.0009714835323,0.008728583343,2
0.0153990835,0.00656765094,-0.0008281663759,0.009214983322,1
0.0153990835,0.006424486637,-0.0009162665228,0.008359441534,1
0.0153990835,0.0062813228,-0.0007822031621,0.00751841953,1
0.0153990835,0.006138158496,-0.0006102952175,0.008186721243,1
0.0153990835,0.005994994659,-0.0002379518264,0.007451090496,1
0.0153990835,0.005851830821,-0.0008219556184,0.007722152397,2
0.0153990835,0.005708666518,-0.001271340065,0.007890566252,1
0.0153990835,0.005565502681,-0.001269649714,0.00817852281,1
0.0153990835,0.005422338378,-0.001152202021,0.008272648789,1
0.0153990835,0.00527917454,-0.0009520472959,0.0086511923,2
0.0153990835,0.005136010237,-0.0007047254476,0.008935801685,2
0.0153990835,0.0049928464,-0.0006151201087,0.008449631743,2
0.0153990835,0.004849682096,-0.0009722789982,0.007491502445,1
0.0153990835,0.004706518259,-0.00050259626,0.007772371639,1
0.0153990835,0.004563353956,-0.0004597987281,0.007934899069,1
0.0153990835,0.004420190118,-0.0005047788727,0.008254465647,1
0.0153990835,0.004277025815,-0.0001647952304,0.006423128303,1
0.0153990835,0.004133861978,0.0001363336632,0.005515559576,1
0.0153990835,0.00399069814,-7.302581798e-05,0.007142906543,1
0.0153990835,0.003847533837,0.0003158035397,0.00716420915,1
0.0153990835,0.003704369767,0.0003442888265,0.007057132199,1
0.0153990835,0.003561205696,-0.0003625205136,0.00688909879,1
0.0153990835,0.003418041626,0.0003387568868,0.006951854564,1
0.0153990835,0.003274877556,0.0002104547166,0.006581238471,1
0.0153990835,0.003131713718,-1.578882257e-05,0.006624254398,1
0.0153990835,0.002988549648,-0.0005217356374,0.006817939226,1
0.0153990835,0.002845385578,-0.0006273228209,0.006802881137,1
0.0153990835,0.002702221507,0.0001186685404,0.006402703933,1
0.0153990835,0.002559057437,0.0004331177624,0.006239507347,1
0.0153990835,0.002415893367,1.877283466e-06,0.006403730717,1
0.0153990835,0.002272729296,-0.0003174783778,0.006323553156,1
0.0153990835,0.002129565226,-7.142051618e-05,0.006480473094,1
0.0153990835,0.001986401156,-0.0002557699627,0.006412059534,1
0.0153990835,0.001843237202,-0.0002909853938,0.006395156495,1
0.0153990835,0.001700073131,-2.776063866e-06,0.006641026586,2
0.0153990835,0.001556909061,0.0001873228757,0.006372014061,2
0.0153990835,0.001413744991,0.0004147439322,0.005983111449,2
0.0153990835,0.00127058092,0.0007517901249,0.006063865032,1
0.0153990835,0.00112741685,0.0004922015942,0.00644383207,1
0.0153990835,0.0009842528962,0.0003282408288,0.006642589346,1
0.0153990835,0.0008410888258,0.0004537854693,0.00707017025,1
0.0153990835,0.0006979247555,0.0002230521204,0.005890459754,1
0.0153990835,0.0005547606852,-0.0002054260258,0.004447549116,1
0.0153990835,0.000411596644,0.000298329076,0.005314170383,1
0.0153990835,0.0002684326028,0.0002041925909,0.005223885179,1
0.0153990835,0.000125268547,-0.0003033225948,0.004561998416,1
0.01554224733,0.01916608773,-0.0006993724965,0.005336934701,1
0.01554224733,0.01902292296,-0.0005185462651,0.005716354121,2
0.01554224733,0.01887976006,-0.0004808615777,0.00577797927,1
0.01554224733,0.01873659529,-0.0007334333495,0.006183584221,1
0.01554224733,0.01859343052,-0.0008520717965,0.00662753731,1
0.01554224733,0.01845026761,-0.001011964865,0.00632964028,1
0.01554224733,0.01830710284,-0.001085164142,0.007018589415,1
0.01554224733,0.01816393808,-0.0007719346904,0.007445053197,1
0.01554224733,0.01802077517,-0.001281728502,0.00807683263,1
0.01554224733,0.0178776104,-0.001484578592,0.008168451488,1
0.01554224733,0.01773444749,-0.001542415121,0.007956110872,1
0.01554224733,0.01759128273,-0.001551343477,0.007974071428,2
0.01554224733,0.01744811796,-0.001680001384,0.008070651442,2
0.01554224733,0.01730495505,-0.00171335449,0.008416522294,2
0.01554224733,0.01716179028,-0.001342434669,0.009287122637,1
0.01554224733,0.01701862738,-0.001665948541,0.009034520946,1
0.01554224733,0.01687546261,-0.002015054924,0.008761828765,1
0.01554224733,0.01673229784,-0.002231723862,0.008719080128,1
0.01554224733,0.01658913493,-0.002380477963,0.01013761014,2
0.01554224733,0.01644597016,-0.0027492058,0.01086305548,1
0.01554224733,0.01630280726,-0.002678095363,0.009221648797,1
0.01554224733,0.01615964249,-0.002519032918,0.01030335575,2
0.01554224733,0.01601647772,-0.002401824342,0.01054613572,2
0.01554224733,0.01587331481,-0.002272497397,0.01077957172,1
0.01554224733,0.01573015004,-0.002312752651,0.01059247367,1
0.01554224733,0.01558698621,-0.002288744552,0.01040794235,1
0.01554224733,0.01544382237,-0.002393954201,0.01068483293,2
0.01554224733,0.0153006576,-0.002405646024,0.01120076329,2
0.01554224733,0.01515749376,-0.002371401992,0.0115564568,1
0.01554224733,0.01501432993,-0.002439395059,0.01066798624,3
0.01554224733,0.01487116609,-0.002232149942,0.01119344961,1
0.01554224733,0.01472800132,-0.00245969533,0.01117593981,2
0.01554224733,0.01458483748,-0.003246822394,0.01123530138,1
0.01554224733,0.01444167364,-0.002298081061,0.01083201077,2
0.01554224733,0.01429850981,-0.001624333905,0.01073625218,1
0.01554224733,0.01415534597,-0.001787279383,0.01106996834,1
0.01554224733,0.0140121812,-0.001901516458,0.01115168072,1
0.01554224733,0.01386901736,-0.001889295178,0.01144548226,1
0.01554224733,0.01372585353,-0.001308692968,0.01055931672,2
0.01554224733,0.01358268969,-0.0009995263536,0.00964999944,1
0.01554224733,0.01343952492,-0.001125038252,0.009620967321,1
0.01554224733,0.01329636108,-0.001809384325,0.01394172758,1
0.01554224733,0.01315319724,-0.001910390332,0.01094276365,1
0.01554224733,0.01301003341,-0.001576195471,0.01113922987,1
0.01554224733,0.01286686864,-0.00152339437,0.01251551136,1
0.01554224733,0.0127237048,-0.001372632803,0.01104929857,1
0.01554224733,0.01258054096,-0.001476456877,0.01127528958,1
0.01554224733,0.01243737713,-0.001649792655,0.01227177121,1
0.01554224733,0.01229421329,-0.001007604296,0.01077061612,1
0.01554224733,0.01215104852,-0.001149815856,0.01037987694,1
0.01554224733,0.01200788468,-0.00125771109,0.01030648127,1
0.01554224733,0.01186472084,-0.001601294149,0.01044198032,1
0.01554224733,0.01172155701,-0.001874834299,0.0105145881,1
0.01554224733,0.01157839224,-0.001511913259,0.01060334966,2
0.01554224733,0.0114352284,-0.001239188947,0.01060907636,2
0.01554224733,0.01129206456,-0.001221908373,0.01095895655,1
0.01554224733,0.01114890072,-0.0007581204991,0.009890766814,2
0.01554224733,0.01100573689,-0.0004997589858,0.009486678056,2
0.01554224733,0.01086257212,0.0004336539423,0.00956214685,1
0.01554224733,0.01071940828,2.520955968e-05,0.009708560072,1
0.01554224733,0.01057624444,0.0005164762842,0.009481404908,1
0.01554224733,0.01043308061,0.0001179126266,0.009214217775,1
0.01554224733,0.01028991584,-0.0001063619493,0.009731216356,1
0.01554224733,0.010146752,-0.00067043124,0.009468806908,1
0.01554224733,0.01000358816,-0.001055462984,0.009748397395,1
0.01554224733,0.009860424325,-0.0007237577229,0.009647826664,2
0.01554224733,0.009717259556,-0.0009805517038,0.009733200073,2
0.01554224733,0.009574095719,-0.001786642009,0.01009547897,1
0.01554224733,0.009430931881,-0.001278029406,0.009742196649,2
0.01554224733,0.009287768044,-0.0006928575458,0.009551794268,2
0.01554224733,0.009144604206,-0.0005031632027,0.009558847174,2
0.01554224733,0.009001439437,-0.0005385839613,0.009841432795,1
0.01554224733,0.0088582756,-0.0005046888837,0.01027732901,1
0.01554224733,0.008715111762,-0.0007976381457,0.01001051627,1
0.01554224733,0.008571947925,-0.0006931865355,0.008498545736,3
0.01554224733,0.008428783156,-0.001060529496,0.009221354499,2
0.01554224733,0.008285619318,-0.0007631455082,0.009217069484,3
0.01554224733,0.008142455481,-0.0008388784481,0.01041971985,1
0.01554224733,0.007999291644,-0.0008070436888,0.009571293369,1
0.01554224733,0.007856126875,-0.0006159712211,0.007263649255,1
0.01554224733,0.007712963037,-0.0009737096261,0.008043044247,2
0.01554224733,0.0075697992,-0.001130848192,0.008795839734,1
0.01554224733,0.007426635362,-0.001275937189,0.009331988171,1
0.01554224733,0.007283471059,-0.001454634592,0.009448546916,1
0.01554224733,0.007140307222,-0.001381192473,0.009194280952,1
0.01554224733,0.006997142918,-0.001685311669,0.008691505529,2
0.01554224733,0.006853979081,-0.002390300622,0.008592003956,1
0.01554224733,0.006710814778,-0.001193006872,0.008575821295,1
0.01554224733,0.00656765094,-0.00112192682,0.009021258913,1
0.01554224733,0.006424486637,-0.001328189159,0.008972918615,1
0.01554224733,0.0062813228,-0.001462901826,0.008811869659,1
0.01554224733,0.006138158496,-0.001182308653,0.00809661299,1
0.01554224733,0.005994994659,-0.000907837355,0.007892261259,2
0.01554224733,0.005851830821,-0.0009324639104,0.00781361293,2
0.01554224733,0.005708666518,-0.001245238353,0.008052546531,1
0.01554224733,0.005565502681,-0.001375978114,0.008279228583,1
0.01554224733,0.005422338378,-0.001179114101,0.008696036413,1
0.01554224733,0.00527917454,-0.0008568299818,0.00909749791,2
0.01554224733,0.005136010237,-0.0002846885473,0.009914008901,1
0.01554224733,0.0049928464,-0.0003445671173,0.009299499914,1
0.01554224733,0.004849682096,-0.0006614819285,0.008588953875,1
0.01554224733,0.004706518259,-0.0003141616762,0.008587103337,1
0.01554224733,0.004563353956,-0.0003476203419,0.008621728048,1
0.01554224733,0.004420190118,-0.0005893064081,0.008701701649,1
0.01554224733,0.004277025815,-0.0005480321706,0.008653244004,1
0.01554224733,0.004133861978,-0.0001647838362,0.007164269686,2
0.01554224733,0.00399069814,0.0001270286884,0.007060468663,1
0.01554224733,0.003847533837,0.0003421598813,0.007685644552,1
0.01554224733,0.003704369767,9.458788554e-05,0.00790531002,1
0.01554224733,0.003561205696,-0.0003616208851,0.007447841577,1
0.01554224733,0.003418041626,0.0004201508709,0.007537932135,1
0.01554224733,0.003274877556,-6.261170347e-05,0.007010906003,1
0.01554224733,0.003131713718,-0.0002590312506,0.007043615915,1
0.01554224733,0.002988549648,-0.0005085879238,0.007385409903,1
0.01554224733,0.002845385578,-0.0007252235664,0.007228193805,1
0.01554224733,0.002702221507,0.0009492803365,0.006691418588,1
0.01554224733,0.002559057437,0.001224303618,0.006528795231,1
0.01554224733,0.002415893367,6.392909563e-05,0.006483850069,1
0.01554224733,0.002272729296,-0.0003371495986,0.006410600618,1
0.01554224733,0.002129565226,-0.0005795005709,0.00664431043,1
0.01554224733,0.001986401156,-0.00057936128,0.006372963078,1
0.01554224733,0.001843237202,-0.0003593303263,0.006517766509,1
0.01554224733,0.001700073131,-9.746087017e-06,0.006730904803,1
0.01554224733,0.001556909061,0.00012353684,0.006432972383,1
0.01554224733,0.001413744991,0.0002769973653,0.006509201601,1
0.01554224733,0.00127058092,0.0003148279211,0.006251087878,2
0.01554224733,0.00112741685,0.0001802055194,0.005886368919,1
0.01554224733,0.0009842528962,0.0004364868219,0.006409035064,1
0.01554224733,0.0008410888258,0.0003357976093,0.006540466566,2
0.01554224733,0.0006979247555,0.0002152181842,0.006281996146,1
0.01554224733,0.0005547606852,5.563649756e-05,0.005588781089,2
0.01554224733,0.000411596644,0.0003655563632,0.005432770588,1
0.01554224733,0.0002684326028,0.0001974458573,0.005675812252,1
0.01554224733,0.000125268547,-0.0003596678143,0.006006840151,1
0.01568541117,0.01916608773,-0.0006438541459,0.00535648223,1
0.01568541117,0.01902292296,-0.0001290816435,0.005891681649,1
0.01568541117,0.01887976006,-0.0007213050267,0.006165584084,1
0.01568541117,0.01873659529,-0.001124779228,0.006219916511,1
0.01568541117,0.01859343052,-0.0008859954542,0.006123358384,1
0.01568541117,0.01845026761,-0.001144323731,0.006325514056,1
0.01568541117,0.01830710284,-0.001388485311,0.007054256275,1
0.01568541117,0.01816393808,-0.001087988028,0.007190645672,2
0.01568541117,0.01802077517,-0.001110195066,0.007418489549,2
0.01568541117,0.0178776104,-0.001039709779,0.007510765921,2
0.01568541117,0.01773444749,-0.0005824216059,0.007597563323,1
0.01568541117,0.01759128273,-0.001177038415,0.007510894444,2
0.01568541117,0.01744811796,-0.001528600813,0.007594460156,2
0.01568541117,0.01730495505,-0.00162480853,0.008461550809,1
0.01568541117,0.01716179028,-0.001804230851,0.009700354189,1
0.01568541117,0.01701862738,-0.001866737497,0.009595261887,1
0.01568541117,0.01687546261,-0.001930985716,0.009076350369,2
0.01568541117,0.01673229784,-0.001973880688,0.008710394613,1
0.01568541117,0.01658913493,-0.002137764124,0.008924871683,1
0.01568541117,0.01644597016,-0.002436348237,0.009456370957,2
0.01568541117,0.01630280726,-0.002446813742,0.00926318299,2
0.01568541117,0.01615964249,-0.002371116076,0.009620051831,2
0.01568541117,0.01601647772,-0.002353067975,0.009916669689,2
0.01568541117,0.01587331481,-0.002299088752,0.009917842224,1
0.01568541117,0.01573015004,-0.002345711924,0.01024284959,1
0.01568541117,0.01558698621,-0.002213549102,0.01021478977,1
0.01568541117,0.01544382237,-0.002354940865,0.01068789791,2
0.01568541117,0.0153006576,-0.002435247879,0.01169251185,1
0.01568541117,0.01515749376,-0.001954425126,0.01009500306,1
0.01568541117,0.01501432993,-0.002034820151,0.01026739739,1
0.01568541117,0.01487116609,-0.002236538799,0.01082488149,1
0.01568541117,0.01472800132,-0.002438290277,0.0108422488,2
0.01568541117,0.01458483748,-0.002694075229,0.010794417,1
0.01568541117,0.01444167364,-0.002234143671,0.01061635464,2
0.01568541117,0.01429850981,-0.001748632058,0.01044122968,1
0.01568541117,0.01415534597,-0.001690392732,0.01097525004,1
0.01568541117,0.0140121812,-0.001804985572,0.01153587364,1
0.01568541117,0.01386901736,-0.0008795220638,0.01074448507,1
0.01568541117,0.01372585353,-0.001031201216,0.01042128541,2
0.01568541117,0.01358268969,-0.0009825052693,0.009966403246,1
0.01568541117,0.01343952492,-0.001075200154,0.009991641156,1
0.01568541117,0.01329636108,-0.00146895228,0.01145213749,2
0.01568541117,0.01315319724,-0.00154214038,0.01117644645,2
0.01568541117,0.01301003341,-0.001385309151,0.01139855478,1
0.01568541117,0.01286686864,-0.001440076041,0.01143312827,2
0.01568541117,0.0127237048,-0.001377195818,0.01161553431,1
0.01568541117,0.01258054096,-0.001322944416,0.011183911,2
0.01568541117,0.01243737713,-0.001065315562,0.01079758815,1
0.01568541117,0.01229421329,-0.001098260633,0.01012457814,1
0.01568541117,0.01215104852,-0.001194843673,0.01022954285,1
0.01568541117,0.01200788468,-0.001207515248,0.01040228084,1
0.01568541117,0.01186472084,-0.001382444054,0.01087670587,1
0.01568541117,0.01172155701,-0.001598616014,0.01075396035,1
0.01568541117,0.01157839224,-0.001510529779,0.0106117893,1
0.01568541117,0.0114352284,-0.001171937212,0.0102211209,2
0.01568541117,0.01129206456,-0.0007899850025,0.009694764391,1
0.01568541117,0.01114890072,-0.0008692859556,0.009584190324,2
0.01568541117,0.01100573689,-0.0009541328764,0.008980369195,1
0.01568541117,0.01086257212,-0.0002261000045,0.009537025355,1
0.01568541117,0.01071940828,-0.0005027768784,0.01003247406,1
0.01568541117,0.01057624444,-0.0004255033564,0.01025265362,1
0.01568541117,0.01043308061,-0.0001095626649,0.009377332404,1
0.01568541117,0.01028991584,-0.0005811494193,0.01077404339,1
0.01568541117,0.010146752,-0.001097516157,0.01045673341,1
0.01568541117,0.01000358816,-0.001430415083,0.01011359133,1
0.01568541117,0.009860424325,-9.709599544e-05,0.00957289245,1
0.01568541117,0.009717259556,-0.0006936033606,0.009698630311,1
0.01568541117,0.009574095719,-0.00105239288,0.009893300012,1
0.01568541117,0.009430931881,-0.00107390061,0.009850204922,2
0.01568541117,0.009287768044,-0.0008794899331,0.009515210055,1
0.01568541117,0.009144604206,-0.0006355321384,0.009246871807,1
0.01568541117,0.009001439437,-0.0007824036875,0.009964490309,1
0.01568541117,0.0088582756,-0.0006489499356,0.01014752779,2
0.01568541117,0.008715111762,-0.0007935260073,0.0101957852,1
0.01568541117,0.008571947925,-0.001138980035,0.009216253646,2
0.01568541117,0.008428783156,-0.001915571513,0.009424694814,1
0.01568541117,0.008285619318,-0.001313679852,0.009042568505,2
0.01568541117,0.008142455481,-0.001035772613,0.009199923836,2
0.01568541117,0.007999291644,-0.0008622711757,0.008752725087,2
0.01568541117,0.007856126875,-0.0009486193303,0.007671718951,1
0.01568541117,0.007712963037,-0.001107830554,0.008272009902,2
0.01568541117,0.0075697992,-0.00102793565,0.008588599041,1
0.01568541117,0.007426635362,-0.001114259823,0.008702358231,1
0.01568541117,0.007283471059,-0.001388509758,0.009963831864,1
0.01568541117,0.007140307222,-0.001509050257,0.00992054306,1
0.01568541117,0.006997142918,-0.001622455078,0.009261050262,2
0.01568541117,0.006853979081,-0.00184853666,0.008888999,1
0.01568541117,0.006710814778,-0.001593836001,0.009157688357,1
0.01568541117,0.00656765094,-0.001454458456,0.00914251525,1
0.01568541117,0.006424486637,-0.001743051689,0.009458582848,1
0.01568541117,0.0062813228,-0.001516380813,0.008906271309,2
0.01568541117,0.006138158496,-0.001383971772,0.008300424553,1
0.01568541117,0.005994994659,-0.001278625103,0.008207730018,1
0.01568541117,0.005851830821,-0.0007548244321,0.007587491069,1
0.01568541117,0.005708666518,-0.001292974339,0.007567592431,1
0.01568541117,0.005565502681,-0.001345536555,0.007609493565,1
0.01568541117,0.005422338378,-0.001194971846,0.008277631365,2
0.01568541117,0.00527917454,-0.001011469983,0.009128752165,2
0.01568541117,0.005136010237,-0.000141100114,0.01037096418,1
0.01568541117,0.0049928464,-0.0001471353025,0.01025129575,1
0.01568541117,0.004849682096,-6.881320587e-05,0.009444030002,1
0.01568541117,0.004706518259,-0.0003004481259,0.009246604517,1
0.01568541117,0.004563353956,-0.0003388113691,0.009644378908,1
0.01568541117,0.004420190118,-0.0006006844342,0.009284588508,1
0.01568541117,0.004277025815,-0.0004544912372,0.008493841626,2
0.01568541117,0.004133861978,-0.0003744654823,0.007427805569,1
0.01568541117,0.00399069814,-3.350566476e-05,0.007327865344,1
0.01568541117,0.003847533837,-0.0003515840217,0.008632487617,1
0.01568541117,0.003704369767,-0.0004491218715,0.008041388355,2
0.01568541117,0.003561205696,-0.0009506345959,0.007935450412,1
0.01568541117,0.003418041626,0.0007628658786,0.007626799867,1
0.01568541117,0.003274877556,-0.0001851131819,0.007610734086,1
0.01568541117,0.003131713718,-0.0003738917876,0.007551685907,1
0.01568541117,0.002988549648,-0.0003557081218,0.007352985907,2
0.01568541117,0.002845385578,-8.251662803e-05,0.007082015276,2
0.01568541117,0.002702221507,0.0005077753449,0.006518129259,1
0.01568541117,0.002559057437,0.0005604337784,0.006406379398,1
0.01568541117,0.002415893367,0.0001985688577,0.00660454249,1
0.01568541117,0.002272729296,3.78091936e-05,0.006896954495,2
0.01568541117,0.002129565226,-0.0001266288018,0.006898852997,2
0.01568541117,0.001986401156,-0.0003196923644,0.006391533185,2
0.01568541117,0.001843237202,-0.0004947503912,0.006357424892,1
0.01568541117,0.001700073131,0.0004933403688,0.007033046335,1
0.01568541117,0.001556909061,0.000251573947,0.007081499789,1
0.01568541117,0.001413744991,0.0002414215269,0.006869858131,1
0.01568541117,0.00127058092,5.031870387e-05,0.006544915959,1
0.01568541117,0.00112741685,0.0009672669112,0.006390751805,1
0.01568541117,0.0009842528962,0.0003670323349,0.006462363526,1
0.01568541117,0.0008410888258,0.000237699991,0.0064006662,1
0.01568541117,0.0006979247555,9.855014014e-07,0.00628612563,2
0.01568541117,0.0005547606852,-0.0001528025168,0.006192809436,1
0.01568541117,0.000411596644,0.0002804594114,0.006142979022,1
0.01568541117,0.0002684326028,0.0002133715607,0.006251201034,1
0.01568541117,0.000125268547,-0.0002503423311,0.006499420386,1
0.01582857594,0.01916608773,-0.001140630106,0.005703031551,1
0.01582857594,0.01902292296,-0.0007608723827,0.005950655788,1
0.01582857594,0.01887976006,-0.0009071454988,0.006283916999,1
0.01582857594,0.01873659529,-0.001011677552,0.006042525638,1
0.01582857594,0.01859343052,-0.001105724717,0.0061031566,1
0.01582857594,0.01845026761,-0.001183244982,0.006407777313,1
0.01582857594,0.01830710284,-0.001163243316,0.006801992655,1
0.01582857594,0.01816393808,-0.001081337105,0.006844782736,2
0.01582857594,0.01802077517,-0.001031354303,0.006895715371,2
0.01582857594,0.0178776104,-0.0009816436796,0.006858557928,2
0.01582857594,0.01773444749,-0.001143527101,0.00684207445,1
0.01582857594,0.01759128273,-0.001045788056,0.006877482869,1
0.01582857594,0.01744811796,-0.001632554689,0.006334744859,1
0.01582857594,0.01730495505,-0.001988245873,0.008262747899,1
0.01582857594,0.01716179028,-0.00182358711,0.008960392326,1
0.01582857594,0.01701862738,-0.001702684327,0.00931489747,1
0.01582857594,0.01687546261,-0.001868269639,0.009237913415,1
0.01582857594,0.01673229784,-0.001879818272,0.008989601396,1
0.01582857594,0.01658913493,-0.002077297075,0.008951331489,1
0.01582857594,0.01644597016,-0.002411609283,0.008774376474,1
0.01582857594,0.01630280726,-0.002301695058,0.008754659444,1
0.01582857594,0.01615964249,-0.002165549202,0.008996998891,1
0.01582857594,0.01601647772,-0.002340243198,0.009582648985,1
0.01582857594,0.01587331481,-0.002368640155,0.009021450765,1
0.01582857594,0.01573015004,-0.002353359247,0.009072002955,1
0.01582857594,0.01558698621,-0.002325892448,0.009785288945,2
0.01582857594,0.01544382237,-0.002377012512,0.0101594571,2
0.01582857594,0.0153006576,-0.00268881605,0.01092327572,1
0.01582857594,0.01515749376,-0.002225329634,0.009999250062,1
0.01582857594,0.01501432993,-0.002167190891,0.009974153712,1
0.01582857594,0.01487116609,-0.002240283182,0.01042727288,1
0.01582857594,0.01472800132,-0.002362851985,0.01057375781,1
0.01582857594,0.01458483748,-0.002876503393,0.01114894636,1
0.01582857594,0.01444167364,-0.002195786685,0.01039776299,2
0.01582857594,0.01429850981,-0.001776891295,0.01005550288,1
0.01582857594,0.01415534597,-0.001434304984,0.01012595464,1
0.01582857594,0.0140121812,-0.001275020652,0.01018504146,1
0.01582857594,0.01386901736,-0.0002281042107,0.01018518489,1
0.01582857594,0.01372585353,-0.0009540847386,0.01041493751,2
0.01582857594,0.01358268969,-0.0005390977021,0.01083567459,1
0.01582857594,0.01343952492,-0.001291821012,0.01080807298,1
0.01582857594,0.01329636108,-0.001449084491,0.01069873199,1
0.01582857594,0.01315319724,-0.001403909642,0.01091232803,2
0.01582857594,0.01301003341,-0.001314240391,0.01091476064,1
0.01582857594,0.01286686864,-0.001474404824,0.01020291448,1
0.01582857594,0.0127237048,-0.001771790558,0.01076830272,1
0.01582857594,0.01258054096,-0.001372809522,0.01104723103,2
0.01582857594,0.01243737713,-0.001090793172,0.01100207586,1
0.01582857594,0.01229421329,-0.001152796089,0.01078165974,1
0.01582857594,0.01215104852,-0.001274815761,0.01019246504,1
0.01582857594,0.01200788468,-0.0007268261397,0.01113449503,1
0.01582857594,0.01186472084,-0.001114449231,0.01100671198,2
0.01582857594,0.01172155701,-0.001577327028,0.01105188578,1
0.01582857594,0.01157839224,-0.001151940203,0.01051019039,1
0.01582857594,0.0114352284,-0.00114804483,0.00996885635,2
0.01582857594,0.01129206456,-0.0008283472271,0.009619193152,1
0.01582857594,0.01114890072,-0.0009749052697,0.009770859033,2
0.01582857594,0.01100573689,-0.000890026975,0.01008809544,1
0.01582857594,0.01086257212,-0.0007289581699,0.009923215955,1
0.01582857594,0.01071940828,-0.000626525667,0.009630417451,1
0.01582857594,0.01057624444,-0.001569671673,0.009316800162,1
0.01582857594,0.01043308061,-0.001148601179,0.01013769116,2
0.01582857594,0.01028991584,-0.001321943477,0.01151849423,1
0.01582857594,0.010146752,-0.001242898405,0.01147866528,1
0.01582857594,0.01000358816,-0.001115447842,0.01091452595,1
0.01582857594,0.009860424325,-0.0001493874879,0.009846557863,1
0.01582857594,0.009717259556,-0.0007266796893,0.009759689681,1
0.01582857594,0.009574095719,-0.001080160495,0.009824996814,1
0.01582857594,0.009430931881,-0.001085690106,0.01025011484,1
0.01582857594,0.009287768044,-0.0008065186557,0.009361416101,1
0.01582857594,0.009144604206,-0.0006130214315,0.009399178438,2
0.01582857594,0.009001439437,-0.0005054816138,0.009728371166,1
0.01582857594,0.0088582756,-0.0005151811056,0.01015250571,1
0.01582857594,0.008715111762,-0.0006070049712,0.00959136337,1
0.01582857594,0.008571947925,-0.001153636375,0.008745991625,2
0.01582857594,0.008428783156,-0.001834149705,0.007774649654,1
0.01582857594,0.008285619318,-0.001540229772,0.008328586817,2
0.01582857594,0.008142455481,-0.00112826121,0.008584681898,2
0.01582857594,0.007999291644,-0.0006576490123,0.008567964658,1
0.01582857594,0.007856126875,-0.001286261133,0.008467695676,1
0.01582857594,0.007712963037,-0.001481057494,0.008784675971,1
0.01582857594,0.0075697992,-0.001408589887,0.009258650243,1
0.01582857594,0.007426635362,-0.001178814797,0.009615832008,2
0.01582857594,0.007283471059,-0.00121151132,0.01003110874,2
0.01582857594,0.007140307222,-0.001216654317,0.009853792377,2
0.01582857594,0.006997142918,-0.001446921611,0.00954315532,2
0.01582857594,0.006853979081,-0.001687482232,0.009051655419,1
0.01582857594,0.006710814778,-0.001814087504,0.009385420009,1
0.01582857594,0.00656765094,-0.001544422354,0.009342123754,1
0.01582857594,0.006424486637,-0.001267358661,0.009036188945,1
0.01582857594,0.0062813228,-0.001475598197,0.009054208174,1
0.01582857594,0.006138158496,-0.001474949881,0.008798253722,1
0.01582857594,0.005994994659,-0.001396195032,0.008377147838,1
0.01582857594,0.005851830821,-0.000910681556,0.007670241874,1
0.01582857594,0.005708666518,-0.00132975867,0.007837707177,2
0.01582857594,0.005565502681,-0.001058836002,0.007889728993,1
0.01582857594,0.005422338378,-0.001243766746,0.007676245179,1
0.01582857594,0.00527917454,-0.001852978137,0.008768914267,1
0.01582857594,0.005136010237,-0.000579761283,0.01008762047,1
0.01582857594,0.0049928464,-0.0005293380818,0.01000110526,1
0.01582857594,0.004849682096,-0.0003791539057,0.00951086916,1
0.01582857594,0.004706518259,-0.0002965807216,0.009479939938,1
0.01582857594,0.004563353956,-0.0001007385945,0.009828209877,1
0.01582857594,0.004420190118,-0.0001119220397,0.009905098937,1
0.01582857594,0.004277025815,-0.0002947828907,0.008609727956,2
0.01582857594,0.004133861978,-0.0001920462382,0.007282042876,1
0.01582857594,0.00399069814,-0.000238740482,0.007703275885,2
0.01582857594,0.003847533837,-0.0004060300998,0.008055609651,2
0.01582857594,0.003704369767,-0.0005888567539,0.007692306768,1
0.01582857594,0.003561205696,-0.000238967652,0.007926750928,1
0.01582857594,0.003418041626,0.0003234616015,0.008140906692,1
0.01582857594,0.003274877556,0.0001278782584,0.007802052889,1
0.01582857594,0.003131713718,-0.001058026915,0.007181934547,1
0.01582857594,0.002988549648,-0.0004578361986,0.007392833009,2
0.01582857594,0.002845385578,0.0002430898749,0.007228750736,1
0.01582857594,0.002702221507,-0.000502398063,0.005757225212,1
0.01582857594,0.002559057437,-0.001047198661,0.006108385976,1
0.01582857594,0.002415893367,5.639206574e-05,0.007003987208,1
0.01582857594,0.002272729296,0.0004164463026,0.007673822343,1
0.01582857594,0.002129565226,0.0003548685636,0.007662613876,1
0.01582857594,0.001986401156,-7.802901382e-05,0.005936891306,1
0.01582857594,0.001843237202,0.0001157098231,0.006352982949,1
0.01582857594,0.001700073131,0.0003945464268,0.007336164825,1
0.01582857594,0.001556909061,0.0003193891316,0.007644771598,1
0.01582857594,0.001413744991,0.0002928035683,0.00721496623,1
0.01582857594,0.00127058092,-0.0002391112794,0.006720290985,1
0.01582857594,0.00112741685,0.000177586975,0.005937294569,1
0.01582857594,0.0009842528962,9.233119636e-05,0.00589052448,1
0.01582857594,0.0008410888258,-0.0003974433348,0.006353937089,1
0.01582857594,0.0006979247555,-0.0002961736463,0.00626903167,1
0.01582857594,0.0005547606852,-0.0002320858039,0.006575250532,1
0.01582857594,0.000411596644,-1.111697838e-05,0.006795221474,2
0.01582857594,0.0002684326028,-0.0001610262698,0.006885532755,1
0.01582857594,0.000125268547,-2.217775727e-05,0.006674010307,2
0.01597173885,0.01916608773,-0.001126180752,0.006189350039,1
0.01597173885,0.01902292296,-0.0008690669783,0.005806255154,1
0.01597173885,0.01887976006,-0.0008588752826,0.005713691935,1
0.01597173885,0.01873659529,-0.0008393332246,0.0057612448,1
0.01597173885,0.01859343052,-0.001503139269,0.0061372458,1
0.01597173885,0.01845026761,-0.001076815417,0.006314058322,1
0.01597173885,0.01830710284,-0.0009577665478,0.006759047043,1
0.01597173885,0.01816393808,-0.001042762771,0.006490777247,2
0.01597173885,0.01802077517,-0.0009522411274,0.006461031269,2
0.01597173885,0.0178776104,-0.000711983419,0.006185676437,1
0.01597173885,0.01773444749,-0.001014615991,0.006439304445,1
0.01597173885,0.01759128273,-0.001176425023,0.006647786591,1
0.01597173885,0.01744811796,-0.001418965054,0.006873629522,2
0.01597173885,0.01730495505,-0.001711357269,0.007699222304,1
0.01597173885,0.01716179028,-0.001966104843,0.007864470594,1
0.01597173885,0.01701862738,-0.001847169828,0.008543481119,1
0.01597173885,0.01687546261,-0.001803492545,0.009076901712,1
0.01597173885,0.01673229784,-0.001881342265,0.008930329233,1
0.01597173885,0.01658913493,-0.002040517982,0.008849750273,1
0.01597173885,0.01644597016,-0.001975396881,0.008735352196,1
0.01597173885,0.01630280726,-0.001967590535,0.008711295202,1
0.01597173885,0.01615964249,-0.002043614164,0.008880953304,1
0.01597173885,0.01601647772,-0.002301212167,0.009477896616,1
0.01597173885,0.01587331481,-0.002945996355,0.00972249452,1
0.01597173885,0.01573015004,-0.003025709419,0.009766982868,1
0.01597173885,0.01558698621,-0.002359649399,0.00969490502,1
0.01597173885,0.01544382237,-0.002138400218,0.009241368622,1
0.01597173885,0.0153006576,-0.002625836991,0.01007356308,1
0.01597173885,0.01515749376,-0.002595322672,0.01011740696,1
0.01597173885,0.01501432993,-0.00220889179,0.009781197645,1
0.01597173885,0.01487116609,-0.00208951626,0.01007291581,1
0.01597173885,0.01472800132,-0.002040536143,0.009648380801,1
0.01597173885,0.01458483748,-0.002051336691,0.009468670003,1
0.01597173885,0.01444167364,-0.001895608613,0.009770249948,2
0.01597173885,0.01429850981,-0.001558048185,0.009788129479,1
0.01597173885,0.01415534597,-0.001119279768,0.009897112846,1
0.01597173885,0.0140121812,-0.0009113992564,0.009987984784,1
0.01597173885,0.01386901736,-0.0009379673866,0.01003080048,1
0.01597173885,0.01372585353,-0.002017935738,0.01021760516,1
0.01597173885,0.01358268969,-0.001292337896,0.01060249843,1
0.01597173885,0.01343952492,-0.0013895554,0.01069368701,1
0.01597173885,0.01329636108,-0.001422042726,0.01073382329,1
0.01597173885,0.01315319724,-0.001310173073,0.01085937396,2
0.01597173885,0.01301003341,-0.001042219461,0.0109479418,1
0.01597173885,0.01286686864,-0.001343254931,0.01128004957,1
0.01597173885,0.0127237048,-0.001415452803,0.0108341733,1
0.01597173885,0.01258054096,-0.001305709826,0.01123463362,2
0.01597173885,0.01243737713,-0.001208085567,0.01186423562,1
0.01597173885,0.01229421329,-0.001187140006,0.01206687279,1
0.01597173885,0.01215104852,-0.001173571567,0.01121403277,2
0.01597173885,0.01200788468,-0.001079398207,0.01178496145,1
0.01597173885,0.01186472084,-0.0007712000515,0.01096376125,2
0.01597173885,0.01172155701,-0.0006229490973,0.01044190116,1
0.01597173885,0.01157839224,-0.0009833896765,0.009708547033,1
0.01597173885,0.0114352284,-0.001439954736,0.009524921887,1
0.01597173885,0.01129206456,-0.001670473255,0.009582115337,1
0.01597173885,0.01114890072,-0.001311960979,0.009791959077,2
0.01597173885,0.01100573689,-0.001172827091,0.01016545668,1
0.01597173885,0.01086257212,-0.001096203341,0.01004505344,1
0.01597173885,0.01071940828,-0.001234102645,0.009637568146,1
0.01597173885,0.01057624444,-0.001795262331,0.009519670159,1
0.01597173885,0.01043308061,-0.001593226683,0.01033813786,2
0.01597173885,0.01028991584,-0.001649734681,0.01056474168,1
0.01597173885,0.010146752,-0.001573909889,0.01063052472,1
0.01597173885,0.01000358816,-0.001363204443,0.01144696958,1
0.01597173885,0.009860424325,-0.001137871644,0.01112892851,1
0.01597173885,0.009717259556,-0.001686857664,0.01022150088,1
0.01597173885,0.009574095719,-0.001077292021,0.009465804324,1
0.01597173885,0.009430931881,-0.0009152181447,0.009262650274,1
0.01597173885,0.009287768044,-0.0007485609967,0.009291373193,1
0.01597173885,0.009144604206,-0.0005045534344,0.009260053746,1
0.01597173885,0.009001439437,-0.0007173751947,0.009583146311,2
0.01597173885,0.0088582756,-0.001011358807,0.009915613569,1
0.01597173885,0.008715111762,-0.001046652324,0.009409732185,1
0.01597173885,0.008571947925,-0.001034410554,0.008401699364,2
0.01597173885,0.008428783156,-0.001379411202,0.007862998173,2
0.01597173885,0.008285619318,-0.001884828205,0.007912445813,1
0.01597173885,0.008142455481,-0.001279393211,0.00824225042,2
0.01597173885,0.007999291644,-0.0007186178118,0.008055320941,1
0.01597173885,0.007856126875,-0.001352461753,0.00851520896,1
0.01597173885,0.007712963037,-0.001699294313,0.009171144105,1
0.01597173885,0.0075697992,-0.001243067556,0.009753458202,1
0.01597173885,0.007426635362,-0.0009808980394,0.01047120895,1
0.01597173885,0.007283471059,-0.001062066527,0.01069098059,1
0.01597173885,0.007140307222,-0.0006991339033,0.009920362383,1
0.01597173885,0.006997142918,-0.001261094701,0.01000612509,1
0.01597173885,0.006853979081,-0.001610162319,0.009646153077,1
0.01597173885,0.006710814778,-0.0009347374435,0.009459628724,1
0.01597173885,0.00656765094,-0.0008314494626,0.009455021471,1
0.01597173885,0.006424486637,-0.001258732053,0.008981536143,1
0.01597173885,0.0062813228,-0.001523725921,0.009687683545,1
0.01597173885,0.006138158496,-0.001599656534,0.009337916039,3
0.01597173885,0.005994994659,-0.001670007245,0.008724962361,1
0.01597173885,0.005851830821,-0.001688053133,0.008048182353,1
0.01597173885,0.005708666518,-0.002056542784,0.008223265409,1
0.01597173885,0.005565502681,-0.0004779897863,0.008278034627,1
0.01597173885,0.005422338378,-0.000749283412,0.008328490891,1
0.01597173885,0.00527917454,-0.001415861305,0.008288984187,1
0.01597173885,0.005136010237,0.0002245199721,0.009579497389,3
0.01597173885,0.0049928464,-0.0007187517476,0.009369146079,2
0.01597173885,0.004849682096,-0.0009617047035,0.009064372629,1
0.01597173885,0.004706518259,-0.0008515181835,0.009334838018,1
0.01597173885,0.004563353956,-0.0006849307101,0.009597166441,1
0.01597173885,0.004420190118,-0.0004244798038,0.009237507358,1
0.01597173885,0.004277025815,-0.0004206720041,0.008757928386,1
0.01597173885,0.004133861978,-0.0002444085258,0.008336120285,1
0.01597173885,0.00399069814,-0.000323379878,0.008147585206,2
0.01597173885,0.003847533837,-0.0004449391272,0.00819436647,2
0.01597173885,0.003704369767,-0.0005762077635,0.008023145609,1
0.01597173885,0.003561205696,-0.0003432273516,0.008081815206,1
0.01597173885,0.003418041626,2.506145756e-05,0.008137822151,1
0.01597173885,0.003274877556,0.0001939563081,0.008050273173,1
0.01597173885,0.003131713718,-0.0001939341309,0.0076411427,3
0.01597173885,0.002988549648,-0.0006606996176,0.007807660382,1
0.01597173885,0.002845385578,-0.0001524629188,0.007317736745,2
0.01597173885,0.002702221507,-6.968785601e-05,0.005987402983,1
0.01597173885,0.002559057437,-4.512413852e-06,0.005669387523,1
0.01597173885,0.002415893367,0.0003121710324,0.00610683579,1
0.01597173885,0.002272729296,7.66348312e-05,0.006171624642,1
0.01597173885,0.002129565226,-0.0001387860684,0.006632485893,1
0.01597173885,0.001986401156,0.0003110800462,0.007001160178,1
0.01597173885,0.001843237202,6.995342119e-05,0.006931755692,2
0.01597173885,0.001700073131,0.0001166483707,0.007300836034,2
0.01597173885,0.001556909061,6.195315655e-05,0.007670561317,1
0.01597173885,0.001413744991,-7.991498933e-06,0.007611617446,1
0.01597173885,0.00127058092,-0.000110391069,0.007057450246,1
0.01597173885,0.00112741685,-7.468060357e-05,0.005744456779,1
0.01597173885,0.0009842528962,-5.858441e-05,0.005684101023,3
0.01597173885,0.0008410888258,-0.0005183016183,0.006042807363,1
0.01597173885,0.0006979247555,-0.0003478739527,0.006398005877,1
0.01597173885,0.0005547606852,-0.0002310710406,0.006850735284,1
0.01597173885,0.000411596644,6.818474503e-05,0.007577122189,1
0.01597173885,0.0002684326028,0.0002395438933,0.007224158384,1
0.01597173885,0.000125268547,0.0003448353382,0.006637077313,1
0.01611490361,0.01916608773,-0.0009454396204,0.006301510613,2
0.01611490361,0.01902292296,-0.0007969031576,0.006088694092,2
0.01611490361,0.01887976006,-0.0007739547291,0.005808613729,1
0.01611490361,0.01873659529,-0.000746346137,0.005776620936,1
0.01611490361,0.01859343052,-0.0008107546601,0.005898937117,1
0.01611490361,0.01845026761,-0.0007830638206,0.006038371474,1
0.01611490361,0.01830710284,-0.0009522571927,0.006158055738,1
0.01611490361,0.01816393808,-0.001179706189,0.005898247473,1
0.01611490361,0.01802077517,-0.00102286425,0.00627195742,1
0.01611490361,0.0178776104,-0.0004844683281,0.006513631437,1
0.01611490361,0.01773444749,-0.0004098919162,0.006622997113,1
0.01611490361,0.01759128273,-0.0008646540227,0.006633440033,2
0.01611490361,0.01744811796,-0.001155523234,0.006812762935,2
0.01611490361,0.01730495505,-0.001472834614,0.006778784562,1
0.01611490361,0.01716179028,-0.001748102019,0.007237989921,1
0.01611490361,0.01701862738,-0.001718365471,0.00750554353,1
0.01611490361,0.01687546261,-0.00190464349,0.007995433174,2
0.01611490361,0.01673229784,-0.001943331794,0.008125219494,1
0.01611490361,0.01658913493,-0.002002693247,0.008434944786,2
0.01611490361,0.01644597016,-0.001901032054,0.008563068695,2
0.01611490361,0.01630280726,-0.00157828501,0.008687927388,1
0.01611490361,0.01615964249,-0.001992927631,0.008852481842,2
0.01611490361,0.01601647772,-0.002349278424,0.009200846776,2
0.01611490361,0.01587331481,-0.002917501377,0.009586742148,1
0.01611490361,0.01573015004,-0.003077019239,0.009880641475,1
0.01611490361,0.01558698621,-0.002334713005,0.01005536132,1
0.01611490361,0.01544382237,-0.002097308869,0.009586395696,1
0.01611490361,0.0153006576,-0.002487786347,0.009108276106,1
0.01611490361,0.01515749376,-0.002850793302,0.009895392694,1
0.01611490361,0.01501432993,-0.002908848692,0.009539724328,1
0.01611490361,0.01487116609,-0.002162402263,0.009859134443,1
0.01611490361,0.01472800132,-0.001797568635,0.008945617825,1
0.01611490361,0.01458483748,-0.001762175001,0.008911020122,1
0.01611490361,0.01444167364,-0.001777262893,0.009426433593,2
0.01611490361,0.01429850981,-0.0016357766,0.009698534384,1
0.01611490361,0.01415534597,-0.001138370717,0.009725578129,1
0.01611490361,0.0140121812,-0.0009094589041,0.009833511896,1
0.01611490361,0.01386901736,-0.001196427038,0.009958907031,1
0.01611490361,0.01372585353,-0.001489259186,0.0100392662,1
0.01611490361,0.01358268969,-0.001796604483,0.01028840523,1
0.01611490361,0.01343952492,-0.001679295558,0.01058616582,1
0.01611490361,0.01329636108,-0.001532977563,0.01091530174,1
0.01611490361,0.01315319724,-0.001372520579,0.01084340364,2
0.01611490361,0.01301003341,-0.001245594816,0.01095942315,2
0.01611490361,0.01286686864,-0.001248336863,0.01144361775,1
0.01611490361,0.0127237048,-0.001284828642,0.01086514629,1
0.01611490361,0.01258054096,-0.001226491528,0.01119289268,2
0.01611490361,0.01243737713,-0.001055540633,0.01180336997,1
0.01611490361,0.01229421329,-0.001021127566,0.01173648518,1
0.01611490361,0.01215104852,-0.001152932178,0.01081183273,1
0.01611490361,0.01200788468,-0.0005447748699,0.01158522815,1
0.01611490361,0.01186472084,-0.0002680035832,0.0106214704,1
0.01611490361,0.01172155701,-0.0006384588196,0.01035520528,1
0.01611490361,0.01157839224,-0.001003812184,0.009513068013,1
0.01611490361,0.0114352284,-0.001366643701,0.009286943823,1
0.01611490361,0.01129206456,-0.001537820674,0.009384453297,1
0.01611490361,0.01114890072,-0.001429638243,0.009649406187,2
0.01611490361,0.01100573689,-0.001650588703,0.009850853123,1
0.01611490361,0.01086257212,-0.001989956014,0.01001338847,1
0.01611490361,0.01071940828,-0.002028640592,0.009996821173,1
0.01611490361,0.01057624444,-0.001935789711,0.01026231609,1
0.01611490361,0.01043308061,-0.00177930831,0.01113045029,1
0.01611490361,0.01028991584,-0.001547442167,0.01109133381,1
0.01611490361,0.010146752,-0.001458235201,0.01108194329,1
0.01611490361,0.01000358816,-0.001418076921,0.01147248503,1
0.01611490361,0.009860424325,-0.001308327192,0.01132941246,1
0.01611490361,0.009717259556,-0.001442619017,0.01037710253,1
0.01611490361,0.009574095719,-0.001017148024,0.009308388457,1
0.01611490361,0.009430931881,-0.0007932569133,0.008958227932,1
0.01611490361,0.009287768044,-0.0006589034456,0.009147532284,1
0.01611490361,0.009144604206,-0.0004136318166,0.009223263711,1
0.01611490361,0.009001439437,-0.0008481068653,0.009428549558,1
0.01611490361,0.0088582756,-0.0006948703667,0.008853493258,1
0.01611490361,0.008715111762,-0.0007979476359,0.008265064098,1
0.01611490361,0.008571947925,-0.0005579423159,0.007588077337,1
0.01611490361,0.008428783156,-0.0007642566343,0.007363195065,1
0.01611490361,0.008285619318,-0.00140261359,0.008046872914,1
0.01611490361,0.008142455481,-0.001385865617,0.008416553959,2
0.01611490361,0.007999291644,-0.001262547681,0.008440058678,2
0.01611490361,0.007856126875,-0.001477086567,0.008443370461,1
0.01611490361,0.007712963037,-0.001274775947,0.008892431855,1
0.01611490361,0.0075697992,-0.001042480115,0.00936864689,1
0.01611490361,0.007426635362,-0.001127272611,0.01010697428,1
0.01611490361,0.007283471059,-0.001301676384,0.01053593308,1
0.01611490361,0.007140307222,-0.0007675586967,0.01003751811,1
0.01611490361,0.006997142918,-0.001309940126,0.01031510811,1
0.01611490361,0.006853979081,-0.00154772331,0.009921035729,1
0.01611490361,0.006710814778,-0.00129267422,0.0104957521,1
0.01611490361,0.00656765094,-0.001405561459,0.009275932796,1
0.01611490361,0.006424486637,-0.001082225936,0.009715229273,1
0.01611490361,0.0062813228,-0.001969930483,0.009595490992,1
0.01611490361,0.006138158496,-0.002165903104,0.009793794714,1
0.01611490361,0.005994994659,-0.001718653133,0.00951834023,1
0.01611490361,0.005851830821,-0.001930503291,0.009610766545,1
0.01611490361,0.005708666518,-0.001932390267,0.009183465503,1
0.01611490361,0.005565502681,-0.0003679014335,0.008822157979,1
0.01611490361,0.005422338378,-0.0003752973571,0.009654223919,1
0.01611490361,0.00527917454,-0.0005630101659,0.008670869283,1
0.01611490361,0.005136010237,-0.0007804612978,0.008989353664,1
0.01611490361,0.0049928464,-0.001608484192,0.00883160904,1
0.01611490361,0.004849682096,-0.0007475164603,0.008498560637,1
0.01611490361,0.004706518259,-0.0008094132645,0.008970570751,1
0.01611490361,0.004563353956,-0.0007056249888,0.009268684313,2
0.01611490361,0.004420190118,-0.0005914719077,0.009255536832,1
0.01611490361,0.004277025815,-0.0004709761415,0.008766742423,1
0.01611490361,0.004133861978,-0.0002351590811,0.008368390612,1
0.01611490361,0.00399069814,-0.0003654314205,0.008356579579,2
0.01611490361,0.003847533837,-0.0004741387384,0.008551127277,1
0.01611490361,0.003704369767,-0.0005411405,0.008555411361,1
0.01611490361,0.003561205696,-0.0004467220278,0.008251673542,1
0.01611490361,0.003418041626,-0.0002411580499,0.008244934492,1
0.01611490361,0.003274877556,-0.0002512565115,0.008085248061,1
0.01611490361,0.003131713718,-0.0004740754084,0.008210536093,1
0.01611490361,0.002988549648,-0.0002212403197,0.007983710617,1
0.01611490361,0.002845385578,-0.0001225541055,0.008247134276,1
0.01611490361,0.002702221507,-5.159114517e-05,0.007911488414,1
0.01611490361,0.002559057437,-0.0001148770607,0.007310347632,3
0.01611490361,0.002415893367,0.0003207214177,0.006325913128,1
0.01611490361,0.002272729296,-4.343400724e-05,0.006034310907,1
0.01611490361,0.002129565226,-0.0003927762154,0.006621363573,1
0.01611490361,0.001986401156,-0.001038438408,0.006949040573,1
0.01611490361,0.001843237202,-0.0002636245335,0.007072044071,2
0.01611490361,0.001700073131,-5.985954704e-05,0.007264861371,2
0.01611490361,0.001556909061,-4.995968266e-05,0.007547802757,1
0.01611490361,0.001413744991,-0.0001266279723,0.007495541126,1
0.01611490361,0.00127058092,-0.0002256483858,0.007026908919,1
0.01611490361,0.00112741685,-0.0001289594948,0.006452293135,1
0.01611490361,0.0009842528962,-0.0003338294628,0.006407060195,1
0.01611490361,0.0008410888258,-0.000417666859,0.006186263636,1
0.01611490361,0.0006979247555,-0.0002626030182,0.006465122569,1
0.01611490361,0.0005547606852,-0.0002039759565,0.007117293775,1
0.01611490361,0.000411596644,4.983507461e-05,0.007393718231,1
0.01611490361,0.0002684326028,0.0003092109982,0.007283245213,1
0.01611490361,0.000125268547,0.0006680109072,0.007006435189,1
0.01625806838,0.01916608773,-0.0009132347768,0.006626488175,3
0.01625806838,0.01902292296,-0.0005991513608,0.006438396405,1
0.01625806838,0.01887976006,-0.0002656767028,0.006025237963,1
0.01625806838,0.01873659529,-0.0006256053457,0.005912088323,1
0.01625806838,0.01859343052,-0.0005039510434,0.005746875424,1
0.01625806838,0.01845026761,-0.0005187129718,0.005694374442,1
0.01625806838,0.01830710284,-0.0008234072011,0.005672114901,1
0.01625806838,0.01816393808,-0.001008321065,0.005706277676,1
0.01625806838,0.01802077517,-0.0009369506151,0.005949753337,1
0.01625806838,0.0178776104,-0.000518749177,0.006204971112,1
0.01625806838,0.01773444749,-0.0004420896585,0.006430369802,1
0.01625806838,0.01759128273,-0.0007167758886,0.006450214423,1
0.01625806838,0.01744811796,-0.0008656391874,0.006965197623,1
0.01625806838,0.01730495505,-0.0005564233288,0.006344500929,1
0.01625806838,0.01716179028,-0.001242994564,0.00695711188,1
0.01625806838,0.01701862738,-0.00148779864,0.007133732084,1
0.01625806838,0.01687546261,-0.002153384034,0.007274068892,1
0.01625806838,0.01673229784,-0.001771271462,0.007697034162,2
0.01625806838,0.01658913493,-0.002125891857,0.008201739751,1
0.01625806838,0.01644597016,-0.002047753194,0.008394048549,1
0.01625806838,0.01630280726,-0.002086663153,0.008501246572,1
0.01625806838,0.01615964249,-0.002000533044,0.0086401999,1
0.01625806838,0.01601647772,-0.002185472287,0.0088862665,1
0.01625806838,0.01587331481,-0.002467677463,0.009151735343,1
0.01625806838,0.01573015004,-0.002713538473,0.009837767109,1
0.01625806838,0.01558698621,-0.002630781149,0.01011267304,1
0.01625806838,0.01544382237,-0.002284838818,0.009988251142,1
0.01625806838,0.0153006576,-0.001978714718,0.0103525389,1
0.01625806838,0.01515749376,-0.001816149335,0.01019673981,1
0.01625806838,0.01501432993,-0.002198604867,0.009558406658,2
0.01625806838,0.01487116609,-0.00207221834,0.009493960068,2
0.01625806838,0.01472800132,-0.002037775004,0.009596420452,1
0.01625806838,0.01458483748,-0.001946650911,0.009426468983,1
0.01625806838,0.01444167364,-0.001815491356,0.009325932711,2
0.01625806838,0.01429850981,-0.001749454183,0.009423463605,1
0.01625806838,0.01415534597,-0.001382151386,0.009337424301,2
0.01625806838,0.0140121812,-0.001242195489,0.009354796261,1
0.01625806838,0.01386901736,-0.001235660864,0.009823594242,1
0.01625806838,0.01372585353,-0.001274174545,0.009881643578,1
0.01625806838,0.01358268969,-0.001434635022,0.01012614183,1
0.01625806838,0.01343952492,-0.001779654413,0.0104903169,1
0.01625806838,0.01329636108,-0.001571411616,0.0107223317,1
0.01625806838,0.01315319724,-0.001401336631,0.01063951477,2
0.01625806838,0.01301003341,-0.001319302246,0.0106027294,2
0.01625806838,0.01286686864,-0.001387182041,0.01005501579,1
0.01625806838,0.0127237048,-0.001661461196,0.01133134309,1
0.01625806838,0.01258054096,-0.001259887242,0.01086842176,2
0.01625806838,0.01243737713,-0.001054641209,0.01080498938,2
0.01625806838,0.01229421329,-0.0009408695041,0.01070903894,2
0.01625806838,0.01215104852,-0.0007392622647,0.01052373275,1
0.01625806838,0.01200788468,-0.0006800803239,0.01025274303,1
0.01625806838,0.01186472084,-0.000822787697,0.01103043184,1
0.01625806838,0.01172155701,-0.0008475590148,0.01008048933,2
0.01625806838,0.01157839224,-0.0009857357945,0.009449170902,1
0.01625806838,0.0114352284,-0.0009244580287,0.008981756866,1
0.01625806838,0.01129206456,-0.0008777836338,0.009125036187,1
0.01625806838,0.01114890072,-0.001218182733,0.00957035739,2
0.01625806838,0.01100573689,-0.00170338864,0.009950756095,1
0.01625806838,0.01086257212,-0.001838723081,0.009931875393,1
0.01625806838,0.01071940828,-0.001803058083,0.01026455965,1
0.01625806838,0.01057624444,-0.001763283042,0.01039097272,1
0.01625806838,0.01043308061,-0.001357640722,0.01088968012,1
0.01625806838,0.01028991584,-0.001119103865,0.01102628,1
0.01625806838,0.010146752,-0.001159500796,0.01109925751,1
0.01625806838,0.01000358816,-0.001670732163,0.0108133927,1
0.01625806838,0.009860424325,-0.001254894421,0.009787495248,2
0.01625806838,0.009717259556,-0.001025621896,0.009316748008,2
0.01625806838,0.009574095719,-0.0004473865265,0.0101568019,1
0.01625806838,0.009430931881,-0.0006090432289,0.009268327616,2
0.01625806838,0.009287768044,-0.0005597944255,0.00907953456,2
0.01625806838,0.009144604206,-0.0004068778071,0.009073781781,1
0.01625806838,0.009001439437,-0.0005063035642,0.009202107787,1
0.01625806838,0.0088582756,-0.0008372677257,0.008952893317,1
0.01625806838,0.008715111762,-0.000712574285,0.008371470496,1
0.01625806838,0.008571947925,-0.0006359789404,0.008004369214,1
0.01625806838,0.008428783156,-0.001066886354,0.008269772865,1
0.01625806838,0.008285619318,-0.001397237531,0.008749493398,1
0.01625806838,0.008142455481,-0.001598907867,0.008937031962,1
0.01625806838,0.007999291644,-0.001468620612,0.008844991215,2
0.01625806838,0.007856126875,-0.001490860246,0.008672353812,1
0.01625806838,0.007712963037,-0.0009470264195,0.00880303327,1
0.01625806838,0.0075697992,-0.001056267647,0.009010488167,1
0.01625806838,0.007426635362,-0.001225046581,0.009341451339,1
0.01625806838,0.007283471059,-0.001069853664,0.00981533248,1
0.01625806838,0.007140307222,-0.0009395715315,0.009827203117,2
0.01625806838,0.006997142918,-0.001162926666,0.01004508045,2
0.01625806838,0.006853979081,-0.00138280564,0.01044805162,1
0.01625806838,0.006710814778,-0.001070399187,0.01049836073,1
0.01625806838,0.00656765094,-0.0008454715135,0.00914937444,1
0.01625806838,0.006424486637,-0.001177329221,0.009457982145,2
0.01625806838,0.0062813228,-0.001917871181,0.009439947084,1
0.01625806838,0.006138158496,-0.001249435823,0.009196731262,1
0.01625806838,0.005994994659,-0.001437267056,0.009995897301,1
0.01625806838,0.005851830821,-0.00165938877,0.01026993152,1
0.01625806838,0.005708666518,-0.001377936453,0.009797187522,1
0.01625806838,0.005565502681,-0.001951147569,0.009374059737,1
0.01625806838,0.005422338378,0.0002823468531,0.008895699866,1
0.01625806838,0.00527917454,-0.0004521438677,0.009121768177,1
0.01625806838,0.005136010237,-0.001068603131,0.009247224778,1
0.01625806838,0.0049928464,-0.0005052304477,0.009456172585,1
0.01625806838,0.004849682096,-0.0005851675523,0.009229625575,1
0.01625806838,0.004706518259,-0.0005355658941,0.009445840493,1
0.01625806838,0.004563353956,-0.0007366841892,0.009251466021,2
0.01625806838,0.004420190118,-0.0006582273054,0.008932402357,2
0.01625806838,0.004277025815,-0.0005409681471,0.008495117538,2
0.01625806838,0.004133861978,-0.0004424491199,0.008291707374,2
0.01625806838,0.00399069814,-0.0004290479701,0.008359215222,2
0.01625806838,0.003847533837,-0.0005183763569,0.008753082715,1
0.01625806838,0.003704369767,-0.0004448231193,0.008789742365,1
0.01625806838,0.003561205696,-0.0001836684241,0.008700483479,2
0.01625806838,0.003418041626,0.0005345679238,0.009612887166,1
0.01625806838,0.003274877556,-0.0001054590321,0.008525730111,2
0.01625806838,0.003131713718,-0.0002674988355,0.008338304237,2
0.01625806838,0.002988549648,-0.0002075133962,0.008274086751,1
0.01625806838,0.002845385578,-0.0002479000541,0.00905578956,1
0.01625806838,0.002702221507,-0.0002837966604,0.008930200711,1
0.01625806838,0.002559057437,0.0001908120466,0.008158189245,1
0.01625806838,0.002415893367,-0.0002967231558,0.007522078697,2
0.01625806838,0.002272729296,-0.0008611313533,0.006544654723,1
0.01625806838,0.002129565226,-0.0008926795563,0.007203310728,1
0.01625806838,0.001986401156,-0.000615531404,0.007367759477,1
0.01625806838,0.001843237202,-2.615354242e-05,0.007142518181,1
0.01625806838,0.001700073131,-4.250233178e-05,0.00713876402,1
0.01625806838,0.001556909061,-0.0004014536098,0.007209257688,1
0.01625806838,0.001413744991,-0.0003530596441,0.007574565243,2
0.01625806838,0.00127058092,-0.000379199977,0.007432118524,2
0.01625806838,0.00112741685,-0.0003508697264,0.007159813307,2
0.01625806838,0.0009842528962,-0.0004018573964,0.007054514717,1
0.01625806838,0.0008410888258,-0.0004450537381,0.006931489334,1
0.01625806838,0.0006979247555,-0.0006344415597,0.007071226835,1
0.01625806838,0.0005547606852,-0.0002189597435,0.007232881151,2
0.01625806838,0.000411596644,0.0001051424697,0.007098120637,2
0.01625806838,0.0002684326028,0.0005956757814,0.00684705982,1
0.01625806838,0.000125268547,0.0005284479703,0.006358550861,1
0.01640123129,0.01916608773,-0.0009662100929,0.006058375817,2
0.01640123129,0.01902292296,-0.0007424411597,0.005859693978,1
0.01640123129,0.01887976006,-0.0002795793116,0.005824714899,1
0.01640123129,0.01873659529,-0.0008767620893,0.00579235889,1
0.01640123129,0.01859343052,-0.0009786452865,0.006231356878,3
0.01640123129,0.01845026761,-0.0007385762292,0.00565840397,2
0.01640123129,0.01830710284,-0.0006531875697,0.005340056494,1
0.01640123129,0.01816393808,-0.0008471054607,0.00542393513,1
0.01640123129,0.01802077517,-0.0005746152019,0.005693999119,1
0.01640123129,0.0178776104,-0.000318537408,0.005814761389,1
0.01640123129,0.01773444749,-0.0002728703548,0.005898286588,1
0.01640123129,0.01759128273,-0.0005483614514,0.006169883069,1
0.01640123129,0.01744811796,-0.001152858604,0.006879537366,1
0.01640123129,0.01730495505,-0.0009261843516,0.006458604243,2
0.01640123129,0.01716179028,-0.001008912572,0.006496226881,1
0.01640123129,0.01701862738,-0.001246945001,0.006630367599,1
0.01640123129,0.01687546261,-0.001955847722,0.00671160873,1
0.01640123129,0.01673229784,-0.0008624782204,0.007187108044,1
0.01640123129,0.01658913493,-0.002332499949,0.007905787788,1
0.01640123129,0.01644597016,-0.00210977369,0.008060160093,1
0.01640123129,0.01630280726,-0.002150927903,0.008220098913,1
0.01640123129,0.01615964249,-0.002037566155,0.008372068405,1
0.01640123129,0.01601647772,-0.002199904528,0.008560398594,1
0.01640123129,0.01587331481,-0.002417501993,0.008845588192,1
0.01640123129,0.01573015004,-0.002550810808,0.009615550749,1
0.01640123129,0.01558698621,-0.002555240178,0.009833188727,1
0.01640123129,0.01544382237,-0.000927019224,0.008699150756,1
0.01640123129,0.0153006576,-0.002503080759,0.01046873629,1
0.01640123129,0.01515749376,-0.002263529226,0.01005040668,1
0.01640123129,0.01501432993,-0.001997202635,0.009003206156,2
0.01640123129,0.01487116609,-0.001890091575,0.008961877786,2
0.01640123129,0.01472800132,-0.001886196784,0.009266566485,2
0.01640123129,0.01458483748,-0.001951809856,0.009231748059,1
0.01640123129,0.01444167364,-0.001788597903,0.009027365595,2
0.01640123129,0.01429850981,-0.001592166838,0.009028858505,1
0.01640123129,0.01415534597,-0.001398585271,0.008845860139,1
0.01640123129,0.0140121812,-0.001238980331,0.009206240065,1
0.01640123129,0.01386901736,-0.001245382475,0.009541867301,1
0.01640123129,0.01372585353,-0.001223530155,0.009676688351,1
0.01640123129,0.01358268969,-0.001348352758,0.009927976876,1
0.01640123129,0.01343952492,-0.001889954438,0.01020745095,1
0.01640123129,0.01329636108,-0.001360227703,0.01041534077,1
0.01640123129,0.01315319724,-0.001342111849,0.01038959343,1
0.01640123129,0.01301003341,-0.001243095379,0.0107569648,1
0.01640123129,0.01286686864,-0.001166359987,0.009906758554,1
0.01640123129,0.0127237048,-0.001232812181,0.01027056854,2
0.01640123129,0.01258054096,-0.001096955035,0.01014446188,2
0.01640123129,0.01243737713,-0.0009622676298,0.00983912684,1
0.01640123129,0.01229421329,-0.0009484469192,0.00977094844,1
0.01640123129,0.01215104852,-0.001061393064,0.009757503867,2
0.01640123129,0.01200788468,-0.0009212109144,0.009427987039,1
0.01640123129,0.01186472084,-0.0009689701255,0.0103621399,1
0.01640123129,0.01172155701,-0.0009432540392,0.009487149306,2
0.01640123129,0.01157839224,-0.001171121257,0.009111396037,1
0.01640123129,0.0114352284,-0.00086470315,0.009121605195,1
0.01640123129,0.01129206456,-0.0008723666542,0.00941483397,1
0.01640123129,0.01114890072,-0.0008619204164,0.009556231089,1
0.01640123129,0.01100573689,-0.0006560530164,0.009375016205,1
0.01640123129,0.01086257212,-0.001190057257,0.009378656745,1
0.01640123129,0.01071940828,-0.001109584933,0.009797259234,2
0.01640123129,0.01057624444,-0.0008033210761,0.01028290391,1
0.01640123129,0.01043308061,-0.0005956801469,0.01067161746,1
0.01640123129,0.01028991584,-0.0004830315884,0.01102540083,1
0.01640123129,0.010146752,-0.0009601984057,0.0125620272,1
0.01640123129,0.01000358816,-0.001215660595,0.01187327504,1
0.01640123129,0.009860424325,-0.001014896668,0.007690427359,1
0.01640123129,0.009717259556,-0.0009575876174,0.006945592351,1
0.01640123129,0.009574095719,-0.0007320734439,0.008961146697,2
0.01640123129,0.009430931881,-0.0006357350503,0.008878744207,1
0.01640123129,0.009287768044,-0.0005643531331,0.008828498423,1
0.01640123129,0.009144604206,-0.000470979372,0.008943288587,1
0.01640123129,0.009001439437,-0.0005356511101,0.008960801177,1
0.01640123129,0.0088582756,-0.000660362246,0.008940719068,2
0.01640123129,0.008715111762,-0.000682071317,0.008964646608,2
0.01640123129,0.008571947925,-0.000751968124,0.009430786595,1
0.01640123129,0.008428783156,-0.0009367602179,0.009319881909,1
0.01640123129,0.008285619318,-0.001278399723,0.008979050443,1
0.01640123129,0.008142455481,-0.001882709214,0.01014145371,1
0.01640123129,0.007999291644,-0.001522166654,0.009330520406,2
0.01640123129,0.007856126875,-0.001100974856,0.009006619453,1
0.01640123129,0.007712963037,-0.0009324731072,0.008724103682,1
0.01640123129,0.0075697992,-0.001067756559,0.009121199138,1
0.01640123129,0.007426635362,-0.001262128819,0.008798758499,1
0.01640123129,0.007283471059,-0.000973316899,0.009236361831,2
0.01640123129,0.007140307222,-0.0007579472149,0.0094108833,2
0.01640123129,0.006997142918,-0.001019389485,0.009589958936,2
0.01640123129,0.006853979081,-0.001044277218,0.009153326042,1
0.01640123129,0.006710814778,-0.0006329877651,0.009843326174,2
0.01640123129,0.00656765094,-0.0007031093701,0.009529505856,2
0.01640123129,0.006424486637,-0.0008637483697,0.009527378716,2
0.01640123129,0.0062813228,-0.0009783661226,0.009331921116,1
0.01640123129,0.006138158496,-0.0009628959815,0.009650391527,1
0.01640123129,0.005994994659,-0.001335284323,0.01002679206,2
0.01640123129,0.005851830821,-0.001704875263,0.01009318326,1
0.01640123129,0.005708666518,-0.001582635217,0.00972724054,1
0.01640123129,0.005565502681,-0.00175213709,0.01012831554,1
0.01640123129,0.005422338378,0.0003296194482,0.009833909571,1
0.01640123129,0.00527917454,-0.0001619051036,0.009590850212,1
0.01640123129,0.005136010237,-0.0008337222971,0.009408829734,2
0.01640123129,0.0049928464,-0.001018425915,0.009741348214,1
0.01640123129,0.004849682096,-0.0008733522845,0.009313493036,1
0.01640123129,0.004706518259,-0.0005735980812,0.009375446476,1
0.01640123129,0.004563353956,-0.001047318568,0.009358935058,1
0.01640123129,0.004420190118,-0.0007637848612,0.008727490902,1
0.01640123129,0.004277025815,-0.0005922201672,0.007989614271,1
0.01640123129,0.004133861978,-0.0005646212376,0.007944108918,1
0.01640123129,0.00399069814,-0.0003899349831,0.008035490289,2
0.01640123129,0.003847533837,-0.0003620864882,0.008260066621,2
0.01640123129,0.003704369767,-0.0003745090507,0.008331647143,2
0.01640123129,0.003561205696,-0.0003776964732,0.008147629909,2
0.01640123129,0.003418041626,-0.0005250982358,0.007432221901,1
0.01640123129,0.003274877556,-0.0004376486759,0.008066479117,2
0.01640123129,0.003131713718,-0.0002829475561,0.008342864923,2
0.01640123129,0.002988549648,7.965802797e-05,0.008678238839,3
0.01640123129,0.002845385578,-0.0002130185458,0.008981571533,2
0.01640123129,0.002702221507,-0.000371742557,0.009511188604,1
0.01640123129,0.002559057437,-0.0006642226945,0.008771011606,1
0.01640123129,0.002415893367,-0.0008372946759,0.009059558623,1
0.01640123129,0.002272729296,-0.0005349818966,0.00758461887,1
0.01640123129,0.002129565226,-0.0007843291387,0.007380094379,2
0.01640123129,0.001986401156,-0.000547110918,0.007325654384,2
0.01640123129,0.001843237202,-7.016734162e-05,0.007176281419,1
0.01640123129,0.001700073131,-7.827912486e-05,0.007037549745,1
0.01640123129,0.001556909061,-0.000288580195,0.007139528636,1
0.01640123129,0.001413744991,-0.0005049570464,0.008161343634,1
0.01640123129,0.00127058092,-0.0005872220499,0.007967185229,1
0.01640123129,0.00112741685,-0.0004934621393,0.007700326387,1
0.01640123129,0.0009842528962,-0.0004690983624,0.007469225209,2
0.01640123129,0.0008410888258,-0.0004141309182,0.007347773295,2
0.01640123129,0.0006979247555,-0.0002883857233,0.007397518493,1
0.01640123129,0.0005547606852,-0.0001425639348,0.007644882891,2
0.01640123129,0.000411596644,-5.981240065e-06,0.006918822881,1
0.01640123129,0.0002684326028,-0.0003188071714,0.005663580261,1
0.01640123129,0.000125268547,-4.167993029e-05,0.006179283839,2
0.01654439606,0.01916608773,-0.001242954284,0.005688945763,2
0.01654439606,0.01902292296,-0.001456372673,0.005590617191,1
0.01654439606,0.01887976006,-0.0008932373021,0.005756831728,2
0.01654439606,0.01873659529,-0.000924379041,0.006077662576,1
0.01654439606,0.01859343052,-0.0008395284531,0.005355193745,1
0.01654439606,0.01845026761,-0.0008037590305,0.005367829464,1
0.01654439606,0.01830710284,-0.0008750723791,0.005322441924,1
0.01654439606,0.01816393808,-0.0008385760593,0.005141999573,1
0.01654439606,0.01802077517,-0.0006282262038,0.005410757381,1
0.01654439606,0.0178776104,-0.0005200520391,0.005435756408,1
0.01654439606,0.01773444749,-0.0003831485519,0.005555565469,1
0.01654439606,0.01759128273,-0.0005351118161,0.005885847379,1
0.01654439606,0.01744811796,-0.0007782790344,0.00649393443,1
0.01654439606,0.01730495505,-0.000986542902,0.006114151329,2
0.01654439606,0.01716179028,-0.001296141767,0.005753989331,1
0.01654439606,0.01701862738,-0.001190663897,0.00593731273,2
0.01654439606,0.01687546261,-0.001545556006,0.00599758327,2
0.01654439606,0.01673229784,-0.001760766143,0.006250877399,1
0.01654439606,0.01658913493,-0.001530355541,0.0070592626,1
0.01654439606,0.01644597016,-0.001640727976,0.007375330199,1
0.01654439606,0.01630280726,-0.001813408337,0.007872775197,1
0.01654439606,0.01615964249,-0.002304198919,0.00785197597,1
0.01654439606,0.01601647772,-0.001714659971,0.008215595037,1
0.01654439606,0.01587331481,-0.00186627137,0.008692839183,1
0.01654439606,0.01573015004,-0.002430272987,0.009011642076,1
0.01654439606,0.01558698621,-0.002000345616,0.008582617156,1
0.01654439606,0.01544382237,-0.001044752426,0.007802043576,1
0.01654439606,0.0153006576,-0.002221205272,0.008827134036,1
0.01654439606,0.01515749376,-0.002121222438,0.009203147143,1
0.01654439606,0.01501432993,-0.001636585104,0.007442131639,1
0.01654439606,0.01487116609,-0.001604748541,0.008083777502,1
0.01654439606,0.01472800132,-0.001665110351,0.009276220575,1
0.01654439606,0.01458483748,-0.001819012454,0.008953711018,1
0.01654439606,0.01444167364,-0.00179492333,0.00852292031,1
0.01654439606,0.01429850981,-0.001434589503,0.008674658835,1
0.01654439606,0.01415534597,-0.001305448124,0.008749599569,1
0.01654439606,0.0140121812,-0.001359828515,0.00908050593,1
0.01654439606,0.01386901736,-0.00132859475,0.00916263368,1
0.01654439606,0.01372585353,-0.001704601804,0.009612865746,1
0.01654439606,0.01358268969,-0.0007579831872,0.01002543513,1
0.01654439606,0.01343952492,-0.0008583895396,0.00977159664,1
0.01654439606,0.01329636108,-0.001336210873,0.009957313538,1
0.01654439606,0.01315319724,-0.001317985123,0.009891079739,1
0.01654439606,0.01301003341,-0.001177719911,0.01028494164,1
0.01654439606,0.01286686864,-0.001062931027,0.009493210353,1
0.01654439606,0.0127237048,-0.001006472623,0.009699713439,1
0.01654439606,0.01258054096,-0.0009328527376,0.009599731304,2
0.01654439606,0.01243737713,-0.0009242002852,0.009260789491,1
0.01654439606,0.01229421329,-0.0009794402868,0.009212301113,1
0.01654439606,0.01215104852,-0.001636652276,0.009307347238,1
0.01654439606,0.01200788468,-0.0006182917859,0.008500459604,1
0.01654439606,0.01186472084,-0.0007916926406,0.008169774897,1
0.01654439606,0.01172155701,-0.0007853655261,0.008394571953,1
0.01654439606,0.01157839224,-0.001023778808,0.008578416891,1
0.01654439606,0.0114352284,-0.00083827856,0.009165648371,1
0.01654439606,0.01129206456,-0.0008861140814,0.009658169933,1
0.01654439606,0.01114890072,-0.0007689519553,0.009575190954,1
0.01654439606,0.01100573689,-0.0004213307693,0.009471904486,1
0.01654439606,0.01086257212,-0.0007270162459,0.009575444274,1
0.01654439606,0.01071940828,-0.0006419033161,0.009262917563,1
0.01654439606,0.01057624444,-0.0002046808077,0.009405569173,1
0.01654439606,0.01043308061,-0.0004573967017,0.01015227847,2
0.01654439606,0.01028991584,-0.0004088438582,0.01093154959,1
0.01654439606,0.010146752,-0.0004894091398,0.01118921116,1
0.01654439606,0.01000358816,-0.001180526102,0.01050233841,1
0.01654439606,0.009860424325,-0.001680101035,0.009124742821,1
0.01654439606,0.009717259556,-0.001154607045,0.008471943438,1
0.01654439606,0.009574095719,-0.0008875848143,0.009863446467,1
0.01654439606,0.009430931881,-0.0005130690988,0.008925108239,1
0.01654439606,0.009287768044,-0.0002553901286,0.009116512723,1
0.01654439606,0.009144604206,-0.000437008508,0.008910580538,1
0.01654439606,0.009001439437,-0.0005118549452,0.008900587447,1
0.01654439606,0.0088582756,-0.0005864588311,0.008884532377,1
0.01654439606,0.008715111762,-0.0006033805548,0.009115612134,1
0.01654439606,0.008571947925,-0.001049699145,0.009597766213,1
0.01654439606,0.008428783156,-0.001367093297,0.00914816279,1
0.01654439606,0.008285619318,-0.001556158182,0.01049718447,1
0.01654439606,0.008142455481,-0.001575332717,0.009859402664,2
0.01654439606,0.007999291644,-0.001636361703,0.009329019114,1
0.01654439606,0.007856126875,-0.001329060993,0.008266111836,1
0.01654439606,0.007712963037,-0.001048385049,0.008334090002,1
0.01654439606,0.0075697992,-0.001061070827,0.008346293122,2
0.01654439606,0.007426635362,-0.001098748646,0.008413251489,1
0.01654439606,0.007283471059,-0.0008033380145,0.008920473978,2
0.01654439606,0.007140307222,-9.951095126e-05,0.008990010247,1
0.01654439606,0.006997142918,-0.001112406957,0.009750546888,1
0.01654439606,0.006853979081,-0.001043477096,0.0101552764,1
0.01654439606,0.006710814778,0.0002858345688,0.01019211113,1
0.01654439606,0.00656765094,-0.0004702299193,0.00959794689,2
0.01654439606,0.006424486637,-0.0005961887655,0.009790104814,1
0.01654439606,0.0062813228,-0.0009656087495,0.009610308334,1
0.01654439606,0.006138158496,-0.0009316742653,0.009780146182,1
0.01654439606,0.005994994659,-0.001236098818,0.01036769524,1
0.01654439606,0.005851830821,-0.001555798342,0.01040347386,1
0.01654439606,0.005708666518,-0.001267089858,0.01035069581,2
0.01654439606,0.005565502681,-0.0008639731677,0.01012964733,1
0.01654439606,0.005422338378,-0.0006003119051,0.01051755156,1
0.01654439606,0.00527917454,-0.00100149482,0.009880661033,1
0.01654439606,0.005136010237,-0.0010859553,0.009055893868,2
0.01654439606,0.0049928464,-0.001164047862,0.009157734923,2
0.01654439606,0.004849682096,-0.001140236738,0.009807753377,1
0.01654439606,0.004706518259,-0.0007363221957,0.009812457487,1
0.01654439606,0.004563353956,-0.0003291534667,0.008956144564,1
0.01654439606,0.004420190118,-0.0004771264212,0.008317627944,1
0.01654439606,0.004277025815,-0.0005005120765,0.007729244884,1
0.01654439606,0.004133861978,-0.0004077952763,0.007810322102,1
0.01654439606,0.00399069814,-0.0002039841638,0.007578569464,1
0.01654439606,0.003847533837,-0.0001655255037,0.007920046337,1
0.01654439606,0.003704369767,-0.0003134302387,0.008129151538,2
0.01654439606,0.003561205696,-0.0004275101819,0.008126165718,2
0.01654439606,0.003418041626,-0.0005834266194,0.007962765172,2
0.01654439606,0.003274877556,-0.0008370898431,0.007965099066,1
0.01654439606,0.003131713718,-0.000506300712,0.008288438432,1
0.01654439606,0.002988549648,-0.0002851035097,0.008613087237,1
0.01654439606,0.002845385578,-0.000312089629,0.008681069128,2
0.01654439606,0.002702221507,-0.0002079198603,0.00901151821,1
0.01654439606,0.002559057437,-0.0001155332138,0.008827907965,1
0.01654439606,0.002415893367,-0.0006745849969,0.00845547393,2
0.01654439606,0.002272729296,-0.001018158509,0.008079688996,1
0.01654439606,0.002129565226,-0.001162544126,0.007406793535,1
0.01654439606,0.001986401156,-0.0007184158894,0.007378483191,2
0.01654439606,0.001843237202,0.0001624681609,0.007200250868,1
0.01654439606,0.001700073131,-0.0001335826091,0.006533411331,1
0.01654439606,0.001556909061,-0.0001488568378,0.006303670816,1
0.01654439606,0.001413744991,-0.0003272274043,0.008486198261,1
0.01654439606,0.00127058092,-0.0004300854343,0.008488521911,1
0.01654439606,0.00112741685,-0.0005184433539,0.008119995706,1
0.01654439606,0.0009842528962,-0.0005669429083,0.007774287835,2
0.01654439606,0.0008410888258,-0.0004539858201,0.007592860144,2
0.01654439606,0.0006979247555,-0.000253104663,0.00819386635,1
0.01654439606,0.0005547606852,-5.69290205e-05,0.009030308574,1
0.01654439606,0.000411596644,-0.0002646855137,0.008260761388,1
0.01654439606,0.0002684326028,-0.0008627231,0.006735391915,1
0.01654439606,0.000125268547,-0.0003346805752,0.006515720859,2
0.01668755896,0.01916608773,-0.001306280261,0.005417843815,1
0.01668755896,0.01902292296,-0.001053391374,0.00549618993,1
0.01668755896,0.01887976006,-0.0009126181831,0.005534332246,1
0.01668755896,0.01873659529,-0.0007427757955,0.005432847422,1
0.01668755896,0.01859343052,-0.0008913801285,0.005032609217,1
0.01668755896,0.01845026761,-0.000939637539,0.00505772233,1
0.01668755896,0.01830710284,-0.0008287006058,0.005217985716,1
0.01668755896,0.01816393808,-0.0006928690127,0.00523057254,2
0.01668755896,0.01802077517,-0.0004706620239,0.005368356127,1
0.01668755896,0.0178776104,-0.0005394487525,0.005334533751,1
0.01668755896,0.01773444749,-0.000575451646,0.005598140415,1
0.01668755896,0.01759128273,-0.0005759365158,0.00558454264,1
0.01668755896,0.01744811796,-0.0006941346801,0.00550803123,1
0.01668755896,0.01730495505,-0.0009455662803,0.005750076845,1
0.01668755896,0.01716179028,-0.0007885889499,0.00543560693,1
0.01668755896,0.01701862738,-0.0006740128156,0.005367309321,1
0.01668755896,0.01687546261,-0.001274946379,0.005090536084,1
0.01668755896,0.01673229784,-0.001581591088,0.005914349109,1
0.01668755896,0.01658913493,-0.00129029376,0.00669762399,1
0.01668755896,0.01644597016,-0.00139628537,0.00691813603,1
0.01668755896,0.01630280726,-0.001527689165,0.007300544996,1
0.01668755896,0.01615964249,-0.001926538418,0.007485339418,1
0.01668755896,0.01601647772,-0.001478961552,0.007791016251,1
0.01668755896,0.01587331481,-0.001456690487,0.008046308532,1
0.01668755896,0.01573015004,-0.00145135005,0.008016606793,1
0.01668755896,0.01558698621,-0.0005379075883,0.007495027035,1
0.01668755896,0.01544382237,-0.0009290276794,0.007247356698,1
0.01668755896,0.0153006576,-0.001001528814,0.007643655408,1
0.01668755896,0.01515749376,-0.001002233475,0.007821382023,1
0.01668755896,0.01501432993,-0.001531922258,0.007929662243,1
0.01668755896,0.01487116609,-0.00162058475,0.00849269703,1
0.01668755896,0.01472800132,-0.001576155191,0.008621075191,1
0.01668755896,0.01458483748,-0.001593664754,0.008511457592,1
0.01668755896,0.01444167364,-0.001684498158,0.008277486078,1
0.01668755896,0.01429850981,-0.001994405407,0.008725136518,1
0.01668755896,0.01415534597,-0.001495992881,0.008670880459,2
0.01668755896,0.0140121812,-0.001324530924,0.008857890032,2
0.01668755896,0.01386901736,-0.00123116991,0.008896318264,2
0.01668755896,0.01372585353,-0.001044699457,0.009010647424,2
0.01668755896,0.01358268969,-0.0006192242727,0.009015278891,1
0.01668755896,0.01343952492,-0.0007626383449,0.009380020201,1
0.01668755896,0.01329636108,-0.0009966588113,0.009205509908,1
0.01668755896,0.01315319724,-0.001133831218,0.008712239563,1
0.01668755896,0.01301003341,-0.001065214979,0.008684057742,2
0.01668755896,0.01286686864,-0.000934958749,0.00794789847,1
0.01668755896,0.0127237048,-0.0006378708058,0.008772559464,1
0.01668755896,0.01258054096,-0.0007037830655,0.009293958545,1
0.01668755896,0.01243737713,-0.000829666038,0.009208103642,1
0.01668755896,0.01229421329,-0.0009556935984,0.008882123046,1
0.01668755896,0.01215104852,-0.001353599131,0.009116591886,1
0.01668755896,0.01200788468,-0.0004906473332,0.008053515106,1
0.01668755896,0.01186472084,-0.0006077514845,0.007562643383,1
0.01668755896,0.01172155701,-0.0006371214986,0.007656415459,1
0.01668755896,0.01157839224,-0.0007554731565,0.008405927569,1
0.01668755896,0.0114352284,-0.0008447201108,0.009112811647,1
0.01668755896,0.01129206456,-0.00103478285,0.009447826073,1
0.01668755896,0.01114890072,-0.0009213555604,0.009366980754,1
0.01668755896,0.01100573689,-0.0007270365022,0.009268695489,2
0.01668755896,0.01086257212,-0.0007015059819,0.009336263873,1
0.01668755896,0.01071940828,-0.0006530851824,0.00899378676,1
0.01668755896,0.01057624444,-0.0002646870562,0.009053820744,1
0.01668755896,0.01043308061,-0.0006203819648,0.009600374848,2
0.01668755896,0.01028991584,-0.0006629661075,0.01026739646,1
0.01668755896,0.010146752,-0.0005573654198,0.01021384541,1
0.01668755896,0.01000358816,-0.001001153374,0.0075927414,1
0.01668755896,0.009860424325,-0.001157383667,0.006998009048,3
0.01668755896,0.009717259556,-0.001069253776,0.007979962043,2
0.01668755896,0.009574095719,-0.0008564798045,0.008677355014,2
0.01668755896,0.009430931881,-0.0006852605147,0.008588241413,1
0.01668755896,0.009287768044,-0.0004267794429,0.008760153316,1
0.01668755896,0.009144604206,-0.0002702241763,0.008856865577,1
0.01668755896,0.009001439437,-0.0004415390722,0.008902964182,2
0.01668755896,0.0088582756,-0.0004639002727,0.00923333317,1
0.01668755896,0.008715111762,-0.0005800838117,0.009209767915,1
0.01668755896,0.008571947925,-0.0008391400333,0.009344960563,1
0.01668755896,0.008428783156,-6.239600043e-05,0.009030952118,3
0.01668755896,0.008285619318,-0.001179982675,0.009943050332,1
0.01668755896,0.008142455481,-0.001226102002,0.009469955228,1
0.01668755896,0.007999291644,-0.001566658961,0.008768375963,1
0.01668755896,0.007856126875,-0.001544040628,0.008901725523,1
0.01668755896,0.007712963037,-0.001078974456,0.00835103076,1
0.01668755896,0.0075697992,-0.001029393054,0.007516633719,1
0.01668755896,0.007426635362,-0.001278119511,0.008430506103,1
0.01668755896,0.007283471059,-0.001041775569,0.00904226955,1
0.01668755896,0.007140307222,-0.001449675066,0.009868348017,1
0.01668755896,0.006997142918,-0.001533628558,0.0101411948,1
0.01668755896,0.006853979081,-0.001125360373,0.009396622889,1
0.01668755896,0.006710814778,-0.0005867952132,0.009378966875,2
0.01668755896,0.00656765094,-0.0008674561977,0.00888006296,1
0.01668755896,0.006424486637,-0.001010067645,0.009664567187,1
0.01668755896,0.0062813228,-0.001195653691,0.0100698946,1
0.01668755896,0.006138158496,-0.001201226609,0.009781293571,1
0.01668755896,0.005994994659,-0.001422852045,0.01028774679,1
0.01668755896,0.005851830821,-0.001552009373,0.01056181267,1
0.01668755896,0.005708666518,-0.001065952471,0.01114242338,1
0.01668755896,0.005565502681,-0.0008213424007,0.009685241617,1
0.01668755896,0.005422338378,-0.001372814644,0.01012508944,1
0.01668755896,0.00527917454,-0.001588977873,0.009328733198,1
0.01668755896,0.005136010237,-0.001344555989,0.007776350714,1
0.01668755896,0.0049928464,-0.001411573496,0.008025945164,1
0.01668755896,0.004849682096,-0.0002972725197,0.008353010751,3
0.01668755896,0.004706518259,-2.724065052e-05,0.008653107099,1
0.01668755896,0.004563353956,-0.0002621428284,0.008443868719,2
0.01668755896,0.004420190118,-0.0001088978024,0.007464352064,1
0.01668755896,0.004277025815,-0.0004012537829,0.007940336131,1
0.01668755896,0.004133861978,-0.0006045011105,0.008486295119,1
0.01668755896,0.00399069814,-0.0001924458338,0.008000238799,1
0.01668755896,0.003847533837,-0.0001152419354,0.008053242229,1
0.01668755896,0.003704369767,-0.0002861761313,0.008138746023,1
0.01668755896,0.003561205696,-0.000435487309,0.008265117183,1
0.01668755896,0.003418041626,-0.0005440083332,0.008327573538,1
0.01668755896,0.003274877556,-9.274306649e-06,0.008731148206,1
0.01668755896,0.003131713718,-0.0001347457292,0.008915196173,1
0.01668755896,0.002988549648,-0.0002320623316,0.008519182913,1
0.01668755896,0.002845385578,-0.000542316644,0.008118098602,1
0.01668755896,0.002702221507,-0.0006458638818,0.008453384042,1
0.01668755896,0.002559057437,-0.0004827558587,0.007904132828,1
0.01668755896,0.002415893367,-0.0007273536758,0.007854742929,1
0.01668755896,0.002272729296,-0.0005573368398,0.00854807999,1
0.01668755896,0.002129565226,-0.0006266041892,0.008534132503,1
0.01668755896,0.001986401156,-0.001326476806,0.007581233047,1
0.01668755896,0.001843237202,0.0001699432178,0.00718323281,1
0.01668755896,0.001700073131,-9.126158693e-05,0.00653668493,1
0.01668755896,0.001556909061,-0.0001951591112,0.006032533478,1
0.01668755896,0.001413744991,-0.0005463467678,0.006844660267,1
0.01668755896,0.00127058092,-0.0003481140011,0.008253994398,1
0.01668755896,0.00112741685,-0.0005430163583,0.00835274253,1
0.01668755896,0.0009842528962,-0.0008262442425,0.007915069349,2
0.01668755896,0.0008410888258,-0.0005817647907,0.007055513561,1
0.01668755896,0.0006979247555,-0.0002556704567,0.007968138903,1
0.01668755896,0.0005547606852,-7.49432802e-05,0.008666384965,1
0.01668755896,0.000411596644,0.0002327687398,0.00830831565,1
0.01668755896,0.0002684326028,-3.044683763e-05,0.007181189489,1
0.01668755896,0.000125268547,-9.963878256e-05,0.006632486358,2
0.01683072373,0.01916608773,-0.0007129694568,0.005159223918,1
0.01683072373,0.01902292296,-0.0006700245431,0.005252484698,1
0.01683072373,0.01887976006,-0.0008295824518,0.005203385837,1
0.01683072373,0.01873659529,-0.0006937546423,0.005064145662,1
0.01683072373,0.01859343052,-0.0009417328401,0.004934645258,1
0.01683072373,0.01845026761,-0.0009274363401,0.004895831458,1
0.01683072373,0.01830710284,-0.0006658533821,0.004984894767,1
0.01683072373,0.01816393808,-0.0006335373619,0.00519394828,2
0.01683072373,0.01802077517,-0.0005485085421,0.005496551748,1
0.01683072373,0.0178776104,-0.0005409220466,0.005503543653,1
0.01683072373,0.01773444749,-0.0005845719716,0.005225005094,1
0.01683072373,0.01759128273,-0.0007013803697,0.005054933485,1
0.01683072373,0.01744811796,-0.000712557754,0.004957759287,1
0.01683072373,0.01730495505,-0.0007066252292,0.005265607499,1
0.01683072373,0.01716179028,-0.000518877001,0.005289423279,1
0.01683072373,0.01701862738,-0.000489844766,0.005103849806,1
0.01683072373,0.01687546261,-0.0007321976591,0.005832991097,1
0.01683072373,0.01673229784,-0.0009203838999,0.006541461684,1
0.01683072373,0.01658913493,-0.001109198201,0.006429406349,1
0.01683072373,0.01644597016,-0.001169736963,0.006622537039,2
0.01683072373,0.01630280726,-0.001319143688,0.006624964997,2
0.01683072373,0.01615964249,-0.00160616776,0.006077900063,1
0.01683072373,0.01601647772,-0.001774859498,0.006326930597,1
0.01683072373,0.01587331481,-0.001236058073,0.006897803862,2
0.01683072373,0.01573015004,-0.0003059155424,0.006635189522,1
0.01683072373,0.01558698621,-0.0009824746521,0.006703476887,1
0.01683072373,0.01544382237,-0.002095329808,0.007915434428,1
0.01683072373,0.0153006576,-0.001721642097,0.006816386245,1
0.01683072373,0.01515749376,-0.001780700055,0.007131197955,1
0.01683072373,0.01501432993,-0.00172008865,0.007743963506,1
0.01683072373,0.01487116609,-0.00168271421,0.007934707217,1
0.01683072373,0.01472800132,-0.001611655229,0.00799594447,1
0.01683072373,0.01458483748,-0.001473737648,0.008185449056,1
0.01683072373,0.01444167364,-0.001543625491,0.008271791972,1
0.01683072373,0.01429850981,-0.001685605035,0.008434217423,1
0.01683072373,0.01415534597,-0.00135958707,0.008350892924,1
0.01683072373,0.0140121812,-0.001211132272,0.008783857338,1
0.01683072373,0.01386901736,-0.001226854627,0.008554101922,1
0.01683072373,0.01372585353,-0.0006238016067,0.008518127725,1
0.01683072373,0.01358268969,-0.0006261556409,0.008742174134,1
0.01683072373,0.01343952492,-0.00104578177,0.008682385087,1
0.01683072373,0.01329636108,-0.0009648789419,0.008610813878,1
0.01683072373,0.01315319724,-0.001041690004,0.00817130506,1
0.01683072373,0.01301003341,-0.001014350215,0.007791153621,1
0.01683072373,0.01286686864,-0.0008141907165,0.008281667717,1
0.01683072373,0.0127237048,-0.0004644719884,0.0087071741,1
0.01683072373,0.01258054096,-0.000679947203,0.009094833396,1
0.01683072373,0.01243737713,-0.000833172875,0.009157497436,1
0.01683072373,0.01229421329,-0.001115190331,0.008539182134,1
0.01683072373,0.01215104852,-0.001006103121,0.008420120925,2
0.01683072373,0.01200788468,-0.000645511609,0.008058589883,1
0.01683072373,0.01186472084,-0.0005204382469,0.007443794049,1
0.01683072373,0.01172155701,-0.0004983574036,0.007091499399,1
0.01683072373,0.01157839224,-0.0006971421535,0.008101020008,1
0.01683072373,0.0114352284,-0.0008499957039,0.008715458214,1
0.01683072373,0.01129206456,-0.001060438459,0.00899911765,1
0.01683072373,0.01114890072,-0.001020065392,0.008763133548,2
0.01683072373,0.01100573689,-0.0008639536682,0.008899634704,2
0.01683072373,0.01086257212,-0.0007420232287,0.008930130862,2
0.01683072373,0.01071940828,-0.0007204368594,0.008927387185,2
0.01683072373,0.01057624444,-0.000948661298,0.008719862439,1
0.01683072373,0.01043308061,-0.001096478081,0.008928003721,1
0.01683072373,0.01028991584,-0.0007894595037,0.008781898767,1
0.01683072373,0.010146752,-0.0007524291868,0.008384548128,1
0.01683072373,0.01000358816,-0.0007210120093,0.008374255151,1
0.01683072373,0.009860424325,-0.0008650438394,0.00764283305,1
0.01683072373,0.009717259556,-0.001108544646,0.007772542071,1
0.01683072373,0.009574095719,-0.0007838201127,0.008277769201,1
0.01683072373,0.009430931881,-0.0006373993238,0.008368352428,1
0.01683072373,0.009287768044,-0.0004781363241,0.008233265951,1
0.01683072373,0.009144604206,-0.0004955918412,0.008422051556,1
0.01683072373,0.009001439437,-0.0005201769527,0.008621070534,2
0.01683072373,0.0088582756,-0.0005233582924,0.009162312374,1
0.01683072373,0.008715111762,-0.0004313574464,0.009149868973,1
0.01683072373,0.008571947925,-0.0003117073793,0.008629127406,1
0.01683072373,0.008428783156,-0.0005633351975,0.008115657605,1
0.01683072373,0.008285619318,-0.0006331662298,0.008194334805,1
0.01683072373,0.008142455481,-0.0007076655165,0.008618712425,1
0.01683072373,0.007999291644,-0.001044516102,0.008958273567,1
0.01683072373,0.007856126875,-0.001030948129,0.009088093415,1
0.01683072373,0.007712963037,-0.0009415940731,0.008853260428,1
0.01683072373,0.0075697992,-0.001065887976,0.008526585996,1
0.01683072373,0.007426635362,-0.001312263659,0.008578030393,1
0.01683072373,0.007283471059,-0.001183359767,0.009701186791,1
0.01683072373,0.007140307222,-0.001586024417,0.01061353274,1
0.01683072373,0.006997142918,-0.001861581695,0.0104643777,1
0.01683072373,0.006853979081,-0.0004116470518,0.009152088314,1
0.01683072373,0.006710814778,-0.0006401988212,0.009047067724,2
0.01683072373,0.00656765094,-0.0009066043422,0.008467061445,1
0.01683072373,0.006424486637,-0.001298777759,0.009738948196,1
0.01683072373,0.0062813228,-0.001406179159,0.01027370431,1
0.01683072373,0.006138158496,-0.001289735083,0.009725818411,1
0.01683072373,0.005994994659,-0.001380464179,0.009927226231,2
0.01683072373,0.005851830821,-0.001284030033,0.009899842553,1
0.01683072373,0.005708666518,-0.001659222879,0.01055133156,1
0.01683072373,0.005565502681,-0.001452223863,0.009791291319,1
0.01683072373,0.005422338378,-0.001181451487,0.009626303799,2
0.01683072373,0.00527917454,-0.0008473318303,0.009374088608,1
0.01683072373,0.005136010237,-0.0008921960252,0.009374170564,1
0.01683072373,0.0049928464,-0.000602688815,0.008490716107,1
0.01683072373,0.004849682096,-0.0008880820242,0.008925595321,1
0.01683072373,0.004706518259,-0.0006630588905,0.008771161549,1
0.01683072373,0.004563353956,-0.000583279354,0.008701870218,2
0.01683072373,0.004420190118,-0.0004070517607,0.008525933139,2
0.01683072373,0.004277025815,0.0003406135656,0.008789632469,1
0.01683072373,0.004133861978,0.0001050213177,0.008722580969,1
0.01683072373,0.00399069814,-0.0001576297218,0.008001958951,1
0.01683072373,0.003847533837,-0.0001978468645,0.007934278809,1
0.01683072373,0.003704369767,-0.0003718304797,0.008036172949,1
0.01683072373,0.003561205696,-0.0005353775341,0.008367623203,1
0.01683072373,0.003418041626,-0.0009251171723,0.008663008921,1
0.01683072373,0.003274877556,-0.0002783894015,0.008795742877,1
0.01683072373,0.003131713718,-0.0002470031031,0.008855018765,1
0.01683072373,0.002988549648,-0.000261504465,0.008503248915,1
0.01683072373,0.002845385578,-0.000620943727,0.007975568995,1
0.01683072373,0.002702221507,-0.000620454899,0.008216862567,1
0.01683072373,0.002559057437,-0.0003544873034,0.007417529821,1
0.01683072373,0.002415893367,-0.0006170531851,0.00735558616,1
0.01683072373,0.002272729296,-0.0006986468215,0.008339556865,1
0.01683072373,0.002129565226,-0.0007825758075,0.008363487199,1
0.01683072373,0.001986401156,-0.000617589918,0.007981746458,2
0.01683072373,0.001843237202,-4.226338206e-05,0.007861625403,1
0.01683072373,0.001700073131,-2.889369534e-05,0.008586503565,1
0.01683072373,0.001556909061,-0.0003317246155,0.007334728725,2
0.01683072373,0.001413744991,-0.0005054701469,0.00688673323,1
0.01683072373,0.00127058092,-0.0002824352414,0.008116525598,1
0.01683072373,0.00112741685,-0.001008137595,0.008856617846,1
0.01683072373,0.0009842528962,-0.001613252913,0.00847773347,1
0.01683072373,0.0008410888258,-0.0006970196264,0.007269882597,1
0.01683072373,0.0006979247555,-0.0001760471059,0.00821900554,2
0.01683072373,0.0005547606852,-7.482481305e-05,0.007464341354,1
0.01683072373,0.000411596644,0.0002144530736,0.007497029379,1
0.01683072373,0.0002684326028,0.0003061776224,0.006957022939,1
0.01683072373,0.000125268547,6.621107605e-05,0.006200549193,1
0.0169738885,0.01916608773,-0.0005175190163,0.00542538939,1
0.0169738885,0.01902292296,-0.0003191307478,0.005055805203,1
0.0169738885,0.01887976006,-0.0006633128505,0.004984708503,2
0.0169738885,0.01873659529,-0.0007533401367,0.004876909778,2
0.0169738885,0.01859343052,-0.0008535797242,0.004800715484,1
0.0169738885,0.01845026761,-0.0008608225035,0.004813923966,1
0.0169738885,0.01830710284,-0.0007326591294,0.004817868583,2
0.0169738885,0.01816393808,-0.0006269185687,0.005063775461,2
0.0169738885,0.01802077517,-0.0005449532764,0.005448113661,1
0.0169738885,0.0178776104,-0.0004970667651,0.005324337631,1
0.0169738885,0.01773444749,-0.0005052158958,0.004638146609,1
0.0169738885,0.01759128273,-0.0005838818033,0.004667974543,1
0.0169738885,0.01744811796,-0.0006327746669,0.004582723137,1
0.0169738885,0.01730495505,-0.0007419617032,0.005072814412,1
0.0169738885,0.01716179028,-0.0005337348557,0.005397667177,3
0.0169738885,0.01701862738,-0.000610441959,0.004372239579,1
0.0169738885,0.01687546261,-0.0008280558395,0.005206449423,1
0.0169738885,0.01673229784,-0.0009362212149,0.005493041594,1
0.0169738885,0.01658913493,-0.0009223626112,0.005932435859,1
0.0169738885,0.01644597016,-0.0008543205913,0.006517641712,3
0.0169738885,0.01630280726,-0.0009729809244,0.006498878356,2
0.0169738885,0.01615964249,-0.001472209231,0.006565334741,1
0.0169738885,0.01601647772,-0.001479480066,0.006320697255,1
0.0169738885,0.01587331481,-0.001406767056,0.00658278726,1
0.0169738885,0.01573015004,-0.001996997977,0.006183566526,1
0.0169738885,0.01558698621,-0.001696622814,0.006425185595,2
0.0169738885,0.01544382237,-0.001724265865,0.006439932156,1
0.0169738885,0.0153006576,-0.001544324565,0.006770033855,1
0.0169738885,0.01515749376,-0.001543834573,0.006874691695,1
0.0169738885,0.01501432993,-0.001647496247,0.007291505579,1
0.0169738885,0.01487116609,-0.001721023466,0.007563752588,1
0.0169738885,0.01472800132,-0.001682094415,0.007720040157,1
0.0169738885,0.01458483748,-0.001716124127,0.008736322634,1
0.0169738885,0.01444167364,-0.001644481672,0.008790719323,1
0.0169738885,0.01429850981,-0.001857219613,0.008678494021,1
0.0169738885,0.01415534597,-0.001635446446,0.008624908514,1
0.0169738885,0.0140121812,-0.001465519425,0.008252805099,1
0.0169738885,0.01386901736,-0.001083575771,0.008335831575,2
0.0169738885,0.01372585353,-0.0007340104203,0.008016481064,1
0.0169738885,0.01358268969,-0.0005960226408,0.008297307417,1
0.0169738885,0.01343952492,-0.000808281533,0.008279399946,2
0.0169738885,0.01329636108,-0.0009589042165,0.008066204377,1
0.0169738885,0.01315319724,-0.000900738698,0.007644919679,1
0.0169738885,0.01301003341,-0.0007256639656,0.0075458684,1
0.0169738885,0.01286686864,-0.0007980501396,0.007918016054,1
0.0169738885,0.0127237048,-0.0006981859333,0.008146192878,1
0.0169738885,0.01258054096,-0.0007776779239,0.008723977953,1
0.0169738885,0.01243737713,-0.0008726884262,0.009063949808,1
0.0169738885,0.01229421329,-0.001365824137,0.0078399349,1
0.0169738885,0.01215104852,-0.0009101112955,0.00796612259,2
0.0169738885,0.01200788468,-0.0007738375571,0.007949354127,1
0.0169738885,0.01186472084,-0.0008291653357,0.007814705372,1
0.0169738885,0.01172155701,-0.001033753739,0.007581461687,1
0.0169738885,0.01157839224,-0.0005971320206,0.007550598588,2
0.0169738885,0.0114352284,-7.01574827e-05,0.007335137576,1
0.0169738885,0.01129206456,-0.0007290960057,0.007915877737,2
0.0169738885,0.01114890072,-0.00123451394,0.007786805741,1
0.0169738885,0.01100573689,-0.0009666894912,0.008636574261,1
0.0169738885,0.01086257212,-0.0006821962888,0.008557237685,1
0.0169738885,0.01071940828,-0.0005379777867,0.009065769613,1
0.0169738885,0.01057624444,-0.001096052001,0.008349929005,1
0.0169738885,0.01043308061,-0.0007547195419,0.00825970713,1
0.0169738885,0.01028991584,-0.0008750585257,0.008825844154,1
0.0169738885,0.010146752,-0.0009951288812,0.009285930544,1
0.0169738885,0.01000358816,-0.0008256870206,0.008983292617,1
0.0169738885,0.009860424325,-0.0006090074894,0.007788369432,1
0.0169738885,0.009717259556,-0.0007375405403,0.007663346827,1
0.0169738885,0.009574095719,-0.0007319514407,0.00775473984,1
0.0169738885,0.009430931881,-0.0006376259262,0.007901637815,1
0.0169738885,0.009287768044,-0.0005008234293,0.007952639833,1
0.0169738885,0.009144604206,-0.0005555185489,0.007941387594,2
0.0169738885,0.009001439437,-0.0006202185177,0.007996952161,2
0.0169738885,0.0088582756,-0.0006058314466,0.008191927336,2
0.0169738885,0.008715111762,-0.0004556764616,0.008196928538,1
0.0169738885,0.008571947925,-0.0005968439509,0.007865657099,1
0.0169738885,0.008428783156,-0.0005867260043,0.007853601128,1
0.0169738885,0.008285619318,-0.0005187364295,0.007939510979,1
0.0169738885,0.008142455481,-0.0005914043868,0.008653686382,1
0.0169738885,0.007999291644,-0.0007568598958,0.008872503415,1
0.0169738885,0.007856126875,-0.0007710800273,0.008777515031,1
0.0169738885,0.007712963037,-0.0008757593459,0.008804957382,1
0.0169738885,0.0075697992,-0.001013466972,0.008589222096,1
0.0169738885,0.007426635362,-0.001155865612,0.008347088471,1
0.0169738885,0.007283471059,-0.00143090717,0.00933688879,1
0.0169738885,0.007140307222,-0.001736780512,0.01018352248,1
0.0169738885,0.006997142918,-0.001847125357,0.01005851943,1
0.0169738885,0.006853979081,-0.00089125667,0.01021892671,1
0.0169738885,0.006710814778,-0.0006557485904,0.009190155193,1
0.0169738885,0.00656765094,-0.001040037605,0.008513764478,1
0.0169738885,0.006424486637,-0.001590353786,0.009879283607,1
0.0169738885,0.0062813228,-0.001708608586,0.01032892894,1
0.0169738885,0.006138158496,-0.001157755847,0.009378626011,1
0.0169738885,0.005994994659,-0.001525239786,0.00979549624,1
0.0169738885,0.005851830821,-0.001670630416,0.009561328217,1
0.0169738885,0.005708666518,-0.001228560694,0.0100367181,1
0.0169738885,0.005565502681,-0.001189648639,0.008750200272,1
0.0169738885,0.005422338378,-0.001053435262,0.009214746766,2
0.0169738885,0.00527917454,-0.000870609947,0.009565248154,1
0.0169738885,0.005136010237,-0.00112995191,0.009590700269,1
0.0169738885,0.0049928464,-0.001215046155,0.008919712156,1
0.0169738885,0.004849682096,-0.0009942138568,0.009281082079,1
0.0169738885,0.004706518259,-0.0008599428111,0.00897872448,1
0.0169738885,0.004563353956,-0.001000863966,0.009066520259,1
0.0169738885,0.004420190118,-0.001276643365,0.009147875942,3
0.0169738885,0.004277025815,-5.312476787e-05,0.009365460835,1
0.0169738885,0.004133861978,7.227689639e-05,0.008811181411,1
0.0169738885,0.00399069814,-0.0001480945066,0.008319394663,1
0.0169738885,0.003847533837,-0.0003524126369,0.008285722695,1
0.0169738885,0.003704369767,-0.0003415970132,0.008248701692,1
0.0169738885,0.003561205696,-0.0004116692289,0.008600821719,1
0.0169738885,0.003418041626,-0.0007245351444,0.008793312125,1
0.0169738885,0.003274877556,-0.0004855257284,0.008529318497,1
0.0169738885,0.003131713718,-0.0007045710809,0.00863543991,1
0.0169738885,0.002988549648,-0.0008181138546,0.009657403454,1
0.0169738885,0.002845385578,-0.0001798789017,0.008907267824,1
0.0169738885,0.002702221507,-0.0006203406374,0.00828955695,1
0.0169738885,0.002559057437,3.521544568e-05,0.007973520085,1
0.0169738885,0.002415893367,-0.0003482992761,0.007802129723,1
0.0169738885,0.002272729296,-0.000600190775,0.007868795656,1
0.0169738885,0.002129565226,-0.0005014997441,0.007775764447,1
0.0169738885,0.001986401156,-0.0003190438147,0.00812063925,2
0.0169738885,0.001843237202,-1.456028713e-05,0.008741719648,1
0.0169738885,0.001700073131,-0.0001018784969,0.008331449702,1
0.0169738885,0.001556909061,-0.0005973755033,0.007833145559,2
0.0169738885,0.001413744991,-0.001211369177,0.007960717194,1
0.0169738885,0.00127058092,-0.0003432160593,0.007164753508,1
0.0169738885,0.00112741685,1.015202815e-05,0.006780408323,1
0.0169738885,0.0009842528962,2.400889571e-05,0.008445233107,1
0.0169738885,0.0008410888258,-6.702884275e-05,0.008798280731,2
0.0169738885,0.0006979247555,0.0003233265015,0.01017365884,1
0.0169738885,0.0005547606852,-0.0005950137274,0.006521652918,1
0.0169738885,0.000411596644,-0.0006512115942,0.006525902078,1
0.0169738885,0.0002684326028,-0.0005404209369,0.007290712092,1
0.0169738885,0.000125268547,0.0004909890122,0.007096688729,1
0.01711705141,0.01916608773,-0.000976954354,0.005124195945,1
0.01711705141,0.01902292296,-0.0006585286465,0.004909832962,1
0.01711705141,0.01887976006,-0.000751197862,0.00480273366,2
0.01711705141,0.01873659529,-0.0008027133881,0.004658069927,1
0.01711705141,0.01859343052,-0.0008548458572,0.004675956909,1
0.01711705141,0.01845026761,-0.0009034118266,0.004565680865,1
0.01711705141,0.01830710284,-0.0007770420052,0.00440887874,1
0.01711705141,0.01816393808,-0.0005965245073,0.00479517132,2
0.01711705141,0.01802077517,-0.0003135703737,0.005225391593,1
0.01711705141,0.0178776104,-0.0002354389144,0.005195382517,1
0.01711705141,0.01773444749,-0.000513620791,0.004777393304,2
0.01711705141,0.01759128273,-0.0004380432947,0.004291171674,1
0.01711705141,0.01744811796,-0.0006108926609,0.004344599321,1
0.01711705141,0.01730495505,-0.0008621445741,0.00477773184,1
0.01711705141,0.01716179028,-0.0006626023678,0.004999134224,1
0.01711705141,0.01701862738,-0.0005318141193,0.005020664539,1
0.01711705141,0.01687546261,-0.0008750748239,0.00470313197,1
0.01711705141,0.01673229784,-0.0009195158491,0.004682895262,1
0.01711705141,0.01658913493,-0.0009424138698,0.004783116281,1
0.01711705141,0.01644597016,-0.0007151415921,0.005817409605,2
0.01711705141,0.01630280726,-0.0002462502744,0.006287571508,1
0.01711705141,0.01615964249,-0.001400124165,0.006051619072,1
0.01711705141,0.01601647772,-0.001453829696,0.005730975419,1
0.01711705141,0.01587331481,-0.001421242254,0.006208436564,1
0.01711705141,0.01573015004,-0.001968312543,0.006311416626,1
0.01711705141,0.01558698621,-0.002082752995,0.00637376681,1
0.01711705141,0.01544382237,-0.001705463626,0.006563055329,1
0.01711705141,0.0153006576,-0.001556912553,0.006725027692,1
0.01711705141,0.01515749376,-0.001584559679,0.006699298974,1
0.01711705141,0.01501432993,-0.001729669399,0.006998651195,1
0.01711705141,0.01487116609,-0.001671292935,0.007399556227,1
0.01711705141,0.01472800132,-0.001487415284,0.007616491523,1
0.01711705141,0.01458483748,-0.001380113768,0.008346802555,1
0.01711705141,0.01444167364,-0.001388523495,0.00844566524,1
0.01711705141,0.01429850981,-0.001534547773,0.008467334323,1
0.01711705141,0.01415534597,-0.001100496273,0.008100290783,1
0.01711705141,0.0140121812,-0.0007781417808,0.007823280059,1
0.01711705141,0.01386901736,-0.0009079183801,0.008519938216,1
0.01711705141,0.01372585353,-0.0006016470143,0.008009899408,2
0.01711705141,0.01358268969,-0.0006023525493,0.008020414039,2
0.01711705141,0.01343952492,-0.0006324176211,0.008071703836,1
0.01711705141,0.01329636108,-0.0006671523442,0.007118071895,1
0.01711705141,0.01315319724,-0.000673502218,0.007339283358,1
0.01711705141,0.01301003341,-0.0008095672238,0.007592865266,2
0.01711705141,0.01286686864,-0.0008677676087,0.007483371999,1
0.01711705141,0.0127237048,-0.0007173520862,0.007456535473,1
0.01711705141,0.01258054096,-0.0006548285019,0.00810773205,2
0.01711705141,0.01243737713,-0.0004034848535,0.008317005821,1
0.01711705141,0.01229421329,-0.0004400282342,0.007957438938,1
0.01711705141,0.01215104852,-0.0004946804256,0.007655077148,1
0.01711705141,0.01200788468,-0.0004957007477,0.007783338428,1
0.01711705141,0.01186472084,-0.000861457258,0.00786291156,1
0.01711705141,0.01172155701,-0.001237752382,0.007613451686,1
0.01711705141,0.01157839224,-0.0005874745548,0.007184774149,2
0.01711705141,0.0114352284,8.48524287e-05,0.006682542618,1
0.01711705141,0.01129206456,-0.0005512742791,0.00754244905,1
0.01711705141,0.01114890072,-0.0007467007381,0.007135196589,1
0.01711705141,0.01100573689,-0.0007465345552,0.007033849135,1
0.01711705141,0.01086257212,-0.0005955620436,0.007459610235,2
0.01711705141,0.01071940828,-0.0005196265993,0.007920998149,2
0.01711705141,0.01057624444,-0.0004262267903,0.008240191266,1
0.01711705141,0.01043308061,-0.0004384894855,0.008331153542,1
0.01711705141,0.01028991584,-0.0008474698407,0.008495041169,1
0.01711705141,0.010146752,-0.0009990141261,0.008882057853,1
0.01711705141,0.01000358816,-0.00110869552,0.009010052308,1
0.01711705141,0.009860424325,-0.0007985317498,0.008072031662,1
0.01711705141,0.009717259556,-0.0007529690629,0.007690472063,1
0.01711705141,0.009574095719,-0.000784462376,0.007625471801,1
0.01711705141,0.009430931881,-0.0007779725129,0.007531857584,1
0.01711705141,0.009287768044,-0.0006848410121,0.007624946535,2
0.01711705141,0.009144604206,-0.0006054403493,0.00739390403,1
0.01711705141,0.009001439437,-0.0007993472973,0.007233425975,1
0.01711705141,0.0088582756,-0.0008240724565,0.007411516737,1
0.01711705141,0.008715111762,-0.0004840297333,0.00727953529,1
0.01711705141,0.008571947925,-0.0005720853806,0.007376222871,1
0.01711705141,0.008428783156,-0.000572497549,0.007500966545,1
0.01711705141,0.008285619318,-0.0007338723517,0.007993163541,1
0.01711705141,0.008142455481,-0.0009599202313,0.008488019928,1
0.01711705141,0.007999291644,-0.0006057322607,0.008120511658,1
0.01711705141,0.007856126875,-0.0007522292435,0.007889665663,1
0.01711705141,0.007712963037,-0.0007132602623,0.007775588892,1
0.01711705141,0.0075697992,-0.000896938669,0.007759559434,2
0.01711705141,0.007426635362,-0.001091545681,0.007788009476,1
0.01711705141,0.007283471059,-0.001357071218,0.008585779928,1
0.01711705141,0.007140307222,-0.001660351059,0.009071421809,1
0.01711705141,0.006997142918,-0.001076946151,0.008975744247,1
0.01711705141,0.006853979081,-0.001325843157,0.009146426804,1
0.01711705141,0.006710814778,-0.001261872821,0.008802883327,1
0.01711705141,0.00656765094,-0.001156809274,0.00863541197,1
0.01711705141,0.006424486637,-0.00133031141,0.009150138125,2
0.01711705141,0.0062813228,-0.001406489639,0.009507028386,2
0.01711705141,0.006138158496,-0.001396149979,0.009183526039,1
0.01711705141,0.005994994659,-0.00139372563,0.009319004603,1
0.01711705141,0.005851830821,-0.001399959321,0.009306906722,1
0.01711705141,0.005708666518,-0.001138736028,0.008971477859,1
0.01711705141,0.005565502681,-0.001112913596,0.008508691564,1
0.01711705141,0.005422338378,-0.0009720312082,0.008917234838,2
0.01711705141,0.00527917454,-0.0007795317215,0.008998591453,1
0.01711705141,0.005136010237,-0.001209853566,0.009167338721,1
0.01711705141,0.0049928464,-0.001210473012,0.009049118496,1
0.01711705141,0.004849682096,-0.001217597281,0.008521913551,1
0.01711705141,0.004706518259,-0.001275612274,0.008705001324,1
0.01711705141,0.004563353956,-0.001553684124,0.008970981464,1
0.01711705141,0.004420190118,-0.00132686377,0.009665275924,1
0.01711705141,0.004277025815,-0.0009246586706,0.009614461102,1
0.01711705141,0.004133861978,-0.0005043984856,0.009023736231,1
0.01711705141,0.00399069814,-0.0003485662164,0.008476433344,1
0.01711705141,0.003847533837,-0.0002483131539,0.008250387385,1
0.01711705141,0.003704369767,-0.0001437997125,0.008409927599,1
0.01711705141,0.003561205696,-0.0005854744231,0.00865781121,1
0.01711705141,0.003418041626,-0.001025599195,0.008582653478,1
0.01711705141,0.003274877556,-0.000712484878,0.009032148868,3
0.01711705141,0.003131713718,-0.0009772435296,0.009108772501,1
0.01711705141,0.002988549648,-0.0005682705087,0.00931438338,2
0.01711705141,0.002845385578,5.084862096e-06,0.009375263937,1
0.01711705141,0.002702221507,-0.0007408714737,0.007849204354,1
0.01711705141,0.002559057437,6.84923798e-05,0.008213771507,1
0.01711705141,0.002415893367,-0.0002600344014,0.008637370542,1
0.01711705141,0.002272729296,-0.0004654873046,0.008137164637,1
0.01711705141,0.002129565226,-0.0003064703487,0.007588242181,1
0.01711705141,0.001986401156,-0.0001425252703,0.007983326912,2
0.01711705141,0.001843237202,0.0001538710785,0.007950901985,1
0.01711705141,0.001700073131,0.0003477322753,0.007341219112,1
0.01711705141,0.001556909061,-0.0007445295923,0.007705684751,1
0.01711705141,0.001413744991,-0.0007707278128,0.007549640257,2
0.01711705141,0.00127058092,-2.394972944e-05,0.006857935805,1
0.01711705141,0.00112741685,0.0001191560805,0.006653892808,1
0.01711705141,0.0009842528962,0.0001246270403,0.009120039642,1
0.01711705141,0.0008410888258,8.156884724e-05,0.009304347448,1
0.01711705141,0.0006979247555,-0.0002026191505,0.005183191039,1
0.01711705141,0.0005547606852,-0.0005878718221,0.006527774502,1
0.01711705141,0.000411596644,-0.0005951802596,0.006712227594,1
0.01711705141,0.0002684326028,-0.0003954189306,0.008163567632,1
0.01711705141,0.000125268547,0.0001323733886,0.008376342244,1
0.01726021618,0.01916608773,-0.001264511608,0.004209022969,1
0.01726021618,0.01902292296,-0.0009479463333,0.004459059797,1
0.01726021618,0.01887976006,-0.0008802367374,0.004658323713,2
0.01726021618,0.01873659529,-0.000849272823,0.004571034107,1
0.01726021618,0.01859343052,-0.0008555616951,0.004462971352,1
0.01726021618,0.01845026761,-0.001332733431,0.004446543753,1
0.01726021618,0.01830710284,-0.0004877033061,0.004253916442,1
0.01726021618,0.01816393808,-0.000668566965,0.004482638091,2
0.01726021618,0.01802077517,-0.00059062941,0.00425832998,1
0.01726021618,0.0178776104,-0.0005501965061,0.004916092381,1
0.01726021618,0.01773444749,-0.0008757849573,0.004984871484,1
0.01726021618,0.01759128273,-0.00106909743,0.003654676257,1
0.01726021618,0.01744811796,-0.0008800994256,0.004014723003,1
0.01726021618,0.01730495505,-0.0008073259378,0.004604439251,1
0.01726021618,0.01716179028,-0.0007040066994,0.0047710035,1
0.01726021618,0.01701862738,-0.0005138193374,0.004862429574,1
0.01726021618,0.01687546261,-0.0006667821435,0.00507247448,1
0.01726021618,0.01673229784,-0.0008120524581,0.004657094367,1
0.01726021618,0.01658913493,-0.0008410129813,0.005171894096,1
0.01726021618,0.01644597016,-0.0008175817784,0.005681308452,2
0.01726021618,0.01630280726,-0.0005676727742,0.005735894665,1
0.01726021618,0.01615964249,-0.0009136216831,0.005638410803,1
0.01726021618,0.01601647772,-0.0009934193222,0.005899941549,1
0.01726021618,0.01587331481,-0.001454995712,0.005946820602,1
0.01726021618,0.01573015004,-0.001581580844,0.006537281908,1
0.01726021618,0.01558698621,-0.001710966812,0.007224783301,1
0.01726021618,0.01544382237,-0.001645478536,0.007031043991,1
0.01726021618,0.0153006576,-0.001599215437,0.006448274944,1
0.01726021618,0.01515749376,-0.001745205955,0.006559068337,1
0.01726021618,0.01501432993,-0.001763621462,0.006929080468,1
0.01726021618,0.01487116609,-0.001782324864,0.007446494419,1
0.01726021618,0.01472800132,-0.001444862224,0.007615098264,1
0.01726021618,0.01458483748,-0.001150039141,0.007844679989,1
0.01726021618,0.01444167364,-0.001139247557,0.007825168781,1
0.01726021618,0.01429850981,-0.001135223894,0.008047646843,1
0.01726021618,0.01415534597,-0.0005529915798,0.008209896274,1
0.01726021618,0.0140121812,-0.0007188331219,0.007881777361,2
0.01726021618,0.01386901736,-0.0008111519855,0.007871813141,1
0.01726021618,0.01372585353,-0.0001623066928,0.007482762914,1
0.01726021618,0.01358268969,-0.0005793229211,0.007702745963,1
0.01726021618,0.01343952492,-0.0008008166333,0.00760203274,1
0.01726021618,0.01329636108,-0.0007308024215,0.00735894125,1
0.01726021618,0.01315319724,-0.0006188857369,0.007501835469,1
0.01726021618,0.01301003341,-0.000971335161,0.008002937771,1
0.01726021618,0.01286686864,-0.0004463312507,0.007575534284,1
0.01726021618,0.0127237048,-0.0005712491111,0.007997435518,1
0.01726021618,0.01258054096,-0.0007207991439,0.007933409885,1
0.01726021618,0.01243737713,-0.0005898261443,0.007687261328,1
0.01726021618,0.01229421329,-0.0006067659706,0.007525683381,1
0.01726021618,0.01215104852,-0.0004913944867,0.007609111257,1
0.01726021618,0.01200788468,-0.0005188382347,0.007124827709,1
0.01726021618,0.01186472084,-0.0007378430455,0.006901307032,1
0.01726021618,0.01172155701,-0.000505158212,0.006612661295,1
0.01726021618,0.01157839224,-0.0005998663255,0.006892503705,1
0.01726021618,0.0114352284,-0.000620907289,0.006761011202,1
0.01726021618,0.01129206456,-0.0005781601649,0.007107106037,1
0.01726021618,0.01114890072,-0.000504183583,0.007122246549,1
0.01726021618,0.01100573689,-0.0004728925414,0.006636906881,1
0.01726021618,0.01086257212,-0.0004338908184,0.006326355506,1
0.01726021618,0.01071940828,-0.0005187396891,0.006918422412,2
0.01726021618,0.01057624444,-0.0007883713115,0.007957156748,1
0.01726021618,0.01043308061,-0.0008315008599,0.008512684144,1
0.01726021618,0.01028991584,-0.0007059854688,0.008207852952,1
0.01726021618,0.010146752,-0.000760323368,0.008061098866,1
0.01726021618,0.01000358816,-0.0009954909328,0.008293755352,1
0.01726021618,0.009860424325,-0.0009685957921,0.008086020127,1
0.01726021618,0.009717259556,-0.0007024814258,0.00774254743,1
0.01726021618,0.009574095719,-0.0008255314315,0.007664295845,1
0.01726021618,0.009430931881,-0.0009744968847,0.007471127901,1
0.01726021618,0.009287768044,-0.0008551277569,0.007621386088,1
0.01726021618,0.009144604206,-0.0005984253366,0.007089018356,1
0.01726021618,0.009001439437,-0.0007550087757,0.006887347903,1
0.01726021618,0.0088582756,-0.0007052241126,0.006682536099,1
0.01726021618,0.008715111762,-0.0006289960002,0.00696034776,3
0.01726021618,0.008571947925,1.028687529e-05,0.006941033527,1
0.01726021618,0.008428783156,-3.146411109e-05,0.006892653182,1
0.01726021618,0.008285619318,-0.0005466922303,0.007180660032,1
0.01726021618,0.008142455481,-0.0006407636683,0.007506750524,1
0.01726021618,0.007999291644,-0.0004477963666,0.00737431692,1
0.01726021618,0.007856126875,-0.0006280824309,0.006869798992,1
0.01726021618,0.007712963037,-0.0006337742088,0.006373859011,1
0.01726021618,0.0075697992,-0.0007694818778,0.006885415874,2
0.01726021618,0.007426635362,-0.0008732735878,0.007124097552,1
0.01726021618,0.007283471059,-0.001105508301,0.007723708637,1
0.01726021618,0.007140307222,-0.0006302233669,0.006814566907,1
0.01726021618,0.006997142918,-0.0007525428082,0.007080023177,1
0.01726021618,0.006853979081,-0.001139278291,0.007929416373,2
0.01726021618,0.006710814778,-0.00151386729,0.008285456337,1
0.01726021618,0.00656765094,-0.001233842107,0.00826714281,2
0.01726021618,0.006424486637,-0.001167592709,0.008578826673,2
0.01726021618,0.0062813228,-0.001190888579,0.009365521371,1
0.01726021618,0.006138158496,-0.001054262277,0.008885555901,1
0.01726021618,0.005994994659,-0.001035276917,0.008883607574,1
0.01726021618,0.005851830821,-0.001116144937,0.008941073902,1
0.01726021618,0.005708666518,-0.001187731978,0.008941991255,1
0.01726021618,0.005565502681,-0.0009873954114,0.008725408465,1
0.01726021618,0.005422338378,-0.0009422444273,0.008946911432,2
0.01726021618,0.00527917454,-0.0005211773096,0.009002187289,1
0.01726021618,0.005136010237,-0.001071129693,0.009011494927,1
0.01726021618,0.0049928464,-0.001068426063,0.008994932286,1
0.01726021618,0.004849682096,-0.00110023818,0.008531429805,1
0.01726021618,0.004706518259,-0.001167568844,0.008659407496,1
0.01726021618,0.004563353956,-0.001511222916,0.008755132556,1
0.01726021618,0.004420190118,-0.001331717125,0.0093058208,1
0.01726021618,0.004277025815,-0.0009345058934,0.009503494017,1
0.01726021618,0.004133861978,-0.0006359401159,0.0089793019,2
0.01726021618,0.00399069814,-0.0004552519531,0.00848079659,1
0.01726021618,0.003847533837,-0.0003495938145,0.008113953285,1
0.01726021618,0.003704369767,-0.0002835076302,0.008269823156,1
0.01726021618,0.003561205696,-0.000531383499,0.008675061166,1
0.01726021618,0.003418041626,-0.0009533362463,0.008581142873,1
0.01726021618,0.003274877556,-0.0006045642076,0.008854925632,2
0.01726021618,0.003131713718,-0.0006987728993,0.008981718682,2
0.01726021618,0.002988549648,-0.000482809497,0.009116091765,2
0.01726021618,0.002845385578,-0.0004282430455,0.00878771767,2
0.01726021618,0.002702221507,-0.0006184417289,0.008017391898,1
0.01726021618,0.002559057437,-0.0005267623346,0.007091599051,1
0.01726021618,0.002415893367,-0.0005369782448,0.008543231525,1
0.01726021618,0.002272729296,-0.0003645600809,0.008509860374,2
0.01726021618,0.002129565226,-0.0002694852883,0.008252275176,2
0.01726021618,0.001986401156,-9.845798922e-05,0.008273526095,2
0.01726021618,0.001843237202,-5.161367153e-05,0.008492866531,1
0.01726021618,0.001700073131,-6.073807526e-05,0.008158142678,1
0.01726021618,0.001556909061,-0.0009865616448,0.008051159792,1
0.01726021618,0.001413744991,-0.001103062765,0.007674222346,1
0.01726021618,0.00127058092,-0.0005230063107,0.007375668269,2
0.01726021618,0.00112741685,-0.0001972361497,0.007624926977,2
0.01726021618,0.0009842528962,9.776758816e-05,0.008979232982,1
0.01726021618,0.0008410888258,0.0001284315076,0.009032369591,1
0.01726021618,0.0006979247555,-0.000288699579,0.005685481708,1
0.01726021618,0.0005547606852,-0.0001882013021,0.006115119439,1
0.01726021618,0.000411596644,-0.0002123048907,0.006253629923,1
0.01726021618,0.0002684326028,-0.0003199991479,0.007580764592,2
0.01726021618,0.000125268547,-0.0001221372804,0.00818116311,2
0.01740337908,0.01916608773,-0.001417527441,0.003478769446,1
0.01740337908,0.01902292296,-0.001180024236,0.004288186785,1
0.01740337908,0.01887976006,-0.0009725301061,0.004800466821,1
0.01740337908,0.01873659529,-0.001024579396,0.004594445229,1
0.01740337908,0.01859343052,-0.0008167211781,0.004323125817,1
0.01740337908,0.01845026761,-0.0006080320454,0.004806580488,1
0.01740337908,0.01830710284,-0.0009022046579,0.00470908219,1
0.01740337908,0.01816393808,-0.0009994106367,0.004623135086,1
0.01740337908,0.01802077517,-0.0008679688908,0.004405302461,1
0.01740337908,0.0178776104,-0.0008065494476,0.004567187745,1
0.01740337908,0.01773444749,-0.000894113502,0.004759876989,1
0.01740337908,0.01759128273,-0.001146751805,0.003877915442,1
0.01740337908,0.01744811796,-0.0009350245818,0.00366499438,1
0.01740337908,0.01730495505,-0.00037006411,0.005161692854,1
0.01740337908,0.01716179028,-0.0003962867777,0.00499697309,1
0.01740337908,0.01701862738,-0.0003539623285,0.004802837502,1
0.01740337908,0.01687546261,-0.0004235511587,0.005298910197,1
0.01740337908,0.01673229784,-0.0009314399213,0.004835214466,1
0.01740337908,0.01658913493,-0.0007411159459,0.00536715053,1
0.01740337908,0.01644597016,-0.00114649965,0.006000034977,1
0.01740337908,0.01630280726,-0.001135412487,0.005233875941,1
0.01740337908,0.01615964249,-0.0009765235591,0.005277951248,1
0.01740337908,0.01601647772,-0.0009843173902,0.005343589466,1
0.01740337908,0.01587331481,-0.001190472743,0.005271017551,1
0.01740337908,0.01573015004,-0.001567764673,0.006491120439,1
0.01740337908,0.01558698621,-0.001419909298,0.00732463412,1
0.01740337908,0.01544382237,-0.001456215861,0.006727647968,1
0.01740337908,0.0153006576,-0.001343740849,0.006666165777,1
0.01740337908,0.01515749376,-0.001385770505,0.006961278617,1
0.01740337908,0.01501432993,-0.001660825219,0.006701050326,1
0.01740337908,0.01487116609,-0.00182458316,0.007428418379,1
0.01740337908,0.01472800132,-0.001386167132,0.007482211571,2
0.01740337908,0.01458483748,-0.001147224801,0.00775106065,1
0.01740337908,0.01444167364,-0.001075727399,0.007486221846,1
0.01740337908,0.01429850981,-0.001165251946,0.007737123407,1
0.01740337908,0.01415534597,-0.0009279075894,0.007785546128,1
0.01740337908,0.0140121812,-0.0007330470253,0.007622119039,1
0.01740337908,0.01386901736,-0.0007955613546,0.007603076287,1
0.01740337908,0.01372585353,-0.0006557547022,0.007535310462,1
0.01740337908,0.01358268969,-0.0006809943006,0.007339646574,1
0.01740337908,0.01343952492,-0.0009362795972,0.007331756409,1
0.01740337908,0.01329636108,-0.0009333981434,0.007346328348,1
0.01740337908,0.01315319724,-0.0007986667333,0.00753667485,1
0.01740337908,0.01301003341,-0.0009641723591,0.008189950138,1
0.01740337908,0.01286686864,-0.0004316422564,0.007272250485,1
0.01740337908,0.0127237048,-0.0006157585885,0.007594833616,1
0.01740337908,0.01258054096,-0.000631531002,0.007566594984,1
0.01740337908,0.01243737713,-0.0005554664531,0.007392955478,1
0.01740337908,0.01229421329,-0.0006763294223,0.006988702342,1
0.01740337908,0.01215104852,-0.0006506556529,0.007114044391,1
0.01740337908,0.01200788468,-0.0006642228691,0.006858249661,1
0.01740337908,0.01186472084,-0.0007504897658,0.00667590322,1
0.01740337908,0.01172155701,-0.0005383431562,0.006372081582,1
0.01740337908,0.01157839224,-0.0004543387331,0.006583306938,1
0.01740337908,0.0114352284,-0.000482618314,0.006471267901,1
0.01740337908,0.01129206456,-0.0006049248623,0.006747060921,1
0.01740337908,0.01114890072,-0.0004476250615,0.007448653691,1
0.01740337908,0.01100573689,-0.0003108581004,0.006207996048,1
0.01740337908,0.01086257212,-0.0003465233312,0.005781519227,1
0.01740337908,0.01071940828,-0.0003330701147,0.005469179712,1
0.01740337908,0.01057624444,-0.0004793498083,0.006929164752,2
0.01740337908,0.01043308061,-0.0005496318336,0.007311845664,2
0.01740337908,0.01028991584,-0.0006509286468,0.006964770146,1
0.01740337908,0.010146752,-0.0005580339348,0.006851695944,1
0.01740337908,0.01000358816,-0.0004001125344,0.007447384764,1
0.01740337908,0.009860424325,-0.0002787084668,0.007568478119,1
0.01740337908,0.009717259556,-0.0007496285252,0.00701528741,3
0.01740337908,0.009574095719,-0.0007659800467,0.007341512013,2
0.01740337908,0.009430931881,-0.0006389699411,0.007095084526,2
0.01740337908,0.009287768044,-0.0005573386443,0.007303454448,1
0.01740337908,0.009144604206,-0.0005586546031,0.006541473791,2
0.01740337908,0.009001439437,-0.000541509944,0.006256478373,1
0.01740337908,0.0088582756,-0.0005357495975,0.005949838553,1
0.01740337908,0.008715111762,-0.0006246303674,0.006616644096,3
0.01740337908,0.008571947925,-0.0005706698867,0.006651185453,1
0.01740337908,0.008428783156,-0.0002671385882,0.006499434821,1
0.01740337908,0.008285619318,-0.0004407828674,0.006663095206,1
0.01740337908,0.008142455481,-0.0004108008579,0.006020657253,1
0.01740337908,0.007999291644,-0.0004515839973,0.006678204983,1
0.01740337908,0.007856126875,-0.0005287886597,0.006089424714,1
0.01740337908,0.007712963037,-0.0004490044957,0.005788870621,1
0.01740337908,0.0075697992,-0.0006739409873,0.006284147967,1
0.01740337908,0.007426635362,-0.0007189412136,0.00686789304,2
0.01740337908,0.007283471059,-0.0007103891694,0.00712495856,2
0.01740337908,0.007140307222,-0.0004201056727,0.007026822306,1
0.01740337908,0.006997142918,-0.0005553985829,0.007242690772,1
0.01740337908,0.006853979081,-0.0009648597334,0.007205760106,1
0.01740337908,0.006710814778,-0.0007867299719,0.006675789133,1
0.01740337908,0.00656765094,-0.001097099273,0.007568876725,1
0.01740337908,0.006424486637,-0.000915328681,0.007532505319,1
0.01740337908,0.0062813228,-0.0008694298449,0.008510517888,1
0.01740337908,0.006138158496,-0.0008886879077,0.008490590379,1
0.01740337908,0.005994994659,-0.0009773847414,0.008260635659,1
0.01740337908,0.005851830821,-0.001011185464,0.008139874786,1
0.01740337908,0.005708666518,-0.0006826042663,0.008495954797,1
0.01740337908,0.005565502681,-0.0009141743067,0.008669435978,2
0.01740337908,0.005422338378,-0.001288373605,0.009142813273,1
0.01740337908,0.00527917454,-0.001095017535,0.009236887097,1
0.01740337908,0.005136010237,-0.001036130823,0.009626854211,1
0.01740337908,0.0049928464,-0.0009491054807,0.009185985662,1
0.01740337908,0.004849682096,-0.001152714249,0.008726303466,2
0.01740337908,0.004706518259,-0.001184748951,0.008636767976,1
0.01740337908,0.004563353956,-0.001022771583,0.008454679511,1
0.01740337908,0.004420190118,-0.000926906243,0.008351574652,1
0.01740337908,0.004277025815,-0.0003569326072,0.008541963063,1
0.01740337908,0.004133861978,-0.0006496040151,0.008909181692,2
0.01740337908,0.00399069814,-0.0007362919278,0.008781901561,1
0.01740337908,0.003847533837,-0.0006125324289,0.008231820539,1
0.01740337908,0.003704369767,-0.0007166469004,0.007710065693,1
0.01740337908,0.003561205696,-0.0005643435288,0.008437155746,1
0.01740337908,0.003418041626,0.0003241217346,0.008826071396,1
0.01740337908,0.003274877556,-5.366284313e-05,0.008824691176,1
0.01740337908,0.003131713718,-0.0007304743631,0.008847082965,1
0.01740337908,0.002988549648,-0.000235951491,0.009380550124,1
0.01740337908,0.002845385578,-0.0006168058608,0.008642124012,1
0.01740337908,0.002702221507,-0.0005409338628,0.008123416454,1
0.01740337908,0.002559057437,-0.0004146913416,0.008134440519,2
0.01740337908,0.002415893367,-0.0002711549751,0.009035061114,1
0.01740337908,0.002272729296,-0.0001862894424,0.009106768295,1
0.01740337908,0.002129565226,-0.0003084527561,0.008637473918,2
0.01740337908,0.001986401156,6.979227328e-05,0.00836563576,1
0.01740337908,0.001843237202,-0.000167065562,0.009124977514,1
0.01740337908,0.001700073131,-0.0003500882012,0.008452473208,2
0.01740337908,0.001556909061,-0.0009941058233,0.008053469472,1
0.01740337908,0.001413744991,-0.0009900605073,0.007558580954,1
0.01740337908,0.00127058092,-0.0007677766262,0.007345587946,2
0.01740337908,0.00112741685,-0.000482861913,0.007490912918,2
0.01740337908,0.0009842528962,-0.0003123905044,0.007758892141,1
0.01740337908,0.0008410888258,-0.000319918996,0.008349739015,1
0.01740337908,0.0006979247555,-0.0006453640526,0.008283932693,1
0.01740337908,0.0005547606852,-0.0007831166731,0.007092321292,1
0.01740337908,0.000411596644,-0.0007116345223,0.006515261717,1
0.01740337908,0.0002684326028,-0.0005501354462,0.007724696305,3
0.01740337908,0.000125268547,-0.0001787860674,0.008586382493,1
0.01754654385,0.01916608773,-0.001328723039,0.003602316836,1
0.01754654385,0.01902292296,-0.001102260081,0.004424651153,1
0.01754654385,0.01887976006,-0.0009474235703,0.004865070805,1
0.01754654385,0.01873659529,-0.001309643034,0.004863830749,1
0.01754654385,0.01859343052,-0.0007536410703,0.004490531981,1
0.01754654385,0.01845026761,-0.0003962792107,0.004945045337,1
0.01754654385,0.01830710284,-0.0008981427527,0.004487746861,1
0.01754654385,0.01816393808,-0.001026357175,0.004274231382,1
0.01754654385,0.01802077517,-0.0008902520058,0.004802485462,1
0.01754654385,0.0178776104,-0.0008019848028,0.004313791171,1
0.01754654385,0.01773444749,-0.0007412491832,0.004648109432,1
0.01754654385,0.01759128273,-0.0006828301703,0.004772610497,1
0.01754654385,0.01744811796,-0.0008552445215,0.004519737326,2
0.01754654385,0.01730495505,-0.0007804858033,0.004822600167,1
0.01754654385,0.01716179028,-0.0007073146407,0.004353878554,1
0.01754654385,0.01701862738,-0.0009708565776,0.004238306545,1
0.01754654385,0.01687546261,-0.001098819426,0.004890550394,1
0.01754654385,0.01673229784,-0.0009225551621,0.004839663859,2
0.01754654385,0.01658913493,-0.0008505861624,0.004795486107,2
0.01754654385,0.01644597016,-0.00103083346,0.004630559124,3
0.01754654385,0.01630280726,-0.001019424759,0.004876579624,1
0.01754654385,0.01615964249,-0.001059199218,0.005187587347,1
0.01754654385,0.01601647772,-0.000941798964,0.004804362077,1
0.01754654385,0.01587331481,-0.0007776817656,0.004652531818,1
0.01754654385,0.01573015004,-0.0009028158966,0.005191859789,1
0.01754654385,0.01558698621,-0.001190646202,0.005593270529,1
0.01754654385,0.01544382237,-0.001486728434,0.006144166924,1
0.01754654385,0.0153006576,-0.001179657178,0.00651625637,1
0.01754654385,0.01515749376,-0.001140905079,0.006829627324,1
0.01754654385,0.01501432993,-0.00138631661,0.006425933912,1
0.01754654385,0.01487116609,-0.001460599015,0.006841680501,1
0.01754654385,0.01472800132,-0.001127998345,0.007134268992,1
0.01754654385,0.01458483748,-0.0009168301476,0.00731208967,1
0.01754654385,0.01444167364,-0.001305915066,0.00706374459,1
0.01754654385,0.01429850981,-0.001210658695,0.007197862491,1
0.01754654385,0.01415534597,-0.0009488862706,0.007276361343,2
0.01754654385,0.0140121812,-0.000761263771,0.007201933302,2
0.01754654385,0.01386901736,-0.0008562504663,0.00728665432,1
0.01754654385,0.01372585353,-0.001120332279,0.007645076141,1
0.01754654385,0.01358268969,-0.0009998150636,0.006875842344,1
0.01754654385,0.01343952492,-0.00101853488,0.006728136912,1
0.01754654385,0.01329636108,-0.0004815572465,0.006820618641,1
0.01754654385,0.01315319724,-0.0003251568705,0.00674010627,1
0.01754654385,0.01301003341,-0.0006198216579,0.006919865031,2
0.01754654385,0.01286686864,-0.0005659311428,0.006772809662,2
0.01754654385,0.0127237048,-0.0006544060889,0.00678293081,2
0.01754654385,0.01258054096,-0.0006656557089,0.006916634738,2
0.01754654385,0.01243737713,-0.0004684504529,0.007044942118,1
0.01754654385,0.01229421329,-0.000506635115,0.00658074813,1
0.01754654385,0.01215104852,-0.0007865682128,0.006617157254,1
0.01754654385,0.01200788468,-0.0009369865293,0.006652066484,1
0.01754654385,0.01186472084,-0.0006983926287,0.006773122121,1
0.01754654385,0.01172155701,-0.0003603274527,0.006356037222,1
0.01754654385,0.01157839224,-0.0003539212339,0.006453856826,1
0.01754654385,0.0114352284,-0.0004433564027,0.006570114754,1
0.01754654385,0.01129206456,-0.0006192892906,0.006525589619,1
0.01754654385,0.01114890072,-0.0004364568158,0.006352136377,2
0.01754654385,0.01100573689,-0.0002254055435,0.005469878204,1
0.01754654385,0.01086257212,-0.0002206044883,0.00550733041,1
0.01754654385,0.01071940828,-0.0003310331667,0.006078979466,1
0.01754654385,0.01057624444,-0.0002463259152,0.006978476886,1
0.01754654385,0.01043308061,-0.0002367482521,0.006840764079,1
0.01754654385,0.01028991584,-0.0004791711981,0.006308454089,1
0.01754654385,0.010146752,-0.0007536410703,0.00621894747,1
0.01754654385,0.01000358816,-0.0001921930234,0.006494909059,1
0.01754654385,0.009860424325,-0.0002796069602,0.006356034894,1
0.01754654385,0.009717259556,-0.0009890688816,0.006316937972,3
0.01754654385,0.009574095719,-0.0008497904055,0.007591380272,1
0.01754654385,0.009430931881,-0.000258064334,0.006264244206,1
0.01754654385,0.009287768044,-0.0006662743981,0.005493395962,1
0.01754654385,0.009144604206,-0.000537344371,0.005516944453,1
0.01754654385,0.009001439437,-0.0002337129408,0.006097601261,1
0.01754654385,0.0088582756,-0.0005321020726,0.006230708677,1
0.01754654385,0.008715111762,-0.0006372213829,0.006463391241,1
0.01754654385,0.008571947925,-0.0007069579442,0.00658916356,1
0.01754654385,0.008428783156,-0.0007194930222,0.006776371505,1
0.01754654385,0.008285619318,-0.0004485394747,0.006632024422,1
0.01754654385,0.008142455481,-0.0006656986079,0.006692540832,1
0.01754654385,0.007999291644,-0.0006431962247,0.00660666544,1
0.01754654385,0.007856126875,-0.0005733355647,0.00622944627,1
0.01754654385,0.007712963037,-0.0005112043582,0.005884880666,1
0.01754654385,0.0075697992,-0.0004355047422,0.006122548599,1
0.01754654385,0.007426635362,-0.0006181608769,0.006938369013,1
0.01754654385,0.007283471059,-0.0005970016355,0.006881408859,2
0.01754654385,0.007140307222,-0.0003034950641,0.006838861387,1
0.01754654385,0.006997142918,-0.0003574084258,0.006831978913,1
0.01754654385,0.006853979081,-0.0007610887988,0.006953078788,1
0.01754654385,0.006710814778,-0.000895031495,0.007262803148,1
0.01754654385,0.00656765094,-0.0009538404993,0.007437799126,1
0.01754654385,0.006424486637,-0.0005582356243,0.007121765055,1
0.01754654385,0.0062813228,-0.0007274285308,0.007821518928,1
0.01754654385,0.006138158496,-0.0009469247889,0.008024490438,1
0.01754654385,0.005994994659,-0.001067602891,0.007780229207,1
0.01754654385,0.005851830821,-0.0006489785155,0.007386412472,1
0.01754654385,0.005708666518,-0.0006362434942,0.007858025841,1
0.01754654385,0.005565502681,-0.0006983239437,0.008313565515,2
0.01754654385,0.005422338378,-0.0006570810219,0.00919702556,1
0.01754654385,0.00527917454,-0.000869321404,0.008976736106,2
0.01754654385,0.005136010237,-0.0009606125532,0.008843995631,2
0.01754654385,0.0049928464,-0.0009051452507,0.008652374148,2
0.01754654385,0.004849682096,-0.001376764267,0.008551026694,1
0.01754654385,0.004706518259,-0.000903524342,0.008697925135,1
0.01754654385,0.004563353956,-0.0008086485905,0.008094076999,1
0.01754654385,0.004420190118,-0.0007287262124,0.007464776747,1
0.01754654385,0.004277025815,-0.0004338894505,0.007900813594,1
0.01754654385,0.004133861978,-0.000869251322,0.009333562106,1
0.01754654385,0.00399069814,-0.0007672896027,0.00849699229,2
0.01754654385,0.003847533837,-0.0009460636065,0.008221390657,1
0.01754654385,0.003704369767,-0.0005486715236,0.007758928929,1
0.01754654385,0.003561205696,-0.0008606293704,0.008344534785,1
0.01754654385,0.003418041626,-0.0001086637494,0.008790930733,2
0.01754654385,0.003274877556,0.0001686791074,0.008997756056,1
0.01754654385,0.003131713718,-0.0005785730318,0.008779454045,1
0.01754654385,0.002988549648,-0.0003141957859,0.009035691619,1
0.01754654385,0.002845385578,-0.0006567511009,0.008323105983,1
0.01754654385,0.002702221507,-0.0005602765013,0.007925503887,1
0.01754654385,0.002559057437,-0.0003199142229,0.008287684061,1
0.01754654385,0.002415893367,-0.0003393443476,0.008827957325,1
0.01754654385,0.002272729296,-0.0003066861536,0.008616691455,1
0.01754654385,0.002129565226,-0.0008478285163,0.008825213648,1
0.01754654385,0.001986401156,1.548360888e-05,0.008011955768,1
0.01754654385,0.001843237202,-0.0001306177583,0.008639678359,1
0.01754654385,0.001700073131,-0.0001784434135,0.008473305032,1
0.01754654385,0.001556909061,-0.0001195437799,0.007582036778,1
0.01754654385,0.001413744991,-0.0001788366499,0.007121761329,1
0.01754654385,0.00127058092,-0.001075178036,0.006957190111,1
0.01754654385,0.00112741685,-0.00065404427,0.007234245539,2
0.01754654385,0.0009842528962,-0.0004796522262,0.007487243973,2
0.01754654385,0.0008410888258,-0.0006724916166,0.007852309383,1
0.01754654385,0.0006979247555,-0.0007728821947,0.00768420659,1
0.01754654385,0.0005547606852,-0.0003985401418,0.006909340154,1
0.01754654385,0.000411596644,-0.0002264369832,0.007132390048,1
0.01754654385,0.0002684326028,-0.0003159680928,0.007858807221,1
0.01754654385,0.000125268547,-0.0007051927387,0.008893148042,1
0.01768970862,0.01916608773,-0.0008526688325,0.004362985957,1
0.01768970862,0.01902292296,-0.001253811759,0.004909012001,1
0.01768970862,0.01887976006,-0.001253376831,0.004907982424,2
0.01768970862,0.01873659529,-0.001303932513,0.004876518156,2
0.01768970862,0.01859343052,-0.001093600178,0.004832433071,1
0.01768970862,0.01845026761,-0.001032874105,0.004831413738,1
0.01768970862,0.01830710284,-0.0009496185812,0.003942438401,1
0.01768970862,0.01816393808,-0.0009303844417,0.00379995862,1
0.01768970862,0.01802077517,-0.0008864643751,0.00411772728,1
0.01768970862,0.0178776104,-0.0008901099209,0.004193396773,1
0.01768970862,0.01773444749,-0.0008984457818,0.004598638043,1
0.01768970862,0.01759128273,-0.0009104540222,0.005043885205,1
0.01768970862,0.01744811796,-0.001022637822,0.004818744492,2
0.01768970862,0.01730495505,-0.0008834037581,0.004850365222,1
0.01768970862,0.01716179028,-0.0008029616438,0.004184290767,1
0.01768970862,0.01701862738,-0.0008684885106,0.00418935949,1
0.01768970862,0.01687546261,-0.0008118252154,0.004994827323,1
0.01768970862,0.01673229784,-0.0008093750221,0.00483740354,1
0.01768970862,0.01658913493,-0.0007078400813,0.004344571847,2
0.01768970862,0.01644597016,-0.0003942337353,0.004070399329,1
0.01768970862,0.01630280726,-0.0005642205942,0.00392270321,1
0.01768970862,0.01615964249,-0.0008987148758,0.004413714167,1
0.01768970862,0.01601647772,-0.0008029055898,0.004202167038,1
0.01768970862,0.01587331481,-0.0006357359234,0.004316520877,1
0.01768970862,0.01573015004,-0.0008172690286,0.005076486617,1
0.01768970862,0.01558698621,-0.001161861699,0.005533786025,1
0.01768970862,0.01544382237,-0.001413469436,0.006542013958,1
0.01768970862,0.0153006576,-0.001247824519,0.007150905207,1
0.01768970862,0.01515749376,-0.001238584751,0.006431513932,1
0.01768970862,0.01501432993,-0.00100074755,0.005968936719,1
0.01768970862,0.01487116609,-0.00091503968,0.005742155481,1
0.01768970862,0.01472800132,-0.000945251435,0.005803330336,1
0.01768970862,0.01458483748,-0.0009891620139,0.006064865738,1
0.01768970862,0.01444167364,-0.001195821678,0.006880161352,1
0.01768970862,0.01429850981,-0.00106366002,0.007177665364,1
0.01768970862,0.01415534597,-0.0008957150276,0.006920103449,1
0.01768970862,0.0140121812,-0.0005068713799,0.006622598972,1
0.01768970862,0.01386901736,-0.0006610903074,0.006842765491,1
0.01768970862,0.01372585353,-0.0009991022525,0.006901039742,2
0.01768970862,0.01358268969,-0.0008588155615,0.006795216352,1
0.01768970862,0.01343952492,-0.0006409843918,0.006497498602,1
0.01768970862,0.01329636108,-0.0003057230206,0.006248010322,1
0.01768970862,0.01315319724,-0.0001231134811,0.006289993413,1
0.01768970862,0.01301003341,-0.0006240262883,0.005976593122,1
0.01768970862,0.01286686864,-0.0005578546552,0.006116192322,1
0.01768970862,0.0127237048,-0.0007702787989,0.005847446155,1
0.01768970862,0.01258054096,-0.0009082354954,0.006272071507,1
0.01768970862,0.01243737713,-0.0005908332532,0.006379232276,1
0.01768970862,0.01229421329,-0.0007041929057,0.006342323031,1
0.01768970862,0.01215104852,-0.0007445864612,0.006302797236,1
0.01768970862,0.01200788468,-0.0008714456926,0.006175420713,1
0.01768970862,0.01186472084,-0.0009062273894,0.006251243409,1
0.01768970862,0.01172155701,-0.0008703144267,0.00627752021,1
0.01768970862,0.01157839224,-0.0008827248821,0.006568022538,1
0.01768970862,0.0114352284,-0.0008837868227,0.006736898329,1
0.01768970862,0.01129206456,-0.0006399122067,0.006530486513,1
0.01768970862,0.01114890072,-0.0004535073531,0.00596442353,2
0.01768970862,0.01100573689,-0.0001903898956,0.005196297541,1
0.01768970862,0.01086257212,-0.0002065784356,0.005099545233,1
0.01768970862,0.01071940828,-0.0004028639523,0.005521260202,1
0.01768970862,0.01057624444,-0.0003845902102,0.006337598898,1
0.01768970862,0.01043308061,-0.0002445952268,0.006454730872,1
0.01768970862,0.01028991584,-0.0004809330567,0.006427873857,1
0.01768970862,0.010146752,-0.0005957863759,0.006215695757,1
0.01768970862,0.01000358816,-0.0006644055247,0.005924119148,1
0.01768970862,0.009860424325,-0.0008770596469,0.005544138607,1
0.01768970862,0.009717259556,-0.001237133984,0.005826876499,1
0.01768970862,0.009574095719,-0.00154947117,0.006440499797,1
0.01768970862,0.009430931881,0.0001455841848,0.00624293182,1
0.01768970862,0.009287768044,-0.0003754255886,0.005872765556,1
0.01768970862,0.009144604206,-0.0002910775074,0.006203530356,1
0.01768970862,0.009001439437,-0.0003112687264,0.006560921669,1
0.01768970862,0.0088582756,-0.0005051053013,0.006407546811,1
0.01768970862,0.008715111762,-0.0006524580531,0.006552190054,1
0.01768970862,0.008571947925,-0.0006100335158,0.006510618608,1
0.01768970862,0.008428783156,-0.0003077150031,0.006155172363,1
0.01768970862,0.008285619318,-0.0002667113731,0.00617421791,1
0.01768970862,0.008142455481,-0.0006929324591,0.006343794987,1
0.01768970862,0.007999291644,-0.001024814905,0.006451964844,1
0.01768970862,0.007856126875,-0.0006950604147,0.006135397591,2
0.01768970862,0.007712963037,-0.000351147115,0.006062418222,1
0.01768970862,0.0075697992,-0.0001169198949,0.006207955536,1
0.01768970862,0.007426635362,-0.0005287224776,0.00660117995,1
0.01768970862,0.007283471059,-0.0007559615187,0.00662344601,2
0.01768970862,0.007140307222,-0.001123766997,0.006811169907,1
0.01768970862,0.006997142918,-0.001269681612,0.007485275157,1
0.01768970862,0.006853979081,-0.0006015654071,0.006803202908,1
0.01768970862,0.006710814778,-0.0008212492103,0.007128892932,1
0.01768970862,0.00656765094,-0.0008624569164,0.007466638926,1
0.01768970862,0.006424486637,-0.0002804515825,0.006922180299,1
0.01768970862,0.0062813228,-0.0005041249678,0.007279923186,1
0.01768970862,0.006138158496,-0.0008654517587,0.007667204831,1
0.01768970862,0.005994994659,-0.000802051567,0.00738219358,1
0.01768970862,0.005851830821,-0.0005220246385,0.007011406124,1
0.01768970862,0.005708666518,-0.0008202267927,0.007741810754,1
0.01768970862,0.005565502681,-0.0005857968936,0.007529776543,1
0.01768970862,0.005422338378,-0.0005727467942,0.008236813359,1
0.01768970862,0.00527917454,-0.0007645745645,0.008629035205,1
0.01768970862,0.005136010237,-0.001031852793,0.008120020851,1
0.01768970862,0.0049928464,-0.0003340987605,0.008028484881,1
0.01768970862,0.004849682096,-0.0004999685916,0.008064099588,1
0.01768970862,0.004706518259,-0.0008018636145,0.008221034892,1
0.01768970862,0.004563353956,-0.0006901075831,0.007575489115,1
0.01768970862,0.004420190118,-0.0005632616812,0.006705825217,1
0.01768970862,0.004277025815,-0.000251016434,0.007203117944,1
0.01768970862,0.004133861978,-0.0003579634649,0.007766993716,1
0.01768970862,0.00399069814,-0.0005175516126,0.007651115768,1
0.01768970862,0.003847533837,-0.0004974941839,0.007782881148,1
0.01768970862,0.003704369767,-0.000549168908,0.007533400785,1
0.01768970862,0.003561205696,-0.0004329104559,0.007978498936,1
0.01768970862,0.003418041626,-6.682648382e-05,0.008995360695,1
0.01768970862,0.003274877556,-4.273343438e-05,0.008591176011,1
0.01768970862,0.003131713718,-0.0003323598357,0.008533068933,2
0.01768970862,0.002988549648,-0.0003441889421,0.008797612973,1
0.01768970862,0.002845385578,-0.0006110770628,0.008403319865,2
0.01768970862,0.002702221507,-0.0009399222326,0.008033803664,1
0.01768970862,0.002559057437,-0.0003730900062,0.007973646745,1
0.01768970862,0.002415893367,-0.0004378500744,0.008344155736,1
0.01768970862,0.002272729296,-0.0006248857826,0.0079316888,1
0.01768970862,0.002129565226,-0.0009664987447,0.008155747317,1
0.01768970862,0.001986401156,-0.0003340141848,0.007688054815,2
0.01768970862,0.001843237202,-5.391020022e-05,0.007829258218,1
0.01768970862,0.001700073131,-0.0002514958614,0.00706216367,1
0.01768970862,0.001556909061,-2.368898276e-05,0.006988943554,1
0.01768970862,0.001413744991,-7.519002975e-05,0.006828093901,1
0.01768970862,0.00127058092,-0.001025022124,0.006811464205,1
0.01768970862,0.00112741685,-0.0005784849636,0.007001635619,2
0.01768970862,0.0009842528962,-0.0002796825429,0.007103528362,1
0.01768970862,0.0008410888258,-0.0002746619575,0.007201106753,1
0.01768970862,0.0006979247555,-0.0001806540968,0.00708166277,1
0.01768970862,0.0005547606852,-0.0003667048877,0.006781190168,1
0.01768970862,0.000411596644,-0.0002805702679,0.007075662725,1
0.01768970862,0.0002684326028,-0.0004092588497,0.007135080174,1
0.01768970862,0.000125268547,-0.000682194368,0.007356485818,1
0.01783287153,0.01916608773,-0.0005456234794,0.004113978241,1
0.01783287153,0.01902292296,-0.001356055378,0.004969501402,1
0.01783287153,0.01887976006,-0.001508339541,0.004981327802,2
0.01783287153,0.01873659529,-0.001559110126,0.004901826382,2
0.01783287153,0.01859343052,-0.001448468771,0.004795517772,2
0.01783287153,0.01845026761,-0.001663982053,0.004745165817,1
0.01783287153,0.01830710284,-0.00136703602,0.004451690242,1
0.01783287153,0.01816393808,-0.0009937597206,0.004180219956,1
0.01783287153,0.01802077517,-0.0008375972975,0.00395472534,1
0.01783287153,0.0178776104,-0.0008931399207,0.004018239211,1
0.01783287153,0.01773444749,-0.001145122224,0.004636459518,1
0.01783287153,0.01759128273,-0.001173627679,0.004835202359,2
0.01783287153,0.01744811796,-0.001441448694,0.004860990215,2
0.01783287153,0.01730495505,-0.00171567779,0.004548876081,1
0.01783287153,0.01716179028,-0.00104194053,0.004409622867,2
0.01783287153,0.01701862738,-0.0007420040201,0.004440056626,1
0.01783287153,0.01687546261,-0.0007322293823,0.004923727829,1
0.01783287153,0.01673229784,-0.0007077144692,0.004736907315,1
0.01783287153,0.01658913493,-0.0007771654055,0.003674996318,1
0.01783287153,0.01644597016,-0.0006416002871,0.002866922412,1
0.01783287153,0.01630280726,-0.0007867101813,0.002035642974,1
0.01783287153,0.01615964249,-0.0009325575083,0.002020857297,1
0.01783287153,0.01601647772,-0.0008419941296,0.002932391828,2
0.01783287153,0.01587331481,-0.0007739568246,0.003405421972,2
0.01783287153,0.01573015004,-0.0008051676559,0.003935765009,2
0.01783287153,0.01558698621,-0.0008650115924,0.004626904149,2
0.01783287153,0.01544382237,-0.0009505284834,0.00629214989,1
0.01783287153,0.0153006576,-0.001172528951,0.006846930366,1
0.01783287153,0.01515749376,-0.00121327478,0.006261589937,1
0.01783287153,0.01501432993,-0.00112444628,0.005880209617,1
0.01783287153,0.01487116609,-0.0006693769828,0.00477880938,2
0.01783287153,0.01472800132,-0.0002513630607,0.003231065581,1
0.01783287153,0.01458483748,-0.0003706653661,0.003701779991,1
0.01783287153,0.01444167364,-0.0002964662563,0.006516822148,1
0.01783287153,0.01429850981,-0.0003906283237,0.006956871599,1
0.01783287153,0.01415534597,-0.0005777541082,0.008076397702,1
0.01783287153,0.0140121812,-0.0007951697335,0.006760048214,2
0.01783287153,0.01386901736,-0.001350292703,0.006822934374,1
0.01783287153,0.01372585353,-0.001356170629,0.006321101915,1
0.01783287153,0.01358268969,-0.001322362572,0.006258292589,1
0.01783287153,0.01343952492,-0.0003272876784,0.006041123066,1
0.01783287153,0.01329636108,-7.558640937e-05,0.006041873246,1
0.01783287153,0.01315319724,-0.0002553174563,0.006495364942,1
0.01783287153,0.01301003341,-0.0005671035033,0.005438488442,1
0.01783287153,0.01286686864,-0.0002560641442,0.005834585987,1
0.01783287153,0.0127237048,-0.0006617964245,0.005436551757,1
0.01783287153,0.01258054096,-0.0008650587988,0.005807664711,1
0.01783287153,0.01243737713,-0.0009623588412,0.006024560425,1
0.01783287153,0.01229421329,-0.001037219889,0.006011439022,1
0.01783287153,0.01215104852,-0.0007903372752,0.00595662836,1
0.01783287153,0.01200788468,-0.0008090096526,0.005675458349,1
0.01783287153,0.01186472084,-0.001011975692,0.006083965302,1
0.01783287153,0.01172155701,-0.001006532577,0.006066759117,1
0.01783287153,0.01157839224,-0.00100833748,0.006461561657,1
0.01783287153,0.0114352284,-0.001020787633,0.006595310755,1
0.01783287153,0.01129206456,-0.0006087373476,0.006262739655,1
0.01783287153,0.01114890072,-0.0005472704652,0.005778774153,2
0.01783287153,0.01100573689,-0.0005498012761,0.005343031138,2
0.01783287153,0.01086257212,-0.0003779012186,0.004831959959,1
0.01783287153,0.01071940828,-0.0005683235358,0.005133572966,2
0.01783287153,0.01057624444,-0.0007763968315,0.005430091172,1
0.01783287153,0.01043308061,-0.0008549992926,0.006045425776,1
0.01783287153,0.01028991584,-0.001268088585,0.006203680765,1
0.01783287153,0.010146752,-0.0005495600053,0.005894133355,1
0.01783287153,0.01000358816,-0.0007604067214,0.005715023261,1
0.01783287153,0.009860424325,-0.000832028978,0.005284267478,1
0.01783287153,0.009717259556,-0.001180192339,0.005599639378,1
0.01783287153,0.009574095719,-0.0006991261034,0.005596261472,3
0.01783287153,0.009430931881,0.00016767536,0.006144169718,1
0.01783287153,0.009287768044,-0.0001654470252,0.00607368676,1
0.01783287153,0.009144604206,-0.000131055509,0.006396779325,1
0.01783287153,0.009001439437,-0.0003144597285,0.006691031158,1
0.01783287153,0.0088582756,-0.0004192222841,0.00649849046,1
0.01783287153,0.008715111762,-0.0005797573831,0.006495697889,1
0.01783287153,0.008571947925,-0.0006298563094,0.005985836964,1
0.01783287153,0.008428783156,-0.0005371238221,0.005647301208,1
0.01783287153,0.008285619318,-1.984498704e-05,0.005905417725,1
0.01783287153,0.008142455481,-0.0007187382434,0.005810373463,1
0.01783287153,0.007999291644,-0.0006765988073,0.005305520725,1
0.01783287153,0.007856126875,-0.0008309441037,0.005797761958,1
0.01783287153,0.007712963037,-0.0001947908313,0.006063164677,1
0.01783287153,0.0075697992,-0.0001026608879,0.00603842549,1
0.01783287153,0.007426635362,-0.0001886257523,0.006179445889,1
0.01783287153,0.007283471059,-0.0007743549068,0.006200024858,2
0.01783287153,0.007140307222,-0.001283811522,0.006497682538,1
0.01783287153,0.006997142918,-0.001350722043,0.007380310912,1
0.01783287153,0.006853979081,-0.000827495649,0.006869871169,1
0.01783287153,0.006710814778,-0.0007276372053,0.007032170426,1
0.01783287153,0.00656765094,-0.0005390433362,0.006437842268,1
0.01783287153,0.006424486637,-0.0005746704992,0.005798222963,1
0.01783287153,0.0062813228,-0.0008209327934,0.006936018355,1
0.01783287153,0.006138158496,-0.0005947566824,0.006914073136,2
0.01783287153,0.005994994659,-0.000151046348,0.006906758063,1
0.01783287153,0.005851830821,1.717495797e-05,0.006274737418,1
0.01783287153,0.005708666518,-0.0006875306717,0.006643828005,1
0.01783287153,0.005565502681,-0.0006364056026,0.006711975206,1
0.01783287153,0.005422338378,-0.0005174714606,0.006602755282,1
0.01783287153,0.00527917454,-0.0005857460783,0.006752453744,1
0.01783287153,0.005136010237,-0.0005812130403,0.006948630325,1
0.01783287153,0.0049928464,-0.0002551022335,0.007196170278,1
0.01783287153,0.004849682096,-0.0002202102478,0.007968246937,1
0.01783287153,0.004706518259,-0.0005198377185,0.007283519488,1
0.01783287153,0.004563353956,-0.00046584956,0.007089966442,2
0.01783287153,0.004420190118,-0.0002298372565,0.00684570102,1
0.01783287153,0.004277025815,-0.0001376038854,0.006777515635,1
0.01783287153,0.004133861978,-0.0003260708472,0.006997997407,1
0.01783287153,0.00399069814,-0.0004764282785,0.00728360517,1
0.01783287153,0.003847533837,-0.0004756513517,0.007230607793,1
0.01783287153,0.003704369767,-0.0004717957636,0.007479399908,2
0.01783287153,0.003561205696,-0.0005390134756,0.007670795079,2
0.01783287153,0.003418041626,-0.0005708091194,0.007420747541,1
0.01783287153,0.003274877556,-0.0005622005556,0.007154032122,1
0.01783287153,0.003131713718,-0.0003639438946,0.007964033633,2
0.01783287153,0.002988549648,-0.0004334029509,0.008425575681,1
0.01783287153,0.002845385578,-0.0005034461501,0.008458754979,1
0.01783287153,0.002702221507,-0.0004606136354,0.007981115952,1
0.01783287153,0.002559057437,-0.0004222684365,0.007132959552,1
0.01783287153,0.002415893367,-0.0005392965977,0.007446090225,1
0.01783287153,0.002272729296,-0.000657540455,0.007339790463,1
0.01783287153,0.002129565226,-0.0006175876479,0.007153585088,2
0.01783287153,0.001986401156,-0.0003311314795,0.006755257491,1
0.01783287153,0.001843237202,-0.0001721627195,0.006748846266,1
0.01783287153,0.001700073131,7.078788622e-05,0.006752531976,1
0.01783287153,0.001556909061,0.0001558508375,0.006341714878,1
0.01783287153,0.001413744991,8.914500359e-05,0.006228544749,1
0.01783287153,0.00127058092,-0.0003342173586,0.006678516045,2
0.01783287153,0.00112741685,-0.0003551909467,0.006857304368,2
0.01783287153,0.0009842528962,-0.000242428272,0.006906009745,1
0.01783287153,0.0008410888258,-0.0002118904667,0.007064798381,1
0.01783287153,0.0006979247555,-0.0006218907656,0.007193367928,1
0.01783287153,0.0005547606852,-0.0005830695736,0.007674377877,1
0.01783287153,0.000411596644,0.0003526943328,0.007005257066,1
0.01783287153,0.0002684326028,-0.0003229220747,0.006608968601,1
0.01783287153,0.000125268547,-0.0004993752809,0.006327244453,1
0.0179760363,0.01916608773,-0.0001543292165,0.0006818954716,1
0.0179760363,0.01902292296,-0.001148693264,0.003590865992,2
0.0179760363,0.01887976006,-0.001864816062,0.005146002397,1
0.0179760363,0.01873659529,-0.001975699561,0.004953940399,1
0.0179760363,0.01859343052,-0.001477182843,0.00470264582,1
0.0179760363,0.01845026761,-0.001501305727,0.004526713863,1
0.0179760363,0.01830710284,-0.001310166903,0.004293173552,1
0.0179760363,0.01816393808,-0.0009917126736,0.003991573583,1
0.0179760363,0.01802077517,-0.000759260729,0.00411536824,1
0.0179760363,0.0178776104,-0.0006857510889,0.004283555783,1
0.0179760363,0.01773444749,-0.0007438627072,0.004625015426,1
0.0179760363,0.01759128273,-0.001197485719,0.004799473099,2
0.0179760363,0.01744811796,-0.001853851718,0.005241137929,1
0.0179760363,0.01730495505,-0.0009488819633,0.004734033719,1
0.0179760363,0.01716179028,-0.0009071187233,0.004465267994,2
0.0179760363,0.01701862738,-0.001287253806,0.00449718954,1
0.0179760363,0.01687546261,-0.001160365995,0.004686773755,1
0.0179760363,0.01673229784,-0.00105664169,0.003961828072,1
0.0179760363,0.01658913493,-0.000864494592,0.003020280739,1
0.0179760363,0.01644597016,-0.0007483790396,0.002398952376,2
0.0179760363,0.01630280726,-0.0007651925553,0.001659930102,2
0.0179760363,0.01615964249,-0.0009493181715,0.001302907011,1
0.0179760363,0.01601647772,-0.0008585565956,0.002101121238,2
0.0179760363,0.01587331481,-0.0008129296475,0.002437009476,2
0.0179760363,0.01573015004,-0.0007644330617,0.002634247765,2
0.0179760363,0.01558698621,-0.0005424885894,0.002745914971,1
0.0179760363,0.01544382237,-0.0006328666932,0.004438697826,1
0.0179760363,0.0153006576,-0.001074016094,0.005164257716,1
0.0179760363,0.01515749376,-0.001044489094,0.005186130758,1
0.0179760363,0.01501432993,-0.0007556143682,0.004677111749,1
0.0179760363,0.01487116609,-0.0003866589395,0.004261807539,1
0.0179760363,0.01472800132,-0.0003620637581,0.004195322283,1
0.0179760363,0.01458483748,-0.0003460234439,0.00284601259,2
0.0179760363,0.01444167364,-0.0001677621622,0.003449204611,2
0.0179760363,0.01429850981,0.0001248766057,0.001690287143,1
0.0179760363,0.01415534597,-0.0004250409547,0.004357822239,1
0.0179760363,0.0140121812,-0.0007457608008,0.005518261343,2
0.0179760363,0.01386901736,-0.001162507455,0.006299410015,1
0.0179760363,0.01372585353,-0.001279655844,0.006206151564,1
0.0179760363,0.01358268969,-0.001209503273,0.006056354381,1
0.0179760363,0.01343952492,-0.0005258267047,0.006257547066,1
0.0179760363,0.01329636108,-0.0006026570918,0.006051770877,2
0.0179760363,0.01315319724,-0.000792595325,0.005845583044,1
0.0179760363,0.01301003341,-0.0008846455021,0.005757186562,2
0.0179760363,0.01286686864,-0.0007273927913,0.005614645779,1
0.0179760363,0.0127237048,-0.0009704952827,0.00526608713,1
0.0179760363,0.01258054096,-0.0008906871662,0.005496316589,1
0.0179760363,0.01243737713,-0.001056579989,0.005067931488,1
0.0179760363,0.01229421329,-0.000927686342,0.004970804323,1
0.0179760363,0.01215104852,-0.0002296265011,0.005360492505,1
0.0179760363,0.01200788468,-0.0007252244395,0.005064153578,1
0.0179760363,0.01186472084,-0.00101177441,0.005754344631,1
0.0179760363,0.01172155701,-0.0009148295503,0.005716884043,1
0.0179760363,0.01157839224,-0.0008798691561,0.006001828238,1
0.0179760363,0.0114352284,-0.0009897709824,0.005983152892,1
0.0179760363,0.01129206456,-0.0007578502991,0.005737641361,1
0.0179760363,0.01114890072,-0.0005770358257,0.005544901825,1
0.0179760363,0.01100573689,-0.001083643641,0.005565091968,1
0.0179760363,0.01086257212,-0.0007378129521,0.005000100937,2
0.0179760363,0.01071940828,-0.0007161319372,0.004750980064,2
0.0179760363,0.01057624444,-0.0008587773191,0.004677167628,1
0.0179760363,0.01043308061,-0.0008678294253,0.005273426883,1
0.0179760363,0.01028991584,-0.0008829924627,0.005054542329,1
0.0179760363,0.010146752,-0.0006280014641,0.005414694082,1
0.0179760363,0.01000358816,-0.0006408516783,0.004928040318,1
0.0179760363,0.009860424325,-0.0006604998489,0.003788256086,1
0.0179760363,0.009717259556,-0.0007111718296,0.004581458867,1
0.0179760363,0.009574095719,-0.0005238011945,0.004411274102,2
0.0179760363,0.009430931881,-0.0002429312153,0.004505509045,2
0.0179760363,0.009287768044,-0.000240838679,0.004685555585,2
0.0179760363,0.009144604206,-0.0001824570209,0.005038197152,2
0.0179760363,0.009001439437,-0.0003017054405,0.005183914676,2
0.0179760363,0.0088582756,-5.452341429e-05,0.005517176818,1
0.0179760363,0.008715111762,-7.496135368e-05,0.00588633772,1
0.0179760363,0.008571947925,-0.0006598796463,0.005447337404,1
0.0179760363,0.008428783156,-0.0009124132921,0.005472995806,1
0.0179760363,0.008285619318,-0.0006065678317,0.00553480722,2
0.0179760363,0.008142455481,-0.0007447112584,0.005833153147,1
0.0179760363,0.007999291644,-0.0009526645299,0.00564500317,1
0.0179760363,0.007856126875,-0.001169731258,0.005758557469,1
0.0179760363,0.007712963037,-0.000789626094,0.005810247269,1
0.0179760363,0.0075697992,-0.0006239896757,0.00562315248,1
0.0179760363,0.007426635362,-0.000608815928,0.005394407082,1
0.0179760363,0.007283471059,-0.0008690208779,0.005499525461,1
0.0179760363,0.007140307222,-0.001116183004,0.006494455505,1
0.0179760363,0.006997142918,-0.0009290075977,0.007209074218,1
0.0179760363,0.006853979081,-0.001002238714,0.006659896113,1
0.0179760363,0.006710814778,-0.0006936483551,0.006497253198,1
0.0179760363,0.00656765094,-0.0002804755641,0.005997741595,1
0.0179760363,0.006424486637,-0.0002768865088,0.0057573542,1
0.0179760363,0.0062813228,-0.0004298221902,0.005799966864,1
0.0179760363,0.006138158496,-0.0005415958585,0.006146310829,1
0.0179760363,0.005994994659,0.0001162621411,0.005765554495,1
0.0179760363,0.005851830821,0.0002276670857,0.005509275477,1
0.0179760363,0.005708666518,0.0001170631076,0.005536946002,1
0.0179760363,0.005565502681,-0.0003144587681,0.005771903321,1
0.0179760363,0.005422338378,-0.0005033157067,0.006058946252,1
0.0179760363,0.00527917454,-0.0005106262397,0.005860141944,1
0.0179760363,0.005136010237,-0.0004319730215,0.00600233255,1
0.0179760363,0.0049928464,-0.0005429178709,0.006450077984,1
0.0179760363,0.004849682096,-0.0008141480503,0.006807199679,1
0.0179760363,0.004706518259,-0.0005513641518,0.007086938713,2
0.0179760363,0.004563353956,-0.0004236157693,0.006655156612,2
0.0179760363,0.004420190118,-0.0003550158872,0.00647636177,2
0.0179760363,0.004277025815,-0.0004647041205,0.006548501551,2
0.0179760363,0.004133861978,-0.0004320578882,0.006788290571,2
0.0179760363,0.00399069814,-0.0003518784943,0.007058583666,1
0.0179760363,0.003847533837,-0.0003419685818,0.007251631469,1
0.0179760363,0.003704369767,-0.000323349348,0.007482796442,1
0.0179760363,0.003561205696,-0.0006805387093,0.007804532535,1
0.0179760363,0.003418041626,-8.357736078e-06,0.007515542675,1
0.0179760363,0.003274877556,-0.0003024905745,0.007447999436,2
0.0179760363,0.003131713718,-0.0001278122654,0.007743456401,1
0.0179760363,0.002988549648,-0.0008321416099,0.006858973298,1
0.0179760363,0.002845385578,-0.0007017030148,0.007429468911,1
0.0179760363,0.002702221507,-0.0003989496618,0.007554018404,1
0.0179760363,0.002559057437,-0.0004562693357,0.006669422612,1
0.0179760363,0.002415893367,-0.0006036346313,0.006799954921,1
0.0179760363,0.002272729296,-0.0007818902959,0.007107538637,1
0.0179760363,0.002129565226,-0.0005151798832,0.006363545079,1
0.0179760363,0.001986401156,-0.0004585072165,0.005968299229,1
0.0179760363,0.001843237202,-0.0003542859631,0.005968089681,1
0.0179760363,0.001700073131,0.0001294043905,0.006116507575,1
0.0179760363,0.001556909061,0.0005182020832,0.006069094874,1
0.0179760363,0.001413744991,0.0004468490079,0.00612074323,1
0.0179760363,0.00127058092,-4.580137465e-05,0.006816749461,1
0.0179760363,0.00112741685,-0.0002656331635,0.00684305653,1
0.0179760363,0.0009842528962,-0.0002712866408,0.006861106958,2
0.0179760363,0.0008410888258,-0.00104782416,0.008407150395,1
0.0179760363,0.0006979247555,-0.0007016141899,0.007152873557,1
0.0179760363,0.0005547606852,-0.0005584966857,0.007515556645,1
0.0179760363,0.000411596644,0.0001641541749,0.006842372473,1
0.0179760363,0.0002684326028,0.0004233154468,0.006834608037,1
0.0179760363,0.000125268547,0.0009185527451,0.00579136936,1
0.01811920106,0.01916608773,NaN,NaN,0
0.01811920106,0.01902292296,NaN,NaN,0
0.01811920106,0.01887976006,-0.001661100774,0.004483901896,2
0.01811920106,0.01873659529,-0.002103280742,0.005068869796,1
0.01811920106,0.01859343052,-0.00135933538,0.004621758591,1
0.01811920106,0.01845026761,-0.001391995116,0.004453163128,1
0.01811920106,0.01830710284,-0.001289644977,0.004226590041,1
0.01811920106,0.01816393808,-0.001208427129,0.004002319183,1
0.01811920106,0.01802077517,-0.0007917349576,0.00392530812,1
0.01811920106,0.0178776104,-0.0005316352472,0.004013867583,1
0.01811920106,0.01773444749,-0.0007873261347,0.004326204304,2
0.01811920106,0.01759128273,-0.001018600422,0.004496535752,2
0.01811920106,0.01744811796,-0.001158227096,0.00460958574,2
0.01811920106,0.01730495505,-0.0008151526563,0.004432571121,2
0.01811920106,0.01716179028,-0.0003503986227,0.004220226314,1
0.01811920106,0.01701862738,-0.000395152194,0.004201714881,1
0.01811920106,0.01687546261,-0.0007977943169,0.003669606987,1
0.01811920106,0.01673229784,-0.0008656205027,0.00295057334,1
0.01811920106,0.01658913493,-0.0008101523272,0.002671296941,2
0.01811920106,0.01644597016,-0.0007222286658,0.002048676601,2
0.01811920106,0.01630280726,-0.0005763628869,0.0009022181039,1
0.01811920106,0.01615964249,NaN,NaN,0
0.01811920106,0.01601647772,NaN,NaN,0
0.01811920106,0.01587331481,-0.0008547719917,0.001607247978,1
0.01811920106,0.01573015004,-0.0008971462958,0.001418301254,1
0.01811920106,0.01558698621,-0.0009536059806,0.0007677777903,1
0.01811920106,0.01544382237,-0.0006014464889,0.001183746383,1
0.01811920106,0.0153006576,-0.0006259775837,0.001712080557,1
0.01811920106,0.01515749376,-0.001564729027,0.002570701065,1
0.01811920106,0.01501432993,-0.0003468693758,0.003449339187,1
0.01811920106,0.01487116609,-0.0002554575622,0.00346861151,1
0.01811920106,0.01472800132,-0.0002221245959,0.001493318472,1
0.01811920106,0.01458483748,-0.0004836025473,3.774439028e-05,1
0.01811920106,0.01444167364,-0.0001534355251,0.002743696561,1
0.01811920106,0.01429850981,0.0002512618667,0.002410758287,1
0.01811920106,0.01415534597,-0.0002866149589,0.003600825788,2
0.01811920106,0.0140121812,-0.0006003250019,0.00465576537,2
0.01811920106,0.01386901736,-0.0008260810864,0.0054639671,2
0.01811920106,0.01372585353,-0.001050633262,0.006173677742,1
0.01811920106,0.01358268969,-0.000933539588,0.006147596519,1
0.01811920106,0.01343952492,-0.0009599299519,0.006086417008,2
0.01811920106,0.01329636108,-0.001016620081,0.006062080618,2
0.01811920106,0.01315319724,-0.0009232126758,0.006209938787,1
0.01811920106,0.01301003341,-0.001451490447,0.006130029913,1
0.01811920106,0.01286686864,-0.002631404204,0.005311396439,1
0.01811920106,0.0127237048,-0.002163663739,0.005307971966,1
0.01811920106,0.01258054096,-0.001443748712,0.005343870725,1
0.01811920106,0.01243737713,-0.0005879452801,0.004177150782,1
0.01811920106,0.01229421329,-0.0002334403398,0.003845373867,1
0.01811920106,0.01215104852,-0.0002754375455,0.004845614545,2
0.01811920106,0.01200788468,-0.0004244088195,0.00532054808,2
0.01811920106,0.01186472084,-0.0001791821705,0.006102572195,1
0.01811920106,0.01172155701,-0.0006892739912,0.005692655221,1
0.01811920106,0.01157839224,-0.0007899216725,0.005566271488,2
0.01811920106,0.0114352284,-0.001119799796,0.005394343752,1
0.01811920106,0.01129206456,-0.0007660738192,0.005249559414,1
0.01811920106,0.01114890072,-0.000662006787,0.005235037301,1
0.01811920106,0.01100573689,-0.001011424698,0.005589906126,1
0.01811920106,0.01086257212,-0.0007735750405,0.004852369893,2
0.01811920106,0.01071940828,-0.0006996140582,0.004193080124,2
0.01811920106,0.01057624444,-0.0007313616225,0.003575542709,1
0.01811920106,0.01043308061,-0.0009044149774,0.004156816285,1
0.01811920106,0.01028991584,-0.0006854011444,0.004794212524,1
0.01811920106,0.010146752,-0.0006194213056,0.004657063633,1
0.01811920106,0.01000358816,-0.0006154958974,0.005337445531,1
0.01811920106,0.009860424325,-0.0005581303849,0.004460663535,1
0.01811920106,0.009717259556,-0.0004636232916,0.00328143267,1
0.01811920106,0.009574095719,-0.0004419756297,0.002961867722,2
0.01811920106,0.009430931881,-0.0003747603623,0.002781037241,1
0.01811920106,0.009287768044,-0.0003725194547,0.003124829382,1
0.01811920106,0.009144604206,-5.62284913e-05,0.003886538558,1
0.01811920106,0.009001439437,-0.0006553815329,0.003489254043,1
0.01811920106,0.0088582756,-0.0009443706949,0.004191143904,1
0.01811920106,0.008715111762,-0.0005544784362,0.00447422266,2
0.01811920106,0.008571947925,-0.0006140889018,0.004595372826,2
0.01811920106,0.008428783156,-0.00073445827,0.004685519263,2
0.01811920106,0.008285619318,-0.000749301631,0.004927661736,2
0.01811920106,0.008142455481,-0.0008386196569,0.005715566222,1
0.01811920106,0.007999291644,-0.0009553257842,0.005780789535,1
0.01811920106,0.007856126875,-0.0009924294427,0.005596578121,1
0.01811920106,0.007712963037,-0.0009489089134,0.005001276266,1
0.01811920106,0.0075697992,-0.0005163040478,0.005258776248,1
0.01811920106,0.007426635362,-0.0004995865747,0.005083155818,1
0.01811920106,0.007283471059,-0.0006625798997,0.005090394057,1
0.01811920106,0.007140307222,-0.0009013394592,0.006068080198,1
0.01811920106,0.006997142918,-0.001234380645,0.006187846418,1
0.01811920106,0.006853979081,-0.001071732841,0.0063567576,2
0.01811920106,0.006710814778,-0.001121402369,0.006732019596,1
0.01811920106,0.00656765094,-0.0003840261488,0.006162913051,1
0.01811920106,0.006424486637,-0.000305393798,0.00531504536,1
0.01811920106,0.0062813228,-0.0005436031497,0.004337756895,1
0.01811920106,0.006138158496,-0.0004084810498,0.003155099228,1
0.01811920106,0.005994994659,-0.0002578848216,0.003498316044,1
0.01811920106,0.005851830821,-0.0001848756656,0.00484401593,2
0.01811920106,0.005708666518,8.08176701e-05,0.005249571521,1
0.01811920106,0.005565502681,-0.000298000552,0.005511638708,1
0.01811920106,0.005422338378,-0.0004920645733,0.005902508274,1
0.01811920106,0.00527917454,-0.0006517762667,0.005867775995,1
0.01811920106,0.005136010237,-0.0006247608108,0.005795680918,1
0.01811920106,0.0049928464,-0.0007255868404,0.006120469421,1
0.01811920106,0.004849682096,-0.0008291851263,0.006405631546,1
0.01811920106,0.004706518259,-0.0004478550109,0.007601878606,1
0.01811920106,0.004563353956,-0.0003222335363,0.005967359524,1
0.01811920106,0.004420190118,-0.0003019064025,0.005856086966,1
0.01811920106,0.004277025815,-0.0009341387195,0.006151838228,1
0.01811920106,0.004133861978,-0.000585578091,0.006548079662,2
0.01811920106,0.00399069814,-0.0003580387565,0.006790564861,1
0.01811920106,0.003847533837,-0.0003379162226,0.006874827668,1
0.01811920106,0.003704369767,-0.0002590056683,0.00727434177,1
0.01811920106,0.003561205696,-0.0003323903657,0.007504568435,1
0.01811920106,0.003418041626,-0.0005942800781,0.00704424968,3
0.01811920106,0.003274877556,-0.0005115917302,0.007378967479,1
0.01811920106,0.003131713718,-0.0004135840572,0.006223354954,1
0.01811920106,0.002988549648,-0.0008633937687,0.006146518514,1
0.01811920106,0.002845385578,-0.0008650716045,0.006694707088,1
0.01811920106,0.002702221507,-0.0006429411005,0.006835842971,1
0.01811920106,0.002559057437,-0.0005460171378,0.006629057229,2
0.01811920106,0.002415893367,-0.0004117625358,0.006508946419,1
0.01811920106,0.002272729296,-0.0005020887475,0.006518367678,1
0.01811920106,0.002129565226,-0.0005445372663,0.006030547433,1
0.01811920106,0.001986401156,-0.0004046352697,0.005819436163,1
0.01811920106,0.001843237202,-0.0004022289941,0.005813745316,1
0.01811920106,0.001700073131,3.839094518e-07,0.005887852982,1
0.01811920106,0.001556909061,0.00021096399,0.00606355723,1
0.01811920106,0.001413744991,-5.378732112e-06,0.006293203682,1
0.01811920106,0.00127058092,-0.0002523040457,0.006669037044,1
0.01811920106,0.00112741685,-0.000280729786,0.0064819525,1
0.01811920106,0.0009842528962,0.0004707390617,0.005288212094,1
0.01811920106,0.0008410888258,0.0002923305146,0.005696679,1
0.01811920106,0.0006979247555,-8.532973879e-05,0.006328447256,2
0.01811920106,0.0005547606852,-7.856701995e-05,0.006621073466,2
0.01811920106,0.000411596644,0.0002635999408,0.006531805266,1
0.01811920106,0.0002684326028,0.0006323657581,0.007164213341,1
0.01811920106,0.000125268547,0.0007623833953,0.005130628124,3
0.01826236397,0.01916608773,NaN,NaN,0
0.01826236397,0.01902292296,NaN,NaN,0
0.01826236397,0.01887976006,NaN,NaN,0
0.01826236397,0.01873659529,NaN,NaN,0
0.01826236397,0.01859343052,NaN,NaN,0
0.01826236397,0.01845026761,NaN,NaN,0
0.01826236397,0.01830710284,NaN,NaN,0
0.01826236397,0.01816393808,NaN,NaN,0
0.01826236397,0.01802077517,NaN,NaN,0
0.01826236397,0.0178776104,NaN,NaN,0
0.01826236397,0.01773444749,NaN,NaN,0
0.01826236397,0.01759128273,NaN,NaN,0
0.01826236397,0.01744811796,NaN,NaN,0
0.01826236397,0.01730495505,NaN,NaN,0
0.01826236397,0.01716179028,NaN,NaN,0
0.01826236397,0.01701862738,NaN,NaN,0
0.01826236397,0.01687546261,NaN,NaN,0
0.01826236397,0.01673229784,NaN,NaN,0
0.01826236397,0.01658913493,NaN,NaN,0
0.01826236397,0.01644597016,NaN,NaN,0
0.01826236397,0.01630280726,NaN,NaN,0
0.01826236397,0.01615964249,NaN,NaN,0
0.01826236397,0.01601647772,NaN,NaN,0
0.01826236397,0.01587331481,NaN,NaN,0
0.01826236397,0.01573015004,NaN,NaN,0
0.01826236397,0.01558698621,NaN,NaN,0
0.01826236397,0.01544382237,NaN,NaN,0
0.01826236397,0.0153006576,NaN,NaN,0
0.01826236397,0.01515749376,NaN,NaN,0
0.01826236397,0.01501432993,NaN,NaN,0
0.01826236397,0.01487116609,-0.001461751293,0.002325608861,1
0.01826236397,0.01472800132,-0.0002132467052,0.0003419197747,1
0.01826236397,0.01458483748,-0.0003714345512,-0.0006071038079,1
0.01826236397,0.01444167364,-0.0004781047173,0.001747809467,1
0.01826236397,0.01429850981,-8.518831601e-05,0.001261313329,1
0.01826236397,0.01415534597,-0.0003723557165,0.002978957025,2
0.01826236397,0.0140121812,-0.0005428432487,0.004040007014,2
0.01826236397,0.01386901736,-0.0004908585688,0.004727015737,1
0.01826236397,0.01372585353,-0.001183774904,0.005923699588,1
0.01826236397,0.01358268969,-0.001226255088,0.006097815931,1
0.01826236397,0.01343952492,-0.001363733434,0.005878443364,2
0.01826236397,0.01329636108,-0.001580680371,0.005900195334,2
0.01826236397,0.01315319724,-0.001769372844,0.006233172491,1
0.01826236397,0.01301003341,-0.0007398811285,0.005531131756,1
0.01826236397,0.01286686864,-0.003157006809,0.00485819485,1
0.01826236397,0.0127237048,-0.002697194694,0.004942261614,1
0.01826236397,0.01258054096,-0.001893249457,0.005007557105,1
0.01826236397,0.01243737713,-0.0007094377652,0.004104347434,1
0.01826236397,0.01229421329,-0.0002021191031,0.003863279708,1
0.01826236397,0.01215104852,-0.0002142745361,0.004856043961,1
0.01826236397,0.01200788468,-0.0005177911953,0.005269852001,1
0.01826236397,0.01186472084,-0.0006094095879,0.006064332556,1
0.01826236397,0.01172155701,-0.0007141298847,0.005933972541,1
0.01826236397,0.01157839224,-0.0004707436892,0.005176257342,1
0.01826236397,0.0114352284,7.366350928e-06,0.004622811917,1
0.01826236397,0.01129206456,-0.0007846246008,0.004510524217,1
0.01826236397,0.01114890072,-0.0008624418988,0.004553969949,1
0.01826236397,0.01100573689,-0.000868924486,0.005620203912,1
0.01826236397,0.01086257212,-0.0006454482209,0.004626392853,2
0.01826236397,0.01071940828,-0.000577387691,0.003593427595,2
0.01826236397,0.01057624444,-0.0007440948393,0.002648286987,1
0.01826236397,0.01043308061,-0.0005792081356,0.002887658309,1
0.01826236397,0.01028991584,-0.0004557842331,0.003432829631,1
0.01826236397,0.010146752,-0.0006481320597,0.003616905771,1
0.01826236397,0.01000358816,-0.0005688304664,0.003525627078,2
0.01826236397,0.009860424325,-0.0005424383562,0.002927365713,2
0.01826236397,0.009717259556,-0.0003207541595,0.001513103489,1
0.01826236397,0.009574095719,-0.0004057176702,0.001373726642,1
0.01826236397,0.009430931881,-0.0002073923097,0.002297497354,1
0.01826236397,0.009287768044,-0.0005249264068,0.001933192601,1
0.01826236397,0.009144604206,-0.0005053232308,0.002226238605,1
0.01826236397,0.009001439437,-0.0003010520013,0.003009920474,1
0.01826236397,0.0088582756,-0.0008133772062,0.002860860666,1
0.01826236397,0.008715111762,-0.0005844927509,0.003224035492,2
0.01826236397,0.008571947925,-0.0005075391964,0.003774410812,1
0.01826236397,0.008428783156,-0.0006620293134,0.003746046685,2
0.01826236397,0.008285619318,-0.0008175608818,0.003774754237,2
0.01826236397,0.008142455481,-0.001103123417,0.00371284876,2
0.01826236397,0.007999291644,-0.001776069519,0.003182709683,1
0.01826236397,0.007856126875,-0.0007059430936,0.006234661676,1
0.01826236397,0.007712963037,-0.0005414393381,0.006198398303,1
0.01826236397,0.0075697992,0.0002166619815,0.005744948052,1
0.01826236397,0.007426635362,-0.0002638186561,0.004703320097,1
0.01826236397,0.007283471059,-0.0004020812921,0.004192165099,2
0.01826236397,0.007140307222,-0.0006926468341,0.004331537988,2
0.01826236397,0.006997142918,-0.0009080710588,0.005231294781,1
0.01826236397,0.006853979081,-0.0009289098089,0.005847269669,1
0.01826236397,0.006710814778,-0.0008595468826,0.005533950403,1
0.01826236397,0.00656765094,-0.0006944253109,0.00579813309,1
0.01826236397,0.006424486637,-0.0005194662954,0.003886173712,2
0.01826236397,0.0062813228,-0.0008171765367,0.001959130866,1
0.01826236397,0.006138158496,-0.0005690990365,0.002524331911,1
0.01826236397,0.005994994659,-0.000571112032,0.003745417111,1
0.01826236397,0.005851830821,-0.0007901026402,0.005118901376,1
0.01826236397,0.005708666518,-0.0002389748261,0.004589056596,2
0.01826236397,0.005565502681,6.184775702e-05,0.004338601138,2
0.01826236397,0.005422338378,0.0001742671593,0.004436601419,2
0.01826236397,0.00527917454,5.990028149e-05,0.004610461649,2
0.01826236397,0.005136010237,-0.0006346663577,0.005381192081,1
0.01826236397,0.0049928464,-0.0007153077167,0.005865396466,1
0.01826236397,0.004849682096,-0.0002455170907,0.00676991092,1
0.01826236397,0.004706518259,-0.0002972636721,0.007004925516,1
0.01826236397,0.004563353956,-0.0002857448126,0.005721129943,1
0.01826236397,0.004420190118,-0.0002773431188,0.005603491794,1
0.01826236397,0.004277025815,-0.0009001012659,0.005914101843,1
0.01826236397,0.004133861978,-0.0006180770579,0.00646162359,1
0.01826236397,0.00399069814,-0.0002766012913,0.006593850907,1
0.01826236397,0.003847533837,-0.0002247784141,0.006563243456,1
0.01826236397,0.003704369767,-8.938782412e-05,0.007476671599,1
0.01826236397,0.003561205696,-0.000236474516,0.007484750357,1
0.01826236397,0.003418041626,-0.0006025342736,0.006637910381,1
0.01826236397,0.003274877556,-0.0006954667042,0.006615087856,1
0.01826236397,0.003131713718,-0.0002835160412,0.005442403257,1
0.01826236397,0.002988549648,-0.0005140943103,0.005260619801,1
0.01826236397,0.002845385578,-0.0006513792905,0.005724326242,1
0.01826236397,0.002702221507,-0.0006302759866,0.00635544816,1
0.01826236397,0.002559057437,-0.0006730956957,0.006502017379,2
0.01826236397,0.002415893367,-0.0003885467013,0.006348725408,1
0.01826236397,0.002272729296,-0.0004422900092,0.006115600467,1
0.01826236397,0.002129565226,-0.0005238330341,0.005906224251,1
0.01826236397,0.001986401156,-0.0003896478156,0.005813451018,1
0.01826236397,0.001843237202,-0.0003606366517,0.005813753232,1
0.01826236397,0.001700073131,-0.0004243152798,0.006091397721,1
0.01826236397,0.001556909061,-0.0002245091891,0.005977767054,1
0.01826236397,0.001413744991,-0.0002425100975,0.006065067835,1
0.01826236397,0.00127058092,-8.107106987e-05,0.005952609703,1
0.01826236397,0.00112741685,0.0001664446463,0.00610196311,1
0.01826236397,0.0009842528962,0.0003815025557,0.006023369264,1
0.01826236397,0.0008410888258,0.0004071299627,0.005406496581,3
0.01826236397,0.0006979247555,0.000146531791,0.005843163002,2
0.01826236397,0.0005547606852,6.595839659e-05,0.006108484697,2
0.01826236397,0.000411596644,-2.460060387e-05,0.006278021261,1
0.01826236397,0.0002684326028,0.0001506399713,0.006058287341,1
0.01826236397,0.000125268547,0.00110592565,0.00544043351,1
0.01840552874,0.01916608773,NaN,NaN,0
0.01840552874,0.01902292296,NaN,NaN,0
0.01840552874,0.01887976006,NaN,NaN,0
0.01840552874,0.01873659529,NaN,NaN,0
0.01840552874,0.01859343052,NaN,NaN,0
0.01840552874,0.01845026761,NaN,NaN,0
0.01840552874,0.01830710284,NaN,NaN,0
0.01840552874,0.01816393808,NaN,NaN,0
0.01840552874,0.01802077517,NaN,NaN,0
0.01840552874,0.0178776104,NaN,NaN,0
0.01840552874,0.01773444749,NaN,NaN,0
0.01840552874,0.01759128273,NaN,NaN,0
0.01840552874,0.01744811796,NaN,NaN,0
0.01840552874,0.01730495505,NaN,NaN,0
0.01840552874,0.01716179028,NaN,NaN,0
0.01840552874,0.01701862738,NaN,NaN,0
0.01840552874,0.01687546261,NaN,NaN,0
0.01840552874,0.01673229784,NaN,NaN,0
0.01840552874,0.01658913493,NaN,NaN,0
0.01840552874,0.01644597016,NaN,NaN,0
0.01840552874,0.01630280726,NaN,NaN,0
0.01840552874,0.01615964249,NaN,NaN,0
0.01840552874,0.01601647772,NaN,NaN,0
0.01840552874,0.01587331481,NaN,NaN,0
0.01840552874,0.01573015004,NaN,NaN,0
0.01840552874,0.01558698621,NaN,NaN,0
0.01840552874,0.01544382237,NaN,NaN,0
0.01840552874,0.0153006576,NaN,NaN,0
0.01840552874,0.01515749376,NaN,NaN,0
0.01840552874,0.01501432993,NaN,NaN,0
0.01840552874,0.01487116609,NaN,NaN,0
0.01840552874,0.01472800132,NaN,NaN,0
0.01840552874,0.01458483748,NaN,NaN,0
0.01840552874,0.01444167364,NaN,NaN,0
0.01840552874,0.01429850981,NaN,NaN,0
0.01840552874,0.01415534597,NaN,NaN,0
0.01840552874,0.0140121812,NaN,NaN,0
0.01840552874,0.01386901736,NaN,NaN,0
0.01840552874,0.01372585353,NaN,NaN,0
0.01840552874,0.01358268969,NaN,NaN,0
0.01840552874,0.01343952492,NaN,NaN,0
0.01840552874,0.01329636108,NaN,NaN,0
0.01840552874,0.01315319724,NaN,NaN,0
0.01840552874,0.01301003341,-0.005729836877,0.004642809741,1
0.01840552874,0.01286686864,-0.004266150761,0.00476690568,2
0.01840552874,0.0127237048,-0.004624696448,0.004779092502,1
0.01840552874,0.01258054096,-0.002596297767,0.004989954177,2
0.01840552874,0.01243737713,-0.001440311433,0.005179412663,2
0.01840552874,0.01229421329,-0.0008045749855,0.006403542589,1
0.01840552874,0.01215104852,-0.0005436860956,0.005896652117,1
0.01840552874,0.01200788468,-8.914909995e-05,0.00587277161,1
0.01840552874,0.01186472084,0.0008109672926,0.006819570903,1
0.01840552874,0.01172155701,6.934098201e-05,0.006358169485,1
0.01840552874,0.01157839224,-0.0002447992156,0.005892327987,1
0.01840552874,0.0114352284,0.0003496181453,0.003886250779,1
0.01840552874,0.01129206456,0.000314470235,0.002937580459,1
0.01840552874,0.01114890072,-4.717075717e-05,0.003770616837,1
0.01840552874,0.01100573689,-0.000292524317,0.006203297991,1
0.01840552874,0.01086257212,-0.0003619059571,0.00443957001,2
0.01840552874,0.01071940828,-0.0002203936019,0.002905950416,1
0.01840552874,0.01057624444,-0.0001404846989,0.002172478009,1
0.01840552874,0.01043308061,-0.0001822156482,0.002242370974,1
0.01840552874,0.01028991584,-9.633561422e-05,0.002530656289,1
0.01840552874,0.010146752,-0.0001212093703,0.002450057073,1
0.01840552874,0.01000358816,-0.000469255494,0.0022207906,1
0.01840552874,0.009860424325,-0.0007220384432,0.002210069215,1
0.01840552874,0.009717259556,-0.0002068360045,0.001005520462,1
0.01840552874,0.009574095719,-0.0007700217539,0.001250933274,1
0.01840552874,0.009430931881,-0.0003852582304,0.001894669025,1
0.01840552874,0.009287768044,NaN,NaN,0
0.01840552874,0.009144604206,NaN,NaN,0
0.01840552874,0.009001439437,-0.0005297595635,0.002408622764,2
0.01840552874,0.0088582756,-0.0007750599761,0.002163808094,1
0.01840552874,0.008715111762,-0.0004625760776,0.001786647947,1
0.01840552874,0.008571947925,-0.0003729456512,0.002221456962,1
0.01840552874,0.008428783156,-0.0005885589053,0.002749502659,2
0.01840552874,0.008285619318,-0.0007557892823,0.002712460002,2
0.01840552874,0.008142455481,-0.0009802434361,0.002178365132,2
0.01840552874,0.007999291644,-0.001392915146,0.0007613154012,1
0.01840552874,0.007856126875,-0.0003848054912,0.005381861236,1
0.01840552874,0.007712963037,-0.0003516284632,0.004508144688,2
0.01840552874,0.0075697992,-0.000420632452,0.003416074207,1
0.01840552874,0.007426635362,-0.0003937099536,0.002952981275,1
0.01840552874,0.007283471059,1.072028044e-05,0.002643407788,1
0.01840552874,0.007140307222,-0.0005590955261,0.001834611059,1
0.01840552874,0.006997142918,-0.000529673649,0.00321732345,2
0.01840552874,0.006853979081,-0.0003653349122,0.00354353711,1
0.01840552874,0.006710814778,-0.0002185044723,0.003269703127,1
0.01840552874,0.00656765094,-0.0001985538111,0.003387219971,2
0.01840552874,0.006424486637,-0.0002608695941,0.002472385298,2
0.01840552874,0.0062813228,-0.0003666865814,0.0007531858864,1
0.01840552874,0.006138158496,-0.0005876903888,0.002070281189,1
0.01840552874,0.005994994659,-0.0007981301169,0.004210593645,1
0.01840552874,0.005851830821,-0.0009816028178,0.004823774565,1
0.01840552874,0.005708666518,-0.0003084620985,0.003649151418,2
0.01840552874,0.005565502681,0.0006100992323,0.002817108063,2
0.01840552874,0.005422338378,0.001067385194,0.002894834382,2
0.01840552874,0.00527917454,0.001351776649,0.002756277332,1
0.01840552874,0.005136010237,0.0005452827318,0.003883437254,2
0.01840552874,0.0049928464,-0.0004675102828,0.005244910717,1
0.01840552874,0.004849682096,0.0004239448172,0.007445382886,1
0.01840552874,0.004706518259,0.0001367308287,0.008098437451,2
0.01840552874,0.004563353956,0.0001605161815,0.009528330527,1
0.01840552874,0.004420190118,-0.000825325551,0.006307303905,1
0.01840552874,0.004277025815,-0.00079491426,0.006164527964,2
0.01840552874,0.004133861978,-0.0007617755327,0.00629918417,2
0.01840552874,0.00399069814,-0.0004813030246,0.006643886212,1
0.01840552874,0.003847533837,-0.0004463441146,0.006675969344,1
0.01840552874,0.003704369767,-0.0005559469573,0.006690677255,2
0.01840552874,0.003561205696,-0.0005862176768,0.006671609823,2
0.01840552874,0.003418041626,-0.0006960819592,0.006143005099,1
0.01840552874,0.003274877556,-0.0005979728303,0.006927560084,1
0.01840552874,0.003131713718,-0.000475626468,0.005102563649,1
0.01840552874,0.002988549648,-0.0005466208677,0.005068090744,1
0.01840552874,0.002845385578,-0.0006460691802,0.005389498547,1
0.01840552874,0.002702221507,-0.0006722370163,0.005883167032,1
0.01840552874,0.002559057437,-0.001127542928,0.006674837787,1
0.01840552874,0.002415893367,-0.0006897233543,0.006121932529,2
0.01840552874,0.002272729296,-0.0004425309016,0.00596907828,1
0.01840552874,0.002129565226,-0.000571681594,0.005957781803,1
0.01840552874,0.001986401156,-0.0004808732192,0.005774746649,1
0.01840552874,0.001843237202,-0.0004145907878,0.005732560065,1
0.01840552874,0.001700073131,-0.0004675136297,0.006010744255,1
0.01840552874,0.001556909061,-0.0002127545158,0.005735944025,1
0.01840552874,0.001413744991,-0.0001508821006,0.005925133824,1
0.01840552874,0.00127058092,0.0002155392285,0.005779978354,1
0.01840552874,0.00112741685,0.0004895097809,0.005855877884,1
0.01840552874,0.0009842528962,0.0002736785973,0.005841794424,1
0.01840552874,0.0008410888258,0.0002255254076,0.005351013038,1
0.01840552874,0.0006979247555,0.0001983685652,0.00552922301,2
0.01840552874,0.0005547606852,0.0002204694174,0.00569168292,2
0.01840552874,0.000411596644,0.0003755351645,0.006026204675,1
0.01840552874,0.0002684326028,-0.0002705727238,0.005725333933,1
0.01840552874,0.000125268547,-0.0002835514024,0.005309191067,1
0.01854869165,0.01916608773,NaN,NaN,0
0.01854869165,0.01902292296,NaN,NaN,0
0.01854869165,0.01887976006,NaN,NaN,0
0.01854869165,0.01873659529,NaN,NaN,0
0.01854869165,0.01859343052,NaN,NaN,0
0.01854869165,0.01845026761,NaN,NaN,0
0.01854869165,0.01830710284,NaN,NaN,0
0.01854869165,0.01816393808,NaN,NaN,0
0.01854869165,0.01802077517,NaN,NaN,0
0.01854869165,0.0178776104,NaN,NaN,0
0.01854869165,0.01773444749,NaN,NaN,0
0.01854869165,0.01759128273,NaN,NaN,0
0.01854869165,0.01744811796,NaN,NaN,0
0.01854869165,0.01730495505,NaN,NaN,0
0.01854869165,0.01716179028,NaN,NaN,0
0.01854869165,0.01701862738,NaN,NaN,0
0.01854869165,0.01687546261,NaN,NaN,0
0.01854869165,0.01673229784,NaN,NaN,0
0.01854869165,0.01658913493,NaN,NaN,0
0.01854869165,0.01644597016,NaN,NaN,0
0.01854869165,0.01630280726,NaN,NaN,0
0.01854869165,0.01615964249,NaN,NaN,0
0.01854869165,0.01601647772,NaN,NaN,0
0.01854869165,0.01587331481,NaN,NaN,0
0.01854869165,0.01573015004,NaN,NaN,0
0.01854869165,0.01558698621,NaN,NaN,0
0.01854869165,0.01544382237,NaN,NaN,0
0.01854869165,0.0153006576,NaN,NaN,0
0.01854869165,0.01515749376,NaN,NaN,0
0.01854869165,0.01501432993,NaN,NaN,0
0.01854869165,0.01487116609,NaN,NaN,0
0.01854869165,0.01472800132,NaN,NaN,0
0.01854869165,0.01458483748,NaN,NaN,0
0.01854869165,0.01444167364,NaN,NaN,0
0.01854869165,0.01429850981,NaN,NaN,0
0.01854869165,0.01415534597,NaN,NaN,0
0.01854869165,0.0140121812,NaN,NaN,0
0.01854869165,0.01386901736,NaN,NaN,0
0.01854869165,0.01372585353,NaN,NaN,0
0.01854869165,0.01358268969,NaN,NaN,0
0.01854869165,0.01343952492,NaN,NaN,0
0.01854869165,0.01329636108,NaN,NaN,0
0.01854869165,0.01315319724,NaN,NaN,0
0.01854869165,0.01301003341,NaN,NaN,0
0.01854869165,0.01286686864,NaN,NaN,0
0.01854869165,0.0127237048,NaN,NaN,0
0.01854869165,0.01258054096,NaN,NaN,0
0.01854869165,0.01243737713,NaN,NaN,0
0.01854869165,0.01229421329,NaN,NaN,0
0.01854869165,0.01215104852,NaN,NaN,0
0.01854869165,0.01200788468,NaN,NaN,0
0.01854869165,0.01186472084,NaN,NaN,0
0.01854869165,0.01172155701,NaN,NaN,0
0.01854869165,0.01157839224,NaN,NaN,0
0.01854869165,0.0114352284,NaN,NaN,0
0.01854869165,0.01129206456,NaN,NaN,0
0.01854869165,0.01114890072,NaN,NaN,0
0.01854869165,0.01100573689,NaN,NaN,0
0.01854869165,0.01086257212,NaN,NaN,0
0.01854869165,0.01071940828,NaN,NaN,0
0.01854869165,0.01057624444,NaN,NaN,0
0.01854869165,0.01043308061,NaN,NaN,0
0.01854869165,0.01028991584,NaN,NaN,0
0.01854869165,0.010146752,NaN,NaN,0
0.01854869165,0.01000358816,NaN,NaN,0
0.01854869165,0.009860424325,NaN,NaN,0
0.01854869165,0.009717259556,NaN,NaN,0
0.01854869165,0.009574095719,NaN,NaN,0
0.01854869165,0.009430931881,NaN,NaN,0
0.01854869165,0.009287768044,NaN,NaN,0
0.01854869165,0.009144604206,NaN,NaN,0
0.01854869165,0.009001439437,NaN,NaN,0
0.01854869165,0.0088582756,NaN,NaN,0
0.01854869165,0.008715111762,NaN,NaN,0
0.01854869165,0.008571947925,NaN,NaN,0
0.01854869165,0.008428783156,NaN,NaN,0
0.01854869165,0.008285619318,NaN,NaN,0
0.01854869165,0.008142455481,-0.0006691461895,0.00152683584,2
0.01854869165,0.007999291644,-0.0005106165772,4.255485328e-05,1
0.01854869165,0.007856126875,-0.0003339067334,0.002652505878,2
0.01854869165,0.007712963037,-5.96365644e-05,0.003036245937,1
0.01854869165,0.0075697992,-0.0006637895131,0.00213906751,1
0.01854869165,0.007426635362,-0.0004625662405,0.001873950008,1
0.01854869165,0.007283471059,-0.0004176804505,0.002173639601,1
0.01854869165,0.007140307222,-0.0002434703201,0.00142385147,1
0.01854869165,0.006997142918,-0.0002861930698,0.002259850036,2
0.01854869165,0.006853979081,-0.000141129276,0.00231803325,1
0.01854869165,0.006710814778,-0.0001171277472,0.002212589607,1
0.01854869165,0.00656765094,0.0003795841476,0.002008657902,1
0.01854869165,0.006424486637,4.122826795e-05,0.001862961566,1
0.01854869165,0.0062813228,8.713488205e-05,0.0008476278163,2
0.01854869165,0.006138158496,0.000447018363,-9.916234558e-05,1
0.01854869165,0.005994994659,0.0001158774394,0.0006428803317,1
0.01854869165,0.005851830821,-0.0007520630024,0.001497388352,1
0.01854869165,0.005708666518,-0.0006233699387,0.002366667148,1
0.01854869165,0.005565502681,0.001619626069,0.0003858454875,1
0.01854869165,0.005422338378,0.002133397851,0.001569350366,1
0.01854869165,0.00527917454,0.002016419778,0.001159261679,1
0.01854869165,0.005136010237,0.001931531006,0.002151369816,1
0.01854869165,0.0049928464,0.0005368224229,0.006763481069,1
0.01854869165,0.004849682096,0.0004696551186,0.007661418058,2
0.01854869165,0.004706518259,0.0002597259881,0.008415109478,2
0.01854869165,0.004563353956,0.0004914987949,0.008983953856,1
0.01854869165,0.004420190118,-0.000295681326,0.006944952533,1
0.01854869165,0.004277025815,-0.000692454807,0.006137522403,2
0.01854869165,0.004133861978,-0.00115280773,0.005926698446,1
0.01854869165,0.00399069814,-0.001889965963,0.006106655579,1
0.01854869165,0.003847533837,-0.00202093157,0.005958629772,1
0.01854869165,0.003704369767,-0.001101838308,0.005938458722,2
0.01854869165,0.003561205696,-0.0008563671727,0.00636800658,2
0.01854869165,0.003418041626,-0.0007871354464,0.0074829082,1
0.01854869165,0.003274877556,-0.0003566926753,0.005785773043,1
0.01854869165,0.003131713718,-0.0006266476703,0.005495016463,1
0.01854869165,0.002988549648,-0.0006078397855,0.005656274967,1
0.01854869165,0.002845385578,-0.0006601300556,0.00634441385,1
0.01854869165,0.002702221507,-0.0007525742985,0.005449836142,1
0.01854869165,0.002559057437,-0.0008371049771,0.005322722252,2
0.01854869165,0.002415893367,-0.0008002728573,0.005495088641,2
0.01854869165,0.002272729296,-0.000966631691,0.006410952192,1
0.01854869165,0.002129565226,-0.0005400538212,0.006230163854,1
0.01854869165,0.001986401156,-0.0003901327436,0.005721536931,2
0.01854869165,0.001843237202,-0.0002693971328,0.00572416652,2
0.01854869165,0.001700073131,-0.0002084362932,0.005719928071,2
0.01854869165,0.001556909061,-6.958975428e-05,0.005740075838,2
0.01854869165,0.001413744991,5.333699664e-05,0.006081887055,1
0.01854869165,0.00127058092,0.00025620003,0.005914340727,1
0.01854869165,0.00112741685,0.0005296951858,0.00559871085,1
0.01854869165,0.0009842528962,3.139512046e-05,0.00522609381,1
0.01854869165,0.0008410888258,0.0001620420517,0.005315628834,2
0.01854869165,0.0006979247555,0.0002009476593,0.005231034942,2
0.01854869165,0.0005547606852,0.0002420154924,0.005102817435,2
0.01854869165,0.000411596644,0.0003065257042,0.005227964371,2
0.01854869165,0.0002684326028,0.0002338327031,0.005534661002,1
0.01854869165,0.000125268547,0.0004519701179,0.006109398324,1
0.01869185641,0.01916608773,NaN,NaN,0
0.01869185641,0.01902292296,NaN,NaN,0
0.01869185641,0.01887976006,NaN,NaN,0
0.01869185641,0.01873659529,NaN,NaN,0
0.01869185641,0.01859343052,NaN,NaN,0
0.01869185641,0.01845026761,NaN,NaN,0
0.01869185641,0.01830710284,NaN,NaN,0
0.01869185641,0.01816393808,NaN,NaN,0
0.01869185641,0.01802077517,NaN,NaN,0
0.01869185641,0.0178776104,NaN,NaN,0
0.01869185641,0.01773444749,NaN,NaN,0
0.01869185641,0.01759128273,NaN,NaN,0
0.01869185641,0.01744811796,NaN,NaN,0
0.01869185641,0.01730495505,NaN,NaN,0
0.01869185641,0.01716179028,NaN,NaN,0
0.01869185641,0.01701862738,NaN,NaN,0
0.01869185641,0.01687546261,NaN,NaN,0
0.01869185641,0.01673229784,NaN,NaN,0
0.01869185641,0.01658913493,NaN,NaN,0
0.01869185641,0.01644597016,NaN,NaN,0
0.01869185641,0.01630280726,NaN,NaN,0
0.01869185641,0.01615964249,NaN,NaN,0
0.01869185641,0.01601647772,NaN,NaN,0
0.01869185641,0.01587331481,NaN,NaN,0
0.01869185641,0.01573015004,NaN,NaN,0
0.01869185641,0.01558698621,NaN,NaN,0
0.01869185641,0.01544382237,NaN,NaN,0
0.01869185641,0.0153006576,NaN,NaN,0
0.01869185641,0.01515749376,NaN,NaN,0
0.01869185641,0.01501432993,NaN,NaN,0
0.01869185641,0.01487116609,NaN,NaN,0
0.01869185641,0.01472800132,NaN,NaN,0
0.01869185641,0.01458483748,NaN,NaN,0
0.01869185641,0.01444167364,NaN,NaN,0
0.01869185641,0.01429850981,NaN,NaN,0
0.01869185641,0.01415534597,NaN,NaN,0
0.01869185641,0.0140121812,NaN,NaN,0
0.01869185641,0.01386901736,NaN,NaN,0
0.01869185641,0.01372585353,NaN,NaN,0
0.01869185641,0.01358268969,NaN,NaN,0
0.01869185641,0.01343952492,NaN,NaN,0
0.01869185641,0.01329636108,NaN,NaN,0
0.01869185641,0.01315319724,NaN,NaN,0
0.01869185641,0.01301003341,NaN,NaN,0
0.01869185641,0.01286686864,NaN,NaN,0
0.01869185641,0.0127237048,NaN,NaN,0
0.01869185641,0.01258054096,NaN,NaN,0
0.01869185641,0.01243737713,NaN,NaN,0
0.01869185641,0.01229421329,NaN,NaN,0
0.01869185641,0.01215104852,NaN,NaN,0
0.01869185641,0.01200788468,NaN,NaN,0
0.01869185641,0.01186472084,NaN,NaN,0
0.01869185641,0.01172155701,NaN,NaN,0
0.01869185641,0.01157839224,NaN,NaN,0
0.01869185641,0.0114352284,NaN,NaN,0
0.01869185641,0.01129206456,NaN,NaN,0
0.01869185641,0.01114890072,NaN,NaN,0
0.01869185641,0.01100573689,NaN,NaN,0
0.01869185641,0.01086257212,NaN,NaN,0
0.01869185641,0.01071940828,NaN,NaN,0
0.01869185641,0.01057624444,NaN,NaN,0
0.01869185641,0.01043308061,NaN,NaN,0
0.01869185641,0.01028991584,NaN,NaN,0
0.01869185641,0.010146752,NaN,NaN,0
0.01869185641,0.01000358816,NaN,NaN,0
0.01869185641,0.009860424325,NaN,NaN,0
0.01869185641,0.009717259556,NaN,NaN,0
0.01869185641,0.009574095719,NaN,NaN,0
0.01869185641,0.009430931881,NaN,NaN,0
0.01869185641,0.009287768044,NaN,NaN,0
0.01869185641,0.009144604206,NaN,NaN,0
0.01869185641,0.009001439437,NaN,NaN,0
0.01869185641,0.0088582756,NaN,NaN,0
0.01869185641,0.008715111762,NaN,NaN,0
0.01869185641,0.008571947925,NaN,NaN,0
0.01869185641,0.008428783156,NaN,NaN,0
0.01869185641,0.008285619318,NaN,NaN,0
0.01869185641,0.008142455481,NaN,NaN,0
0.01869185641,0.007999291644,NaN,NaN,0
0.01869185641,0.007856126875,NaN,NaN,0
0.01869185641,0.007712963037,NaN,NaN,0
0.01869185641,0.0075697992,NaN,NaN,0
0.01869185641,0.007426635362,NaN,NaN,0
0.01869185641,0.007283471059,NaN,NaN,0
0.01869185641,0.007140307222,NaN,NaN,0
0.01869185641,0.006997142918,NaN,NaN,0
0.01869185641,0.006853979081,NaN,NaN,0
0.01869185641,0.006710814778,NaN,NaN,0
0.01869185641,0.00656765094,NaN,NaN,0
0.01869185641,0.006424486637,NaN,NaN,0
0.01869185641,0.0062813228,NaN,NaN,0
0.01869185641,0.006138158496,0.0005914878566,-3.803366781e-05,1
0.01869185641,0.005994994659,-0.0002960567945,2.833645158e-05,1
0.01869185641,0.005851830821,-0.0004809204547,0.0009183926159,1
0.01869185641,0.005708666518,-0.0002006847062,9.192156722e-05,1
0.01869185641,0.005565502681,0.0003782762797,-0.0003229268768,1
0.01869185641,0.005422338378,0.001234504627,0.001209314214,2
0.01869185641,0.00527917454,0.001932917163,0.001922247699,1
0.01869185641,0.005136010237,0.0007542821695,0.006469553337,1
0.01869185641,0.0049928464,0.0007160136593,0.007344086189,1
0.01869185641,0.004849682096,0.0006581271882,0.008021699265,1
0.01869185641,0.004706518259,-5.898074232e-05,0.008916628547,1
0.01869185641,0.004563353956,-0.0002579406719,0.006637471262,1
0.01869185641,0.004420190118,-0.0003215903707,0.005471755285,1
0.01869185641,0.004277025815,-0.0005264157662,0.005513911135,2
0.01869185641,0.004133861978,-0.0006938684965,0.005312979221,2
0.01869185641,0.00399069814,-0.0007970659644,0.004941049032,1
0.01869185641,0.003847533837,-0.001078312984,0.004907752853,2
0.01869185641,0.003704369767,-0.0009741076501,0.00473652035,2
0.01869185641,0.003561205696,-0.0009502772009,0.005379049573,2
0.01869185641,0.003418041626,-0.001433504745,0.007706476375,1
0.01869185641,0.003274877556,-0.0004157020885,0.006341088098,1
0.01869185641,0.003131713718,-0.0004539578222,0.005556743592,1
0.01869185641,0.002988549648,-0.0006950683892,0.006244714838,1
0.01869185641,0.002845385578,-0.0005959906848,0.006755684037,1
0.01869185641,0.002702221507,-0.0003703760449,0.005037675146,1
0.01869185641,0.002559057437,-0.0006680297083,0.003671126207,1
0.01869185641,0.002415893367,-0.0007076314068,0.004124746658,2
0.01869185641,0.002272729296,-0.0007793604746,0.004628197756,1
0.01869185641,0.002129565226,-0.0004876141029,0.004886928014,2
0.01869185641,0.001986401156,-0.000270206714,0.0051570707,2
0.01869185641,0.001843237202,-6.442867743e-05,0.005722640082,2
0.01869185641,0.001700073131,-2.724468686e-05,0.005404726136,2
0.01869185641,0.001556909061,8.949479525e-05,0.0054225442,2
0.01869185641,0.001413744991,0.0003203923116,0.006050626282,1
0.01869185641,0.00127058092,0.0003181839129,0.005628976971,1
0.01869185641,0.00112741685,0.0003266783315,0.005761627108,2
0.01869185641,0.0009842528962,0.0002008778683,0.006073294207,2
0.01869185641,0.0008410888258,0.000190300023,0.005454374012,2
0.01869185641,0.0006979247555,0.0002013644989,0.004976469558,2
0.01869185641,0.0005547606852,0.0002401192178,0.004260587972,2
0.01869185641,0.000411596644,0.0003747194132,0.004248175304,2
0.01869185641,0.0002684326028,0.0007066323305,0.005625974853,1
0.01869185641,0.000125268547,0.001308552222,0.006461374462,1
0.01883502118,0.01916608773,NaN,NaN,0
0.01883502118,0.01902292296,NaN,NaN,0
0.01883502118,0.01887976006,NaN,NaN,0
0.01883502118,0.01873659529,NaN,NaN,0
0.01883502118,0.01859343052,NaN,NaN,0
0.01883502118,0.01845026761,NaN,NaN,0
0.01883502118,0.01830710284,NaN,NaN,0
0.01883502118,0.01816393808,NaN,NaN,0
0.01883502118,0.01802077517,NaN,NaN,0
0.01883502118,0.0178776104,NaN,NaN,0
0.01883502118,0.01773444749,NaN,NaN,0
0.01883502118,0.01759128273,NaN,NaN,0
0.01883502118,0.01744811796,NaN,NaN,0
0.01883502118,0.01730495505,NaN,NaN,0
0.01883502118,0.01716179028,NaN,NaN,0
0.01883502118,0.01701862738,NaN,NaN,0
0.01883502118,0.01687546261,NaN,NaN,0
0.01883502118,0.01673229784,NaN,NaN,0
0.01883502118,0.01658913493,NaN,NaN,0
0.01883502118,0.01644597016,NaN,NaN,0
0.01883502118,0.01630280726,NaN,NaN,0
0.01883502118,0.01615964249,NaN,NaN,0
0.01883502118,0.01601647772,NaN,NaN,0
0.01883502118,0.01587331481,NaN,NaN,0
0.01883502118,0.01573015004,NaN,NaN,0
0.01883502118,0.01558698621,NaN,NaN,0
0.01883502118,0.01544382237,NaN,NaN,0
0.01883502118,0.0153006576,NaN,NaN,0
0.01883502118,0.01515749376,NaN,NaN,0
0.01883502118,0.01501432993,NaN,NaN,0
0.01883502118,0.01487116609,NaN,NaN,0
0.01883502118,0.01472800132,NaN,NaN,0
0.01883502118,0.01458483748,NaN,NaN,0
0.01883502118,0.01444167364,NaN,NaN,0
0.01883502118,0.01429850981,NaN,NaN,0
0.01883502118,0.01415534597,NaN,NaN,0
0.01883502118,0.0140121812,NaN,NaN,0
0.01883502118,0.01386901736,NaN,NaN,0
0.01883502118,0.01372585353,NaN,NaN,0
0.01883502118,0.01358268969,NaN,NaN,0
0.01883502118,0.01343952492,NaN,NaN,0
0.01883502118,0.01329636108,NaN,NaN,0
0.01883502118,0.01315319724,NaN,NaN,0
0.01883502118,0.01301003341,NaN,NaN,0
0.01883502118,0.01286686864,NaN,NaN,0
0.01883502118,0.0127237048,NaN,NaN,0
0.01883502118,0.01258054096,NaN,NaN,0
0.01883502118,0.01243737713,NaN,NaN,0
0.01883502118,0.01229421329,NaN,NaN,0
0.01883502118,0.01215104852,NaN,NaN,0
0.01883502118,0.01200788468,NaN,NaN,0
0.01883502118,0.01186472084,NaN,NaN,0
0.01883502118,0.01172155701,NaN,NaN,0
0.01883502118,0.01157839224,NaN,NaN,0
0.01883502118,0.0114352284,NaN,NaN,0
0.01883502118,0.01129206456,NaN,NaN,0
0.01883502118,0.01114890072,NaN,NaN,0
0.01883502118,0.01100573689,NaN,NaN,0
0.01883502118,0.01086257212,NaN,NaN,0
0.01883502118,0.01071940828,NaN,NaN,0
0.01883502118,0.01057624444,NaN,NaN,0
0.01883502118,0.01043308061,NaN,NaN,0
0.01883502118,0.01028991584,NaN,NaN,0
0.01883502118,0.010146752,NaN,NaN,0
0.01883502118,0.01000358816,NaN,NaN,0
0.01883502118,0.009860424325,NaN,NaN,0
0.01883502118,0.009717259556,NaN,NaN,0
0.01883502118,0.009574095719,NaN,NaN,0
0.01883502118,0.009430931881,NaN,NaN,0
0.01883502118,0.009287768044,NaN,NaN,0
0.01883502118,0.009144604206,NaN,NaN,0
0.01883502118,0.009001439437,NaN,NaN,0
0.01883502118,0.0088582756,NaN,NaN,0
0.01883502118,0.008715111762,NaN,NaN,0
0.01883502118,0.008571947925,NaN,NaN,0
0.01883502118,0.008428783156,NaN,NaN,0
0.01883502118,0.008285619318,NaN,NaN,0
0.01883502118,0.008142455481,NaN,NaN,0
0.01883502118,0.007999291644,NaN,NaN,0
0.01883502118,0.007856126875,NaN,NaN,0
0.01883502118,0.007712963037,NaN,NaN,0
0.01883502118,0.0075697992,NaN,NaN,0
0.01883502118,0.007426635362,NaN,NaN,0
0.01883502118,0.007283471059,NaN,NaN,0
0.01883502118,0.007140307222,NaN,NaN,0
0.01883502118,0.006997142918,NaN,NaN,0
0.01883502118,0.006853979081,NaN,NaN,0
0.01883502118,0.006710814778,NaN,NaN,0
0.01883502118,0.00656765094,NaN,NaN,0
0.01883502118,0.006424486637,NaN,NaN,0
0.01883502118,0.0062813228,NaN,NaN,0
0.01883502118,0.006138158496,NaN,NaN,0
0.01883502118,0.005994994659,NaN,NaN,0
0.01883502118,0.005851830821,NaN,NaN,0
0.01883502118,0.005708666518,NaN,NaN,0
0.01883502118,0.005565502681,NaN,NaN,0
0.01883502118,0.005422338378,NaN,NaN,0
0.01883502118,0.00527917454,0.0003105520736,0.002160930308,1
0.01883502118,0.005136010237,-0.0003842072038,0.006353837438,1
0.01883502118,0.0049928464,2.968428134e-06,0.006646298803,1
0.01883502118,0.004849682096,0.0001148278607,0.006761480588,2
0.01883502118,0.004706518259,-0.0001399192406,0.006660153158,2
0.01883502118,0.004563353956,-0.0004423207138,0.0053079715,1
0.01883502118,0.004420190118,-0.0004326561175,0.005320830271,1
0.01883502118,0.004277025815,-0.0003977494489,0.005133386236,2
0.01883502118,0.004133861978,-0.0002991844667,0.004870258737,2
0.01883502118,0.00399069814,0.000181054158,0.00444861548,1
0.01883502118,0.003847533837,-0.0005211465177,0.003994813189,2
0.01883502118,0.003704369767,-0.0007660019328,0.00272082095,1
0.01883502118,0.003561205696,-0.0005371294101,0.002705195453,1
0.01883502118,0.003418041626,-0.000828908931,0.00484996615,2
0.01883502118,0.003274877556,-0.0006889518118,0.004917300772,2
0.01883502118,0.003131713718,-0.0008452924085,0.004311591852,2
0.01883502118,0.002988549648,-0.001502683619,0.002897274448,1
0.01883502118,0.002845385578,-0.0006434870884,0.004203997552,2
0.01883502118,0.002702221507,3.384588854e-05,0.003755923593,1
0.01883502118,0.002559057437,-0.0005916054943,0.002916575875,1
0.01883502118,0.002415893367,-0.0005828626454,0.002704573795,1
0.01883502118,0.002272729296,-0.000514502055,0.003394778818,1
0.01883502118,0.002129565226,-0.0003608354309,0.003532279748,2
0.01883502118,0.001986401156,-0.0001386513904,0.004297177773,2
0.01883502118,0.001843237202,0.0003091338149,0.006604598369,1
0.01883502118,0.001700073131,7.439143519e-05,0.004753791261,2
0.01883502118,0.001556909061,0.0001344213233,0.004494748078,2
0.01883502118,0.001413744991,0.000363009487,0.005135306157,1
0.01883502118,0.00127058092,0.0003184366506,0.004983011633,1
0.01883502118,0.00112741685,0.0002579564461,0.005745526869,2
0.01883502118,0.0009842528962,0.000255137973,0.0078510819,1
0.01883502118,0.0008410888258,0.0001969156874,0.005452103913,2
0.01883502118,0.0006979247555,0.0001740910957,0.004959881771,3
0.01883502118,0.0005547606852,0.0001423774665,0.002714888658,2
0.01883502118,0.000411596644,0.0002456004731,0.001878174604,2
0.01883502118,0.0002684326028,0.000198594018,0.002918360522,2
0.01883502118,0.000125268547,-0.0006304042763,0.004137965851,1
0.01897818409,0.01916608773,NaN,NaN,0
0.01897818409,0.01902292296,NaN,NaN,0
0.01897818409,0.01887976006,NaN,NaN,0
0.01897818409,0.01873659529,NaN,NaN,0
0.01897818409,0.01859343052,NaN,NaN,0
0.01897818409,0.01845026761,NaN,NaN,0
0.01897818409,0.01830710284,NaN,NaN,0
0.01897818409,0.01816393808,NaN,NaN,0
0.01897818409,0.01802077517,NaN,NaN,0
0.01897818409,0.0178776104,NaN,NaN,0
0.01897818409,0.01773444749,NaN,NaN,0
0.01897818409,0.01759128273,NaN,NaN,0
0.01897818409,0.01744811796,NaN,NaN,0
0.01897818409,0.01730495505,NaN,NaN,0
0.01897818409,0.01716179028,NaN,NaN,0
0.01897818409,0.01701862738,NaN,NaN,0
0.01897818409,0.01687546261,NaN,NaN,0
0.01897818409,0.01673229784,NaN,NaN,0
0.01897818409,0.01658913493,NaN,NaN,0
0.01897818409,0.01644597016,NaN,NaN,0
0.01897818409,0.01630280726,NaN,NaN,0
0.01897818409,0.01615964249,NaN,NaN,0
0.01897818409,0.01601647772,NaN,NaN,0
0.01897818409,0.01587331481,NaN,NaN,0
0.01897818409,0.01573015004,NaN,NaN,0
0.01897818409,0.01558698621,NaN,NaN,0
0.01897818409,0.01544382237,NaN,NaN,0
0.01897818409,0.0153006576,NaN,NaN,0
0.01897818409,0.01515749376,NaN,NaN,0
0.01897818409,0.01501432993,NaN,NaN,0
0.01897818409,0.01487116609,NaN,NaN,0
0.01897818409,0.01472800132,NaN,NaN,0
0.01897818409,0.01458483748,NaN,NaN,0
0.01897818409,0.01444167364,NaN,NaN,0
0.01897818409,0.01429850981,NaN,NaN,0
0.01897818409,0.01415534597,NaN,NaN,0
0.01897818409,0.0140121812,NaN,NaN,0
0.01897818409,0.01386901736,NaN,NaN,0
0.01897818409,0.01372585353,NaN,NaN,0
0.01897818409,0.01358268969,NaN,NaN,0
0.01897818409,0.01343952492,NaN,NaN,0
0.01897818409,0.01329636108,NaN,NaN,0
0.01897818409,0.01315319724,NaN,NaN,0
0.01897818409,0.01301003341,NaN,NaN,0
0.01897818409,0.01286686864,NaN,NaN,0
0.01897818409,0.0127237048,NaN,NaN,0
0.01897818409,0.01258054096,NaN,NaN,0
0.01897818409,0.01243737713,NaN,NaN,0
0.01897818409,0.01229421329,NaN,NaN,0
0.01897818409,0.01215104852,NaN,NaN,0
0.01897818409,0.01200788468,NaN,NaN,0
0.01897818409,0.01186472084,NaN,NaN,0
0.01897818409,0.01172155701,NaN,NaN,0
0.01897818409,0.01157839224,NaN,NaN,0
0.01897818409,0.0114352284,NaN,NaN,0
0.01897818409,0.01129206456,NaN,NaN,0
0.01897818409,0.01114890072,NaN,NaN,0
0.01897818409,0.01100573689,NaN,NaN,0
0.01897818409,0.01086257212,NaN,NaN,0
0.01897818409,0.01071940828,NaN,NaN,0
0.01897818409,0.01057624444,NaN,NaN,0
0.01897818409,0.01043308061,NaN,NaN,0
0.01897818409,0.01028991584,NaN,NaN,0
0.01897818409,0.010146752,NaN,NaN,0
0.01897818409,0.01000358816,NaN,NaN,0
0.01897818409,0.009860424325,NaN,NaN,0
0.01897818409,0.009717259556,NaN,NaN,0
0.01897818409,0.009574095719,NaN,NaN,0
0.01897818409,0.009430931881,NaN,NaN,0
0.01897818409,0.009287768044,NaN,NaN,0
0.01897818409,0.009144604206,NaN,NaN,0
0.01897818409,0.009001439437,NaN,NaN,0
0.01897818409,0.0088582756,NaN,NaN,0
0.01897818409,0.008715111762,NaN,NaN,0
0.01897818409,0.008571947925,NaN,NaN,0
0.01897818409,0.008428783156,NaN,NaN,0
0.01897818409,0.008285619318,NaN,NaN,0
0.01897818409,0.008142455481,NaN,NaN,0
0.01897818409,0.007999291644,NaN,NaN,0
0.01897818409,0.007856126875,NaN,NaN,0
0.01897818409,0.007712963037,NaN,NaN,0
0.01897818409,0.0075697992,NaN,NaN,0
0.01897818409,0.007426635362,NaN,NaN,0
0.01897818409,0.007283471059,NaN,NaN,0
0.01897818409,0.007140307222,NaN,NaN,0
0.01897818409,0.006997142918,NaN,NaN,0
0.01897818409,0.006853979081,NaN,NaN,0
0.01897818409,0.006710814778,NaN,NaN,0
0.01897818409,0.00656765094,NaN,NaN,0
0.01897818409,0.006424486637,NaN,NaN,0
0.01897818409,0.0062813228,NaN,NaN,0
0.01897818409,0.006138158496,NaN,NaN,0
0.01897818409,0.005994994659,NaN,NaN,0
0.01897818409,0.005851830821,NaN,NaN,0
0.01897818409,0.005708666518,NaN,NaN,0
0.01897818409,0.005565502681,NaN,NaN,0
0.01897818409,0.005422338378,NaN,NaN,0
0.01897818409,0.00527917454,NaN,NaN,0
0.01897818409,0.005136010237,NaN,NaN,0
0.01897818409,0.0049928464,NaN,NaN,0
0.01897818409,0.004849682096,NaN,NaN,0
0.01897818409,0.004706518259,NaN,NaN,0
0.01897818409,0.004563353956,NaN,NaN,0
0.01897818409,0.004420190118,NaN,NaN,0
0.01897818409,0.004277025815,NaN,NaN,0
0.01897818409,0.004133861978,NaN,NaN,0
0.01897818409,0.00399069814,NaN,NaN,0
0.01897818409,0.003847533837,NaN,NaN,0
0.01897818409,0.003704369767,NaN,NaN,0
0.01897818409,0.003561205696,NaN,NaN,0
0.01897818409,0.003418041626,NaN,NaN,0
0.01897818409,0.003274877556,NaN,NaN,0
0.01897818409,0.003131713718,NaN,NaN,0
0.01897818409,0.002988549648,NaN,NaN,0
0.01897818409,0.002845385578,NaN,NaN,0
0.01897818409,0.002702221507,NaN,NaN,0
0.01897818409,0.002559057437,0.0001529883593,0.00150149304,1
0.01897818409,0.002415893367,5.435477578e-05,0.002568301279,1
0.01897818409,0.002272729296,-0.0002540394198,0.001501867198,1
0.01897818409,0.002129565226,-0.0003025741025,0.001550234854,1
0.01897818409,0.001986401156,-0.0002326972899,0.001894761459,1
0.01897818409,0.001843237202,-0.0001989442535,0.002762639662,1
0.01897818409,0.001700073131,-0.0001187447269,0.002511092927,1
0.01897818409,0.001556909061,1.07896085e-05,0.002667349996,1
0.01897818409,0.001413744991,0.0001061718431,0.003587028012,2
0.01897818409,0.00127058092,2.473469067e-05,0.003359636059,1
0.01897818409,0.00112741685,0.0001315728296,0.004386386834,2
0.01897818409,0.0009842528962,0.000164379715,0.00483450992,2
0.01897818409,0.0008410888258,0.0001681336435,0.003543076338,1
0.01897818409,0.0006979247555,-3.389719859e-05,0.0001507504785,1
0.01897818409,0.0005547606852,-9.030093497e-05,-0.0002390901209,1
0.01897818409,0.000411596644,0.0002667109366,-0.002368726069,1
0.01897818409,0.0002684326028,0.0004725475155,3.132702477e-05,1
0.01897818409,0.000125268547,0.0007393741398,0.008093701676,1
0.01912134886,0.01916608773,NaN,NaN,0
0.01912134886,0.01902292296,NaN,NaN,0
0.01912134886,0.01887976006,NaN,NaN,0
0.01912134886,0.01873659529,NaN,NaN,0
0.01912134886,0.01859343052,NaN,NaN,0
0.01912134886,0.01845026761,NaN,NaN,0
0.01912134886,0.01830710284,NaN,NaN,0
0.01912134886,0.01816393808,NaN,NaN,0
0.01912134886,0.01802077517,NaN,NaN,0
0.01912134886,0.0178776104,NaN,NaN,0
0.01912134886,0.01773444749,NaN,NaN,0
0.01912134886,0.01759128273,NaN,NaN,0
0.01912134886,0.01744811796,NaN,NaN,0
0.01912134886,0.01730495505,NaN,NaN,0
0.01912134886,0.01716179028,NaN,NaN,0
0.01912134886,0.01701862738,NaN,NaN,0
0.01912134886,0.01687546261,NaN,NaN,0
0.01912134886,0.01673229784,NaN,NaN,0
0.01912134886,0.01658913493,NaN,NaN,0
0.01912134886,0.01644597016,NaN,NaN,0
0.01912134886,0.01630280726,NaN,NaN,0
0.01912134886,0.01615964249,NaN,NaN,0
0.01912134886,0.01601647772,NaN,NaN,0
0.01912134886,0.01587331481,NaN,NaN,0
0.01912134886,0.01573015004,NaN,NaN,0
0.01912134886,0.01558698621,NaN,NaN,0
0.01912134886,0.01544382237,NaN,NaN,0
0.01912134886,0.0153006576,NaN,NaN,0
0.01912134886,0.01515749376,NaN,NaN,0
0.01912134886,0.01501432993,NaN,NaN,0
0.01912134886,0.01487116609,NaN,NaN,0
0.01912134886,0.01472800132,NaN,NaN,0
0.01912134886,0.01458483748,NaN,NaN,0
0.01912134886,0.01444167364,NaN,NaN,0
0.01912134886,0.01429850981,NaN,NaN,0
0.01912134886,0.01415534597,NaN,NaN,0
0.01912134886,0.0140121812,NaN,NaN,0
0.01912134886,0.01386901736,NaN,NaN,0
0.01912134886,0.01372585353,NaN,NaN,0
0.01912134886,0.01358268969,NaN,NaN,0
0.01912134886,0.01343952492,NaN,NaN,0
0.01912134886,0.01329636108,NaN,NaN,0
0.01912134886,0.01315319724,NaN,NaN,0
0.01912134886,0.01301003341,NaN,NaN,0
0.01912134886,0.01286686864,NaN,NaN,0
0.01912134886,0.0127237048,NaN,NaN,0
0.01912134886,0.01258054096,NaN,NaN,0
0.01912134886,0.01243737713,NaN,NaN,0
0.01912134886,0.01229421329,NaN,NaN,0
0.01912134886,0.01215104852,NaN,NaN,0
0.01912134886,0.01200788468,NaN,NaN,0
0.01912134886,0.01186472084,NaN,NaN,0
0.01912134886,0.01172155701,NaN,NaN,0
0.01912134886,0.01157839224,NaN,NaN,0
0.01912134886,0.0114352284,NaN,NaN,0
0.01912134886,0.01129206456,NaN,NaN,0
0.01912134886,0.01114890072,NaN,NaN,0
0.01912134886,0.01100573689,NaN,NaN,0
0.01912134886,0.01086257212,NaN,NaN,0
0.01912134886,0.01071940828,NaN,NaN,0
0.01912134886,0.01057624444,NaN,NaN,0
0.01912134886,0.01043308061,NaN,NaN,0
0.01912134886,0.01028991584,NaN,NaN,0
0.01912134886,0.010146752,NaN,NaN,0
0.01912134886,0.01000358816,NaN,NaN,0
0.01912134886,0.009860424325,NaN,NaN,0
0.01912134886,0.009717259556,NaN,NaN,0
0.01912134886,0.009574095719,NaN,NaN,0
0.01912134886,0.009430931881,NaN,NaN,0
0.01912134886,0.009287768044,NaN,NaN,0
0.01912134886,0.009144604206,NaN,NaN,0
0.01912134886,0.009001439437,NaN,NaN,0
0.01912134886,0.0088582756,NaN,NaN,0
0.01912134886,0.008715111762,NaN,NaN,0
0.01912134886,0.008571947925,NaN,NaN,0
0.01912134886,0.008428783156,NaN,NaN,0
0.01912134886,0.008285619318,NaN,NaN,0
0.01912134886,0.008142455481,NaN,NaN,0
0.01912134886,0.007999291644,NaN,NaN,0
0.01912134886,0.007856126875,NaN,NaN,0
0.01912134886,0.007712963037,NaN,NaN,0
0.01912134886,0.0075697992,NaN,NaN,0
0.01912134886,0.007426635362,NaN,NaN,0
0.01912134886,0.007283471059,NaN,NaN,0
0.01912134886,0.007140307222,NaN,NaN,0
0.01912134886,0.006997142918,NaN,NaN,0
0.01912134886,0.006853979081,NaN,NaN,0
0.01912134886,0.006710814778,NaN,NaN,0
0.01912134886,0.00656765094,NaN,NaN,0
0.01912134886,0.006424486637,NaN,NaN,0
0.01912134886,0.0062813228,NaN,NaN,0
0.01912134886,0.006138158496,NaN,NaN,0
0.01912134886,0.005994994659,NaN,NaN,0
0.01912134886,0.005851830821,NaN,NaN,0
0.01912134886,0.005708666518,NaN,NaN,0
0.01912134886,0.005565502681,NaN,NaN,0
0.01912134886,0.005422338378,NaN,NaN,0
0.01912134886,0.00527917454,NaN,NaN,0
0.01912134886,0.005136010237,NaN,NaN,0
0.01912134886,0.0049928464,NaN,NaN,0
0.01912134886,0.004849682096,NaN,NaN,0
0.01912134886,0.004706518259,NaN,NaN,0
0.01912134886,0.004563353956,NaN,NaN,0
0.01912134886,0.004420190118,NaN,NaN,0
0.01912134886,0.004277025815,NaN,NaN,0
0.01912134886,0.004133861978,NaN,NaN,0
0.01912134886,0.00399069814,NaN,NaN,0
0.01912134886,0.003847533837,NaN,NaN,0
0.01912134886,0.003704369767,NaN,NaN,0
0.01912134886,0.003561205696,NaN,NaN,0
0.01912134886,0.003418041626,NaN,NaN,0
0.01912134886,0.003274877556,NaN,NaN,0
0.01912134886,0.003131713718,NaN,NaN,0
0.01912134886,0.002988549648,NaN,NaN,0
0.01912134886,0.002845385578,NaN,NaN,0
0.01912134886,0.002702221507,NaN,NaN,0
0.01912134886,0.002559057437,NaN,NaN,0
0.01912134886,0.002415893367,NaN,NaN,0
0.01912134886,0.002272729296,NaN,NaN,0
0.01912134886,0.002129565226,NaN,NaN,0
0.01912134886,0.001986401156,NaN,NaN,0
0.01912134886,0.001843237202,NaN,NaN,0
0.01912134886,0.001700073131,NaN,NaN,0
0.01912134886,0.001556909061,NaN,NaN,0
0.01912134886,0.001413744991,NaN,NaN,0
0.01912134886,0.00127058092,NaN,NaN,0
0.01912134886,0.00112741685,NaN,NaN,0
0.01912134886,0.0009842528962,NaN,NaN,0
0.01912134886,0.0008410888258,NaN,NaN,0
0.01912134886,0.0006979247555,NaN,NaN,0
0.01912134886,0.0005547606852,NaN,NaN,0
0.01912134886,0.000411596644,NaN,NaN,0
0.01912134886,0.0002684326028,NaN,NaN,0
0.01912134886,0.000125268547,NaN,NaN,0
0.01926451176,0.01916608773,NaN,NaN,0
0.01926451176,0.01902292296,NaN,NaN,0
0.01926451176,0.01887976006,NaN,NaN,0
0.01926451176,0.01873659529,NaN,NaN,0
0.01926451176,0.01859343052,NaN,NaN,0
0.01926451176,0.01845026761,NaN,NaN,0
0.01926451176,0.01830710284,NaN,NaN,0
0.01926451176,0.01816393808,NaN,NaN,0
0.01926451176,0.01802077517,NaN,NaN,0
0.01926451176,0.0178776104,NaN,NaN,0
0.01926451176,0.01773444749,NaN,NaN,0
0.01926451176,0.01759128273,NaN,NaN,0
0.01926451176,0.01744811796,NaN,NaN,0
0.01926451176,0.01730495505,NaN,NaN,0
0.01926451176,0.01716179028,NaN,NaN,0
0.01926451176,0.01701862738,NaN,NaN,0
0.01926451176,0.01687546261,NaN,NaN,0
0.01926451176,0.01673229784,NaN,NaN,0
0.01926451176,0.01658913493,NaN,NaN,0
0.01926451176,0.01644597016,NaN,NaN,0
0.01926451176,0.01630280726,NaN,NaN,0
0.01926451176,0.01615964249,NaN,NaN,0
0.01926451176,0.01601647772,NaN,NaN,0
0.01926451176,0.01587331481,NaN,NaN,0
0.01926451176,0.01573015004,NaN,NaN,0
0.01926451176,0.01558698621,NaN,NaN,0
0.01926451176,0.01544382237,NaN,NaN,0
0.01926451176,0.0153006576,NaN,NaN,0
0.01926451176,0.01515749376,NaN,NaN,0
0.01926451176,0.01501432993,NaN,NaN,0
0.01926451176,0.01487116609,NaN,NaN,0
0.01926451176,0.01472800132,NaN,NaN,0
0.01926451176,0.01458483748,NaN,NaN,0
0.01926451176,0.01444167364,NaN,NaN,0
0.01926451176,0.01429850981,NaN,NaN,0
0.01926451176,0.01415534597,NaN,NaN,0
0.01926451176,0.0140121812,NaN,NaN,0
0.01926451176,0.01386901736,NaN,NaN,0
0.01926451176,0.01372585353,NaN,NaN,0
0.01926451176,0.01358268969,NaN,NaN,0
0.01926451176,0.01343952492,NaN,NaN,0
0.01926451176,0.01329636108,NaN,NaN,0
0.01926451176,0.01315319724,NaN,NaN,0
0.01926451176,0.01301003341,NaN,NaN,0
0.01926451176,0.01286686864,NaN,NaN,0
0.01926451176,0.0127237048,NaN,NaN,0
0.01926451176,0.01258054096,NaN,NaN,0
0.01926451176,0.01243737713,NaN,NaN,0
0.01926451176,0.01229421329,NaN,NaN,0
0.01926451176,0.01215104852,NaN,NaN,0
0.01926451176,0.01200788468,NaN,NaN,0
0.01926451176,0.01186472084,NaN,NaN,0
0.01926451176,0.01172155701,NaN,NaN,0
0.01926451176,0.01157839224,NaN,NaN,0
0.01926451176,0.0114352284,NaN,NaN,0
0.01926451176,0.01129206456,NaN,NaN,0
0.01926451176,0.01114890072,NaN,NaN,0
0.01926451176,0.01100573689,NaN,NaN,0
0.01926451176,0.01086257212,NaN,NaN,0
0.01926451176,0.01071940828,NaN,NaN,0
0.01926451176,0.01057624444,NaN,NaN,0
0.01926451176,0.01043308061,NaN,NaN,0
0.01926451176,0.01028991584,NaN,NaN,0
0.01926451176,0.010146752,NaN,NaN,0
0.01926451176,0.01000358816,NaN,NaN,0
0.01926451176,0.009860424325,NaN,NaN,0
0.01926451176,0.009717259556,NaN,NaN,0
0.01926451176,0.009574095719,NaN,NaN,0
0.01926451176,0.009430931881,NaN,NaN,0
0.01926451176,0.009287768044,NaN,NaN,0
0.01926451176,0.009144604206,NaN,NaN,0
0.01926451176,0.009001439437,NaN,NaN,0
0.01926451176,0.0088582756,NaN,NaN,0
0.01926451176,0.008715111762,NaN,NaN,0
0.01926451176,0.008571947925,NaN,NaN,0
0.01926451176,0.008428783156,NaN,NaN,0
0.01926451176,0.008285619318,NaN,NaN,0
0.01926451176,0.008142455481,NaN,NaN,0
0.01926451176,0.007999291644,NaN,NaN,0
0.01926451176,0.007856126875,NaN,NaN,0
0.01926451176,0.007712963037,NaN,NaN,0
0.01926451176,0.0075697992,NaN,NaN,0
0.01926451176,0.007426635362,NaN,NaN,0
0.01926451176,0.007283471059,NaN,NaN,0
0.01926451176,0.007140307222,NaN,NaN,0
0.01926451176,0.006997142918,NaN,NaN,0
0.01926451176,0.006853979081,NaN,NaN,0
0.01926451176,0.006710814778,NaN,NaN,0
0.01926451176,0.00656765094,NaN,NaN,0
0.01926451176,0.006424486637,NaN,NaN,0
0.01926451176,0.0062813228,NaN,NaN,0
0.01926451176,0.006138158496,NaN,NaN,0
0.01926451176,0.005994994659,NaN,NaN,0
0.01926451176,0.005851830821,NaN,NaN,0
0.01926451176,0.005708666518,NaN,NaN,0
0.01926451176,0.005565502681,NaN,NaN,0
0.01926451176,0.005422338378,NaN,NaN,0
0.01926451176,0.00527917454,NaN,NaN,0
0.01926451176,0.005136010237,NaN,NaN,0
0.01926451176,0.0049928464,NaN,NaN,0
0.01926451176,0.004849682096,NaN,NaN,0
0.01926451176,0.004706518259,NaN,NaN,0
0.01926451176,0.004563353956,NaN,NaN,0
0.01926451176,0.004420190118,NaN,NaN,0
0.01926451176,0.004277025815,NaN,NaN,0
0.01926451176,0.004133861978,NaN,NaN,0
0.01926451176,0.00399069814,NaN,NaN,0
0.01926451176,0.003847533837,NaN,NaN,0
0.01926451176,0.003704369767,NaN,NaN,0
0.01926451176,0.003561205696,NaN,NaN,0
0.01926451176,0.003418041626,NaN,NaN,0
0.01926451176,0.003274877556,NaN,NaN,0
0.01926451176,0.003131713718,NaN,NaN,0
0.01926451176,0.002988549648,NaN,NaN,0
0.01926451176,0.002845385578,NaN,NaN,0
0.01926451176,0.002702221507,NaN,NaN,0
0.01926451176,0.002559057437,NaN,NaN,0
0.01926451176,0.002415893367,NaN,NaN,0
0.01926451176,0.002272729296,NaN,NaN,0
0.01926451176,0.002129565226,NaN,NaN,0
0.01926451176,0.001986401156,NaN,NaN,0
0.01926451176,0.001843237202,NaN,NaN,0
0.01926451176,0.001700073131,NaN,NaN,0
0.01926451176,0.001556909061,NaN,NaN,0
0.01926451176,0.001413744991,NaN,NaN,0
0.01926451176,0.00127058092,NaN,NaN,0
0.01926451176,0.00112741685,NaN,NaN,0
0.01926451176,0.0009842528962,NaN,NaN,0
0.01926451176,0.0008410888258,NaN,NaN,0
0.01926451176,0.0006979247555,NaN,NaN,0
0.01926451176,0.0005547606852,NaN,NaN,0
0.01926451176,0.000411596644,NaN,NaN,0
0.01926451176,0.0002684326028,NaN,NaN,0
0.01926451176,0.000125268547,NaN,NaN,0
0.01940767653,0.01916608773,NaN,NaN,0
0.01940767653,0.01902292296,NaN,NaN,0
0.01940767653,0.01887976006,NaN,NaN,0
0.01940767653,0.01873659529,NaN,NaN,0
0.01940767653,0.01859343052,NaN,NaN,0
0.01940767653,0.01845026761,NaN,NaN,0
0.01940767653,0.01830710284,NaN,NaN,0
0.01940767653,0.01816393808,NaN,NaN,0
0.01940767653,0.01802077517,NaN,NaN,0
0.01940767653,0.0178776104,NaN,NaN,0
0.01940767653,0.01773444749,NaN,NaN,0
0.01940767653,0.01759128273,NaN,NaN,0
0.01940767653,0.01744811796,NaN,NaN,0
0.01940767653,0.01730495505,NaN,NaN,0
0.01940767653,0.01716179028,NaN,NaN,0
0.01940767653,0.01701862738,NaN,NaN,0
0.01940767653,0.01687546261,NaN,NaN,0
0.01940767653,0.01673229784,NaN,NaN,0
0.01940767653,0.01658913493,NaN,NaN,0
0.01940767653,0.01644597016,NaN,NaN,0
0.01940767653,0.01630280726,NaN,NaN,0
0.01940767653,0.01615964249,NaN,NaN,0
0.01940767653,0.01601647772,NaN,NaN,0
0.01940767653,0.01587331481,NaN,NaN,0
0.01940767653,0.01573015004,NaN,NaN,0
0.01940767653,0.01558698621,NaN,NaN,0
0.01940767653,0.01544382237,NaN,NaN,0
0.01940767653,0.0153006576,NaN,NaN,0
0.01940767653,0.01515749376,NaN,NaN,0
0.01940767653,0.01501432993,NaN,NaN,0
0.01940767653,0.01487116609,NaN,NaN,0
0.01940767653,0.01472800132,NaN,NaN,0
0.01940767653,0.01458483748,NaN,NaN,0
0.01940767653,0.01444167364,NaN,NaN,0
0.01940767653,0.01429850981,NaN,NaN,0
0.01940767653,0.01415534597,NaN,NaN,0
0.01940767653,0.0140121812,NaN,NaN,0
0.01940767653,0.01386901736,NaN,NaN,0
0.01940767653,0.01372585353,NaN,NaN,0
0.01940767653,0.01358268969,NaN,NaN,0
0.01940767653,0.01343952492,NaN,NaN,0
0.01940767653,0.01329636108,NaN,NaN,0
0.01940767653,0.01315319724,NaN,NaN,0
0.01940767653,0.01301003341,NaN,NaN,0
0.01940767653,0.01286686864,NaN,NaN,0
0.01940767653,0.0127237048,NaN,NaN,0
0.01940767653,0.01258054096,NaN,NaN,0
0.01940767653,0.01243737713,NaN,NaN,0
0.01940767653,0.01229421329,NaN,NaN,0
0.01940767653,0.01215104852,NaN,NaN,0
0.01940767653,0.01200788468,NaN,NaN,0
0.01940767653,0.01186472084,NaN,NaN,0
0.01940767653,0.01172155701,NaN,NaN,0
0.01940767653,0.01157839224,NaN,NaN,0
0.01940767653,0.0114352284,NaN,NaN,0
0.01940767653,0.01129206456,NaN,NaN,0
0.01940767653,0.01114890072,NaN,NaN,0
0.01940767653,0.01100573689,NaN,NaN,0
0.01940767653,0.01086257212,NaN,NaN,0
0.01940767653,0.01071940828,NaN,NaN,0
0.01940767653,0.01057624444,NaN,NaN,0
0.01940767653,0.01043308061,NaN,NaN,0
0.01940767653,0.01028991584,NaN,NaN,0
0.01940767653,0.010146752,NaN,NaN,0
0.01940767653,0.01000358816,NaN,NaN,0
0.01940767653,0.009860424325,NaN,NaN,0
0.01940767653,0.009717259556,NaN,NaN,0
0.01940767653,0.009574095719,NaN,NaN,0
0.01940767653,0.009430931881,NaN,NaN,0
0.01940767653,0.009287768044,NaN,NaN,0
0.01940767653,0.009144604206,NaN,NaN,0
0.01940767653,0.009001439437,NaN,NaN,0
0.01940767653,0.0088582756,NaN,NaN,0
0.01940767653,0.008715111762,NaN,NaN,0
0.01940767653,0.008571947925,NaN,NaN,0
0.01940767653,0.008428783156,NaN,NaN,0
0.01940767653,0.008285619318,NaN,NaN,0
0.01940767653,0.008142455481,NaN,NaN,0
0.01940767653,0.007999291644,NaN,NaN,0
0.01940767653,0.007856126875,NaN,NaN,0
0.01940767653,0.007712963037,NaN,NaN,0
0.01940767653,0.0075697992,NaN,NaN,0
0.01940767653,0.007426635362,NaN,NaN,0
0.01940767653,0.007283471059,NaN,NaN,0
0.01940767653,0.007140307222,NaN,NaN,0
0.01940767653,0.006997142918,NaN,NaN,0
0.01940767653,0.006853979081,NaN,NaN,0
0.01940767653,0.006710814778,NaN,NaN,0
0.01940767653,0.00656765094,NaN,NaN,0
0.01940767653,0.006424486637,NaN,NaN,0
0.01940767653,0.0062813228,NaN,NaN,0
0.01940767653,0.006138158496,NaN,NaN,0
0.01940767653,0.005994994659,NaN,NaN,0
0.01940767653,0.005851830821,NaN,NaN,0
0.01940767653,0.005708666518,NaN,NaN,0
0.01940767653,0.005565502681,NaN,NaN,0
0.01940767653,0.005422338378,NaN,NaN,0
0.01940767653,0.00527917454,NaN,NaN,0
0.01940767653,0.005136010237,NaN,NaN,0
0.01940767653,0.0049928464,NaN,NaN,0
0.01940767653,0.004849682096,NaN,NaN,0
0.01940767653,0.004706518259,NaN,NaN,0
0.01940767653,0.004563353956,NaN,NaN,0
0.01940767653,0.004420190118,NaN,NaN,0
0.01940767653,0.004277025815,NaN,NaN,0
0.01940767653,0.004133861978,NaN,NaN,0
0.01940767653,0.00399069814,NaN,NaN,0
0.01940767653,0.003847533837,NaN,NaN,0
0.01940767653,0.003704369767,NaN,NaN,0
0.01940767653,0.003561205696,NaN,NaN,0
0.01940767653,0.003418041626,NaN,NaN,0
0.01940767653,0.003274877556,NaN,NaN,0
0.01940767653,0.003131713718,NaN,NaN,0
0.01940767653,0.002988549648,NaN,NaN,0
0.01940767653,0.002845385578,NaN,NaN,0
0.01940767653,0.002702221507,NaN,NaN,0
0.01940767653,0.002559057437,NaN,NaN,0
0.01940767653,0.002415893367,NaN,NaN,0
0.01940767653,0.002272729296,NaN,NaN,0
0.01940767653,0.002129565226,NaN,NaN,0
0.01940767653,0.001986401156,NaN,NaN,0
0.01940767653,0.001843237202,NaN,NaN,0
0.01940767653,0.001700073131,NaN,NaN,0
0.01940767653,0.001556909061,NaN,NaN,0
0.01940767653,0.001413744991,NaN,NaN,0
0.01940767653,0.00127058092,NaN,NaN,0
0.01940767653,0.00112741685,NaN,NaN,0
0.01940767653,0.0009842528962,NaN,NaN,0
0.01940767653,0.0008410888258,NaN,NaN,0
0.01940767653,0.0006979247555,NaN,NaN,0
0.01940767653,0.0005547606852,NaN,NaN,0
0.01940767653,0.000411596644,NaN,NaN,0
0.01940767653,0.0002684326028,NaN,NaN,0
0.01940767653,0.000125268547,NaN,NaN,0
0.0195508413,0.01916608773,NaN,NaN,0
0.0195508413,0.01902292296,NaN,NaN,0
0.0195508413,0.01887976006,NaN,NaN,0
0.0195508413,0.01873659529,NaN,NaN,0
0.0195508413,0.01859343052,NaN,NaN,0
0.0195508413,0.01845026761,NaN,NaN,0
0.0195508413,0.01830710284,NaN,NaN,0
0.0195508413,0.01816393808,NaN,NaN,0
0.0195508413,0.01802077517,NaN,NaN,0
0.0195508413,0.0178776104,NaN,NaN,0
0.0195508413,0.01773444749,NaN,NaN,0
0.0195508413,0.01759128273,NaN,NaN,0
0.0195508413,0.01744811796,NaN,NaN,0
0.0195508413,0.01730495505,NaN,NaN,0
0.0195508413,0.01716179028,NaN,NaN,0
0.0195508413,0.01701862738,NaN,NaN,0
0.0195508413,0.01687546261,NaN,NaN,0
0.0195508413,0.01673229784,NaN,NaN,0
0.0195508413,0.01658913493,NaN,NaN,0
0.0195508413,0.01644597016,NaN,NaN,0
0.0195508413,0.01630280726,NaN,NaN,0
0.0195508413,0.01615964249,NaN,NaN,0
0.0195508413,0.01601647772,NaN,NaN,0
0.0195508413,0.01587331481,NaN,NaN,0
0.0195508413,0.01573015004,NaN,NaN,0
0.0195508413,0.01558698621,NaN,NaN,0
0.0195508413,0.01544382237,NaN,NaN,0
0.0195508413,0.0153006576,NaN,NaN,0
0.0195508413,0.01515749376,NaN,NaN,0
0.0195508413,0.01501432993,NaN,NaN,0
0.0195508413,0.01487116609,NaN,NaN,0
0.0195508413,0.01472800132,NaN,NaN,0
0.0195508413,0.01458483748,NaN,NaN,0
0.0195508413,0.01444167364,NaN,NaN,0
0.0195508413,0.01429850981,NaN,NaN,0
0.0195508413,0.01415534597,NaN,NaN,0
0.0195508413,0.0140121812,NaN,NaN,0
0.0195508413,0.01386901736,NaN,NaN,0
0.0195508413,0.01372585353,NaN,NaN,0
0.0195508413,0.01358268969,NaN,NaN,0
0.0195508413,0.01343952492,NaN,NaN,0
0.0195508413,0.01329636108,NaN,NaN,0
0.0195508413,0.01315319724,NaN,NaN,0
0.0195508413,0.01301003341,NaN,NaN,0
0.0195508413,0.01286686864,NaN,NaN,0
0.0195508413,0.0127237048,NaN,NaN,0
0.0195508413,0.01258054096,NaN,NaN,0
0.0195508413,0.01243737713,NaN,NaN,0
0.0195508413,0.01229421329,NaN,NaN,0
0.0195508413,0.01215104852,NaN,NaN,0
0.0195508413,0.01200788468,NaN,NaN,0
0.0195508413,0.01186472084,NaN,NaN,0
0.0195508413,0.01172155701,NaN,NaN,0
0.0195508413,0.01157839224,NaN,NaN,0
0.0195508413,0.0114352284,NaN,NaN,0
0.0195508413,0.01129206456,NaN,NaN,0
0.0195508413,0.01114890072,NaN,NaN,0
0.0195508413,0.01100573689,NaN,NaN,0
0.0195508413,0.01086257212,NaN,NaN,0
0.0195508413,0.01071940828,NaN,NaN,0
0.0195508413,0.01057624444,NaN,NaN,0
0.0195508413,0.01043308061,NaN,NaN,0
0.0195508413,0.01028991584,NaN,NaN,0
0.0195508413,0.010146752,NaN,NaN,0
0.0195508413,0.01000358816,NaN,NaN,0
0.0195508413,0.009860424325,NaN,NaN,0
0.0195508413,0.009717259556,NaN,NaN,0
0.0195508413,0.009574095719,NaN,NaN,0
0.0195508413,0.009430931881,NaN,NaN,0
0.0195508413,0.009287768044,NaN,NaN,0
0.0195508413,0.009144604206,NaN,NaN,0
0.0195508413,0.009001439437,NaN,NaN,0
0.0195508413,0.0088582756,NaN,NaN,0
0.0195508413,0.008715111762,NaN,NaN,0
0.0195508413,0.008571947925,NaN,NaN,0
0.0195508413,0.008428783156,NaN,NaN,0
0.0195508413,0.008285619318,NaN,NaN,0
0.0195508413,0.008142455481,NaN,NaN,0
0.0195508413,0.007999291644,NaN,NaN,0
0.0195508413,0.007856126875,NaN,NaN,0
0.0195508413,0.007712963037,NaN,NaN,0
0.0195508413,0.0075697992,NaN,NaN,0
0.0195508413,0.007426635362,NaN,NaN,0
0.0195508413,0.007283471059,NaN,NaN,0
0.0195508413,0.007140307222,NaN,NaN,0
0.0195508413,0.006997142918,NaN,NaN,0
0.0195508413,0.006853979081,NaN,NaN,0
0.0195508413,0.006710814778,NaN,NaN,0
0.0195508413,0.00656765094,NaN,NaN,0
0.0195508413,0.006424486637,NaN,NaN,0
0.0195508413,0.0062813228,NaN,NaN,0
0.0195508413,0.006138158496,NaN,NaN,0
0.0195508413,0.005994994659,NaN,NaN,0
0.0195508413,0.005851830821,NaN,NaN,0
0.0195508413,0.005708666518,NaN,NaN,0
0.0195508413,0.005565502681,NaN,NaN,0
0.0195508413,0.005422338378,NaN,NaN,0
0.0195508413,0.00527917454,NaN,NaN,0
0.0195508413,0.005136010237,NaN,NaN,0
0.0195508413,0.0049928464,NaN,NaN,0
0.0195508413,0.004849682096,NaN,NaN,0
0.0195508413,0.004706518259,NaN,NaN,0
0.0195508413,0.004563353956,NaN,NaN,0
0.0195508413,0.004420190118,NaN,NaN,0
0.0195508413,0.004277025815,NaN,NaN,0
0.0195508413,0.004133861978,NaN,NaN,0
0.0195508413,0.00399069814,NaN,NaN,0
0.0195508413,0.003847533837,NaN,NaN,0
0.0195508413,0.003704369767,NaN,NaN,0
0.0195508413,0.003561205696,NaN,NaN,0
0.0195508413,0.003418041626,NaN,NaN,0
0.0195508413,0.003274877556,NaN,NaN,0
0.0195508413,0.003131713718,NaN,NaN,0
0.0195508413,0.002988549648,NaN,NaN,0
0.0195508413,0.002845385578,NaN,NaN,0
0.0195508413,0.002702221507,NaN,NaN,0
0.0195508413,0.002559057437,NaN,NaN,0
0.0195508413,0.002415893367,NaN,NaN,0
0.0195508413,0.002272729296,NaN,NaN,0
0.0195508413,0.002129565226,NaN,NaN,0
0.0195508413,0.001986401156,NaN,NaN,0
0.0195508413,0.001843237202,NaN,NaN,0
0.0195508413,0.001700073131,NaN,NaN,0
0.0195508413,0.001556909061,NaN,NaN,0
0.0195508413,0.001413744991,NaN,NaN,0
0.0195508413,0.00127058092,NaN,NaN,0
0.0195508413,0.00112741685,NaN,NaN,0
0.0195508413,0.0009842528962,NaN,NaN,0
0.0195508413,0.0008410888258,NaN,NaN,0
0.0195508413,0.0006979247555,NaN,NaN,0
0.0195508413,0.0005547606852,NaN,NaN,0
0.0195508413,0.000411596644,NaN,NaN,0
0.0195508413,0.0002684326028,NaN,NaN,0
0.0195508413,0.000125268547,NaN,NaN,0
0.01969400421,0.01916608773,NaN,NaN,0
0.01969400421,0.01902292296,NaN,NaN,0
0.01969400421,0.01887976006,NaN,NaN,0
0.01969400421,0.01873659529,NaN,NaN,0
0.01969400421,0.01859343052,NaN,NaN,0
0.01969400421,0.01845026761,NaN,NaN,0
0.01969400421,0.01830710284,NaN,NaN,0
0.01969400421,0.01816393808,NaN,NaN,0
0.01969400421,0.01802077517,NaN,NaN,0
0.01969400421,0.0178776104,NaN,NaN,0
0.01969400421,0.01773444749,NaN,NaN,0
0.01969400421,0.01759128273,NaN,NaN,0
0.01969400421,0.01744811796,NaN,NaN,0
0.01969400421,0.01730495505,NaN,NaN,0
0.01969400421,0.01716179028,NaN,NaN,0
0.01969400421,0.01701862738,NaN,NaN,0
0.01969400421,0.01687546261,NaN,NaN,0
0.01969400421,0.01673229784,NaN,NaN,0
0.01969400421,0.01658913493,NaN,NaN,0
0.01969400421,0.01644597016,NaN,NaN,0
0.01969400421,0.01630280726,NaN,NaN,0
0.01969400421,0.01615964249,NaN,NaN,0
0.01969400421,0.01601647772,NaN,NaN,0
0.01969400421,0.01587331481,NaN,NaN,0
0.01969400421,0.01573015004,NaN,NaN,0
0.01969400421,0.01558698621,NaN,NaN,0
0.01969400421,0.01544382237,NaN,NaN,0
0.01969400421,0.0153006576,NaN,NaN,0
0.01969400421,0.01515749376,NaN,NaN,0
0.01969400421,0.01501432993,NaN,NaN,0
0.01969400421,0.01487116609,NaN,NaN,0
0.01969400421,0.01472800132,NaN,NaN,0
0.01969400421,0.01458483748,NaN,NaN,0
0.01969400421,0.01444167364,NaN,NaN,0
0.01969400421,0.01429850981,NaN,NaN,0
0.01969400421,0.01415534597,NaN,NaN,0
0.01969400421,0.0140121812,NaN,NaN,0
0.01969400421,0.01386901736,NaN,NaN,0
0.01969400421,0.01372585353,NaN,NaN,0
0.01969400421,0.01358268969,NaN,NaN,0
0.01969400421,0.01343952492,NaN,NaN,0
0.01969400421,0.01329636108,NaN,NaN,0
0.01969400421,0.01315319724,NaN,NaN,0
0.01969400421,0.01301003341,NaN,NaN,0
0.01969400421,0.01286686864,NaN,NaN,0
0.01969400421,0.0127237048,NaN,NaN,0
0.01969400421,0.01258054096,NaN,NaN,0
0.01969400421,0.01243737713,NaN,NaN,0
0.01969400421,0.01229421329,NaN,NaN,0
0.01969400421,0.01215104852,NaN,NaN,0
0.01969400421,0.01200788468,NaN,NaN,0
0.01969400421,0.01186472084,NaN,NaN,0
0.01969400421,0.01172155701,NaN,NaN,0
0.01969400421,0.01157839224,NaN,NaN,0
0.01969400421,0.0114352284,NaN,NaN,0
0.01969400421,0.01129206456,NaN,NaN,0
0.01969400421,0.01114890072,NaN,NaN,0
0.01969400421,0.01100573689,NaN,NaN,0
0.01969400421,0.01086257212,NaN,NaN,0
0.01969400421,0.01071940828,NaN,NaN,0
0.01969400421,0.01057624444,NaN,NaN,0
0.01969400421,0.01043308061,NaN,NaN,0
0.01969400421,0.01028991584,NaN,NaN,0
0.01969400421,0.010146752,NaN,NaN,0
0.01969400421,0.01000358816,NaN,NaN,0
0.01969400421,0.009860424325,NaN,NaN,0
0.01969400421,0.009717259556,NaN,NaN,0
0.01969400421,0.009574095719,NaN,NaN,0
0.01969400421,0.009430931881,NaN,NaN,0
0.01969400421,0.009287768044,NaN,NaN,0
0.01969400421,0.009144604206,NaN,NaN,0
0.01969400421,0.009001439437,NaN,NaN,0
0.01969400421,0.0088582756,NaN,NaN,0
0.01969400421,0.008715111762,NaN,NaN,0
0.01969400421,0.008571947925,NaN,NaN,0
0.01969400421,0.008428783156,NaN,NaN,0
0.01969400421,0.008285619318,NaN,NaN,0
0.01969400421,0.008142455481,NaN,NaN,0
0.01969400421,0.007999291644,NaN,NaN,0
0.01969400421,0.007856126875,NaN,NaN,0
0.01969400421,0.007712963037,NaN,NaN,0
0.01969400421,0.0075697992,NaN,NaN,0
0.01969400421,0.007426635362,NaN,NaN,0
0.01969400421,0.007283471059,NaN,NaN,0
0.01969400421,0.007140307222,NaN,NaN,0
0.01969400421,0.006997142918,NaN,NaN,0
0.01969400421,0.006853979081,NaN,NaN,0
0.01969400421,0.006710814778,NaN,NaN,0
0.01969400421,0.00656765094,NaN,NaN,0
0.01969400421,0.006424486637,NaN,NaN,0
0.01969400421,0.0062813228,NaN,NaN,0
0.01969400421,0.006138158496,NaN,NaN,0
0.01969400421,0.005994994659,NaN,NaN,0
0.01969400421,0.005851830821,NaN,NaN,0
0.01969400421,0.005708666518,NaN,NaN,0
0.01969400421,0.005565502681,NaN,NaN,0
0.01969400421,0.005422338378,NaN,NaN,0
0.01969400421,0.00527917454,NaN,NaN,0
0.01969400421,0.005136010237,NaN,NaN,0
0.01969400421,0.0049928464,NaN,NaN,0
0.01969400421,0.004849682096,NaN,NaN,0
0.01969400421,0.004706518259,NaN,NaN,0
0.01969400421,0.004563353956,NaN,NaN,0
0.01969400421,0.004420190118,NaN,NaN,0
0.01969400421,0.004277025815,NaN,NaN,0
0.01969400421,0.004133861978,NaN,NaN,0
0.01969400421,0.00399069814,NaN,NaN,0
0.01969400421,0.003847533837,NaN,NaN,0
0.01969400421,0.003704369767,NaN,NaN,0
0.01969400421,0.003561205696,NaN,NaN,0
0.01969400421,0.003418041626,NaN,NaN,0
0.01969400421,0.003274877556,NaN,NaN,0
0.01969400421,0.003131713718,NaN,NaN,0
0.01969400421,0.002988549648,NaN,NaN,0
0.01969400421,0.002845385578,NaN,NaN,0
0.01969400421,0.002702221507,NaN,NaN,0
0.01969400421,0.002559057437,NaN,NaN,0
0.01969400421,0.002415893367,NaN,NaN,0
0.01969400421,0.002272729296,NaN,NaN,0
0.01969400421,0.002129565226,NaN,NaN,0
0.01969400421,0.001986401156,NaN,NaN,0
0.01969400421,0.001843237202,NaN,NaN,0
0.01969400421,0.001700073131,NaN,NaN,0
0.01969400421,0.001556909061,NaN,NaN,0
0.01969400421,0.001413744991,NaN,NaN,0
0.01969400421,0.00127058092,NaN,NaN,0
0.01969400421,0.00112741685,NaN,NaN,0
0.01969400421,0.0009842528962,NaN,NaN,0
0.01969400421,0.0008410888258,NaN,NaN,0
0.01969400421,0.0006979247555,NaN,NaN,0
0.01969400421,0.0005547606852,NaN,NaN,0
0.01969400421,0.000411596644,NaN,NaN,0
0.01969400421,0.0002684326028,NaN,NaN,0
0.01969400421,0.000125268547,NaN,NaN,0
0.01983716898,0.01916608773,NaN,NaN,0
0.01983716898,0.01902292296,NaN,NaN,0
0.01983716898,0.01887976006,NaN,NaN,0
0.01983716898,0.01873659529,NaN,NaN,0
0.01983716898,0.01859343052,NaN,NaN,0
0.01983716898,0.01845026761,NaN,NaN,0
0.01983716898,0.01830710284,NaN,NaN,0
0.01983716898,0.01816393808,NaN,NaN,0
0.01983716898,0.01802077517,NaN,NaN,0
0.01983716898,0.0178776104,NaN,NaN,0
0.01983716898,0.01773444749,NaN,NaN,0
0.01983716898,0.01759128273,NaN,NaN,0
0.01983716898,0.01744811796,NaN,NaN,0
0.01983716898,0.01730495505,NaN,NaN,0
0.01983716898,0.01716179028,NaN,NaN,0
0.01983716898,0.01701862738,NaN,NaN,0
0.01983716898,0.01687546261,NaN,NaN,0
0.01983716898,0.01673229784,NaN,NaN,0
0.01983716898,0.01658913493,NaN,NaN,0
0.01983716898,0.01644597016,NaN,NaN,0
0.01983716898,0.01630280726,NaN,NaN,0
0.01983716898,0.01615964249,NaN,NaN,0
0.01983716898,0.01601647772,NaN,NaN,0
0.01983716898,0.01587331481,NaN,NaN,0
0.01983716898,0.01573015004,NaN,NaN,0
0.01983716898,0.01558698621,NaN,NaN,0
0.01983716898,0.01544382237,NaN,NaN,0
0.01983716898,0.0153006576,NaN,NaN,0
0.01983716898,0.01515749376,NaN,NaN,0
0.01983716898,0.01501432993,NaN,NaN,0
0.01983716898,0.01487116609,NaN,NaN,0
0.01983716898,0.01472800132,NaN,NaN,0
0.01983716898,0.01458483748,NaN,NaN,0
0.01983716898,0.01444167364,NaN,NaN,0
0.01983716898,0.01429850981,NaN,NaN,0
0.01983716898,0.01415534597,NaN,NaN,0
0.01983716898,0.0140121812,NaN,NaN,0
0.01983716898,0.01386901736,NaN,NaN,0
0.01983716898,0.01372585353,NaN,NaN,0
0.01983716898,0.01358268969,NaN,NaN,0
0.01983716898,0.01343952492,NaN,NaN,0
0.01983716898,0.01329636108,NaN,NaN,0
0.01983716898,0.01315319724,NaN,NaN,0
0.01983716898,0.01301003341,NaN,NaN,0
0.01983716898,0.01286686864,NaN,NaN,0
0.01983716898,0.0127237048,NaN,NaN,0
0.01983716898,0.01258054096,NaN,NaN,0
0.01983716898,0.01243737713,NaN,NaN,0
0.01983716898,0.01229421329,NaN,NaN,0
0.01983716898,0.01215104852,NaN,NaN,0
0.01983716898,0.01200788468,NaN,NaN,0
0.01983716898,0.01186472084,NaN,NaN,0
0.01983716898,0.01172155701,NaN,NaN,0
0.01983716898,0.01157839224,NaN,NaN,0
0.01983716898,0.0114352284,NaN,NaN,0
0.01983716898,0.01129206456,NaN,NaN,0
0.01983716898,0.01114890072,NaN,NaN,0
0.01983716898,0.01100573689,NaN,NaN,0
0.01983716898,0.01086257212,NaN,NaN,0
0.01983716898,0.01071940828,NaN,NaN,0
0.01983716898,0.01057624444,NaN,NaN,0
0.01983716898,0.01043308061,NaN,NaN,0
0.01983716898,0.01028991584,NaN,NaN,0
0.01983716898,0.010146752,NaN,NaN,0
0.01983716898,0.01000358816,NaN,NaN,0
0.01983716898,0.009860424325,NaN,NaN,0
0.01983716898,0.009717259556,NaN,NaN,0
0.01983716898,0.009574095719,NaN,NaN,0
0.01983716898,0.009430931881,NaN,NaN,0
0.01983716898,0.009287768044,NaN,NaN,0
0.01983716898,0.009144604206,NaN,NaN,0
0.01983716898,0.009001439437,NaN,NaN,0
0.01983716898,0.0088582756,NaN,NaN,0
0.01983716898,0.008715111762,NaN,NaN,0
0.01983716898,0.008571947925,NaN,NaN,0
0.01983716898,0.008428783156,NaN,NaN,0
0.01983716898,0.008285619318,NaN,NaN,0
0.01983716898,0.008142455481,NaN,NaN,0
0.01983716898,0.007999291644,NaN,NaN,0
0.01983716898,0.007856126875,NaN,NaN,0
0.01983716898,0.007712963037,NaN,NaN,0
0.01983716898,0.0075697992,NaN,NaN,0
0.01983716898,0.007426635362,NaN,NaN,0
0.01983716898,0.007283471059,NaN,NaN,0
0.01983716898,0.007140307222,NaN,NaN,0
0.01983716898,0.006997142918,NaN,NaN,0
0.01983716898,0.006853979081,NaN,NaN,0
0.01983716898,0.006710814778,NaN,NaN,0
0.01983716898,0.00656765094,NaN,NaN,0
0.01983716898,0.006424486637,NaN,NaN,0
0.01983716898,0.0062813228,NaN,NaN,0
0.01983716898,0.006138158496,NaN,NaN,0
0.01983716898,0.005994994659,NaN,NaN,0
0.01983716898,0.005851830821,NaN,NaN,0
0.01983716898,0.005708666518,NaN,NaN,0
0.01983716898,0.005565502681,NaN,NaN,0
0.01983716898,0.005422338378,NaN,NaN,0
0.01983716898,0.00527917454,NaN,NaN,0
0.01983716898,0.005136010237,NaN,NaN,0
0.01983716898,0.0049928464,NaN,NaN,0
0.01983716898,0.004849682096,NaN,NaN,0
0.01983716898,0.004706518259,NaN,NaN,0
0.01983716898,0.004563353956,NaN,NaN,0
0.01983716898,0.004420190118,NaN,NaN,0
0.01983716898,0.004277025815,NaN,NaN,0
0.01983716898,0.004133861978,NaN,NaN,0
0.01983716898,0.00399069814,NaN,NaN,0
0.01983716898,0.003847533837,NaN,NaN,0
0.01983716898,0.003704369767,NaN,NaN,0
0.01983716898,0.003561205696,NaN,NaN,0
0.01983716898,0.003418041626,NaN,NaN,0
0.01983716898,0.003274877556,NaN,NaN,0
0.01983716898,0.003131713718,NaN,NaN,0
0.01983716898,0.002988549648,NaN,NaN,0
0.01983716898,0.002845385578,NaN,NaN,0
0.01983716898,0.002702221507,NaN,NaN,0
0.01983716898,0.002559057437,NaN,NaN,0
0.01983716898,0.002415893367,NaN,NaN,0
0.01983716898,0.002272729296,NaN,NaN,0
0.01983716898,0.002129565226,NaN,NaN,0
0.01983716898,0.001986401156,NaN,NaN,0
0.01983716898,0.001843237202,NaN,NaN,0
0.01983716898,0.001700073131,NaN,NaN,0
0.01983716898,0.001556909061,NaN,NaN,0
0.01983716898,0.001413744991,NaN,NaN,0
0.01983716898,0.00127058092,NaN,NaN,0
0.01983716898,0.00112741685,NaN,NaN,0
0.01983716898,0.0009842528962,NaN,NaN,0
0.01983716898,0.0008410888258,NaN,NaN,0
0.01983716898,0.0006979247555,NaN,NaN,0
0.01983716898,0.0005547606852,NaN,NaN,0
0.01983716898,0.000411596644,NaN,NaN,0
0.01983716898,0.0002684326028,NaN,NaN,0
0.01983716898,0.000125268547,NaN,NaN,0
0.01998033375,0.01916608773,NaN,NaN,0
0.01998033375,0.01902292296,NaN,NaN,0
0.01998033375,0.01887976006,NaN,NaN,0
0.01998033375,0.01873659529,NaN,NaN,0
0.01998033375,0.01859343052,NaN,NaN,0
0.01998033375,0.01845026761,NaN,NaN,0
0.01998033375,0.01830710284,NaN,NaN,0
0.01998033375,0.01816393808,NaN,NaN,0
0.01998033375,0.01802077517,NaN,NaN,0
0.01998033375,0.0178776104,NaN,NaN,0
0.01998033375,0.01773444749,NaN,NaN,0
0.01998033375,0.01759128273,NaN,NaN,0
0.01998033375,0.01744811796,NaN,NaN,0
0.01998033375,0.01730495505,NaN,NaN,0
0.01998033375,0.01716179028,NaN,NaN,0
0.01998033375,0.01701862738,NaN,NaN,0
0.01998033375,0.01687546261,NaN,NaN,0
0.01998033375,0.01673229784,NaN,NaN,0
0.01998033375,0.01658913493,NaN,NaN,0
0.01998033375,0.01644597016,NaN,NaN,0
0.01998033375,0.01630280726,NaN,NaN,0
0.01998033375,0.01615964249,NaN,NaN,0
0.01998033375,0.01601647772,NaN,NaN,0
0.01998033375,0.01587331481,NaN,NaN,0
0.01998033375,0.01573015004,NaN,NaN,0
0.01998033375,0.01558698621,NaN,NaN,0
0.01998033375,0.01544382237,NaN,NaN,0
0.01998033375,0.0153006576,NaN,NaN,0
0.01998033375,0.01515749376,NaN,NaN,0
0.01998033375,0.01501432993,NaN,NaN,0
0.01998033375,0.01487116609,NaN,NaN,0
0.01998033375,0.01472800132,NaN,NaN,0
0.01998033375,0.01458483748,NaN,NaN,0
0.01998033375,0.01444167364,NaN,NaN,0
0.01998033375,0.01429850981,NaN,NaN,0
0.01998033375,0.01415534597,NaN,NaN,0
0.01998033375,0.0140121812,NaN,NaN,0
0.01998033375,0.01386901736,NaN,NaN,0
0.01998033375,0.01372585353,NaN,NaN,0
0.01998033375,0.01358268969,NaN,NaN,0
0.01998033375,0.01343952492,NaN,NaN,0
0.01998033375,0.01329636108,NaN,NaN,0
0.01998033375,0.01315319724,NaN,NaN,0
0.01998033375,0.01301003341,NaN,NaN,0
0.01998033375,0.01286686864,NaN,NaN,0
0.01998033375,0.0127237048,NaN,NaN,0
0.01998033375,0.01258054096,NaN,NaN,0
0.01998033375,0.01243737713,NaN,NaN,0
0.01998033375,0.01229421329,NaN,NaN,0
0.01998033375,0.01215104852,NaN,NaN,0
0.01998033375,0.01200788468,NaN,NaN,0
0.01998033375,0.01186472084,NaN,NaN,0
0.01998033375,0.01172155701,NaN,NaN,0
0.01998033375,0.01157839224,NaN,NaN,0
0.01998033375,0.0114352284,NaN,NaN,0
0.01998033375,0.01129206456,NaN,NaN,0
0.01998033375,0.01114890072,NaN,NaN,0
0.01998033375,0.01100573689,NaN,NaN,0
0.01998033375,0.01086257212,NaN,NaN,0
0.01998033375,0.01071940828,NaN,NaN,0
0.01998033375,0.01057624444,NaN,NaN,0
0.01998033375,0.01043308061,NaN,NaN,0
0.01998033375,0.01028991584,NaN,NaN,0
0.01998033375,0.010146752,NaN,NaN,0
0.01998033375,0.01000358816,NaN,NaN,0
0.01998033375,0.009860424325,NaN,NaN,0
0.01998033375,0.009717259556,NaN,NaN,0
0.01998033375,0.009574095719,NaN,NaN,0
0.01998033375,0.009430931881,NaN,NaN,0
0.01998033375,0.009287768044,NaN,NaN,0
0.01998033375,0.009144604206,NaN,NaN,0
0.01998033375,0.009001439437,NaN,NaN,0
0.01998033375,0.0088582756,NaN,NaN,0
0.01998033375,0.008715111762,NaN,NaN,0
0.01998033375,0.008571947925,NaN,NaN,0
0.01998033375,0.008428783156,NaN,NaN,0
0.01998033375,0.008285619318,NaN,NaN,0
0.01998033375,0.008142455481,NaN,NaN,0
0.01998033375,0.007999291644,NaN,NaN,0
0.01998033375,0.007856126875,NaN,NaN,0
0.01998033375,0.007712963037,NaN,NaN,0
0.01998033375,0.0075697992,NaN,NaN,0
0.01998033375,0.007426635362,NaN,NaN,0
0.01998033375,0.007283471059,NaN,NaN,0
0.01998033375,0.007140307222,NaN,NaN,0
0.01998033375,0.006997142918,NaN,NaN,0
0.01998033375,0.006853979081,NaN,NaN,0
0.01998033375,0.006710814778,NaN,NaN,0
0.01998033375,0.00656765094,NaN,NaN,0
0.01998033375,0.006424486637,NaN,NaN,0
0.01998033375,0.0062813228,NaN,NaN,0
0.01998033375,0.006138158496,NaN,NaN,0
0.01998033375,0.005994994659,NaN,NaN,0
0.01998033375,0.005851830821,NaN,NaN,0
0.01998033375,0.005708666518,NaN,NaN,0
0.01998033375,0.005565502681,NaN,NaN,0
0.01998033375,0.005422338378,NaN,NaN,0
0.01998033375,0.00527917454,NaN,NaN,0
0.01998033375,0.005136010237,NaN,NaN,0
0.01998033375,0.0049928464,NaN,NaN,0
0.01998033375,0.004849682096,NaN,NaN,0
0.01998033375,0.004706518259,NaN,NaN,0
0.01998033375,0.004563353956,NaN,NaN,0
0.01998033375,0.004420190118,NaN,NaN,0
0.01998033375,0.004277025815,NaN,NaN,0
0.01998033375,0.004133861978,NaN,NaN,0
0.01998033375,0.00399069814,NaN,NaN,0
0.01998033375,0.003847533837,NaN,NaN,0
0.01998033375,0.003704369767,NaN,NaN,0
0.01998033375,0.003561205696,NaN,NaN,0
0.01998033375,0.003418041626,NaN,NaN,0
0.01998033375,0.003274877556,NaN,NaN,0
0.01998033375,0.003131713718,NaN,NaN,0
0.01998033375,0.002988549648,NaN,NaN,0
0.01998033375,0.002845385578,NaN,NaN,0
0.01998033375,0.002702221507,NaN,NaN,0
0.01998033375,0.002559057437,NaN,NaN,0
0.01998033375,0.002415893367,NaN,NaN,0
0.01998033375,0.002272729296,NaN,NaN,0
0.01998033375,0.002129565226,NaN,NaN,0
0.01998033375,0.001986401156,NaN,NaN,0
0.01998033375,0.001843237202,NaN,NaN,0
0.01998033375,0.001700073131,NaN,NaN,0
0.01998033375,0.001556909061,NaN,NaN,0
0.01998033375,0.001413744991,NaN,NaN,0
0.01998033375,0.00127058092,NaN,NaN,0
0.01998033375,0.00112741685,NaN,NaN,0
0.01998033375,0.0009842528962,NaN,NaN,0
0.01998033375,0.0008410888258,NaN,NaN,0
0.01998033375,0.0006979247555,NaN,NaN,0
0.01998033375,0.0005547606852,NaN,NaN,0
0.01998033375,0.000411596644,NaN,NaN,0
0.01998033375,0.0002684326028,NaN,NaN,0
0.01998033375,0.000125268547,NaN,NaN,0
0.02012349665,0.01916608773,NaN,NaN,0
0.02012349665,0.01902292296,NaN,NaN,0
0.02012349665,0.01887976006,NaN,NaN,0
0.02012349665,0.01873659529,NaN,NaN,0
0.02012349665,0.01859343052,NaN,NaN,0
0.02012349665,0.01845026761,NaN,NaN,0
0.02012349665,0.01830710284,NaN,NaN,0
0.02012349665,0.01816393808,NaN,NaN,0
0.02012349665,0.01802077517,NaN,NaN,0
0.02012349665,0.0178776104,NaN,NaN,0
0.02012349665,0.01773444749,NaN,NaN,0
0.02012349665,0.01759128273,NaN,NaN,0
0.02012349665,0.01744811796,NaN,NaN,0
0.02012349665,0.01730495505,NaN,NaN,0
0.02012349665,0.01716179028,NaN,NaN,0
0.02012349665,0.01701862738,NaN,NaN,0
0.02012349665,0.01687546261,NaN,NaN,0
0.02012349665,0.01673229784,NaN,NaN,0
0.02012349665,0.01658913493,NaN,NaN,0
0.02012349665,0.01644597016,NaN,NaN,0
0.02012349665,0.01630280726,NaN,NaN,0
0.02012349665,0.01615964249,NaN,NaN,0
0.02012349665,0.01601647772,NaN,NaN,0
0.02012349665,0.01587331481,NaN,NaN,0
0.02012349665,0.01573015004,NaN,NaN,0
0.02012349665,0.01558698621,NaN,NaN,0
0.02012349665,0.01544382237,NaN,NaN,0
0.02012349665,0.0153006576,NaN,NaN,0
0.02012349665,0.01515749376,NaN,NaN,0
0.02012349665,0.01501432993,NaN,NaN,0
0.02012349665,0.01487116609,NaN,NaN,0
0.02012349665,0.01472800132,NaN,NaN,0
0.02012349665,0.01458483748,NaN,NaN,0
0.02012349665,0.01444167364,NaN,NaN,0
0.02012349665,0.01429850981,NaN,NaN,0
0.02012349665,0.01415534597,NaN,NaN,0
0.02012349665,0.0140121812,NaN,NaN,0
0.02012349665,0.01386901736,NaN,NaN,0
0.02012349665,0.01372585353,NaN,NaN,0
0.02012349665,0.01358268969,NaN,NaN,0
0.02012349665,0.01343952492,NaN,NaN,0
0.02012349665,0.01329636108,NaN,NaN,0
0.02012349665,0.01315319724,NaN,NaN,0
0.02012349665,0.01301003341,NaN,NaN,0
0.02012349665,0.01286686864,NaN,NaN,0
0.02012349665,0.0127237048,NaN,NaN,0
0.02012349665,0.01258054096,NaN,NaN,0
0.02012349665,0.01243737713,NaN,NaN,0
0.02012349665,0.01229421329,NaN,NaN,0
0.02012349665,0.01215104852,NaN,NaN,0
0.02012349665,0.01200788468,NaN,NaN,0
0.02012349665,0.01186472084,NaN,NaN,0
0.02012349665,0.01172155701,NaN,NaN,0
0.02012349665,0.01157839224,NaN,NaN,0
0.02012349665,0.0114352284,NaN,NaN,0
0.02012349665,0.01129206456,NaN,NaN,0
0.02012349665,0.01114890072,NaN,NaN,0
0.02012349665,0.01100573689,NaN,NaN,0
0.02012349665,0.01086257212,NaN,NaN,0
0.02012349665,0.01071940828,NaN,NaN,0
0.02012349665,0.01057624444,NaN,NaN,0
0.02012349665,0.01043308061,NaN,NaN,0
0.02012349665,0.01028991584,NaN,NaN,0
0.02012349665,0.010146752,NaN,NaN,0
0.02012349665,0.01000358816,NaN,NaN,0
0.02012349665,0.009860424325,NaN,NaN,0
0.02012349665,0.009717259556,NaN,NaN,0
0.02012349665,0.009574095719,NaN,NaN,0
0.02012349665,0.009430931881,NaN,NaN,0
0.02012349665,0.009287768044,NaN,NaN,0
0.02012349665,0.009144604206,NaN,NaN,0
0.02012349665,0.009001439437,NaN,NaN,0
0.02012349665,0.0088582756,NaN,NaN,0
0.02012349665,0.008715111762,NaN,NaN,0
0.02012349665,0.008571947925,NaN,NaN,0
0.02012349665,0.008428783156,NaN,NaN,0
0.02012349665,0.008285619318,NaN,NaN,0
0.02012349665,0.008142455481,NaN,NaN,0
0.02012349665,0.007999291644,NaN,NaN,0
0.02012349665,0.007856126875,NaN,NaN,0
0.02012349665,0.007712963037,NaN,NaN,0
0.02012349665,0.0075697992,NaN,NaN,0
0.02012349665,0.007426635362,NaN,NaN,0
0.02012349665,0.007283471059,NaN,NaN,0
0.02012349665,0.007140307222,NaN,NaN,0
0.02012349665,0.006997142918,NaN,NaN,0
0.02012349665,0.006853979081,NaN,NaN,0
0.02012349665,0.006710814778,NaN,NaN,0
0.02012349665,0.00656765094,NaN,NaN,0
0.02012349665,0.006424486637,NaN,NaN,0
0.02012349665,0.0062813228,NaN,NaN,0
0.02012349665,0.006138158496,NaN,NaN,0
0.02012349665,0.005994994659,NaN,NaN,0
0.02012349665,0.005851830821,NaN,NaN,0
0.02012349665,0.005708666518,NaN,NaN,0
0.02012349665,0.005565502681,NaN,NaN,0
0.02012349665,0.005422338378,NaN,NaN,0
0.02012349665,0.00527917454,NaN,NaN,0
0.02012349665,0.005136010237,NaN,NaN,0
0.02012349665,0.0049928464,NaN,NaN,0
0.02012349665,0.004849682096,NaN,NaN,0
0.02012349665,0.004706518259,NaN,NaN,0
0.02012349665,0.004563353956,NaN,NaN,0
0.02012349665,0.004420190118,NaN,NaN,0
0.02012349665,0.004277025815,NaN,NaN,0
0.02012349665,0.004133861978,NaN,NaN,0
0.02012349665,0.00399069814,NaN,NaN,0
0.02012349665,0.003847533837,NaN,NaN,0
0.02012349665,0.003704369767,NaN,NaN,0
0.02012349665,0.003561205696,NaN,NaN,0
0.02012349665,0.003418041626,NaN,NaN,0
0.02012349665,0.003274877556,NaN,NaN,0
0.02012349665,0.003131713718,NaN,NaN,0
0.02012349665,0.002988549648,NaN,NaN,0
0.02012349665,0.002845385578,NaN,NaN,0
0.02012349665,0.002702221507,NaN,NaN,0
0.02012349665,0.002559057437,NaN,NaN,0
0.02012349665,0.002415893367,NaN,NaN,0
0.02012349665,0.002272729296,NaN,NaN,0
0.02012349665,0.002129565226,NaN,NaN,0
0.02012349665,0.001986401156,NaN,NaN,0
0.02012349665,0.001843237202,NaN,NaN,0
0.02012349665,0.001700073131,NaN,NaN,0
0.02012349665,0.001556909061,NaN,NaN,0
0.02012349665,0.001413744991,NaN,NaN,0
0.02012349665,0.00127058092,NaN,NaN,0
0.02012349665,0.00112741685,NaN,NaN,0
0.02012349665,0.0009842528962,NaN,NaN,0
0.02012349665,0.0008410888258,NaN,NaN,0
0.02012349665,0.0006979247555,NaN,NaN,0
0.02012349665,0.0005547606852,NaN,NaN,0
0.02012349665,0.000411596644,NaN,NaN,0
0.02012349665,0.0002684326028,NaN,NaN,0
0.02012349665,0.000125268547,NaN,NaN,0
0.02026666142,0.01916608773,NaN,NaN,0
0.02026666142,0.01902292296,NaN,NaN,0
0.02026666142,0.01887976006,NaN,NaN,0
0.02026666142,0.01873659529,NaN,NaN,0
0.02026666142,0.01859343052,NaN,NaN,0
0.02026666142,0.01845026761,NaN,NaN,0
0.02026666142,0.01830710284,NaN,NaN,0
0.02026666142,0.01816393808,NaN,NaN,0
0.02026666142,0.01802077517,NaN,NaN,0
0.02026666142,0.0178776104,NaN,NaN,0
0.02026666142,0.01773444749,NaN,NaN,0
0.02026666142,0.01759128273,NaN,NaN,0
0.02026666142,0.01744811796,NaN,NaN,0
0.02026666142,0.01730495505,NaN,NaN,0
0.02026666142,0.01716179028,NaN,NaN,0
0.02026666142,0.01701862738,NaN,NaN,0
0.02026666142,0.01687546261,NaN,NaN,0
0.02026666142,0.01673229784,NaN,NaN,0
0.02026666142,0.01658913493,NaN,NaN,0
0.02026666142,0.01644597016,NaN,NaN,0
0.02026666142,0.01630280726,NaN,NaN,0
0.02026666142,0.01615964249,NaN,NaN,0
0.02026666142,0.01601647772,NaN,NaN,0
0.02026666142,0.01587331481,NaN,NaN,0
0.02026666142,0.01573015004,NaN,NaN,0
0.02026666142,0.01558698621,NaN,NaN,0
0.02026666142,0.01544382237,NaN,NaN,0
0.02026666142,0.0153006576,NaN,NaN,0
0.02026666142,0.01515749376,NaN,NaN,0
0.02026666142,0.01501432993,NaN,NaN,0
0.02026666142,0.01487116609,NaN,NaN,0
0.02026666142,0.01472800132,NaN,NaN,0
0.02026666142,0.01458483748,NaN,NaN,0
0.02026666142,0.01444167364,NaN,NaN,0
0.02026666142,0.01429850981,NaN,NaN,0
0.02026666142,0.01415534597,NaN,NaN,0
0.02026666142,0.0140121812,NaN,NaN,0
0.02026666142,0.01386901736,NaN,NaN,0
0.02026666142,0.01372585353,NaN,NaN,0
0.02026666142,0.01358268969,NaN,NaN,0
0.02026666142,0.01343952492,NaN,NaN,0
0.02026666142,0.01329636108,NaN,NaN,0
0.02026666142,0.01315319724,NaN,NaN,0
0.02026666142,0.01301003341,NaN,NaN,0
0.02026666142,0.01286686864,NaN,NaN,0
0.02026666142,0.0127237048,NaN,NaN,0
0.02026666142,0.01258054096,NaN,NaN,0
0.02026666142,0.01243737713,NaN,NaN,0
0.02026666142,0.01229421329,NaN,NaN,0
0.02026666142,0.01215104852,NaN,NaN,0
0.02026666142,0.01200788468,NaN,NaN,0
0.02026666142,0.01186472084,NaN,NaN,0
0.02026666142,0.01172155701,NaN,NaN,0
0.02026666142,0.01157839224,NaN,NaN,0
0.02026666142,0.0114352284,NaN,NaN,0
0.02026666142,0.01129206456,NaN,NaN,0
0.02026666142,0.01114890072,NaN,NaN,0
0.02026666142,0.01100573689,NaN,NaN,0
0.02026666142,0.01086257212,NaN,NaN,0
0.02026666142,0.01071940828,NaN,NaN,0
0.02026666142,0.01057624444,NaN,NaN,0
0.02026666142,0.01043308061,NaN,NaN,0
0.02026666142,0.01028991584,NaN,NaN,0
0.02026666142,0.010146752,NaN,NaN,0
0.02026666142,0.01000358816,NaN,NaN,0
0.02026666142,0.009860424325,NaN,NaN,0
0.02026666142,0.009717259556,NaN,NaN,0
0.02026666142,0.009574095719,NaN,NaN,0
0.02026666142,0.009430931881,NaN,NaN,0
0.02026666142,0.009287768044,NaN,NaN,0
0.02026666142,0.009144604206,NaN,NaN,0
0.02026666142,0.009001439437,NaN,NaN,0
0.02026666142,0.0088582756,NaN,NaN,0
0.02026666142,0.008715111762,NaN,NaN,0
0.02026666142,0.008571947925,NaN,NaN,0
0.02026666142,0.008428783156,NaN,NaN,0
0.02026666142,0.008285619318,NaN,NaN,0
0.02026666142,0.008142455481,NaN,NaN,0
0.02026666142,0.007999291644,NaN,NaN,0
0.02026666142,0.007856126875,NaN,NaN,0
0.02026666142,0.007712963037,NaN,NaN,0
0.02026666142,0.0075697992,NaN,NaN,0
0.02026666142,0.007426635362,NaN,NaN,0
0.02026666142,0.007283471059,NaN,NaN,0
0.02026666142,0.007140307222,NaN,NaN,0
0.02026666142,0.006997142918,NaN,NaN,0
0.02026666142,0.006853979081,NaN,NaN,0
0.02026666142,0.006710814778,NaN,NaN,0
0.02026666142,0.00656765094,NaN,NaN,0
0.02026666142,0.006424486637,NaN,NaN,0
0.02026666142,0.0062813228,NaN,NaN,0
0.02026666142,0.006138158496,NaN,NaN,0
0.02026666142,0.005994994659,NaN,NaN,0
0.02026666142,0.005851830821,NaN,NaN,0
0.02026666142,0.005708666518,NaN,NaN,0
0.02026666142,0.005565502681,NaN,NaN,0
0.02026666142,0.005422338378,NaN,NaN,0
0.02026666142,0.00527917454,NaN,NaN,0
0.02026666142,0.005136010237,NaN,NaN,0
0.02026666142,0.0049928464,NaN,NaN,0
0.02026666142,0.004849682096,NaN,NaN,0
0.02026666142,0.004706518259,NaN,NaN,0
0.02026666142,0.004563353956,NaN,NaN,0
0.02026666142,0.004420190118,NaN,NaN,0
0.02026666142,0.004277025815,NaN,NaN,0
0.02026666142,0.004133861978,NaN,NaN,0
0.02026666142,0.00399069814,NaN,NaN,0
0.02026666142,0.003847533837,NaN,NaN,0
0.02026666142,0.003704369767,NaN,NaN,0
0.02026666142,0.003561205696,NaN,NaN,0
0.02026666142,0.003418041626,NaN,NaN,0
0.02026666142,0.003274877556,NaN,NaN,0
0.02026666142,0.003131713718,NaN,NaN,0
0.02026666142,0.002988549648,NaN,NaN,0
0.02026666142,0.002845385578,NaN,NaN,0
0.02026666142,0.002702221507,NaN,NaN,0
0.02026666142,0.002559057437,NaN,NaN,0
0.02026666142,0.002415893367,NaN,NaN,0
0.02026666142,0.002272729296,NaN,NaN,0
0.02026666142,0.002129565226,NaN,NaN,0
0.02026666142,0.001986401156,NaN,NaN,0
0.02026666142,0.001843237202,NaN,NaN,0
0.02026666142,0.001700073131,NaN,NaN,0
0.02026666142,0.001556909061,NaN,NaN,0
0.02026666142,0.001413744991,NaN,NaN,0
0.02026666142,0.00127058092,NaN,NaN,0
0.02026666142,0.00112741685,NaN,NaN,0
0.02026666142,0.0009842528962,NaN,NaN,0
0.02026666142,0.0008410888258,NaN,NaN,0
0.02026666142,0.0006979247555,NaN,NaN,0
0.02026666142,0.0005547606852,NaN,NaN,0
0.02026666142,0.000411596644,NaN,NaN,0
0.02026666142,0.0002684326028,NaN,NaN,0
0.02026666142,0.000125268547,NaN,NaN,0
0.02040982433,0.01916608773,NaN,NaN,0
0.02040982433,0.01902292296,NaN,NaN,0
0.02040982433,0.01887976006,NaN,NaN,0
0.02040982433,0.01873659529,NaN,NaN,0
0.02040982433,0.01859343052,NaN,NaN,0
0.02040982433,0.01845026761,NaN,NaN,0
0.02040982433,0.01830710284,NaN,NaN,0
0.02040982433,0.01816393808,NaN,NaN,0
0.02040982433,0.01802077517,NaN,NaN,0
0.02040982433,0.0178776104,NaN,NaN,0
0.02040982433,0.01773444749,NaN,NaN,0
0.02040982433,0.01759128273,NaN,NaN,0
0.02040982433,0.01744811796,NaN,NaN,0
0.02040982433,0.01730495505,NaN,NaN,0
0.02040982433,0.01716179028,NaN,NaN,0
0.02040982433,0.01701862738,NaN,NaN,0
0.02040982433,0.01687546261,NaN,NaN,0
0.02040982433,0.01673229784,NaN,NaN,0
0.02040982433,0.01658913493,NaN,NaN,0
0.02040982433,0.01644597016,NaN,NaN,0
0.02040982433,0.01630280726,NaN,NaN,0
0.02040982433,0.01615964249,NaN,NaN,0
0.02040982433,0.01601647772,NaN,NaN,0
0.02040982433,0.01587331481,NaN,NaN,0
0.02040982433,0.01573015004,NaN,NaN,0
0.02040982433,0.01558698621,NaN,NaN,0
0.02040982433,0.01544382237,NaN,NaN,0
0.02040982433,0.0153006576,NaN,NaN,0
0.02040982433,0.01515749376,NaN,NaN,0
0.02040982433,0.01501432993,NaN,NaN,0
0.02040982433,0.01487116609,NaN,NaN,0
0.02040982433,0.01472800132,NaN,NaN,0
0.02040982433,0.01458483748,NaN,NaN,0
0.02040982433,0.01444167364,NaN,NaN,0
0.02040982433,0.01429850981,NaN,NaN,0
0.02040982433,0.01415534597,NaN,NaN,0
0.02040982433,0.0140121812,NaN,NaN,0
0.02040982433,0.01386901736,NaN,NaN,0
0.02040982433,0.01372585353,NaN,NaN,0
0.02040982433,0.01358268969,NaN,NaN,0
0.02040982433,0.01343952492,NaN,NaN,0
0.02040982433,0.01329636108,NaN,NaN,0
0.02040982433,0.01315319724,NaN,NaN,0
0.02040982433,0.01301003341,NaN,NaN,0
0.02040982433,0.01286686864,NaN,NaN,0
0.02040982433,0.0127237048,NaN,NaN,0
0.02040982433,0.01258054096,NaN,NaN,0
0.02040982433,0.01243737713,NaN,NaN,0
0.02040982433,0.01229421329,NaN,NaN,0
0.02040982433,0.01215104852,NaN,NaN,0
0.02040982433,0.01200788468,NaN,NaN,0
0.02040982433,0.01186472084,NaN,NaN,0
0.02040982433,0.01172155701,NaN,NaN,0
0.02040982433,0.01157839224,NaN,NaN,0
0.02040982433,0.0114352284,NaN,NaN,0
0.02040982433,0.01129206456,NaN,NaN,0
0.02040982433,0.01114890072,NaN,NaN,0
0.02040982433,0.01100573689,NaN,NaN,0
0.02040982433,0.01086257212,NaN,NaN,0
0.02040982433,0.01071940828,NaN,NaN,0
0.02040982433,0.01057624444,NaN,NaN,0
0.02040982433,0.01043308061,NaN,NaN,0
0.02040982433,0.01028991584,NaN,NaN,0
0.02040982433,0.010146752,NaN,NaN,0
0.02040982433,0.01000358816,NaN,NaN,0
0.02040982433,0.009860424325,NaN,NaN,0
0.02040982433,0.009717259556,NaN,NaN,0
0.02040982433,0.009574095719,NaN,NaN,0
0.02040982433,0.009430931881,NaN,NaN,0
0.02040982433,0.009287768044,NaN,NaN,0
0.02040982433,0.009144604206,NaN,NaN,0
0.02040982433,0.009001439437,NaN,NaN,0
0.02040982433,0.0088582756,NaN,NaN,0
0.02040982433,0.008715111762,NaN,NaN,0
0.02040982433,0.008571947925,NaN,NaN,0
0.02040982433,0.008428783156,NaN,NaN,0
0.02040982433,0.008285619318,NaN,NaN,0
0.02040982433,0.008142455481,NaN,NaN,0
0.02040982433,0.007999291644,NaN,NaN,0
0.02040982433,0.007856126875,NaN,NaN,0
0.02040982433,0.007712963037,NaN,NaN,0
0.02040982433,0.0075697992,NaN,NaN,0
0.02040982433,0.007426635362,NaN,NaN,0
0.02040982433,0.007283471059,NaN,NaN,0
0.02040982433,0.007140307222,NaN,NaN,0
0.02040982433,0.006997142918,NaN,NaN,0
0.02040982433,0.006853979081,NaN,NaN,0
0.02040982433,0.006710814778,NaN,NaN,0
0.02040982433,0.00656765094,NaN,NaN,0
0.02040982433,0.006424486637,NaN,NaN,0
0.02040982433,0.0062813228,NaN,NaN,0
0.02040982433,0.006138158496,NaN,NaN,0
0.02040982433,0.005994994659,NaN,NaN,0
0.02040982433,0.005851830821,NaN,NaN,0
0.02040982433,0.005708666518,NaN,NaN,0
0.02040982433,0.005565502681,NaN,NaN,0
0.02040982433,0.005422338378,NaN,NaN,0
0.02040982433,0.00527917454,NaN,NaN,0
0.02040982433,0.005136010237,NaN,NaN,0
0.02040982433,0.0049928464,NaN,NaN,0
0.02040982433,0.004849682096,NaN,NaN,0
0.02040982433,0.004706518259,NaN,NaN,0
0.02040982433,0.004563353956,NaN,NaN,0
0.02040982433,0.004420190118,NaN,NaN,0
0.02040982433,0.004277025815,NaN,NaN,0
0.02040982433,0.004133861978,NaN,NaN,0
0.02040982433,0.00399069814,NaN,NaN,0
0.02040982433,0.003847533837,NaN,NaN,0
0.02040982433,0.003704369767,NaN,NaN,0
0.02040982433,0.003561205696,NaN,NaN,0
0.02040982433,0.003418041626,NaN,NaN,0
0.02040982433,0.003274877556,NaN,NaN,0
0.02040982433,0.003131713718,NaN,NaN,0
0.02040982433,0.002988549648,NaN,NaN,0
0.02040982433,0.002845385578,NaN,NaN,0
0.02040982433,0.002702221507,NaN,NaN,0
0.02040982433,0.002559057437,NaN,NaN,0
0.02040982433,0.002415893367,NaN,NaN,0
0.02040982433,0.002272729296,NaN,NaN,0
0.02040982433,0.002129565226,NaN,NaN,0
0.02040982433,0.001986401156,NaN,NaN,0
0.02040982433,0.001843237202,NaN,NaN,0
0.02040982433,0.001700073131,NaN,NaN,0
0.02040982433,0.001556909061,NaN,NaN,0
0.02040982433,0.001413744991,NaN,NaN,0
0.02040982433,0.00127058092,NaN,NaN,0
0.02040982433,0.00112741685,NaN,NaN,0
0.02040982433,0.0009842528962,NaN,NaN,0
0.02040982433,0.0008410888258,NaN,NaN,0
0.02040982433,0.0006979247555,NaN,NaN,0
0.02040982433,0.0005547606852,NaN,NaN,0
0.02040982433,0.000411596644,NaN,NaN,0
0.02040982433,0.0002684326028,NaN,NaN,0
0.02040982433,0.000125268547,NaN,NaN,0
0.0205529891,0.01916608773,NaN,NaN,0
0.0205529891,0.01902292296,NaN,NaN,0
0.0205529891,0.01887976006,NaN,NaN,0
0.0205529891,0.01873659529,NaN,NaN,0
0.0205529891,0.01859343052,NaN,NaN,0
0.0205529891,0.01845026761,NaN,NaN,0
0.0205529891,0.01830710284,NaN,NaN,0
0.0205529891,0.01816393808,NaN,NaN,0
0.0205529891,0.01802077517,NaN,NaN,0
0.0205529891,0.0178776104,NaN,NaN,0
0.0205529891,0.01773444749,NaN,NaN,0
0.0205529891,0.01759128273,NaN,NaN,0
0.0205529891,0.01744811796,NaN,NaN,0
0.0205529891,0.01730495505,NaN,NaN,0
0.0205529891,0.01716179028,NaN,NaN,0
0.0205529891,0.01701862738,NaN,NaN,0
0.0205529891,0.01687546261,NaN,NaN,0
0.0205529891,0.01673229784,NaN,NaN,0
0.0205529891,0.01658913493,NaN,NaN,0
0.0205529891,0.01644597016,NaN,NaN,0
0.0205529891,0.01630280726,NaN,NaN,0
0.0205529891,0.01615964249,NaN,NaN,0
0.0205529891,0.01601647772,NaN,NaN,0
0.0205529891,0.01587331481,NaN,NaN,0
0.0205529891,0.01573015004,NaN,NaN,0
0.0205529891,0.01558698621,NaN,NaN,0
0.0205529891,0.01544382237,NaN,NaN,0
0.0205529891,0.0153006576,NaN,NaN,0
0.0205529891,0.01515749376,NaN,NaN,0
0.0205529891,0.01501432993,NaN,NaN,0
0.0205529891,0.01487116609,NaN,NaN,0
0.0205529891,0.01472800132,NaN,NaN,0
0.0205529891,0.01458483748,NaN,NaN,0
0.0205529891,0.01444167364,NaN,NaN,0
0.0205529891,0.01429850981,NaN,NaN,0
0.0205529891,0.01415534597,NaN,NaN,0
0.0205529891,0.0140121812,NaN,NaN,0
0.0205529891,0.01386901736,NaN,NaN,0
0.0205529891,0.01372585353,NaN,NaN,0
0.0205529891,0.01358268969,NaN,NaN,0
0.0205529891,0.01343952492,NaN,NaN,0
0.0205529891,0.01329636108,NaN,NaN,0
0.0205529891,0.01315319724,NaN,NaN,0
0.0205529891,0.01301003341,NaN,NaN,0
0.0205529891,0.01286686864,NaN,NaN,0
0.0205529891,0.0127237048,NaN,NaN,0
0.0205529891,0.01258054096,NaN,NaN,0
0.0205529891,0.01243737713,NaN,NaN,0
0.0205529891,0.01229421329,NaN,NaN,0
0.0205529891,0.01215104852,NaN,NaN,0
0.0205529891,0.01200788468,NaN,NaN,0
0.0205529891,0.01186472084,NaN,NaN,0
0.0205529891,0.01172155701,NaN,NaN,0
0.0205529891,0.01157839224,NaN,NaN,0
0.0205529891,0.0114352284,NaN,NaN,0
0.0205529891,0.01129206456,NaN,NaN,0
0.0205529891,0.01114890072,NaN,NaN,0
0.0205529891,0.01100573689,NaN,NaN,0
0.0205529891,0.01086257212,NaN,NaN,0
0.0205529891,0.01071940828,NaN,NaN,0
0.0205529891,0.01057624444,NaN,NaN,0
0.0205529891,0.01043308061,NaN,NaN,0
0.0205529891,0.01028991584,NaN,NaN,0
0.0205529891,0.010146752,NaN,NaN,0
0.0205529891,0.01000358816,NaN,NaN,0
0.0205529891,0.009860424325,NaN,NaN,0
0.0205529891,0.009717259556,NaN,NaN,0
0.0205529891,0.009574095719,NaN,NaN,0
0.0205529891,0.009430931881,NaN,NaN,0
0.0205529891,0.009287768044,NaN,NaN,0
0.0205529891,0.009144604206,NaN,NaN,0
0.0205529891,0.009001439437,NaN,NaN,0
0.0205529891,0.0088582756,NaN,NaN,0
0.0205529891,0.008715111762,NaN,NaN,0
0.0205529891,0.008571947925,NaN,NaN,0
0.0205529891,0.008428783156,NaN,NaN,0
0.0205529891,0.008285619318,NaN,NaN,0
0.0205529891,0.008142455481,NaN,NaN,0
0.0205529891,0.007999291644,NaN,NaN,0
0.0205529891,0.007856126875,NaN,NaN,0
0.0205529891,0.007712963037,NaN,NaN,0
0.0205529891,0.0075697992,NaN,NaN,0
0.0205529891,0.007426635362,NaN,NaN,0
0.0205529891,0.007283471059,NaN,NaN,0
0.0205529891,0.007140307222,NaN,NaN,0
0.0205529891,0.006997142918,NaN,NaN,0
0.0205529891,0.006853979081,NaN,NaN,0
0.0205529891,0.006710814778,NaN,NaN,0
0.0205529891,0.00656765094,NaN,NaN,0
0.0205529891,0.006424486637,NaN,NaN,0
0.0205529891,0.0062813228,NaN,NaN,0
0.0205529891,0.006138158496,NaN,NaN,0
0.0205529891,0.005994994659,NaN,NaN,0
0.0205529891,0.005851830821,NaN,NaN,0
0.0205529891,0.005708666518,NaN,NaN,0
0.0205529891,0.005565502681,NaN,NaN,0
0.0205529891,0.005422338378,NaN,NaN,0
0.0205529891,0.00527917454,NaN,NaN,0
0.0205529891,0.005136010237,NaN,NaN,0
0.0205529891,0.0049928464,NaN,NaN,0
0.0205529891,0.004849682096,NaN,NaN,0
0.0205529891,0.004706518259,NaN,NaN,0
0.0205529891,0.004563353956,NaN,NaN,0
0.0205529891,0.004420190118,NaN,NaN,0
0.0205529891,0.004277025815,NaN,NaN,0
0.0205529891,0.004133861978,NaN,NaN,0
0.0205529891,0.00399069814,NaN,NaN,0
0.0205529891,0.003847533837,NaN,NaN,0
0.0205529891,0.003704369767,NaN,NaN,0
0.0205529891,0.003561205696,NaN,NaN,0
0.0205529891,0.003418041626,NaN,NaN,0
0.0205529891,0.003274877556,NaN,NaN,0
0.0205529891,0.003131713718,NaN,NaN,0
0.0205529891,0.002988549648,NaN,NaN,0
0.0205529891,0.002845385578,NaN,NaN,0
0.0205529891,0.002702221507,NaN,NaN,0
0.0205529891,0.002559057437,NaN,NaN,0
0.0205529891,0.002415893367,NaN,NaN,0
0.0205529891,0.002272729296,NaN,NaN,0
0.0205529891,0.002129565226,NaN,NaN,0
0.0205529891,0.001986401156,NaN,NaN,0
0.0205529891,0.001843237202,NaN,NaN,0
0.0205529891,0.001700073131,NaN,NaN,0
0.0205529891,0.001556909061,NaN,NaN,0
0.0205529891,0.001413744991,NaN,NaN,0
0.0205529891,0.00127058092,NaN,NaN,0
0.0205529891,0.00112741685,NaN,NaN,0
0.0205529891,0.0009842528962,NaN,NaN,0
0.0205529891,0.0008410888258,NaN,NaN,0
0.0205529891,0.0006979247555,NaN,NaN,0
0.0205529891,0.0005547606852,NaN,NaN,0
0.0205529891,0.000411596644,NaN,NaN,0
0.0205529891,0.0002684326028,NaN,NaN,0
0.0205529891,0.000125268547,NaN,NaN,0
0.02069615386,0.01916608773,NaN,NaN,0
0.02069615386,0.01902292296,NaN,NaN,0
0.02069615386,0.01887976006,NaN,NaN,0
0.02069615386,0.01873659529,NaN,NaN,0
0.02069615386,0.01859343052,NaN,NaN,0
0.02069615386,0.01845026761,NaN,NaN,0
0.02069615386,0.01830710284,NaN,NaN,0
0.02069615386,0.01816393808,NaN,NaN,0
0.02069615386,0.01802077517,NaN,NaN,0
0.02069615386,0.0178776104,NaN,NaN,0
0.02069615386,0.01773444749,NaN,NaN,0
0.02069615386,0.01759128273,NaN,NaN,0
0.02069615386,0.01744811796,NaN,NaN,0
0.02069615386,0.01730495505,NaN,NaN,0
0.02069615386,0.01716179028,NaN,NaN,0
0.02069615386,0.01701862738,NaN,NaN,0
0.02069615386,0.01687546261,NaN,NaN,0
0.02069615386,0.01673229784,NaN,NaN,0
0.02069615386,0.01658913493,NaN,NaN,0
0.02069615386,0.01644597016,NaN,NaN,0
0.02069615386,0.01630280726,NaN,NaN,0
0.02069615386,0.01615964249,NaN,NaN,0
0.02069615386,0.01601647772,NaN,NaN,0
0.02069615386,0.01587331481,NaN,NaN,0
0.02069615386,0.01573015004,NaN,NaN,0
0.02069615386,0.01558698621,NaN,NaN,0
0.02069615386,0.01544382237,NaN,NaN,0
0.02069615386,0.0153006576,NaN,NaN,0
0.02069615386,0.01515749376,NaN,NaN,0
0.02069615386,0.01501432993,NaN,NaN,0
0.02069615386,0.01487116609,NaN,NaN,0
0.02069615386,0.01472800132,NaN,NaN,0
0.02069615386,0.01458483748,NaN,NaN,0
0.02069615386,0.01444167364,NaN,NaN,0
0.02069615386,0.01429850981,NaN,NaN,0
0.02069615386,0.01415534597,NaN,NaN,0
0.02069615386,0.0140121812,NaN,NaN,0
0.02069615386,0.01386901736,NaN,NaN,0
0.02069615386,0.01372585353,NaN,NaN,0
0.02069615386,0.01358268969,NaN,NaN,0
0.02069615386,0.01343952492,NaN,NaN,0
0.02069615386,0.01329636108,NaN,NaN,0
0.02069615386,0.01315319724,NaN,NaN,0
0.02069615386,0.01301003341,NaN,NaN,0
0.02069615386,0.01286686864,NaN,NaN,0
0.02069615386,0.0127237048,NaN,NaN,0
0.02069615386,0.01258054096,NaN,NaN,0
0.02069615386,0.01243737713,NaN,NaN,0
0.02069615386,0.01229421329,NaN,NaN,0
0.02069615386,0.01215104852,NaN,NaN,0
0.02069615386,0.01200788468,NaN,NaN,0
0.02069615386,0.01186472084,NaN,NaN,0
0.02069615386,0.01172155701,NaN,NaN,0
0.02069615386,0.01157839224,NaN,NaN,0
0.02069615386,0.0114352284,NaN,NaN,0
0.02069615386,0.01129206456,NaN,NaN,0
0.02069615386,0.01114890072,NaN,NaN,0
0.02069615386,0.01100573689,NaN,NaN,0
0.02069615386,0.01086257212,NaN,NaN,0
0.02069615386,0.01071940828,NaN,NaN,0
0.02069615386,0.01057624444,NaN,NaN,0
0.02069615386,0.01043308061,NaN,NaN,0
0.02069615386,0.01028991584,NaN,NaN,0
0.02069615386,0.010146752,NaN,NaN,0
0.02069615386,0.01000358816,NaN,NaN,0
0.02069615386,0.009860424325,NaN,NaN,0
0.02069615386,0.009717259556,NaN,NaN,0
0.02069615386,0.009574095719,NaN,NaN,0
0.02069615386,0.009430931881,NaN,NaN,0
0.02069615386,0.009287768044,NaN,NaN,0
0.02069615386,0.009144604206,NaN,NaN,0
0.02069615386,0.009001439437,NaN,NaN,0
0.02069615386,0.0088582756,NaN,NaN,0
0.02069615386,0.008715111762,NaN,NaN,0
0.02069615386,0.008571947925,NaN,NaN,0
0.02069615386,0.008428783156,NaN,NaN,0
0.02069615386,0.008285619318,NaN,NaN,0
0.02069615386,0.008142455481,NaN,NaN,0
0.02069615386,0.007999291644,NaN,NaN,0
0.02069615386,0.007856126875,NaN,NaN,0
0.02069615386,0.007712963037,NaN,NaN,0
0.02069615386,0.0075697992,NaN,NaN,0
0.02069615386,0.007426635362,NaN,NaN,0
0.02069615386,0.007283471059,NaN,NaN,0
0.02069615386,0.007140307222,NaN,NaN,0
0.02069615386,0.006997142918,NaN,NaN,0
0.02069615386,0.006853979081,NaN,NaN,0
0.02069615386,0.006710814778,NaN,NaN,0
0.02069615386,0.00656765094,NaN,NaN,0
0.02069615386,0.006424486637,NaN,NaN,0
0.02069615386,0.0062813228,NaN,NaN,0
0.02069615386,0.006138158496,NaN,NaN,0
0.02069615386,0.005994994659,NaN,NaN,0
0.02069615386,0.005851830821,NaN,NaN,0
0.02069615386,0.005708666518,NaN,NaN,0
0.02069615386,0.005565502681,NaN,NaN,0
0.02069615386,0.005422338378,NaN,NaN,0
0.02069615386,0.00527917454,NaN,NaN,0
0.02069615386,0.005136010237,NaN,NaN,0
0.02069615386,0.0049928464,NaN,NaN,0
0.02069615386,0.004849682096,NaN,NaN,0
0.02069615386,0.004706518259,NaN,NaN,0
0.02069615386,0.004563353956,NaN,NaN,0
0.02069615386,0.004420190118,NaN,NaN,0
0.02069615386,0.004277025815,NaN,NaN,0
0.02069615386,0.004133861978,NaN,NaN,0
0.02069615386,0.00399069814,NaN,NaN,0
0.02069615386,0.003847533837,NaN,NaN,0
0.02069615386,0.003704369767,NaN,NaN,0
0.02069615386,0.003561205696,NaN,NaN,0
0.02069615386,0.003418041626,NaN,NaN,0
0.02069615386,0.003274877556,NaN,NaN,0
0.02069615386,0.003131713718,NaN,NaN,0
0.02069615386,0.002988549648,NaN,NaN,0
0.02069615386,0.002845385578,NaN,NaN,0
0.02069615386,0.002702221507,NaN,NaN,0
0.02069615386,0.002559057437,NaN,NaN,0
0.02069615386,0.002415893367,NaN,NaN,0
0.02069615386,0.002272729296,NaN,NaN,0
0.02069615386,0.002129565226,NaN,NaN,0
0.02069615386,0.001986401156,NaN,NaN,0
0.02069615386,0.001843237202,NaN,NaN,0
0.02069615386,0.001700073131,NaN,NaN,0
0.02069615386,0.001556909061,NaN,NaN,0
0.02069615386,0.001413744991,NaN,NaN,0
0.02069615386,0.00127058092,NaN,NaN,0
0.02069615386,0.00112741685,NaN,NaN,0
0.02069615386,0.0009842528962,NaN,NaN,0
0.02069615386,0.0008410888258,NaN,NaN,0
0.02069615386,0.0006979247555,NaN,NaN,0
0.02069615386,0.0005547606852,NaN,NaN,0
0.02069615386,0.000411596644,NaN,NaN,0
0.02069615386,0.0002684326028,NaN,NaN,0
0.02069615386,0.000125268547,NaN,NaN,0
0.02083931677,0.01916608773,NaN,NaN,0
0.02083931677,0.01902292296,NaN,NaN,0
0.02083931677,0.01887976006,NaN,NaN,0
0.02083931677,0.01873659529,NaN,NaN,0
0.02083931677,0.01859343052,NaN,NaN,0
0.02083931677,0.01845026761,NaN,NaN,0
0.02083931677,0.01830710284,NaN,NaN,0
0.02083931677,0.01816393808,NaN,NaN,0
0.02083931677,0.01802077517,NaN,NaN,0
0.02083931677,0.0178776104,NaN,NaN,0
0.02083931677,0.01773444749,NaN,NaN,0
0.02083931677,0.01759128273,NaN,NaN,0
0.02083931677,0.01744811796,NaN,NaN,0
0.02083931677,0.01730495505,NaN,NaN,0
0.02083931677,0.01716179028,NaN,NaN,0
0.02083931677,0.01701862738,NaN,NaN,0
0.02083931677,0.01687546261,NaN,NaN,0
0.02083931677,0.01673229784,NaN,NaN,0
0.02083931677,0.01658913493,NaN,NaN,0
0.02083931677,0.01644597016,NaN,NaN,0
0.02083931677,0.01630280726,NaN,NaN,0
0.02083931677,0.01615964249,NaN,NaN,0
0.02083931677,0.01601647772,NaN,NaN,0
0.02083931677,0.01587331481,NaN,NaN,0
0.02083931677,0.01573015004,NaN,NaN,0
0.02083931677,0.01558698621,NaN,NaN,0
0.02083931677,0.01544382237,NaN,NaN,0
0.02083931677,0.0153006576,NaN,NaN,0
0.02083931677,0.01515749376,NaN,NaN,0
0.02083931677,0.01501432993,NaN,NaN,0
0.02083931677,0.01487116609,NaN,NaN,0
0.02083931677,0.01472800132,NaN,NaN,0
0.02083931677,0.01458483748,NaN,NaN,0
0.02083931677,0.01444167364,NaN,NaN,0
0.02083931677,0.01429850981,NaN,NaN,0
0.02083931677,0.01415534597,NaN,NaN,0
0.02083931677,0.0140121812,NaN,NaN,0
0.02083931677,0.01386901736,NaN,NaN,0
0.02083931677,0.01372585353,NaN,NaN,0
0.02083931677,0.01358268969,NaN,NaN,0
0.02083931677,0.01343952492,NaN,NaN,0
0.02083931677,0.01329636108,NaN,NaN,0
0.02083931677,0.01315319724,NaN,NaN,0
0.02083931677,0.01301003341,NaN,NaN,0
0.02083931677,0.01286686864,NaN,NaN,0
0.02083931677,0.0127237048,NaN,NaN,0
0.02083931677,0.01258054096,NaN,NaN,0
0.02083931677,0.01243737713,NaN,NaN,0
0.02083931677,0.01229421329,NaN,NaN,0
0.02083931677,0.01215104852,NaN,NaN,0
0.02083931677,0.01200788468,NaN,NaN,0
0.02083931677,0.01186472084,NaN,NaN,0
0.02083931677,0.01172155701,NaN,NaN,0
0.02083931677,0.01157839224,NaN,NaN,0
0.02083931677,0.0114352284,NaN,NaN,0
0.02083931677,0.01129206456,NaN,NaN,0
0.02083931677,0.01114890072,NaN,NaN,0
0.02083931677,0.01100573689,NaN,NaN,0
0.02083931677,0.01086257212,NaN,NaN,0
0.02083931677,0.01071940828,NaN,NaN,0
0.02083931677,0.01057624444,NaN,NaN,0
0.02083931677,0.01043308061,NaN,NaN,0
0.02083931677,0.01028991584,NaN,NaN,0
0.02083931677,0.010146752,NaN,NaN,0
0.02083931677,0.01000358816,NaN,NaN,0
0.02083931677,0.009860424325,NaN,NaN,0
0.02083931677,0.009717259556,NaN,NaN,0
0.02083931677,0.009574095719,NaN,NaN,0
0.02083931677,0.009430931881,NaN,NaN,0
0.02083931677,0.009287768044,NaN,NaN,0
0.02083931677,0.009144604206,NaN,NaN,0
0.02083931677,0.009001439437,NaN,NaN,0
0.02083931677,0.0088582756,NaN,NaN,0
0.02083931677,0.008715111762,NaN,NaN,0
0.02083931677,0.008571947925,NaN,NaN,0
0.02083931677,0.008428783156,NaN,NaN,0
0.02083931677,0.008285619318,NaN,NaN,0
0.02083931677,0.008142455481,NaN,NaN,0
0.02083931677,0.007999291644,NaN,NaN,0
0.02083931677,0.007856126875,NaN,NaN,0
0.02083931677,0.007712963037,NaN,NaN,0
0.02083931677,0.0075697992,NaN,NaN,0
0.02083931677,0.007426635362,NaN,NaN,0
0.02083931677,0.007283471059,NaN,NaN,0
0.02083931677,0.007140307222,NaN,NaN,0
0.02083931677,0.006997142918,NaN,NaN,0
0.02083931677,0.006853979081,NaN,NaN,0
0.02083931677,0.006710814778,NaN,NaN,0
0.02083931677,0.00656765094,NaN,NaN,0
0.02083931677,0.006424486637,NaN,NaN,0
0.02083931677,0.0062813228,NaN,NaN,0
0.02083931677,0.006138158496,NaN,NaN,0
0.02083931677,0.005994994659,NaN,NaN,0
0.02083931677,0.005851830821,NaN,NaN,0
0.02083931677,0.005708666518,NaN,NaN,0
0.02083931677,0.005565502681,NaN,NaN,0
0.02083931677,0.005422338378,NaN,NaN,0
0.02083931677,0.00527917454,NaN,NaN,0
0.02083931677,0.005136010237,NaN,NaN,0
0.02083931677,0.0049928464,NaN,NaN,0
0.02083931677,0.004849682096,NaN,NaN,0
0.02083931677,0.004706518259,NaN,NaN,0
0.02083931677,0.004563353956,NaN,NaN,0
0.02083931677,0.004420190118,NaN,NaN,0
0.02083931677,0.004277025815,NaN,NaN,0
0.02083931677,0.004133861978,NaN,NaN,0
0.02083931677,0.00399069814,NaN,NaN,0
0.02083931677,0.003847533837,NaN,NaN,0
0.02083931677,0.003704369767,NaN,NaN,0
0.02083931677,0.003561205696,NaN,NaN,0
0.02083931677,0.003418041626,NaN,NaN,0
0.02083931677,0.003274877556,NaN,NaN,0
0.02083931677,0.003131713718,NaN,NaN,0
0.02083931677,0.002988549648,NaN,NaN,0
0.02083931677,0.002845385578,NaN,NaN,0
0.02083931677,0.002702221507,NaN,NaN,0
0.02083931677,0.002559057437,NaN,NaN,0
0.02083931677,0.002415893367,NaN,NaN,0
0.02083931677,0.002272729296,NaN,NaN,0
0.02083931677,0.002129565226,NaN,NaN,0
0.02083931677,0.001986401156,NaN,NaN,0
0.02083931677,0.001843237202,NaN,NaN,0
0.02083931677,0.001700073131,NaN,NaN,0
0.02083931677,0.001556909061,NaN,NaN,0
0.02083931677,0.001413744991,NaN,NaN,0
0.02083931677,0.00127058092,NaN,NaN,0
0.02083931677,0.00112741685,NaN,NaN,0
0.02083931677,0.0009842528962,NaN,NaN,0
0.02083931677,0.0008410888258,NaN,NaN,0
0.02083931677,0.0006979247555,NaN,NaN,0
0.02083931677,0.0005547606852,NaN,NaN,0
0.02083931677,0.000411596644,NaN,NaN,0
0.02083931677,0.0002684326028,NaN,NaN,0
0.02083931677,0.000125268547,NaN,NaN,0
0.02098248154,0.01916608773,NaN,NaN,0
0.02098248154,0.01902292296,NaN,NaN,0
0.02098248154,0.01887976006,NaN,NaN,0
0.02098248154,0.01873659529,NaN,NaN,0
0.02098248154,0.01859343052,NaN,NaN,0
0.02098248154,0.01845026761,NaN,NaN,0
0.02098248154,0.01830710284,NaN,NaN,0
0.02098248154,0.01816393808,NaN,NaN,0
0.02098248154,0.01802077517,NaN,NaN,0
0.02098248154,0.0178776104,NaN,NaN,0
0.02098248154,0.01773444749,NaN,NaN,0
0.02098248154,0.01759128273,NaN,NaN,0
0.02098248154,0.01744811796,NaN,NaN,0
0.02098248154,0.01730495505,NaN,NaN,0
0.02098248154,0.01716179028,NaN,NaN,0
0.02098248154,0.01701862738,NaN,NaN,0
0.02098248154,0.01687546261,NaN,NaN,0
0.02098248154,0.01673229784,NaN,NaN,0
0.02098248154,0.01658913493,NaN,NaN,0
0.02098248154,0.01644597016,NaN,NaN,0
0.02098248154,0.01630280726,NaN,NaN,0
0.02098248154,0.01615964249,NaN,NaN,0
0.02098248154,0.01601647772,NaN,NaN,0
0.02098248154,0.01587331481,NaN,NaN,0
0.02098248154,0.01573015004,NaN,NaN,0
0.02098248154,0.01558698621,NaN,NaN,0
0.02098248154,0.01544382237,NaN,NaN,0
0.02098248154,0.0153006576,NaN,NaN,0
0.02098248154,0.01515749376,NaN,NaN,0
0.02098248154,0.01501432993,NaN,NaN,0
0.02098248154,0.01487116609,NaN,NaN,0
0.02098248154,0.01472800132,NaN,NaN,0
0.02098248154,0.01458483748,NaN,NaN,0
0.02098248154,0.01444167364,NaN,NaN,0
0.02098248154,0.01429850981,NaN,NaN,0
0.02098248154,0.01415534597,NaN,NaN,0
0.02098248154,0.0140121812,NaN,NaN,0
0.02098248154,0.01386901736,NaN,NaN,0
0.02098248154,0.01372585353,NaN,NaN,0
0.02098248154,0.01358268969,NaN,NaN,0
0.02098248154,0.01343952492,NaN,NaN,0
0.02098248154,0.01329636108,NaN,NaN,0
0.02098248154,0.01315319724,NaN,NaN,0
0.02098248154,0.01301003341,NaN,NaN,0
0.02098248154,0.01286686864,NaN,NaN,0
0.02098248154,0.0127237048,NaN,NaN,0
0.02098248154,0.01258054096,NaN,NaN,0
0.02098248154,0.01243737713,NaN,NaN,0
0.02098248154,0.01229421329,NaN,NaN,0
0.02098248154,0.01215104852,NaN,NaN,0
0.02098248154,0.01200788468,NaN,NaN,0
0.02098248154,0.01186472084,NaN,NaN,0
0.02098248154,0.01172155701,NaN,NaN,0
0.02098248154,0.01157839224,NaN,NaN,0
0.02098248154,0.0114352284,NaN,NaN,0
0.02098248154,0.01129206456,NaN,NaN,0
0.02098248154,0.01114890072,NaN,NaN,0
0.02098248154,0.01100573689,NaN,NaN,0
0.02098248154,0.01086257212,NaN,NaN,0
0.02098248154,0.01071940828,NaN,NaN,0
0.02098248154,0.01057624444,NaN,NaN,0
0.02098248154,0.01043308061,NaN,NaN,0
0.02098248154,0.01028991584,NaN,NaN,0
0.02098248154,0.010146752,NaN,NaN,0
0.02098248154,0.01000358816,NaN,NaN,0
0.02098248154,0.009860424325,NaN,NaN,0
0.02098248154,0.009717259556,NaN,NaN,0
0.02098248154,0.009574095719,NaN,NaN,0
0.02098248154,0.009430931881,NaN,NaN,0
0.02098248154,0.009287768044,NaN,NaN,0
0.02098248154,0.009144604206,NaN,NaN,0
0.02098248154,0.009001439437,NaN,NaN,0
0.02098248154,0.0088582756,NaN,NaN,0
0.02098248154,0.008715111762,NaN,NaN,0
0.02098248154,0.008571947925,NaN,NaN,0
0.02098248154,0.008428783156,NaN,NaN,0
0.02098248154,0.008285619318,NaN,NaN,0
0.02098248154,0.008142455481,NaN,NaN,0
0.02098248154,0.007999291644,NaN,NaN,0
0.02098248154,0.007856126875,NaN,NaN,0
0.02098248154,0.007712963037,NaN,NaN,0
0.02098248154,0.0075697992,NaN,NaN,0
0.02098248154,0.007426635362,NaN,NaN,0
0.02098248154,0.007283471059,NaN,NaN,0
0.02098248154,0.007140307222,NaN,NaN,0
0.02098248154,0.006997142918,NaN,NaN,0
0.02098248154,0.006853979081,NaN,NaN,0
0.02098248154,0.006710814778,NaN,NaN,0
0.02098248154,0.00656765094,NaN,NaN,0
0.02098248154,0.006424486637,NaN,NaN,0
0.02098248154,0.0062813228,NaN,NaN,0
0.02098248154,0.006138158496,NaN,NaN,0
0.02098248154,0.005994994659,NaN,NaN,0
0.02098248154,0.005851830821,NaN,NaN,0
0.02098248154,0.005708666518,NaN,NaN,0
0.02098248154,0.005565502681,NaN,NaN,0
0.02098248154,0.005422338378,NaN,NaN,0
0.02098248154,0.00527917454,NaN,NaN,0
0.02098248154,0.005136010237,NaN,NaN,0
0.02098248154,0.0049928464,NaN,NaN,0
0.02098248154,0.004849682096,NaN,NaN,0
0.02098248154,0.004706518259,NaN,NaN,0
0.02098248154,0.004563353956,NaN,NaN,0
0.02098248154,0.004420190118,NaN,NaN,0
0.02098248154,0.004277025815,NaN,NaN,0
0.02098248154,0.004133861978,NaN,NaN,0
0.02098248154,0.00399069814,NaN,NaN,0
0.02098248154,0.003847533837,NaN,NaN,0
0.02098248154,0.003704369767,NaN,NaN,0
0.02098248154,0.003561205696,NaN,NaN,0
0.02098248154,0.003418041626,NaN,NaN,0
0.02098248154,0.003274877556,NaN,NaN,0
0.02098248154,0.003131713718,NaN,NaN,0
0.02098248154,0.002988549648,NaN,NaN,0
0.02098248154,0.002845385578,NaN,NaN,0
0.02098248154,0.002702221507,NaN,NaN,0
0.02098248154,0.002559057437,NaN,NaN,0
0.02098248154,0.002415893367,NaN,NaN,0
0.02098248154,0.002272729296,NaN,NaN,0
0.02098248154,0.002129565226,NaN,NaN,0
0.02098248154,0.001986401156,NaN,NaN,0
0.02098248154,0.001843237202,NaN,NaN,0
0.02098248154,0.001700073131,NaN,NaN,0
0.02098248154,0.001556909061,NaN,NaN,0
0.02098248154,0.001413744991,NaN,NaN,0
0.02098248154,0.00127058092,NaN,NaN,0
0.02098248154,0.00112741685,NaN,NaN,0
0.02098248154,0.0009842528962,NaN,NaN,0
0.02098248154,0.0008410888258,NaN,NaN,0
0.02098248154,0.0006979247555,NaN,NaN,0
0.02098248154,0.0005547606852,NaN,NaN,0
0.02098248154,0.000411596644,NaN,NaN,0
0.02098248154,0.0002684326028,NaN,NaN,0
0.02098248154,0.000125268547,NaN,NaN,0
0.02112564445,0.01916608773,NaN,NaN,0
0.02112564445,0.01902292296,NaN,NaN,0
0.02112564445,0.01887976006,NaN,NaN,0
0.02112564445,0.01873659529,NaN,NaN,0
0.02112564445,0.01859343052,NaN,NaN,0
0.02112564445,0.01845026761,NaN,NaN,0
0.02112564445,0.01830710284,NaN,NaN,0
0.02112564445,0.01816393808,NaN,NaN,0
0.02112564445,0.01802077517,NaN,NaN,0
0.02112564445,0.0178776104,NaN,NaN,0
0.02112564445,0.01773444749,NaN,NaN,0
0.02112564445,0.01759128273,NaN,NaN,0
0.02112564445,0.01744811796,NaN,NaN,0
0.02112564445,0.01730495505,NaN,NaN,0
0.02112564445,0.01716179028,NaN,NaN,0
0.02112564445,0.01701862738,NaN,NaN,0
0.02112564445,0.01687546261,NaN,NaN,0
0.02112564445,0.01673229784,NaN,NaN,0
0.02112564445,0.01658913493,NaN,NaN,0
0.02112564445,0.01644597016,NaN,NaN,0
0.02112564445,0.01630280726,NaN,NaN,0
0.02112564445,0.01615964249,NaN,NaN,0
0.02112564445,0.01601647772,NaN,NaN,0
0.02112564445,0.01587331481,NaN,NaN,0
0.02112564445,0.01573015004,NaN,NaN,0
0.02112564445,0.01558698621,NaN,NaN,0
0.02112564445,0.01544382237,NaN,NaN,0
0.02112564445,0.0153006576,NaN,NaN,0
0.02112564445,0.01515749376,NaN,NaN,0
0.02112564445,0.01501432993,NaN,NaN,0
0.02112564445,0.01487116609,NaN,NaN,0
0.02112564445,0.01472800132,NaN,NaN,0
0.02112564445,0.01458483748,NaN,NaN,0
0.02112564445,0.01444167364,NaN,NaN,0
0.02112564445,0.01429850981,NaN,NaN,0
0.02112564445,0.01415534597,NaN,NaN,0
0.02112564445,0.0140121812,NaN,NaN,0
0.02112564445,0.01386901736,NaN,NaN,0
0.02112564445,0.01372585353,NaN,NaN,0
0.02112564445,0.01358268969,NaN,NaN,0
0.02112564445,0.01343952492,NaN,NaN,0
0.02112564445,0.01329636108,NaN,NaN,0
0.02112564445,0.01315319724,NaN,NaN,0
0.02112564445,0.01301003341,NaN,NaN,0
0.02112564445,0.01286686864,NaN,NaN,0
0.02112564445,0.0127237048,NaN,NaN,0
0.02112564445,0.01258054096,NaN,NaN,0
0.02112564445,0.01243737713,NaN,NaN,0
0.02112564445,0.01229421329,NaN,NaN,0
0.02112564445,0.01215104852,NaN,NaN,0
0.02112564445,0.01200788468,NaN,NaN,0
0.02112564445,0.01186472084,NaN,NaN,0
0.02112564445,0.01172155701,NaN,NaN,0
0.02112564445,0.01157839224,NaN,NaN,0
0.02112564445,0.0114352284,NaN,NaN,0
0.02112564445,0.01129206456,NaN,NaN,0
0.02112564445,0.01114890072,NaN,NaN,0
0.02112564445,0.01100573689,NaN,NaN,0
0.02112564445,0.01086257212,NaN,NaN,0
0.02112564445,0.01071940828,NaN,NaN,0
0.02112564445,0.01057624444,NaN,NaN,0
0.02112564445,0.01043308061,NaN,NaN,0
0.02112564445,0.01028991584,NaN,NaN,0
0.02112564445,0.010146752,NaN,NaN,0
0.02112564445,0.01000358816,NaN,NaN,0
0.02112564445,0.009860424325,NaN,NaN,0
0.02112564445,0.009717259556,NaN,NaN,0
0.02112564445,0.009574095719,NaN,NaN,0
0.02112564445,0.009430931881,NaN,NaN,0
0.02112564445,0.009287768044,NaN,NaN,0
0.02112564445,0.009144604206,NaN,NaN,0
0.02112564445,0.009001439437,NaN,NaN,0
0.02112564445,0.0088582756,NaN,NaN,0
0.02112564445,0.008715111762,NaN,NaN,0
0.02112564445,0.008571947925,NaN,NaN,0
0.02112564445,0.008428783156,NaN,NaN,0
0.02112564445,0.008285619318,NaN,NaN,0
0.02112564445,0.008142455481,NaN,NaN,0
0.02112564445,0.007999291644,NaN,NaN,0
0.02112564445,0.007856126875,NaN,NaN,0
0.02112564445,0.007712963037,NaN,NaN,0
0.02112564445,0.0075697992,NaN,NaN,0
0.02112564445,0.007426635362,NaN,NaN,0
0.02112564445,0.007283471059,NaN,NaN,0
0.02112564445,0.007140307222,NaN,NaN,0
0.02112564445,0.006997142918,NaN,NaN,0
0.02112564445,0.006853979081,NaN,NaN,0
0.02112564445,0.006710814778,NaN,NaN,0
0.02112564445,0.00656765094,NaN,NaN,0
0.02112564445,0.006424486637,NaN,NaN,0
0.02112564445,0.0062813228,NaN,NaN,0
0.02112564445,0.006138158496,NaN,NaN,0
0.02112564445,0.005994994659,NaN,NaN,0
0.02112564445,0.005851830821,NaN,NaN,0
0.02112564445,0.005708666518,NaN,NaN,0
0.02112564445,0.005565502681,NaN,NaN,0
0.02112564445,0.005422338378,NaN,NaN,0
0.02112564445,0.00527917454,NaN,NaN,0
0.02112564445,0.005136010237,NaN,NaN,0
0.02112564445,0.0049928464,NaN,NaN,0
0.02112564445,0.004849682096,NaN,NaN,0
0.02112564445,0.004706518259,NaN,NaN,0
0.02112564445,0.004563353956,NaN,NaN,0
0.02112564445,0.004420190118,NaN,NaN,0
0.02112564445,0.004277025815,NaN,NaN,0
0.02112564445,0.004133861978,NaN,NaN,0
0.02112564445,0.00399069814,NaN,NaN,0
0.02112564445,0.003847533837,NaN,NaN,0
0.02112564445,0.003704369767,NaN,NaN,0
0.02112564445,0.003561205696,NaN,NaN,0
0.02112564445,0.003418041626,NaN,NaN,0
0.02112564445,0.003274877556,NaN,NaN,0
0.02112564445,0.003131713718,NaN,NaN,0
0.02112564445,0.002988549648,NaN,NaN,0
0.02112564445,0.002845385578,NaN,NaN,0
0.02112564445,0.002702221507,NaN,NaN,0
0.02112564445,0.002559057437,NaN,NaN,0
0.02112564445,0.002415893367,NaN,NaN,0
0.02112564445,0.002272729296,NaN,NaN,0
0.02112564445,0.002129565226,NaN,NaN,0
0.02112564445,0.001986401156,NaN,NaN,0
0.02112564445,0.001843237202,NaN,NaN,0
0.02112564445,0.001700073131,NaN,NaN,0
0.02112564445,0.001556909061,NaN,NaN,0
0.02112564445,0.001413744991,NaN,NaN,0
0.02112564445,0.00127058092,NaN,NaN,0
0.02112564445,0.00112741685,NaN,NaN,0
0.02112564445,0.0009842528962,NaN,NaN,0
0.02112564445,0.0008410888258,NaN,NaN,0
0.02112564445,0.0006979247555,NaN,NaN,0
0.02112564445,0.0005547606852,NaN,NaN,0
0.02112564445,0.000411596644,NaN,NaN,0
0.02112564445,0.0002684326028,NaN,NaN,0
0.02112564445,0.000125268547,NaN,NaN,0
0.02126880921,0.01916608773,NaN,NaN,0
0.02126880921,0.01902292296,NaN,NaN,0
0.02126880921,0.01887976006,NaN,NaN,0
0.02126880921,0.01873659529,NaN,NaN,0
0.02126880921,0.01859343052,NaN,NaN,0
0.02126880921,0.01845026761,NaN,NaN,0
0.02126880921,0.01830710284,NaN,NaN,0
0.02126880921,0.01816393808,NaN,NaN,0
0.02126880921,0.01802077517,NaN,NaN,0
0.02126880921,0.0178776104,NaN,NaN,0
0.02126880921,0.01773444749,NaN,NaN,0
0.02126880921,0.01759128273,NaN,NaN,0
0.02126880921,0.01744811796,NaN,NaN,0
0.02126880921,0.01730495505,NaN,NaN,0
0.02126880921,0.01716179028,NaN,NaN,0
0.02126880921,0.01701862738,NaN,NaN,0
0.02126880921,0.01687546261,NaN,NaN,0
0.02126880921,0.01673229784,NaN,NaN,0
0.02126880921,0.01658913493,NaN,NaN,0
0.02126880921,0.01644597016,NaN,NaN,0
0.02126880921,0.01630280726,NaN,NaN,0
0.02126880921,0.01615964249,NaN,NaN,0
0.02126880921,0.01601647772,NaN,NaN,0
0.02126880921,0.01587331481,NaN,NaN,0
0.02126880921,0.01573015004,NaN,NaN,0
0.02126880921,0.01558698621,NaN,NaN,0
0.02126880921,0.01544382237,NaN,NaN,0
0.02126880921,0.0153006576,NaN,NaN,0
0.02126880921,0.01515749376,NaN,NaN,0
0.02126880921,0.01501432993,NaN,NaN,0
0.02126880921,0.01487116609,NaN,NaN,0
0.02126880921,0.01472800132,NaN,NaN,0
0.02126880921,0.01458483748,NaN,NaN,0
0.02126880921,0.01444167364,NaN,NaN,0
0.02126880921,0.01429850981,NaN,NaN,0
0.02126880921,0.01415534597,NaN,NaN,0
0.02126880921,0.0140121812,NaN,NaN,0
0.02126880921,0.01386901736,NaN,NaN,0
0.02126880921,0.01372585353,NaN,NaN,0
0.02126880921,0.01358268969,NaN,NaN,0
0.02126880921,0.01343952492,NaN,NaN,0
0.02126880921,0.01329636108,NaN,NaN,0
0.02126880921,0.01315319724,NaN,NaN,0
0.02126880921,0.01301003341,NaN,NaN,0
0.02126880921,0.01286686864,NaN,NaN,0
0.02126880921,0.0127237048,NaN,NaN,0
0.02126880921,0.01258054096,NaN,NaN,0
0.02126880921,0.01243737713,NaN,NaN,0
0.02126880921,0.01229421329,NaN,NaN,0
0.02126880921,0.01215104852,NaN,NaN,0
0.02126880921,0.01200788468,NaN,NaN,0
0.02126880921,0.01186472084,NaN,NaN,0
0.02126880921,0.01172155701,NaN,NaN,0
0.02126880921,0.01157839224,NaN,NaN,0
0.02126880921,0.0114352284,NaN,NaN,0
0.02126880921,0.01129206456,NaN,NaN,0
0.02126880921,0.01114890072,NaN,NaN,0
0.02126880921,0.01100573689,NaN,NaN,0
0.02126880921,0.01086257212,NaN,NaN,0
0.02126880921,0.01071940828,NaN,NaN,0
0.02126880921,0.01057624444,NaN,NaN,0
0.02126880921,0.01043308061,NaN,NaN,0
0.02126880921,0.01028991584,NaN,NaN,0
0.02126880921,0.010146752,NaN,NaN,0
0.02126880921,0.01000358816,NaN,NaN,0
0.02126880921,0.009860424325,NaN,NaN,0
0.02126880921,0.009717259556,NaN,NaN,0
0.02126880921,0.009574095719,NaN,NaN,0
0.02126880921,0.009430931881,NaN,NaN,0
0.02126880921,0.009287768044,NaN,NaN,0
0.02126880921,0.009144604206,NaN,NaN,0
0.02126880921,0.009001439437,NaN,NaN,0
0.02126880921,0.0088582756,NaN,NaN,0
0.02126880921,0.008715111762,NaN,NaN,0
0.02126880921,0.008571947925,NaN,NaN,0
0.02126880921,0.008428783156,NaN,NaN,0
0.02126880921,0.008285619318,NaN,NaN,0
0.02126880921,0.008142455481,NaN,NaN,0
0.02126880921,0.007999291644,NaN,NaN,0
0.02126880921,0.007856126875,NaN,NaN,0
0.02126880921,0.007712963037,NaN,NaN,0
0.02126880921,0.0075697992,NaN,NaN,0
0.02126880921,0.007426635362,NaN,NaN,0
0.02126880921,0.007283471059,NaN,NaN,0
0.02126880921,0.007140307222,NaN,NaN,0
0.02126880921,0.006997142918,NaN,NaN,0
0.02126880921,0.006853979081,NaN,NaN,0
0.02126880921,0.006710814778,NaN,NaN,0
0.02126880921,0.00656765094,NaN,NaN,0
0.02126880921,0.006424486637,NaN,NaN,0
0.02126880921,0.0062813228,NaN,NaN,0
0.02126880921,0.006138158496,NaN,NaN,0
0.02126880921,0.005994994659,NaN,NaN,0
0.02126880921,0.005851830821,NaN,NaN,0
0.02126880921,0.005708666518,NaN,NaN,0
0.02126880921,0.005565502681,NaN,NaN,0
0.02126880921,0.005422338378,NaN,NaN,0
0.02126880921,0.00527917454,NaN,NaN,0
0.02126880921,0.005136010237,NaN,NaN,0
0.02126880921,0.0049928464,NaN,NaN,0
0.02126880921,0.004849682096,NaN,NaN,0
0.02126880921,0.004706518259,NaN,NaN,0
0.02126880921,0.004563353956,NaN,NaN,0
0.02126880921,0.004420190118,NaN,NaN,0
0.02126880921,0.004277025815,NaN,NaN,0
0.02126880921,0.004133861978,NaN,NaN,0
0.02126880921,0.00399069814,NaN,NaN,0
0.02126880921,0.003847533837,NaN,NaN,0
0.02126880921,0.003704369767,NaN,NaN,0
0.02126880921,0.003561205696,NaN,NaN,0
0.02126880921,0.003418041626,NaN,NaN,0
0.02126880921,0.003274877556,NaN,NaN,0
0.02126880921,0.003131713718,NaN,NaN,0
0.02126880921,0.002988549648,NaN,NaN,0
0.02126880921,0.002845385578,NaN,NaN,0
0.02126880921,0.002702221507,NaN,NaN,0
0.02126880921,0.002559057437,NaN,NaN,0
0.02126880921,0.002415893367,NaN,NaN,0
0.02126880921,0.002272729296,NaN,NaN,0
0.02126880921,0.002129565226,NaN,NaN,0
0.02126880921,0.001986401156,NaN,NaN,0
0.02126880921,0.001843237202,NaN,NaN,0
0.02126880921,0.001700073131,NaN,NaN,0
0.02126880921,0.001556909061,NaN,NaN,0
0.02126880921,0.001413744991,NaN,NaN,0
0.02126880921,0.00127058092,NaN,NaN,0
0.02126880921,0.00112741685,NaN,NaN,0
0.02126880921,0.0009842528962,NaN,NaN,0
0.02126880921,0.0008410888258,NaN,NaN,0
0.02126880921,0.0006979247555,NaN,NaN,0
0.02126880921,0.0005547606852,NaN,NaN,0
0.02126880921,0.000411596644,NaN,NaN,0
0.02126880921,0.0002684326028,NaN,NaN,0
0.02126880921,0.000125268547,NaN,NaN,0
0.02141197398,0.01916608773,NaN,NaN,0
0.02141197398,0.01902292296,NaN,NaN,0
0.02141197398,0.01887976006,NaN,NaN,0
0.02141197398,0.01873659529,NaN,NaN,0
0.02141197398,0.01859343052,NaN,NaN,0
0.02141197398,0.01845026761,NaN,NaN,0
0.02141197398,0.01830710284,NaN,NaN,0
0.02141197398,0.01816393808,NaN,NaN,0
0.02141197398,0.01802077517,NaN,NaN,0
0.02141197398,0.0178776104,NaN,NaN,0
0.02141197398,0.01773444749,NaN,NaN,0
0.02141197398,0.01759128273,NaN,NaN,0
0.02141197398,0.01744811796,NaN,NaN,0
0.02141197398,0.01730495505,NaN,NaN,0
0.02141197398,0.01716179028,NaN,NaN,0
0.02141197398,0.01701862738,NaN,NaN,0
0.02141197398,0.01687546261,NaN,NaN,0
0.02141197398,0.01673229784,NaN,NaN,0
0.02141197398,0.01658913493,NaN,NaN,0
0.02141197398,0.01644597016,NaN,NaN,0
0.02141197398,0.01630280726,NaN,NaN,0
0.02141197398,0.01615964249,NaN,NaN,0
0.02141197398,0.01601647772,NaN,NaN,0
0.02141197398,0.01587331481,NaN,NaN,0
0.02141197398,0.01573015004,NaN,NaN,0
0.02141197398,0.01558698621,NaN,NaN,0
0.02141197398,0.01544382237,NaN,NaN,0
0.02141197398,0.0153006576,NaN,NaN,0
0.02141197398,0.01515749376,NaN,NaN,0
0.02141197398,0.01501432993,NaN,NaN,0
0.02141197398,0.01487116609,NaN,NaN,0
0.02141197398,0.01472800132,NaN,NaN,0
0.02141197398,0.01458483748,NaN,NaN,0
0.02141197398,0.01444167364,NaN,NaN,0
0.02141197398,0.01429850981,NaN,NaN,0
0.02141197398,0.01415534597,NaN,NaN,0
0.02141197398,0.0140121812,NaN,NaN,0
0.02141197398,0.01386901736,NaN,NaN,0
0.02141197398,0.01372585353,NaN,NaN,0
0.02141197398,0.01358268969,NaN,NaN,0
0.02141197398,0.01343952492,NaN,NaN,0
0.02141197398,0.01329636108,NaN,NaN,0
0.02141197398,0.01315319724,NaN,NaN,0
0.02141197398,0.01301003341,NaN,NaN,0
0.02141197398,0.01286686864,NaN,NaN,0
0.02141197398,0.0127237048,NaN,NaN,0
0.02141197398,0.01258054096,NaN,NaN,0
0.02141197398,0.01243737713,NaN,NaN,0
0.02141197398,0.01229421329,NaN,NaN,0
0.02141197398,0.01215104852,NaN,NaN,0
0.02141197398,0.01200788468,NaN,NaN,0
0.02141197398,0.01186472084,NaN,NaN,0
0.02141197398,0.01172155701,NaN,NaN,0
0.02141197398,0.01157839224,NaN,NaN,0
0.02141197398,0.0114352284,NaN,NaN,0
0.02141197398,0.01129206456,NaN,NaN,0
0.02141197398,0.01114890072,NaN,NaN,0
0.02141197398,0.01100573689,NaN,NaN,0
0.02141197398,0.01086257212,NaN,NaN,0
0.02141197398,0.01071940828,NaN,NaN,0
0.02141197398,0.01057624444,NaN,NaN,0
0.02141197398,0.01043308061,NaN,NaN,0
0.02141197398,0.01028991584,NaN,NaN,0
0.02141197398,0.010146752,NaN,NaN,0
0.02141197398,0.01000358816,NaN,NaN,0
0.02141197398,0.009860424325,NaN,NaN,0
0.02141197398,0.009717259556,NaN,NaN,0
0.02141197398,0.009574095719,NaN,NaN,0
0.02141197398,0.009430931881,NaN,NaN,0
0.02141197398,0.009287768044,NaN,NaN,0
0.02141197398,0.009144604206,NaN,NaN,0
0.02141197398,0.009001439437,NaN,NaN,0
0.02141197398,0.0088582756,NaN,NaN,0
0.02141197398,0.008715111762,NaN,NaN,0
0.02141197398,0.008571947925,NaN,NaN,0
0.02141197398,0.008428783156,NaN,NaN,0
0.02141197398,0.008285619318,NaN,NaN,0
0.02141197398,0.008142455481,NaN,NaN,0
0.02141197398,0.007999291644,NaN,NaN,0
0.02141197398,0.007856126875,NaN,NaN,0
0.02141197398,0.007712963037,NaN,NaN,0
0.02141197398,0.0075697992,NaN,NaN,0
0.02141197398,0.007426635362,NaN,NaN,0
0.02141197398,0.007283471059,NaN,NaN,0
0.02141197398,0.007140307222,NaN,NaN,0
0.02141197398,0.006997142918,NaN,NaN,0
0.02141197398,0.006853979081,NaN,NaN,0
0.02141197398,0.006710814778,NaN,NaN,0
0.02141197398,0.00656765094,NaN,NaN,0
0.02141197398,0.006424486637,NaN,NaN,0
0.02141197398,0.0062813228,NaN,NaN,0
0.02141197398,0.006138158496,NaN,NaN,0
0.02141197398,0.005994994659,NaN,NaN,0
0.02141197398,0.005851830821,NaN,NaN,0
0.02141197398,0.005708666518,NaN,NaN,0
0.02141197398,0.005565502681,NaN,NaN,0
0.02141197398,0.005422338378,NaN,NaN,0
0.02141197398,0.00527917454,NaN,NaN,0
0.02141197398,0.005136010237,NaN,NaN,0
0.02141197398,0.0049928464,NaN,NaN,0
0.02141197398,0.004849682096,NaN,NaN,0
0.02141197398,0.004706518259,NaN,NaN,0
0.02141197398,0.004563353956,NaN,NaN,0
0.02141197398,0.004420190118,NaN,NaN,0
0.02141197398,0.004277025815,NaN,NaN,0
0.02141197398,0.004133861978,NaN,NaN,0
0.02141197398,0.00399069814,NaN,NaN,0
0.02141197398,0.003847533837,NaN,NaN,0
0.02141197398,0.003704369767,NaN,NaN,0
0.02141197398,0.003561205696,NaN,NaN,0
0.02141197398,0.003418041626,NaN,NaN,0
0.02141197398,0.003274877556,NaN,NaN,0
0.02141197398,0.003131713718,NaN,NaN,0
0.02141197398,0.002988549648,NaN,NaN,0
0.02141197398,0.002845385578,NaN,NaN,0
0.02141197398,0.002702221507,NaN,NaN,0
0.02141197398,0.002559057437,NaN,NaN,0
0.02141197398,0.002415893367,NaN,NaN,0
0.02141197398,0.002272729296,NaN,NaN,0
0.02141197398,0.002129565226,NaN,NaN,0
0.02141197398,0.001986401156,NaN,NaN,0
0.02141197398,0.001843237202,NaN,NaN,0
0.02141197398,0.001700073131,NaN,NaN,0
0.02141197398,0.001556909061,NaN,NaN,0
0.02141197398,0.001413744991,NaN,NaN,0
0.02141197398,0.00127058092,NaN,NaN,0
0.02141197398,0.00112741685,NaN,NaN,0
0.02141197398,0.0009842528962,NaN,NaN,0
0.02141197398,0.0008410888258,NaN,NaN,0
0.02141197398,0.0006979247555,NaN,NaN,0
0.02141197398,0.0005547606852,NaN,NaN,0
0.02141197398,0.000411596644,NaN,NaN,0
0.02141197398,0.0002684326028,NaN,NaN,0
0.02141197398,0.000125268547,NaN,NaN,0
0.02155513689,0.01916608773,NaN,NaN,0
0.02155513689,0.01902292296,NaN,NaN,0
0.02155513689,0.01887976006,NaN,NaN,0
0.02155513689,0.01873659529,NaN,NaN,0
0.02155513689,0.01859343052,NaN,NaN,0
0.02155513689,0.01845026761,NaN,NaN,0
0.02155513689,0.01830710284,NaN,NaN,0
0.02155513689,0.01816393808,NaN,NaN,0
0.02155513689,0.01802077517,NaN,NaN,0
0.02155513689,0.0178776104,NaN,NaN,0
0.02155513689,0.01773444749,NaN,NaN,0
0.02155513689,0.01759128273,NaN,NaN,0
0.02155513689,0.01744811796,NaN,NaN,0
0.02155513689,0.01730495505,NaN,NaN,0
0.02155513689,0.01716179028,NaN,NaN,0
0.02155513689,0.01701862738,NaN,NaN,0
0.02155513689,0.01687546261,NaN,NaN,0
0.02155513689,0.01673229784,NaN,NaN,0
0.02155513689,0.01658913493,NaN,NaN,0
0.02155513689,0.01644597016,NaN,NaN,0
0.02155513689,0.01630280726,NaN,NaN,0
0.02155513689,0.01615964249,NaN,NaN,0
0.02155513689,0.01601647772,NaN,NaN,0
0.02155513689,0.01587331481,NaN,NaN,0
0.02155513689,0.01573015004,NaN,NaN,0
0.02155513689,0.01558698621,NaN,NaN,0
0.02155513689,0.01544382237,NaN,NaN,0
0.02155513689,0.0153006576,NaN,NaN,0
0.02155513689,0.01515749376,NaN,NaN,0
0.02155513689,0.01501432993,NaN,NaN,0
0.02155513689,0.01487116609,NaN,NaN,0
0.02155513689,0.01472800132,NaN,NaN,0
0.02155513689,0.01458483748,NaN,NaN,0
0.02155513689,0.01444167364,NaN,NaN,0
0.02155513689,0.01429850981,NaN,NaN,0
0.02155513689,0.01415534597,NaN,NaN,0
0.02155513689,0.0140121812,NaN,NaN,0
0.02155513689,0.01386901736,NaN,NaN,0
0.02155513689,0.01372585353,NaN,NaN,0
0.02155513689,0.01358268969,NaN,NaN,0
0.02155513689,0.01343952492,NaN,NaN,0
0.02155513689,0.01329636108,NaN,NaN,0
0.02155513689,0.01315319724,NaN,NaN,0
0.02155513689,0.01301003341,NaN,NaN,0
0.02155513689,0.01286686864,NaN,NaN,0
0.02155513689,0.0127237048,NaN,NaN,0
0.02155513689,0.01258054096,NaN,NaN,0
0.02155513689,0.01243737713,NaN,NaN,0
0.02155513689,0.01229421329,NaN,NaN,0
0.02155513689,0.01215104852,NaN,NaN,0
0.02155513689,0.01200788468,NaN,NaN,0
0.02155513689,0.01186472084,NaN,NaN,0
0.02155513689,0.01172155701,NaN,NaN,0
0.02155513689,0.01157839224,NaN,NaN,0
0.02155513689,0.0114352284,NaN,NaN,0
0.02155513689,0.01129206456,NaN,NaN,0
0.02155513689,0.01114890072,NaN,NaN,0
0.02155513689,0.01100573689,NaN,NaN,0
0.02155513689,0.01086257212,NaN,NaN,0
0.02155513689,0.01071940828,NaN,NaN,0
0.02155513689,0.01057624444,NaN,NaN,0
0.02155513689,0.01043308061,NaN,NaN,0
0.02155513689,0.01028991584,NaN,NaN,0
0.02155513689,0.010146752,NaN,NaN,0
0.02155513689,0.01000358816,NaN,NaN,0
0.02155513689,0.009860424325,NaN,NaN,0
0.02155513689,0.009717259556,NaN,NaN,0
0.02155513689,0.009574095719,NaN,NaN,0
0.02155513689,0.009430931881,NaN,NaN,0
0.02155513689,0.009287768044,NaN,NaN,0
0.02155513689,0.009144604206,NaN,NaN,0
0.02155513689,0.009001439437,NaN,NaN,0
0.02155513689,0.0088582756,NaN,NaN,0
0.02155513689,0.008715111762,NaN,NaN,0
0.02155513689,0.008571947925,NaN,NaN,0
0.02155513689,0.008428783156,NaN,NaN,0
0.02155513689,0.008285619318,NaN,NaN,0
0.02155513689,0.008142455481,NaN,NaN,0
0.02155513689,0.007999291644,NaN,NaN,0
0.02155513689,0.007856126875,NaN,NaN,0
0.02155513689,0.007712963037,NaN,NaN,0
0.02155513689,0.0075697992,NaN,NaN,0
0.02155513689,0.007426635362,NaN,NaN,0
0.02155513689,0.007283471059,NaN,NaN,0
0.02155513689,0.007140307222,NaN,NaN,0
0.02155513689,0.006997142918,NaN,NaN,0
0.02155513689,0.006853979081,NaN,NaN,0
0.02155513689,0.006710814778,NaN,NaN,0
0.02155513689,0.00656765094,NaN,NaN,0
0.02155513689,0.006424486637,NaN,NaN,0
0.02155513689,0.0062813228,NaN,NaN,0
0.02155513689,0.006138158496,NaN,NaN,0
0.02155513689,0.005994994659,NaN,NaN,0
0.02155513689,0.005851830821,NaN,NaN,0
0.02155513689,0.005708666518,NaN,NaN,0
0.02155513689,0.005565502681,NaN,NaN,0
0.02155513689,0.005422338378,NaN,NaN,0
0.02155513689,0.00527917454,NaN,NaN,0
0.02155513689,0.005136010237,NaN,NaN,0
0.02155513689,0.0049928464,NaN,NaN,0
0.02155513689,0.004849682096,NaN,NaN,0
0.02155513689,0.004706518259,NaN,NaN,0
0.02155513689,0.004563353956,NaN,NaN,0
0.02155513689,0.004420190118,NaN,NaN,0
0.02155513689,0.004277025815,NaN,NaN,0
0.02155513689,0.004133861978,NaN,NaN,0
0.02155513689,0.00399069814,NaN,NaN,0
0.02155513689,0.003847533837,NaN,NaN,0
0.02155513689,0.003704369767,NaN,NaN,0
0.02155513689,0.003561205696,NaN,NaN,0
0.02155513689,0.003418041626,NaN,NaN,0
0.02155513689,0.003274877556,NaN,NaN,0
0.02155513689,0.003131713718,NaN,NaN,0
0.02155513689,0.002988549648,NaN,NaN,0
0.02155513689,0.002845385578,NaN,NaN,0
0.02155513689,0.002702221507,NaN,NaN,0
0.02155513689,0.002559057437,NaN,NaN,0
0.02155513689,0.002415893367,NaN,NaN,0
0.02155513689,0.002272729296,NaN,NaN,0
0.02155513689,0.002129565226,NaN,NaN,0
0.02155513689,0.001986401156,NaN,NaN,0
0.02155513689,0.001843237202,NaN,NaN,0
0.02155513689,0.001700073131,NaN,NaN,0
0.02155513689,0.001556909061,NaN,NaN,0
0.02155513689,0.001413744991,NaN,NaN,0
0.02155513689,0.00127058092,NaN,NaN,0
0.02155513689,0.00112741685,NaN,NaN,0
0.02155513689,0.0009842528962,NaN,NaN,0
0.02155513689,0.0008410888258,NaN,NaN,0
0.02155513689,0.0006979247555,NaN,NaN,0
0.02155513689,0.0005547606852,NaN,NaN,0
0.02155513689,0.000411596644,NaN,NaN,0
0.02155513689,0.0002684326028,NaN,NaN,0
0.02155513689,0.000125268547,NaN,NaN,0
0.02169830166,0.01916608773,NaN,NaN,0
0.02169830166,0.01902292296,NaN,NaN,0
0.02169830166,0.01887976006,NaN,NaN,0
0.02169830166,0.01873659529,NaN,NaN,0
0.02169830166,0.01859343052,NaN,NaN,0
0.02169830166,0.01845026761,NaN,NaN,0
0.02169830166,0.01830710284,NaN,NaN,0
0.02169830166,0.01816393808,NaN,NaN,0
0.02169830166,0.01802077517,NaN,NaN,0
0.02169830166,0.0178776104,NaN,NaN,0
0.02169830166,0.01773444749,NaN,NaN,0
0.02169830166,0.01759128273,NaN,NaN,0
0.02169830166,0.01744811796,NaN,NaN,0
0.02169830166,0.01730495505,NaN,NaN,0
0.02169830166,0.01716179028,NaN,NaN,0
0.02169830166,0.01701862738,NaN,NaN,0
0.02169830166,0.01687546261,NaN,NaN,0
0.02169830166,0.01673229784,NaN,NaN,0
0.02169830166,0.01658913493,NaN,NaN,0
0.02169830166,0.01644597016,NaN,NaN,0
0.02169830166,0.01630280726,NaN,NaN,0
0.02169830166,0.01615964249,NaN,NaN,0
0.02169830166,0.01601647772,NaN,NaN,0
0.02169830166,0.01587331481,NaN,NaN,0
0.02169830166,0.01573015004,NaN,NaN,0
0.02169830166,0.01558698621,NaN,NaN,0
0.02169830166,0.01544382237,NaN,NaN,0
0.02169830166,0.0153006576,NaN,NaN,0
0.02169830166,0.01515749376,NaN,NaN,0
0.02169830166,0.01501432993,NaN,NaN,0
0.02169830166,0.01487116609,NaN,NaN,0
0.02169830166,0.01472800132,NaN,NaN,0
0.02169830166,0.01458483748,NaN,NaN,0
0.02169830166,0.01444167364,NaN,NaN,0
0.02169830166,0.01429850981,NaN,NaN,0
0.02169830166,0.01415534597,NaN,NaN,0
0.02169830166,0.0140121812,NaN,NaN,0
0.02169830166,0.01386901736,NaN,NaN,0
0.02169830166,0.01372585353,NaN,NaN,0
0.02169830166,0.01358268969,NaN,NaN,0
0.02169830166,0.01343952492,NaN,NaN,0
0.02169830166,0.01329636108,NaN,NaN,0
0.02169830166,0.01315319724,NaN,NaN,0
0.02169830166,0.01301003341,NaN,NaN,0
0.02169830166,0.01286686864,NaN,NaN,0
0.02169830166,0.0127237048,NaN,NaN,0
0.02169830166,0.01258054096,NaN,NaN,0
0.02169830166,0.01243737713,NaN,NaN,0
0.02169830166,0.01229421329,NaN,NaN,0
0.02169830166,0.01215104852,NaN,NaN,0
0.02169830166,0.01200788468,NaN,NaN,0
0.02169830166,0.01186472084,NaN,NaN,0
0.02169830166,0.01172155701,NaN,NaN,0
0.02169830166,0.01157839224,NaN,NaN,0
0.02169830166,0.0114352284,NaN,NaN,0
0.02169830166,0.01129206456,NaN,NaN,0
0.02169830166,0.01114890072,NaN,NaN,0
0.02169830166,0.01100573689,NaN,NaN,0
0.02169830166,0.01086257212,NaN,NaN,0
0.02169830166,0.01071940828,NaN,NaN,0
0.02169830166,0.01057624444,NaN,NaN,0
0.02169830166,0.01043308061,NaN,NaN,0
0.02169830166,0.01028991584,NaN,NaN,0
0.02169830166,0.010146752,NaN,NaN,0
0.02169830166,0.01000358816,NaN,NaN,0
0.02169830166,0.009860424325,NaN,NaN,0
0.02169830166,0.009717259556,NaN,NaN,0
0.02169830166,0.009574095719,NaN,NaN,0
0.02169830166,0.009430931881,NaN,NaN,0
0.02169830166,0.009287768044,NaN,NaN,0
0.02169830166,0.009144604206,NaN,NaN,0
0.02169830166,0.009001439437,NaN,NaN,0
0.02169830166,0.0088582756,NaN,NaN,0
0.02169830166,0.008715111762,NaN,NaN,0
0.02169830166,0.008571947925,NaN,NaN,0
0.02169830166,0.008428783156,NaN,NaN,0
0.02169830166,0.008285619318,NaN,NaN,0
0.02169830166,0.008142455481,NaN,NaN,0
0.02169830166,0.007999291644,NaN,NaN,0
0.02169830166,0.007856126875,NaN,NaN,0
0.02169830166,0.007712963037,NaN,NaN,0
0.02169830166,0.0075697992,NaN,NaN,0
0.02169830166,0.007426635362,NaN,NaN,0
0.02169830166,0.007283471059,NaN,NaN,0
0.02169830166,0.007140307222,NaN,NaN,0
0.02169830166,0.006997142918,NaN,NaN,0
0.02169830166,0.006853979081,NaN,NaN,0
0.02169830166,0.006710814778,NaN,NaN,0
0.02169830166,0.00656765094,NaN,NaN,0
0.02169830166,0.006424486637,NaN,NaN,0
0.02169830166,0.0062813228,NaN,NaN,0
0.02169830166,0.006138158496,NaN,NaN,0
0.02169830166,0.005994994659,NaN,NaN,0
0.02169830166,0.005851830821,NaN,NaN,0
0.02169830166,0.005708666518,NaN,NaN,0
0.02169830166,0.005565502681,NaN,NaN,0
0.02169830166,0.005422338378,NaN,NaN,0
0.02169830166,0.00527917454,NaN,NaN,0
0.02169830166,0.005136010237,NaN,NaN,0
0.02169830166,0.0049928464,NaN,NaN,0
0.02169830166,0.004849682096,NaN,NaN,0
0.02169830166,0.004706518259,NaN,NaN,0
0.02169830166,0.004563353956,NaN,NaN,0
0.02169830166,0.004420190118,NaN,NaN,0
0.02169830166,0.004277025815,NaN,NaN,0
0.02169830166,0.004133861978,NaN,NaN,0
0.02169830166,0.00399069814,NaN,NaN,0
0.02169830166,0.003847533837,NaN,NaN,0
0.02169830166,0.003704369767,NaN,NaN,0
0.02169830166,0.003561205696,NaN,NaN,0
0.02169830166,0.003418041626,NaN,NaN,0
0.02169830166,0.003274877556,NaN,NaN,0
0.02169830166,0.003131713718,NaN,NaN,0
0.02169830166,0.002988549648,NaN,NaN,0
0.02169830166,0.002845385578,NaN,NaN,0
0.02169830166,0.002702221507,NaN,NaN,0
0.02169830166,0.002559057437,NaN,NaN,0
0.02169830166,0.002415893367,NaN,NaN,0
0.02169830166,0.002272729296,NaN,NaN,0
0.02169830166,0.002129565226,NaN,NaN,0
0.02169830166,0.001986401156,NaN,NaN,0
0.02169830166,0.001843237202,NaN,NaN,0
0.02169830166,0.001700073131,NaN,NaN,0
0.02169830166,0.001556909061,NaN,NaN,0
0.02169830166,0.001413744991,NaN,NaN,0
0.02169830166,0.00127058092,NaN,NaN,0
0.02169830166,0.00112741685,NaN,NaN,0
0.02169830166,0.0009842528962,NaN,NaN,0
0.02169830166,0.0008410888258,NaN,NaN,0
0.02169830166,0.0006979247555,NaN,NaN,0
0.02169830166,0.0005547606852,NaN,NaN,0
0.02169830166,0.000411596644,NaN,NaN,0
0.02169830166,0.0002684326028,NaN,NaN,0
0.02169830166,0.000125268547,NaN,NaN,0
0.02184146643,0.01916608773,NaN,NaN,0
0.02184146643,0.01902292296,NaN,NaN,0
0.02184146643,0.01887976006,NaN,NaN,0
0.02184146643,0.01873659529,NaN,NaN,0
0.02184146643,0.01859343052,NaN,NaN,0
0.02184146643,0.01845026761,NaN,NaN,0
0.02184146643,0.01830710284,NaN,NaN,0
0.02184146643,0.01816393808,NaN,NaN,0
0.02184146643,0.01802077517,NaN,NaN,0
0.02184146643,0.0178776104,NaN,NaN,0
0.02184146643,0.01773444749,NaN,NaN,0
0.02184146643,0.01759128273,NaN,NaN,0
0.02184146643,0.01744811796,NaN,NaN,0
0.02184146643,0.01730495505,NaN,NaN,0
0.02184146643,0.01716179028,NaN,NaN,0
0.02184146643,0.01701862738,NaN,NaN,0
0.02184146643,0.01687546261,NaN,NaN,0
0.02184146643,0.01673229784,NaN,NaN,0
0.02184146643,0.01658913493,NaN,NaN,0
0.02184146643,0.01644597016,NaN,NaN,0
0.02184146643,0.01630280726,NaN,NaN,0
0.02184146643,0.01615964249,NaN,NaN,0
0.02184146643,0.01601647772,NaN,NaN,0
0.02184146643,0.01587331481,NaN,NaN,0
0.02184146643,0.01573015004,NaN,NaN,0
0.02184146643,0.01558698621,NaN,NaN,0
0.02184146643,0.01544382237,NaN,NaN,0
0.02184146643,0.0153006576,NaN,NaN,0
0.02184146643,0.01515749376,NaN,NaN,0
0.02184146643,0.01501432993,NaN,NaN,0
0.02184146643,0.01487116609,NaN,NaN,0
0.02184146643,0.01472800132,NaN,NaN,0
0.02184146643,0.01458483748,NaN,NaN,0
0.02184146643,0.01444167364,NaN,NaN,0
0.02184146643,0.01429850981,NaN,NaN,0
0.02184146643,0.01415534597,NaN,NaN,0
0.02184146643,0.0140121812,NaN,NaN,0
0.02184146643,0.01386901736,NaN,NaN,0
0.02184146643,0.01372585353,NaN,NaN,0
0.02184146643,0.01358268969,NaN,NaN,0
0.02184146643,0.01343952492,NaN,NaN,0
0.02184146643,0.01329636108,NaN,NaN,0
0.02184146643,0.01315319724,NaN,NaN,0
0.02184146643,0.01301003341,NaN,NaN,0
0.02184146643,0.01286686864,NaN,NaN,0
0.02184146643,0.0127237048,NaN,NaN,0
0.02184146643,0.01258054096,NaN,NaN,0
0.02184146643,0.01243737713,NaN,NaN,0
0.02184146643,0.01229421329,NaN,NaN,0
0.02184146643,0.01215104852,NaN,NaN,0
0.02184146643,0.01200788468,NaN,NaN,0
0.02184146643,0.01186472084,NaN,NaN,0
0.02184146643,0.01172155701,NaN,NaN,0
0.02184146643,0.01157839224,NaN,NaN,0
0.02184146643,0.0114352284,NaN,NaN,0
0.02184146643,0.01129206456,NaN,NaN,0
0.02184146643,0.01114890072,NaN,NaN,0
0.02184146643,0.01100573689,NaN,NaN,0
0.02184146643,0.01086257212,NaN,NaN,0
0.02184146643,0.01071940828,NaN,NaN,0
0.02184146643,0.01057624444,NaN,NaN,0
0.02184146643,0.01043308061,NaN,NaN,0
0.02184146643,0.01028991584,NaN,NaN,0
0.02184146643,0.010146752,NaN,NaN,0
0.02184146643,0.01000358816,NaN,NaN,0
0.02184146643,0.009860424325,NaN,NaN,0
0.02184146643,0.009717259556,NaN,NaN,0
0.02184146643,0.009574095719,NaN,NaN,0
0.02184146643,0.009430931881,NaN,NaN,0
0.02184146643,0.009287768044,NaN,NaN,0
0.02184146643,0.009144604206,NaN,NaN,0
0.02184146643,0.009001439437,NaN,NaN,0
0.02184146643,0.0088582756,NaN,NaN,0
0.02184146643,0.008715111762,NaN,NaN,0
0.02184146643,0.008571947925,NaN,NaN,0
0.02184146643,0.008428783156,NaN,NaN,0
0.02184146643,0.008285619318,NaN,NaN,0
0.02184146643,0.008142455481,NaN,NaN,0
0.02184146643,0.007999291644,NaN,NaN,0
0.02184146643,0.007856126875,NaN,NaN,0
0.02184146643,0.007712963037,NaN,NaN,0
0.02184146643,0.0075697992,NaN,NaN,0
0.02184146643,0.007426635362,NaN,NaN,0
0.02184146643,0.007283471059,NaN,NaN,0
0.02184146643,0.007140307222,NaN,NaN,0
0.02184146643,0.006997142918,NaN,NaN,0
0.02184146643,0.006853979081,NaN,NaN,0
0.02184146643,0.006710814778,NaN,NaN,0
0.02184146643,0.00656765094,NaN,NaN,0
0.02184146643,0.006424486637,NaN,NaN,0
0.02184146643,0.0062813228,NaN,NaN,0
0.02184146643,0.006138158496,NaN,NaN,0
0.02184146643,0.005994994659,NaN,NaN,0
0.02184146643,0.005851830821,NaN,NaN,0
0.02184146643,0.005708666518,NaN,NaN,0
0.02184146643,0.005565502681,NaN,NaN,0
0.02184146643,0.005422338378,NaN,NaN,0
0.02184146643,0.00527917454,NaN,NaN,0
0.02184146643,0.005136010237,NaN,NaN,0
0.02184146643,0.0049928464,NaN,NaN,0
0.02184146643,0.004849682096,NaN,NaN,0
0.02184146643,0.004706518259,NaN,NaN,0
0.02184146643,0.004563353956,NaN,NaN,0
0.02184146643,0.004420190118,NaN,NaN,0
0.02184146643,0.004277025815,NaN,NaN,0
0.02184146643,0.004133861978,NaN,NaN,0
0.02184146643,0.00399069814,NaN,NaN,0
0.02184146643,0.003847533837,NaN,NaN,0
0.02184146643,0.003704369767,NaN,NaN,0
0.02184146643,0.003561205696,NaN,NaN,0
0.02184146643,0.003418041626,NaN,NaN,0
0.02184146643,0.003274877556,NaN,NaN,0
0.02184146643,0.003131713718,NaN,NaN,0
0.02184146643,0.002988549648,NaN,NaN,0
0.02184146643,0.002845385578,NaN,NaN,0
0.02184146643,0.002702221507,NaN,NaN,0
0.02184146643,0.002559057437,NaN,NaN,0
0.02184146643,0.002415893367,NaN,NaN,0
0.02184146643,0.002272729296,NaN,NaN,0
0.02184146643,0.002129565226,NaN,NaN,0
0.02184146643,0.001986401156,NaN,NaN,0
0.02184146643,0.001843237202,NaN,NaN,0
0.02184146643,0.001700073131,NaN,NaN,0
0.02184146643,0.001556909061,NaN,NaN,0
0.02184146643,0.001413744991,NaN,NaN,0
0.02184146643,0.00127058092,NaN,NaN,0
0.02184146643,0.00112741685,NaN,NaN,0
0.02184146643,0.0009842528962,NaN,NaN,0
0.02184146643,0.0008410888258,NaN,NaN,0
0.02184146643,0.0006979247555,NaN,NaN,0
0.02184146643,0.0005547606852,NaN,NaN,0
0.02184146643,0.000411596644,NaN,NaN,0
0.02184146643,0.0002684326028,NaN,NaN,0
0.02184146643,0.000125268547,NaN,NaN,0
0.02198462933,0.01916608773,NaN,NaN,0
0.02198462933,0.01902292296,NaN,NaN,0
0.02198462933,0.01887976006,NaN,NaN,0
0.02198462933,0.01873659529,NaN,NaN,0
0.02198462933,0.01859343052,NaN,NaN,0
0.02198462933,0.01845026761,NaN,NaN,0
0.02198462933,0.01830710284,NaN,NaN,0
0.02198462933,0.01816393808,NaN,NaN,0
0.02198462933,0.01802077517,NaN,NaN,0
0.02198462933,0.0178776104,NaN,NaN,0
0.02198462933,0.01773444749,NaN,NaN,0
0.02198462933,0.01759128273,NaN,NaN,0
0.02198462933,0.01744811796,NaN,NaN,0
0.02198462933,0.01730495505,NaN,NaN,0
0.02198462933,0.01716179028,NaN,NaN,0
0.02198462933,0.01701862738,NaN,NaN,0
0.02198462933,0.01687546261,NaN,NaN,0
0.02198462933,0.01673229784,NaN,NaN,0
0.02198462933,0.01658913493,NaN,NaN,0
0.02198462933,0.01644597016,NaN,NaN,0
0.02198462933,0.01630280726,NaN,NaN,0
0.02198462933,0.01615964249,NaN,NaN,0
0.02198462933,0.01601647772,NaN,NaN,0
0.02198462933,0.01587331481,NaN,NaN,0
0.02198462933,0.01573015004,NaN,NaN,0
0.02198462933,0.01558698621,NaN,NaN,0
0.02198462933,0.01544382237,NaN,NaN,0
0.02198462933,0.0153006576,NaN,NaN,0
0.02198462933,0.01515749376,NaN,NaN,0
0.02198462933,0.01501432993,NaN,NaN,0
0.02198462933,0.01487116609,NaN,NaN,0
0.02198462933,0.01472800132,NaN,NaN,0
0.02198462933,0.01458483748,NaN,NaN,0
0.02198462933,0.01444167364,NaN,NaN,0
0.02198462933,0.01429850981,NaN,NaN,0
0.02198462933,0.01415534597,NaN,NaN,0
0.02198462933,0.0140121812,NaN,NaN,0
0.02198462933,0.01386901736,NaN,NaN,0
0.02198462933,0.01372585353,NaN,NaN,0
0.02198462933,0.01358268969,NaN,NaN,0
0.02198462933,0.01343952492,NaN,NaN,0
0.02198462933,0.01329636108,NaN,NaN,0
0.02198462933,0.01315319724,NaN,NaN,0
0.02198462933,0.01301003341,NaN,NaN,0
0.02198462933,0.01286686864,NaN,NaN,0
0.02198462933,0.0127237048,NaN,NaN,0
0.02198462933,0.01258054096,NaN,NaN,0
0.02198462933,0.01243737713,NaN,NaN,0
0.02198462933,0.01229421329,NaN,NaN,0
0.02198462933,0.01215104852,NaN,NaN,0
0.02198462933,0.01200788468,NaN,NaN,0
0.02198462933,0.01186472084,NaN,NaN,0
0.02198462933,0.01172155701,NaN,NaN,0
0.02198462933,0.01157839224,NaN,NaN,0
0.02198462933,0.0114352284,NaN,NaN,0
0.02198462933,0.01129206456,NaN,NaN,0
0.02198462933,0.01114890072,NaN,NaN,0
0.02198462933,0.01100573689,NaN,NaN,0
0.02198462933,0.01086257212,NaN,NaN,0
0.02198462933,0.01071940828,NaN,NaN,0
0.02198462933,0.01057624444,NaN,NaN,0
0.02198462933,0.01043308061,NaN,NaN,0
0.02198462933,0.01028991584,NaN,NaN,0
0.02198462933,0.010146752,NaN,NaN,0
0.02198462933,0.01000358816,NaN,NaN,0
0.02198462933,0.009860424325,NaN,NaN,0
0.02198462933,0.009717259556,NaN,NaN,0
0.02198462933,0.009574095719,NaN,NaN,0
0.02198462933,0.009430931881,NaN,NaN,0
0.02198462933,0.009287768044,NaN,NaN,0
0.02198462933,0.009144604206,NaN,NaN,0
0.02198462933,0.009001439437,NaN,NaN,0
0.02198462933,0.0088582756,NaN,NaN,0
0.02198462933,0.008715111762,NaN,NaN,0
0.02198462933,0.008571947925,NaN,NaN,0
0.02198462933,0.008428783156,NaN,NaN,0
0.02198462933,0.008285619318,NaN,NaN,0
0.02198462933,0.008142455481,NaN,NaN,0
0.02198462933,0.007999291644,NaN,NaN,0
0.02198462933,0.007856126875,NaN,NaN,0
0.02198462933,0.007712963037,NaN,NaN,0
0.02198462933,0.0075697992,NaN,NaN,0
0.02198462933,0.007426635362,NaN,NaN,0
0.02198462933,0.007283471059,NaN,NaN,0
0.02198462933,0.007140307222,NaN,NaN,0
0.02198462933,0.006997142918,NaN,NaN,0
0.02198462933,0.006853979081,NaN,NaN,0
0.02198462933,0.006710814778,NaN,NaN,0
0.02198462933,0.00656765094,NaN,NaN,0
0.02198462933,0.006424486637,NaN,NaN,0
0.02198462933,0.0062813228,NaN,NaN,0
0.02198462933,0.006138158496,NaN,NaN,0
0.02198462933,0.005994994659,NaN,NaN,0
0.02198462933,0.005851830821,NaN,NaN,0
0.02198462933,0.005708666518,NaN,NaN,0
0.02198462933,0.005565502681,NaN,NaN,0
0.02198462933,0.005422338378,NaN,NaN,0
0.02198462933,0.00527917454,NaN,NaN,0
0.02198462933,0.005136010237,NaN,NaN,0
0.02198462933,0.0049928464,NaN,NaN,0
0.02198462933,0.004849682096,NaN,NaN,0
0.02198462933,0.004706518259,NaN,NaN,0
0.02198462933,0.004563353956,NaN,NaN,0
0.02198462933,0.004420190118,NaN,NaN,0
0.02198462933,0.004277025815,NaN,NaN,0
0.02198462933,0.004133861978,NaN,NaN,0
0.02198462933,0.00399069814,NaN,NaN,0
0.02198462933,0.003847533837,NaN,NaN,0
0.02198462933,0.003704369767,NaN,NaN,0
0.02198462933,0.003561205696,NaN,NaN,0
0.02198462933,0.003418041626,NaN,NaN,0
0.02198462933,0.003274877556,NaN,NaN,0
0.02198462933,0.003131713718,NaN,NaN,0
0.02198462933,0.002988549648,NaN,NaN,0
0.02198462933,0.002845385578,NaN,NaN,0
0.02198462933,0.002702221507,NaN,NaN,0
0.02198462933,0.002559057437,NaN,NaN,0
0.02198462933,0.002415893367,NaN,NaN,0
0.02198462933,0.002272729296,NaN,NaN,0
0.02198462933,0.002129565226,NaN,NaN,0
0.02198462933,0.001986401156,NaN,NaN,0
0.02198462933,0.001843237202,NaN,NaN,0
0.02198462933,0.001700073131,NaN,NaN,0
0.02198462933,0.001556909061,NaN,NaN,0
0.02198462933,0.001413744991,NaN,NaN,0
0.02198462933,0.00127058092,NaN,NaN,0
0.02198462933,0.00112741685,NaN,NaN,0
0.02198462933,0.0009842528962,NaN,NaN,0
0.02198462933,0.0008410888258,NaN,NaN,0
0.02198462933,0.0006979247555,NaN,NaN,0
0.02198462933,0.0005547606852,NaN,NaN,0
0.02198462933,0.000411596644,NaN,NaN,0
0.02198462933,0.0002684326028,NaN,NaN,0
0.02198462933,0.000125268547,NaN,NaN,0
0.0221277941,0.01916608773,NaN,NaN,0
0.0221277941,0.01902292296,NaN,NaN,0
0.0221277941,0.01887976006,NaN,NaN,0
0.0221277941,0.01873659529,NaN,NaN,0
0.0221277941,0.01859343052,NaN,NaN,0
0.0221277941,0.01845026761,NaN,NaN,0
0.0221277941,0.01830710284,NaN,NaN,0
0.0221277941,0.01816393808,NaN,NaN,0
0.0221277941,0.01802077517,NaN,NaN,0
0.0221277941,0.0178776104,NaN,NaN,0
0.0221277941,0.01773444749,NaN,NaN,0
0.0221277941,0.01759128273,NaN,NaN,0
0.0221277941,0.01744811796,NaN,NaN,0
0.0221277941,0.01730495505,NaN,NaN,0
0.0221277941,0.01716179028,NaN,NaN,0
0.0221277941,0.01701862738,NaN,NaN,0
0.0221277941,0.01687546261,NaN,NaN,0
0.0221277941,0.01673229784,NaN,NaN,0
0.0221277941,0.01658913493,NaN,NaN,0
0.0221277941,0.01644597016,NaN,NaN,0
0.0221277941,0.01630280726,NaN,NaN,0
0.0221277941,0.01615964249,NaN,NaN,0
0.0221277941,0.01601647772,NaN,NaN,0
0.0221277941,0.01587331481,NaN,NaN,0
0.0221277941,0.01573015004,NaN,NaN,0
0.0221277941,0.01558698621,NaN,NaN,0
0.0221277941,0.01544382237,NaN,NaN,0
0.0221277941,0.0153006576,NaN,NaN,0
0.0221277941,0.01515749376,NaN,NaN,0
0.0221277941,0.01501432993,NaN,NaN,0
0.0221277941,0.01487116609,NaN,NaN,0
0.0221277941,0.01472800132,NaN,NaN,0
0.0221277941,0.01458483748,NaN,NaN,0
0.0221277941,0.01444167364,NaN,NaN,0
0.0221277941,0.01429850981,NaN,NaN,0
0.0221277941,0.01415534597,NaN,NaN,0
0.0221277941,0.0140121812,NaN,NaN,0
0.0221277941,0.01386901736,NaN,NaN,0
0.0221277941,0.01372585353,NaN,NaN,0
0.0221277941,0.01358268969,NaN,NaN,0
0.0221277941,0.01343952492,NaN,NaN,0
0.0221277941,0.01329636108,NaN,NaN,0
0.0221277941,0.01315319724,NaN,NaN,0
0.0221277941,0.01301003341,NaN,NaN,0
0.0221277941,0.01286686864,NaN,NaN,0
0.0221277941,0.0127237048,NaN,NaN,0
0.0221277941,0.01258054096,NaN,NaN,0
0.0221277941,0.01243737713,NaN,NaN,0
0.0221277941,0.01229421329,NaN,NaN,0
0.0221277941,0.01215104852,NaN,NaN,0
0.0221277941,0.01200788468,NaN,NaN,0
0.0221277941,0.01186472084,NaN,NaN,0
0.0221277941,0.01172155701,NaN,NaN,0
0.0221277941,0.01157839224,NaN,NaN,0
0.0221277941,0.0114352284,NaN,NaN,0
0.0221277941,0.01129206456,NaN,NaN,0
0.0221277941,0.01114890072,NaN,NaN,0
0.0221277941,0.01100573689,NaN,NaN,0
0.0221277941,0.01086257212,NaN,NaN,0
0.0221277941,0.01071940828,NaN,NaN,0
0.0221277941,0.01057624444,NaN,NaN,0
0.0221277941,0.01043308061,NaN,NaN,0
0.0221277941,0.01028991584,NaN,NaN,0
0.0221277941,0.010146752,NaN,NaN,0
0.0221277941,0.01000358816,NaN,NaN,0
0.0221277941,0.009860424325,NaN,NaN,0
0.0221277941,0.009717259556,NaN,NaN,0
0.0221277941,0.009574095719,NaN,NaN,0
0.0221277941,0.009430931881,NaN,NaN,0
0.0221277941,0.009287768044,NaN,NaN,0
0.0221277941,0.009144604206,NaN,NaN,0
0.0221277941,0.009001439437,NaN,NaN,0
0.0221277941,0.0088582756,NaN,NaN,0
0.0221277941,0.008715111762,NaN,NaN,0
0.0221277941,0.008571947925,NaN,NaN,0
0.0221277941,0.008428783156,NaN,NaN,0
0.0221277941,0.008285619318,NaN,NaN,0
0.0221277941,0.008142455481,NaN,NaN,0
0.0221277941,0.007999291644,NaN,NaN,0
0.0221277941,0.007856126875,NaN,NaN,0
0.0221277941,0.007712963037,NaN,NaN,0
0.0221277941,0.0075697992,NaN,NaN,0
0.0221277941,0.007426635362,NaN,NaN,0
0.0221277941,0.007283471059,NaN,NaN,0
0.0221277941,0.007140307222,NaN,NaN,0
0.0221277941,0.006997142918,NaN,NaN,0
0.0221277941,0.006853979081,NaN,NaN,0
0.0221277941,0.006710814778,NaN,NaN,0
0.0221277941,0.00656765094,NaN,NaN,0
0.0221277941,0.006424486637,NaN,NaN,0
0.0221277941,0.0062813228,NaN,NaN,0
0.0221277941,0.006138158496,NaN,NaN,0
0.0221277941,0.005994994659,NaN,NaN,0
0.0221277941,0.005851830821,NaN,NaN,0
0.0221277941,0.005708666518,NaN,NaN,0
0.0221277941,0.005565502681,NaN,NaN,0
0.0221277941,0.005422338378,NaN,NaN,0
0.0221277941,0.00527917454,NaN,NaN,0
0.0221277941,0.005136010237,NaN,NaN,0
0.0221277941,0.0049928464,NaN,NaN,0
0.0221277941,0.004849682096,NaN,NaN,0
0.0221277941,0.004706518259,NaN,NaN,0
0.0221277941,0.004563353956,NaN,NaN,0
0.0221277941,0.004420190118,NaN,NaN,0
0.0221277941,0.004277025815,NaN,NaN,0
0.0221277941,0.004133861978,NaN,NaN,0
0.0221277941,0.00399069814,NaN,NaN,0
0.0221277941,0.003847533837,NaN,NaN,0
0.0221277941,0.003704369767,NaN,NaN,0
0.0221277941,0.003561205696,NaN,NaN,0
0.0221277941,0.003418041626,NaN,NaN,0
0.0221277941,0.003274877556,NaN,NaN,0
0.0221277941,0.003131713718,NaN,NaN,0
0.0221277941,0.002988549648,NaN,NaN,0
0.0221277941,0.002845385578,NaN,NaN,0
0.0221277941,0.002702221507,NaN,NaN,0
0.0221277941,0.002559057437,NaN,NaN,0
0.0221277941,0.002415893367,NaN,NaN,0
0.0221277941,0.002272729296,NaN,NaN,0
0.0221277941,0.002129565226,NaN,NaN,0
0.0221277941,0.001986401156,NaN,NaN,0
0.0221277941,0.001843237202,NaN,NaN,0
0.0221277941,0.001700073131,NaN,NaN,0
0.0221277941,0.001556909061,NaN,NaN,0
0.0221277941,0.001413744991,NaN,NaN,0
0.0221277941,0.00127058092,NaN,NaN,0
0.0221277941,0.00112741685,NaN,NaN,0
0.0221277941,0.0009842528962,NaN,NaN,0
0.0221277941,0.0008410888258,NaN,NaN,0
0.0221277941,0.0006979247555,NaN,NaN,0
0.0221277941,0.0005547606852,NaN,NaN,0
0.0221277941,0.000411596644,NaN,NaN,0
0.0221277941,0.0002684326028,NaN,NaN,0
0.0221277941,0.000125268547,NaN,NaN,0
0.02227095701,0.01916608773,NaN,NaN,0
0.02227095701,0.01902292296,NaN,NaN,0
0.02227095701,0.01887976006,NaN,NaN,0
0.02227095701,0.01873659529,NaN,NaN,0
0.02227095701,0.01859343052,NaN,NaN,0
0.02227095701,0.01845026761,NaN,NaN,0
0.02227095701,0.01830710284,NaN,NaN,0
0.02227095701,0.01816393808,NaN,NaN,0
0.02227095701,0.01802077517,NaN,NaN,0
0.02227095701,0.0178776104,NaN,NaN,0
0.02227095701,0.01773444749,NaN,NaN,0
0.02227095701,0.01759128273,NaN,NaN,0
0.02227095701,0.01744811796,NaN,NaN,0
0.02227095701,0.01730495505,NaN,NaN,0
0.02227095701,0.01716179028,NaN,NaN,0
0.02227095701,0.01701862738,NaN,NaN,0
0.02227095701,0.01687546261,NaN,NaN,0
0.02227095701,0.01673229784,NaN,NaN,0
0.02227095701,0.01658913493,NaN,NaN,0
0.02227095701,0.01644597016,NaN,NaN,0
0.02227095701,0.01630280726,NaN,NaN,0
0.02227095701,0.01615964249,NaN,NaN,0
0.02227095701,0.01601647772,NaN,NaN,0
0.02227095701,0.01587331481,NaN,NaN,0
0.02227095701,0.01573015004,NaN,NaN,0
0.02227095701,0.01558698621,NaN,NaN,0
0.02227095701,0.01544382237,NaN,NaN,0
0.02227095701,0.0153006576,NaN,NaN,0
0.02227095701,0.01515749376,NaN,NaN,0
0.02227095701,0.01501432993,NaN,NaN,0
0.02227095701,0.01487116609,NaN,NaN,0
0.02227095701,0.01472800132,NaN,NaN,0
0.02227095701,0.01458483748,NaN,NaN,0
0.02227095701,0.01444167364,NaN,NaN,0
0.02227095701,0.01429850981,NaN,NaN,0
0.02227095701,0.01415534597,NaN,NaN,0
0.02227095701,0.0140121812,NaN,NaN,0
0.02227095701,0.01386901736,NaN,NaN,0
0.02227095701,0.01372585353,NaN,NaN,0
0.02227095701,0.01358268969,NaN,NaN,0
0.02227095701,0.01343952492,NaN,NaN,0
0.02227095701,0.01329636108,NaN,NaN,0
0.02227095701,0.01315319724,NaN,NaN,0
0.02227095701,0.01301003341,NaN,NaN,0
0.02227095701,0.01286686864,NaN,NaN,0
0.02227095701,0.0127237048,NaN,NaN,0
0.02227095701,0.01258054096,NaN,NaN,0
0.02227095701,0.01243737713,NaN,NaN,0
0.02227095701,0.01229421329,NaN,NaN,0
0.02227095701,0.01215104852,NaN,NaN,0
0.02227095701,0.01200788468,NaN,NaN,0
0.02227095701,0.01186472084,NaN,NaN,0
0.02227095701,0.01172155701,NaN,NaN,0
0.02227095701,0.01157839224,NaN,NaN,0
0.02227095701,0.0114352284,NaN,NaN,0
0.02227095701,0.01129206456,NaN,NaN,0
0.02227095701,0.01114890072,NaN,NaN,0
0.02227095701,0.01100573689,NaN,NaN,0
0.02227095701,0.01086257212,NaN,NaN,0
0.02227095701,0.01071940828,NaN,NaN,0
0.02227095701,0.01057624444,NaN,NaN,0
0.02227095701,0.01043308061,NaN,NaN,0
0.02227095701,0.01028991584,NaN,NaN,0
0.02227095701,0.010146752,NaN,NaN,0
0.02227095701,0.01000358816,NaN,NaN,0
0.02227095701,0.009860424325,NaN,NaN,0
0.02227095701,0.009717259556,NaN,NaN,0
0.02227095701,0.009574095719,NaN,NaN,0
0.02227095701,0.009430931881,NaN,NaN,0
0.02227095701,0.009287768044,NaN,NaN,0
0.02227095701,0.009144604206,NaN,NaN,0
0.02227095701,0.009001439437,NaN,NaN,0
0.02227095701,0.0088582756,NaN,NaN,0
0.02227095701,0.008715111762,NaN,NaN,0
0.02227095701,0.008571947925,NaN,NaN,0
0.02227095701,0.008428783156,NaN,NaN,0
0.02227095701,0.008285619318,NaN,NaN,0
0.02227095701,0.008142455481,NaN,NaN,0
0.02227095701,0.007999291644,NaN,NaN,0
0.02227095701,0.007856126875,NaN,NaN,0
0.02227095701,0.007712963037,NaN,NaN,0
0.02227095701,0.0075697992,NaN,NaN,0
0.02227095701,0.007426635362,NaN,NaN,0
0.02227095701,0.007283471059,NaN,NaN,0
0.02227095701,0.007140307222,NaN,NaN,0
0.02227095701,0.006997142918,NaN,NaN,0
0.02227095701,0.006853979081,NaN,NaN,0
0.02227095701,0.006710814778,NaN,NaN,0
0.02227095701,0.00656765094,NaN,NaN,0
0.02227095701,0.006424486637,NaN,NaN,0
0.02227095701,0.0062813228,NaN,NaN,0
0.02227095701,0.006138158496,NaN,NaN,0
0.02227095701,0.005994994659,NaN,NaN,0
0.02227095701,0.005851830821,NaN,NaN,0
0.02227095701,0.005708666518,NaN,NaN,0
0.02227095701,0.005565502681,NaN,NaN,0
0.02227095701,0.005422338378,NaN,NaN,0
0.02227095701,0.00527917454,NaN,NaN,0
0.02227095701,0.005136010237,NaN,NaN,0
0.02227095701,0.0049928464,NaN,NaN,0
0.02227095701,0.004849682096,NaN,NaN,0
0.02227095701,0.004706518259,NaN,NaN,0
0.02227095701,0.004563353956,NaN,NaN,0
0.02227095701,0.004420190118,NaN,NaN,0
0.02227095701,0.004277025815,NaN,NaN,0
0.02227095701,0.004133861978,NaN,NaN,0
0.02227095701,0.00399069814,NaN,NaN,0
0.02227095701,0.003847533837,NaN,NaN,0
0.02227095701,0.003704369767,NaN,NaN,0
0.02227095701,0.003561205696,NaN,NaN,0
0.02227095701,0.003418041626,NaN,NaN,0
0.02227095701,0.003274877556,NaN,NaN,0
0.02227095701,0.003131713718,NaN,NaN,0
0.02227095701,0.002988549648,NaN,NaN,0
0.02227095701,0.002845385578,NaN,NaN,0
0.02227095701,0.002702221507,NaN,NaN,0
0.02227095701,0.002559057437,NaN,NaN,0
0.02227095701,0.002415893367,NaN,NaN,0
0.02227095701,0.002272729296,NaN,NaN,0
0.02227095701,0.002129565226,NaN,NaN,0
0.02227095701,0.001986401156,NaN,NaN,0
0.02227095701,0.001843237202,NaN,NaN,0
0.02227095701,0.001700073131,NaN,NaN,0
0.02227095701,0.001556909061,NaN,NaN,0
0.02227095701,0.001413744991,NaN,NaN,0
0.02227095701,0.00127058092,NaN,NaN,0
0.02227095701,0.00112741685,NaN,NaN,0
0.02227095701,0.0009842528962,NaN,NaN,0
0.02227095701,0.0008410888258,NaN,NaN,0
0.02227095701,0.0006979247555,NaN,NaN,0
0.02227095701,0.0005547606852,NaN,NaN,0
0.02227095701,0.000411596644,NaN,NaN,0
0.02227095701,0.0002684326028,NaN,NaN,0
0.02227095701,0.000125268547,NaN,NaN,0
0.02241412178,0.01916608773,NaN,NaN,0
0.02241412178,0.01902292296,NaN,NaN,0
0.02241412178,0.01887976006,NaN,NaN,0
0.02241412178,0.01873659529,NaN,NaN,0
0.02241412178,0.01859343052,NaN,NaN,0
0.02241412178,0.01845026761,NaN,NaN,0
0.02241412178,0.01830710284,NaN,NaN,0
0.02241412178,0.01816393808,NaN,NaN,0
0.02241412178,0.01802077517,NaN,NaN,0
0.02241412178,0.0178776104,NaN,NaN,0
0.02241412178,0.01773444749,NaN,NaN,0
0.02241412178,0.01759128273,NaN,NaN,0
0.02241412178,0.01744811796,NaN,NaN,0
0.02241412178,0.01730495505,NaN,NaN,0
0.02241412178,0.01716179028,NaN,NaN,0
0.02241412178,0.01701862738,NaN,NaN,0
0.02241412178,0.01687546261,NaN,NaN,0
0.02241412178,0.01673229784,NaN,NaN,0
0.02241412178,0.01658913493,NaN,NaN,0
0.02241412178,0.01644597016,NaN,NaN,0
0.02241412178,0.01630280726,NaN,NaN,0
0.02241412178,0.01615964249,NaN,NaN,0
0.02241412178,0.01601647772,NaN,NaN,0
0.02241412178,0.01587331481,NaN,NaN,0
0.02241412178,0.01573015004,NaN,NaN,0
0.02241412178,0.01558698621,NaN,NaN,0
0.02241412178,0.01544382237,NaN,NaN,0
0.02241412178,0.0153006576,NaN,NaN,0
0.02241412178,0.01515749376,NaN,NaN,0
0.02241412178,0.01501432993,NaN,NaN,0
0.02241412178,0.01487116609,NaN,NaN,0
0.02241412178,0.01472800132,NaN,NaN,0
0.02241412178,0.01458483748,NaN,NaN,0
0.02241412178,0.01444167364,NaN,NaN,0
0.02241412178,0.01429850981,NaN,NaN,0
0.02241412178,0.01415534597,NaN,NaN,0
0.02241412178,0.0140121812,NaN,NaN,0
0.02241412178,0.01386901736,NaN,NaN,0
0.02241412178,0.01372585353,NaN,NaN,0
0.02241412178,0.01358268969,NaN,NaN,0
0.02241412178,0.01343952492,NaN,NaN,0
0.02241412178,0.01329636108,NaN,NaN,0
0.02241412178,0.01315319724,NaN,NaN,0
0.02241412178,0.01301003341,NaN,NaN,0
0.02241412178,0.01286686864,NaN,NaN,0
0.02241412178,0.0127237048,NaN,NaN,0
0.02241412178,0.01258054096,NaN,NaN,0
0.02241412178,0.01243737713,NaN,NaN,0
0.02241412178,0.01229421329,NaN,NaN,0
0.02241412178,0.01215104852,NaN,NaN,0
0.02241412178,0.01200788468,NaN,NaN,0
0.02241412178,0.01186472084,NaN,NaN,0
0.02241412178,0.01172155701,NaN,NaN,0
0.02241412178,0.01157839224,NaN,NaN,0
0.02241412178,0.0114352284,NaN,NaN,0
0.02241412178,0.01129206456,NaN,NaN,0
0.02241412178,0.01114890072,NaN,NaN,0
0.02241412178,0.01100573689,NaN,NaN,0
0.02241412178,0.01086257212,NaN,NaN,0
0.02241412178,0.01071940828,NaN,NaN,0
0.02241412178,0.01057624444,NaN,NaN,0
0.02241412178,0.01043308061,NaN,NaN,0
0.02241412178,0.01028991584,NaN,NaN,0
0.02241412178,0.010146752,NaN,NaN,0
0.02241412178,0.01000358816,NaN,NaN,0
0.02241412178,0.009860424325,NaN,NaN,0
0.02241412178,0.009717259556,NaN,NaN,0
0.02241412178,0.009574095719,NaN,NaN,0
0.02241412178,0.009430931881,NaN,NaN,0
0.02241412178,0.009287768044,NaN,NaN,0
0.02241412178,0.009144604206,NaN,NaN,0
0.02241412178,0.009001439437,NaN,NaN,0
0.02241412178,0.0088582756,NaN,NaN,0
0.02241412178,0.008715111762,NaN,NaN,0
0.02241412178,0.008571947925,NaN,NaN,0
0.02241412178,0.008428783156,NaN,NaN,0
0.02241412178,0.008285619318,NaN,NaN,0
0.02241412178,0.008142455481,NaN,NaN,0
0.02241412178,0.007999291644,NaN,NaN,0
0.02241412178,0.007856126875,NaN,NaN,0
0.02241412178,0.007712963037,NaN,NaN,0
0.02241412178,0.0075697992,NaN,NaN,0
0.02241412178,0.007426635362,NaN,NaN,0
0.02241412178,0.007283471059,NaN,NaN,0
0.02241412178,0.007140307222,NaN,NaN,0
0.02241412178,0.006997142918,NaN,NaN,0
0.02241412178,0.006853979081,NaN,NaN,0
0.02241412178,0.006710814778,NaN,NaN,0
0.02241412178,0.00656765094,NaN,NaN,0
0.02241412178,0.006424486637,NaN,NaN,0
0.02241412178,0.0062813228,NaN,NaN,0
0.02241412178,0.006138158496,NaN,NaN,0
0.02241412178,0.005994994659,NaN,NaN,0
0.02241412178,0.005851830821,NaN,NaN,0
0.02241412178,0.005708666518,NaN,NaN,0
0.02241412178,0.005565502681,NaN,NaN,0
0.02241412178,0.005422338378,NaN,NaN,0
0.02241412178,0.00527917454,NaN,NaN,0
0.02241412178,0.005136010237,NaN,NaN,0
0.02241412178,0.0049928464,NaN,NaN,0
0.02241412178,0.004849682096,NaN,NaN,0
0.02241412178,0.004706518259,NaN,NaN,0
0.02241412178,0.004563353956,NaN,NaN,0
0.02241412178,0.004420190118,NaN,NaN,0
0.02241412178,0.004277025815,NaN,NaN,0
0.02241412178,0.004133861978,NaN,NaN,0
0.02241412178,0.00399069814,NaN,NaN,0
0.02241412178,0.003847533837,NaN,NaN,0
0.02241412178,0.003704369767,NaN,NaN,0
0.02241412178,0.003561205696,NaN,NaN,0
0.02241412178,0.003418041626,NaN,NaN,0
0.02241412178,0.003274877556,NaN,NaN,0
0.02241412178,0.003131713718,NaN,NaN,0
0.02241412178,0.002988549648,NaN,NaN,0
0.02241412178,0.002845385578,NaN,NaN,0
0.02241412178,0.002702221507,NaN,NaN,0
0.02241412178,0.002559057437,NaN,NaN,0
0.02241412178,0.002415893367,NaN,NaN,0
0.02241412178,0.002272729296,NaN,NaN,0
0.02241412178,0.002129565226,NaN,NaN,0
0.02241412178,0.001986401156,NaN,NaN,0
0.02241412178,0.001843237202,NaN,NaN,0
0.02241412178,0.001700073131,NaN,NaN,0
0.02241412178,0.001556909061,NaN,NaN,0
0.02241412178,0.001413744991,NaN,NaN,0
0.02241412178,0.00127058092,NaN,NaN,0
0.02241412178,0.00112741685,NaN,NaN,0
0.02241412178,0.0009842528962,NaN,NaN,0
0.02241412178,0.0008410888258,NaN,NaN,0
0.02241412178,0.0006979247555,NaN,NaN,0
0.02241412178,0.0005547606852,NaN,NaN,0
0.02241412178,0.000411596644,NaN,NaN,0
0.02241412178,0.0002684326028,NaN,NaN,0
0.02241412178,0.000125268547,NaN,NaN,0
0.02255728655,0.01916608773,NaN,NaN,0
0.02255728655,0.01902292296,NaN,NaN,0
0.02255728655,0.01887976006,NaN,NaN,0
0.02255728655,0.01873659529,NaN,NaN,0
0.02255728655,0.01859343052,NaN,NaN,0
0.02255728655,0.01845026761,NaN,NaN,0
0.02255728655,0.01830710284,NaN,NaN,0
0.02255728655,0.01816393808,NaN,NaN,0
0.02255728655,0.01802077517,NaN,NaN,0
0.02255728655,0.0178776104,NaN,NaN,0
0.02255728655,0.01773444749,NaN,NaN,0
0.02255728655,0.01759128273,NaN,NaN,0
0.02255728655,0.01744811796,NaN,NaN,0
0.02255728655,0.01730495505,NaN,NaN,0
0.02255728655,0.01716179028,NaN,NaN,0
0.02255728655,0.01701862738,NaN,NaN,0
0.02255728655,0.01687546261,NaN,NaN,0
0.02255728655,0.01673229784,NaN,NaN,0
0.02255728655,0.01658913493,NaN,NaN,0
0.02255728655,0.01644597016,NaN,NaN,0
0.02255728655,0.01630280726,NaN,NaN,0
0.02255728655,0.01615964249,NaN,NaN,0
0.02255728655,0.01601647772,NaN,NaN,0
0.02255728655,0.01587331481,NaN,NaN,0
0.02255728655,0.01573015004,NaN,NaN,0
0.02255728655,0.01558698621,NaN,NaN,0
0.02255728655,0.01544382237,NaN,NaN,0
0.02255728655,0.0153006576,NaN,NaN,0
0.02255728655,0.01515749376,NaN,NaN,0
0.02255728655,0.01501432993,NaN,NaN,0
0.02255728655,0.01487116609,NaN,NaN,0
0.02255728655,0.01472800132,NaN,NaN,0
0.02255728655,0.01458483748,NaN,NaN,0
0.02255728655,0.01444167364,NaN,NaN,0
0.02255728655,0.01429850981,NaN,NaN,0
0.02255728655,0.01415534597,NaN,NaN,0
0.02255728655,0.0140121812,NaN,NaN,0
0.02255728655,0.01386901736,NaN,NaN,0
0.02255728655,0.01372585353,NaN,NaN,0
0.02255728655,0.01358268969,NaN,NaN,0
0.02255728655,0.01343952492,NaN,NaN,0
0.02255728655,0.01329636108,NaN,NaN,0
0.02255728655,0.01315319724,NaN,NaN,0
0.02255728655,0.01301003341,NaN,NaN,0
0.02255728655,0.01286686864,NaN,NaN,0
0.02255728655,0.0127237048,NaN,NaN,0
0.02255728655,0.01258054096,NaN,NaN,0
0.02255728655,0.01243737713,NaN,NaN,0
0.02255728655,0.01229421329,NaN,NaN,0
0.02255728655,0.01215104852,NaN,NaN,0
0.02255728655,0.01200788468,NaN,NaN,0
0.02255728655,0.01186472084,NaN,NaN,0
0.02255728655,0.01172155701,NaN,NaN,0
0.02255728655,0.01157839224,NaN,NaN,0
0.02255728655,0.0114352284,NaN,NaN,0
0.02255728655,0.01129206456,NaN,NaN,0
0.02255728655,0.01114890072,NaN,NaN,0
0.02255728655,0.01100573689,NaN,NaN,0
0.02255728655,0.01086257212,NaN,NaN,0
0.02255728655,0.01071940828,NaN,NaN,0
0.02255728655,0.01057624444,NaN,NaN,0
0.02255728655,0.01043308061,NaN,NaN,0
0.02255728655,0.01028991584,NaN,NaN,0
0.02255728655,0.010146752,NaN,NaN,0
0.02255728655,0.01000358816,NaN,NaN,0
0.02255728655,0.009860424325,NaN,NaN,0
0.02255728655,0.009717259556,NaN,NaN,0
0.02255728655,0.009574095719,NaN,NaN,0
0.02255728655,0.009430931881,NaN,NaN,0
0.02255728655,0.009287768044,NaN,NaN,0
0.02255728655,0.009144604206,NaN,NaN,0
0.02255728655,0.009001439437,NaN,NaN,0
0.02255728655,0.0088582756,NaN,NaN,0
0.02255728655,0.008715111762,NaN,NaN,0
0.02255728655,0.008571947925,NaN,NaN,0
0.02255728655,0.008428783156,NaN,NaN,0
0.02255728655,0.008285619318,NaN,NaN,0
0.02255728655,0.008142455481,NaN,NaN,0
0.02255728655,0.007999291644,NaN,NaN,0
0.02255728655,0.007856126875,NaN,NaN,0
0.02255728655,0.007712963037,NaN,NaN,0
0.02255728655,0.0075697992,NaN,NaN,0
0.02255728655,0.007426635362,NaN,NaN,0
0.02255728655,0.007283471059,NaN,NaN,0
0.02255728655,0.007140307222,NaN,NaN,0
0.02255728655,0.006997142918,NaN,NaN,0
0.02255728655,0.006853979081,NaN,NaN,0
0.02255728655,0.006710814778,NaN,NaN,0
0.02255728655,0.00656765094,NaN,NaN,0
0.02255728655,0.006424486637,NaN,NaN,0
0.02255728655,0.0062813228,NaN,NaN,0
0.02255728655,0.006138158496,NaN,NaN,0
0.02255728655,0.005994994659,NaN,NaN,0
0.02255728655,0.005851830821,NaN,NaN,0
0.02255728655,0.005708666518,NaN,NaN,0
0.02255728655,0.005565502681,NaN,NaN,0
0.02255728655,0.005422338378,NaN,NaN,0
0.02255728655,0.00527917454,NaN,NaN,0
0.02255728655,0.005136010237,NaN,NaN,0
0.02255728655,0.0049928464,NaN,NaN,0
0.02255728655,0.004849682096,NaN,NaN,0
0.02255728655,0.004706518259,NaN,NaN,0
0.02255728655,0.004563353956,NaN,NaN,0
0.02255728655,0.004420190118,NaN,NaN,0
0.02255728655,0.004277025815,NaN,NaN,0
0.02255728655,0.004133861978,NaN,NaN,0
0.02255728655,0.00399069814,NaN,NaN,0
0.02255728655,0.003847533837,NaN,NaN,0
0.02255728655,0.003704369767,NaN,NaN,0
0.02255728655,0.003561205696,NaN,NaN,0
0.02255728655,0.003418041626,NaN,NaN,0
0.02255728655,0.003274877556,NaN,NaN,0
0.02255728655,0.003131713718,NaN,NaN,0
0.02255728655,0.002988549648,NaN,NaN,0
0.02255728655,0.002845385578,NaN,NaN,0
0.02255728655,0.002702221507,NaN,NaN,0
0.02255728655,0.002559057437,NaN,NaN,0
0.02255728655,0.002415893367,NaN,NaN,0
0.02255728655,0.002272729296,NaN,NaN,0
0.02255728655,0.002129565226,NaN,NaN,0
0.02255728655,0.001986401156,NaN,NaN,0
0.02255728655,0.001843237202,NaN,NaN,0
0.02255728655,0.001700073131,NaN,NaN,0
0.02255728655,0.001556909061,NaN,NaN,0
0.02255728655,0.001413744991,NaN,NaN,0
0.02255728655,0.00127058092,NaN,NaN,0
0.02255728655,0.00112741685,NaN,NaN,0
0.02255728655,0.0009842528962,NaN,NaN,0
0.02255728655,0.0008410888258,NaN,NaN,0
0.02255728655,0.0006979247555,NaN,NaN,0
0.02255728655,0.0005547606852,NaN,NaN,0
0.02255728655,0.000411596644,NaN,NaN,0
0.02255728655,0.0002684326028,NaN,NaN,0
0.02255728655,0.000125268547,NaN,NaN,0
0.02270044945,0.01916608773,NaN,NaN,0
0.02270044945,0.01902292296,NaN,NaN,0
0.02270044945,0.01887976006,NaN,NaN,0
0.02270044945,0.01873659529,NaN,NaN,0
0.02270044945,0.01859343052,NaN,NaN,0
0.02270044945,0.01845026761,NaN,NaN,0
0.02270044945,0.01830710284,NaN,NaN,0
0.02270044945,0.01816393808,NaN,NaN,0
0.02270044945,0.01802077517,NaN,NaN,0
0.02270044945,0.0178776104,NaN,NaN,0
0.02270044945,0.01773444749,NaN,NaN,0
0.02270044945,0.01759128273,NaN,NaN,0
0.02270044945,0.01744811796,NaN,NaN,0
0.02270044945,0.01730495505,NaN,NaN,0
0.02270044945,0.01716179028,NaN,NaN,0
0.02270044945,0.01701862738,NaN,NaN,0
0.02270044945,0.01687546261,NaN,NaN,0
0.02270044945,0.01673229784,NaN,NaN,0
0.02270044945,0.01658913493,NaN,NaN,0
0.02270044945,0.01644597016,NaN,NaN,0
0.02270044945,0.01630280726,NaN,NaN,0
0.02270044945,0.01615964249,NaN,NaN,0
0.02270044945,0.01601647772,NaN,NaN,0
0.02270044945,0.01587331481,NaN,NaN,0
0.02270044945,0.01573015004,NaN,NaN,0
0.02270044945,0.01558698621,NaN,NaN,0
0.02270044945,0.01544382237,NaN,NaN,0
0.02270044945,0.0153006576,NaN,NaN,0
0.02270044945,0.01515749376,NaN,NaN,0
0.02270044945,0.01501432993,NaN,NaN,0
0.02270044945,0.01487116609,NaN,NaN,0
0.02270044945,0.01472800132,NaN,NaN,0
0.02270044945,0.01458483748,NaN,NaN,0
0.02270044945,0.01444167364,NaN,NaN,0
0.02270044945,0.01429850981,NaN,NaN,0
0.02270044945,0.01415534597,NaN,NaN,0
0.02270044945,0.0140121812,NaN,NaN,0
0.02270044945,0.01386901736,NaN,NaN,0
0.02270044945,0.01372585353,NaN,NaN,0
0.02270044945,0.01358268969,NaN,NaN,0
0.02270044945,0.01343952492,NaN,NaN,0
0.02270044945,0.01329636108,NaN,NaN,0
0.02270044945,0.01315319724,NaN,NaN,0
0.02270044945,0.01301003341,NaN,NaN,0
0.02270044945,0.01286686864,NaN,NaN,0
0.02270044945,0.0127237048,NaN,NaN,0
0.02270044945,0.01258054096,NaN,NaN,0
0.02270044945,0.01243737713,NaN,NaN,0
0.02270044945,0.01229421329,NaN,NaN,0
0.02270044945,0.01215104852,NaN,NaN,0
0.02270044945,0.01200788468,NaN,NaN,0
0.02270044945,0.01186472084,NaN,NaN,0
0.02270044945,0.01172155701,NaN,NaN,0
0.02270044945,0.01157839224,NaN,NaN,0
0.02270044945,0.0114352284,NaN,NaN,0
0.02270044945,0.01129206456,NaN,NaN,0
0.02270044945,0.01114890072,NaN,NaN,0
0.02270044945,0.01100573689,NaN,NaN,0
0.02270044945,0.01086257212,NaN,NaN,0
0.02270044945,0.01071940828,NaN,NaN,0
0.02270044945,0.01057624444,NaN,NaN,0
0.02270044945,0.01043308061,NaN,NaN,0
0.02270044945,0.01028991584,NaN,NaN,0
0.02270044945,0.010146752,NaN,NaN,0
0.02270044945,0.01000358816,NaN,NaN,0
0.02270044945,0.009860424325,NaN,NaN,0
0.02270044945,0.009717259556,NaN,NaN,0
0.02270044945,0.009574095719,NaN,NaN,0
0.02270044945,0.009430931881,NaN,NaN,0
0.02270044945,0.009287768044,NaN,NaN,0
0.02270044945,0.009144604206,NaN,NaN,0
0.02270044945,0.009001439437,NaN,NaN,0
0.02270044945,0.0088582756,NaN,NaN,0
0.02270044945,0.008715111762,NaN,NaN,0
0.02270044945,0.008571947925,NaN,NaN,0
0.02270044945,0.008428783156,NaN,NaN,0
0.02270044945,0.008285619318,NaN,NaN,0
0.02270044945,0.008142455481,NaN,NaN,0
0.02270044945,0.007999291644,NaN,NaN,0
0.02270044945,0.007856126875,NaN,NaN,0
0.02270044945,0.007712963037,NaN,NaN,0
0.02270044945,0.0075697992,NaN,NaN,0
0.02270044945,0.007426635362,NaN,NaN,0
0.02270044945,0.007283471059,NaN,NaN,0
0.02270044945,0.007140307222,NaN,NaN,0
0.02270044945,0.006997142918,NaN,NaN,0
0.02270044945,0.006853979081,NaN,NaN,0
0.02270044945,0.006710814778,NaN,NaN,0
0.02270044945,0.00656765094,NaN,NaN,0
0.02270044945,0.006424486637,NaN,NaN,0
0.02270044945,0.0062813228,NaN,NaN,0
0.02270044945,0.006138158496,NaN,NaN,0
0.02270044945,0.005994994659,NaN,NaN,0
0.02270044945,0.005851830821,NaN,NaN,0
0.02270044945,0.005708666518,NaN,NaN,0
0.02270044945,0.005565502681,NaN,NaN,0
0.02270044945,0.005422338378,NaN,NaN,0
0.02270044945,0.00527917454,NaN,NaN,0
0.02270044945,0.005136010237,NaN,NaN,0
0.02270044945,0.0049928464,NaN,NaN,0
0.02270044945,0.004849682096,NaN,NaN,0
0.02270044945,0.004706518259,NaN,NaN,0
0.02270044945,0.004563353956,NaN,NaN,0
0.02270044945,0.004420190118,NaN,NaN,0
0.02270044945,0.004277025815,NaN,NaN,0
0.02270044945,0.004133861978,NaN,NaN,0
0.02270044945,0.00399069814,NaN,NaN,0
0.02270044945,0.003847533837,NaN,NaN,0
0.02270044945,0.003704369767,NaN,NaN,0
0.02270044945,0.003561205696,NaN,NaN,0
0.02270044945,0.003418041626,NaN,NaN,0
0.02270044945,0.003274877556,NaN,NaN,0
0.02270044945,0.003131713718,NaN,NaN,0
0.02270044945,0.002988549648,NaN,NaN,0
0.02270044945,0.002845385578,NaN,NaN,0
0.02270044945,0.002702221507,NaN,NaN,0
0.02270044945,0.002559057437,NaN,NaN,0
0.02270044945,0.002415893367,NaN,NaN,0
0.02270044945,0.002272729296,NaN,NaN,0
0.02270044945,0.002129565226,NaN,NaN,0
0.02270044945,0.001986401156,NaN,NaN,0
0.02270044945,0.001843237202,NaN,NaN,0
0.02270044945,0.001700073131,NaN,NaN,0
0.02270044945,0.001556909061,NaN,NaN,0
0.02270044945,0.001413744991,NaN,NaN,0
0.02270044945,0.00127058092,NaN,NaN,0
0.02270044945,0.00112741685,NaN,NaN,0
0.02270044945,0.0009842528962,NaN,NaN,0
0.02270044945,0.0008410888258,NaN,NaN,0
0.02270044945,0.0006979247555,NaN,NaN,0
0.02270044945,0.0005547606852,NaN,NaN,0
0.02270044945,0.000411596644,NaN,NaN,0
0.02270044945,0.0002684326028,NaN,NaN,0
0.02270044945,0.000125268547,NaN,NaN,0
0.02284361422,0.01916608773,NaN,NaN,0
0.02284361422,0.01902292296,NaN,NaN,0
0.02284361422,0.01887976006,NaN,NaN,0
0.02284361422,0.01873659529,NaN,NaN,0
0.02284361422,0.01859343052,NaN,NaN,0
0.02284361422,0.01845026761,NaN,NaN,0
0.02284361422,0.01830710284,NaN,NaN,0
0.02284361422,0.01816393808,NaN,NaN,0
0.02284361422,0.01802077517,NaN,NaN,0
0.02284361422,0.0178776104,NaN,NaN,0
0.02284361422,0.01773444749,NaN,NaN,0
0.02284361422,0.01759128273,NaN,NaN,0
0.02284361422,0.01744811796,NaN,NaN,0
0.02284361422,0.01730495505,NaN,NaN,0
0.02284361422,0.01716179028,NaN,NaN,0
0.02284361422,0.01701862738,NaN,NaN,0
0.02284361422,0.01687546261,NaN,NaN,0
0.02284361422,0.01673229784,NaN,NaN,0
0.02284361422,0.01658913493,NaN,NaN,0
0.02284361422,0.01644597016,NaN,NaN,0
0.02284361422,0.01630280726,NaN,NaN,0
0.02284361422,0.01615964249,NaN,NaN,0
0.02284361422,0.01601647772,NaN,NaN,0
0.02284361422,0.01587331481,NaN,NaN,0
0.02284361422,0.01573015004,NaN,NaN,0
0.02284361422,0.01558698621,NaN,NaN,0
0.02284361422,0.01544382237,NaN,NaN,0
0.02284361422,0.0153006576,NaN,NaN,0
0.02284361422,0.01515749376,NaN,NaN,0
0.02284361422,0.01501432993,NaN,NaN,0
0.02284361422,0.01487116609,NaN,NaN,0
0.02284361422,0.01472800132,NaN,NaN,0
0.02284361422,0.01458483748,NaN,NaN,0
0.02284361422,0.01444167364,NaN,NaN,0
0.02284361422,0.01429850981,NaN,NaN,0
0.02284361422,0.01415534597,NaN,NaN,0
0.02284361422,0.0140121812,NaN,NaN,0
0.02284361422,0.01386901736,NaN,NaN,0
0.02284361422,0.01372585353,NaN,NaN,0
0.02284361422,0.01358268969,NaN,NaN,0
0.02284361422,0.01343952492,NaN,NaN,0
0.02284361422,0.01329636108,NaN,NaN,0
0.02284361422,0.01315319724,NaN,NaN,0
0.02284361422,0.01301003341,NaN,NaN,0
0.02284361422,0.01286686864,NaN,NaN,0
0.02284361422,0.0127237048,NaN,NaN,0
0.02284361422,0.01258054096,NaN,NaN,0
0.02284361422,0.01243737713,NaN,NaN,0
0.02284361422,0.01229421329,NaN,NaN,0
0.02284361422,0.01215104852,NaN,NaN,0
0.02284361422,0.01200788468,NaN,NaN,0
0.02284361422,0.01186472084,NaN,NaN,0
0.02284361422,0.01172155701,NaN,NaN,0
0.02284361422,0.01157839224,NaN,NaN,0
0.02284361422,0.0114352284,NaN,NaN,0
0.02284361422,0.01129206456,NaN,NaN,0
0.02284361422,0.01114890072,NaN,NaN,0
0.02284361422,0.01100573689,NaN,NaN,0
0.02284361422,0.01086257212,NaN,NaN,0
0.02284361422,0.01071940828,NaN,NaN,0
0.02284361422,0.01057624444,NaN,NaN,0
0.02284361422,0.01043308061,NaN,NaN,0
0.02284361422,0.01028991584,NaN,NaN,0
0.02284361422,0.010146752,NaN,NaN,0
0.02284361422,0.01000358816,NaN,NaN,0
0.02284361422,0.009860424325,NaN,NaN,0
0.02284361422,0.009717259556,NaN,NaN,0
0.02284361422,0.009574095719,NaN,NaN,0
0.02284361422,0.009430931881,NaN,NaN,0
0.02284361422,0.009287768044,NaN,NaN,0
0.02284361422,0.009144604206,NaN,NaN,0
0.02284361422,0.009001439437,NaN,NaN,0
0.02284361422,0.0088582756,NaN,NaN,0
0.02284361422,0.008715111762,NaN,NaN,0
0.02284361422,0.008571947925,NaN,NaN,0
0.02284361422,0.008428783156,NaN,NaN,0
0.02284361422,0.008285619318,NaN,NaN,0
0.02284361422,0.008142455481,NaN,NaN,0
0.02284361422,0.007999291644,NaN,NaN,0
0.02284361422,0.007856126875,NaN,NaN,0
0.02284361422,0.007712963037,NaN,NaN,0
0.02284361422,0.0075697992,NaN,NaN,0
0.02284361422,0.007426635362,NaN,NaN,0
0.02284361422,0.007283471059,NaN,NaN,0
0.02284361422,0.007140307222,NaN,NaN,0
0.02284361422,0.006997142918,NaN,NaN,0
0.02284361422,0.006853979081,NaN,NaN,0
0.02284361422,0.006710814778,NaN,NaN,0
0.02284361422,0.00656765094,NaN,NaN,0
0.02284361422,0.006424486637,NaN,NaN,0
0.02284361422,0.0062813228,NaN,NaN,0
0.02284361422,0.006138158496,NaN,NaN,0
0.02284361422,0.005994994659,NaN,NaN,0
0.02284361422,0.005851830821,NaN,NaN,0
0.02284361422,0.005708666518,NaN,NaN,0
0.02284361422,0.005565502681,NaN,NaN,0
0.02284361422,0.005422338378,NaN,NaN,0
0.02284361422,0.00527917454,NaN,NaN,0
0.02284361422,0.005136010237,NaN,NaN,0
0.02284361422,0.0049928464,NaN,NaN,0
0.02284361422,0.004849682096,NaN,NaN,0
0.02284361422,0.004706518259,NaN,NaN,0
0.02284361422,0.004563353956,NaN,NaN,0
0.02284361422,0.004420190118,NaN,NaN,0
0.02284361422,0.004277025815,NaN,NaN,0
0.02284361422,0.004133861978,NaN,NaN,0
0.02284361422,0.00399069814,NaN,NaN,0
0.02284361422,0.003847533837,NaN,NaN,0
0.02284361422,0.003704369767,NaN,NaN,0
0.02284361422,0.003561205696,NaN,NaN,0
0.02284361422,0.003418041626,NaN,NaN,0
0.02284361422,0.003274877556,NaN,NaN,0
0.02284361422,0.003131713718,NaN,NaN,0
0.02284361422,0.002988549648,NaN,NaN,0
0.02284361422,0.002845385578,NaN,NaN,0
0.02284361422,0.002702221507,NaN,NaN,0
0.02284361422,0.002559057437,NaN,NaN,0
0.02284361422,0.002415893367,NaN,NaN,0
0.02284361422,0.002272729296,NaN,NaN,0
0.02284361422,0.002129565226,NaN,NaN,0
0.02284361422,0.001986401156,NaN,NaN,0
0.02284361422,0.001843237202,NaN,NaN,0
0.02284361422,0.001700073131,NaN,NaN,0
0.02284361422,0.001556909061,NaN,NaN,0
0.02284361422,0.001413744991,NaN,NaN,0
0.02284361422,0.00127058092,NaN,NaN,0
0.02284361422,0.00112741685,NaN,NaN,0
0.02284361422,0.0009842528962,NaN,NaN,0
0.02284361422,0.0008410888258,NaN,NaN,0
0.02284361422,0.0006979247555,NaN,NaN,0
0.02284361422,0.0005547606852,NaN,NaN,0
0.02284361422,0.000411596644,NaN,NaN,0
0.02284361422,0.0002684326028,NaN,NaN,0
0.02284361422,0.000125268547,NaN,NaN,0
0.02298677713,0.01916608773,NaN,NaN,0
0.02298677713,0.01902292296,NaN,NaN,0
0.02298677713,0.01887976006,NaN,NaN,0
0.02298677713,0.01873659529,NaN,NaN,0
0.02298677713,0.01859343052,NaN,NaN,0
0.02298677713,0.01845026761,NaN,NaN,0
0.02298677713,0.01830710284,NaN,NaN,0
0.02298677713,0.01816393808,NaN,NaN,0
0.02298677713,0.01802077517,NaN,NaN,0
0.02298677713,0.0178776104,NaN,NaN,0
0.02298677713,0.01773444749,NaN,NaN,0
0.02298677713,0.01759128273,NaN,NaN,0
0.02298677713,0.01744811796,NaN,NaN,0
0.02298677713,0.01730495505,NaN,NaN,0
0.02298677713,0.01716179028,NaN,NaN,0
0.02298677713,0.01701862738,NaN,NaN,0
0.02298677713,0.01687546261,NaN,NaN,0
0.02298677713,0.01673229784,NaN,NaN,0
0.02298677713,0.01658913493,NaN,NaN,0
0.02298677713,0.01644597016,NaN,NaN,0
0.02298677713,0.01630280726,NaN,NaN,0
0.02298677713,0.01615964249,NaN,NaN,0
0.02298677713,0.01601647772,NaN,NaN,0
0.02298677713,0.01587331481,NaN,NaN,0
0.02298677713,0.01573015004,NaN,NaN,0
0.02298677713,0.01558698621,NaN,NaN,0
0.02298677713,0.01544382237,NaN,NaN,0
0.02298677713,0.0153006576,NaN,NaN,0
0.02298677713,0.01515749376,NaN,NaN,0
0.02298677713,0.01501432993,NaN,NaN,0
0.02298677713,0.01487116609,NaN,NaN,0
0.02298677713,0.01472800132,NaN,NaN,0
0.02298677713,0.01458483748,NaN,NaN,0
0.02298677713,0.01444167364,NaN,NaN,0
0.02298677713,0.01429850981,NaN,NaN,0
0.02298677713,0.01415534597,NaN,NaN,0
0.02298677713,0.0140121812,NaN,NaN,0
0.02298677713,0.01386901736,NaN,NaN,0
0.02298677713,0.01372585353,NaN,NaN,0
0.02298677713,0.01358268969,NaN,NaN,0
0.02298677713,0.01343952492,NaN,NaN,0
0.02298677713,0.01329636108,NaN,NaN,0
0.02298677713,0.01315319724,NaN,NaN,0
0.02298677713,0.01301003341,NaN,NaN,0
0.02298677713,0.01286686864,NaN,NaN,0
0.02298677713,0.0127237048,NaN,NaN,0
0.02298677713,0.01258054096,NaN,NaN,0
0.02298677713,0.01243737713,NaN,NaN,0
0.02298677713,0.01229421329,NaN,NaN,0
0.02298677713,0.01215104852,NaN,NaN,0
0.02298677713,0.01200788468,NaN,NaN,0
0.02298677713,0.01186472084,NaN,NaN,0
0.02298677713,0.01172155701,NaN,NaN,0
0.02298677713,0.01157839224,NaN,NaN,0
0.02298677713,0.0114352284,NaN,NaN,0
0.02298677713,0.01129206456,NaN,NaN,0
0.02298677713,0.01114890072,NaN,NaN,0
0.02298677713,0.01100573689,NaN,NaN,0
0.02298677713,0.01086257212,NaN,NaN,0
0.02298677713,0.01071940828,NaN,NaN,0
0.02298677713,0.01057624444,NaN,NaN,0
0.02298677713,0.01043308061,NaN,NaN,0
0.02298677713,0.01028991584,NaN,NaN,0
0.02298677713,0.010146752,NaN,NaN,0
0.02298677713,0.01000358816,NaN,NaN,0
0.02298677713,0.009860424325,NaN,NaN,0
0.02298677713,0.009717259556,NaN,NaN,0
0.02298677713,0.009574095719,NaN,NaN,0
0.02298677713,0.009430931881,NaN,NaN,0
0.02298677713,0.009287768044,NaN,NaN,0
0.02298677713,0.009144604206,NaN,NaN,0
0.02298677713,0.009001439437,NaN,NaN,0
0.02298677713,0.0088582756,NaN,NaN,0
0.02298677713,0.008715111762,NaN,NaN,0
0.02298677713,0.008571947925,NaN,NaN,0
0.02298677713,0.008428783156,NaN,NaN,0
0.02298677713,0.008285619318,NaN,NaN,0
0.02298677713,0.008142455481,NaN,NaN,0
0.02298677713,0.007999291644,NaN,NaN,0
0.02298677713,0.007856126875,NaN,NaN,0
0.02298677713,0.007712963037,NaN,NaN,0
0.02298677713,0.0075697992,NaN,NaN,0
0.02298677713,0.007426635362,NaN,NaN,0
0.02298677713,0.007283471059,NaN,NaN,0
0.02298677713,0.007140307222,NaN,NaN,0
0.02298677713,0.006997142918,NaN,NaN,0
0.02298677713,0.006853979081,NaN,NaN,0
0.02298677713,0.006710814778,NaN,NaN,0
0.02298677713,0.00656765094,NaN,NaN,0
0.02298677713,0.006424486637,NaN,NaN,0
0.02298677713,0.0062813228,NaN,NaN,0
0.02298677713,0.006138158496,NaN,NaN,0
0.02298677713,0.005994994659,NaN,NaN,0
0.02298677713,0.005851830821,NaN,NaN,0
0.02298677713,0.005708666518,NaN,NaN,0
0.02298677713,0.005565502681,NaN,NaN,0
0.02298677713,0.005422338378,NaN,NaN,0
0.02298677713,0.00527917454,NaN,NaN,0
0.02298677713,0.005136010237,NaN,NaN,0
0.02298677713,0.0049928464,NaN,NaN,0
0.02298677713,0.004849682096,NaN,NaN,0
0.02298677713,0.004706518259,NaN,NaN,0
0.02298677713,0.004563353956,NaN,NaN,0
0.02298677713,0.004420190118,NaN,NaN,0
0.02298677713,0.004277025815,NaN,NaN,0
0.02298677713,0.004133861978,NaN,NaN,0
0.02298677713,0.00399069814,NaN,NaN,0
0.02298677713,0.003847533837,NaN,NaN,0
0.02298677713,0.003704369767,NaN,NaN,0
0.02298677713,0.003561205696,NaN,NaN,0
0.02298677713,0.003418041626,NaN,NaN,0
0.02298677713,0.003274877556,NaN,NaN,0
0.02298677713,0.003131713718,NaN,NaN,0
0.02298677713,0.002988549648,NaN,NaN,0
0.02298677713,0.002845385578,NaN,NaN,0
0.02298677713,0.002702221507,NaN,NaN,0
0.02298677713,0.002559057437,NaN,NaN,0
0.02298677713,0.002415893367,NaN,NaN,0
0.02298677713,0.002272729296,NaN,NaN,0
0.02298677713,0.002129565226,NaN,NaN,0
0.02298677713,0.001986401156,NaN,NaN,0
0.02298677713,0.001843237202,NaN,NaN,0
0.02298677713,0.001700073131,NaN,NaN,0
0.02298677713,0.001556909061,NaN,NaN,0
0.02298677713,0.001413744991,NaN,NaN,0
0.02298677713,0.00127058092,NaN,NaN,0
0.02298677713,0.00112741685,NaN,NaN,0
0.02298677713,0.0009842528962,NaN,NaN,0
0.02298677713,0.0008410888258,NaN,NaN,0
0.02298677713,0.0006979247555,NaN,NaN,0
0.02298677713,0.0005547606852,NaN,NaN,0
0.02298677713,0.000411596644,NaN,NaN,0
0.02298677713,0.0002684326028,NaN,NaN,0
0.02298677713,0.000125268547,NaN,NaN,0
0.0231299419,0.01916608773,NaN,NaN,0
0.0231299419,0.01902292296,NaN,NaN,0
0.0231299419,0.01887976006,NaN,NaN,0
0.0231299419,0.01873659529,NaN,NaN,0
0.0231299419,0.01859343052,NaN,NaN,0
0.0231299419,0.01845026761,NaN,NaN,0
0.0231299419,0.01830710284,NaN,NaN,0
0.0231299419,0.01816393808,NaN,NaN,0
0.0231299419,0.01802077517,NaN,NaN,0
0.0231299419,0.0178776104,NaN,NaN,0
0.0231299419,0.01773444749,NaN,NaN,0
0.0231299419,0.01759128273,NaN,NaN,0
0.0231299419,0.01744811796,NaN,NaN,0
0.0231299419,0.01730495505,NaN,NaN,0
0.0231299419,0.01716179028,NaN,NaN,0
0.0231299419,0.01701862738,NaN,NaN,0
0.0231299419,0.01687546261,NaN,NaN,0
0.0231299419,0.01673229784,NaN,NaN,0
0.0231299419,0.01658913493,NaN,NaN,0
0.0231299419,0.01644597016,NaN,NaN,0
0.0231299419,0.01630280726,NaN,NaN,0
0.0231299419,0.01615964249,NaN,NaN,0
0.0231299419,0.01601647772,NaN,NaN,0
0.0231299419,0.01587331481,NaN,NaN,0
0.0231299419,0.01573015004,NaN,NaN,0
0.0231299419,0.01558698621,NaN,NaN,0
0.0231299419,0.01544382237,NaN,NaN,0
0.0231299419,0.0153006576,NaN,NaN,0
0.0231299419,0.01515749376,NaN,NaN,0
0.0231299419,0.01501432993,NaN,NaN,0
0.0231299419,0.01487116609,NaN,NaN,0
0.0231299419,0.01472800132,NaN,NaN,0
0.0231299419,0.01458483748,NaN,NaN,0
0.0231299419,0.01444167364,NaN,NaN,0
0.0231299419,0.01429850981,NaN,NaN,0
0.0231299419,0.01415534597,NaN,NaN,0
0.0231299419,0.0140121812,NaN,NaN,0
0.0231299419,0.01386901736,NaN,NaN,0
0.0231299419,0.01372585353,NaN,NaN,0
0.0231299419,0.01358268969,NaN,NaN,0
0.0231299419,0.01343952492,NaN,NaN,0
0.0231299419,0.01329636108,NaN,NaN,0
0.0231299419,0.01315319724,NaN,NaN,0
0.0231299419,0.01301003341,NaN,NaN,0
0.0231299419,0.01286686864,NaN,NaN,0
0.0231299419,0.0127237048,NaN,NaN,0
0.0231299419,0.01258054096,NaN,NaN,0
0.0231299419,0.01243737713,NaN,NaN,0
0.0231299419,0.01229421329,NaN,NaN,0
0.0231299419,0.01215104852,NaN,NaN,0
0.0231299419,0.01200788468,NaN,NaN,0
0.0231299419,0.01186472084,NaN,NaN,0
0.0231299419,0.01172155701,NaN,NaN,0
0.0231299419,0.01157839224,NaN,NaN,0
0.0231299419,0.0114352284,NaN,NaN,0
0.0231299419,0.01129206456,NaN,NaN,0
0.0231299419,0.01114890072,NaN,NaN,0
0.0231299419,0.01100573689,NaN,NaN,0
0.0231299419,0.01086257212,NaN,NaN,0
0.0231299419,0.01071940828,NaN,NaN,0
0.0231299419,0.01057624444,NaN,NaN,0
0.0231299419,0.01043308061,NaN,NaN,0
0.0231299419,0.01028991584,NaN,NaN,0
0.0231299419,0.010146752,NaN,NaN,0
0.0231299419,0.01000358816,NaN,NaN,0
0.0231299419,0.009860424325,NaN,NaN,0
0.0231299419,0.009717259556,NaN,NaN,0
0.0231299419,0.009574095719,NaN,NaN,0
0.0231299419,0.009430931881,NaN,NaN,0
0.0231299419,0.009287768044,NaN,NaN,0
0.0231299419,0.009144604206,NaN,NaN,0
0.0231299419,0.009001439437,NaN,NaN,0
0.0231299419,0.0088582756,NaN,NaN,0
0.0231299419,0.008715111762,NaN,NaN,0
0.0231299419,0.008571947925,NaN,NaN,0
0.0231299419,0.008428783156,NaN,NaN,0
0.0231299419,0.008285619318,NaN,NaN,0
0.0231299419,0.008142455481,NaN,NaN,0
0.0231299419,0.007999291644,NaN,NaN,0
0.0231299419,0.007856126875,NaN,NaN,0
0.0231299419,0.007712963037,NaN,NaN,0
0.0231299419,0.0075697992,NaN,NaN,0
0.0231299419,0.007426635362,NaN,NaN,0
0.0231299419,0.007283471059,NaN,NaN,0
0.0231299419,0.007140307222,NaN,NaN,0
0.0231299419,0.006997142918,NaN,NaN,0
0.0231299419,0.006853979081,NaN,NaN,0
0.0231299419,0.006710814778,NaN,NaN,0
0.0231299419,0.00656765094,NaN,NaN,0
0.0231299419,0.006424486637,NaN,NaN,0
0.0231299419,0.0062813228,NaN,NaN,0
0.0231299419,0.006138158496,NaN,NaN,0
0.0231299419,0.005994994659,NaN,NaN,0
0.0231299419,0.005851830821,NaN,NaN,0
0.0231299419,0.005708666518,NaN,NaN,0
0.0231299419,0.005565502681,NaN,NaN,0
0.0231299419,0.005422338378,NaN,NaN,0
0.0231299419,0.00527917454,NaN,NaN,0
0.0231299419,0.005136010237,NaN,NaN,0
0.0231299419,0.0049928464,NaN,NaN,0
0.0231299419,0.004849682096,NaN,NaN,0
0.0231299419,0.004706518259,NaN,NaN,0
0.0231299419,0.004563353956,NaN,NaN,0
0.0231299419,0.004420190118,NaN,NaN,0
0.0231299419,0.004277025815,NaN,NaN,0
0.0231299419,0.004133861978,NaN,NaN,0
0.0231299419,0.00399069814,NaN,NaN,0
0.0231299419,0.003847533837,NaN,NaN,0
0.0231299419,0.003704369767,NaN,NaN,0
0.0231299419,0.003561205696,NaN,NaN,0
0.0231299419,0.003418041626,NaN,NaN,0
0.0231299419,0.003274877556,NaN,NaN,0
0.0231299419,0.003131713718,NaN,NaN,0
0.0231299419,0.002988549648,NaN,NaN,0
0.0231299419,0.002845385578,NaN,NaN,0
0.0231299419,0.002702221507,NaN,NaN,0
0.0231299419,0.002559057437,NaN,NaN,0
0.0231299419,0.002415893367,NaN,NaN,0
0.0231299419,0.002272729296,NaN,NaN,0
0.0231299419,0.002129565226,NaN,NaN,0
0.0231299419,0.001986401156,NaN,NaN,0
0.0231299419,0.001843237202,NaN,NaN,0
0.0231299419,0.001700073131,NaN,NaN,0
0.0231299419,0.001556909061,NaN,NaN,0
0.0231299419,0.001413744991,NaN,NaN,0
0.0231299419,0.00127058092,NaN,NaN,0
0.0231299419,0.00112741685,NaN,NaN,0
0.0231299419,0.0009842528962,NaN,NaN,0
0.0231299419,0.0008410888258,NaN,NaN,0
0.0231299419,0.0006979247555,NaN,NaN,0
0.0231299419,0.0005547606852,NaN,NaN,0
0.0231299419,0.000411596644,NaN,NaN,0
0.0231299419,0.0002684326028,NaN,NaN,0
0.0231299419,0.000125268547,NaN,NaN,0
0.02327310666,0.01916608773,NaN,NaN,0
0.02327310666,0.01902292296,NaN,NaN,0
0.02327310666,0.01887976006,NaN,NaN,0
0.02327310666,0.01873659529,NaN,NaN,0
0.02327310666,0.01859343052,NaN,NaN,0
0.02327310666,0.01845026761,NaN,NaN,0
0.02327310666,0.01830710284,NaN,NaN,0
0.02327310666,0.01816393808,NaN,NaN,0
0.02327310666,0.01802077517,NaN,NaN,0
0.02327310666,0.0178776104,NaN,NaN,0
0.02327310666,0.01773444749,NaN,NaN,0
0.02327310666,0.01759128273,NaN,NaN,0
0.02327310666,0.01744811796,NaN,NaN,0
0.02327310666,0.01730495505,NaN,NaN,0
0.02327310666,0.01716179028,NaN,NaN,0
0.02327310666,0.01701862738,NaN,NaN,0
0.02327310666,0.01687546261,NaN,NaN,0
0.02327310666,0.01673229784,NaN,NaN,0
0.02327310666,0.01658913493,NaN,NaN,0
0.02327310666,0.01644597016,NaN,NaN,0
0.02327310666,0.01630280726,NaN,NaN,0
0.02327310666,0.01615964249,NaN,NaN,0
0.02327310666,0.01601647772,NaN,NaN,0
0.02327310666,0.01587331481,NaN,NaN,0
0.02327310666,0.01573015004,NaN,NaN,0
0.02327310666,0.01558698621,NaN,NaN,0
0.02327310666,0.01544382237,NaN,NaN,0
0.02327310666,0.0153006576,NaN,NaN,0
0.02327310666,0.01515749376,NaN,NaN,0
0.02327310666,0.01501432993,NaN,NaN,0
0.02327310666,0.01487116609,NaN,NaN,0
0.02327310666,0.01472800132,NaN,NaN,0
0.02327310666,0.01458483748,NaN,NaN,0
0.02327310666,0.01444167364,NaN,NaN,0
0.02327310666,0.01429850981,NaN,NaN,0
0.02327310666,0.01415534597,NaN,NaN,0
0.02327310666,0.0140121812,NaN,NaN,0
0.02327310666,0.01386901736,NaN,NaN,0
0.02327310666,0.01372585353,NaN,NaN,0
0.02327310666,0.01358268969,NaN,NaN,0
0.02327310666,0.01343952492,NaN,NaN,0
0.02327310666,0.01329636108,NaN,NaN,0
0.02327310666,0.01315319724,NaN,NaN,0
0.02327310666,0.01301003341,NaN,NaN,0
0.02327310666,0.01286686864,NaN,NaN,0
0.02327310666,0.0127237048,NaN,NaN,0
0.02327310666,0.01258054096,NaN,NaN,0
0.02327310666,0.01243737713,NaN,NaN,0
0.02327310666,0.01229421329,NaN,NaN,0
0.02327310666,0.01215104852,NaN,NaN,0
0.02327310666,0.01200788468,NaN,NaN,0
0.02327310666,0.01186472084,NaN,NaN,0
0.02327310666,0.01172155701,NaN,NaN,0
0.02327310666,0.01157839224,NaN,NaN,0
0.02327310666,0.0114352284,NaN,NaN,0
0.02327310666,0.01129206456,NaN,NaN,0
0.02327310666,0.01114890072,NaN,NaN,0
0.02327310666,0.01100573689,NaN,NaN,0
0.02327310666,0.01086257212,NaN,NaN,0
0.02327310666,0.01071940828,NaN,NaN,0
0.02327310666,0.01057624444,NaN,NaN,0
0.02327310666,0.01043308061,NaN,NaN,0
0.02327310666,0.01028991584,NaN,NaN,0
0.02327310666,0.010146752,NaN,NaN,0
0.02327310666,0.01000358816,NaN,NaN,0
0.02327310666,0.009860424325,NaN,NaN,0
0.02327310666,0.009717259556,NaN,NaN,0
0.02327310666,0.009574095719,NaN,NaN,0
0.02327310666,0.009430931881,NaN,NaN,0
0.02327310666,0.009287768044,NaN,NaN,0
0.02327310666,0.009144604206,NaN,NaN,0
0.02327310666,0.009001439437,NaN,NaN,0
0.02327310666,0.0088582756,NaN,NaN,0
0.02327310666,0.008715111762,NaN,NaN,0
0.02327310666,0.008571947925,NaN,NaN,0
0.02327310666,0.008428783156,NaN,NaN,0
0.02327310666,0.008285619318,NaN,NaN,0
0.02327310666,0.008142455481,NaN,NaN,0
0.02327310666,0.007999291644,NaN,NaN,0
0.02327310666,0.007856126875,NaN,NaN,0
0.02327310666,0.007712963037,NaN,NaN,0
0.02327310666,0.0075697992,NaN,NaN,0
0.02327310666,0.007426635362,NaN,NaN,0
0.02327310666,0.007283471059,NaN,NaN,0
0.02327310666,0.007140307222,NaN,NaN,0
0.02327310666,0.006997142918,NaN,NaN,0
0.02327310666,0.006853979081,NaN,NaN,0
0.02327310666,0.006710814778,NaN,NaN,0
0.02327310666,0.00656765094,NaN,NaN,0
0.02327310666,0.006424486637,NaN,NaN,0
0.02327310666,0.0062813228,NaN,NaN,0
0.02327310666,0.006138158496,NaN,NaN,0
0.02327310666,0.005994994659,NaN,NaN,0
0.02327310666,0.005851830821,NaN,NaN,0
0.02327310666,0.005708666518,NaN,NaN,0
0.02327310666,0.005565502681,NaN,NaN,0
0.02327310666,0.005422338378,NaN,NaN,0
0.02327310666,0.00527917454,NaN,NaN,0
0.02327310666,0.005136010237,NaN,NaN,0
0.02327310666,0.0049928464,NaN,NaN,0
0.02327310666,0.004849682096,NaN,NaN,0
0.02327310666,0.004706518259,NaN,NaN,0
0.02327310666,0.004563353956,NaN,NaN,0
0.02327310666,0.004420190118,NaN,NaN,0
0.02327310666,0.004277025815,NaN,NaN,0
0.02327310666,0.004133861978,NaN,NaN,0
0.02327310666,0.00399069814,NaN,NaN,0
0.02327310666,0.003847533837,NaN,NaN,0
0.02327310666,0.003704369767,NaN,NaN,0
0.02327310666,0.003561205696,NaN,NaN,0
0.02327310666,0.003418041626,NaN,NaN,0
0.02327310666,0.003274877556,NaN,NaN,0
0.02327310666,0.003131713718,NaN,NaN,0
0.02327310666,0.002988549648,NaN,NaN,0
0.02327310666,0.002845385578,NaN,NaN,0
0.02327310666,0.002702221507,NaN,NaN,0
0.02327310666,0.002559057437,NaN,NaN,0
0.02327310666,0.002415893367,NaN,NaN,0
0.02327310666,0.002272729296,NaN,NaN,0
0.02327310666,0.002129565226,NaN,NaN,0
0.02327310666,0.001986401156,NaN,NaN,0
0.02327310666,0.001843237202,NaN,NaN,0
0.02327310666,0.001700073131,NaN,NaN,0
0.02327310666,0.001556909061,NaN,NaN,0
0.02327310666,0.001413744991,NaN,NaN,0
0.02327310666,0.00127058092,NaN,NaN,0
0.02327310666,0.00112741685,NaN,NaN,0
0.02327310666,0.0009842528962,NaN,NaN,0
0.02327310666,0.0008410888258,NaN,NaN,0
0.02327310666,0.0006979247555,NaN,NaN,0
0.02327310666,0.0005547606852,NaN,NaN,0
0.02327310666,0.000411596644,NaN,NaN,0
0.02327310666,0.0002684326028,NaN,NaN,0
0.02327310666,0.000125268547,NaN,NaN,0
0.02341626957,0.01916608773,NaN,NaN,0
0.02341626957,0.01902292296,NaN,NaN,0
0.02341626957,0.01887976006,NaN,NaN,0
0.02341626957,0.01873659529,NaN,NaN,0
0.02341626957,0.01859343052,NaN,NaN,0
0.02341626957,0.01845026761,NaN,NaN,0
0.02341626957,0.01830710284,NaN,NaN,0
0.02341626957,0.01816393808,NaN,NaN,0
0.02341626957,0.01802077517,NaN,NaN,0
0.02341626957,0.0178776104,NaN,NaN,0
0.02341626957,0.01773444749,NaN,NaN,0
0.02341626957,0.01759128273,NaN,NaN,0
0.02341626957,0.01744811796,NaN,NaN,0
0.02341626957,0.01730495505,NaN,NaN,0
0.02341626957,0.01716179028,NaN,NaN,0
0.02341626957,0.01701862738,NaN,NaN,0
0.02341626957,0.01687546261,NaN,NaN,0
0.02341626957,0.01673229784,NaN,NaN,0
0.02341626957,0.01658913493,NaN,NaN,0
0.02341626957,0.01644597016,NaN,NaN,0
0.02341626957,0.01630280726,NaN,NaN,0
0.02341626957,0.01615964249,NaN,NaN,0
0.02341626957,0.01601647772,NaN,NaN,0
0.02341626957,0.01587331481,NaN,NaN,0
0.02341626957,0.01573015004,NaN,NaN,0
0.02341626957,0.01558698621,NaN,NaN,0
0.02341626957,0.01544382237,NaN,NaN,0
0.02341626957,0.0153006576,NaN,NaN,0
0.02341626957,0.01515749376,NaN,NaN,0
0.02341626957,0.01501432993,NaN,NaN,0
0.02341626957,0.01487116609,NaN,NaN,0
0.02341626957,0.01472800132,NaN,NaN,0
0.02341626957,0.01458483748,NaN,NaN,0
0.02341626957,0.01444167364,NaN,NaN,0
0.02341626957,0.01429850981,NaN,NaN,0
0.02341626957,0.01415534597,NaN,NaN,0
0.02341626957,0.0140121812,NaN,NaN,0
0.02341626957,0.01386901736,NaN,NaN,0
0.02341626957,0.01372585353,NaN,NaN,0
0.02341626957,0.01358268969,NaN,NaN,0
0.02341626957,0.01343952492,NaN,NaN,0
0.02341626957,0.01329636108,NaN,NaN,0
0.02341626957,0.01315319724,NaN,NaN,0
0.02341626957,0.01301003341,NaN,NaN,0
0.02341626957,0.01286686864,NaN,NaN,0
0.02341626957,0.0127237048,NaN,NaN,0
0.02341626957,0.01258054096,NaN,NaN,0
0.02341626957,0.01243737713,NaN,NaN,0
0.02341626957,0.01229421329,NaN,NaN,0
0.02341626957,0.01215104852,NaN,NaN,0
0.02341626957,0.01200788468,NaN,NaN,0
0.02341626957,0.01186472084,NaN,NaN,0
0.02341626957,0.01172155701,NaN,NaN,0
0.02341626957,0.01157839224,NaN,NaN,0
0.02341626957,0.0114352284,NaN,NaN,0
0.02341626957,0.01129206456,NaN,NaN,0
0.02341626957,0.01114890072,NaN,NaN,0
0.02341626957,0.01100573689,NaN,NaN,0
0.02341626957,0.01086257212,NaN,NaN,0
0.02341626957,0.01071940828,NaN,NaN,0
0.02341626957,0.01057624444,NaN,NaN,0
0.02341626957,0.01043308061,NaN,NaN,0
0.02341626957,0.01028991584,NaN,NaN,0
0.02341626957,0.010146752,NaN,NaN,0
0.02341626957,0.01000358816,NaN,NaN,0
0.02341626957,0.009860424325,NaN,NaN,0
0.02341626957,0.009717259556,NaN,NaN,0
0.02341626957,0.009574095719,NaN,NaN,0
0.02341626957,0.009430931881,NaN,NaN,0
0.02341626957,0.009287768044,NaN,NaN,0
0.02341626957,0.009144604206,NaN,NaN,0
0.02341626957,0.009001439437,NaN,NaN,0
0.02341626957,0.0088582756,NaN,NaN,0
0.02341626957,0.008715111762,NaN,NaN,0
0.02341626957,0.008571947925,NaN,NaN,0
0.02341626957,0.008428783156,NaN,NaN,0
0.02341626957,0.008285619318,NaN,NaN,0
0.02341626957,0.008142455481,NaN,NaN,0
0.02341626957,0.007999291644,NaN,NaN,0
0.02341626957,0.007856126875,NaN,NaN,0
0.02341626957,0.007712963037,NaN,NaN,0
0.02341626957,0.0075697992,NaN,NaN,0
0.02341626957,0.007426635362,NaN,NaN,0
0.02341626957,0.007283471059,NaN,NaN,0
0.02341626957,0.007140307222,NaN,NaN,0
0.02341626957,0.006997142918,NaN,NaN,0
0.02341626957,0.006853979081,NaN,NaN,0
0.02341626957,0.006710814778,NaN,NaN,0
0.02341626957,0.00656765094,NaN,NaN,0
0.02341626957,0.006424486637,NaN,NaN,0
0.02341626957,0.0062813228,NaN,NaN,0
0.02341626957,0.006138158496,NaN,NaN,0
0.02341626957,0.005994994659,NaN,NaN,0
0.02341626957,0.005851830821,NaN,NaN,0
0.02341626957,0.005708666518,NaN,NaN,0
0.02341626957,0.005565502681,NaN,NaN,0
0.02341626957,0.005422338378,NaN,NaN,0
0.02341626957,0.00527917454,NaN,NaN,0
0.02341626957,0.005136010237,NaN,NaN,0
0.02341626957,0.0049928464,NaN,NaN,0
0.02341626957,0.004849682096,NaN,NaN,0
0.02341626957,0.004706518259,NaN,NaN,0
0.02341626957,0.004563353956,NaN,NaN,0
0.02341626957,0.004420190118,NaN,NaN,0
0.02341626957,0.004277025815,NaN,NaN,0
0.02341626957,0.004133861978,NaN,NaN,0
0.02341626957,0.00399069814,NaN,NaN,0
0.02341626957,0.003847533837,NaN,NaN,0
0.02341626957,0.003704369767,NaN,NaN,0
0.02341626957,0.003561205696,NaN,NaN,0
0.02341626957,0.003418041626,NaN,NaN,0
0.02341626957,0.003274877556,NaN,NaN,0
0.02341626957,0.003131713718,NaN,NaN,0
0.02341626957,0.002988549648,NaN,NaN,0
0.02341626957,0.002845385578,NaN,NaN,0
0.02341626957,0.002702221507,NaN,NaN,0
0.02341626957,0.002559057437,NaN,NaN,0
0.02341626957,0.002415893367,NaN,NaN,0
0.02341626957,0.002272729296,NaN,NaN,0
0.02341626957,0.002129565226,NaN,NaN,0
0.02341626957,0.001986401156,NaN,NaN,0
0.02341626957,0.001843237202,NaN,NaN,0
0.02341626957,0.001700073131,NaN,NaN,0
0.02341626957,0.001556909061,NaN,NaN,0
0.02341626957,0.001413744991,NaN,NaN,0
0.02341626957,0.00127058092,NaN,NaN,0
0.02341626957,0.00112741685,NaN,NaN,0
0.02341626957,0.0009842528962,NaN,NaN,0
0.02341626957,0.0008410888258,NaN,NaN,0
0.02341626957,0.0006979247555,NaN,NaN,0
0.02341626957,0.0005547606852,NaN,NaN,0
0.02341626957,0.000411596644,NaN,NaN,0
0.02341626957,0.0002684326028,NaN,NaN,0
0.02341626957,0.000125268547,NaN,NaN,0
0.02355943434,0.01916608773,NaN,NaN,0
0.02355943434,0.01902292296,NaN,NaN,0
0.02355943434,0.01887976006,NaN,NaN,0
0.02355943434,0.01873659529,NaN,NaN,0
0.02355943434,0.01859343052,NaN,NaN,0
0.02355943434,0.01845026761,NaN,NaN,0
0.02355943434,0.01830710284,NaN,NaN,0
0.02355943434,0.01816393808,NaN,NaN,0
0.02355943434,0.01802077517,NaN,NaN,0
0.02355943434,0.0178776104,NaN,NaN,0
0.02355943434,0.01773444749,NaN,NaN,0
0.02355943434,0.01759128273,NaN,NaN,0
0.02355943434,0.01744811796,NaN,NaN,0
0.02355943434,0.01730495505,NaN,NaN,0
0.02355943434,0.01716179028,NaN,NaN,0
0.02355943434,0.01701862738,NaN,NaN,0
0.02355943434,0.01687546261,NaN,NaN,0
0.02355943434,0.01673229784,NaN,NaN,0
0.02355943434,0.01658913493,NaN,NaN,0
0.02355943434,0.01644597016,NaN,NaN,0
0.02355943434,0.01630280726,NaN,NaN,0
0.02355943434,0.01615964249,NaN,NaN,0
0.02355943434,0.01601647772,NaN,NaN,0
0.02355943434,0.01587331481,NaN,NaN,0
0.02355943434,0.01573015004,NaN,NaN,0
0.02355943434,0.01558698621,NaN,NaN,0
0.02355943434,0.01544382237,NaN,NaN,0
0.02355943434,0.0153006576,NaN,NaN,0
0.02355943434,0.01515749376,NaN,NaN,0
0.02355943434,0.01501432993,NaN,NaN,0
0.02355943434,0.01487116609,NaN,NaN,0
0.02355943434,0.01472800132,NaN,NaN,0
0.02355943434,0.01458483748,NaN,NaN,0
0.02355943434,0.01444167364,NaN,NaN,0
0.02355943434,0.01429850981,NaN,NaN,0
0.02355943434,0.01415534597,NaN,NaN,0
0.02355943434,0.0140121812,NaN,NaN,0
0.02355943434,0.01386901736,NaN,NaN,0
0.02355943434,0.01372585353,NaN,NaN,0
0.02355943434,0.01358268969,NaN,NaN,0
0.02355943434,0.01343952492,NaN,NaN,0
0.02355943434,0.01329636108,NaN,NaN,0
0.02355943434,0.01315319724,NaN,NaN,0
0.02355943434,0.01301003341,NaN,NaN,0
0.02355943434,0.01286686864,NaN,NaN,0
0.02355943434,0.0127237048,NaN,NaN,0
0.02355943434,0.01258054096,NaN,NaN,0
0.02355943434,0.01243737713,NaN,NaN,0
0.02355943434,0.01229421329,NaN,NaN,0
0.02355943434,0.01215104852,NaN,NaN,0
0.02355943434,0.01200788468,NaN,NaN,0
0.02355943434,0.01186472084,NaN,NaN,0
0.02355943434,0.01172155701,NaN,NaN,0
0.02355943434,0.01157839224,NaN,NaN,0
0.02355943434,0.0114352284,NaN,NaN,0
0.02355943434,0.01129206456,NaN,NaN,0
0.02355943434,0.01114890072,NaN,NaN,0
0.02355943434,0.01100573689,NaN,NaN,0
0.02355943434,0.01086257212,NaN,NaN,0
0.02355943434,0.01071940828,NaN,NaN,0
0.02355943434,0.01057624444,NaN,NaN,0
0.02355943434,0.01043308061,NaN,NaN,0
0.02355943434,0.01028991584,NaN,NaN,0
0.02355943434,0.010146752,NaN,NaN,0
0.02355943434,0.01000358816,NaN,NaN,0
0.02355943434,0.009860424325,NaN,NaN,0
0.02355943434,0.009717259556,NaN,NaN,0
0.02355943434,0.009574095719,NaN,NaN,0
0.02355943434,0.009430931881,NaN,NaN,0
0.02355943434,0.009287768044,NaN,NaN,0
0.02355943434,0.009144604206,NaN,NaN,0
0.02355943434,0.009001439437,NaN,NaN,0
0.02355943434,0.0088582756,NaN,NaN,0
0.02355943434,0.008715111762,NaN,NaN,0
0.02355943434,0.008571947925,NaN,NaN,0
0.02355943434,0.008428783156,NaN,NaN,0
0.02355943434,0.008285619318,NaN,NaN,0
0.02355943434,0.008142455481,NaN,NaN,0
0.02355943434,0.007999291644,NaN,NaN,0
0.02355943434,0.007856126875,NaN,NaN,0
0.02355943434,0.007712963037,NaN,NaN,0
0.02355943434,0.0075697992,NaN,NaN,0
0.02355943434,0.007426635362,NaN,NaN,0
0.02355943434,0.007283471059,NaN,NaN,0
0.02355943434,0.007140307222,NaN,NaN,0
0.02355943434,0.006997142918,NaN,NaN,0
0.02355943434,0.006853979081,NaN,NaN,0
0.02355943434,0.006710814778,NaN,NaN,0
0.02355943434,0.00656765094,NaN,NaN,0
0.02355943434,0.006424486637,NaN,NaN,0
0.02355943434,0.0062813228,NaN,NaN,0
0.02355943434,0.006138158496,NaN,NaN,0
0.02355943434,0.005994994659,NaN,NaN,0
0.02355943434,0.005851830821,NaN,NaN,0
0.02355943434,0.005708666518,NaN,NaN,0
0.02355943434,0.005565502681,NaN,NaN,0
0.02355943434,0.005422338378,NaN,NaN,0
0.02355943434,0.00527917454,NaN,NaN,0
0.02355943434,0.005136010237,NaN,NaN,0
0.02355943434,0.0049928464,NaN,NaN,0
0.02355943434,0.004849682096,NaN,NaN,0
0.02355943434,0.004706518259,NaN,NaN,0
0.02355943434,0.004563353956,NaN,NaN,0
0.02355943434,0.004420190118,NaN,NaN,0
0.02355943434,0.004277025815,NaN,NaN,0
0.02355943434,0.004133861978,NaN,NaN,0
0.02355943434,0.00399069814,NaN,NaN,0
0.02355943434,0.003847533837,NaN,NaN,0
0.02355943434,0.003704369767,NaN,NaN,0
0.02355943434,0.003561205696,NaN,NaN,0
0.02355943434,0.003418041626,NaN,NaN,0
0.02355943434,0.003274877556,NaN,NaN,0
0.02355943434,0.003131713718,NaN,NaN,0
0.02355943434,0.002988549648,NaN,NaN,0
0.02355943434,0.002845385578,NaN,NaN,0
0.02355943434,0.002702221507,NaN,NaN,0
0.02355943434,0.002559057437,NaN,NaN,0
0.02355943434,0.002415893367,NaN,NaN,0
0.02355943434,0.002272729296,NaN,NaN,0
0.02355943434,0.002129565226,NaN,NaN,0
0.02355943434,0.001986401156,NaN,NaN,0
0.02355943434,0.001843237202,NaN,NaN,0
0.02355943434,0.001700073131,NaN,NaN,0
0.02355943434,0.001556909061,NaN,NaN,0
0.02355943434,0.001413744991,NaN,NaN,0
0.02355943434,0.00127058092,NaN,NaN,0
0.02355943434,0.00112741685,NaN,NaN,0
0.02355943434,0.0009842528962,NaN,NaN,0
0.02355943434,0.0008410888258,NaN,NaN,0
0.02355943434,0.0006979247555,NaN,NaN,0
0.02355943434,0.0005547606852,NaN,NaN,0
0.02355943434,0.000411596644,NaN,NaN,0
0.02355943434,0.0002684326028,NaN,NaN,0
0.02355943434,0.000125268547,NaN,NaN,0
0.02370259911,0.01916608773,NaN,NaN,0
0.02370259911,0.01902292296,NaN,NaN,0
0.02370259911,0.01887976006,NaN,NaN,0
0.02370259911,0.01873659529,NaN,NaN,0
0.02370259911,0.01859343052,NaN,NaN,0
0.02370259911,0.01845026761,NaN,NaN,0
0.02370259911,0.01830710284,NaN,NaN,0
0.02370259911,0.01816393808,NaN,NaN,0
0.02370259911,0.01802077517,NaN,NaN,0
0.02370259911,0.0178776104,NaN,NaN,0
0.02370259911,0.01773444749,NaN,NaN,0
0.02370259911,0.01759128273,NaN,NaN,0
0.02370259911,0.01744811796,NaN,NaN,0
0.02370259911,0.01730495505,NaN,NaN,0
0.02370259911,0.01716179028,NaN,NaN,0
0.02370259911,0.01701862738,NaN,NaN,0
0.02370259911,0.01687546261,NaN,NaN,0
0.02370259911,0.01673229784,NaN,NaN,0
0.02370259911,0.01658913493,NaN,NaN,0
0.02370259911,0.01644597016,NaN,NaN,0
0.02370259911,0.01630280726,NaN,NaN,0
0.02370259911,0.01615964249,NaN,NaN,0
0.02370259911,0.01601647772,NaN,NaN,0
0.02370259911,0.01587331481,NaN,NaN,0
0.02370259911,0.01573015004,NaN,NaN,0
0.02370259911,0.01558698621,NaN,NaN,0
0.02370259911,0.01544382237,NaN,NaN,0
0.02370259911,0.0153006576,NaN,NaN,0
0.02370259911,0.01515749376,NaN,NaN,0
0.02370259911,0.01501432993,NaN,NaN,0
0.02370259911,0.01487116609,NaN,NaN,0
0.02370259911,0.01472800132,NaN,NaN,0
0.02370259911,0.01458483748,NaN,NaN,0
0.02370259911,0.01444167364,NaN,NaN,0
0.02370259911,0.01429850981,NaN,NaN,0
0.02370259911,0.01415534597,NaN,NaN,0
0.02370259911,0.0140121812,NaN,NaN,0
0.02370259911,0.01386901736,NaN,NaN,0
0.02370259911,0.01372585353,NaN,NaN,0
0.02370259911,0.01358268969,NaN,NaN,0
0.02370259911,0.01343952492,NaN,NaN,0
0.02370259911,0.01329636108,NaN,NaN,0
0.02370259911,0.01315319724,NaN,NaN,0
0.02370259911,0.01301003341,NaN,NaN,0
0.02370259911,0.01286686864,NaN,NaN,0
0.02370259911,0.0127237048,NaN,NaN,0
0.02370259911,0.01258054096,NaN,NaN,0
0.02370259911,0.01243737713,NaN,NaN,0
0.02370259911,0.01229421329,NaN,NaN,0
0.02370259911,0.01215104852,NaN,NaN,0
0.02370259911,0.01200788468,NaN,NaN,0
0.02370259911,0.01186472084,NaN,NaN,0
0.02370259911,0.01172155701,NaN,NaN,0
0.02370259911,0.01157839224,NaN,NaN,0
0.02370259911,0.0114352284,NaN,NaN,0
0.02370259911,0.01129206456,NaN,NaN,0
0.02370259911,0.01114890072,NaN,NaN,0
0.02370259911,0.01100573689,NaN,NaN,0
0.02370259911,0.01086257212,NaN,NaN,0
0.02370259911,0.01071940828,NaN,NaN,0
0.02370259911,0.01057624444,NaN,NaN,0
0.02370259911,0.01043308061,NaN,NaN,0
0.02370259911,0.01028991584,NaN,NaN,0
0.02370259911,0.010146752,NaN,NaN,0
0.02370259911,0.01000358816,NaN,NaN,0
0.02370259911,0.009860424325,NaN,NaN,0
0.02370259911,0.009717259556,NaN,NaN,0
0.02370259911,0.009574095719,NaN,NaN,0
0.02370259911,0.009430931881,NaN,NaN,0
0.02370259911,0.009287768044,NaN,NaN,0
0.02370259911,0.009144604206,NaN,NaN,0
0.02370259911,0.009001439437,NaN,NaN,0
0.02370259911,0.0088582756,NaN,NaN,0
0.02370259911,0.008715111762,NaN,NaN,0
0.02370259911,0.008571947925,NaN,NaN,0
0.02370259911,0.008428783156,NaN,NaN,0
0.02370259911,0.008285619318,NaN,NaN,0
0.02370259911,0.008142455481,NaN,NaN,0
0.02370259911,0.007999291644,NaN,NaN,0
0.02370259911,0.007856126875,NaN,NaN,0
0.02370259911,0.007712963037,NaN,NaN,0
0.02370259911,0.0075697992,NaN,NaN,0
0.02370259911,0.007426635362,NaN,NaN,0
0.02370259911,0.007283471059,NaN,NaN,0
0.02370259911,0.007140307222,NaN,NaN,0
0.02370259911,0.006997142918,NaN,NaN,0
0.02370259911,0.006853979081,NaN,NaN,0
0.02370259911,0.006710814778,NaN,NaN,0
0.02370259911,0.00656765094,NaN,NaN,0
0.02370259911,0.006424486637,NaN,NaN,0
0.02370259911,0.0062813228,NaN,NaN,0
0.02370259911,0.006138158496,NaN,NaN,0
0.02370259911,0.005994994659,NaN,NaN,0
0.02370259911,0.005851830821,NaN,NaN,0
0.02370259911,0.005708666518,NaN,NaN,0
0.02370259911,0.005565502681,NaN,NaN,0
0.02370259911,0.005422338378,NaN,NaN,0
0.02370259911,0.00527917454,NaN,NaN,0
0.02370259911,0.005136010237,NaN,NaN,0
0.02370259911,0.0049928464,NaN,NaN,0
0.02370259911,0.004849682096,NaN,NaN,0
0.02370259911,0.004706518259,NaN,NaN,0
0.02370259911,0.004563353956,NaN,NaN,0
0.02370259911,0.004420190118,NaN,NaN,0
0.02370259911,0.004277025815,NaN,NaN,0
0.02370259911,0.004133861978,NaN,NaN,0
0.02370259911,0.00399069814,NaN,NaN,0
0.02370259911,0.003847533837,NaN,NaN,0
0.02370259911,0.003704369767,NaN,NaN,0
0.02370259911,0.003561205696,NaN,NaN,0
0.02370259911,0.003418041626,NaN,NaN,0
0.02370259911,0.003274877556,NaN,NaN,0
0.02370259911,0.003131713718,NaN,NaN,0
0.02370259911,0.002988549648,NaN,NaN,0
0.02370259911,0.002845385578,NaN,NaN,0
0.02370259911,0.002702221507,NaN,NaN,0
0.02370259911,0.002559057437,NaN,NaN,0
0.02370259911,0.002415893367,NaN,NaN,0
0.02370259911,0.002272729296,NaN,NaN,0
0.02370259911,0.002129565226,NaN,NaN,0
0.02370259911,0.001986401156,NaN,NaN,0
0.02370259911,0.001843237202,NaN,NaN,0
0.02370259911,0.001700073131,NaN,NaN,0
0.02370259911,0.001556909061,NaN,NaN,0
0.02370259911,0.001413744991,NaN,NaN,0
0.02370259911,0.00127058092,NaN,NaN,0
0.02370259911,0.00112741685,NaN,NaN,0
0.02370259911,0.0009842528962,NaN,NaN,0
0.02370259911,0.0008410888258,NaN,NaN,0
0.02370259911,0.0006979247555,NaN,NaN,0
0.02370259911,0.0005547606852,NaN,NaN,0
0.02370259911,0.000411596644,NaN,NaN,0
0.02370259911,0.0002684326028,NaN,NaN,0
0.02370259911,0.000125268547,NaN,NaN,0
0.02384576201,0.01916608773,NaN,NaN,0
0.02384576201,0.01902292296,NaN,NaN,0
0.02384576201,0.01887976006,NaN,NaN,0
0.02384576201,0.01873659529,NaN,NaN,0
0.02384576201,0.01859343052,NaN,NaN,0
0.02384576201,0.01845026761,NaN,NaN,0
0.02384576201,0.01830710284,NaN,NaN,0
0.02384576201,0.01816393808,NaN,NaN,0
0.02384576201,0.01802077517,NaN,NaN,0
0.02384576201,0.0178776104,NaN,NaN,0
0.02384576201,0.01773444749,NaN,NaN,0
0.02384576201,0.01759128273,NaN,NaN,0
0.02384576201,0.01744811796,NaN,NaN,0
0.02384576201,0.01730495505,NaN,NaN,0
0.02384576201,0.01716179028,NaN,NaN,0
0.02384576201,0.01701862738,NaN,NaN,0
0.02384576201,0.01687546261,NaN,NaN,0
0.02384576201,0.01673229784,NaN,NaN,0
0.02384576201,0.01658913493,NaN,NaN,0
0.02384576201,0.01644597016,NaN,NaN,0
0.02384576201,0.01630280726,NaN,NaN,0
0.02384576201,0.01615964249,NaN,NaN,0
0.02384576201,0.01601647772,NaN,NaN,0
0.02384576201,0.01587331481,NaN,NaN,0
0.02384576201,0.01573015004,NaN,NaN,0
0.02384576201,0.01558698621,NaN,NaN,0
0.02384576201,0.01544382237,NaN,NaN,0
0.02384576201,0.0153006576,NaN,NaN,0
0.02384576201,0.01515749376,NaN,NaN,0
0.02384576201,0.01501432993,NaN,NaN,0
0.02384576201,0.01487116609,NaN,NaN,0
0.02384576201,0.01472800132,NaN,NaN,0
0.02384576201,0.01458483748,NaN,NaN,0
0.02384576201,0.01444167364,NaN,NaN,0
0.02384576201,0.01429850981,NaN,NaN,0
0.02384576201,0.01415534597,NaN,NaN,0
0.02384576201,0.0140121812,NaN,NaN,0
0.02384576201,0.01386901736,NaN,NaN,0
0.02384576201,0.01372585353,NaN,NaN,0
0.02384576201,0.01358268969,NaN,NaN,0
0.02384576201,0.01343952492,NaN,NaN,0
0.02384576201,0.01329636108,NaN,NaN,0
0.02384576201,0.01315319724,NaN,NaN,0
0.02384576201,0.01301003341,NaN,NaN,0
0.02384576201,0.01286686864,NaN,NaN,0
0.02384576201,0.0127237048,NaN,NaN,0
0.02384576201,0.01258054096,NaN,NaN,0
0.02384576201,0.01243737713,NaN,NaN,0
0.02384576201,0.01229421329,NaN,NaN,0
0.02384576201,0.01215104852,NaN,NaN,0
0.02384576201,0.01200788468,NaN,NaN,0
0.02384576201,0.01186472084,NaN,NaN,0
0.02384576201,0.01172155701,NaN,NaN,0
0.02384576201,0.01157839224,NaN,NaN,0
0.02384576201,0.0114352284,NaN,NaN,0
0.02384576201,0.01129206456,NaN,NaN,0
0.02384576201,0.01114890072,NaN,NaN,0
0.02384576201,0.01100573689,NaN,NaN,0
0.02384576201,0.01086257212,NaN,NaN,0
0.02384576201,0.01071940828,NaN,NaN,0
0.02384576201,0.01057624444,NaN,NaN,0
0.02384576201,0.01043308061,NaN,NaN,0
0.02384576201,0.01028991584,NaN,NaN,0
0.02384576201,0.010146752,NaN,NaN,0
0.02384576201,0.01000358816,NaN,NaN,0
0.02384576201,0.009860424325,NaN,NaN,0
0.02384576201,0.009717259556,NaN,NaN,0
0.02384576201,0.009574095719,NaN,NaN,0
0.02384576201,0.009430931881,NaN,NaN,0
0.02384576201,0.009287768044,NaN,NaN,0
0.02384576201,0.009144604206,NaN,NaN,0
0.02384576201,0.009001439437,NaN,NaN,0
0.02384576201,0.0088582756,NaN,NaN,0
0.02384576201,0.008715111762,NaN,NaN,0
0.02384576201,0.008571947925,NaN,NaN,0
0.02384576201,0.008428783156,NaN,NaN,0
0.02384576201,0.008285619318,NaN,NaN,0
0.02384576201,0.008142455481,NaN,NaN,0
0.02384576201,0.007999291644,NaN,NaN,0
0.02384576201,0.007856126875,NaN,NaN,0
0.02384576201,0.007712963037,NaN,NaN,0
0.02384576201,0.0075697992,NaN,NaN,0
0.02384576201,0.007426635362,NaN,NaN,0
0.02384576201,0.007283471059,NaN,NaN,0
0.02384576201,0.007140307222,NaN,NaN,0
0.02384576201,0.006997142918,NaN,NaN,0
0.02384576201,0.006853979081,NaN,NaN,0
0.02384576201,0.006710814778,NaN,NaN,0
0.02384576201,0.00656765094,NaN,NaN,0
0.02384576201,0.006424486637,NaN,NaN,0
0.02384576201,0.0062813228,NaN,NaN,0
0.02384576201,0.006138158496,NaN,NaN,0
0.02384576201,0.005994994659,NaN,NaN,0
0.02384576201,0.005851830821,NaN,NaN,0
0.02384576201,0.005708666518,NaN,NaN,0
0.02384576201,0.005565502681,NaN,NaN,0
0.02384576201,0.005422338378,NaN,NaN,0
0.02384576201,0.00527917454,NaN,NaN,0
0.02384576201,0.005136010237,NaN,NaN,0
0.02384576201,0.0049928464,NaN,NaN,0
0.02384576201,0.004849682096,NaN,NaN,0
0.02384576201,0.004706518259,NaN,NaN,0
0.02384576201,0.004563353956,NaN,NaN,0
0.02384576201,0.004420190118,NaN,NaN,0
0.02384576201,0.004277025815,NaN,NaN,0
0.02384576201,0.004133861978,NaN,NaN,0
0.02384576201,0.00399069814,NaN,NaN,0
0.02384576201,0.003847533837,NaN,NaN,0
0.02384576201,0.003704369767,NaN,NaN,0
0.02384576201,0.003561205696,NaN,NaN,0
0.02384576201,0.003418041626,NaN,NaN,0
0.02384576201,0.003274877556,NaN,NaN,0
0.02384576201,0.003131713718,NaN,NaN,0
0.02384576201,0.002988549648,NaN,NaN,0
0.02384576201,0.002845385578,NaN,NaN,0
0.02384576201,0.002702221507,NaN,NaN,0
0.02384576201,0.002559057437,NaN,NaN,0
0.02384576201,0.002415893367,NaN,NaN,0
0.02384576201,0.002272729296,NaN,NaN,0
0.02384576201,0.002129565226,NaN,NaN,0
0.02384576201,0.001986401156,NaN,NaN,0
0.02384576201,0.001843237202,NaN,NaN,0
0.02384576201,0.001700073131,NaN,NaN,0
0.02384576201,0.001556909061,NaN,NaN,0
0.02384576201,0.001413744991,NaN,NaN,0
0.02384576201,0.00127058092,NaN,NaN,0
0.02384576201,0.00112741685,NaN,NaN,0
0.02384576201,0.0009842528962,NaN,NaN,0
0.02384576201,0.0008410888258,NaN,NaN,0
0.02384576201,0.0006979247555,NaN,NaN,0
0.02384576201,0.0005547606852,NaN,NaN,0
0.02384576201,0.000411596644,NaN,NaN,0
0.02384576201,0.0002684326028,NaN,NaN,0
0.02384576201,0.000125268547,NaN,NaN,0
0.02398892678,0.01916608773,NaN,NaN,0
0.02398892678,0.01902292296,NaN,NaN,0
0.02398892678,0.01887976006,NaN,NaN,0
0.02398892678,0.01873659529,NaN,NaN,0
0.02398892678,0.01859343052,NaN,NaN,0
0.02398892678,0.01845026761,NaN,NaN,0
0.02398892678,0.01830710284,NaN,NaN,0
0.02398892678,0.01816393808,NaN,NaN,0
0.02398892678,0.01802077517,NaN,NaN,0
0.02398892678,0.0178776104,NaN,NaN,0
0.02398892678,0.01773444749,NaN,NaN,0
0.02398892678,0.01759128273,NaN,NaN,0
0.02398892678,0.01744811796,NaN,NaN,0
0.02398892678,0.01730495505,NaN,NaN,0
0.02398892678,0.01716179028,NaN,NaN,0
0.02398892678,0.01701862738,NaN,NaN,0
0.02398892678,0.01687546261,NaN,NaN,0
0.02398892678,0.01673229784,NaN,NaN,0
0.02398892678,0.01658913493,NaN,NaN,0
0.02398892678,0.01644597016,NaN,NaN,0
0.02398892678,0.01630280726,NaN,NaN,0
0.02398892678,0.01615964249,NaN,NaN,0
0.02398892678,0.01601647772,NaN,NaN,0
0.02398892678,0.01587331481,NaN,NaN,0
0.02398892678,0.01573015004,NaN,NaN,0
0.02398892678,0.01558698621,NaN,NaN,0
0.02398892678,0.01544382237,NaN,NaN,0
0.02398892678,0.0153006576,NaN,NaN,0
0.02398892678,0.01515749376,NaN,NaN,0
0.02398892678,0.01501432993,NaN,NaN,0
0.02398892678,0.01487116609,NaN,NaN,0
0.02398892678,0.01472800132,NaN,NaN,0
0.02398892678,0.01458483748,NaN,NaN,0
0.02398892678,0.01444167364,NaN,NaN,0
0.02398892678,0.01429850981,NaN,NaN,0
0.02398892678,0.01415534597,NaN,NaN,0
0.02398892678,0.0140121812,NaN,NaN,0
0.02398892678,0.01386901736,NaN,NaN,0
0.02398892678,0.01372585353,NaN,NaN,0
0.02398892678,0.01358268969,NaN,NaN,0
0.02398892678,0.01343952492,NaN,NaN,0
0.02398892678,0.01329636108,NaN,NaN,0
0.02398892678,0.01315319724,NaN,NaN,0
0.02398892678,0.01301003341,NaN,NaN,0
0.02398892678,0.01286686864,NaN,NaN,0
0.02398892678,0.0127237048,NaN,NaN,0
0.02398892678,0.01258054096,NaN,NaN,0
0.02398892678,0.01243737713,NaN,NaN,0
0.02398892678,0.01229421329,NaN,NaN,0
0.02398892678,0.01215104852,NaN,NaN,0
0.02398892678,0.01200788468,NaN,NaN,0
0.02398892678,0.01186472084,NaN,NaN,0
0.02398892678,0.01172155701,NaN,NaN,0
0.02398892678,0.01157839224,NaN,NaN,0
0.02398892678,0.0114352284,NaN,NaN,0
0.02398892678,0.01129206456,NaN,NaN,0
0.02398892678,0.01114890072,NaN,NaN,0
0.02398892678,0.01100573689,NaN,NaN,0
0.02398892678,0.01086257212,NaN,NaN,0
0.02398892678,0.01071940828,NaN,NaN,0
0.02398892678,0.01057624444,NaN,NaN,0
0.02398892678,0.01043308061,NaN,NaN,0
0.02398892678,0.01028991584,NaN,NaN,0
0.02398892678,0.010146752,NaN,NaN,0
0.02398892678,0.01000358816,NaN,NaN,0
0.02398892678,0.009860424325,NaN,NaN,0
0.02398892678,0.009717259556,NaN,NaN,0
0.02398892678,0.009574095719,NaN,NaN,0
0.02398892678,0.009430931881,NaN,NaN,0
0.02398892678,0.009287768044,NaN,NaN,0
0.02398892678,0.009144604206,NaN,NaN,0
0.02398892678,0.009001439437,NaN,NaN,0
0.02398892678,0.0088582756,NaN,NaN,0
0.02398892678,0.008715111762,NaN,NaN,0
0.02398892678,0.008571947925,NaN,NaN,0
0.02398892678,0.008428783156,NaN,NaN,0
0.02398892678,0.008285619318,NaN,NaN,0
0.02398892678,0.008142455481,NaN,NaN,0
0.02398892678,0.007999291644,NaN,NaN,0
0.02398892678,0.007856126875,NaN,NaN,0
0.02398892678,0.007712963037,NaN,NaN,0
0.02398892678,0.0075697992,NaN,NaN,0
0.02398892678,0.007426635362,NaN,NaN,0
0.02398892678,0.007283471059,NaN,NaN,0
0.02398892678,0.007140307222,NaN,NaN,0
0.02398892678,0.006997142918,NaN,NaN,0
0.02398892678,0.006853979081,NaN,NaN,0
0.02398892678,0.006710814778,NaN,NaN,0
0.02398892678,0.00656765094,NaN,NaN,0
0.02398892678,0.006424486637,NaN,NaN,0
0.02398892678,0.0062813228,NaN,NaN,0
0.02398892678,0.006138158496,NaN,NaN,0
0.02398892678,0.005994994659,NaN,NaN,0
0.02398892678,0.005851830821,NaN,NaN,0
0.02398892678,0.005708666518,NaN,NaN,0
0.02398892678,0.005565502681,NaN,NaN,0
0.02398892678,0.005422338378,NaN,NaN,0
0.02398892678,0.00527917454,NaN,NaN,0
0.02398892678,0.005136010237,NaN,NaN,0
0.02398892678,0.0049928464,NaN,NaN,0
0.02398892678,0.004849682096,NaN,NaN,0
0.02398892678,0.004706518259,NaN,NaN,0
0.02398892678,0.004563353956,NaN,NaN,0
0.02398892678,0.004420190118,NaN,NaN,0
0.02398892678,0.004277025815,NaN,NaN,0
0.02398892678,0.004133861978,NaN,NaN,0
0.02398892678,0.00399069814,NaN,NaN,0
0.02398892678,0.003847533837,NaN,NaN,0
0.02398892678,0.003704369767,NaN,NaN,0
0.02398892678,0.003561205696,NaN,NaN,0
0.02398892678,0.003418041626,NaN,NaN,0
0.02398892678,0.003274877556,NaN,NaN,0
0.02398892678,0.003131713718,NaN,NaN,0
0.02398892678,0.002988549648,NaN,NaN,0
0.02398892678,0.002845385578,NaN,NaN,0
0.02398892678,0.002702221507,NaN,NaN,0
0.02398892678,0.002559057437,NaN,NaN,0
0.02398892678,0.002415893367,NaN,NaN,0
0.02398892678,0.002272729296,NaN,NaN,0
0.02398892678,0.002129565226,NaN,NaN,0
0.02398892678,0.001986401156,NaN,NaN,0
0.02398892678,0.001843237202,NaN,NaN,0
0.02398892678,0.001700073131,NaN,NaN,0
0.02398892678,0.001556909061,NaN,NaN,0
0.02398892678,0.001413744991,NaN,NaN,0
0.02398892678,0.00127058092,NaN,NaN,0
0.02398892678,0.00112741685,NaN,NaN,0
0.02398892678,0.0009842528962,NaN,NaN,0
0.02398892678,0.0008410888258,NaN,NaN,0
0.02398892678,0.0006979247555,NaN,NaN,0
0.02398892678,0.0005547606852,NaN,NaN,0
0.02398892678,0.000411596644,NaN,NaN,0
0.02398892678,0.0002684326028,NaN,NaN,0
0.02398892678,0.000125268547,NaN,NaN,0
0.02413208969,0.01916608773,NaN,NaN,0
0.02413208969,0.01902292296,NaN,NaN,0
0.02413208969,0.01887976006,NaN,NaN,0
0.02413208969,0.01873659529,NaN,NaN,0
0.02413208969,0.01859343052,NaN,NaN,0
0.02413208969,0.01845026761,NaN,NaN,0
0.02413208969,0.01830710284,NaN,NaN,0
0.02413208969,0.01816393808,NaN,NaN,0
0.02413208969,0.01802077517,NaN,NaN,0
0.02413208969,0.0178776104,NaN,NaN,0
0.02413208969,0.01773444749,NaN,NaN,0
0.02413208969,0.01759128273,NaN,NaN,0
0.02413208969,0.01744811796,NaN,NaN,0
0.02413208969,0.01730495505,NaN,NaN,0
0.02413208969,0.01716179028,NaN,NaN,0
0.02413208969,0.01701862738,NaN,NaN,0
0.02413208969,0.01687546261,NaN,NaN,0
0.02413208969,0.01673229784,NaN,NaN,0
0.02413208969,0.01658913493,NaN,NaN,0
0.02413208969,0.01644597016,NaN,NaN,0
0.02413208969,0.01630280726,NaN,NaN,0
0.02413208969,0.01615964249,NaN,NaN,0
0.02413208969,0.01601647772,NaN,NaN,0
0.02413208969,0.01587331481,NaN,NaN,0
0.02413208969,0.01573015004,NaN,NaN,0
0.02413208969,0.01558698621,NaN,NaN,0
0.02413208969,0.01544382237,NaN,NaN,0
0.02413208969,0.0153006576,NaN,NaN,0
0.02413208969,0.01515749376,NaN,NaN,0
0.02413208969,0.01501432993,NaN,NaN,0
0.02413208969,0.01487116609,NaN,NaN,0
0.02413208969,0.01472800132,NaN,NaN,0
0.02413208969,0.01458483748,NaN,NaN,0
0.02413208969,0.01444167364,NaN,NaN,0
0.02413208969,0.01429850981,NaN,NaN,0
0.02413208969,0.01415534597,NaN,NaN,0
0.02413208969,0.0140121812,NaN,NaN,0
0.02413208969,0.01386901736,NaN,NaN,0
0.02413208969,0.01372585353,NaN,NaN,0
0.02413208969,0.01358268969,NaN,NaN,0
0.02413208969,0.01343952492,NaN,NaN,0
0.02413208969,0.01329636108,NaN,NaN,0
0.02413208969,0.01315319724,NaN,NaN,0
0.02413208969,0.01301003341,NaN,NaN,0
0.02413208969,0.01286686864,NaN,NaN,0
0.02413208969,0.0127237048,NaN,NaN,0
0.02413208969,0.01258054096,NaN,NaN,0
0.02413208969,0.01243737713,NaN,NaN,0
0.02413208969,0.01229421329,NaN,NaN,0
0.02413208969,0.01215104852,NaN,NaN,0
0.02413208969,0.01200788468,NaN,NaN,0
0.02413208969,0.01186472084,NaN,NaN,0
0.02413208969,0.01172155701,NaN,NaN,0
0.02413208969,0.01157839224,NaN,NaN,0
0.02413208969,0.0114352284,NaN,NaN,0
0.02413208969,0.01129206456,NaN,NaN,0
0.02413208969,0.01114890072,NaN,NaN,0
0.02413208969,0.01100573689,NaN,NaN,0
0.02413208969,0.01086257212,NaN,NaN,0
0.02413208969,0.01071940828,NaN,NaN,0
0.02413208969,0.01057624444,NaN,NaN,0
0.02413208969,0.01043308061,NaN,NaN,0
0.02413208969,0.01028991584,NaN,NaN,0
0.02413208969,0.010146752,NaN,NaN,0
0.02413208969,0.01000358816,NaN,NaN,0
0.02413208969,0.009860424325,NaN,NaN,0
0.02413208969,0.009717259556,NaN,NaN,0
0.02413208969,0.009574095719,NaN,NaN,0
0.02413208969,0.009430931881,NaN,NaN,0
0.02413208969,0.009287768044,NaN,NaN,0
0.02413208969,0.009144604206,NaN,NaN,0
0.02413208969,0.009001439437,NaN,NaN,0
0.02413208969,0.0088582756,NaN,NaN,0
0.02413208969,0.008715111762,NaN,NaN,0
0.02413208969,0.008571947925,NaN,NaN,0
0.02413208969,0.008428783156,NaN,NaN,0
0.02413208969,0.008285619318,NaN,NaN,0
0.02413208969,0.008142455481,NaN,NaN,0
0.02413208969,0.007999291644,NaN,NaN,0
0.02413208969,0.007856126875,NaN,NaN,0
0.02413208969,0.007712963037,NaN,NaN,0
0.02413208969,0.0075697992,NaN,NaN,0
0.02413208969,0.007426635362,NaN,NaN,0
0.02413208969,0.007283471059,NaN,NaN,0
0.02413208969,0.007140307222,NaN,NaN,0
0.02413208969,0.006997142918,NaN,NaN,0
0.02413208969,0.006853979081,NaN,NaN,0
0.02413208969,0.006710814778,NaN,NaN,0
0.02413208969,0.00656765094,NaN,NaN,0
0.02413208969,0.006424486637,NaN,NaN,0
0.02413208969,0.0062813228,NaN,NaN,0
0.02413208969,0.006138158496,NaN,NaN,0
0.02413208969,0.005994994659,NaN,NaN,0
0.02413208969,0.005851830821,NaN,NaN,0
0.02413208969,0.005708666518,NaN,NaN,0
0.02413208969,0.005565502681,NaN,NaN,0
0.02413208969,0.005422338378,NaN,NaN,0
0.02413208969,0.00527917454,NaN,NaN,0
0.02413208969,0.005136010237,NaN,NaN,0
0.02413208969,0.0049928464,NaN,NaN,0
0.02413208969,0.004849682096,NaN,NaN,0
0.02413208969,0.004706518259,NaN,NaN,0
0.02413208969,0.004563353956,NaN,NaN,0
0.02413208969,0.004420190118,NaN,NaN,0
0.02413208969,0.004277025815,NaN,NaN,0
0.02413208969,0.004133861978,NaN,NaN,0
0.02413208969,0.00399069814,NaN,NaN,0
0.02413208969,0.003847533837,NaN,NaN,0
0.02413208969,0.003704369767,NaN,NaN,0
0.02413208969,0.003561205696,NaN,NaN,0
0.02413208969,0.003418041626,NaN,NaN,0
0.02413208969,0.003274877556,NaN,NaN,0
0.02413208969,0.003131713718,NaN,NaN,0
0.02413208969,0.002988549648,NaN,NaN,0
0.02413208969,0.002845385578,NaN,NaN,0
0.02413208969,0.002702221507,NaN,NaN,0
0.02413208969,0.002559057437,NaN,NaN,0
0.02413208969,0.002415893367,NaN,NaN,0
0.02413208969,0.002272729296,NaN,NaN,0
0.02413208969,0.002129565226,NaN,NaN,0
0.02413208969,0.001986401156,NaN,NaN,0
0.02413208969,0.001843237202,NaN,NaN,0
0.02413208969,0.001700073131,NaN,NaN,0
0.02413208969,0.001556909061,NaN,NaN,0
0.02413208969,0.001413744991,NaN,NaN,0
0.02413208969,0.00127058092,NaN,NaN,0
0.02413208969,0.00112741685,NaN,NaN,0
0.02413208969,0.0009842528962,NaN,NaN,0
0.02413208969,0.0008410888258,NaN,NaN,0
0.02413208969,0.0006979247555,NaN,NaN,0
0.02413208969,0.0005547606852,NaN,NaN,0
0.02413208969,0.000411596644,NaN,NaN,0
0.02413208969,0.0002684326028,NaN,NaN,0
0.02413208969,0.000125268547,NaN,NaN,0
0.02427525446,0.01916608773,NaN,NaN,0
0.02427525446,0.01902292296,NaN,NaN,0
0.02427525446,0.01887976006,NaN,NaN,0
0.02427525446,0.01873659529,NaN,NaN,0
0.02427525446,0.01859343052,NaN,NaN,0
0.02427525446,0.01845026761,NaN,NaN,0
0.02427525446,0.01830710284,NaN,NaN,0
0.02427525446,0.01816393808,NaN,NaN,0
0.02427525446,0.01802077517,NaN,NaN,0
0.02427525446,0.0178776104,NaN,NaN,0
0.02427525446,0.01773444749,NaN,NaN,0
0.02427525446,0.01759128273,NaN,NaN,0
0.02427525446,0.01744811796,NaN,NaN,0
0.02427525446,0.01730495505,NaN,NaN,0
0.02427525446,0.01716179028,NaN,NaN,0
0.02427525446,0.01701862738,NaN,NaN,0
0.02427525446,0.01687546261,NaN,NaN,0
0.02427525446,0.01673229784,NaN,NaN,0
0.02427525446,0.01658913493,NaN,NaN,0
0.02427525446,0.01644597016,NaN,NaN,0
0.02427525446,0.01630280726,NaN,NaN,0
0.02427525446,0.01615964249,NaN,NaN,0
0.02427525446,0.01601647772,NaN,NaN,0
0.02427525446,0.01587331481,NaN,NaN,0
0.02427525446,0.01573015004,NaN,NaN,0
0.02427525446,0.01558698621,NaN,NaN,0
0.02427525446,0.01544382237,NaN,NaN,0
0.02427525446,0.0153006576,NaN,NaN,0
0.02427525446,0.01515749376,NaN,NaN,0
0.02427525446,0.01501432993,NaN,NaN,0
0.02427525446,0.01487116609,NaN,NaN,0
0.02427525446,0.01472800132,NaN,NaN,0
0.02427525446,0.01458483748,NaN,NaN,0
0.02427525446,0.01444167364,NaN,NaN,0
0.02427525446,0.01429850981,NaN,NaN,0
0.02427525446,0.01415534597,NaN,NaN,0
0.02427525446,0.0140121812,NaN,NaN,0
0.02427525446,0.01386901736,NaN,NaN,0
0.02427525446,0.01372585353,NaN,NaN,0
0.02427525446,0.01358268969,NaN,NaN,0
0.02427525446,0.01343952492,NaN,NaN,0
0.02427525446,0.01329636108,NaN,NaN,0
0.02427525446,0.01315319724,NaN,NaN,0
0.02427525446,0.01301003341,NaN,NaN,0
0.02427525446,0.01286686864,NaN,NaN,0
0.02427525446,0.0127237048,NaN,NaN,0
0.02427525446,0.01258054096,NaN,NaN,0
0.02427525446,0.01243737713,NaN,NaN,0
0.02427525446,0.01229421329,NaN,NaN,0
0.02427525446,0.01215104852,NaN,NaN,0
0.02427525446,0.01200788468,NaN,NaN,0
0.02427525446,0.01186472084,NaN,NaN,0
0.02427525446,0.01172155701,NaN,NaN,0
0.02427525446,0.01157839224,NaN,NaN,0
0.02427525446,0.0114352284,NaN,NaN,0
0.02427525446,0.01129206456,NaN,NaN,0
0.02427525446,0.01114890072,NaN,NaN,0
0.02427525446,0.01100573689,NaN,NaN,0
0.02427525446,0.01086257212,NaN,NaN,0
0.02427525446,0.01071940828,NaN,NaN,0
0.02427525446,0.01057624444,NaN,NaN,0
0.02427525446,0.01043308061,NaN,NaN,0
0.02427525446,0.01028991584,NaN,NaN,0
0.02427525446,0.010146752,NaN,NaN,0
0.02427525446,0.01000358816,NaN,NaN,0
0.02427525446,0.009860424325,NaN,NaN,0
0.02427525446,0.009717259556,NaN,NaN,0
0.02427525446,0.009574095719,NaN,NaN,0
0.02427525446,0.009430931881,NaN,NaN,0
0.02427525446,0.009287768044,NaN,NaN,0
0.02427525446,0.009144604206,NaN,NaN,0
0.02427525446,0.009001439437,NaN,NaN,0
0.02427525446,0.0088582756,NaN,NaN,0
0.02427525446,0.008715111762,NaN,NaN,0
0.02427525446,0.008571947925,NaN,NaN,0
0.02427525446,0.008428783156,NaN,NaN,0
0.02427525446,0.008285619318,NaN,NaN,0
0.02427525446,0.008142455481,NaN,NaN,0
0.02427525446,0.007999291644,NaN,NaN,0
0.02427525446,0.007856126875,NaN,NaN,0
0.02427525446,0.007712963037,NaN,NaN,0
0.02427525446,0.0075697992,NaN,NaN,0
0.02427525446,0.007426635362,NaN,NaN,0
0.02427525446,0.007283471059,NaN,NaN,0
0.02427525446,0.007140307222,NaN,NaN,0
0.02427525446,0.006997142918,NaN,NaN,0
0.02427525446,0.006853979081,NaN,NaN,0
0.02427525446,0.006710814778,NaN,NaN,0
0.02427525446,0.00656765094,NaN,NaN,0
0.02427525446,0.006424486637,NaN,NaN,0
0.02427525446,0.0062813228,NaN,NaN,0
0.02427525446,0.006138158496,NaN,NaN,0
0.02427525446,0.005994994659,NaN,NaN,0
0.02427525446,0.005851830821,NaN,NaN,0
0.02427525446,0.005708666518,NaN,NaN,0
0.02427525446,0.005565502681,NaN,NaN,0
0.02427525446,0.005422338378,NaN,NaN,0
0.02427525446,0.00527917454,NaN,NaN,0
0.02427525446,0.005136010237,NaN,NaN,0
0.02427525446,0.0049928464,NaN,NaN,0
0.02427525446,0.004849682096,NaN,NaN,0
0.02427525446,0.004706518259,NaN,NaN,0
0.02427525446,0.004563353956,NaN,NaN,0
0.02427525446,0.004420190118,NaN,NaN,0
0.02427525446,0.004277025815,NaN,NaN,0
0.02427525446,0.004133861978,NaN,NaN,0
0.02427525446,0.00399069814,NaN,NaN,0
0.02427525446,0.003847533837,NaN,NaN,0
0.02427525446,0.003704369767,NaN,NaN,0
0.02427525446,0.003561205696,NaN,NaN,0
0.02427525446,0.003418041626,NaN,NaN,0
0.02427525446,0.003274877556,NaN,NaN,0
0.02427525446,0.003131713718,NaN,NaN,0
0.02427525446,0.002988549648,NaN,NaN,0
0.02427525446,0.002845385578,NaN,NaN,0
0.02427525446,0.002702221507,NaN,NaN,0
0.02427525446,0.002559057437,NaN,NaN,0
0.02427525446,0.002415893367,NaN,NaN,0
0.02427525446,0.002272729296,NaN,NaN,0
0.02427525446,0.002129565226,NaN,NaN,0
0.02427525446,0.001986401156,NaN,NaN,0
0.02427525446,0.001843237202,NaN,NaN,0
0.02427525446,0.001700073131,NaN,NaN,0
0.02427525446,0.001556909061,NaN,NaN,0
0.02427525446,0.001413744991,NaN,NaN,0
0.02427525446,0.00127058092,NaN,NaN,0
0.02427525446,0.00112741685,NaN,NaN,0
0.02427525446,0.0009842528962,NaN,NaN,0
0.02427525446,0.0008410888258,NaN,NaN,0
0.02427525446,0.0006979247555,NaN,NaN,0
0.02427525446,0.0005547606852,NaN,NaN,0
0.02427525446,0.000411596644,NaN,NaN,0
0.02427525446,0.0002684326028,NaN,NaN,0
0.02427525446,0.000125268547,NaN,NaN,0
0.02441841923,0.01916608773,NaN,NaN,0
0.02441841923,0.01902292296,NaN,NaN,0
0.02441841923,0.01887976006,NaN,NaN,0
0.02441841923,0.01873659529,NaN,NaN,0
0.02441841923,0.01859343052,NaN,NaN,0
0.02441841923,0.01845026761,NaN,NaN,0
0.02441841923,0.01830710284,NaN,NaN,0
0.02441841923,0.01816393808,NaN,NaN,0
0.02441841923,0.01802077517,NaN,NaN,0
0.02441841923,0.0178776104,NaN,NaN,0
0.02441841923,0.01773444749,NaN,NaN,0
0.02441841923,0.01759128273,NaN,NaN,0
0.02441841923,0.01744811796,NaN,NaN,0
0.02441841923,0.01730495505,NaN,NaN,0
0.02441841923,0.01716179028,NaN,NaN,0
0.02441841923,0.01701862738,NaN,NaN,0
0.02441841923,0.01687546261,NaN,NaN,0
0.02441841923,0.01673229784,NaN,NaN,0
0.02441841923,0.01658913493,NaN,NaN,0
0.02441841923,0.01644597016,NaN,NaN,0
0.02441841923,0.01630280726,NaN,NaN,0
0.02441841923,0.01615964249,NaN,NaN,0
0.02441841923,0.01601647772,NaN,NaN,0
0.02441841923,0.01587331481,NaN,NaN,0
0.02441841923,0.01573015004,NaN,NaN,0
0.02441841923,0.01558698621,NaN,NaN,0
0.02441841923,0.01544382237,NaN,NaN,0
0.02441841923,0.0153006576,NaN,NaN,0
0.02441841923,0.01515749376,NaN,NaN,0
0.02441841923,0.01501432993,NaN,NaN,0
0.02441841923,0.01487116609,NaN,NaN,0
0.02441841923,0.01472800132,NaN,NaN,0
0.02441841923,0.01458483748,NaN,NaN,0
0.02441841923,0.01444167364,NaN,NaN,0
0.02441841923,0.01429850981,NaN,NaN,0
0.02441841923,0.01415534597,NaN,NaN,0
0.02441841923,0.0140121812,NaN,NaN,0
0.02441841923,0.01386901736,NaN,NaN,0
0.02441841923,0.01372585353,NaN,NaN,0
0.02441841923,0.01358268969,NaN,NaN,0
0.02441841923,0.01343952492,NaN,NaN,0
0.02441841923,0.01329636108,NaN,NaN,0
0.02441841923,0.01315319724,NaN,NaN,0
0.02441841923,0.01301003341,NaN,NaN,0
0.02441841923,0.01286686864,NaN,NaN,0
0.02441841923,0.0127237048,NaN,NaN,0
0.02441841923,0.01258054096,NaN,NaN,0
0.02441841923,0.01243737713,NaN,NaN,0
0.02441841923,0.01229421329,NaN,NaN,0
0.02441841923,0.01215104852,NaN,NaN,0
0.02441841923,0.01200788468,NaN,NaN,0
0.02441841923,0.01186472084,NaN,NaN,0
0.02441841923,0.01172155701,NaN,NaN,0
0.02441841923,0.01157839224,NaN,NaN,0
0.02441841923,0.0114352284,NaN,NaN,0
0.02441841923,0.01129206456,NaN,NaN,0
0.02441841923,0.01114890072,NaN,NaN,0
0.02441841923,0.01100573689,NaN,NaN,0
0.02441841923,0.01086257212,NaN,NaN,0
0.02441841923,0.01071940828,NaN,NaN,0
0.02441841923,0.01057624444,NaN,NaN,0
0.02441841923,0.01043308061,NaN,NaN,0
0.02441841923,0.01028991584,NaN,NaN,0
0.02441841923,0.010146752,NaN,NaN,0
0.02441841923,0.01000358816,NaN,NaN,0
0.02441841923,0.009860424325,NaN,NaN,0
0.02441841923,0.009717259556,NaN,NaN,0
0.02441841923,0.009574095719,NaN,NaN,0
0.02441841923,0.009430931881,NaN,NaN,0
0.02441841923,0.009287768044,NaN,NaN,0
0.02441841923,0.009144604206,NaN,NaN,0
0.02441841923,0.009001439437,NaN,NaN,0
0.02441841923,0.0088582756,NaN,NaN,0
0.02441841923,0.008715111762,NaN,NaN,0
0.02441841923,0.008571947925,NaN,NaN,0
0.02441841923,0.008428783156,NaN,NaN,0
0.02441841923,0.008285619318,NaN,NaN,0
0.02441841923,0.008142455481,NaN,NaN,0
0.02441841923,0.007999291644,NaN,NaN,0
0.02441841923,0.007856126875,NaN,NaN,0
0.02441841923,0.007712963037,NaN,NaN,0
0.02441841923,0.0075697992,NaN,NaN,0
0.02441841923,0.007426635362,NaN,NaN,0
0.02441841923,0.007283471059,NaN,NaN,0
0.02441841923,0.007140307222,NaN,NaN,0
0.02441841923,0.006997142918,NaN,NaN,0
0.02441841923,0.006853979081,NaN,NaN,0
0.02441841923,0.006710814778,NaN,NaN,0
0.02441841923,0.00656765094,NaN,NaN,0
0.02441841923,0.006424486637,NaN,NaN,0
0.02441841923,0.0062813228,NaN,NaN,0
0.02441841923,0.006138158496,NaN,NaN,0
0.02441841923,0.005994994659,NaN,NaN,0
0.02441841923,0.005851830821,NaN,NaN,0
0.02441841923,0.005708666518,NaN,NaN,0
0.02441841923,0.005565502681,NaN,NaN,0
0.02441841923,0.005422338378,NaN,NaN,0
0.02441841923,0.00527917454,NaN,NaN,0
0.02441841923,0.005136010237,NaN,NaN,0
0.02441841923,0.0049928464,NaN,NaN,0
0.02441841923,0.004849682096,NaN,NaN,0
0.02441841923,0.004706518259,NaN,NaN,0
0.02441841923,0.004563353956,NaN,NaN,0
0.02441841923,0.004420190118,NaN,NaN,0
0.02441841923,0.004277025815,NaN,NaN,0
0.02441841923,0.004133861978,NaN,NaN,0
0.02441841923,0.00399069814,NaN,NaN,0
0.02441841923,0.003847533837,NaN,NaN,0
0.02441841923,0.003704369767,NaN,NaN,0
0.02441841923,0.003561205696,NaN,NaN,0
0.02441841923,0.003418041626,NaN,NaN,0
0.02441841923,0.003274877556,NaN,NaN,0
0.02441841923,0.003131713718,NaN,NaN,0
0.02441841923,0.002988549648,NaN,NaN,0
0.02441841923,0.002845385578,NaN,NaN,0
0.02441841923,0.002702221507,NaN,NaN,0
0.02441841923,0.002559057437,NaN,NaN,0
0.02441841923,0.002415893367,NaN,NaN,0
0.02441841923,0.002272729296,NaN,NaN,0
0.02441841923,0.002129565226,NaN,NaN,0
0.02441841923,0.001986401156,NaN,NaN,0
0.02441841923,0.001843237202,NaN,NaN,0
0.02441841923,0.001700073131,NaN,NaN,0
0.02441841923,0.001556909061,NaN,NaN,0
0.02441841923,0.001413744991,NaN,NaN,0
0.02441841923,0.00127058092,NaN,NaN,0
0.02441841923,0.00112741685,NaN,NaN,0
0.02441841923,0.0009842528962,NaN,NaN,0
0.02441841923,0.0008410888258,NaN,NaN,0
0.02441841923,0.0006979247555,NaN,NaN,0
0.02441841923,0.0005547606852,NaN,NaN,0
0.02441841923,0.000411596644,NaN,NaN,0
0.02441841923,0.0002684326028,NaN,NaN,0
0.02441841923,0.000125268547,NaN,NaN,0
0.02456158213,0.01916608773,NaN,NaN,0
0.02456158213,0.01902292296,NaN,NaN,0
0.02456158213,0.01887976006,NaN,NaN,0
0.02456158213,0.01873659529,NaN,NaN,0
0.02456158213,0.01859343052,NaN,NaN,0
0.02456158213,0.01845026761,NaN,NaN,0
0.02456158213,0.01830710284,NaN,NaN,0
0.02456158213,0.01816393808,NaN,NaN,0
0.02456158213,0.01802077517,NaN,NaN,0
0.02456158213,0.0178776104,NaN,NaN,0
0.02456158213,0.01773444749,NaN,NaN,0
0.02456158213,0.01759128273,NaN,NaN,0
0.02456158213,0.01744811796,NaN,NaN,0
0.02456158213,0.01730495505,NaN,NaN,0
0.02456158213,0.01716179028,NaN,NaN,0
0.02456158213,0.01701862738,NaN,NaN,0
0.02456158213,0.01687546261,NaN,NaN,0
0.02456158213,0.01673229784,NaN,NaN,0
0.02456158213,0.01658913493,NaN,NaN,0
0.02456158213,0.01644597016,NaN,NaN,0
0.02456158213,0.01630280726,NaN,NaN,0
0.02456158213,0.01615964249,NaN,NaN,0
0.02456158213,0.01601647772,NaN,NaN,0
0.02456158213,0.01587331481,NaN,NaN,0
0.02456158213,0.01573015004,NaN,NaN,0
0.02456158213,0.01558698621,NaN,NaN,0
0.02456158213,0.01544382237,NaN,NaN,0
0.02456158213,0.0153006576,NaN,NaN,0
0.02456158213,0.01515749376,NaN,NaN,0
0.02456158213,0.01501432993,NaN,NaN,0
0.02456158213,0.01487116609,NaN,NaN,0
0.02456158213,0.01472800132,NaN,NaN,0
0.02456158213,0.01458483748,NaN,NaN,0
0.02456158213,0.01444167364,NaN,NaN,0
0.02456158213,0.01429850981,NaN,NaN,0
0.02456158213,0.01415534597,NaN,NaN,0
0.02456158213,0.0140121812,NaN,NaN,0
0.02456158213,0.01386901736,NaN,NaN,0
0.02456158213,0.01372585353,NaN,NaN,0
0.02456158213,0.01358268969,NaN,NaN,0
0.02456158213,0.01343952492,NaN,NaN,0
0.02456158213,0.01329636108,NaN,NaN,0
0.02456158213,0.01315319724,NaN,NaN,0
0.02456158213,0.01301003341,NaN,NaN,0
0.02456158213,0.01286686864,NaN,NaN,0
0.02456158213,0.0127237048,NaN,NaN,0
0.02456158213,0.01258054096,NaN,NaN,0
0.02456158213,0.01243737713,NaN,NaN,0
0.02456158213,0.01229421329,NaN,NaN,0
0.02456158213,0.01215104852,NaN,NaN,0
0.02456158213,0.01200788468,NaN,NaN,0
0.02456158213,0.01186472084,NaN,NaN,0
0.02456158213,0.01172155701,NaN,NaN,0
0.02456158213,0.01157839224,NaN,NaN,0
0.02456158213,0.0114352284,NaN,NaN,0
0.02456158213,0.01129206456,NaN,NaN,0
0.02456158213,0.01114890072,NaN,NaN,0
0.02456158213,0.01100573689,NaN,NaN,0
0.02456158213,0.01086257212,NaN,NaN,0
0.02456158213,0.01071940828,NaN,NaN,0
0.02456158213,0.01057624444,NaN,NaN,0
0.02456158213,0.01043308061,NaN,NaN,0
0.02456158213,0.01028991584,NaN,NaN,0
0.02456158213,0.010146752,NaN,NaN,0
0.02456158213,0.01000358816,NaN,NaN,0
0.02456158213,0.009860424325,NaN,NaN,0
0.02456158213,0.009717259556,NaN,NaN,0
0.02456158213,0.009574095719,NaN,NaN,0
0.02456158213,0.009430931881,NaN,NaN,0
0.02456158213,0.009287768044,NaN,NaN,0
0.02456158213,0.009144604206,NaN,NaN,0
0.02456158213,0.009001439437,NaN,NaN,0
0.02456158213,0.0088582756,NaN,NaN,0
0.02456158213,0.008715111762,NaN,NaN,0
0.02456158213,0.008571947925,NaN,NaN,0
0.02456158213,0.008428783156,NaN,NaN,0
0.02456158213,0.008285619318,NaN,NaN,0
0.02456158213,0.008142455481,NaN,NaN,0
0.02456158213,0.007999291644,NaN,NaN,0
0.02456158213,0.007856126875,NaN,NaN,0
0.02456158213,0.007712963037,NaN,NaN,0
0.02456158213,0.0075697992,NaN,NaN,0
0.02456158213,0.007426635362,NaN,NaN,0
0.02456158213,0.007283471059,NaN,NaN,0
0.02456158213,0.007140307222,NaN,NaN,0
0.02456158213,0.006997142918,NaN,NaN,0
0.02456158213,0.006853979081,NaN,NaN,0
0.02456158213,0.006710814778,NaN,NaN,0
0.02456158213,0.00656765094,NaN,NaN,0
0.02456158213,0.006424486637,NaN,NaN,0
0.02456158213,0.0062813228,NaN,NaN,0
0.02456158213,0.006138158496,NaN,NaN,0
0.02456158213,0.005994994659,NaN,NaN,0
0.02456158213,0.005851830821,NaN,NaN,0
0.02456158213,0.005708666518,NaN,NaN,0
0.02456158213,0.005565502681,NaN,NaN,0
0.02456158213,0.005422338378,NaN,NaN,0
0.02456158213,0.00527917454,NaN,NaN,0
0.02456158213,0.005136010237,NaN,NaN,0
0.02456158213,0.0049928464,NaN,NaN,0
0.02456158213,0.004849682096,NaN,NaN,0
0.02456158213,0.004706518259,NaN,NaN,0
0.02456158213,0.004563353956,NaN,NaN,0
0.02456158213,0.004420190118,NaN,NaN,0
0.02456158213,0.004277025815,NaN,NaN,0
0.02456158213,0.004133861978,NaN,NaN,0
0.02456158213,0.00399069814,NaN,NaN,0
0.02456158213,0.003847533837,NaN,NaN,0
0.02456158213,0.003704369767,NaN,NaN,0
0.02456158213,0.003561205696,NaN,NaN,0
0.02456158213,0.003418041626,NaN,NaN,0
0.02456158213,0.003274877556,NaN,NaN,0
0.02456158213,0.003131713718,NaN,NaN,0
0.02456158213,0.002988549648,NaN,NaN,0
0.02456158213,0.002845385578,NaN,NaN,0
0.02456158213,0.002702221507,NaN,NaN,0
0.02456158213,0.002559057437,NaN,NaN,0
0.02456158213,0.002415893367,NaN,NaN,0
0.02456158213,0.002272729296,NaN,NaN,0
0.02456158213,0.002129565226,NaN,NaN,0
0.02456158213,0.001986401156,NaN,NaN,0
0.02456158213,0.001843237202,NaN,NaN,0
0.02456158213,0.001700073131,NaN,NaN,0
0.02456158213,0.001556909061,NaN,NaN,0
0.02456158213,0.001413744991,NaN,NaN,0
0.02456158213,0.00127058092,NaN,NaN,0
0.02456158213,0.00112741685,NaN,NaN,0
0.02456158213,0.0009842528962,NaN,NaN,0
0.02456158213,0.0008410888258,NaN,NaN,0
0.02456158213,0.0006979247555,NaN,NaN,0
0.02456158213,0.0005547606852,NaN,NaN,0
0.02456158213,0.000411596644,NaN,NaN,0
0.02456158213,0.0002684326028,NaN,NaN,0
0.02456158213,0.000125268547,NaN,NaN,0
0.0247047469,0.01916608773,NaN,NaN,0
0.0247047469,0.01902292296,NaN,NaN,0
0.0247047469,0.01887976006,NaN,NaN,0
0.0247047469,0.01873659529,NaN,NaN,0
0.0247047469,0.01859343052,NaN,NaN,0
0.0247047469,0.01845026761,NaN,NaN,0
0.0247047469,0.01830710284,NaN,NaN,0
0.0247047469,0.01816393808,NaN,NaN,0
0.0247047469,0.01802077517,NaN,NaN,0
0.0247047469,0.0178776104,NaN,NaN,0
0.0247047469,0.01773444749,NaN,NaN,0
0.0247047469,0.01759128273,NaN,NaN,0
0.0247047469,0.01744811796,NaN,NaN,0
0.0247047469,0.01730495505,NaN,NaN,0
0.0247047469,0.01716179028,NaN,NaN,0
0.0247047469,0.01701862738,NaN,NaN,0
0.0247047469,0.01687546261,NaN,NaN,0
0.0247047469,0.01673229784,NaN,NaN,0
0.0247047469,0.01658913493,NaN,NaN,0
0.0247047469,0.01644597016,NaN,NaN,0
0.0247047469,0.01630280726,NaN,NaN,0
0.0247047469,0.01615964249,NaN,NaN,0
0.0247047469,0.01601647772,NaN,NaN,0
0.0247047469,0.01587331481,NaN,NaN,0
0.0247047469,0.01573015004,NaN,NaN,0
0.0247047469,0.01558698621,NaN,NaN,0
0.0247047469,0.01544382237,NaN,NaN,0
0.0247047469,0.0153006576,NaN,NaN,0
0.0247047469,0.01515749376,NaN,NaN,0
0.0247047469,0.01501432993,NaN,NaN,0
0.0247047469,0.01487116609,NaN,NaN,0
0.0247047469,0.01472800132,NaN,NaN,0
0.0247047469,0.01458483748,NaN,NaN,0
0.0247047469,0.01444167364,NaN,NaN,0
0.0247047469,0.01429850981,NaN,NaN,0
0.0247047469,0.01415534597,NaN,NaN,0
0.0247047469,0.0140121812,NaN,NaN,0
0.0247047469,0.01386901736,NaN,NaN,0
0.0247047469,0.01372585353,NaN,NaN,0
0.0247047469,0.01358268969,NaN,NaN,0
0.0247047469,0.01343952492,NaN,NaN,0
0.0247047469,0.01329636108,NaN,NaN,0
0.0247047469,0.01315319724,NaN,NaN,0
0.0247047469,0.01301003341,NaN,NaN,0
0.0247047469,0.01286686864,NaN,NaN,0
0.0247047469,0.0127237048,NaN,NaN,0
0.0247047469,0.01258054096,NaN,NaN,0
0.0247047469,0.01243737713,NaN,NaN,0
0.0247047469,0.01229421329,NaN,NaN,0
0.0247047469,0.01215104852,NaN,NaN,0
0.0247047469,0.01200788468,NaN,NaN,0
0.0247047469,0.01186472084,NaN,NaN,0
0.0247047469,0.01172155701,NaN,NaN,0
0.0247047469,0.01157839224,NaN,NaN,0
0.0247047469,0.0114352284,NaN,NaN,0
0.0247047469,0.01129206456,NaN,NaN,0
0.0247047469,0.01114890072,NaN,NaN,0
0.0247047469,0.01100573689,NaN,NaN,0
0.0247047469,0.01086257212,NaN,NaN,0
0.0247047469,0.01071940828,NaN,NaN,0
0.0247047469,0.01057624444,NaN,NaN,0
0.0247047469,0.01043308061,NaN,NaN,0
0.0247047469,0.01028991584,NaN,NaN,0
0.0247047469,0.010146752,NaN,NaN,0
0.0247047469,0.01000358816,NaN,NaN,0
0.0247047469,0.009860424325,NaN,NaN,0
0.0247047469,0.009717259556,NaN,NaN,0
0.0247047469,0.009574095719,NaN,NaN,0
0.0247047469,0.009430931881,NaN,NaN,0
0.0247047469,0.009287768044,NaN,NaN,0
0.0247047469,0.009144604206,NaN,NaN,0
0.0247047469,0.009001439437,NaN,NaN,0
0.0247047469,0.0088582756,NaN,NaN,0
0.0247047469,0.008715111762,NaN,NaN,0
0.0247047469,0.008571947925,NaN,NaN,0
0.0247047469,0.008428783156,NaN,NaN,0
0.0247047469,0.008285619318,NaN,NaN,0
0.0247047469,0.008142455481,NaN,NaN,0
0.0247047469,0.007999291644,NaN,NaN,0
0.0247047469,0.007856126875,NaN,NaN,0
0.0247047469,0.007712963037,NaN,NaN,0
0.0247047469,0.0075697992,NaN,NaN,0
0.0247047469,0.007426635362,NaN,NaN,0
0.0247047469,0.007283471059,NaN,NaN,0
0.0247047469,0.007140307222,NaN,NaN,0
0.0247047469,0.006997142918,NaN,NaN,0
0.0247047469,0.006853979081,NaN,NaN,0
0.0247047469,0.006710814778,NaN,NaN,0
0.0247047469,0.00656765094,NaN,NaN,0
0.0247047469,0.006424486637,NaN,NaN,0
0.0247047469,0.0062813228,NaN,NaN,0
0.0247047469,0.006138158496,NaN,NaN,0
0.0247047469,0.005994994659,NaN,NaN,0
0.0247047469,0.005851830821,NaN,NaN,0
0.0247047469,0.005708666518,NaN,NaN,0
0.0247047469,0.005565502681,NaN,NaN,0
0.0247047469,0.005422338378,NaN,NaN,0
0.0247047469,0.00527917454,NaN,NaN,0
0.0247047469,0.005136010237,NaN,NaN,0
0.0247047469,0.0049928464,NaN,NaN,0
0.0247047469,0.004849682096,NaN,NaN,0
0.0247047469,0.004706518259,NaN,NaN,0
0.0247047469,0.004563353956,NaN,NaN,0
0.0247047469,0.004420190118,NaN,NaN,0
0.0247047469,0.004277025815,NaN,NaN,0
0.0247047469,0.004133861978,NaN,NaN,0
0.0247047469,0.00399069814,NaN,NaN,0
0.0247047469,0.003847533837,NaN,NaN,0
0.0247047469,0.003704369767,NaN,NaN,0
0.0247047469,0.003561205696,NaN,NaN,0
0.0247047469,0.003418041626,NaN,NaN,0
0.0247047469,0.003274877556,NaN,NaN,0
0.0247047469,0.003131713718,NaN,NaN,0
0.0247047469,0.002988549648,NaN,NaN,0
0.0247047469,0.002845385578,NaN,NaN,0
0.0247047469,0.002702221507,NaN,NaN,0
0.0247047469,0.002559057437,NaN,NaN,0
0.0247047469,0.002415893367,NaN,NaN,0
0.0247047469,0.002272729296,NaN,NaN,0
0.0247047469,0.002129565226,NaN,NaN,0
0.0247047469,0.001986401156,NaN,NaN,0
0.0247047469,0.001843237202,NaN,NaN,0
0.0247047469,0.001700073131,NaN,NaN,0
0.0247047469,0.001556909061,NaN,NaN,0
0.0247047469,0.001413744991,NaN,NaN,0
0.0247047469,0.00127058092,NaN,NaN,0
0.0247047469,0.00112741685,NaN,NaN,0
0.0247047469,0.0009842528962,NaN,NaN,0
0.0247047469,0.0008410888258,NaN,NaN,0
0.0247047469,0.0006979247555,NaN,NaN,0
0.0247047469,0.0005547606852,NaN,NaN,0
0.0247047469,0.000411596644,NaN,NaN,0
0.0247047469,0.0002684326028,NaN,NaN,0
0.0247047469,0.000125268547,NaN,NaN,0
0.02484790981,0.01916608773,NaN,NaN,0
0.02484790981,0.01902292296,NaN,NaN,0
0.02484790981,0.01887976006,NaN,NaN,0
0.02484790981,0.01873659529,NaN,NaN,0
0.02484790981,0.01859343052,NaN,NaN,0
0.02484790981,0.01845026761,NaN,NaN,0
0.02484790981,0.01830710284,NaN,NaN,0
0.02484790981,0.01816393808,NaN,NaN,0
0.02484790981,0.01802077517,NaN,NaN,0
0.02484790981,0.0178776104,NaN,NaN,0
0.02484790981,0.01773444749,NaN,NaN,0
0.02484790981,0.01759128273,NaN,NaN,0
0.02484790981,0.01744811796,NaN,NaN,0
0.02484790981,0.01730495505,NaN,NaN,0
0.02484790981,0.01716179028,NaN,NaN,0
0.02484790981,0.01701862738,NaN,NaN,0
0.02484790981,0.01687546261,NaN,NaN,0
0.02484790981,0.01673229784,NaN,NaN,0
0.02484790981,0.01658913493,NaN,NaN,0
0.02484790981,0.01644597016,NaN,NaN,0
0.02484790981,0.01630280726,NaN,NaN,0
0.02484790981,0.01615964249,NaN,NaN,0
0.02484790981,0.01601647772,NaN,NaN,0
0.02484790981,0.01587331481,NaN,NaN,0
0.02484790981,0.01573015004,NaN,NaN,0
0.02484790981,0.01558698621,NaN,NaN,0
0.02484790981,0.01544382237,NaN,NaN,0
0.02484790981,0.0153006576,NaN,NaN,0
0.02484790981,0.01515749376,NaN,NaN,0
0.02484790981,0.01501432993,NaN,NaN,0
0.02484790981,0.01487116609,NaN,NaN,0
0.02484790981,0.01472800132,NaN,NaN,0
0.02484790981,0.01458483748,NaN,NaN,0
0.02484790981,0.01444167364,NaN,NaN,0
0.02484790981,0.01429850981,NaN,NaN,0
0.02484790981,0.01415534597,NaN,NaN,0
0.02484790981,0.0140121812,NaN,NaN,0
0.02484790981,0.01386901736,NaN,NaN,0
0.02484790981,0.01372585353,NaN,NaN,0
0.02484790981,0.01358268969,NaN,NaN,0
0.02484790981,0.01343952492,NaN,NaN,0
0.02484790981,0.01329636108,NaN,NaN,0
0.02484790981,0.01315319724,NaN,NaN,0
0.02484790981,0.01301003341,NaN,NaN,0
0.02484790981,0.01286686864,NaN,NaN,0
0.02484790981,0.0127237048,NaN,NaN,0
0.02484790981,0.01258054096,NaN,NaN,0
0.02484790981,0.01243737713,NaN,NaN,0
0.02484790981,0.01229421329,NaN,NaN,0
0.02484790981,0.01215104852,NaN,NaN,0
0.02484790981,0.01200788468,NaN,NaN,0
0.02484790981,0.01186472084,NaN,NaN,0
0.02484790981,0.01172155701,NaN,NaN,0
0.02484790981,0.01157839224,NaN,NaN,0
0.02484790981,0.0114352284,NaN,NaN,0
0.02484790981,0.01129206456,NaN,NaN,0
0.02484790981,0.01114890072,NaN,NaN,0
0.02484790981,0.01100573689,NaN,NaN,0
0.02484790981,0.01086257212,NaN,NaN,0
0.02484790981,0.01071940828,NaN,NaN,0
0.02484790981,0.01057624444,NaN,NaN,0
0.02484790981,0.01043308061,NaN,NaN,0
0.02484790981,0.01028991584,NaN,NaN,0
0.02484790981,0.010146752,NaN,NaN,0
0.02484790981,0.01000358816,NaN,NaN,0
0.02484790981,0.009860424325,NaN,NaN,0
0.02484790981,0.009717259556,NaN,NaN,0
0.02484790981,0.009574095719,NaN,NaN,0
0.02484790981,0.009430931881,NaN,NaN,0
0.02484790981,0.009287768044,NaN,NaN,0
0.02484790981,0.009144604206,NaN,NaN,0
0.02484790981,0.009001439437,NaN,NaN,0
0.02484790981,0.0088582756,NaN,NaN,0
0.02484790981,0.008715111762,NaN,NaN,0
0.02484790981,0.008571947925,NaN,NaN,0
0.02484790981,0.008428783156,NaN,NaN,0
0.02484790981,0.008285619318,NaN,NaN,0
0.02484790981,0.008142455481,NaN,NaN,0
0.02484790981,0.007999291644,NaN,NaN,0
0.02484790981,0.007856126875,NaN,NaN,0
0.02484790981,0.007712963037,NaN,NaN,0
0.02484790981,0.0075697992,NaN,NaN,0
0.02484790981,0.007426635362,NaN,NaN,0
0.02484790981,0.007283471059,NaN,NaN,0
0.02484790981,0.007140307222,NaN,NaN,0
0.02484790981,0.006997142918,NaN,NaN,0
0.02484790981,0.006853979081,NaN,NaN,0
0.02484790981,0.006710814778,NaN,NaN,0
0.02484790981,0.00656765094,NaN,NaN,0
0.02484790981,0.006424486637,NaN,NaN,0
0.02484790981,0.0062813228,NaN,NaN,0
0.02484790981,0.006138158496,NaN,NaN,0
0.02484790981,0.005994994659,NaN,NaN,0
0.02484790981,0.005851830821,NaN,NaN,0
0.02484790981,0.005708666518,NaN,NaN,0
0.02484790981,0.005565502681,NaN,NaN,0
0.02484790981,0.005422338378,NaN,NaN,0
0.02484790981,0.00527917454,NaN,NaN,0
0.02484790981,0.005136010237,NaN,NaN,0
0.02484790981,0.0049928464,NaN,NaN,0
0.02484790981,0.004849682096,NaN,NaN,0
0.02484790981,0.004706518259,NaN,NaN,0
0.02484790981,0.004563353956,NaN,NaN,0
0.02484790981,0.004420190118,NaN,NaN,0
0.02484790981,0.004277025815,NaN,NaN,0
0.02484790981,0.004133861978,NaN,NaN,0
0.02484790981,0.00399069814,NaN,NaN,0
0.02484790981,0.003847533837,NaN,NaN,0
0.02484790981,0.003704369767,NaN,NaN,0
0.02484790981,0.003561205696,NaN,NaN,0
0.02484790981,0.003418041626,NaN,NaN,0
0.02484790981,0.003274877556,NaN,NaN,0
0.02484790981,0.003131713718,NaN,NaN,0
0.02484790981,0.002988549648,NaN,NaN,0
0.02484790981,0.002845385578,NaN,NaN,0
0.02484790981,0.002702221507,NaN,NaN,0
0.02484790981,0.002559057437,NaN,NaN,0
0.02484790981,0.002415893367,NaN,NaN,0
0.02484790981,0.002272729296,NaN,NaN,0
0.02484790981,0.002129565226,NaN,NaN,0
0.02484790981,0.001986401156,NaN,NaN,0
0.02484790981,0.001843237202,NaN,NaN,0
0.02484790981,0.001700073131,NaN,NaN,0
0.02484790981,0.001556909061,NaN,NaN,0
0.02484790981,0.001413744991,NaN,NaN,0
0.02484790981,0.00127058092,NaN,NaN,0
0.02484790981,0.00112741685,NaN,NaN,0
0.02484790981,0.0009842528962,NaN,NaN,0
0.02484790981,0.0008410888258,NaN,NaN,0
0.02484790981,0.0006979247555,NaN,NaN,0
0.02484790981,0.0005547606852,NaN,NaN,0
0.02484790981,0.000411596644,NaN,NaN,0
0.02484790981,0.0002684326028,NaN,NaN,0
0.02484790981,0.000125268547,NaN,NaN,0
0.02499107458,0.01916608773,NaN,NaN,0
0.02499107458,0.01902292296,NaN,NaN,0
0.02499107458,0.01887976006,NaN,NaN,0
0.02499107458,0.01873659529,NaN,NaN,0
0.02499107458,0.01859343052,NaN,NaN,0
0.02499107458,0.01845026761,NaN,NaN,0
0.02499107458,0.01830710284,NaN,NaN,0
0.02499107458,0.01816393808,NaN,NaN,0
0.02499107458,0.01802077517,NaN,NaN,0
0.02499107458,0.0178776104,NaN,NaN,0
0.02499107458,0.01773444749,NaN,NaN,0
0.02499107458,0.01759128273,NaN,NaN,0
0.02499107458,0.01744811796,NaN,NaN,0
0.02499107458,0.01730495505,NaN,NaN,0
0.02499107458,0.01716179028,NaN,NaN,0
0.02499107458,0.01701862738,NaN,NaN,0
0.02499107458,0.01687546261,NaN,NaN,0
0.02499107458,0.01673229784,NaN,NaN,0
0.02499107458,0.01658913493,NaN,NaN,0
0.02499107458,0.01644597016,NaN,NaN,0
0.02499107458,0.01630280726,NaN,NaN,0
0.02499107458,0.01615964249,NaN,NaN,0
0.02499107458,0.01601647772,NaN,NaN,0
0.02499107458,0.01587331481,NaN,NaN,0
0.02499107458,0.01573015004,NaN,NaN,0
0.02499107458,0.01558698621,NaN,NaN,0
0.02499107458,0.01544382237,NaN,NaN,0
0.02499107458,0.0153006576,NaN,NaN,0
0.02499107458,0.01515749376,NaN,NaN,0
0.02499107458,0.01501432993,NaN,NaN,0
0.02499107458,0.01487116609,NaN,NaN,0
0.02499107458,0.01472800132,NaN,NaN,0
0.02499107458,0.01458483748,NaN,NaN,0
0.02499107458,0.01444167364,NaN,NaN,0
0.02499107458,0.01429850981,NaN,NaN,0
0.02499107458,0.01415534597,NaN,NaN,0
0.02499107458,0.0140121812,NaN,NaN,0
0.02499107458,0.01386901736,NaN,NaN,0
0.02499107458,0.01372585353,NaN,NaN,0
0.02499107458,0.01358268969,NaN,NaN,0
0.02499107458,0.01343952492,NaN,NaN,0
0.02499107458,0.01329636108,NaN,NaN,0
0.02499107458,0.01315319724,NaN,NaN,0
0.02499107458,0.01301003341,NaN,NaN,0
0.02499107458,0.01286686864,NaN,NaN,0
0.02499107458,0.0127237048,NaN,NaN,0
0.02499107458,0.01258054096,NaN,NaN,0
0.02499107458,0.01243737713,NaN,NaN,0
0.02499107458,0.01229421329,NaN,NaN,0
0.02499107458,0.01215104852,NaN,NaN,0
0.02499107458,0.01200788468,NaN,NaN,0
0.02499107458,0.01186472084,NaN,NaN,0
0.02499107458,0.01172155701,NaN,NaN,0
0.02499107458,0.01157839224,NaN,NaN,0
0.02499107458,0.0114352284,NaN,NaN,0
0.02499107458,0.01129206456,NaN,NaN,0
0.02499107458,0.01114890072,NaN,NaN,0
0.02499107458,0.01100573689,NaN,NaN,0
0.02499107458,0.01086257212,NaN,NaN,0
0.02499107458,0.01071940828,NaN,NaN,0
0.02499107458,0.01057624444,NaN,NaN,0
0.02499107458,0.01043308061,NaN,NaN,0
0.02499107458,0.01028991584,NaN,NaN,0
0.02499107458,0.010146752,NaN,NaN,0
0.02499107458,0.01000358816,NaN,NaN,0
0.02499107458,0.009860424325,NaN,NaN,0
0.02499107458,0.009717259556,NaN,NaN,0
0.02499107458,0.009574095719,NaN,NaN,0
0.02499107458,0.009430931881,NaN,NaN,0
0.02499107458,0.009287768044,NaN,NaN,0
0.02499107458,0.009144604206,NaN,NaN,0
0.02499107458,0.009001439437,NaN,NaN,0
0.02499107458,0.0088582756,NaN,NaN,0
0.02499107458,0.008715111762,NaN,NaN,0
0.02499107458,0.008571947925,NaN,NaN,0
0.02499107458,0.008428783156,NaN,NaN,0
0.02499107458,0.008285619318,NaN,NaN,0
0.02499107458,0.008142455481,NaN,NaN,0
0.02499107458,0.007999291644,NaN,NaN,0
0.02499107458,0.007856126875,NaN,NaN,0
0.02499107458,0.007712963037,NaN,NaN,0
0.02499107458,0.0075697992,NaN,NaN,0
0.02499107458,0.007426635362,NaN,NaN,0
0.02499107458,0.007283471059,NaN,NaN,0
0.02499107458,0.007140307222,NaN,NaN,0
0.02499107458,0.006997142918,NaN,NaN,0
0.02499107458,0.006853979081,NaN,NaN,0
0.02499107458,0.006710814778,NaN,NaN,0
0.02499107458,0.00656765094,NaN,NaN,0
0.02499107458,0.006424486637,NaN,NaN,0
0.02499107458,0.0062813228,NaN,NaN,0
0.02499107458,0.006138158496,NaN,NaN,0
0.02499107458,0.005994994659,NaN,NaN,0
0.02499107458,0.005851830821,NaN,NaN,0
0.02499107458,0.005708666518,NaN,NaN,0
0.02499107458,0.005565502681,NaN,NaN,0
0.02499107458,0.005422338378,NaN,NaN,0
0.02499107458,0.00527917454,NaN,NaN,0
0.02499107458,0.005136010237,NaN,NaN,0
0.02499107458,0.0049928464,NaN,NaN,0
0.02499107458,0.004849682096,NaN,NaN,0
0.02499107458,0.004706518259,NaN,NaN,0
0.02499107458,0.004563353956,NaN,NaN,0
0.02499107458,0.004420190118,NaN,NaN,0
0.02499107458,0.004277025815,NaN,NaN,0
0.02499107458,0.004133861978,NaN,NaN,0
0.02499107458,0.00399069814,NaN,NaN,0
0.02499107458,0.003847533837,NaN,NaN,0
0.02499107458,0.003704369767,NaN,NaN,0
0.02499107458,0.003561205696,NaN,NaN,0
0.02499107458,0.003418041626,NaN,NaN,0
0.02499107458,0.003274877556,NaN,NaN,0
0.02499107458,0.003131713718,NaN,NaN,0
0.02499107458,0.002988549648,NaN,NaN,0
0.02499107458,0.002845385578,NaN,NaN,0
0.02499107458,0.002702221507,NaN,NaN,0
0.02499107458,0.002559057437,NaN,NaN,0
0.02499107458,0.002415893367,NaN,NaN,0
0.02499107458,0.002272729296,NaN,NaN,0
0.02499107458,0.002129565226,NaN,NaN,0
0.02499107458,0.001986401156,NaN,NaN,0
0.02499107458,0.001843237202,NaN,NaN,0
0.02499107458,0.001700073131,NaN,NaN,0
0.02499107458,0.001556909061,NaN,NaN,0
0.02499107458,0.001413744991,NaN,NaN,0
0.02499107458,0.00127058092,NaN,NaN,0
0.02499107458,0.00112741685,NaN,NaN,0
0.02499107458,0.0009842528962,NaN,NaN,0
0.02499107458,0.0008410888258,NaN,NaN,0
0.02499107458,0.0006979247555,NaN,NaN,0
0.02499107458,0.0005547606852,NaN,NaN,0
0.02499107458,0.000411596644,NaN,NaN,0
0.02499107458,0.0002684326028,NaN,NaN,0
0.02499107458,0.000125268547,NaN,NaN,0
0.02513423935,0.01916608773,NaN,NaN,0
0.02513423935,0.01902292296,NaN,NaN,0
0.02513423935,0.01887976006,NaN,NaN,0
0.02513423935,0.01873659529,NaN,NaN,0
0.02513423935,0.01859343052,NaN,NaN,0
0.02513423935,0.01845026761,NaN,NaN,0
0.02513423935,0.01830710284,NaN,NaN,0
0.02513423935,0.01816393808,NaN,NaN,0
0.02513423935,0.01802077517,NaN,NaN,0
0.02513423935,0.0178776104,NaN,NaN,0
0.02513423935,0.01773444749,NaN,NaN,0
0.02513423935,0.01759128273,NaN,NaN,0
0.02513423935,0.01744811796,NaN,NaN,0
0.02513423935,0.01730495505,NaN,NaN,0
0.02513423935,0.01716179028,NaN,NaN,0
0.02513423935,0.01701862738,NaN,NaN,0
0.02513423935,0.01687546261,NaN,NaN,0
0.02513423935,0.01673229784,NaN,NaN,0
0.02513423935,0.01658913493,NaN,NaN,0
0.02513423935,0.01644597016,NaN,NaN,0
0.02513423935,0.01630280726,NaN,NaN,0
0.02513423935,0.01615964249,NaN,NaN,0
0.02513423935,0.01601647772,NaN,NaN,0
0.02513423935,0.01587331481,NaN,NaN,0
0.02513423935,0.01573015004,NaN,NaN,0
0.02513423935,0.01558698621,NaN,NaN,0
0.02513423935,0.01544382237,NaN,NaN,0
0.02513423935,0.0153006576,NaN,NaN,0
0.02513423935,0.01515749376,NaN,NaN,0
0.02513423935,0.01501432993,NaN,NaN,0
0.02513423935,0.01487116609,NaN,NaN,0
0.02513423935,0.01472800132,NaN,NaN,0
0.02513423935,0.01458483748,NaN,NaN,0
0.02513423935,0.01444167364,NaN,NaN,0
0.02513423935,0.01429850981,NaN,NaN,0
0.02513423935,0.01415534597,NaN,NaN,0
0.02513423935,0.0140121812,NaN,NaN,0
0.02513423935,0.01386901736,NaN,NaN,0
0.02513423935,0.01372585353,NaN,NaN,0
0.02513423935,0.01358268969,NaN,NaN,0
0.02513423935,0.01343952492,NaN,NaN,0
0.02513423935,0.01329636108,NaN,NaN,0
0.02513423935,0.01315319724,NaN,NaN,0
0.02513423935,0.01301003341,NaN,NaN,0
0.02513423935,0.01286686864,NaN,NaN,0
0.02513423935,0.0127237048,NaN,NaN,0
0.02513423935,0.01258054096,NaN,NaN,0
0.02513423935,0.01243737713,NaN,NaN,0
0.02513423935,0.01229421329,NaN,NaN,0
0.02513423935,0.01215104852,NaN,NaN,0
0.02513423935,0.01200788468,NaN,NaN,0
0.02513423935,0.01186472084,NaN,NaN,0
0.02513423935,0.01172155701,NaN,NaN,0
0.02513423935,0.01157839224,NaN,NaN,0
0.02513423935,0.0114352284,NaN,NaN,0
0.02513423935,0.01129206456,NaN,NaN,0
0.02513423935,0.01114890072,NaN,NaN,0
0.02513423935,0.01100573689,NaN,NaN,0
0.02513423935,0.01086257212,NaN,NaN,0
0.02513423935,0.01071940828,NaN,NaN,0
0.02513423935,0.01057624444,NaN,NaN,0
0.02513423935,0.01043308061,NaN,NaN,0
0.02513423935,0.01028991584,NaN,NaN,0
0.02513423935,0.010146752,NaN,NaN,0
0.02513423935,0.01000358816,NaN,NaN,0
0.02513423935,0.009860424325,NaN,NaN,0
0.02513423935,0.009717259556,NaN,NaN,0
0.02513423935,0.009574095719,NaN,NaN,0
0.02513423935,0.009430931881,NaN,NaN,0
0.02513423935,0.009287768044,NaN,NaN,0
0.02513423935,0.009144604206,NaN,NaN,0
0.02513423935,0.009001439437,NaN,NaN,0
0.02513423935,0.0088582756,NaN,NaN,0
0.02513423935,0.008715111762,NaN,NaN,0
0.02513423935,0.008571947925,NaN,NaN,0
0.02513423935,0.008428783156,NaN,NaN,0
0.02513423935,0.008285619318,NaN,NaN,0
0.02513423935,0.008142455481,NaN,NaN,0
0.02513423935,0.007999291644,NaN,NaN,0
0.02513423935,0.007856126875,NaN,NaN,0
0.02513423935,0.007712963037,NaN,NaN,0
0.02513423935,0.0075697992,NaN,NaN,0
0.02513423935,0.007426635362,NaN,NaN,0
0.02513423935,0.007283471059,NaN,NaN,0
0.02513423935,0.007140307222,NaN,NaN,0
0.02513423935,0.006997142918,NaN,NaN,0
0.02513423935,0.006853979081,NaN,NaN,0
0.02513423935,0.006710814778,NaN,NaN,0
0.02513423935,0.00656765094,NaN,NaN,0
0.02513423935,0.006424486637,NaN,NaN,0
0.02513423935,0.0062813228,NaN,NaN,0
0.02513423935,0.006138158496,NaN,NaN,0
0.02513423935,0.005994994659,NaN,NaN,0
0.02513423935,0.005851830821,NaN,NaN,0
0.02513423935,0.005708666518,NaN,NaN,0
0.02513423935,0.005565502681,NaN,NaN,0
0.02513423935,0.005422338378,NaN,NaN,0
0.02513423935,0.00527917454,NaN,NaN,0
0.02513423935,0.005136010237,NaN,NaN,0
0.02513423935,0.0049928464,NaN,NaN,0
0.02513423935,0.004849682096,NaN,NaN,0
0.02513423935,0.004706518259,NaN,NaN,0
0.02513423935,0.004563353956,NaN,NaN,0
0.02513423935,0.004420190118,NaN,NaN,0
0.02513423935,0.004277025815,NaN,NaN,0
0.02513423935,0.004133861978,NaN,NaN,0
0.02513423935,0.00399069814,NaN,NaN,0
0.02513423935,0.003847533837,NaN,NaN,0
0.02513423935,0.003704369767,NaN,NaN,0
0.02513423935,0.003561205696,NaN,NaN,0
0.02513423935,0.003418041626,NaN,NaN,0
0.02513423935,0.003274877556,NaN,NaN,0
0.02513423935,0.003131713718,NaN,NaN,0
0.02513423935,0.002988549648,NaN,NaN,0
0.02513423935,0.002845385578,NaN,NaN,0
0.02513423935,0.002702221507,NaN,NaN,0
0.02513423935,0.002559057437,NaN,NaN,0
0.02513423935,0.002415893367,NaN,NaN,0
0.02513423935,0.002272729296,NaN,NaN,0
0.02513423935,0.002129565226,NaN,NaN,0
0.02513423935,0.001986401156,NaN,NaN,0
0.02513423935,0.001843237202,NaN,NaN,0
0.02513423935,0.001700073131,NaN,NaN,0
0.02513423935,0.001556909061,NaN,NaN,0
0.02513423935,0.001413744991,NaN,NaN,0
0.02513423935,0.00127058092,NaN,NaN,0
0.02513423935,0.00112741685,NaN,NaN,0
0.02513423935,0.0009842528962,NaN,NaN,0
0.02513423935,0.0008410888258,NaN,NaN,0
0.02513423935,0.0006979247555,NaN,NaN,0
0.02513423935,0.0005547606852,NaN,NaN,0
0.02513423935,0.000411596644,NaN,NaN,0
0.02513423935,0.0002684326028,NaN,NaN,0
0.02513423935,0.000125268547,NaN,NaN,0
0.02527740225,0.01916608773,NaN,NaN,0
0.02527740225,0.01902292296,NaN,NaN,0
0.02527740225,0.01887976006,NaN,NaN,0
0.02527740225,0.01873659529,NaN,NaN,0
0.02527740225,0.01859343052,NaN,NaN,0
0.02527740225,0.01845026761,NaN,NaN,0
0.02527740225,0.01830710284,NaN,NaN,0
0.02527740225,0.01816393808,NaN,NaN,0
0.02527740225,0.01802077517,NaN,NaN,0
0.02527740225,0.0178776104,NaN,NaN,0
0.02527740225,0.01773444749,NaN,NaN,0
0.02527740225,0.01759128273,NaN,NaN,0
0.02527740225,0.01744811796,NaN,NaN,0
0.02527740225,0.01730495505,NaN,NaN,0
0.02527740225,0.01716179028,NaN,NaN,0
0.02527740225,0.01701862738,NaN,NaN,0
0.02527740225,0.01687546261,NaN,NaN,0
0.02527740225,0.01673229784,NaN,NaN,0
0.02527740225,0.01658913493,NaN,NaN,0
0.02527740225,0.01644597016,NaN,NaN,0
0.02527740225,0.01630280726,NaN,NaN,0
0.02527740225,0.01615964249,NaN,NaN,0
0.02527740225,0.01601647772,NaN,NaN,0
0.02527740225,0.01587331481,NaN,NaN,0
0.02527740225,0.01573015004,NaN,NaN,0
0.02527740225,0.01558698621,NaN,NaN,0
0.02527740225,0.01544382237,NaN,NaN,0
0.02527740225,0.0153006576,NaN,NaN,0
0.02527740225,0.01515749376,NaN,NaN,0
0.02527740225,0.01501432993,NaN,NaN,0
0.02527740225,0.01487116609,NaN,NaN,0
0.02527740225,0.01472800132,NaN,NaN,0
0.02527740225,0.01458483748,NaN,NaN,0
0.02527740225,0.01444167364,NaN,NaN,0
0.02527740225,0.01429850981,NaN,NaN,0
0.02527740225,0.01415534597,NaN,NaN,0
0.02527740225,0.0140121812,NaN,NaN,0
0.02527740225,0.01386901736,NaN,NaN,0
0.02527740225,0.01372585353,NaN,NaN,0
0.02527740225,0.01358268969,NaN,NaN,0
0.02527740225,0.01343952492,NaN,NaN,0
0.02527740225,0.01329636108,NaN,NaN,0
0.02527740225,0.01315319724,NaN,NaN,0
0.02527740225,0.01301003341,NaN,NaN,0
0.02527740225,0.01286686864,NaN,NaN,0
0.02527740225,0.0127237048,NaN,NaN,0
0.02527740225,0.01258054096,NaN,NaN,0
0.02527740225,0.01243737713,NaN,NaN,0
0.02527740225,0.01229421329,NaN,NaN,0
0.02527740225,0.01215104852,NaN,NaN,0
0.02527740225,0.01200788468,NaN,NaN,0
0.02527740225,0.01186472084,NaN,NaN,0
0.02527740225,0.01172155701,NaN,NaN,0
0.02527740225,0.01157839224,NaN,NaN,0
0.02527740225,0.0114352284,NaN,NaN,0
0.02527740225,0.01129206456,NaN,NaN,0
0.02527740225,0.01114890072,NaN,NaN,0
0.02527740225,0.01100573689,NaN,NaN,0
0.02527740225,0.01086257212,NaN,NaN,0
0.02527740225,0.01071940828,NaN,NaN,0
0.02527740225,0.01057624444,NaN,NaN,0
0.02527740225,0.01043308061,NaN,NaN,0
0.02527740225,0.01028991584,NaN,NaN,0
0.02527740225,0.010146752,NaN,NaN,0
0.02527740225,0.01000358816,NaN,NaN,0
0.02527740225,0.009860424325,NaN,NaN,0
0.02527740225,0.009717259556,NaN,NaN,0
0.02527740225,0.009574095719,NaN,NaN,0
0.02527740225,0.009430931881,NaN,NaN,0
0.02527740225,0.009287768044,NaN,NaN,0
0.02527740225,0.009144604206,NaN,NaN,0
0.02527740225,0.009001439437,NaN,NaN,0
0.02527740225,0.0088582756,NaN,NaN,0
0.02527740225,0.008715111762,NaN,NaN,0
0.02527740225,0.008571947925,NaN,NaN,0
0.02527740225,0.008428783156,NaN,NaN,0
0.02527740225,0.008285619318,NaN,NaN,0
0.02527740225,0.008142455481,NaN,NaN,0
0.02527740225,0.007999291644,NaN,NaN,0
0.02527740225,0.007856126875,NaN,NaN,0
0.02527740225,0.007712963037,NaN,NaN,0
0.02527740225,0.0075697992,NaN,NaN,0
0.02527740225,0.007426635362,NaN,NaN,0
0.02527740225,0.007283471059,NaN,NaN,0
0.02527740225,0.007140307222,NaN,NaN,0
0.02527740225,0.006997142918,NaN,NaN,0
0.02527740225,0.006853979081,NaN,NaN,0
0.02527740225,0.006710814778,NaN,NaN,0
0.02527740225,0.00656765094,NaN,NaN,0
0.02527740225,0.006424486637,NaN,NaN,0
0.02527740225,0.0062813228,NaN,NaN,0
0.02527740225,0.006138158496,NaN,NaN,0
0.02527740225,0.005994994659,NaN,NaN,0
0.02527740225,0.005851830821,NaN,NaN,0
0.02527740225,0.005708666518,NaN,NaN,0
0.02527740225,0.005565502681,NaN,NaN,0
0.02527740225,0.005422338378,NaN,NaN,0
0.02527740225,0.00527917454,NaN,NaN,0
0.02527740225,0.005136010237,NaN,NaN,0
0.02527740225,0.0049928464,NaN,NaN,0
0.02527740225,0.004849682096,NaN,NaN,0
0.02527740225,0.004706518259,NaN,NaN,0
0.02527740225,0.004563353956,NaN,NaN,0
0.02527740225,0.004420190118,NaN,NaN,0
0.02527740225,0.004277025815,NaN,NaN,0
0.02527740225,0.004133861978,NaN,NaN,0
0.02527740225,0.00399069814,NaN,NaN,0
0.02527740225,0.003847533837,NaN,NaN,0
0.02527740225,0.003704369767,NaN,NaN,0
0.02527740225,0.003561205696,NaN,NaN,0
0.02527740225,0.003418041626,NaN,NaN,0
0.02527740225,0.003274877556,NaN,NaN,0
0.02527740225,0.003131713718,NaN,NaN,0
0.02527740225,0.002988549648,NaN,NaN,0
0.02527740225,0.002845385578,NaN,NaN,0
0.02527740225,0.002702221507,NaN,NaN,0
0.02527740225,0.002559057437,NaN,NaN,0
0.02527740225,0.002415893367,NaN,NaN,0
0.02527740225,0.002272729296,NaN,NaN,0
0.02527740225,0.002129565226,NaN,NaN,0
0.02527740225,0.001986401156,NaN,NaN,0
0.02527740225,0.001843237202,NaN,NaN,0
0.02527740225,0.001700073131,NaN,NaN,0
0.02527740225,0.001556909061,NaN,NaN,0
0.02527740225,0.001413744991,NaN,NaN,0
0.02527740225,0.00127058092,NaN,NaN,0
0.02527740225,0.00112741685,NaN,NaN,0
0.02527740225,0.0009842528962,NaN,NaN,0
0.02527740225,0.0008410888258,NaN,NaN,0
0.02527740225,0.0006979247555,NaN,NaN,0
0.02527740225,0.0005547606852,NaN,NaN,0
0.02527740225,0.000411596644,NaN,NaN,0
0.02527740225,0.0002684326028,NaN,NaN,0
0.02527740225,0.000125268547,NaN,NaN,0
0.02542056702,0.01916608773,NaN,NaN,0
0.02542056702,0.01902292296,NaN,NaN,0
0.02542056702,0.01887976006,NaN,NaN,0
0.02542056702,0.01873659529,NaN,NaN,0
0.02542056702,0.01859343052,NaN,NaN,0
0.02542056702,0.01845026761,NaN,NaN,0
0.02542056702,0.01830710284,NaN,NaN,0
0.02542056702,0.01816393808,NaN,NaN,0
0.02542056702,0.01802077517,NaN,NaN,0
0.02542056702,0.0178776104,NaN,NaN,0
0.02542056702,0.01773444749,NaN,NaN,0
0.02542056702,0.01759128273,NaN,NaN,0
0.02542056702,0.01744811796,NaN,NaN,0
0.02542056702,0.01730495505,NaN,NaN,0
0.02542056702,0.01716179028,NaN,NaN,0
0.02542056702,0.01701862738,NaN,NaN,0
0.02542056702,0.01687546261,NaN,NaN,0
0.02542056702,0.01673229784,NaN,NaN,0
0.02542056702,0.01658913493,NaN,NaN,0
0.02542056702,0.01644597016,NaN,NaN,0
0.02542056702,0.01630280726,NaN,NaN,0
0.02542056702,0.01615964249,NaN,NaN,0
0.02542056702,0.01601647772,NaN,NaN,0
0.02542056702,0.01587331481,NaN,NaN,0
0.02542056702,0.01573015004,NaN,NaN,0
0.02542056702,0.01558698621,NaN,NaN,0
0.02542056702,0.01544382237,NaN,NaN,0
0.02542056702,0.0153006576,NaN,NaN,0
0.02542056702,0.01515749376,NaN,NaN,0
0.02542056702,0.01501432993,NaN,NaN,0
0.02542056702,0.01487116609,NaN,NaN,0
0.02542056702,0.01472800132,NaN,NaN,0
0.02542056702,0.01458483748,NaN,NaN,0
0.02542056702,0.01444167364,NaN,NaN,0
0.02542056702,0.01429850981,NaN,NaN,0
0.02542056702,0.01415534597,NaN,NaN,0
0.02542056702,0.0140121812,NaN,NaN,0
0.02542056702,0.01386901736,NaN,NaN,0
0.02542056702,0.01372585353,NaN,NaN,0
0.02542056702,0.01358268969,NaN,NaN,0
0.02542056702,0.01343952492,NaN,NaN,0
0.02542056702,0.01329636108,NaN,NaN,0
0.02542056702,0.01315319724,NaN,NaN,0
0.02542056702,0.01301003341,NaN,NaN,0
0.02542056702,0.01286686864,NaN,NaN,0
0.02542056702,0.0127237048,NaN,NaN,0
0.02542056702,0.01258054096,NaN,NaN,0
0.02542056702,0.01243737713,NaN,NaN,0
0.02542056702,0.01229421329,NaN,NaN,0
0.02542056702,0.01215104852,NaN,NaN,0
0.02542056702,0.01200788468,NaN,NaN,0
0.02542056702,0.01186472084,NaN,NaN,0
0.02542056702,0.01172155701,NaN,NaN,0
0.02542056702,0.01157839224,NaN,NaN,0
0.02542056702,0.0114352284,NaN,NaN,0
0.02542056702,0.01129206456,NaN,NaN,0
0.02542056702,0.01114890072,NaN,NaN,0
0.02542056702,0.01100573689,NaN,NaN,0
0.02542056702,0.01086257212,NaN,NaN,0
0.02542056702,0.01071940828,NaN,NaN,0
0.02542056702,0.01057624444,NaN,NaN,0
0.02542056702,0.01043308061,NaN,NaN,0
0.02542056702,0.01028991584,NaN,NaN,0
0.02542056702,0.010146752,NaN,NaN,0
0.02542056702,0.01000358816,NaN,NaN,0
0.02542056702,0.009860424325,NaN,NaN,0
0.02542056702,0.009717259556,NaN,NaN,0
0.02542056702,0.009574095719,NaN,NaN,0
0.02542056702,0.009430931881,NaN,NaN,0
0.02542056702,0.009287768044,NaN,NaN,0
0.02542056702,0.009144604206,NaN,NaN,0
0.02542056702,0.009001439437,NaN,NaN,0
0.02542056702,0.0088582756,NaN,NaN,0
0.02542056702,0.008715111762,NaN,NaN,0
0.02542056702,0.008571947925,NaN,NaN,0
0.02542056702,0.008428783156,NaN,NaN,0
0.02542056702,0.008285619318,NaN,NaN,0
0.02542056702,0.008142455481,NaN,NaN,0
0.02542056702,0.007999291644,NaN,NaN,0
0.02542056702,0.007856126875,NaN,NaN,0
0.02542056702,0.007712963037,NaN,NaN,0
0.02542056702,0.0075697992,NaN,NaN,0
0.02542056702,0.007426635362,NaN,NaN,0
0.02542056702,0.007283471059,NaN,NaN,0
0.02542056702,0.007140307222,NaN,NaN,0
0.02542056702,0.006997142918,NaN,NaN,0
0.02542056702,0.006853979081,NaN,NaN,0
0.02542056702,0.006710814778,NaN,NaN,0
0.02542056702,0.00656765094,NaN,NaN,0
0.02542056702,0.006424486637,NaN,NaN,0
0.02542056702,0.0062813228,NaN,NaN,0
0.02542056702,0.006138158496,NaN,NaN,0
0.02542056702,0.005994994659,NaN,NaN,0
0.02542056702,0.005851830821,NaN,NaN,0
0.02542056702,0.005708666518,NaN,NaN,0
0.02542056702,0.005565502681,NaN,NaN,0
0.02542056702,0.005422338378,NaN,NaN,0
0.02542056702,0.00527917454,NaN,NaN,0
0.02542056702,0.005136010237,NaN,NaN,0
0.02542056702,0.0049928464,NaN,NaN,0
0.02542056702,0.004849682096,NaN,NaN,0
0.02542056702,0.004706518259,NaN,NaN,0
0.02542056702,0.004563353956,NaN,NaN,0
0.02542056702,0.004420190118,NaN,NaN,0
0.02542056702,0.004277025815,NaN,NaN,0
0.02542056702,0.004133861978,NaN,NaN,0
0.02542056702,0.00399069814,NaN,NaN,0
0.02542056702,0.003847533837,NaN,NaN,0
0.02542056702,0.003704369767,NaN,NaN,0
0.02542056702,0.003561205696,NaN,NaN,0
0.02542056702,0.003418041626,NaN,NaN,0
0.02542056702,0.003274877556,NaN,NaN,0
0.02542056702,0.003131713718,NaN,NaN,0
0.02542056702,0.002988549648,NaN,NaN,0
0.02542056702,0.002845385578,NaN,NaN,0
0.02542056702,0.002702221507,NaN,NaN,0
0.02542056702,0.002559057437,NaN,NaN,0
0.02542056702,0.002415893367,NaN,NaN,0
0.02542056702,0.002272729296,NaN,NaN,0
0.02542056702,0.002129565226,NaN,NaN,0
0.02542056702,0.001986401156,NaN,NaN,0
0.02542056702,0.001843237202,NaN,NaN,0
0.02542056702,0.001700073131,NaN,NaN,0
0.02542056702,0.001556909061,NaN,NaN,0
0.02542056702,0.001413744991,NaN,NaN,0
0.02542056702,0.00127058092,NaN,NaN,0
0.02542056702,0.00112741685,NaN,NaN,0
0.02542056702,0.0009842528962,NaN,NaN,0
0.02542056702,0.0008410888258,NaN,NaN,0
0.02542056702,0.0006979247555,NaN,NaN,0
0.02542056702,0.0005547606852,NaN,NaN,0
0.02542056702,0.000411596644,NaN,NaN,0
0.02542056702,0.0002684326028,NaN,NaN,0
0.02542056702,0.000125268547,NaN,NaN,0
0.02556373179,0.01916608773,NaN,NaN,0
0.02556373179,0.01902292296,NaN,NaN,0
0.02556373179,0.01887976006,NaN,NaN,0
0.02556373179,0.01873659529,NaN,NaN,0
0.02556373179,0.01859343052,NaN,NaN,0
0.02556373179,0.01845026761,NaN,NaN,0
0.02556373179,0.01830710284,NaN,NaN,0
0.02556373179,0.01816393808,NaN,NaN,0
0.02556373179,0.01802077517,NaN,NaN,0
0.02556373179,0.0178776104,NaN,NaN,0
0.02556373179,0.01773444749,NaN,NaN,0
0.02556373179,0.01759128273,NaN,NaN,0
0.02556373179,0.01744811796,NaN,NaN,0
0.02556373179,0.01730495505,NaN,NaN,0
0.02556373179,0.01716179028,NaN,NaN,0
0.02556373179,0.01701862738,NaN,NaN,0
0.02556373179,0.01687546261,NaN,NaN,0
0.02556373179,0.01673229784,NaN,NaN,0
0.02556373179,0.01658913493,NaN,NaN,0
0.02556373179,0.01644597016,NaN,NaN,0
0.02556373179,0.01630280726,NaN,NaN,0
0.02556373179,0.01615964249,NaN,NaN,0
0.02556373179,0.01601647772,NaN,NaN,0
0.02556373179,0.01587331481,NaN,NaN,0
0.02556373179,0.01573015004,NaN,NaN,0
0.02556373179,0.01558698621,NaN,NaN,0
0.02556373179,0.01544382237,NaN,NaN,0
0.02556373179,0.0153006576,NaN,NaN,0
0.02556373179,0.01515749376,NaN,NaN,0
0.02556373179,0.01501432993,NaN,NaN,0
0.02556373179,0.01487116609,NaN,NaN,0
0.02556373179,0.01472800132,NaN,NaN,0
0.02556373179,0.01458483748,NaN,NaN,0
0.02556373179,0.01444167364,NaN,NaN,0
0.02556373179,0.01429850981,NaN,NaN,0
0.02556373179,0.01415534597,NaN,NaN,0
0.02556373179,0.0140121812,NaN,NaN,0
0.02556373179,0.01386901736,NaN,NaN,0
0.02556373179,0.01372585353,NaN,NaN,0
0.02556373179,0.01358268969,NaN,NaN,0
0.02556373179,0.01343952492,NaN,NaN,0
0.02556373179,0.01329636108,NaN,NaN,0
0.02556373179,0.01315319724,NaN,NaN,0
0.02556373179,0.01301003341,NaN,NaN,0
0.02556373179,0.01286686864,NaN,NaN,0
0.02556373179,0.0127237048,NaN,NaN,0
0.02556373179,0.01258054096,NaN,NaN,0
0.02556373179,0.01243737713,NaN,NaN,0
0.02556373179,0.01229421329,NaN,NaN,0
0.02556373179,0.01215104852,NaN,NaN,0
0.02556373179,0.01200788468,NaN,NaN,0
0.02556373179,0.01186472084,NaN,NaN,0
0.02556373179,0.01172155701,NaN,NaN,0
0.02556373179,0.01157839224,NaN,NaN,0
0.02556373179,0.0114352284,NaN,NaN,0
0.02556373179,0.01129206456,NaN,NaN,0
0.02556373179,0.01114890072,NaN,NaN,0
0.02556373179,0.01100573689,NaN,NaN,0
0.02556373179,0.01086257212,NaN,NaN,0
0.02556373179,0.01071940828,NaN,NaN,0
0.02556373179,0.01057624444,NaN,NaN,0
0.02556373179,0.01043308061,NaN,NaN,0
0.02556373179,0.01028991584,NaN,NaN,0
0.02556373179,0.010146752,NaN,NaN,0
0.02556373179,0.01000358816,NaN,NaN,0
0.02556373179,0.009860424325,NaN,NaN,0
0.02556373179,0.009717259556,NaN,NaN,0
0.02556373179,0.009574095719,NaN,NaN,0
0.02556373179,0.009430931881,NaN,NaN,0
0.02556373179,0.009287768044,NaN,NaN,0
0.02556373179,0.009144604206,NaN,NaN,0
0.02556373179,0.009001439437,NaN,NaN,0
0.02556373179,0.0088582756,NaN,NaN,0
0.02556373179,0.008715111762,NaN,NaN,0
0.02556373179,0.008571947925,NaN,NaN,0
0.02556373179,0.008428783156,NaN,NaN,0
0.02556373179,0.008285619318,NaN,NaN,0
0.02556373179,0.008142455481,NaN,NaN,0
0.02556373179,0.007999291644,NaN,NaN,0
0.02556373179,0.007856126875,NaN,NaN,0
0.02556373179,0.007712963037,NaN,NaN,0
0.02556373179,0.0075697992,NaN,NaN,0
0.02556373179,0.007426635362,NaN,NaN,0
0.02556373179,0.007283471059,NaN,NaN,0
0.02556373179,0.007140307222,NaN,NaN,0
0.02556373179,0.006997142918,NaN,NaN,0
0.02556373179,0.006853979081,NaN,NaN,0
0.02556373179,0.006710814778,NaN,NaN,0
0.02556373179,0.00656765094,NaN,NaN,0
0.02556373179,0.006424486637,NaN,NaN,0
0.02556373179,0.0062813228,NaN,NaN,0
0.02556373179,0.006138158496,NaN,NaN,0
0.02556373179,0.005994994659,NaN,NaN,0
0.02556373179,0.005851830821,NaN,NaN,0
0.02556373179,0.005708666518,NaN,NaN,0
0.02556373179,0.005565502681,NaN,NaN,0
0.02556373179,0.005422338378,NaN,NaN,0
0.02556373179,0.00527917454,NaN,NaN,0
0.02556373179,0.005136010237,NaN,NaN,0
0.02556373179,0.0049928464,NaN,NaN,0
0.02556373179,0.004849682096,NaN,NaN,0
0.02556373179,0.004706518259,NaN,NaN,0
0.02556373179,0.004563353956,NaN,NaN,0
0.02556373179,0.004420190118,NaN,NaN,0
0.02556373179,0.004277025815,NaN,NaN,0
0.02556373179,0.004133861978,NaN,NaN,0
0.02556373179,0.00399069814,NaN,NaN,0
0.02556373179,0.003847533837,NaN,NaN,0
0.02556373179,0.003704369767,NaN,NaN,0
0.02556373179,0.003561205696,NaN,NaN,0
0.02556373179,0.003418041626,NaN,NaN,0
0.02556373179,0.003274877556,NaN,NaN,0
0.02556373179,0.003131713718,NaN,NaN,0
0.02556373179,0.002988549648,NaN,NaN,0
0.02556373179,0.002845385578,NaN,NaN,0
0.02556373179,0.002702221507,NaN,NaN,0
0.02556373179,0.002559057437,NaN,NaN,0
0.02556373179,0.002415893367,NaN,NaN,0
0.02556373179,0.002272729296,NaN,NaN,0
0.02556373179,0.002129565226,NaN,NaN,0
0.02556373179,0.001986401156,NaN,NaN,0
0.02556373179,0.001843237202,NaN,NaN,0
0.02556373179,0.001700073131,NaN,NaN,0
0.02556373179,0.001556909061,NaN,NaN,0
0.02556373179,0.001413744991,NaN,NaN,0
0.02556373179,0.00127058092,NaN,NaN,0
0.02556373179,0.00112741685,NaN,NaN,0
0.02556373179,0.0009842528962,NaN,NaN,0
0.02556373179,0.0008410888258,NaN,NaN,0
0.02556373179,0.0006979247555,NaN,NaN,0
0.02556373179,0.0005547606852,NaN,NaN,0
0.02556373179,0.000411596644,NaN,NaN,0
0.02556373179,0.0002684326028,NaN,NaN,0
0.02556373179,0.000125268547,NaN,NaN,0
0.0257068947,0.01916608773,NaN,NaN,0
0.0257068947,0.01902292296,NaN,NaN,0
0.0257068947,0.01887976006,NaN,NaN,0
0.0257068947,0.01873659529,NaN,NaN,0
0.0257068947,0.01859343052,NaN,NaN,0
0.0257068947,0.01845026761,NaN,NaN,0
0.0257068947,0.01830710284,NaN,NaN,0
0.0257068947,0.01816393808,NaN,NaN,0
0.0257068947,0.01802077517,NaN,NaN,0
0.0257068947,0.0178776104,NaN,NaN,0
0.0257068947,0.01773444749,NaN,NaN,0
0.0257068947,0.01759128273,NaN,NaN,0
0.0257068947,0.01744811796,NaN,NaN,0
0.0257068947,0.01730495505,NaN,NaN,0
0.0257068947,0.01716179028,NaN,NaN,0
0.0257068947,0.01701862738,NaN,NaN,0
0.0257068947,0.01687546261,NaN,NaN,0
0.0257068947,0.01673229784,NaN,NaN,0
0.0257068947,0.01658913493,NaN,NaN,0
0.0257068947,0.01644597016,NaN,NaN,0
0.0257068947,0.01630280726,NaN,NaN,0
0.0257068947,0.01615964249,NaN,NaN,0
0.0257068947,0.01601647772,NaN,NaN,0
0.0257068947,0.01587331481,NaN,NaN,0
0.0257068947,0.01573015004,NaN,NaN,0
0.0257068947,0.01558698621,NaN,NaN,0
0.0257068947,0.01544382237,NaN,NaN,0
0.0257068947,0.0153006576,NaN,NaN,0
0.0257068947,0.01515749376,NaN,NaN,0
0.0257068947,0.01501432993,NaN,NaN,0
0.0257068947,0.01487116609,NaN,NaN,0
0.0257068947,0.01472800132,NaN,NaN,0
0.0257068947,0.01458483748,NaN,NaN,0
0.0257068947,0.01444167364,NaN,NaN,0
0.0257068947,0.01429850981,NaN,NaN,0
0.0257068947,0.01415534597,NaN,NaN,0
0.0257068947,0.0140121812,NaN,NaN,0
0.0257068947,0.01386901736,NaN,NaN,0
0.0257068947,0.01372585353,NaN,NaN,0
0.0257068947,0.01358268969,NaN,NaN,0
0.0257068947,0.01343952492,NaN,NaN,0
0.0257068947,0.01329636108,NaN,NaN,0
0.0257068947,0.01315319724,NaN,NaN,0
0.0257068947,0.01301003341,NaN,NaN,0
0.0257068947,0.01286686864,NaN,NaN,0
0.0257068947,0.0127237048,NaN,NaN,0
0.0257068947,0.01258054096,NaN,NaN,0
0.0257068947,0.01243737713,NaN,NaN,0
0.0257068947,0.01229421329,NaN,NaN,0
0.0257068947,0.01215104852,NaN,NaN,0
0.0257068947,0.01200788468,NaN,NaN,0
0.0257068947,0.01186472084,NaN,NaN,0
0.0257068947,0.01172155701,NaN,NaN,0
0.0257068947,0.01157839224,NaN,NaN,0
0.0257068947,0.0114352284,NaN,NaN,0
0.0257068947,0.01129206456,NaN,NaN,0
0.0257068947,0.01114890072,NaN,NaN,0
0.0257068947,0.01100573689,NaN,NaN,0
0.0257068947,0.01086257212,NaN,NaN,0
0.0257068947,0.01071940828,NaN,NaN,0
0.0257068947,0.01057624444,NaN,NaN,0
0.0257068947,0.01043308061,NaN,NaN,0
0.0257068947,0.01028991584,NaN,NaN,0
0.0257068947,0.010146752,NaN,NaN,0
0.0257068947,0.01000358816,NaN,NaN,0
0.0257068947,0.009860424325,NaN,NaN,0
0.0257068947,0.009717259556,NaN,NaN,0
0.0257068947,0.009574095719,NaN,NaN,0
0.0257068947,0.009430931881,NaN,NaN,0
0.0257068947,0.009287768044,NaN,NaN,0
0.0257068947,0.009144604206,NaN,NaN,0
0.0257068947,0.009001439437,NaN,NaN,0
0.0257068947,0.0088582756,NaN,NaN,0
0.0257068947,0.008715111762,NaN,NaN,0
0.0257068947,0.008571947925,NaN,NaN,0
0.0257068947,0.008428783156,NaN,NaN,0
0.0257068947,0.008285619318,NaN,NaN,0
0.0257068947,0.008142455481,NaN,NaN,0
0.0257068947,0.007999291644,NaN,NaN,0
0.0257068947,0.007856126875,NaN,NaN,0
0.0257068947,0.007712963037,NaN,NaN,0
0.0257068947,0.0075697992,NaN,NaN,0
0.0257068947,0.007426635362,NaN,NaN,0
0.0257068947,0.007283471059,NaN,NaN,0
0.0257068947,0.007140307222,NaN,NaN,0
0.0257068947,0.006997142918,NaN,NaN,0
0.0257068947,0.006853979081,NaN,NaN,0
0.0257068947,0.006710814778,NaN,NaN,0
0.0257068947,0.00656765094,NaN,NaN,0
0.0257068947,0.006424486637,NaN,NaN,0
0.0257068947,0.0062813228,NaN,NaN,0
0.0257068947,0.006138158496,NaN,NaN,0
0.0257068947,0.005994994659,NaN,NaN,0
0.0257068947,0.005851830821,NaN,NaN,0
0.0257068947,0.005708666518,NaN,NaN,0
0.0257068947,0.005565502681,NaN,NaN,0
0.0257068947,0.005422338378,NaN,NaN,0
0.0257068947,0.00527917454,NaN,NaN,0
0.0257068947,0.005136010237,NaN,NaN,0
0.0257068947,0.0049928464,NaN,NaN,0
0.0257068947,0.004849682096,NaN,NaN,0
0.0257068947,0.004706518259,NaN,NaN,0
0.0257068947,0.004563353956,NaN,NaN,0
0.0257068947,0.004420190118,NaN,NaN,0
0.0257068947,0.004277025815,NaN,NaN,0
0.0257068947,0.004133861978,NaN,NaN,0
0.0257068947,0.00399069814,NaN,NaN,0
0.0257068947,0.003847533837,NaN,NaN,0
0.0257068947,0.003704369767,NaN,NaN,0
0.0257068947,0.003561205696,NaN,NaN,0
0.0257068947,0.003418041626,NaN,NaN,0
0.0257068947,0.003274877556,NaN,NaN,0
0.0257068947,0.003131713718,NaN,NaN,0
0.0257068947,0.002988549648,NaN,NaN,0
0.0257068947,0.002845385578,NaN,NaN,0
0.0257068947,0.002702221507,NaN,NaN,0
0.0257068947,0.002559057437,NaN,NaN,0
0.0257068947,0.002415893367,NaN,NaN,0
0.0257068947,0.002272729296,NaN,NaN,0
0.0257068947,0.002129565226,NaN,NaN,0
0.0257068947,0.001986401156,NaN,NaN,0
0.0257068947,0.001843237202,NaN,NaN,0
0.0257068947,0.001700073131,NaN,NaN,0
0.0257068947,0.001556909061,NaN,NaN,0
0.0257068947,0.001413744991,NaN,NaN,0
0.0257068947,0.00127058092,NaN,NaN,0
0.0257068947,0.00112741685,NaN,NaN,0
0.0257068947,0.0009842528962,NaN,NaN,0
0.0257068947,0.0008410888258,NaN,NaN,0
0.0257068947,0.0006979247555,NaN,NaN,0
0.0257068947,0.0005547606852,NaN,NaN,0
0.0257068947,0.000411596644,NaN,NaN,0
0.0257068947,0.0002684326028,NaN,NaN,0
0.0257068947,0.000125268547,NaN,NaN,0
0.02585005946,0.01916608773,NaN,NaN,0
0.02585005946,0.01902292296,NaN,NaN,0
0.02585005946,0.01887976006,NaN,NaN,0
0.02585005946,0.01873659529,NaN,NaN,0
0.02585005946,0.01859343052,NaN,NaN,0
0.02585005946,0.01845026761,NaN,NaN,0
0.02585005946,0.01830710284,NaN,NaN,0
0.02585005946,0.01816393808,NaN,NaN,0
0.02585005946,0.01802077517,NaN,NaN,0
0.02585005946,0.0178776104,NaN,NaN,0
0.02585005946,0.01773444749,NaN,NaN,0
0.02585005946,0.01759128273,NaN,NaN,0
0.02585005946,0.01744811796,NaN,NaN,0
0.02585005946,0.01730495505,NaN,NaN,0
0.02585005946,0.01716179028,NaN,NaN,0
0.02585005946,0.01701862738,NaN,NaN,0
0.02585005946,0.01687546261,NaN,NaN,0
0.02585005946,0.01673229784,NaN,NaN,0
0.02585005946,0.01658913493,NaN,NaN,0
0.02585005946,0.01644597016,NaN,NaN,0
0.02585005946,0.01630280726,NaN,NaN,0
0.02585005946,0.01615964249,NaN,NaN,0
0.02585005946,0.01601647772,NaN,NaN,0
0.02585005946,0.01587331481,NaN,NaN,0
0.02585005946,0.01573015004,NaN,NaN,0
0.02585005946,0.01558698621,NaN,NaN,0
0.02585005946,0.01544382237,NaN,NaN,0
0.02585005946,0.0153006576,NaN,NaN,0
0.02585005946,0.01515749376,NaN,NaN,0
0.02585005946,0.01501432993,NaN,NaN,0
0.02585005946,0.01487116609,NaN,NaN,0
0.02585005946,0.01472800132,NaN,NaN,0
0.02585005946,0.01458483748,NaN,NaN,0
0.02585005946,0.01444167364,NaN,NaN,0
0.02585005946,0.01429850981,NaN,NaN,0
0.02585005946,0.01415534597,NaN,NaN,0
0.02585005946,0.0140121812,NaN,NaN,0
0.02585005946,0.01386901736,NaN,NaN,0
0.02585005946,0.01372585353,NaN,NaN,0
0.02585005946,0.01358268969,NaN,NaN,0
0.02585005946,0.01343952492,NaN,NaN,0
0.02585005946,0.01329636108,NaN,NaN,0
0.02585005946,0.01315319724,NaN,NaN,0
0.02585005946,0.01301003341,NaN,NaN,0
0.02585005946,0.01286686864,NaN,NaN,0
0.02585005946,0.0127237048,NaN,NaN,0
0.02585005946,0.01258054096,NaN,NaN,0
0.02585005946,0.01243737713,NaN,NaN,0
0.02585005946,0.01229421329,NaN,NaN,0
0.02585005946,0.01215104852,NaN,NaN,0
0.02585005946,0.01200788468,NaN,NaN,0
0.02585005946,0.01186472084,NaN,NaN,0
0.02585005946,0.01172155701,NaN,NaN,0
0.02585005946,0.01157839224,NaN,NaN,0
0.02585005946,0.0114352284,NaN,NaN,0
0.02585005946,0.01129206456,NaN,NaN,0
0.02585005946,0.01114890072,NaN,NaN,0
0.02585005946,0.01100573689,NaN,NaN,0
0.02585005946,0.01086257212,NaN,NaN,0
0.02585005946,0.01071940828,NaN,NaN,0
0.02585005946,0.01057624444,NaN,NaN,0
0.02585005946,0.01043308061,NaN,NaN,0
0.02585005946,0.01028991584,NaN,NaN,0
0.02585005946,0.010146752,NaN,NaN,0
0.02585005946,0.01000358816,NaN,NaN,0
0.02585005946,0.009860424325,NaN,NaN,0
0.02585005946,0.009717259556,NaN,NaN,0
0.02585005946,0.009574095719,NaN,NaN,0
0.02585005946,0.009430931881,NaN,NaN,0
0.02585005946,0.009287768044,NaN,NaN,0
0.02585005946,0.009144604206,NaN,NaN,0
0.02585005946,0.009001439437,NaN,NaN,0
0.02585005946,0.0088582756,NaN,NaN,0
0.02585005946,0.008715111762,NaN,NaN,0
0.02585005946,0.008571947925,NaN,NaN,0
0.02585005946,0.008428783156,NaN,NaN,0
0.02585005946,0.008285619318,NaN,NaN,0
0.02585005946,0.008142455481,NaN,NaN,0
0.02585005946,0.007999291644,NaN,NaN,0
0.02585005946,0.007856126875,NaN,NaN,0
0.02585005946,0.007712963037,NaN,NaN,0
0.02585005946,0.0075697992,NaN,NaN,0
0.02585005946,0.007426635362,NaN,NaN,0
0.02585005946,0.007283471059,NaN,NaN,0
0.02585005946,0.007140307222,NaN,NaN,0
0.02585005946,0.006997142918,NaN,NaN,0
0.02585005946,0.006853979081,NaN,NaN,0
0.02585005946,0.006710814778,NaN,NaN,0
0.02585005946,0.00656765094,NaN,NaN,0
0.02585005946,0.006424486637,NaN,NaN,0
0.02585005946,0.0062813228,NaN,NaN,0
0.02585005946,0.006138158496,NaN,NaN,0
0.02585005946,0.005994994659,NaN,NaN,0
0.02585005946,0.005851830821,NaN,NaN,0
0.02585005946,0.005708666518,NaN,NaN,0
0.02585005946,0.005565502681,NaN,NaN,0
0.02585005946,0.005422338378,NaN,NaN,0
0.02585005946,0.00527917454,NaN,NaN,0
0.02585005946,0.005136010237,NaN,NaN,0
0.02585005946,0.0049928464,NaN,NaN,0
0.02585005946,0.004849682096,NaN,NaN,0
0.02585005946,0.004706518259,NaN,NaN,0
0.02585005946,0.004563353956,NaN,NaN,0
0.02585005946,0.004420190118,NaN,NaN,0
0.02585005946,0.004277025815,NaN,NaN,0
0.02585005946,0.004133861978,NaN,NaN,0
0.02585005946,0.00399069814,NaN,NaN,0
0.02585005946,0.003847533837,NaN,NaN,0
0.02585005946,0.003704369767,NaN,NaN,0
0.02585005946,0.003561205696,NaN,NaN,0
0.02585005946,0.003418041626,NaN,NaN,0
0.02585005946,0.003274877556,NaN,NaN,0
0.02585005946,0.003131713718,NaN,NaN,0
0.02585005946,0.002988549648,NaN,NaN,0
0.02585005946,0.002845385578,NaN,NaN,0
0.02585005946,0.002702221507,NaN,NaN,0
0.02585005946,0.002559057437,NaN,NaN,0
0.02585005946,0.002415893367,NaN,NaN,0
0.02585005946,0.002272729296,NaN,NaN,0
0.02585005946,0.002129565226,NaN,NaN,0
0.02585005946,0.001986401156,NaN,NaN,0
0.02585005946,0.001843237202,NaN,NaN,0
0.02585005946,0.001700073131,NaN,NaN,0
0.02585005946,0.001556909061,NaN,NaN,0
0.02585005946,0.001413744991,NaN,NaN,0
0.02585005946,0.00127058092,NaN,NaN,0
0.02585005946,0.00112741685,NaN,NaN,0
0.02585005946,0.0009842528962,NaN,NaN,0
0.02585005946,0.0008410888258,NaN,NaN,0
0.02585005946,0.0006979247555,NaN,NaN,0
0.02585005946,0.0005547606852,NaN,NaN,0
0.02585005946,0.000411596644,NaN,NaN,0
0.02585005946,0.0002684326028,NaN,NaN,0
0.02585005946,0.000125268547,NaN,NaN,0
0.02599322237,0.01916608773,NaN,NaN,0
0.02599322237,0.01902292296,NaN,NaN,0
0.02599322237,0.01887976006,NaN,NaN,0
0.02599322237,0.01873659529,NaN,NaN,0
0.02599322237,0.01859343052,NaN,NaN,0
0.02599322237,0.01845026761,NaN,NaN,0
0.02599322237,0.01830710284,NaN,NaN,0
0.02599322237,0.01816393808,NaN,NaN,0
0.02599322237,0.01802077517,NaN,NaN,0
0.02599322237,0.0178776104,NaN,NaN,0
0.02599322237,0.01773444749,NaN,NaN,0
0.02599322237,0.01759128273,NaN,NaN,0
0.02599322237,0.01744811796,NaN,NaN,0
0.02599322237,0.01730495505,NaN,NaN,0
0.02599322237,0.01716179028,NaN,NaN,0
0.02599322237,0.01701862738,NaN,NaN,0
0.02599322237,0.01687546261,NaN,NaN,0
0.02599322237,0.01673229784,NaN,NaN,0
0.02599322237,0.01658913493,NaN,NaN,0
0.02599322237,0.01644597016,NaN,NaN,0
0.02599322237,0.01630280726,NaN,NaN,0
0.02599322237,0.01615964249,NaN,NaN,0
0.02599322237,0.01601647772,NaN,NaN,0
0.02599322237,0.01587331481,NaN,NaN,0
0.02599322237,0.01573015004,NaN,NaN,0
0.02599322237,0.01558698621,NaN,NaN,0
0.02599322237,0.01544382237,NaN,NaN,0
0.02599322237,0.0153006576,NaN,NaN,0
0.02599322237,0.01515749376,NaN,NaN,0
0.02599322237,0.01501432993,NaN,NaN,0
0.02599322237,0.01487116609,NaN,NaN,0
0.02599322237,0.01472800132,NaN,NaN,0
0.02599322237,0.01458483748,NaN,NaN,0
0.02599322237,0.01444167364,NaN,NaN,0
0.02599322237,0.01429850981,NaN,NaN,0
0.02599322237,0.01415534597,NaN,NaN,0
0.02599322237,0.0140121812,NaN,NaN,0
0.02599322237,0.01386901736,NaN,NaN,0
0.02599322237,0.01372585353,NaN,NaN,0
0.02599322237,0.01358268969,NaN,NaN,0
0.02599322237,0.01343952492,NaN,NaN,0
0.02599322237,0.01329636108,NaN,NaN,0
0.02599322237,0.01315319724,NaN,NaN,0
0.02599322237,0.01301003341,NaN,NaN,0
0.02599322237,0.01286686864,NaN,NaN,0
0.02599322237,0.0127237048,NaN,NaN,0
0.02599322237,0.01258054096,NaN,NaN,0
0.02599322237,0.01243737713,NaN,NaN,0
0.02599322237,0.01229421329,NaN,NaN,0
0.02599322237,0.01215104852,NaN,NaN,0
0.02599322237,0.01200788468,NaN,NaN,0
0.02599322237,0.01186472084,NaN,NaN,0
0.02599322237,0.01172155701,NaN,NaN,0
0.02599322237,0.01157839224,NaN,NaN,0
0.02599322237,0.0114352284,NaN,NaN,0
0.02599322237,0.01129206456,NaN,NaN,0
0.02599322237,0.01114890072,NaN,NaN,0
0.02599322237,0.01100573689,NaN,NaN,0
0.02599322237,0.01086257212,NaN,NaN,0
0.02599322237,0.01071940828,NaN,NaN,0
0.02599322237,0.01057624444,NaN,NaN,0
0.02599322237,0.01043308061,NaN,NaN,0
0.02599322237,0.01028991584,NaN,NaN,0
0.02599322237,0.010146752,NaN,NaN,0
0.02599322237,0.01000358816,NaN,NaN,0
0.02599322237,0.009860424325,NaN,NaN,0
0.02599322237,0.009717259556,NaN,NaN,0
0.02599322237,0.009574095719,NaN,NaN,0
0.02599322237,0.009430931881,NaN,NaN,0
0.02599322237,0.009287768044,NaN,NaN,0
0.02599322237,0.009144604206,NaN,NaN,0
0.02599322237,0.009001439437,NaN,NaN,0
0.02599322237,0.0088582756,NaN,NaN,0
0.02599322237,0.008715111762,NaN,NaN,0
0.02599322237,0.008571947925,NaN,NaN,0
0.02599322237,0.008428783156,NaN,NaN,0
0.02599322237,0.008285619318,NaN,NaN,0
0.02599322237,0.008142455481,NaN,NaN,0
0.02599322237,0.007999291644,NaN,NaN,0
0.02599322237,0.007856126875,NaN,NaN,0
0.02599322237,0.007712963037,NaN,NaN,0
0.02599322237,0.0075697992,NaN,NaN,0
0.02599322237,0.007426635362,NaN,NaN,0
0.02599322237,0.007283471059,NaN,NaN,0
0.02599322237,0.007140307222,NaN,NaN,0
0.02599322237,0.006997142918,NaN,NaN,0
0.02599322237,0.006853979081,NaN,NaN,0
0.02599322237,0.006710814778,NaN,NaN,0
0.02599322237,0.00656765094,NaN,NaN,0
0.02599322237,0.006424486637,NaN,NaN,0
0.02599322237,0.0062813228,NaN,NaN,0
0.02599322237,0.006138158496,NaN,NaN,0
0.02599322237,0.005994994659,NaN,NaN,0
0.02599322237,0.005851830821,NaN,NaN,0
0.02599322237,0.005708666518,NaN,NaN,0
0.02599322237,0.005565502681,NaN,NaN,0
0.02599322237,0.005422338378,NaN,NaN,0
0.02599322237,0.00527917454,NaN,NaN,0
0.02599322237,0.005136010237,NaN,NaN,0
0.02599322237,0.0049928464,NaN,NaN,0
0.02599322237,0.004849682096,NaN,NaN,0
0.02599322237,0.004706518259,NaN,NaN,0
0.02599322237,0.004563353956,NaN,NaN,0
0.02599322237,0.004420190118,NaN,NaN,0
0.02599322237,0.004277025815,NaN,NaN,0
0.02599322237,0.004133861978,NaN,NaN,0
0.02599322237,0.00399069814,NaN,NaN,0
0.02599322237,0.003847533837,NaN,NaN,0
0.02599322237,0.003704369767,NaN,NaN,0
0.02599322237,0.003561205696,NaN,NaN,0
0.02599322237,0.003418041626,NaN,NaN,0
0.02599322237,0.003274877556,NaN,NaN,0
0.02599322237,0.003131713718,NaN,NaN,0
0.02599322237,0.002988549648,NaN,NaN,0
0.02599322237,0.002845385578,NaN,NaN,0
0.02599322237,0.002702221507,NaN,NaN,0
0.02599322237,0.002559057437,NaN,NaN,0
0.02599322237,0.002415893367,NaN,NaN,0
0.02599322237,0.002272729296,NaN,NaN,0
0.02599322237,0.002129565226,NaN,NaN,0
0.02599322237,0.001986401156,NaN,NaN,0
0.02599322237,0.001843237202,NaN,NaN,0
0.02599322237,0.001700073131,NaN,NaN,0
0.02599322237,0.001556909061,NaN,NaN,0
0.02599322237,0.001413744991,NaN,NaN,0
0.02599322237,0.00127058092,NaN,NaN,0
0.02599322237,0.00112741685,NaN,NaN,0
0.02599322237,0.0009842528962,NaN,NaN,0
0.02599322237,0.0008410888258,NaN,NaN,0
0.02599322237,0.0006979247555,NaN,NaN,0
0.02599322237,0.0005547606852,NaN,NaN,0
0.02599322237,0.000411596644,NaN,NaN,0
0.02599322237,0.0002684326028,NaN,NaN,0
0.02599322237,0.000125268547,NaN,NaN,0
0.02613638714,0.01916608773,NaN,NaN,0
0.02613638714,0.01902292296,NaN,NaN,0
0.02613638714,0.01887976006,NaN,NaN,0
0.02613638714,0.01873659529,NaN,NaN,0
0.02613638714,0.01859343052,NaN,NaN,0
0.02613638714,0.01845026761,NaN,NaN,0
0.02613638714,0.01830710284,NaN,NaN,0
0.02613638714,0.01816393808,NaN,NaN,0
0.02613638714,0.01802077517,NaN,NaN,0
0.02613638714,0.0178776104,NaN,NaN,0
0.02613638714,0.01773444749,NaN,NaN,0
0.02613638714,0.01759128273,NaN,NaN,0
0.02613638714,0.01744811796,NaN,NaN,0
0.02613638714,0.01730495505,NaN,NaN,0
0.02613638714,0.01716179028,NaN,NaN,0
0.02613638714,0.01701862738,NaN,NaN,0
0.02613638714,0.01687546261,NaN,NaN,0
0.02613638714,0.01673229784,NaN,NaN,0
0.02613638714,0.01658913493,NaN,NaN,0
0.02613638714,0.01644597016,NaN,NaN,0
0.02613638714,0.01630280726,NaN,NaN,0
0.02613638714,0.01615964249,NaN,NaN,0
0.02613638714,0.01601647772,NaN,NaN,0
0.02613638714,0.01587331481,NaN,NaN,0
0.02613638714,0.01573015004,NaN,NaN,0
0.02613638714,0.01558698621,NaN,NaN,0
0.02613638714,0.01544382237,NaN,NaN,0
0.02613638714,0.0153006576,NaN,NaN,0
0.02613638714,0.01515749376,NaN,NaN,0
0.02613638714,0.01501432993,NaN,NaN,0
0.02613638714,0.01487116609,NaN,NaN,0
0.02613638714,0.01472800132,NaN,NaN,0
0.02613638714,0.01458483748,NaN,NaN,0
0.02613638714,0.01444167364,NaN,NaN,0
0.02613638714,0.01429850981,NaN,NaN,0
0.02613638714,0.01415534597,NaN,NaN,0
0.02613638714,0.0140121812,NaN,NaN,0
0.02613638714,0.01386901736,NaN,NaN,0
0.02613638714,0.01372585353,NaN,NaN,0
0.02613638714,0.01358268969,NaN,NaN,0
0.02613638714,0.01343952492,NaN,NaN,0
0.02613638714,0.01329636108,NaN,NaN,0
0.02613638714,0.01315319724,NaN,NaN,0
0.02613638714,0.01301003341,NaN,NaN,0
0.02613638714,0.01286686864,NaN,NaN,0
0.02613638714,0.0127237048,NaN,NaN,0
0.02613638714,0.01258054096,NaN,NaN,0
0.02613638714,0.01243737713,NaN,NaN,0
0.02613638714,0.01229421329,NaN,NaN,0
0.02613638714,0.01215104852,NaN,NaN,0
0.02613638714,0.01200788468,NaN,NaN,0
0.02613638714,0.01186472084,NaN,NaN,0
0.02613638714,0.01172155701,NaN,NaN,0
0.02613638714,0.01157839224,NaN,NaN,0
0.02613638714,0.0114352284,NaN,NaN,0
0.02613638714,0.01129206456,NaN,NaN,0
0.02613638714,0.01114890072,NaN,NaN,0
0.02613638714,0.01100573689,NaN,NaN,0
0.02613638714,0.01086257212,NaN,NaN,0
0.02613638714,0.01071940828,NaN,NaN,0
0.02613638714,0.01057624444,NaN,NaN,0
0.02613638714,0.01043308061,NaN,NaN,0
0.02613638714,0.01028991584,NaN,NaN,0
0.02613638714,0.010146752,NaN,NaN,0
0.02613638714,0.01000358816,NaN,NaN,0
0.02613638714,0.009860424325,NaN,NaN,0
0.02613638714,0.009717259556,NaN,NaN,0
0.02613638714,0.009574095719,NaN,NaN,0
0.02613638714,0.009430931881,NaN,NaN,0
0.02613638714,0.009287768044,NaN,NaN,0
0.02613638714,0.009144604206,NaN,NaN,0
0.02613638714,0.009001439437,NaN,NaN,0
0.02613638714,0.0088582756,NaN,NaN,0
0.02613638714,0.008715111762,NaN,NaN,0
0.02613638714,0.008571947925,NaN,NaN,0
0.02613638714,0.008428783156,NaN,NaN,0
0.02613638714,0.008285619318,NaN,NaN,0
0.02613638714,0.008142455481,NaN,NaN,0
0.02613638714,0.007999291644,NaN,NaN,0
0.02613638714,0.007856126875,NaN,NaN,0
0.02613638714,0.007712963037,NaN,NaN,0
0.02613638714,0.0075697992,NaN,NaN,0
0.02613638714,0.007426635362,NaN,NaN,0
0.02613638714,0.007283471059,NaN,NaN,0
0.02613638714,0.007140307222,NaN,NaN,0
0.02613638714,0.006997142918,NaN,NaN,0
0.02613638714,0.006853979081,NaN,NaN,0
0.02613638714,0.006710814778,NaN,NaN,0
0.02613638714,0.00656765094,NaN,NaN,0
0.02613638714,0.006424486637,NaN,NaN,0
0.02613638714,0.0062813228,NaN,NaN,0
0.02613638714,0.006138158496,NaN,NaN,0
0.02613638714,0.005994994659,NaN,NaN,0
0.02613638714,0.005851830821,NaN,NaN,0
0.02613638714,0.005708666518,NaN,NaN,0
0.02613638714,0.005565502681,NaN,NaN,0
0.02613638714,0.005422338378,NaN,NaN,0
0.02613638714,0.00527917454,NaN,NaN,0
0.02613638714,0.005136010237,NaN,NaN,0
0.02613638714,0.0049928464,NaN,NaN,0
0.02613638714,0.004849682096,NaN,NaN,0
0.02613638714,0.004706518259,NaN,NaN,0
0.02613638714,0.004563353956,NaN,NaN,0
0.02613638714,0.004420190118,NaN,NaN,0
0.02613638714,0.004277025815,NaN,NaN,0
0.02613638714,0.004133861978,NaN,NaN,0
0.02613638714,0.00399069814,NaN,NaN,0
0.02613638714,0.003847533837,NaN,NaN,0
0.02613638714,0.003704369767,NaN,NaN,0
0.02613638714,0.003561205696,NaN,NaN,0
0.02613638714,0.003418041626,NaN,NaN,0
0.02613638714,0.003274877556,NaN,NaN,0
0.02613638714,0.003131713718,NaN,NaN,0
0.02613638714,0.002988549648,NaN,NaN,0
0.02613638714,0.002845385578,NaN,NaN,0
0.02613638714,0.002702221507,NaN,NaN,0
0.02613638714,0.002559057437,NaN,NaN,0
0.02613638714,0.002415893367,NaN,NaN,0
0.02613638714,0.002272729296,NaN,NaN,0
0.02613638714,0.002129565226,NaN,NaN,0
0.02613638714,0.001986401156,NaN,NaN,0
0.02613638714,0.001843237202,NaN,NaN,0
0.02613638714,0.001700073131,NaN,NaN,0
0.02613638714,0.001556909061,NaN,NaN,0
0.02613638714,0.001413744991,NaN,NaN,0
0.02613638714,0.00127058092,NaN,NaN,0
0.02613638714,0.00112741685,NaN,NaN,0
0.02613638714,0.0009842528962,NaN,NaN,0
0.02613638714,0.0008410888258,NaN,NaN,0
0.02613638714,0.0006979247555,NaN,NaN,0
0.02613638714,0.0005547606852,NaN,NaN,0
0.02613638714,0.000411596644,NaN,NaN,0
0.02613638714,0.0002684326028,NaN,NaN,0
0.02613638714,0.000125268547,NaN,NaN,0
0.02627955191,0.01916608773,NaN,NaN,0
0.02627955191,0.01902292296,NaN,NaN,0
0.02627955191,0.01887976006,NaN,NaN,0
0.02627955191,0.01873659529,NaN,NaN,0
0.02627955191,0.01859343052,NaN,NaN,0
0.02627955191,0.01845026761,NaN,NaN,0
0.02627955191,0.01830710284,NaN,NaN,0
0.02627955191,0.01816393808,NaN,NaN,0
0.02627955191,0.01802077517,NaN,NaN,0
0.02627955191,0.0178776104,NaN,NaN,0
0.02627955191,0.01773444749,NaN,NaN,0
0.02627955191,0.01759128273,NaN,NaN,0
0.02627955191,0.01744811796,NaN,NaN,0
0.02627955191,0.01730495505,NaN,NaN,0
0.02627955191,0.01716179028,NaN,NaN,0
0.02627955191,0.01701862738,NaN,NaN,0
0.02627955191,0.01687546261,NaN,NaN,0
0.02627955191,0.01673229784,NaN,NaN,0
0.02627955191,0.01658913493,NaN,NaN,0
0.02627955191,0.01644597016,NaN,NaN,0
0.02627955191,0.01630280726,NaN,NaN,0
0.02627955191,0.01615964249,NaN,NaN,0
0.02627955191,0.01601647772,NaN,NaN,0
0.02627955191,0.01587331481,NaN,NaN,0
0.02627955191,0.01573015004,NaN,NaN,0
0.02627955191,0.01558698621,NaN,NaN,0
0.02627955191,0.01544382237,NaN,NaN,0
0.02627955191,0.0153006576,NaN,NaN,0
0.02627955191,0.01515749376,NaN,NaN,0
0.02627955191,0.01501432993,NaN,NaN,0
0.02627955191,0.01487116609,NaN,NaN,0
0.02627955191,0.01472800132,NaN,NaN,0
0.02627955191,0.01458483748,NaN,NaN,0
0.02627955191,0.01444167364,NaN,NaN,0
0.02627955191,0.01429850981,NaN,NaN,0
0.02627955191,0.01415534597,NaN,NaN,0
0.02627955191,0.0140121812,NaN,NaN,0
0.02627955191,0.01386901736,NaN,NaN,0
0.02627955191,0.01372585353,NaN,NaN,0
0.02627955191,0.01358268969,NaN,NaN,0
0.02627955191,0.01343952492,NaN,NaN,0
0.02627955191,0.01329636108,NaN,NaN,0
0.02627955191,0.01315319724,NaN,NaN,0
0.02627955191,0.01301003341,NaN,NaN,0
0.02627955191,0.01286686864,NaN,NaN,0
0.02627955191,0.0127237048,NaN,NaN,0
0.02627955191,0.01258054096,NaN,NaN,0
0.02627955191,0.01243737713,NaN,NaN,0
0.02627955191,0.01229421329,NaN,NaN,0
0.02627955191,0.01215104852,NaN,NaN,0
0.02627955191,0.01200788468,NaN,NaN,0
0.02627955191,0.01186472084,NaN,NaN,0
0.02627955191,0.01172155701,NaN,NaN,0
0.02627955191,0.01157839224,NaN,NaN,0
0.02627955191,0.0114352284,NaN,NaN,0
0.02627955191,0.01129206456,NaN,NaN,0
0.02627955191,0.01114890072,NaN,NaN,0
0.02627955191,0.01100573689,NaN,NaN,0
0.02627955191,0.01086257212,NaN,NaN,0
0.02627955191,0.01071940828,NaN,NaN,0
0.02627955191,0.01057624444,NaN,NaN,0
0.02627955191,0.01043308061,NaN,NaN,0
0.02627955191,0.01028991584,NaN,NaN,0
0.02627955191,0.010146752,NaN,NaN,0
0.02627955191,0.01000358816,NaN,NaN,0
0.02627955191,0.009860424325,NaN,NaN,0
0.02627955191,0.009717259556,NaN,NaN,0
0.02627955191,0.009574095719,NaN,NaN,0
0.02627955191,0.009430931881,NaN,NaN,0
0.02627955191,0.009287768044,NaN,NaN,0
0.02627955191,0.009144604206,NaN,NaN,0
0.02627955191,0.009001439437,NaN,NaN,0
0.02627955191,0.0088582756,NaN,NaN,0
0.02627955191,0.008715111762,NaN,NaN,0
0.02627955191,0.008571947925,NaN,NaN,0
0.02627955191,0.008428783156,NaN,NaN,0
0.02627955191,0.008285619318,NaN,NaN,0
0.02627955191,0.008142455481,NaN,NaN,0
0.02627955191,0.007999291644,NaN,NaN,0
0.02627955191,0.007856126875,NaN,NaN,0
0.02627955191,0.007712963037,NaN,NaN,0
0.02627955191,0.0075697992,NaN,NaN,0
0.02627955191,0.007426635362,NaN,NaN,0
0.02627955191,0.007283471059,NaN,NaN,0
0.02627955191,0.007140307222,NaN,NaN,0
0.02627955191,0.006997142918,NaN,NaN,0
0.02627955191,0.006853979081,NaN,NaN,0
0.02627955191,0.006710814778,NaN,NaN,0
0.02627955191,0.00656765094,NaN,NaN,0
0.02627955191,0.006424486637,NaN,NaN,0
0.02627955191,0.0062813228,NaN,NaN,0
0.02627955191,0.006138158496,NaN,NaN,0
0.02627955191,0.005994994659,NaN,NaN,0
0.02627955191,0.005851830821,NaN,NaN,0
0.02627955191,0.005708666518,NaN,NaN,0
0.02627955191,0.005565502681,NaN,NaN,0
0.02627955191,0.005422338378,NaN,NaN,0
0.02627955191,0.00527917454,NaN,NaN,0
0.02627955191,0.005136010237,NaN,NaN,0
0.02627955191,0.0049928464,NaN,NaN,0
0.02627955191,0.004849682096,NaN,NaN,0
0.02627955191,0.004706518259,NaN,NaN,0
0.02627955191,0.004563353956,NaN,NaN,0
0.02627955191,0.004420190118,NaN,NaN,0
0.02627955191,0.004277025815,NaN,NaN,0
0.02627955191,0.004133861978,NaN,NaN,0
0.02627955191,0.00399069814,NaN,NaN,0
0.02627955191,0.003847533837,NaN,NaN,0
0.02627955191,0.003704369767,NaN,NaN,0
0.02627955191,0.003561205696,NaN,NaN,0
0.02627955191,0.003418041626,NaN,NaN,0
0.02627955191,0.003274877556,NaN,NaN,0
0.02627955191,0.003131713718,NaN,NaN,0
0.02627955191,0.002988549648,NaN,NaN,0
0.02627955191,0.002845385578,NaN,NaN,0
0.02627955191,0.002702221507,NaN,NaN,0
0.02627955191,0.002559057437,NaN,NaN,0
0.02627955191,0.002415893367,NaN,NaN,0
0.02627955191,0.002272729296,NaN,NaN,0
0.02627955191,0.002129565226,NaN,NaN,0
0.02627955191,0.001986401156,NaN,NaN,0
0.02627955191,0.001843237202,NaN,NaN,0
0.02627955191,0.001700073131,NaN,NaN,0
0.02627955191,0.001556909061,NaN,NaN,0
0.02627955191,0.001413744991,NaN,NaN,0
0.02627955191,0.00127058092,NaN,NaN,0
0.02627955191,0.00112741685,NaN,NaN,0
0.02627955191,0.0009842528962,NaN,NaN,0
0.02627955191,0.0008410888258,NaN,NaN,0
0.02627955191,0.0006979247555,NaN,NaN,0
0.02627955191,0.0005547606852,NaN,NaN,0
0.02627955191,0.000411596644,NaN,NaN,0
0.02627955191,0.0002684326028,NaN,NaN,0
0.02627955191,0.000125268547,NaN,NaN,0
0.02642271481,0.01916608773,NaN,NaN,0
0.02642271481,0.01902292296,NaN,NaN,0
0.02642271481,0.01887976006,NaN,NaN,0
0.02642271481,0.01873659529,NaN,NaN,0
0.02642271481,0.01859343052,NaN,NaN,0
0.02642271481,0.01845026761,NaN,NaN,0
0.02642271481,0.01830710284,NaN,NaN,0
0.02642271481,0.01816393808,NaN,NaN,0
0.02642271481,0.01802077517,NaN,NaN,0
0.02642271481,0.0178776104,NaN,NaN,0
0.02642271481,0.01773444749,NaN,NaN,0
0.02642271481,0.01759128273,NaN,NaN,0
0.02642271481,0.01744811796,NaN,NaN,0
0.02642271481,0.01730495505,NaN,NaN,0
0.02642271481,0.01716179028,NaN,NaN,0
0.02642271481,0.01701862738,NaN,NaN,0
0.02642271481,0.01687546261,NaN,NaN,0
0.02642271481,0.01673229784,NaN,NaN,0
0.02642271481,0.01658913493,NaN,NaN,0
0.02642271481,0.01644597016,NaN,NaN,0
0.02642271481,0.01630280726,NaN,NaN,0
0.02642271481,0.01615964249,NaN,NaN,0
0.02642271481,0.01601647772,NaN,NaN,0
0.02642271481,0.01587331481,NaN,NaN,0
0.02642271481,0.01573015004,NaN,NaN,0
0.02642271481,0.01558698621,NaN,NaN,0
0.02642271481,0.01544382237,NaN,NaN,0
0.02642271481,0.0153006576,NaN,NaN,0
0.02642271481,0.01515749376,NaN,NaN,0
0.02642271481,0.01501432993,NaN,NaN,0
0.02642271481,0.01487116609,NaN,NaN,0
0.02642271481,0.01472800132,NaN,NaN,0
0.02642271481,0.01458483748,NaN,NaN,0
0.02642271481,0.01444167364,NaN,NaN,0
0.02642271481,0.01429850981,NaN,NaN,0
0.02642271481,0.01415534597,NaN,NaN,0
0.02642271481,0.0140121812,NaN,NaN,0
0.02642271481,0.01386901736,NaN,NaN,0
0.02642271481,0.01372585353,NaN,NaN,0
0.02642271481,0.01358268969,NaN,NaN,0
0.02642271481,0.01343952492,NaN,NaN,0
0.02642271481,0.01329636108,NaN,NaN,0
0.02642271481,0.01315319724,NaN,NaN,0
0.02642271481,0.01301003341,NaN,NaN,0
0.02642271481,0.01286686864,NaN,NaN,0
0.02642271481,0.0127237048,NaN,NaN,0
0.02642271481,0.01258054096,NaN,NaN,0
0.02642271481,0.01243737713,NaN,NaN,0
0.02642271481,0.01229421329,NaN,NaN,0
0.02642271481,0.01215104852,NaN,NaN,0
0.02642271481,0.01200788468,NaN,NaN,0
0.02642271481,0.01186472084,NaN,NaN,0
0.02642271481,0.01172155701,NaN,NaN,0
0.02642271481,0.01157839224,NaN,NaN,0
0.02642271481,0.0114352284,NaN,NaN,0
0.02642271481,0.01129206456,NaN,NaN,0
0.02642271481,0.01114890072,NaN,NaN,0
0.02642271481,0.01100573689,NaN,NaN,0
0.02642271481,0.01086257212,NaN,NaN,0
0.02642271481,0.01071940828,NaN,NaN,0
0.02642271481,0.01057624444,NaN,NaN,0
0.02642271481,0.01043308061,NaN,NaN,0
0.02642271481,0.01028991584,NaN,NaN,0
0.02642271481,0.010146752,NaN,NaN,0
0.02642271481,0.01000358816,NaN,NaN,0
0.02642271481,0.009860424325,NaN,NaN,0
0.02642271481,0.009717259556,NaN,NaN,0
0.02642271481,0.009574095719,NaN,NaN,0
0.02642271481,0.009430931881,NaN,NaN,0
0.02642271481,0.009287768044,NaN,NaN,0
0.02642271481,0.009144604206,NaN,NaN,0
0.02642271481,0.009001439437,NaN,NaN,0
0.02642271481,0.0088582756,NaN,NaN,0
0.02642271481,0.008715111762,NaN,NaN,0
0.02642271481,0.008571947925,NaN,NaN,0
0.02642271481,0.008428783156,NaN,NaN,0
0.02642271481,0.008285619318,NaN,NaN,0
0.02642271481,0.008142455481,NaN,NaN,0
0.02642271481,0.007999291644,NaN,NaN,0
0.02642271481,0.007856126875,NaN,NaN,0
0.02642271481,0.007712963037,NaN,NaN,0
0.02642271481,0.0075697992,NaN,NaN,0
0.02642271481,0.007426635362,NaN,NaN,0
0.02642271481,0.007283471059,NaN,NaN,0
0.02642271481,0.007140307222,NaN,NaN,0
0.02642271481,0.006997142918,NaN,NaN,0
0.02642271481,0.006853979081,NaN,NaN,0
0.02642271481,0.006710814778,NaN,NaN,0
0.02642271481,0.00656765094,NaN,NaN,0
0.02642271481,0.006424486637,NaN,NaN,0
0.02642271481,0.0062813228,NaN,NaN,0
0.02642271481,0.006138158496,NaN,NaN,0
0.02642271481,0.005994994659,NaN,NaN,0
0.02642271481,0.005851830821,NaN,NaN,0
0.02642271481,0.005708666518,NaN,NaN,0
0.02642271481,0.005565502681,NaN,NaN,0
0.02642271481,0.005422338378,NaN,NaN,0
0.02642271481,0.00527917454,NaN,NaN,0
0.02642271481,0.005136010237,NaN,NaN,0
0.02642271481,0.0049928464,NaN,NaN,0
0.02642271481,0.004849682096,NaN,NaN,0
0.02642271481,0.004706518259,NaN,NaN,0
0.02642271481,0.004563353956,NaN,NaN,0
0.02642271481,0.004420190118,NaN,NaN,0
0.02642271481,0.004277025815,NaN,NaN,0
0.02642271481,0.004133861978,NaN,NaN,0
0.02642271481,0.00399069814,NaN,NaN,0
0.02642271481,0.003847533837,NaN,NaN,0
0.02642271481,0.003704369767,NaN,NaN,0
0.02642271481,0.003561205696,NaN,NaN,0
0.02642271481,0.003418041626,NaN,NaN,0
0.02642271481,0.003274877556,NaN,NaN,0
0.02642271481,0.003131713718,NaN,NaN,0
0.02642271481,0.002988549648,NaN,NaN,0
0.02642271481,0.002845385578,NaN,NaN,0
0.02642271481,0.002702221507,NaN,NaN,0
0.02642271481,0.002559057437,NaN,NaN,0
0.02642271481,0.002415893367,NaN,NaN,0
0.02642271481,0.002272729296,NaN,NaN,0
0.02642271481,0.002129565226,NaN,NaN,0
0.02642271481,0.001986401156,NaN,NaN,0
0.02642271481,0.001843237202,NaN,NaN,0
0.02642271481,0.001700073131,NaN,NaN,0
0.02642271481,0.001556909061,NaN,NaN,0
0.02642271481,0.001413744991,NaN,NaN,0
0.02642271481,0.00127058092,NaN,NaN,0
0.02642271481,0.00112741685,NaN,NaN,0
0.02642271481,0.0009842528962,NaN,NaN,0
0.02642271481,0.0008410888258,NaN,NaN,0
0.02642271481,0.0006979247555,NaN,NaN,0
0.02642271481,0.0005547606852,NaN,NaN,0
0.02642271481,0.000411596644,NaN,NaN,0
0.02642271481,0.0002684326028,NaN,NaN,0
0.02642271481,0.000125268547,NaN,NaN,0
0.02656587958,0.01916608773,NaN,NaN,0
0.02656587958,0.01902292296,NaN,NaN,0
0.02656587958,0.01887976006,NaN,NaN,0
0.02656587958,0.01873659529,NaN,NaN,0
0.02656587958,0.01859343052,NaN,NaN,0
0.02656587958,0.01845026761,NaN,NaN,0
0.02656587958,0.01830710284,NaN,NaN,0
0.02656587958,0.01816393808,NaN,NaN,0
0.02656587958,0.01802077517,NaN,NaN,0
0.02656587958,0.0178776104,NaN,NaN,0
0.02656587958,0.01773444749,NaN,NaN,0
0.02656587958,0.01759128273,NaN,NaN,0
0.02656587958,0.01744811796,NaN,NaN,0
0.02656587958,0.01730495505,NaN,NaN,0
0.02656587958,0.01716179028,NaN,NaN,0
0.02656587958,0.01701862738,NaN,NaN,0
0.02656587958,0.01687546261,NaN,NaN,0
0.02656587958,0.01673229784,NaN,NaN,0
0.02656587958,0.01658913493,NaN,NaN,0
0.02656587958,0.01644597016,NaN,NaN,0
0.02656587958,0.01630280726,NaN,NaN,0
0.02656587958,0.01615964249,NaN,NaN,0
0.02656587958,0.01601647772,NaN,NaN,0
0.02656587958,0.01587331481,NaN,NaN,0
0.02656587958,0.01573015004,NaN,NaN,0
0.02656587958,0.01558698621,NaN,NaN,0
0.02656587958,0.01544382237,NaN,NaN,0
0.02656587958,0.0153006576,NaN,NaN,0
0.02656587958,0.01515749376,NaN,NaN,0
0.02656587958,0.01501432993,NaN,NaN,0
0.02656587958,0.01487116609,NaN,NaN,0
0.02656587958,0.01472800132,NaN,NaN,0
0.02656587958,0.01458483748,NaN,NaN,0
0.02656587958,0.01444167364,NaN,NaN,0
0.02656587958,0.01429850981,NaN,NaN,0
0.02656587958,0.01415534597,NaN,NaN,0
0.02656587958,0.0140121812,NaN,NaN,0
0.02656587958,0.01386901736,NaN,NaN,0
0.02656587958,0.01372585353,NaN,NaN,0
0.02656587958,0.01358268969,NaN,NaN,0
0.02656587958,0.01343952492,NaN,NaN,0
0.02656587958,0.01329636108,NaN,NaN,0
0.02656587958,0.01315319724,NaN,NaN,0
0.02656587958,0.01301003341,NaN,NaN,0
0.02656587958,0.01286686864,NaN,NaN,0
0.02656587958,0.0127237048,NaN,NaN,0
0.02656587958,0.01258054096,NaN,NaN,0
0.02656587958,0.01243737713,NaN,NaN,0
0.02656587958,0.01229421329,NaN,NaN,0
0.02656587958,0.01215104852,NaN,NaN,0
0.02656587958,0.01200788468,NaN,NaN,0
0.02656587958,0.01186472084,NaN,NaN,0
0.02656587958,0.01172155701,NaN,NaN,0
0.02656587958,0.01157839224,NaN,NaN,0
0.02656587958,0.0114352284,NaN,NaN,0
0.02656587958,0.01129206456,NaN,NaN,0
0.02656587958,0.01114890072,NaN,NaN,0
0.02656587958,0.01100573689,NaN,NaN,0
0.02656587958,0.01086257212,NaN,NaN,0
0.02656587958,0.01071940828,NaN,NaN,0
0.02656587958,0.01057624444,NaN,NaN,0
0.02656587958,0.01043308061,NaN,NaN,0
0.02656587958,0.01028991584,NaN,NaN,0
0.02656587958,0.010146752,NaN,NaN,0
0.02656587958,0.01000358816,NaN,NaN,0
0.02656587958,0.009860424325,NaN,NaN,0
0.02656587958,0.009717259556,NaN,NaN,0
0.02656587958,0.009574095719,NaN,NaN,0
0.02656587958,0.009430931881,NaN,NaN,0
0.02656587958,0.009287768044,NaN,NaN,0
0.02656587958,0.009144604206,NaN,NaN,0
0.02656587958,0.009001439437,NaN,NaN,0
0.02656587958,0.0088582756,NaN,NaN,0
0.02656587958,0.008715111762,NaN,NaN,0
0.02656587958,0.008571947925,NaN,NaN,0
0.02656587958,0.008428783156,NaN,NaN,0
0.02656587958,0.008285619318,NaN,NaN,0
0.02656587958,0.008142455481,NaN,NaN,0
0.02656587958,0.007999291644,NaN,NaN,0
0.02656587958,0.007856126875,NaN,NaN,0
0.02656587958,0.007712963037,NaN,NaN,0
0.02656587958,0.0075697992,NaN,NaN,0
0.02656587958,0.007426635362,NaN,NaN,0
0.02656587958,0.007283471059,NaN,NaN,0
0.02656587958,0.007140307222,NaN,NaN,0
0.02656587958,0.006997142918,NaN,NaN,0
0.02656587958,0.006853979081,NaN,NaN,0
0.02656587958,0.006710814778,NaN,NaN,0
0.02656587958,0.00656765094,NaN,NaN,0
0.02656587958,0.006424486637,NaN,NaN,0
0.02656587958,0.0062813228,NaN,NaN,0
0.02656587958,0.006138158496,NaN,NaN,0
0.02656587958,0.005994994659,NaN,NaN,0
0.02656587958,0.005851830821,NaN,NaN,0
0.02656587958,0.005708666518,NaN,NaN,0
0.02656587958,0.005565502681,NaN,NaN,0
0.02656587958,0.005422338378,NaN,NaN,0
0.02656587958,0.00527917454,NaN,NaN,0
0.02656587958,0.005136010237,NaN,NaN,0
0.02656587958,0.0049928464,NaN,NaN,0
0.02656587958,0.004849682096,NaN,NaN,0
0.02656587958,0.004706518259,NaN,NaN,0
0.02656587958,0.004563353956,NaN,NaN,0
0.02656587958,0.004420190118,NaN,NaN,0
0.02656587958,0.004277025815,NaN,NaN,0
0.02656587958,0.004133861978,NaN,NaN,0
0.02656587958,0.00399069814,NaN,NaN,0
0.02656587958,0.003847533837,NaN,NaN,0
0.02656587958,0.003704369767,NaN,NaN,0
0.02656587958,0.003561205696,NaN,NaN,0
0.02656587958,0.003418041626,NaN,NaN,0
0.02656587958,0.003274877556,NaN,NaN,0
0.02656587958,0.003131713718,NaN,NaN,0
0.02656587958,0.002988549648,NaN,NaN,0
0.02656587958,0.002845385578,NaN,NaN,0
0.02656587958,0.002702221507,NaN,NaN,0
0.02656587958,0.002559057437,NaN,NaN,0
0.02656587958,0.002415893367,NaN,NaN,0
0.02656587958,0.002272729296,NaN,NaN,0
0.02656587958,0.002129565226,NaN,NaN,0
0.02656587958,0.001986401156,NaN,NaN,0
0.02656587958,0.001843237202,NaN,NaN,0
0.02656587958,0.001700073131,NaN,NaN,0
0.02656587958,0.001556909061,NaN,NaN,0
0.02656587958,0.001413744991,NaN,NaN,0
0.02656587958,0.00127058092,NaN,NaN,0
0.02656587958,0.00112741685,NaN,NaN,0
0.02656587958,0.0009842528962,NaN,NaN,0
0.02656587958,0.0008410888258,NaN,NaN,0
0.02656587958,0.0006979247555,NaN,NaN,0
0.02656587958,0.0005547606852,NaN,NaN,0
0.02656587958,0.000411596644,NaN,NaN,0
0.02656587958,0.0002684326028,NaN,NaN,0
0.02656587958,0.000125268547,NaN,NaN,0
0.02670904249,0.01916608773,NaN,NaN,0
0.02670904249,0.01902292296,NaN,NaN,0
0.02670904249,0.01887976006,NaN,NaN,0
0.02670904249,0.01873659529,NaN,NaN,0
0.02670904249,0.01859343052,NaN,NaN,0
0.02670904249,0.01845026761,NaN,NaN,0
0.02670904249,0.01830710284,NaN,NaN,0
0.02670904249,0.01816393808,NaN,NaN,0
0.02670904249,0.01802077517,NaN,NaN,0
0.02670904249,0.0178776104,NaN,NaN,0
0.02670904249,0.01773444749,NaN,NaN,0
0.02670904249,0.01759128273,NaN,NaN,0
0.02670904249,0.01744811796,NaN,NaN,0
0.02670904249,0.01730495505,NaN,NaN,0
0.02670904249,0.01716179028,NaN,NaN,0
0.02670904249,0.01701862738,NaN,NaN,0
0.02670904249,0.01687546261,NaN,NaN,0
0.02670904249,0.01673229784,NaN,NaN,0
0.02670904249,0.01658913493,NaN,NaN,0
0.02670904249,0.01644597016,NaN,NaN,0
0.02670904249,0.01630280726,NaN,NaN,0
0.02670904249,0.01615964249,NaN,NaN,0
0.02670904249,0.01601647772,NaN,NaN,0
0.02670904249,0.01587331481,NaN,NaN,0
0.02670904249,0.01573015004,NaN,NaN,0
0.02670904249,0.01558698621,NaN,NaN,0
0.02670904249,0.01544382237,NaN,NaN,0
0.02670904249,0.0153006576,NaN,NaN,0
0.02670904249,0.01515749376,NaN,NaN,0
0.02670904249,0.01501432993,NaN,NaN,0
0.02670904249,0.01487116609,NaN,NaN,0
0.02670904249,0.01472800132,NaN,NaN,0
0.02670904249,0.01458483748,NaN,NaN,0
0.02670904249,0.01444167364,NaN,NaN,0
0.02670904249,0.01429850981,NaN,NaN,0
0.02670904249,0.01415534597,NaN,NaN,0
0.02670904249,0.0140121812,NaN,NaN,0
0.02670904249,0.01386901736,NaN,NaN,0
0.02670904249,0.01372585353,NaN,NaN,0
0.02670904249,0.01358268969,NaN,NaN,0
0.02670904249,0.01343952492,NaN,NaN,0
0.02670904249,0.01329636108,NaN,NaN,0
0.02670904249,0.01315319724,NaN,NaN,0
0.02670904249,0.01301003341,NaN,NaN,0
0.02670904249,0.01286686864,NaN,NaN,0
0.02670904249,0.0127237048,NaN,NaN,0
0.02670904249,0.01258054096,NaN,NaN,0
0.02670904249,0.01243737713,NaN,NaN,0
0.02670904249,0.01229421329,NaN,NaN,0
0.02670904249,0.01215104852,NaN,NaN,0
0.02670904249,0.01200788468,NaN,NaN,0
0.02670904249,0.01186472084,NaN,NaN,0
0.02670904249,0.01172155701,NaN,NaN,0
0.02670904249,0.01157839224,NaN,NaN,0
0.02670904249,0.0114352284,NaN,NaN,0
0.02670904249,0.01129206456,NaN,NaN,0
0.02670904249,0.01114890072,NaN,NaN,0
0.02670904249,0.01100573689,NaN,NaN,0
0.02670904249,0.01086257212,NaN,NaN,0
0.02670904249,0.01071940828,NaN,NaN,0
0.02670904249,0.01057624444,NaN,NaN,0
0.02670904249,0.01043308061,NaN,NaN,0
0.02670904249,0.01028991584,NaN,NaN,0
0.02670904249,0.010146752,NaN,NaN,0
0.02670904249,0.01000358816,NaN,NaN,0
0.02670904249,0.009860424325,NaN,NaN,0
0.02670904249,0.009717259556,NaN,NaN,0
0.02670904249,0.009574095719,NaN,NaN,0
0.02670904249,0.009430931881,NaN,NaN,0
0.02670904249,0.009287768044,NaN,NaN,0
0.02670904249,0.009144604206,NaN,NaN,0
0.02670904249,0.009001439437,NaN,NaN,0
0.02670904249,0.0088582756,NaN,NaN,0
0.02670904249,0.008715111762,NaN,NaN,0
0.02670904249,0.008571947925,NaN,NaN,0
0.02670904249,0.008428783156,NaN,NaN,0
0.02670904249,0.008285619318,NaN,NaN,0
0.02670904249,0.008142455481,NaN,NaN,0
0.02670904249,0.007999291644,NaN,NaN,0
0.02670904249,0.007856126875,NaN,NaN,0
0.02670904249,0.007712963037,NaN,NaN,0
0.02670904249,0.0075697992,NaN,NaN,0
0.02670904249,0.007426635362,NaN,NaN,0
0.02670904249,0.007283471059,NaN,NaN,0
0.02670904249,0.007140307222,NaN,NaN,0
0.02670904249,0.006997142918,NaN,NaN,0
0.02670904249,0.006853979081,NaN,NaN,0
0.02670904249,0.006710814778,NaN,NaN,0
0.02670904249,0.00656765094,NaN,NaN,0
0.02670904249,0.006424486637,NaN,NaN,0
0.02670904249,0.0062813228,NaN,NaN,0
0.02670904249,0.006138158496,NaN,NaN,0
0.02670904249,0.005994994659,NaN,NaN,0
0.02670904249,0.005851830821,NaN,NaN,0
0.02670904249,0.005708666518,NaN,NaN,0
0.02670904249,0.005565502681,NaN,NaN,0
0.02670904249,0.005422338378,NaN,NaN,0
0.02670904249,0.00527917454,NaN,NaN,0
0.02670904249,0.005136010237,NaN,NaN,0
0.02670904249,0.0049928464,NaN,NaN,0
0.02670904249,0.004849682096,NaN,NaN,0
0.02670904249,0.004706518259,NaN,NaN,0
0.02670904249,0.004563353956,NaN,NaN,0
0.02670904249,0.004420190118,NaN,NaN,0
0.02670904249,0.004277025815,NaN,NaN,0
0.02670904249,0.004133861978,NaN,NaN,0
0.02670904249,0.00399069814,NaN,NaN,0
0.02670904249,0.003847533837,NaN,NaN,0
0.02670904249,0.003704369767,NaN,NaN,0
0.02670904249,0.003561205696,NaN,NaN,0
0.02670904249,0.003418041626,NaN,NaN,0
0.02670904249,0.003274877556,NaN,NaN,0
0.02670904249,0.003131713718,NaN,NaN,0
0.02670904249,0.002988549648,NaN,NaN,0
0.02670904249,0.002845385578,NaN,NaN,0
0.02670904249,0.002702221507,NaN,NaN,0
0.02670904249,0.002559057437,NaN,NaN,0
0.02670904249,0.002415893367,NaN,NaN,0
0.02670904249,0.002272729296,NaN,NaN,0
0.02670904249,0.002129565226,NaN,NaN,0
0.02670904249,0.001986401156,NaN,NaN,0
0.02670904249,0.001843237202,NaN,NaN,0
0.02670904249,0.001700073131,NaN,NaN,0
0.02670904249,0.001556909061,NaN,NaN,0
0.02670904249,0.001413744991,NaN,NaN,0
0.02670904249,0.00127058092,NaN,NaN,0
0.02670904249,0.00112741685,NaN,NaN,0
0.02670904249,0.0009842528962,NaN,NaN,0
0.02670904249,0.0008410888258,NaN,NaN,0
0.02670904249,0.0006979247555,NaN,NaN,0
0.02670904249,0.0005547606852,NaN,NaN,0
0.02670904249,0.000411596644,NaN,NaN,0
0.02670904249,0.0002684326028,NaN,NaN,0
0.02670904249,0.000125268547,NaN,NaN,0
