0.009099865332,0.01916608773,-0.004411147442,-0.0005046902806,1
0.009099865332,0.01902292296,-0.004695659038,0.0001725813781,1
0.009099865332,0.01887976006,-0.004442857578,-3.883531099e-05,1
0.009099865332,0.01873659529,-0.00363226654,0.0005109132035,3
0.009099865332,0.01859343052,-0.003919254523,0.0005577082629,1
0.009099865332,0.01845026761,-0.003950737882,0.0005222823238,1
0.009099865332,0.01830710284,-0.00414689118,0.0004362273321,2
0.009099865332,0.01816393808,-0.004088930786,0.000371636881,2
0.009099865332,0.01802077517,-0.004091602284,0.0007005273947,1
0.009099865332,0.0178776104,-0.00440497417,0.0006936462014,1
0.009099865332,0.01773444749,-0.003779496998,0.001084727584,1
0.009099865332,0.01759128273,-0.003290333785,0.001153069781,1
0.009099865332,0.01744811796,-0.00359149836,0.00119307416,2
0.009099865332,0.01730495505,-0.003724570153,0.0008024626295,1
0.009099865332,0.01716179028,-0.003005828941,0.001366648241,1
0.009099865332,0.01701862738,-0.003609031904,0.001457952312,1
0.009099865332,0.01687546261,-0.003479486564,0.001666845405,1
0.009099865332,0.01673229784,-0.003652933752,0.001209939597,1
0.009099865332,0.01658913493,-0.003638030263,0.001944250776,1
0.009099865332,0.01644597016,-0.00365156075,0.001828376786,1
0.009099865332,0.01630280726,-0.003467803588,0.002275703242,2
0.009099865332,0.01615964249,-0.003484440967,0.002042184584,1
0.009099865332,0.01601647772,-0.003166823415,0.002003701404,1
0.009099865332,0.01587331481,-0.002764370525,0.001721342443,1
0.009099865332,0.01573015004,-0.002857672283,0.001568998676,1
0.009099865332,0.01558698621,-0.003468733281,0.001706409152,1
0.009099865332,0.01544382237,-0.003234626958,0.001754881581,1
0.009099865332,0.0153006576,-0.002354705939,0.001702467911,1
0.009099865332,0.01515749376,-0.002514364664,0.002188797807,1
0.009099865332,0.01501432993,-0.003308253596,0.002430357737,1
0.009099865332,0.01487116609,-0.003136584768,0.002814712469,1
0.009099865332,0.01472800132,-0.001871928689,0.002397391247,1
0.009099865332,0.01458483748,-0.002565114526,0.002429593354,2
0.009099865332,0.01444167364,-0.002993885195,0.002597854007,1
0.009099865332,0.01429850981,-0.002478291281,0.002375479089,1
0.009099865332,0.01415534597,-0.002140557859,0.002376982244,1
0.009099865332,0.0140121812,-0.001825036481,0.002066687914,1
0.009099865332,0.01386901736,-0.002014599042,0.002031596145,1
0.009099865332,0.01372585353,-0.002091708127,0.001785159926,1
0.009099865332,0.01358268969,-0.001736259088,0.001703288406,1
0.009099865332,0.01343952492,-0.001672967337,0.001645600074,1
0.009099865332,0.01329636108,-0.001960355323,0.00173903699,1
0.009099865332,0.01315319724,-0.002674857853,0.002247428056,1
0.009099865332,0.01301003341,-0.002331999131,0.002308445517,2
0.009099865332,0.01286686864,-0.002074146178,0.002256866079,2
0.009099865332,0.0127237048,-0.001946455101,0.002218788723,1
0.009099865332,0.01258054096,-0.001964589348,0.002297785599,1
0.009099865332,0.01243737713,-0.001834872062,0.002597903367,1
0.009099865332,0.01229421329,-0.001912382198,0.002483587945,1
0.009099865332,0.01215104852,-0.001960079186,0.0019664024,1
0.009099865332,0.01200788468,-0.001928868005,0.001570085296,1
0.009099865332,0.01186472084,-0.001797906938,0.001562183723,1
0.009099865332,0.01172155701,-0.001734608202,0.001728883828,1
0.009099865332,0.01157839224,-0.00173177151,0.001860562828,1
0.009099865332,0.0114352284,-0.001773487544,0.001766710775,1
0.009099865332,0.01129206456,-0.001633503009,0.001749829156,1
0.009099865332,0.01114890072,-0.001456456375,0.001692502992,1
0.009099865332,0.01100573689,-0.001120024244,0.001702997833,1
0.009099865332,0.01086257212,-0.001177236438,0.001933456864,1
0.009099865332,0.01071940828,-0.001346652047,0.001856028917,2
0.009099865332,0.01057624444,-0.001358253066,0.001815683674,2
0.009099865332,0.01043308061,-0.001329977182,0.001809711219,2
0.009099865332,0.01028991584,-0.00130048336,0.001773250289,2
0.009099865332,0.010146752,-0.001294882735,0.001613282599,2
0.009099865332,0.01000358816,-0.001300376491,0.001370397978,2
0.009099865332,0.009860424325,-0.001306935796,0.001020521508,1
0.009099865332,0.009717259556,-0.001526806271,0.0009710522718,1
0.009099865332,0.009574095719,-0.001684343908,0.001601927681,1
0.009099865332,0.009430931881,-0.001756832819,0.001947900862,1
0.009099865332,0.009287768044,-0.001796693541,0.001855687122,1
0.009099865332,0.009144604206,-0.001736754552,0.001356081571,1
0.009099865332,0.009001439437,-0.001953086467,0.0009127801168,1
0.009099865332,0.0088582756,-0.002113714349,0.0009380920674,1
0.009099865332,0.008715111762,-0.001668791403,0.001379513647,1
0.009099865332,0.008571947925,-0.00130137417,0.001346252975,1
0.009099865332,0.008428783156,-0.001143240137,0.001405451796,2
0.009099865332,0.008285619318,-0.0009180477937,0.001385108102,1
0.009099865332,0.008142455481,-0.001569403335,0.001587786013,1
0.009099865332,0.007999291644,-0.001773511409,0.001691901358,1
0.009099865332,0.007856126875,-0.001461007982,0.001436480787,1
0.009099865332,0.007712963037,-0.0009836584795,0.001294404967,1
0.009099865332,0.0075697992,-0.001107405522,0.001487175468,1
0.009099865332,0.007426635362,-0.001235868083,0.001906436635,1
0.009099865332,0.007283471059,-0.00193767657,0.001941957278,1
0.009099865332,0.007140307222,-0.001373943524,0.002322952263,1
0.009099865332,0.006997142918,-0.001519809244,0.001901557902,2
0.009099865332,0.006853979081,-0.001570042339,0.001720142434,2
0.009099865332,0.006710814778,-0.001552239293,0.0016063886,1
0.009099865332,0.00656765094,-0.001555708353,0.00156676746,1
0.009099865332,0.006424486637,-0.001698256005,0.001641653362,2
0.009099865332,0.0062813228,-0.001677226508,0.001905986457,1
0.009099865332,0.006138158496,-0.001961390954,0.002058560494,1
0.009099865332,0.005994994659,-0.001663142117,0.001970146084,1
0.009099865332,0.005851830821,-0.001070463913,0.001721546054,1
0.009099865332,0.005708666518,-0.001190262847,0.00140814425,1
0.009099865332,0.005565502681,-0.001308034523,0.001402067719,1
0.009099865332,0.005422338378,-0.001715157996,0.001499502221,1
0.009099865332,0.00527917454,-0.002059932798,0.001697369269,1
0.009099865332,0.005136010237,-0.001344067859,0.002073071431,1
0.009099865332,0.0049928464,-0.00100687833,0.002018949017,1
0.009099865332,0.004849682096,-0.001795200864,0.001958873821,1
0.009099865332,0.004706518259,-0.001580747659,0.001889199601,1
0.009099865332,0.004563353956,-0.001498058205,0.001768324175,1
0.009099865332,0.004420190118,-0.001289975713,0.001607072074,1
0.009099865332,0.004277025815,-0.001439100481,0.001686547999,2
0.009099865332,0.004133861978,-0.001337148948,0.00180075434,1
0.009099865332,0.00399069814,-0.001363576739,0.00184709637,1
0.009099865332,0.003847533837,-0.001262538135,0.001727084164,1
0.009099865332,0.003704369767,-0.001093114726,0.001679301378,1
0.009099865332,0.003561205696,-0.001124355244,0.001633477397,1
0.009099865332,0.003418041626,-0.00148939481,0.001694803592,1
0.009099865332,0.003274877556,-0.001972136553,0.001879137009,1
0.009099865332,0.003131713718,-0.001798388548,0.001600027201,1
0.009099865332,0.002988549648,-0.0007586831925,0.001492220559,1
0.009099865332,0.002845385578,-0.0008229108644,0.00150065159,2
0.009099865332,0.002702221507,-0.0007373112603,0.001245710882,1
0.009099865332,0.002559057437,-0.001182827633,0.001462542801,1
0.009099865332,0.002415893367,-0.001192565658,0.00168511644,1
0.009099865332,0.002272729296,-0.001058805152,0.002398324432,1
0.009099865332,0.002129565226,-0.001355866552,0.002009202959,1
0.009099865332,0.001986401156,-0.0006718231016,0.001306039863,1
0.009099865332,0.001843237202,-0.0008760837954,0.001671580714,1
0.009099865332,0.001700073131,-0.0006438845303,0.001755901612,1
0.009099865332,0.001556909061,-0.0004812621337,0.001735663856,1
0.009099865332,0.001413744991,-0.0008774183807,0.00188759272,1
0.009099865332,0.00127058092,-0.0007846530643,0.001788482186,1
0.009099865332,0.00112741685,-0.0005148489727,0.00162798271,1
0.009099865332,0.0009842528962,-0.0005823328975,0.001851620036,1
0.009099865332,0.0008410888258,-0.000559740176,0.001906538266,1
0.009099865332,0.0006979247555,-0.0004824700009,0.001733358367,1
0.009099865332,0.0005547606852,-0.0003614913439,0.001566024031,1
0.009099865332,0.000411596644,-0.0003124513605,0.001454492216,1
0.009099865332,0.0002684326028,-0.0005448845914,0.001855203067,1
0.009099865332,0.000125268547,-0.0006355802761,0.001722064917,1
0.00924302917,0.01916608773,-0.004177622031,-0.0002590715012,1
0.00924302917,0.01902292296,-0.004045351874,0.0001502265368,1
0.00924302917,0.01887976006,-0.003913064953,0.0002676133008,1
0.00924302917,0.01873659529,-0.004029159434,0.000233309489,1
0.00924302917,0.01859343052,-0.004705703352,0.0007937581977,1
0.00924302917,0.01845026761,-0.004696507938,0.0008791573928,1
0.00924302917,0.01830710284,-0.004401004873,0.0004147627333,1
0.00924302917,0.01816393808,-0.004028298426,-2.184407822e-05,1
0.00924302917,0.01802077517,-0.004059014842,0.000945366919,1
0.00924302917,0.0178776104,-0.004111146089,0.001080177492,1
0.00924302917,0.01773444749,-0.00393632846,0.001437730505,1
0.00924302917,0.01759128273,-0.003791693831,0.001567172119,2
0.00924302917,0.01744811796,-0.003759591142,0.001623690012,2
0.00924302917,0.01730495505,-0.003270928748,0.001561526326,1
0.00924302917,0.01716179028,-0.00363077363,0.001076895627,1
0.00924302917,0.01701862738,-0.003847754095,0.001592811197,2
0.00924302917,0.01687546261,-0.004023718648,0.00210218993,1
0.00924302917,0.01673229784,-0.004097711295,0.002216856694,1
0.00924302917,0.01658913493,-0.003695937572,0.002467750339,1
0.00924302917,0.01644597016,-0.003601541277,0.00254774862,1
0.00924302917,0.01630280726,-0.003267409513,0.002956547774,1
0.00924302917,0.01615964249,-0.003407939104,0.002639764221,1
0.00924302917,0.01601647772,-0.003324750811,0.002604730427,1
0.00924302917,0.01587331481,-0.002642641542,0.002210644307,1
0.00924302917,0.01573015004,-0.002684881678,0.002099812496,1
0.00924302917,0.01558698621,-0.003067924175,0.002323991852,1
0.00924302917,0.01544382237,-0.003005277831,0.002368198475,1
0.00924302917,0.0153006576,-0.00308693666,0.002096587792,1
0.00924302917,0.01515749376,-0.003237226047,0.002286723582,1
0.00924302917,0.01501432993,-0.003053439548,0.002276375424,1
0.00924302917,0.01487116609,-0.002904574852,0.002343925415,1
0.00924302917,0.01472800132,-0.002848075237,0.002410207642,1
0.00924302917,0.01458483748,-0.002829529345,0.002293534344,1
0.00924302917,0.01444167364,-0.00267242617,0.002218143782,1
0.00924302917,0.01429850981,-0.002460698364,0.00220928574,1
0.00924302917,0.01415534597,-0.00232734764,0.00223289826,1
0.00924302917,0.0140121812,-0.002326153452,0.002372064162,1
0.00924302917,0.01386901736,-0.002192720305,0.002412366215,1
0.00924302917,0.01372585353,-0.002201381372,0.002247443888,1
0.00924302917,0.01358268969,-0.002378465841,0.002408951754,1
0.00924302917,0.01343952492,-0.002305488568,0.002084369771,1
0.00924302917,0.01329636108,-0.002069384325,0.002026976086,1
0.00924302917,0.01315319724,-0.00247866218,0.002428893233,1
0.00924302917,0.01301003341,-0.002246993361,0.002421041951,1
0.00924302917,0.01286686864,-0.001943984535,0.00224336423,1
0.00924302917,0.0127237048,-0.001921471092,0.002205678495,1
0.00924302917,0.01258054096,-0.001887535909,0.002223089803,1
0.00924302917,0.01243737713,-0.001855002134,0.002256330801,1
0.00924302917,0.01229421329,-0.001744967187,0.002095404081,1
0.00924302917,0.01215104852,-0.001623396995,0.001794756041,1
0.00924302917,0.01200788468,-0.001580165466,0.001634115237,1
0.00924302917,0.01186472084,-0.001375635271,0.001845172257,1
0.00924302917,0.01172155701,-0.001900478848,0.001990264049,1
0.00924302917,0.01157839224,-0.001826805179,0.00228227349,1
0.00924302917,0.0114352284,-0.001803321298,0.00209705811,1
0.00924302917,0.01129206456,-0.00166423514,0.001959510613,1
0.00924302917,0.01114890072,-0.001615492743,0.001791656949,1
0.00924302917,0.01100573689,-0.001589140389,0.001816901146,1
0.00924302917,0.01086257212,-0.001580646844,0.001855450217,1
0.00924302917,0.01071940828,-0.00150446652,0.001818945981,1
0.00924302917,0.01057624444,-0.001398129971,0.001781311119,1
0.00924302917,0.01043308061,-0.001331195235,0.00184019946,1
0.00924302917,0.01028991584,-0.001276590046,0.001896757167,1
0.00924302917,0.010146752,-0.001283788471,0.001696199528,2
0.00924302917,0.01000358816,-0.001299310941,0.001477389713,2
0.00924302917,0.009860424325,-0.00136100431,0.001287178253,1
0.00924302917,0.009717259556,-0.001520474674,0.001332990709,1
0.00924302917,0.009574095719,-0.00162113877,0.00163015374,1
0.00924302917,0.009430931881,-0.0017768736,0.001843791106,1
0.00924302917,0.009287768044,-0.001704750932,0.001894994755,1
0.00924302917,0.009144604206,-0.001706639188,0.001654091175,1
0.00924302917,0.009001439437,-0.001922835712,0.00131810829,1
0.00924302917,0.0088582756,-0.001800083905,0.001314464491,1
0.00924302917,0.008715111762,-0.001631625695,0.001616388094,1
0.00924302917,0.008571947925,-0.001327038743,0.001469363808,1
0.00924302917,0.008428783156,-0.001210298506,0.001484994311,1
0.00924302917,0.008285619318,-0.001564553939,0.001570739667,1
0.00924302917,0.008142455481,-0.001633301377,0.00155619008,1
0.00924302917,0.007999291644,-0.001642928342,0.001720426022,1
0.00924302917,0.007856126875,-0.00163532875,0.001827789703,1
0.00924302917,0.007712963037,-0.00151496043,0.001434100443,1
0.00924302917,0.0075697992,-0.001450532814,0.001434869133,1
0.00924302917,0.007426635362,-0.001570788445,0.001644438133,1
0.00924302917,0.007283471059,-0.001662728726,0.001626770478,1
0.00924302917,0.007140307222,-0.001654057647,0.001479943283,1
0.00924302917,0.006997142918,-0.00161544187,0.001661579008,1
0.00924302917,0.006853979081,-0.001638078364,0.001652480918,1
0.00924302917,0.006710814778,-0.001692085294,0.001632377855,1
0.00924302917,0.00656765094,-0.001839899458,0.00137084024,1
0.00924302917,0.006424486637,-0.001861833152,0.001452206285,1
0.00924302917,0.0062813228,-0.001570016844,0.001926662051,1
0.00924302917,0.006138158496,-0.001589056221,0.002033976838,1
0.00924302917,0.005994994659,-0.001570199965,0.00202624104,1
0.00924302917,0.005851830821,-0.001498260535,0.002013136633,1
0.00924302917,0.005708666518,-0.001666974509,0.001733114012,1
0.00924302917,0.005565502681,-0.001752728829,0.001696931547,1
0.00924302917,0.005422338378,-0.001883543096,0.001715607708,1
0.00924302917,0.00527917454,-0.00191827456,0.001966551645,1
0.00924302917,0.005136010237,-0.00194972055,0.002053049859,1
0.00924302917,0.0049928464,-0.001526279259,0.001979748253,2
0.00924302917,0.004849682096,-0.001542215585,0.001810704125,1
0.00924302917,0.004706518259,-0.001471629716,0.001694686944,1
0.00924302917,0.004563353956,-0.001560810255,0.001615954912,1
0.00924302917,0.004420190118,-0.001493657939,0.001377532724,1
0.00924302917,0.004277025815,-0.001690176548,0.0016518177,1
0.00924302917,0.004133861978,-0.001328196842,0.001893150969,1
0.00924302917,0.00399069814,-0.001314899651,0.00196673139,1
0.00924302917,0.003847533837,-0.001306777121,0.001830270863,1
0.00924302917,0.003704369767,-0.001215796219,0.001696695108,1
0.00924302917,0.003561205696,-0.001229157439,0.001623568125,1
0.00924302917,0.003418041626,-0.001415736275,0.001739110216,1
0.00924302917,0.003274877556,-0.001324162702,0.001834662398,1
0.00924302917,0.003131713718,-0.001256830408,0.00186771818,1
0.00924302917,0.002988549648,-0.001085829572,0.001835936913,1
0.00924302917,0.002845385578,-0.0009727382567,0.001764023327,1
0.00924302917,0.002702221507,-0.001183611806,0.001609351602,1
0.00924302917,0.002559057437,-0.001106298412,0.001702021924,1
0.00924302917,0.002415893367,-0.001079759444,0.001767633599,1
0.00924302917,0.002272729296,-0.001292932662,0.001895056455,1
0.00924302917,0.002129565226,-0.00127676141,0.002181625227,1
0.00924302917,0.001986401156,-0.000985836261,0.001593478839,1
0.00924302917,0.001843237202,-0.0008251150139,0.001895380323,1
0.00924302917,0.001700073131,-0.0007608284941,0.001962517155,1
0.00924302917,0.001556909061,-0.0007014220464,0.001813723007,1
0.00924302917,0.001413744991,-0.001189646078,0.001921511954,1
0.00924302917,0.00127058092,-0.00115909474,0.001835354487,1
0.00924302917,0.00112741685,-0.0008637288702,0.001606871374,1
0.00924302917,0.0009842528962,-0.0007251625066,0.001678868546,1
0.00924302917,0.0008410888258,-0.0005462335539,0.001763525885,1
0.00924302917,0.0006979247555,-0.0007141880924,0.001753865974,1
0.00924302917,0.0005547606852,-0.000493613712,0.001652606996,1
0.00924302917,0.000411596644,-0.0004324842594,0.00162069872,1
0.00924302917,0.0002684326028,-0.0004392512201,0.001768809976,1
0.00924302917,0.000125268547,-0.0003662654781,0.001972544938,1
0.009386193007,0.01916608773,-0.004855134524,0.0005861957907,1
0.009386193007,0.01902292296,-0.004502608441,0.0005401567323,1
0.009386193007,0.01887976006,-0.004138160963,0.0004543649848,1
0.009386193007,0.01873659529,-0.004178235307,0.0005299295881,1
0.009386193007,0.01859343052,-0.004175743088,0.0006208370905,1
0.009386193007,0.01845026761,-0.004264963791,0.0008276012959,2
0.009386193007,0.01830710284,-0.004198838957,0.0006323720445,2
0.009386193007,0.01816393808,-0.003953354899,0.0001840307814,1
0.009386193007,0.01802077517,-0.003874499584,0.001045690267,1
0.009386193007,0.0178776104,-0.003819877515,0.001477123704,1
0.009386193007,0.01773444749,-0.003939250484,0.002135389252,1
0.009386193007,0.01759128273,-0.004180521704,0.002054198412,1
0.009386193007,0.01744811796,-0.004384244327,0.002172987442,1
0.009386193007,0.01730495505,-0.004377607256,0.001988324104,1
0.009386193007,0.01716179028,-0.004220865201,0.001656955457,1
0.009386193007,0.01701862738,-0.004127491731,0.001734206686,1
0.009386193007,0.01687546261,-0.004071902018,0.002304867143,1
0.009386193007,0.01673229784,-0.003951141145,0.002646297449,1
0.009386193007,0.01658913493,-0.003666474717,0.002751528285,1
0.009386193007,0.01644597016,-0.003464886686,0.003016402246,1
0.009386193007,0.01630280726,-0.003533333074,0.003226733068,1
0.009386193007,0.01615964249,-0.003395032603,0.002862607362,1
0.009386193007,0.01601647772,-0.003587351646,0.002693193965,1
0.009386193007,0.01587331481,-0.003658251604,0.002574379556,1
0.009386193007,0.01573015004,-0.003210654249,0.002461607102,1
0.009386193007,0.01558698621,-0.002878426341,0.002716919174,1
0.009386193007,0.01544382237,-0.002881011693,0.002693115501,1
0.009386193007,0.0153006576,-0.00302607473,0.002467855811,1
0.009386193007,0.01515749376,-0.002914644778,0.002193727763,1
0.009386193007,0.01501432993,-0.002508349018,0.002322185319,1
0.009386193007,0.01487116609,-0.002257775282,0.002261061221,1
0.009386193007,0.01472800132,-0.002367518377,0.002126272535,1
0.009386193007,0.01458483748,-0.002517440822,0.002224061405,1
0.009386193007,0.01444167364,-0.002566015348,0.002388722496,1
0.009386193007,0.01429850981,-0.002558259061,0.002144730184,1
0.009386193007,0.01415534597,-0.002378895646,0.002327899449,1
0.009386193007,0.0140121812,-0.002338753548,0.002426541876,1
0.009386193007,0.01386901736,-0.002319288673,0.002455236157,1
0.009386193007,0.01372585353,-0.001959643327,0.002255863743,1
0.009386193007,0.01358268969,-0.002278121421,0.002610326512,1
0.009386193007,0.01343952492,-0.00213717646,0.00239539519,1
0.009386193007,0.01329636108,-0.002198173199,0.002246157266,1
0.009386193007,0.01315319724,-0.00215019891,0.002335852012,1
0.009386193007,0.01301003341,-0.001733760117,0.002248480916,1
0.009386193007,0.01286686864,-0.001857512281,0.002188905608,1
0.009386193007,0.0127237048,-0.001944421208,0.002227381105,1
0.009386193007,0.01258054096,-0.001910421182,0.002177291783,1
0.009386193007,0.01243737713,-0.001870726701,0.002065347508,1
0.009386193007,0.01229421329,-0.001592060202,0.001721047796,1
0.009386193007,0.01215104852,-0.001482127467,0.001629744307,1
0.009386193007,0.01200788468,-0.001493844553,0.00179779774,1
0.009386193007,0.01186472084,-0.001705331029,0.001902384683,1
0.009386193007,0.01172155701,-0.001813384355,0.002138463547,1
0.009386193007,0.01157839224,-0.001754995203,0.002319213003,1
0.009386193007,0.0114352284,-0.00169193442,0.002173785586,1
0.009386193007,0.01129206456,-0.001824290492,0.001785142929,1
0.009386193007,0.01114890072,-0.001721798792,0.001836825046,1
0.009386193007,0.01100573689,-0.001527420711,0.001911439351,1
0.009386193007,0.01086257212,-0.00148095144,0.001828530803,1
0.009386193007,0.01071940828,-0.001396534848,0.001776836696,1
0.009386193007,0.01057624444,-0.001274188864,0.001822570805,1
0.009386193007,0.01043308061,-0.001248831977,0.001853350084,1
0.009386193007,0.01028991584,-0.001275209477,0.001932223095,1
0.009386193007,0.010146752,-0.001264370047,0.001797368401,1
0.009386193007,0.01000358816,-0.00125207426,0.001555783441,1
0.009386193007,0.009860424325,-0.001388973324,0.001520408667,1
0.009386193007,0.009717259556,-0.001519562211,0.001510638045,1
0.009386193007,0.009574095719,-0.001652641338,0.001649375889,1
0.009386193007,0.009430931881,-0.001676670276,0.001849988359,1
0.009386193007,0.009287768044,-0.001614269102,0.001909942715,1
0.009386193007,0.009144604206,-0.001668974408,0.001857832191,1
0.009386193007,0.009001439437,-0.001757094054,0.001659924164,1
0.009386193007,0.0088582756,-0.001773394761,0.001594397705,1
0.009386193007,0.008715111762,-0.001638400485,0.001617990434,1
0.009386193007,0.008571947925,-0.001447860617,0.001602740027,1
0.009386193007,0.008428783156,-0.001414443017,0.00162875047,1
0.009386193007,0.008285619318,-0.001603638986,0.001688641147,1
0.009386193007,0.008142455481,-0.001500959857,0.001568881096,1
0.009386193007,0.007999291644,-0.001463376917,0.001549339155,1
0.009386193007,0.007856126875,-0.001507026376,0.001700994559,1
0.009386193007,0.007712963037,-0.001682622824,0.00155160611,1
0.009386193007,0.0075697992,-0.001600609859,0.001490261871,1
0.009386193007,0.007426635362,-0.001629799488,0.001479748753,1
0.009386193007,0.007283471059,-0.00143503712,0.00141514733,1
0.009386193007,0.007140307222,-0.001455520629,0.001295075053,1
0.009386193007,0.006997142918,-0.001539269346,0.001467218623,1
0.009386193007,0.006853979081,-0.00156539795,0.001554078073,1
0.009386193007,0.006710814778,-0.001615175279,0.001582062803,1
0.009386193007,0.00656765094,-0.00165670726,0.00160101254,1
0.009386193007,0.006424486637,-0.001582905184,0.001796039287,1
0.009386193007,0.0062813228,-0.001581277815,0.001889978885,1
0.009386193007,0.006138158496,-0.001530060195,0.001948716585,1
0.009386193007,0.005994994659,-0.00150515954,0.002031891607,1
0.009386193007,0.005851830821,-0.001770643867,0.001941585797,1
0.009386193007,0.005708666518,-0.001516721561,0.00189364783,1
0.009386193007,0.005565502681,-0.001747537171,0.001900126575,1
0.009386193007,0.005422338378,-0.00182888587,0.001903481432,1
0.009386193007,0.00527917454,-0.001846508239,0.002021324355,1
0.009386193007,0.005136010237,-0.001824080362,0.002065394307,1
0.009386193007,0.0049928464,-0.001606302452,0.002036290709,1
0.009386193007,0.004849682096,-0.001601498108,0.001803235151,1
0.009386193007,0.004706518259,-0.001554874354,0.001770198694,1
0.009386193007,0.004563353956,-0.001504741143,0.001626133802,1
0.009386193007,0.004420190118,-0.001476793317,0.001509841648,1
0.009386193007,0.004277025815,-0.001640143571,0.001715050195,1
0.009386193007,0.004133861978,-0.001224208856,0.001811741386,1
0.009386193007,0.00399069814,-0.001458713436,0.002174593508,1
0.009386193007,0.003847533837,-0.001357812318,0.001812270028,1
0.009386193007,0.003704369767,-0.00135147851,0.001751434524,1
0.009386193007,0.003561205696,-0.001261132071,0.001792236115,1
0.009386193007,0.003418041626,-0.001237442368,0.001860911027,1
0.009386193007,0.003274877556,-0.001233434072,0.001844099956,1
0.009386193007,0.003131713718,-0.001336340792,0.001861470635,1
0.009386193007,0.002988549648,-0.001506640576,0.001870627631,1
0.009386193007,0.002845385578,-0.001453308272,0.001900576404,1
0.009386193007,0.002702221507,-0.001035873429,0.001802221406,1
0.009386193007,0.002559057437,-0.001200262224,0.001854584087,1
0.009386193007,0.002415893367,-0.001209422364,0.001806954155,1
0.009386193007,0.002272729296,-0.001138687949,0.001764694694,1
0.009386193007,0.002129565226,-0.00101171725,0.001804604311,1
0.009386193007,0.001986401156,-0.0007551972521,0.001659542904,1
0.009386193007,0.001843237202,-0.0009783434216,0.00177842658,1
0.009386193007,0.001700073131,-0.00102669734,0.001691549201,1
0.009386193007,0.001556909061,-0.0004887635587,0.001925423392,1
0.009386193007,0.001413744991,-0.0005402446259,0.001908958075,1
0.009386193007,0.00127058092,-0.0007345998893,0.001779380022,1
0.009386193007,0.00112741685,-0.0008959373808,0.001641758252,1
0.009386193007,0.0009842528962,-0.0007859587786,0.001565559069,1
0.009386193007,0.0008410888258,-0.0006673196913,0.001603391371,1
0.009386193007,0.0006979247555,-0.000571997487,0.001535295509,1
0.009386193007,0.0005547606852,-0.000546072959,0.001673826948,1
0.009386193007,0.000411596644,-0.0005259370082,0.00172265002,1
0.009386193007,0.0002684326028,-0.0005049858009,0.001893011038,1
0.009386193007,0.000125268547,-0.0004726858751,0.001971362159,1
0.009529356845,0.01916608773,-0.004714176524,0.0008568238118,1
0.009529356845,0.01902292296,-0.004428752698,0.0007622071425,1
0.009529356845,0.01887976006,-0.004164222162,0.0007494876045,1
0.009529356845,0.01873659529,-0.003913796972,0.000917143363,1
0.009529356845,0.01859343052,-0.003806094872,0.0009875550168,1
0.009529356845,0.01845026761,-0.003988764714,0.001178038539,2
0.009529356845,0.01830710284,-0.004176032729,0.001103093382,1
0.009529356845,0.01816393808,-0.004030802287,0.001327770995,1
0.009529356845,0.01802077517,-0.003672896419,0.001802324085,1
0.009529356845,0.0178776104,-0.003606433282,0.00205359282,1
0.009529356845,0.01773444749,-0.003797910875,0.002313789912,1
0.009529356845,0.01759128273,-0.004084407818,0.002172111534,1
0.009529356845,0.01744811796,-0.004356373567,0.002262014663,1
0.009529356845,0.01730495505,-0.004454651847,0.002169514075,1
0.009529356845,0.01716179028,-0.004411497153,0.002064665779,1
0.009529356845,0.01701862738,-0.003992290702,0.00204015011,1
0.009529356845,0.01687546261,-0.003753910307,0.002093853429,1
0.009529356845,0.01673229784,-0.003747916548,0.002604904352,1
0.009529356845,0.01658913493,-0.003598848591,0.002949872054,1
0.009529356845,0.01644597016,-0.003472475102,0.003215546487,1
0.009529356845,0.01630280726,-0.003509600647,0.003294504248,1
0.009529356845,0.01615964249,-0.003398232162,0.003006154671,1
0.009529356845,0.01601647772,-0.003480572486,0.002818061039,1
0.009529356845,0.01587331481,-0.003312565619,0.002748763887,1
0.009529356845,0.01573015004,-0.002871901263,0.002679161262,1
0.009529356845,0.01558698621,-0.002603961388,0.002543145791,1
0.009529356845,0.01544382237,-0.002580862725,0.002664030995,1
0.009529356845,0.0153006576,-0.002846749267,0.002660139697,2
0.009529356845,0.01515749376,-0.002846054034,0.002588138217,1
0.009529356845,0.01501432993,-0.002598525491,0.002551597543,1
0.009529356845,0.01487116609,-0.00232042931,0.002375691431,1
0.009529356845,0.01472800132,-0.002350731986,0.002211980056,1
0.009529356845,0.01458483748,-0.002527780831,0.002318354556,1
0.009529356845,0.01444167364,-0.002518805675,0.002531038597,1
0.009529356845,0.01429850981,-0.002484484343,0.002481262898,1
0.009529356845,0.01415534597,-0.002429597313,0.002375591081,1
0.009529356845,0.0140121812,-0.002383682877,0.002423056168,1
0.009529356845,0.01386901736,-0.002367703477,0.002462033415,1
0.009529356845,0.01372585353,-0.00216613058,0.002348799724,1
0.009529356845,0.01358268969,-0.002388128079,0.002504899399,1
0.009529356845,0.01343952492,-0.002411717083,0.002443914767,1
0.009529356845,0.01329636108,-0.002186523983,0.002415722236,1
0.009529356845,0.01315319724,-0.002070948714,0.002361143939,1
0.009529356845,0.01301003341,-0.001654749853,0.002259208355,1
0.009529356845,0.01286686864,-0.001716465107,0.002192129614,1
0.009529356845,0.0127237048,-0.00196046452,0.002253646962,1
0.009529356845,0.01258054096,-0.001913699904,0.002160012256,1
0.009529356845,0.01243737713,-0.001843933249,0.002024669433,1
0.009529356845,0.01229421329,-0.001764106448,0.001731471973,1
0.009529356845,0.01215104852,-0.001691312762,0.001533194445,1
0.009529356845,0.01200788468,-0.001685635536,0.002025618916,1
0.009529356845,0.01186472084,-0.001820950303,0.002020841697,1
0.009529356845,0.01172155701,-0.001917526592,0.002136752941,1
0.009529356845,0.01157839224,-0.001779390499,0.002199633047,1
0.009529356845,0.0114352284,-0.001688354532,0.002211977262,1
0.009529356845,0.01129206456,-0.001810089685,0.001916046254,1
0.009529356845,0.01114890072,-0.001689309487,0.002024373971,1
0.009529356845,0.01100573689,-0.001463859575,0.00209571817,1
0.009529356845,0.01086257212,-0.001462150482,0.001864152029,1
0.009529356845,0.01071940828,-0.001405310701,0.001786825247,1
0.009529356845,0.01057624444,-0.001314435038,0.00184754841,1
0.009529356845,0.01043308061,-0.001305115293,0.001927619567,1
0.009529356845,0.01028991584,-0.00125981227,0.00194553542,1
0.009529356845,0.010146752,-0.001365679316,0.001948200515,1
0.009529356845,0.01000358816,-0.00149973412,0.001936081331,1
0.009529356845,0.009860424325,-0.001669766498,0.001752895885,1
0.009529356845,0.009717259556,-0.001617705333,0.001678215689,1
0.009529356845,0.009574095719,-0.001620452036,0.001669109333,1
0.009529356845,0.009430931881,-0.001620276715,0.001894971938,1
0.009529356845,0.009287768044,-0.001602284261,0.001943327836,1
0.009529356845,0.009144604206,-0.001616232097,0.001907469938,1
0.009529356845,0.009001439437,-0.001616480877,0.001877566683,1
0.009529356845,0.0088582756,-0.001620159019,0.001488009817,1
0.009529356845,0.008715111762,-0.001614032779,0.001473009004,1
0.009529356845,0.008571947925,-0.001628430327,0.001815416967,1
0.009529356845,0.008428783156,-0.001602031873,0.001701526111,1
0.009529356845,0.008285619318,-0.001513013383,0.0017317764,1
0.009529356845,0.008142455481,-0.001461388078,0.001571175642,1
0.009529356845,0.007999291644,-0.001491316245,0.001541289967,1
0.009529356845,0.007856126875,-0.001585863647,0.001577840303,1
0.009529356845,0.007712963037,-0.00157763192,0.001329187537,1
0.009529356845,0.0075697992,-0.001145490562,0.001796424855,1
0.009529356845,0.007426635362,-0.001207860885,0.001324004494,1
0.009529356845,0.007283471059,-0.001257679076,0.001376303961,1
0.009529356845,0.007140307222,-0.001262525329,0.00135905249,1
0.009529356845,0.006997142918,-0.001336564776,0.001454927027,1
0.009529356845,0.006853979081,-0.0015909184,0.001526091131,1
0.009529356845,0.006710814778,-0.001659016707,0.001558227348,1
0.009529356845,0.00656765094,-0.001699133194,0.001594787347,1
0.009529356845,0.006424486637,-0.001576627605,0.001755167032,1
0.009529356845,0.0062813228,-0.001602891367,0.001856355113,1
0.009529356845,0.006138158496,-0.001583601115,0.001951886807,1
0.009529356845,0.005994994659,-0.001577355899,0.002066587796,1
0.009529356845,0.005851830821,-0.001829090179,0.002117171185,1
0.009529356845,0.005708666518,-0.001751947915,0.00205555209,1
0.009529356845,0.005565502681,-0.00161079783,0.001927968231,1
0.009529356845,0.005422338378,-0.001667256118,0.001894650632,1
0.009529356845,0.00527917454,-0.001609725296,0.001883009798,1
0.009529356845,0.005136010237,-0.001384840696,0.001894358313,1
0.009529356845,0.0049928464,-0.001526001608,0.002017535269,1
0.009529356845,0.004849682096,-0.001448029187,0.001857226947,1
0.009529356845,0.004706518259,-0.001554233371,0.001874539303,1
0.009529356845,0.004563353956,-0.001418963657,0.001801538398,1
0.009529356845,0.004420190118,-0.001368029276,0.001802085899,1
0.009529356845,0.004277025815,-0.00137089903,0.001857572235,1
0.009529356845,0.004133861978,-0.001361722825,0.001849017572,1
0.009529356845,0.00399069814,-0.0008832460735,0.001854300033,3
0.009529356845,0.003847533837,-0.001330034458,0.001790766837,1
0.009529356845,0.003704369767,-0.001345150522,0.001764547895,1
0.009529356845,0.003561205696,-0.001259475132,0.001811337424,1
0.009529356845,0.003418041626,-0.001236365875,0.001882053795,1
0.009529356845,0.003274877556,-0.001201356878,0.001845473307,1
0.009529356845,0.003131713718,-0.001200828818,0.00182704709,1
0.009529356845,0.002988549648,-0.001443777699,0.001788850524,1
0.009529356845,0.002845385578,-0.001467659604,0.001891654218,1
0.009529356845,0.002702221507,-0.00134668767,0.001861338154,1
0.009529356845,0.002559057437,-0.001465885318,0.00191126368,1
0.009529356845,0.002415893367,-0.001114690909,0.001753652119,1
0.009529356845,0.002272729296,-0.0004853778228,0.001575372182,1
0.009529356845,0.002129565226,-0.0004372650583,0.001559460419,1
0.009529356845,0.001986401156,-0.0004988516448,0.001627789345,1
0.009529356845,0.001843237202,-0.0009754156345,0.001800092752,1
0.009529356845,0.001700073131,-0.001062105061,0.001724170637,1
0.009529356845,0.001556909061,-0.0008930409094,0.001887011109,1
0.009529356845,0.001413744991,-0.0009019370191,0.001846133848,1
0.009529356845,0.00127058092,-0.0008372005541,0.001725228969,1
0.009529356845,0.00112741685,-0.0008360382635,0.001658559311,1
0.009529356845,0.0009842528962,-0.0007206304581,0.001571334666,1
0.009529356845,0.0008410888258,-0.0006008732598,0.001563423546,1
0.009529356845,0.0006979247555,-0.00051982695,0.001478902646,1
0.009529356845,0.0005547606852,-0.0004986768472,0.001695741899,1
0.009529356845,0.000411596644,-0.0004576898937,0.001796881319,1
0.009529356845,0.0002684326028,-0.0004273186205,0.001922340249,1
0.009529356845,0.000125268547,-0.0003272566828,0.00194081408,1
0.009672521614,0.01916608773,-0.004240588285,0.001083960291,1
0.009672521614,0.01902292296,-0.004255599808,0.001354192034,1
0.009672521614,0.01887976006,-0.004379146732,0.001656306442,1
0.009672521614,0.01873659529,-0.003912356682,0.00143175479,1
0.009672521614,0.01859343052,-0.003800046165,0.001434117323,1
0.009672521614,0.01845026761,-0.003707967233,0.001793904463,1
0.009672521614,0.01830710284,-0.004036555998,0.001405376708,1
0.009672521614,0.01816393808,-0.003883358324,0.001681750058,1
0.009672521614,0.01802077517,-0.003645595862,0.00185629644,1
0.009672521614,0.0178776104,-0.00356771634,0.001756409183,1
0.009672521614,0.01773444749,-0.003730209777,0.002295673359,1
0.009672521614,0.01759128273,-0.004096352961,0.002567945048,1
0.009672521614,0.01744811796,-0.003991012461,0.002327825641,2
0.009672521614,0.01730495505,-0.003970853984,0.002174847526,2
0.009672521614,0.01716179028,-0.004034411628,0.001976594562,1
0.009672521614,0.01701862738,-0.003774915123,0.002389288507,1
0.009672521614,0.01687546261,-0.003708848031,0.002439564327,1
0.009672521614,0.01673229784,-0.003700859612,0.002760302741,1
0.009672521614,0.01658913493,-0.003640155774,0.002860182663,1
0.009672521614,0.01644597016,-0.003574744798,0.002976740478,1
0.009672521614,0.01630280726,-0.003431099001,0.003287210129,1
0.009672521614,0.01615964249,-0.00330366753,0.003093964187,1
0.009672521614,0.01601647772,-0.003159954213,0.00293832738,1
0.009672521614,0.01587331481,-0.002986707957,0.002844745293,1
0.009672521614,0.01573015004,-0.002854412654,0.002834983869,1
0.009672521614,0.01558698621,-0.002755647292,0.00286395615,1
0.009672521614,0.01544382237,-0.002778546652,0.002932808595,1
0.009672521614,0.0153006576,-0.002934005577,0.002920533763,1
0.009672521614,0.01515749376,-0.003001675243,0.002904017456,1
0.009672521614,0.01501432993,-0.002845877782,0.002814256819,2
0.009672521614,0.01487116609,-0.002665123437,0.002796047134,1
0.009672521614,0.01472800132,-0.002546522766,0.002441033954,1
0.009672521614,0.01458483748,-0.002523288364,0.002476471476,1
0.009672521614,0.01444167364,-0.002521951916,0.002449735301,1
0.009672521614,0.01429850981,-0.002556645311,0.00261836173,1
0.009672521614,0.01415534597,-0.002615081845,0.002459582174,1
0.009672521614,0.0140121812,-0.002576686908,0.002455472481,1
0.009672521614,0.01386901736,-0.002364142798,0.002085739514,1
0.009672521614,0.01372585353,-0.002125851344,0.002285688883,1
0.009672521614,0.01358268969,-0.002181566553,0.002311789431,1
0.009672521614,0.01343952492,-0.002157193609,0.002576984232,1
0.009672521614,0.01329636108,-0.001864777179,0.002661907813,1
0.009672521614,0.01315319724,-0.001916897018,0.002583112335,2
0.009672521614,0.01301003341,-0.002065574983,0.002336191013,1
0.009672521614,0.01286686864,-0.002345181536,0.002012715442,1
0.009672521614,0.0127237048,-0.001891978318,0.002184684388,2
0.009672521614,0.01258054096,-0.001306856982,0.002160845092,1
0.009672521614,0.01243737713,-0.001816738746,0.002123130253,1
0.009672521614,0.01229421329,-0.001671684324,0.001943948912,1
0.009672521614,0.01215104852,-0.001615309855,0.001857809257,1
0.009672521614,0.01200788468,-0.001696738065,0.002060604049,1
0.009672521614,0.01186472084,-0.001798913232,0.002214792883,1
0.009672521614,0.01172155701,-0.001845477615,0.002253354294,1
0.009672521614,0.01157839224,-0.001829688787,0.002123698592,1
0.009672521614,0.0114352284,-0.001454117708,0.002457823604,1
0.009672521614,0.01129206456,-0.001536544063,0.002375142416,1
0.009672521614,0.01114890072,-0.001646322431,0.002461076248,1
0.009672521614,0.01100573689,-0.001561323879,0.002361992374,1
0.009672521614,0.01086257212,-0.001342436764,0.001836603507,1
0.009672521614,0.01071940828,-0.001278911601,0.00197647023,1
0.009672521614,0.01057624444,-0.001411877456,0.002181488788,1
0.009672521614,0.01043308061,-0.001448200201,0.002095701173,1
0.009672521614,0.01028991584,-0.001330366707,0.001945914119,1
0.009672521614,0.010146752,-0.001429529162,0.002094589407,1
0.009672521614,0.01000358816,-0.001678507891,0.002035073237,1
0.009672521614,0.009860424325,-0.001732995035,0.001837618533,1
0.009672521614,0.009717259556,-0.001776747755,0.001769689145,1
0.009672521614,0.009574095719,-0.001550066634,0.001547234016,1
0.009672521614,0.009430931881,-0.001715207356,0.001872215304,1
0.009672521614,0.009287768044,-0.001700138208,0.001913864864,1
0.009672521614,0.009144604206,-0.001623203047,0.001909409999,1
0.009672521614,0.009001439437,-0.001630807412,0.001922787749,1
0.009672521614,0.0088582756,-0.00168942404,0.001586217317,1
0.009672521614,0.008715111762,-0.001669673715,0.001697579748,1
0.009672521614,0.008571947925,-0.001615860965,0.002011155477,1
0.009672521614,0.008428783156,-0.001459450927,0.00149748812,1
0.009672521614,0.008285619318,-0.001534175593,0.001543196384,1
0.009672521614,0.008142455481,-0.001595759415,0.001636379166,1
0.009672521614,0.007999291644,-0.001609483152,0.001623324351,1
0.009672521614,0.007856126875,-0.001591776847,0.0015416143,1
0.009672521614,0.007712963037,-0.001636069734,0.001012922963,3
0.009672521614,0.0075697992,-0.001072952873,0.001404281938,1
0.009672521614,0.007426635362,-0.00147328747,0.001268947381,1
0.009672521614,0.007283471059,-0.001518890494,0.0009840002749,1
0.009672521614,0.007140307222,-0.001625073957,0.001541415928,1
0.009672521614,0.006997142918,-0.001609620987,0.001522462349,1
0.009672521614,0.006853979081,-0.001731262775,0.001158349449,1
0.009672521614,0.006710814778,-0.001679402078,0.001473854296,1
0.009672521614,0.00656765094,-0.001663668663,0.001574975904,1
0.009672521614,0.006424486637,-0.001593158115,0.00185273122,1
0.009672521614,0.0062813228,-0.001713587786,0.001419536187,1
0.009672521614,0.006138158496,-0.001680910238,0.001997923013,1
0.009672521614,0.005994994659,-0.001559339114,0.002338172635,1
0.009672521614,0.005851830821,-0.001724606031,0.002192860469,1
0.009672521614,0.005708666518,-0.001694855397,0.002182506258,1
0.009672521614,0.005565502681,-0.001558570308,0.00193486677,1
0.009672521614,0.005422338378,-0.001607587794,0.001960426802,1
0.009672521614,0.00527917454,-0.001527929679,0.001911834697,1
0.009672521614,0.005136010237,-0.001384124276,0.001904044882,1
0.009672521614,0.0049928464,-0.001460178872,0.001880128053,1
0.009672521614,0.004849682096,-0.00156579935,0.001803887542,1
0.009672521614,0.004706518259,-0.001636915142,0.001745704329,1
0.009672521614,0.004563353956,-0.001330113155,0.001878930954,1
0.009672521614,0.004420190118,-0.001327480539,0.001881829347,1
0.009672521614,0.004277025815,-0.0013397109,0.001909526996,1
0.009672521614,0.004133861978,-0.001345191384,0.001874245121,1
0.009672521614,0.00399069814,-0.001330416184,0.001951489947,1
0.009672521614,0.003847533837,-0.001212014002,0.001875966671,2
0.009672521614,0.003704369767,-0.001005108701,0.001927165198,1
0.009672521614,0.003561205696,-0.001099441084,0.001664906624,1
0.009672521614,0.003418041626,-0.001154108788,0.00154961017,1
0.009672521614,0.003274877556,-0.0009231952718,0.001950141275,1
0.009672521614,0.003131713718,-0.001246809145,0.00184421835,1
0.009672521614,0.002988549648,-0.001080573536,0.001817250275,1
0.009672521614,0.002845385578,-0.0009241199587,0.00149482023,1
0.009672521614,0.002702221507,-0.001134769758,0.002076641889,1
0.009672521614,0.002559057437,-0.001407445758,0.001925271587,1
0.009672521614,0.002415893367,-0.0009716611821,0.001668934012,1
0.009672521614,0.002272729296,-0.0001487298869,0.001168744988,1
0.009672521614,0.002129565226,-4.351478128e-05,0.001431350014,1
0.009672521614,0.001986401156,-0.0005009903107,0.001484820619,1
0.009672521614,0.001843237202,-0.0009171112324,0.001790326904,1
0.009672521614,0.001700073131,-0.0009334838251,0.001871257322,1
0.009672521614,0.001556909061,-0.0009093558765,0.001856207266,1
0.009672521614,0.001413744991,-0.0008883089758,0.001808726811,1
0.009672521614,0.00127058092,-0.0006139941979,0.001702217502,1
0.009672521614,0.00112741685,-0.0008196487906,0.001631066436,1
0.009672521614,0.0009842528962,-0.0004820203467,0.001624284196,1
0.009672521614,0.0008410888258,-0.0003292963083,0.001610902604,1
0.009672521614,0.0006979247555,-0.0003639520728,0.001502384664,1
0.009672521614,0.0005547606852,-0.0005423241528,0.00161984947,2
0.009672521614,0.000411596644,-0.0005368480342,0.001728587435,1
0.009672521614,0.0002684326028,-0.000478635804,0.001864350401,1
0.009672521614,0.000125268547,-0.0003048147773,0.002019638428,1
0.009815685451,0.01916608773,-0.003625053912,0.001140273525,1
0.009815685451,0.01902292296,-0.003932321444,0.001622732147,1
0.009815685451,0.01887976006,-0.004009412602,0.001731380471,2
0.009815685451,0.01873659529,-0.004124122672,0.001774558914,1
0.009815685451,0.01859343052,-0.00404122984,0.001765536144,1
0.009815685451,0.01845026761,-0.00311827613,0.001456837286,1
0.009815685451,0.01830710284,-0.003189051524,0.001498575788,1
0.009815685451,0.01816393808,-0.003796727164,0.002078686608,1
0.009815685451,0.01802077517,-0.003316063434,0.002134941751,1
0.009815685451,0.0178776104,-0.003145430703,0.001921312185,1
0.009815685451,0.01773444749,-0.00365415751,0.002491217572,1
0.009815685451,0.01759128273,-0.003744090907,0.00272863172,1
0.009815685451,0.01744811796,-0.003540469566,0.002306494396,2
0.009815685451,0.01730495505,-0.003403340466,0.002225456061,2
0.009815685451,0.01716179028,-0.003310186788,0.002099638339,1
0.009815685451,0.01701862738,-0.003486530855,0.002135200193,1
0.009815685451,0.01687546261,-0.003599933116,0.002803520765,1
0.009815685451,0.01673229784,-0.003692847211,0.002954510972,1
0.009815685451,0.01658913493,-0.00363646308,0.002984526101,1
0.009815685451,0.01644597016,-0.003554469673,0.003018341027,1
0.009815685451,0.01630280726,-0.003370422637,0.003108670237,1
0.009815685451,0.01615964249,-0.003460698295,0.00329133193,1
0.009815685451,0.01601647772,-0.003199235303,0.003075161949,1
0.009815685451,0.01587331481,-0.003028492909,0.002971229842,1
0.009815685451,0.01573015004,-0.002890940523,0.002907429822,1
0.009815685451,0.01558698621,-0.002804964548,0.002946186345,1
0.009815685451,0.01544382237,-0.002831369871,0.002991748741,1
0.009815685451,0.0153006576,-0.003049018094,0.002863504458,1
0.009815685451,0.01515749376,-0.003323471872,0.00282917032,1
0.009815685451,0.01501432993,-0.003118186956,0.003005365841,1
0.009815685451,0.01487116609,-0.003094089683,0.003039831528,1
0.009815685451,0.01472800132,-0.002832839265,0.002857570304,2
0.009815685451,0.01458483748,-0.002701328136,0.002748372965,1
0.009815685451,0.01444167364,-0.002693244256,0.00262042135,1
0.009815685451,0.01429850981,-0.002674637362,0.002736287192,1
0.009815685451,0.01415534597,-0.002587410621,0.002696872223,1
0.009815685451,0.0140121812,-0.00244576158,0.002342939377,1
0.009815685451,0.01386901736,-0.002390715294,0.002316815313,1
0.009815685451,0.01372585353,-0.002277609427,0.002553273691,1
0.009815685451,0.01358268969,-0.002254108666,0.002554791048,1
0.009815685451,0.01343952492,-0.002130932873,0.002593284007,1
0.009815685451,0.01329636108,-0.001824602019,0.002573659876,1
0.009815685451,0.01315319724,-0.001666287309,0.002973206807,1
0.009815685451,0.01301003341,-0.002081306186,0.002471602056,1
0.009815685451,0.01286686864,-0.002356541343,0.002110249363,1
0.009815685451,0.0127237048,-0.001955410233,0.002311530057,2
0.009815685451,0.01258054096,-0.00170360168,0.002331415191,2
0.009815685451,0.01243737713,-0.00175902457,0.002278211527,1
0.009815685451,0.01229421329,-0.001588768559,0.002123928163,1
0.009815685451,0.01215104852,-0.001543979393,0.002014613245,1
0.009815685451,0.01200788468,-0.001832248527,0.002079918748,1
0.009815685451,0.01186472084,-0.001812853967,0.002265723422,1
0.009815685451,0.01172155701,-0.001803864609,0.002429053187,1
0.009815685451,0.01157839224,-0.001727022114,0.002253622748,1
0.009815685451,0.0114352284,-0.001560399658,0.002418673132,1
0.009815685451,0.01129206456,-0.001640984905,0.002360070124,1
0.009815685451,0.01114890072,-0.001733816462,0.002276209416,1
0.009815685451,0.01100573689,-0.001684473827,0.002141133649,1
0.009815685451,0.01086257212,-0.001555393916,0.002061157255,1
0.009815685451,0.01071940828,-0.001223132596,0.00188969681,1
0.009815685451,0.01057624444,-0.001336289686,0.002366758417,1
0.009815685451,0.01043308061,-0.001413397025,0.002180561889,1
0.009815685451,0.01028991584,-0.001376354601,0.00188641448,1
0.009815685451,0.010146752,-0.001474183053,0.002154703252,1
0.009815685451,0.01000358816,-0.001638459391,0.002022581641,1
0.009815685451,0.009860424325,-0.001655778033,0.001867650426,1
0.009815685451,0.009717259556,-0.001675123232,0.001887249644,1
0.009815685451,0.009574095719,-0.001274993992,0.001637396868,1
0.009815685451,0.009430931881,-0.001767150941,0.00191414624,1
0.009815685451,0.009287768044,-0.001727433293,0.001934580156,1
0.009815685451,0.009144604206,-0.001579212141,0.001557882875,1
0.009815685451,0.009001439437,-0.001783567131,0.002073002048,1
0.009815685451,0.0088582756,-0.001715957653,0.00208421587,1
0.009815685451,0.008715111762,-0.001683944021,0.002050720854,1
0.009815685451,0.008571947925,-0.001672459301,0.001931454404,1
0.009815685451,0.008428783156,-0.0016174966,0.001795946737,1
0.009815685451,0.008285619318,-0.001633415231,0.001688858611,1
0.009815685451,0.008142455481,-0.001777516212,0.00177313434,1
0.009815685451,0.007999291644,-0.001827054773,0.001769352937,1
0.009815685451,0.007856126875,-0.001681642607,0.001666028867,2
0.009815685451,0.007712963037,-0.001595510053,0.001489027054,1
0.009815685451,0.0075697992,-0.001625436242,0.001419460517,1
0.009815685451,0.007426635362,-0.001610642648,0.001434718724,1
0.009815685451,0.007283471059,-0.001717691892,0.001489077113,1
0.009815685451,0.007140307222,-0.001782312756,0.00164564827,1
0.009815685451,0.006997142918,-0.001752079581,0.001852113404,1
0.009815685451,0.006853979081,-0.001781510538,0.001239760197,1
0.009815685451,0.006710814778,-0.001357600675,0.001367422985,1
0.009815685451,0.00656765094,-0.001436224091,0.001527015236,1
0.009815685451,0.006424486637,-0.001675046282,0.001688974327,1
0.009815685451,0.0062813228,-0.001828217413,0.001522349659,1
0.009815685451,0.006138158496,-0.001863802434,0.00177712366,1
0.009815685451,0.005994994659,-0.001681390102,0.002279758453,1
0.009815685451,0.005851830821,-0.001803777646,0.002239744877,1
0.009815685451,0.005708666518,-0.001598535455,0.002131497022,1
0.009815685451,0.005565502681,-0.001489642076,0.001905583194,1
0.009815685451,0.005422338378,-0.001534472685,0.001940383925,1
0.009815685451,0.00527917454,-0.001535142888,0.001921811723,1
0.009815685451,0.005136010237,-0.001509279828,0.001856306801,1
0.009815685451,0.0049928464,-0.00149834319,0.00188462378,1
0.009815685451,0.004849682096,-0.001643891796,0.001899705501,1
0.009815685451,0.004706518259,-0.001653563115,0.00187899929,1
0.009815685451,0.004563353956,-0.001628409722,0.001897261245,1
0.009815685451,0.004420190118,-0.001648440375,0.001908774138,1
0.009815685451,0.004277025815,-0.001335312962,0.001905346056,1
0.009815685451,0.004133861978,-0.001331257517,0.001888020081,1
0.009815685451,0.00399069814,-0.001330308034,0.001839698292,1
0.009815685451,0.003847533837,-0.001182496548,0.001834444585,2
0.009815685451,0.003704369767,-0.0009855238022,0.001918067108,1
0.009815685451,0.003561205696,-0.001191034215,0.001690038829,1
0.009815685451,0.003418041626,-0.001356935594,0.001710666111,1
0.009815685451,0.003274877556,-0.00132837519,0.001824828098,1
0.009815685451,0.003131713718,-0.0008305723895,0.001619295334,1
0.009815685451,0.002988549648,-0.0004830523394,0.001627122983,1
0.009815685451,0.002845385578,-0.0007211430348,0.001538493321,2
0.009815685451,0.002702221507,-0.0009291105671,0.001722484827,2
0.009815685451,0.002559057437,-0.0009783257265,0.001839297707,2
0.009815685451,0.002415893367,-0.000833714148,0.001940527,2
0.009815685451,0.002272729296,-0.0007195805083,0.002396938158,1
0.009815685451,0.002129565226,-0.0005638708244,0.001417055493,1
0.009815685451,0.001986401156,-0.0005746566458,0.001411891426,1
0.009815685451,0.001843237202,-0.0006469701766,0.001748024137,1
0.009815685451,0.001700073131,-0.0007138458313,0.001869980479,1
0.009815685451,0.001556909061,-0.0006762520061,0.001871638699,1
0.009815685451,0.001413744991,-0.0005585866165,0.001833110931,1
0.009815685451,0.00127058092,-0.0005832602037,0.001681110589,1
0.009815685451,0.00112741685,-0.0005506689777,0.0016681056,1
0.009815685451,0.0009842528962,-0.000435544498,0.001683586743,1
0.009815685451,0.0008410888258,-0.0003436757834,0.00164025533,1
0.009815685451,0.0006979247555,-0.0006575876614,0.001590335858,1
0.009815685451,0.0005547606852,-0.0007698195986,0.001552683767,1
0.009815685451,0.000411596644,-0.0004968499416,0.001077190274,1
0.009815685451,0.0002684326028,-0.0004560470697,0.001157603692,1
0.009815685451,0.000125268547,-0.0004461561039,0.001354911248,1
0.009958849289,0.01916608773,-0.004128300585,0.001299189869,1
0.009958849289,0.01902292296,-0.003478246741,0.001637269277,1
0.009958849289,0.01887976006,-0.003602059791,0.001871924265,1
0.009958849289,0.01873659529,-0.003624244826,0.001938268309,1
0.009958849289,0.01859343052,-0.00363595318,0.002025117166,1
0.009958849289,0.01845026761,-0.003049495397,0.001546347165,1
0.009958849289,0.01830710284,-0.002863116795,0.001932785148,1
0.009958849289,0.01816393808,-0.003264535684,0.002323270077,1
0.009958849289,0.01802077517,-0.003157637548,0.002521926304,1
0.009958849289,0.0178776104,-0.003029441927,0.002202187199,1
0.009958849289,0.01773444749,-0.003604741534,0.002788267098,1
0.009958849289,0.01759128273,-0.00358616258,0.002840227215,1
0.009958849289,0.01744811796,-0.003023433732,0.001944064163,1
0.009958849289,0.01730495505,-0.002791851526,0.002320844447,1
0.009958849289,0.01716179028,-0.002719613258,0.003184518544,1
0.009958849289,0.01701862738,-0.002852680162,0.002480639378,1
0.009958849289,0.01687546261,-0.003261678852,0.002489959123,3
0.009958849289,0.01673229784,-0.003576435614,0.003100151196,1
0.009958849289,0.01658913493,-0.003580120392,0.003235732904,1
0.009958849289,0.01644597016,-0.003549646353,0.003206983441,1
0.009958849289,0.01630280726,-0.003733396996,0.003403540701,1
0.009958849289,0.01615964249,-0.003586508334,0.003361667506,1
0.009958849289,0.01601647772,-0.003330422565,0.003259341232,1
0.009958849289,0.01587331481,-0.002960066777,0.003031701315,1
0.009958849289,0.01573015004,-0.00280603813,0.002968512708,1
0.009958849289,0.01558698621,-0.002822166774,0.002998139942,1
0.009958849289,0.01544382237,-0.002916649217,0.003012410598,1
0.009958849289,0.0153006576,-0.003018343588,0.002808012301,1
0.009958849289,0.01515749376,-0.00298824464,0.002839657012,1
0.009958849289,0.01501432993,-0.002731889253,0.003051183885,1
0.009958849289,0.01487116609,-0.002888526767,0.003190007061,1
0.009958849289,0.01472800132,-0.002989416476,0.003201043,1
0.009958849289,0.01458483748,-0.00281688245,0.003386102617,1
0.009958849289,0.01444167364,-0.002771852305,0.002856463194,1
0.009958849289,0.01429850981,-0.002605065703,0.002843256108,1
0.009958849289,0.01415534597,-0.002518892521,0.002795603592,1
0.009958849289,0.0140121812,-0.002455733716,0.002495007124,1
0.009958849289,0.01386901736,-0.002379331738,0.0024506154,1
0.009958849289,0.01372585353,-0.00226495578,0.00266777561,2
0.009958849289,0.01358268969,-0.002142383484,0.002665092004,1
0.009958849289,0.01343952492,-0.002033603378,0.002613927936,1
0.009958849289,0.01329636108,-0.001927679288,0.002703359583,1
0.009958849289,0.01315319724,-0.001862278092,0.002666263375,1
0.009958849289,0.01301003341,-0.001871200977,0.002616600366,1
0.009958849289,0.01286686864,-0.002276063431,0.002802015748,1
0.009958849289,0.0127237048,-0.001869519474,0.002619770588,1
0.009958849289,0.01258054096,-0.001793115283,0.002575074323,1
0.009958849289,0.01243737713,-0.001903046272,0.002577311825,1
0.009958849289,0.01229421329,-0.001842593541,0.002358173719,1
0.009958849289,0.01215104852,-0.001798167708,0.002155982889,1
0.009958849289,0.01200788468,-0.001869416097,0.002109303139,1
0.009958849289,0.01186472084,-0.001855601207,0.002192771761,1
0.009958849289,0.01172155701,-0.001874241862,0.00232119509,1
0.009958849289,0.01157839224,-0.001847410342,0.002222363139,1
0.009958849289,0.0114352284,-0.001423543436,0.002412569476,1
0.009958849289,0.01129206456,-0.001721941982,0.002173310146,1
0.009958849289,0.01114890072,-0.001835371833,0.002148221945,1
0.009958849289,0.01100573689,-0.001743077883,0.00203921576,1
0.009958849289,0.01086257212,-0.001596581656,0.002075067488,1
0.009958849289,0.01071940828,-0.001485718298,0.001869821455,1
0.009958849289,0.01057624444,-0.001384741394,0.002205736935,1
0.009958849289,0.01043308061,-0.001504876884,0.002390453825,1
0.009958849289,0.01028991584,-0.001321961638,0.001890967251,1
0.009958849289,0.010146752,-0.001642654766,0.001863041427,1
0.009958849289,0.01000358816,-0.001579949399,0.001812517876,1
0.009958849289,0.009860424325,-0.00147020875,0.001908644568,1
0.009958849289,0.009717259556,-0.001366794691,0.002008312847,1
0.009958849289,0.009574095719,-0.001581241959,0.001704332069,1
0.009958849289,0.009430931881,-0.001585908816,0.001819191384,1
0.009958849289,0.009287768044,-0.001449412201,0.001799641876,1
0.009958849289,0.009144604206,-0.001441641361,0.00179893407,1
0.009958849289,0.009001439437,-0.001846044674,0.002017945284,1
0.009958849289,0.0088582756,-0.001771143521,0.002043034416,1
0.009958849289,0.008715111762,-0.001672538347,0.002081172541,1
0.009958849289,0.008571947925,-0.00170360622,0.001941425726,1
0.009958849289,0.008428783156,-0.001608163118,0.001830046531,1
0.009958849289,0.008285619318,-0.001619443647,0.001743648201,1
0.009958849289,0.008142455481,-0.001774867065,0.001859322307,1
0.009958849289,0.007999291644,-0.001839946141,0.001887077116,1
0.009958849289,0.007856126875,-0.001712228521,0.001864120946,2
0.009958849289,0.007712963037,-0.001644968754,0.001602568314,1
0.009958849289,0.0075697992,-0.001628837897,0.001367073157,1
0.009958849289,0.007426635362,-0.001634299639,0.001445377828,1
0.009958849289,0.007283471059,-0.001762216329,0.001609668019,1
0.009958849289,0.007140307222,-0.001766469912,0.00178766693,1
0.009958849289,0.006997142918,-0.00171165145,0.001908211038,1
0.009958849289,0.006853979081,-0.001717844279,0.001592203858,1
0.009958849289,0.006710814778,-0.001695963321,0.001613764791,1
0.009958849289,0.00656765094,-0.001664030831,0.001771588344,1
0.009958849289,0.006424486637,-0.00167675328,0.001798991696,1
0.009958849289,0.0062813228,-0.001762205386,0.001581320888,1
0.009958849289,0.006138158496,-0.001799738733,0.00179380388,1
0.009958849289,0.005994994659,-0.001659555244,0.002108778106,2
0.009958849289,0.005851830821,-0.001573676942,0.002300478518,1
0.009958849289,0.005708666518,-0.001364394906,0.001983978553,1
0.009958849289,0.005565502681,-0.001324883429,0.001913340064,1
0.009958849289,0.005422338378,-0.001404009643,0.001917733229,1
0.009958849289,0.00527917454,-0.00156364881,0.001923683099,1
0.009958849289,0.005136010237,-0.001627628575,0.001844663406,1
0.009958849289,0.0049928464,-0.001588797546,0.001851862529,1
0.009958849289,0.004849682096,-0.001629719744,0.001937462483,1
0.009958849289,0.004706518259,-0.001664091949,0.001925937482,1
0.009958849289,0.004563353956,-0.001377254957,0.001721320092,1
0.009958849289,0.004420190118,-0.00120883598,0.001927228644,1
0.009958849289,0.004277025815,-0.001599910087,0.001870448119,1
0.009958849289,0.004133861978,-0.001251425245,0.001751948148,1
0.009958849289,0.00399069814,-0.001222373103,0.001681465073,1
0.009958849289,0.003847533837,-0.001202140236,0.001704046503,1
0.009958849289,0.003704369767,-0.001169946161,0.001837432734,2
0.009958849289,0.003561205696,-0.001231224975,0.002016149228,1
0.009958849289,0.003418041626,-0.001273576403,0.001972271362,1
0.009958849289,0.003274877556,-0.001092831604,0.001835139235,1
0.009958849289,0.003131713718,-0.0003346035955,0.001662841532,1
0.009958849289,0.002988549648,-4.358809383e-05,0.001684543327,1
0.009958849289,0.002845385578,-0.0005482892157,0.001309545245,1
0.009958849289,0.002702221507,-0.0008822036907,0.00143550639,3
0.009958849289,0.002559057437,-0.0007430325495,0.001768907649,2
0.009958849289,0.002415893367,-0.0006652892334,0.001856937888,2
0.009958849289,0.002272729296,-0.0006109459791,0.00186314364,2
0.009958849289,0.002129565226,-0.0005749150878,0.001403065398,1
0.009958849289,0.001986401156,-0.0005968456971,0.001398782595,1
0.009958849289,0.001843237202,-0.0005889182212,0.001589829684,1
0.009958849289,0.001700073131,-0.0005666523357,0.001888535917,1
0.009958849289,0.001556909061,-0.0005685613723,0.001914101071,1
0.009958849289,0.001413744991,-0.0002515057276,0.001732816803,1
0.009958849289,0.00127058092,-0.0004756626149,0.001599815092,2
0.009958849289,0.00112741685,-0.0004825290234,0.00166516949,1
0.009958849289,0.0009842528962,-0.0004764677433,0.001673874911,1
0.009958849289,0.0008410888258,-0.000930866634,0.001456791419,1
0.009958849289,0.0006979247555,-0.0008570888895,0.0016047518,1
0.009958849289,0.0005547606852,-0.0008201426244,0.001584340585,1
0.009958849289,0.000411596644,-0.0004428779357,0.001057939022,1
0.009958849289,0.0002684326028,-0.0002782627125,0.001170861535,1
0.009958849289,0.000125268547,-7.529481081e-05,0.0014644576,1
0.01010201313,0.01916608773,-0.003799145343,0.00153882103,1
0.01010201313,0.01902292296,-0.002936593024,0.001616372843,1
0.01010201313,0.01887976006,-0.003415944986,0.002151408233,1
0.01010201313,0.01873659529,-0.003536355915,0.002220340772,1
0.01010201313,0.01859343052,-0.003648705548,0.002204363933,1
0.01010201313,0.01845026761,-0.003561658785,0.002005457645,1
0.01010201313,0.01830710284,-0.003248936497,0.002172872657,1
0.01010201313,0.01816393808,-0.003598987823,0.002522505354,1
0.01010201313,0.01802077517,-0.003865128383,0.002580967033,1
0.01010201313,0.0178776104,-0.003424310358,0.002634412609,1
0.01010201313,0.01773444749,-0.003604971571,0.003086638637,1
0.01010201313,0.01759128273,-0.003572533838,0.003005087608,1
0.01010201313,0.01744811796,-0.003269357374,0.002607040573,2
0.01010201313,0.01730495505,-0.003000514582,0.002820176072,1
0.01010201313,0.01716179028,-0.002837149426,0.0035877747,1
0.01010201313,0.01701862738,-0.002863348695,0.002706687432,1
0.01010201313,0.01687546261,-0.003421377856,0.003025448648,1
0.01010201313,0.01673229784,-0.003488080576,0.003189363284,1
0.01010201313,0.01658913493,-0.003590370296,0.003317122813,1
0.01010201313,0.01644597016,-0.003755439539,0.003267677035,1
0.01010201313,0.01630280726,-0.003851429559,0.003382968483,1
0.01010201313,0.01615964249,-0.003761559492,0.003466236172,1
0.01010201313,0.01601647772,-0.003418990644,0.003392455867,1
0.01010201313,0.01587331481,-0.002952579409,0.003125761636,1
0.01010201313,0.01573015004,-0.003097011475,0.003125779564,1
0.01010201313,0.01558698621,-0.003292341018,0.003227308393,1
0.01010201313,0.01544382237,-0.002902433742,0.002964013023,1
0.01010201313,0.0153006576,-0.002927936846,0.002764483215,1
0.01010201313,0.01515749376,-0.002935658675,0.002902544336,1
0.01010201313,0.01501432993,-0.002890292089,0.002983134473,1
0.01010201313,0.01487116609,-0.002923871158,0.003297204617,1
0.01010201313,0.01472800132,-0.002873722697,0.003173268633,1
0.01010201313,0.01458483748,-0.002662706422,0.003086437006,1
0.01010201313,0.01444167364,-0.002557151252,0.002972547663,1
0.01010201313,0.01429850981,-0.002439895179,0.002936974168,1
0.01010201313,0.01415534597,-0.002443565754,0.002905782312,1
0.01010201313,0.0140121812,-0.002487026621,0.002755644498,1
0.01010201313,0.01386901736,-0.002374137053,0.002681978513,1
0.01010201313,0.01372585353,-0.002260498237,0.003002121812,1
0.01010201313,0.01358268969,-0.00218181964,0.002885991707,1
0.01010201313,0.01343952492,-0.00208968739,0.002725471277,1
0.01010201313,0.01329636108,-0.001954017207,0.002831975464,1
0.01010201313,0.01315319724,-0.001888951985,0.002713726135,1
0.01010201313,0.01301003341,-0.001835604897,0.002691012574,1
0.01010201313,0.01286686864,-0.001728802687,0.002656395547,1
0.01010201313,0.0127237048,-0.001900759526,0.00283237407,1
0.01010201313,0.01258054096,-0.001883611782,0.002834255341,1
0.01010201313,0.01243737713,-0.002011122182,0.002818031469,1
0.01010201313,0.01229421329,-0.001960765105,0.002504761564,1
0.01010201313,0.01215104852,-0.001897764509,0.002243115334,1
0.01010201313,0.01200788468,-0.001893745619,0.002154360991,1
0.01010201313,0.01186472084,-0.001943713869,0.002211085754,1
0.01010201313,0.01172155701,-0.001951023703,0.002225763863,1
0.01010201313,0.01157839224,-0.001876215916,0.002215327695,1
0.01010201313,0.0114352284,-0.001673148829,0.002277057385,1
0.01010201313,0.01129206456,-0.001768391463,0.002149784006,1
0.01010201313,0.01114890072,-0.00182127743,0.001930635772,1
0.01010201313,0.01100573689,-0.001817754121,0.001962832408,1
0.01010201313,0.01086257212,-0.001583876205,0.002044544555,1
0.01010201313,0.01071940828,-0.00169276516,0.002212063642,1
0.01010201313,0.01057624444,-0.001734120655,0.002265400952,1
0.01010201313,0.01043308061,-0.001611068961,0.002201022115,1
0.01010201313,0.01028991584,-0.001347600832,0.002174616326,1
0.01010201313,0.010146752,-0.001704833936,0.001868078136,1
0.01010201313,0.01000358816,-0.001562473713,0.00184532092,1
0.01010201313,0.009860424325,-0.001320250332,0.001967587043,1
0.01010201313,0.009717259556,-0.00140420557,0.001980204368,1
0.01010201313,0.009574095719,-0.001430362696,0.001878746785,1
0.01010201313,0.009430931881,-0.001568471896,0.001983088907,1
0.01010201313,0.009287768044,-0.001604147488,0.001963002142,1
0.01010201313,0.009144604206,-0.001629519276,0.001959143905,1
0.01010201313,0.009001439437,-0.001906611607,0.001948983525,1
0.01010201313,0.0088582756,-0.001884193276,0.001914841821,1
0.01010201313,0.008715111762,-0.001611416228,0.002321987413,1
0.01010201313,0.008571947925,-0.001757148071,0.002098339377,1
0.01010201313,0.008428783156,-0.001709695323,0.001697783242,1
0.01010201313,0.008285619318,-0.001707633724,0.001597689115,1
0.01010201313,0.008142455481,-0.001848659478,0.001929678023,1
0.01010201313,0.007999291644,-0.001856209827,0.001933101914,1
0.01010201313,0.007856126875,-0.001682356582,0.002300809836,1
0.01010201313,0.007712963037,-0.001689565717,0.002166511025,1
0.01010201313,0.0075697992,-0.001614768989,0.001444113674,1
0.01010201313,0.007426635362,-0.001712341094,0.001682605944,1
0.01010201313,0.007283471059,-0.001887673978,0.001911996864,1
0.01010201313,0.007140307222,-0.00161097513,0.002092536306,1
0.01010201313,0.006997142918,-0.001777788275,0.001818977762,1
0.01010201313,0.006853979081,-0.001583336387,0.001622009557,1
0.01010201313,0.006710814778,-0.001425525057,0.001699720393,1
0.01010201313,0.00656765094,-0.001666310593,0.001875618822,1
0.01010201313,0.006424486637,-0.001632541302,0.001957164844,1
0.01010201313,0.0062813228,-0.001842435682,0.001913464162,1
0.01010201313,0.006138158496,-0.001828800421,0.001943625044,1
0.01010201313,0.005994994659,-0.001583415549,0.00206107134,2
0.01010201313,0.005851830821,-0.00119983987,0.002091083676,1
0.01010201313,0.005708666518,-0.001302797813,0.001983858179,1
0.01010201313,0.005565502681,-0.001309456769,0.001991589786,1
0.01010201313,0.005422338378,-0.001238142257,0.00199278607,1
0.01010201313,0.00527917454,-0.001516361488,0.00195528008,1
0.01010201313,0.005136010237,-0.001551232999,0.001885499922,1
0.01010201313,0.0049928464,-0.001565625076,0.001833912218,1
0.01010201313,0.004849682096,-0.001284049591,0.00190772186,1
0.01010201313,0.004706518259,-0.001309476676,0.001935650245,1
0.01010201313,0.004563353956,-0.001356971799,0.001656826586,1
0.01010201313,0.004420190118,-0.001168798073,0.001640953822,1
0.01010201313,0.004277025815,-0.001142336987,0.001658469904,1
0.01010201313,0.004133861978,-0.001177112572,0.001674211351,1
0.01010201313,0.00399069814,-0.001214178163,0.001681877067,1
0.01010201313,0.003847533837,-0.001241623308,0.001731255092,1
0.01010201313,0.003704369767,-0.001260895398,0.001711468329,1
0.01010201313,0.003561205696,-0.001272766152,0.001937838621,1
0.01010201313,0.003418041626,-0.00123483513,0.002066961024,1
0.01010201313,0.003274877556,-0.0007918319898,0.001853518421,1
0.01010201313,0.003131713718,-0.0004437908938,0.001695548999,1
0.01010201313,0.002988549648,-0.0003546821827,0.001715845428,1
0.01010201313,0.002845385578,-0.0006679251674,0.001668109908,2
0.01010201313,0.002702221507,-0.000742162636,0.001742155873,2
0.01010201313,0.002559057437,-0.0004463115765,0.001943888841,1
0.01010201313,0.002415893367,-0.0004734641116,0.001855173032,1
0.01010201313,0.002272729296,-0.0004839990288,0.001795633347,1
0.01010201313,0.002129565226,-0.0005808080314,0.001742519555,1
0.01010201313,0.001986401156,-0.0006539200549,0.001577427494,1
0.01010201313,0.001843237202,-0.0005569837522,0.001449484727,1
0.01010201313,0.001700073131,-0.0002616260899,0.001924253535,1
0.01010201313,0.001556909061,-0.0002945253218,0.001998411957,1
0.01010201313,0.001413744991,-0.0004695388197,0.001822437975,1
0.01010201313,0.00127058092,-0.0005853556795,0.001320163603,1
0.01010201313,0.00112741685,-0.0005327783874,0.001585986931,1
0.01010201313,0.0009842528962,-0.0005276339361,0.001593245892,1
0.01010201313,0.0008410888258,-0.0007152906619,0.001557971933,1
0.01010201313,0.0006979247555,-0.0007661186391,0.00148437731,1
0.01010201313,0.0005547606852,-0.0006610162091,0.001668256125,1
0.01010201313,0.000411596644,-0.0004397208104,0.001768815913,1
0.01010201313,0.0002684326028,-0.0005776972394,0.001779038692,1
0.01010201313,0.000125268547,-0.0003173565492,0.001746913418,1
0.01024517696,0.01916608773,-0.002850593068,0.002034117468,1
0.01024517696,0.01902292296,-0.002960723359,0.001651364262,1
0.01024517696,0.01887976006,-0.003259822726,0.002127401996,1
0.01024517696,0.01873659529,-0.003359199967,0.002234203275,1
0.01024517696,0.01859343052,-0.003445852548,0.002304132329,1
0.01024517696,0.01845026761,-0.003807458328,0.002371436451,1
0.01024517696,0.01830710284,-0.003717469517,0.002560358029,1
0.01024517696,0.01816393808,-0.003704155795,0.002782251919,1
0.01024517696,0.01802077517,-0.00367495534,0.00283798133,1
0.01024517696,0.0178776104,-0.003240665887,0.003367381636,1
0.01024517696,0.01773444749,-0.003552128095,0.003429147415,1
0.01024517696,0.01759128273,-0.003764479887,0.003277696902,1
0.01024517696,0.01744811796,-0.003480946645,0.002658834914,1
0.01024517696,0.01730495505,-0.003591948189,0.003924254794,1
0.01024517696,0.01716179028,-0.003649095539,0.003489952534,1
0.01024517696,0.01701862738,-0.003626748919,0.003530113259,1
0.01024517696,0.01687546261,-0.003489603288,0.003394619795,1
0.01024517696,0.01673229784,-0.003448659787,0.003419460729,1
0.01024517696,0.01658913493,-0.003685102565,0.00361941359,1
0.01024517696,0.01644597016,-0.003903983161,0.003458564635,1
0.01024517696,0.01630280726,-0.004183704965,0.00324586546,1
0.01024517696,0.01615964249,-0.004332333803,0.003578802338,1
0.01024517696,0.01601647772,-0.003869417822,0.003590815468,3
0.01024517696,0.01587331481,-0.002783897566,0.003177656326,1
0.01024517696,0.01573015004,-0.002780664712,0.002922744257,1
0.01024517696,0.01558698621,-0.002962020924,0.00340147526,1
0.01024517696,0.01544382237,-0.003026122693,0.003219154431,1
0.01024517696,0.0153006576,-0.002905511297,0.002926855581,1
0.01024517696,0.01515749376,-0.002938792342,0.002975426614,1
0.01024517696,0.01501432993,-0.002947851084,0.002973754192,1
0.01024517696,0.01487116609,-0.002524082782,0.003348536324,1
0.01024517696,0.01472800132,-0.002646298613,0.003111747792,1
0.01024517696,0.01458483748,-0.002445545048,0.002916786587,1
0.01024517696,0.01444167364,-0.002390355337,0.002855949569,1
0.01024517696,0.01429850981,-0.002506549004,0.002983910963,1
0.01024517696,0.01415534597,-0.002479092218,0.003082696116,1
0.01024517696,0.0140121812,-0.002441377612,0.002917128149,1
0.01024517696,0.01386901736,-0.002302334178,0.002963233739,1
0.01024517696,0.01372585353,-0.00220179907,0.003113176906,1
0.01024517696,0.01358268969,-0.002229149453,0.003137330757,1
0.01024517696,0.01343952492,-0.002162534278,0.003026662627,1
0.01024517696,0.01329636108,-0.002025312511,0.003000685479,1
0.01024517696,0.01315319724,-0.001978499815,0.002840846311,1
0.01024517696,0.01301003341,-0.001893708599,0.002821069676,1
0.01024517696,0.01286686864,-0.001648155856,0.002748330822,1
0.01024517696,0.0127237048,-0.001786578679,0.002921220381,1
0.01024517696,0.01258054096,-0.001806973829,0.002936967881,1
0.01024517696,0.01243737713,-0.001937834895,0.002837326843,3
0.01024517696,0.01229421329,-0.001904073288,0.002360797953,1
0.01024517696,0.01215104852,-0.001976331929,0.002352228155,1
0.01024517696,0.01200788468,-0.001975239953,0.002318571089,1
0.01024517696,0.01186472084,-0.001970080892,0.002400478814,1
0.01024517696,0.01172155701,-0.001894958783,0.002358274069,1
0.01024517696,0.01157839224,-0.001810219372,0.002319311723,1
0.01024517696,0.0114352284,-0.001677754335,0.002330684336,1
0.01024517696,0.01129206456,-0.001544693136,0.002113355789,1
0.01024517696,0.01114890072,-0.001723715221,0.00219828682,1
0.01024517696,0.01100573689,-0.00180322025,0.002214192413,1
0.01024517696,0.01086257212,-0.001774526783,0.002319304273,1
0.01024517696,0.01071940828,-0.001780937193,0.002411167836,1
0.01024517696,0.01057624444,-0.001771451207,0.002356262412,1
0.01024517696,0.01043308061,-0.001602967503,0.002314796206,1
0.01024517696,0.01028991584,-0.001317985705,0.002288610907,1
0.01024517696,0.010146752,-0.001432516961,0.002128585707,1
0.01024517696,0.01000358816,-0.001443431946,0.002164105186,1
0.01024517696,0.009860424325,-0.00144225813,0.002100214362,1
0.01024517696,0.009717259556,-0.001602430479,0.002112190006,1
0.01024517696,0.009574095719,-0.001586697414,0.002023667097,1
0.01024517696,0.009430931881,-0.001677648863,0.002035382204,1
0.01024517696,0.009287768044,-0.001789557515,0.002197950613,1
0.01024517696,0.009144604206,-0.001826251624,0.002231386723,1
0.01024517696,0.009001439437,-0.001845441759,0.002182558645,1
0.01024517696,0.0088582756,-0.001872293884,0.002180140465,1
0.01024517696,0.008715111762,-0.001820319449,0.002165631391,1
0.01024517696,0.008571947925,-0.001810670597,0.002108707558,1
0.01024517696,0.008428783156,-0.001616292051,0.001753393561,1
0.01024517696,0.008285619318,-0.001551808207,0.001647268189,1
0.01024517696,0.008142455481,-0.001877423609,0.002095665084,1
0.01024517696,0.007999291644,-0.001882691286,0.002187200822,1
0.01024517696,0.007856126875,-0.001848069369,0.002358655212,1
0.01024517696,0.007712963037,-0.001659598784,0.002022184897,1
0.01024517696,0.0075697992,-0.001710169716,0.00188616896,1
0.01024517696,0.007426635362,-0.002017276362,0.00235642842,3
0.01024517696,0.007283471059,-0.002021702472,0.002249356825,1
0.01024517696,0.007140307222,-0.001560169039,0.002610263648,1
0.01024517696,0.006997142918,-0.001645959215,0.001973163337,1
0.01024517696,0.006853979081,-0.001502476516,0.001790611306,1
0.01024517696,0.006710814778,-0.001441822504,0.00175519567,1
0.01024517696,0.00656765094,-0.001609481522,0.001840956626,1
0.01024517696,0.006424486637,-0.001597826369,0.001802607439,1
0.01024517696,0.0062813228,-0.001405738411,0.001931200619,1
0.01024517696,0.006138158496,-0.001546390937,0.002004279057,1
0.01024517696,0.005994994659,-0.001645466546,0.002100798301,1
0.01024517696,0.005851830821,-0.001467660652,0.00193963456,1
0.01024517696,0.005708666518,-0.001368387486,0.002131704008,1
0.01024517696,0.005565502681,-0.00138773967,0.002159195021,1
0.01024517696,0.005422338378,-0.001348865335,0.002140155062,1
0.01024517696,0.00527917454,-0.00140749081,0.002265726915,1
0.01024517696,0.005136010237,-0.001437741914,0.002183205215,1
0.01024517696,0.0049928464,-0.001639862778,0.001878773677,1
0.01024517696,0.004849682096,-0.001627878752,0.001823468599,1
0.01024517696,0.004706518259,-0.001619660063,0.001864010352,1
0.01024517696,0.004563353956,-0.001648240723,0.00188133528,1
0.01024517696,0.004420190118,-0.001291760826,0.00172782084,1
0.01024517696,0.004277025815,-0.001280864351,0.001726424089,1
0.01024517696,0.004133861978,-0.001287093037,0.001694420469,1
0.01024517696,0.00399069814,-0.00123885111,0.001704026712,1
0.01024517696,0.003847533837,-0.001284495345,0.001816302887,1
0.01024517696,0.003704369767,-0.001286486397,0.001728203497,1
0.01024517696,0.003561205696,-0.001273396192,0.001817062846,1
0.01024517696,0.003418041626,-0.001286794781,0.002064880915,1
0.01024517696,0.003274877556,-0.001006465638,0.001927818521,2
0.01024517696,0.003131713718,-0.0008544866578,0.002070376417,1
0.01024517696,0.002988549648,-0.000919011829,0.00189611793,1
0.01024517696,0.002845385578,-0.001026566606,0.001904892968,1
0.01024517696,0.002702221507,-0.0009722100804,0.001921118121,1
0.01024517696,0.002559057437,-0.0007172364276,0.001973415958,1
0.01024517696,0.002415893367,-0.0007245094748,0.001840677811,1
0.01024517696,0.002272729296,-0.0006239949726,0.001754842815,1
0.01024517696,0.002129565226,-0.0005663022748,0.001792685362,1
0.01024517696,0.001986401156,-0.0007750091027,0.00199653767,1
0.01024517696,0.001843237202,-0.0002033811761,0.001832273905,1
0.01024517696,0.001700073131,-0.0003321242402,0.002039234852,1
0.01024517696,0.001556909061,-0.0003698097134,0.002056260128,1
0.01024517696,0.001413744991,-0.0004563311813,0.001883043558,1
0.01024517696,0.00127058092,-0.0006567065138,0.001708903699,1
0.01024517696,0.00112741685,-0.0006242031814,0.001625645906,1
0.01024517696,0.0009842528962,-0.0005476691877,0.001615784597,1
0.01024517696,0.0008410888258,-0.0005746436073,0.001647050842,1
0.01024517696,0.0006979247555,-0.0006338368985,0.001570273074,1
0.01024517696,0.0005547606852,-0.0006787868333,0.001578732627,1
0.01024517696,0.000411596644,-0.0002429821907,0.001568178646,1
0.01024517696,0.0002684326028,-0.0003843570594,0.00176566001,1
0.01024517696,0.000125268547,2.110833975e-06,0.001801955397,1
0.01038834173,0.01916608773,-0.002921519801,0.002354545752,2
0.01038834173,0.01902292296,-0.002794497181,0.002222568262,1
0.01038834173,0.01887976006,-0.002866113558,0.00197563367,1
0.01038834173,0.01873659529,-0.003002004465,0.00197942974,1
0.01038834173,0.01859343052,-0.003146668896,0.002244020579,1
0.01038834173,0.01845026761,-0.00321418629,0.002643949352,1
0.01038834173,0.01830710284,-0.003305061953,0.002821440576,2
0.01038834173,0.01816393808,-0.003340629861,0.002908729715,2
0.01038834173,0.01802077517,-0.003382358002,0.002882138593,1
0.01038834173,0.0178776104,-0.003361969255,0.003214268945,1
0.01038834173,0.01773444749,-0.003492009593,0.003576718504,1
0.01038834173,0.01759128273,-0.003700528992,0.003564195242,1
0.01038834173,0.01744811796,-0.003550348105,0.003216410289,1
0.01038834173,0.01730495505,-0.003668534104,0.003527977969,1
0.01038834173,0.01716179028,-0.00388129917,0.003902557539,1
0.01038834173,0.01701862738,-0.003795549273,0.004065078218,1
0.01038834173,0.01687546261,-0.003344347468,0.003821726888,1
0.01038834173,0.01673229784,-0.003467777278,0.003742372384,2
0.01038834173,0.01658913493,-0.003664144548,0.004126411397,1
0.01038834173,0.01644597016,-0.003990118857,0.003738257335,1
0.01038834173,0.01630280726,-0.004295240622,0.003796670586,1
0.01038834173,0.01615964249,-0.003756577615,0.0036649229,1
0.01038834173,0.01601647772,-0.003528288566,0.003546500346,1
0.01038834173,0.01587331481,-0.00320044253,0.003330683103,2
0.01038834173,0.01573015004,-0.003145388793,0.003138581058,1
0.01038834173,0.01558698621,-0.003257971257,0.003461911809,1
0.01038834173,0.01544382237,-0.002831792459,0.0033916377,1
0.01038834173,0.0153006576,-0.002995333634,0.003201597836,2
0.01038834173,0.01515749376,-0.002961946884,0.003074826207,1
0.01038834173,0.01501432993,-0.002969170688,0.003017532639,1
0.01038834173,0.01487116609,-0.002646363806,0.00317551475,2
0.01038834173,0.01472800132,-0.002549645258,0.00312873954,1
0.01038834173,0.01458483748,-0.002500557108,0.002891117241,1
0.01038834173,0.01444167364,-0.002479441231,0.002754845889,1
0.01038834173,0.01429850981,-0.002494806889,0.003025905229,1
0.01038834173,0.01415534597,-0.002485793084,0.002926989459,1
0.01038834173,0.0140121812,-0.002542746486,0.003115972038,2
0.01038834173,0.01386901736,-0.002313504228,0.003195530036,1
0.01038834173,0.01372585353,-0.002252103062,0.003265640931,1
0.01038834173,0.01358268969,-0.002202111995,0.003325900529,1
0.01038834173,0.01343952492,-0.002137387404,0.003237625351,1
0.01038834173,0.01329636108,-0.002061537933,0.003169990378,1
0.01038834173,0.01315319724,-0.002000303473,0.002988933353,1
0.01038834173,0.01301003341,-0.002097171964,0.002837938722,1
0.01038834173,0.01286686864,-0.001798846526,0.002571034478,1
0.01038834173,0.0127237048,-0.001708396128,0.002814271254,1
0.01038834173,0.01258054096,-0.001725795795,0.002792054089,1
0.01038834173,0.01243737713,-0.002168696141,0.002462632023,1
0.01038834173,0.01229421329,-0.002027290408,0.002615622245,1
0.01038834173,0.01215104852,-0.001855736598,0.002260091016,1
0.01038834173,0.01200788468,-0.002108151559,0.00200670003,1
0.01038834173,0.01186472084,-0.001932852087,0.002565673087,2
0.01038834173,0.01172155701,-0.001893455046,0.002557122614,1
0.01038834173,0.01157839224,-0.001919510541,0.002124354243,1
0.01038834173,0.0114352284,-0.0020058183,0.002146724612,1
0.01038834173,0.01129206456,-0.001509938273,0.002277663676,1
0.01038834173,0.01114890072,-0.001678190543,0.002351878909,1
0.01038834173,0.01100573689,-0.001783589949,0.002277095104,1
0.01038834173,0.01086257212,-0.001880792086,0.002396500902,1
0.01038834173,0.01071940828,-0.001763027743,0.00249370886,1
0.01038834173,0.01057624444,-0.00157282257,0.002444036771,1
0.01038834173,0.01043308061,-0.001460403088,0.002448124811,1
0.01038834173,0.01028991584,-0.001844363287,0.002287096111,1
0.01038834173,0.010146752,-0.001441147411,0.002272144426,1
0.01038834173,0.01000358816,-0.001862648292,0.002362969564,1
0.01038834173,0.009860424325,-0.00191907736,0.002341342391,1
0.01038834173,0.009717259556,-0.001686578966,0.002252143575,1
0.01038834173,0.009574095719,-0.001651021885,0.002162256278,1
0.01038834173,0.009430931881,-0.001694892184,0.00208459748,1
0.01038834173,0.009287768044,-0.001748858485,0.002210826846,1
0.01038834173,0.009144604206,-0.001796475262,0.002407412278,1
0.01038834173,0.009001439437,-0.001971166814,0.002353109187,1
0.01038834173,0.0088582756,-0.002051474759,0.002271580976,1
0.01038834173,0.008715111762,-0.001830148045,0.002251480706,1
0.01038834173,0.008571947925,-0.001826212625,0.002158998046,1
0.01038834173,0.008428783156,-0.001735450933,0.001952418359,1
0.01038834173,0.008285619318,-0.001578844967,0.002045141999,1
0.01038834173,0.008142455481,-0.001775083016,0.002180219628,1
0.01038834173,0.007999291644,-0.001942154486,0.0023248496,1
0.01038834173,0.007856126875,-0.00191432063,0.002296327846,1
0.01038834173,0.007712963037,-0.001841726829,0.002200659597,1
0.01038834173,0.0075697992,-0.001747657894,0.002155750757,1
0.01038834173,0.007426635362,-0.001620922587,0.00312018604,1
0.01038834173,0.007283471059,-0.001680430956,0.00261207181,1
0.01038834173,0.007140307222,-0.00184163847,0.002360724378,1
0.01038834173,0.006997142918,-0.001374934451,0.002197629306,1
0.01038834173,0.006853979081,-0.00145114481,0.001948933234,1
0.01038834173,0.006710814778,-0.001623018994,0.001786692999,1
0.01038834173,0.00656765094,-0.001529012807,0.001737277955,1
0.01038834173,0.006424486637,-0.001592983608,0.001807231456,1
0.01038834173,0.0062813228,-0.001290684799,0.001908472506,1
0.01038834173,0.006138158496,-0.00140687474,0.002015764825,1
0.01038834173,0.005994994659,-0.001618043403,0.002119102981,1
0.01038834173,0.005851830821,-0.001494630589,0.00201942469,1
0.01038834173,0.005708666518,-0.001384087838,0.002163170604,1
0.01038834173,0.005565502681,-0.001511857961,0.002143196296,1
0.01038834173,0.005422338378,-0.001508548972,0.002144388622,1
0.01038834173,0.00527917454,-0.001442151377,0.002171448898,1
0.01038834173,0.005136010237,-0.001373488223,0.00209297589,1
0.01038834173,0.0049928464,-0.001274005859,0.001812928938,1
0.01038834173,0.004849682096,-0.001307112747,0.001604262507,1
0.01038834173,0.004706518259,-0.001176828635,0.001606188715,1
0.01038834173,0.004563353956,-0.001300486503,0.001708013588,1
0.01038834173,0.004420190118,-0.001526772161,0.001824531471,1
0.01038834173,0.004277025815,-0.001361572649,0.001842075144,1
0.01038834173,0.004133861978,-0.001335103065,0.001772481599,1
0.01038834173,0.00399069814,-0.001305800513,0.001738254214,1
0.01038834173,0.003847533837,-0.001442960231,0.001844598795,1
0.01038834173,0.003704369767,-0.001509013237,0.001805483131,1
0.01038834173,0.003561205696,-0.0009509362862,0.001923588687,1
0.01038834173,0.003418041626,-0.001210384537,0.001781895058,1
0.01038834173,0.003274877556,-0.001092748949,0.001722498215,1
0.01038834173,0.003131713718,-0.0009464587783,0.001839324366,1
0.01038834173,0.002988549648,-0.001120573143,0.001996848732,1
0.01038834173,0.002845385578,-0.001167798764,0.002043833025,1
0.01038834173,0.002702221507,-0.001045838115,0.001986225834,1
0.01038834173,0.002559057437,-0.0008501427947,0.001935006701,1
0.01038834173,0.002415893367,-0.0008579304558,0.001814697986,1
0.01038834173,0.002272729296,-0.0008170414367,0.001579525415,1
0.01038834173,0.002129565226,-0.0007017592434,0.001597274328,1
0.01038834173,0.001986401156,-0.000577031984,0.002062472282,1
0.01038834173,0.001843237202,-0.0008970146882,0.001829744549,1
0.01038834173,0.001700073131,-0.0008320750785,0.002257944318,1
0.01038834173,0.001556909061,-0.000790605729,0.002221896313,1
0.01038834173,0.001413744991,-0.0007977971109,0.001909566345,1
0.01038834173,0.00127058092,-0.0006802032003,0.001784554683,1
0.01038834173,0.00112741685,-0.0006023576134,0.001694670063,1
0.01038834173,0.0009842528962,-0.0006290160818,0.001596993185,1
0.01038834173,0.0008410888258,-0.0006265061093,0.001585924067,1
0.01038834173,0.0006979247555,-0.0006831755745,0.001459967927,1
0.01038834173,0.0005547606852,-0.0006871483056,0.001574515481,1
0.01038834173,0.000411596644,-0.0004018196487,0.001489215181,1
0.01038834173,0.0002684326028,-0.0002461328986,0.001674070023,1
0.01038834173,0.000125268547,-0.0001664342708,0.00175062276,2
0.01053150557,0.01916608773,-0.003119469853,0.00280695199,2
0.01053150557,0.01902292296,-0.002870454919,0.002611106029,1
0.01053150557,0.01887976006,-0.002838291926,0.002209580969,1
0.01053150557,0.01873659529,-0.003212249838,0.001895784633,1
0.01053150557,0.01859343052,-0.002964188345,0.002058223123,1
0.01053150557,0.01845026761,-0.002865612507,0.003050082596,1
0.01053150557,0.01830710284,-0.002947961912,0.003172725672,1
0.01053150557,0.01816393808,-0.002970943227,0.003149087308,1
0.01053150557,0.01802077517,-0.003230054397,0.002929979935,1
0.01053150557,0.0178776104,-0.003520499216,0.003119921079,1
0.01053150557,0.01773444749,-0.003765556961,0.003417852102,1
0.01053150557,0.01759128273,-0.00392719917,0.003602618119,1
0.01053150557,0.01744811796,-0.003738094354,0.003675795626,1
0.01053150557,0.01730495505,-0.003800306702,0.003861886216,1
0.01053150557,0.01716179028,-0.003673420055,0.004210948478,1
0.01053150557,0.01701862738,-0.003638118971,0.00451062806,1
0.01053150557,0.01687546261,-0.003583670128,0.004006030504,1
0.01053150557,0.01673229784,-0.003413957544,0.003601890057,1
0.01053150557,0.01658913493,-0.003469800577,0.003461038228,1
0.01053150557,0.01644597016,-0.003870290238,0.003475027857,1
0.01053150557,0.01630280726,-0.004053539596,0.003521500388,1
0.01053150557,0.01615964249,-0.003694626968,0.003531926777,1
0.01053150557,0.01601647772,-0.003571058158,0.003686152166,1
0.01053150557,0.01587331481,-0.003344195429,0.003459994216,1
0.01053150557,0.01573015004,-0.003586646868,0.003562426893,1
0.01053150557,0.01558698621,-0.00357047678,0.003588918364,1
0.01053150557,0.01544382237,-0.003309688764,0.00345012336,1
0.01053150557,0.0153006576,-0.003282083431,0.003413072089,1
0.01053150557,0.01515749376,-0.003431248479,0.002932240255,1
0.01053150557,0.01501432993,-0.002726925071,0.003250612179,1
0.01053150557,0.01487116609,-0.002542556729,0.003207250265,1
0.01053150557,0.01472800132,-0.002473932924,0.003315688577,1
0.01053150557,0.01458483748,-0.002648933092,0.003227459034,1
0.01053150557,0.01444167364,-0.00285104732,0.003223109292,1
0.01053150557,0.01429850981,-0.002519372385,0.003195780329,1
0.01053150557,0.01415534597,-0.00243714801,0.002948036185,1
0.01053150557,0.0140121812,-0.002930311952,0.003424240276,1
0.01053150557,0.01386901736,-0.00269954023,0.003301718971,1
0.01053150557,0.01372585353,-0.002613706514,0.003332595574,1
0.01053150557,0.01358268969,-0.002455083886,0.003377330257,1
0.01053150557,0.01343952492,-0.0021629564,0.003364674747,1
0.01053150557,0.01329636108,-0.001929727499,0.003129230347,1
0.01053150557,0.01315319724,-0.001926751225,0.002962360391,1
0.01053150557,0.01301003341,-0.002132386668,0.002956294687,1
0.01053150557,0.01286686864,-0.001576244016,0.002638638951,1
0.01053150557,0.0127237048,-0.001914200722,0.002915150486,1
0.01053150557,0.01258054096,-0.001986249117,0.002875071252,1
0.01053150557,0.01243737713,-0.00220036786,0.002891695127,1
0.01053150557,0.01229421329,-0.002344580367,0.002967158798,1
0.01053150557,0.01215104852,-0.001970281592,0.002621134277,1
0.01053150557,0.01200788468,-0.001883283956,0.00330320443,1
0.01053150557,0.01186472084,-0.001759720617,0.00329839089,1
0.01053150557,0.01172155701,-0.002068853471,0.002629832132,1
0.01053150557,0.01157839224,-0.001826184103,0.002574751852,2
0.01053150557,0.0114352284,-0.001684578834,0.002708817832,1
0.01053150557,0.01129206456,-0.001685774769,0.002726691775,1
0.01053150557,0.01114890072,-0.001656143693,0.002501478884,1
0.01053150557,0.01100573689,-0.001672608429,0.002317087492,1
0.01053150557,0.01086257212,-0.001804516418,0.00238129613,1
0.01053150557,0.01071940828,-0.001792760217,0.00244861329,1
0.01053150557,0.01057624444,-0.001619585208,0.002438695868,1
0.01053150557,0.01043308061,-0.001498875092,0.002445549238,1
0.01053150557,0.01028991584,-0.001246059197,0.002391376533,1
0.01053150557,0.010146752,-0.001331935986,0.002361071063,1
0.01053150557,0.01000358816,-0.001889382373,0.002487829421,1
0.01053150557,0.009860424325,-0.001960285474,0.00245575048,1
0.01053150557,0.009717259556,-0.00178381789,0.002322045155,1
0.01053150557,0.009574095719,-0.001772169373,0.00227459264,1
0.01053150557,0.009430931881,-0.001649081591,0.002228380647,1
0.01053150557,0.009287768044,-0.001694468083,0.002260766458,1
0.01053150557,0.009144604206,-0.001756162615,0.002546103904,1
0.01053150557,0.009001439437,-0.001885215635,0.002466854407,1
0.01053150557,0.0088582756,-0.001894239685,0.002254477702,1
0.01053150557,0.008715111762,-0.001681449939,0.00234485371,1
0.01053150557,0.008571947925,-0.001638563583,0.002349350601,1
0.01053150557,0.008428783156,-0.001601851895,0.002203620737,1
0.01053150557,0.008285619318,-0.001566079794,0.002178562107,1
0.01053150557,0.008142455481,-0.001577708172,0.002154566115,1
0.01053150557,0.007999291644,-0.001879837364,0.002420607721,1
0.01053150557,0.007856126875,-0.001885010395,0.002318998566,1
0.01053150557,0.007712963037,-0.001895944937,0.002316777594,1
0.01053150557,0.0075697992,-0.00188038405,0.002200168092,1
0.01053150557,0.007426635362,-0.001512934221,0.002591883997,2
0.01053150557,0.007283471059,-0.001651081257,0.002596716397,2
0.01053150557,0.007140307222,-0.001859771553,0.002579076448,1
0.01053150557,0.006997142918,-0.001745316782,0.002192210872,1
0.01053150557,0.006853979081,-0.00153924129,0.001821908518,1
0.01053150557,0.006710814778,-0.001511208829,0.001832141425,1
0.01053150557,0.00656765094,-0.001528204302,0.001872542198,1
0.01053150557,0.006424486637,-0.001496561687,0.002222506329,1
0.01053150557,0.0062813228,-0.00157836033,0.001929357415,1
0.01053150557,0.006138158496,-0.001554853632,0.001956459368,1
0.01053150557,0.005994994659,-0.001477044309,0.002078972291,1
0.01053150557,0.005851830821,-0.001340066316,0.002094283001,1
0.01053150557,0.005708666518,-0.001332067885,0.001951824408,1
0.01053150557,0.005565502681,-0.001457770122,0.002082662657,1
0.01053150557,0.005422338378,-0.001582286553,0.00217798329,1
0.01053150557,0.00527917454,-0.001490902505,0.002141376957,1
0.01053150557,0.005136010237,-0.001340512885,0.002077738289,1
0.01053150557,0.0049928464,-0.00117345585,0.00181937567,1
0.01053150557,0.004849682096,-0.001126533374,0.001592061599,1
0.01053150557,0.004706518259,-0.000901811698,0.001640437637,1
0.01053150557,0.004563353956,-0.001222467166,0.00176827109,1
0.01053150557,0.004420190118,-0.001544946572,0.001891998691,1
0.01053150557,0.004277025815,-0.00145078206,0.001782226725,1
0.01053150557,0.004133861978,-0.001408848213,0.00178284524,1
0.01053150557,0.00399069814,-0.001457214123,0.001859389013,1
0.01053150557,0.003847533837,-0.001498733996,0.00186669582,1
0.01053150557,0.003704369767,-0.001477768295,0.001866608975,1
0.01053150557,0.003561205696,-0.001432919875,0.001812451868,1
0.01053150557,0.003418041626,-0.001310216729,0.001792471041,1
0.01053150557,0.003274877556,-0.001234409981,0.001779930666,1
0.01053150557,0.003131713718,-0.00117012253,0.001939600334,1
0.01053150557,0.002988549648,-0.001078487956,0.002213618252,1
0.01053150557,0.002845385578,-0.001056284294,0.00221294607,1
0.01053150557,0.002702221507,-0.001004505786,0.001973665087,1
0.01053150557,0.002559057437,-0.0008702540654,0.001940210932,1
0.01053150557,0.002415893367,-0.0007878045435,0.001899046008,1
0.01053150557,0.002272729296,-0.0008094508084,0.001906744204,1
0.01053150557,0.002129565226,-0.0008319082553,0.001954588573,1
0.01053150557,0.001986401156,-0.0006448661443,0.002070141025,1
0.01053150557,0.001843237202,-0.000956602511,0.001817267039,1
0.01053150557,0.001700073131,-0.000925836619,0.002234521089,1
0.01053150557,0.001556909061,-0.0008886735886,0.002143957419,1
0.01053150557,0.001413744991,-0.0008839168004,0.001889505074,1
0.01053150557,0.00127058092,-0.0007336343988,0.001870763605,1
0.01053150557,0.00112741685,-0.0007145826239,0.001739842934,1
0.01053150557,0.0009842528962,-0.0008074138896,0.001666198717,1
0.01053150557,0.0008410888258,-0.0005048563471,0.001651141793,1
0.01053150557,0.0006979247555,-0.000517345441,0.001533283503,1
0.01053150557,0.0005547606852,-0.0008320838679,0.001508455956,1
0.01053150557,0.000411596644,-0.0008566135657,0.001482691499,1
0.01053150557,0.0002684326028,-0.0004400617036,0.001682044473,2
0.01053150557,0.000125268547,-0.0002552807564,0.001775842858,2
0.01067466941,0.01916608773,-0.003566434607,0.003455204191,2
0.01067466941,0.01902292296,-0.003400752554,0.00316833728,1
0.01067466941,0.01887976006,-0.003206883557,0.002798285801,1
0.01067466941,0.01873659529,-0.003153587459,0.00266258046,2
0.01067466941,0.01859343052,-0.00291044428,0.00286985375,2
0.01067466941,0.01845026761,-0.002793692984,0.003408854129,1
0.01067466941,0.01830710284,-0.003055324079,0.003502896521,1
0.01067466941,0.01816393808,-0.003114767373,0.003503229003,1
0.01067466941,0.01802077517,-0.003227263922,0.003305868478,1
0.01067466941,0.0178776104,-0.003578703618,0.003457210492,1
0.01067466941,0.01773444749,-0.003808300709,0.003535622498,1
0.01067466941,0.01759128273,-0.004019522574,0.00351767824,1
0.01067466941,0.01744811796,-0.003985106479,0.003763689194,1
0.01067466941,0.01730495505,-0.003805518849,0.004107574467,2
0.01067466941,0.01716179028,-0.003760571126,0.004726262763,1
0.01067466941,0.01701862738,-0.003460889449,0.004438682459,2
0.01067466941,0.01687546261,-0.003283068072,0.004160969984,1
0.01067466941,0.01673229784,-0.003740846179,0.003941028379,1
0.01067466941,0.01658913493,-0.003631004132,0.003410262521,1
0.01067466941,0.01644597016,-0.003553383052,0.003311132314,1
0.01067466941,0.01630280726,-0.003519498743,0.003222120693,1
0.01067466941,0.01615964249,-0.003597953124,0.003442721907,1
0.01067466941,0.01601647772,-0.003644885262,0.003808580572,1
0.01067466941,0.01587331481,-0.00383719895,0.003700909438,1
0.01067466941,0.01573015004,-0.003713098122,0.003764259163,1
0.01067466941,0.01558698621,-0.003615320893,0.00368118519,1
0.01067466941,0.01544382237,-0.003773104399,0.003616195871,1
0.01067466941,0.0153006576,-0.003659158945,0.003636030247,1
0.01067466941,0.01515749376,-0.003480994608,0.003428250551,1
0.01067466941,0.01501432993,-0.002759781433,0.003004404251,1
0.01067466941,0.01487116609,-0.002591470955,0.003004120197,1
0.01067466941,0.01472800132,-0.002521934453,0.003561222227,1
0.01067466941,0.01458483748,-0.002709722845,0.003584160004,1
0.01067466941,0.01444167364,-0.003092237748,0.003704214236,1
0.01067466941,0.01429850981,-0.002842725487,0.003315108828,1
0.01067466941,0.01415534597,-0.002813260769,0.002738277428,1
0.01067466941,0.0140121812,-0.00289845746,0.003630934283,1
0.01067466941,0.01386901736,-0.002736034105,0.003444115166,1
0.01067466941,0.01372585353,-0.002661903854,0.003446743824,1
0.01067466941,0.01358268969,-0.002372309798,0.003354561748,1
0.01067466941,0.01343952492,-0.002108972985,0.003161785891,1
0.01067466941,0.01329636108,-0.001912017236,0.002932148753,1
0.01067466941,0.01315319724,-0.001855315873,0.002916208934,1
0.01067466941,0.01301003341,-0.002053885721,0.003060925519,1
0.01067466941,0.01286686864,-0.001908440492,0.002959785517,1
0.01067466941,0.0127237048,-0.002041626256,0.003175466787,1
0.01067466941,0.01258054096,-0.00210600486,0.003126943717,1
0.01067466941,0.01243737713,-0.002255628118,0.003068249905,1
0.01067466941,0.01229421329,-0.002364238026,0.003098175861,1
0.01067466941,0.01215104852,-0.001948967343,0.002348679816,1
0.01067466941,0.01200788468,-0.001749771764,0.003453904996,1
0.01067466941,0.01186472084,-0.001756036654,0.003313993104,1
0.01067466941,0.01172155701,-0.001725333044,0.002867247909,1
0.01067466941,0.01157839224,-0.001631793566,0.002836002735,1
0.01067466941,0.0114352284,-0.00164748216,0.00293936301,1
0.01067466941,0.01129206456,-0.001815694617,0.002756605158,1
0.01067466941,0.01114890072,-0.001920685288,0.002560243011,1
0.01067466941,0.01100573689,-0.001683804905,0.002384698018,1
0.01067466941,0.01086257212,-0.00172017049,0.002176547423,1
0.01067466941,0.01071940828,-0.001725282287,0.002338053193,1
0.01067466941,0.01057624444,-0.001690946985,0.002535619773,2
0.01067466941,0.01043308061,-0.001816563774,0.002408308676,1
0.01067466941,0.01028991584,-0.001590115717,0.002290979493,1
0.01067466941,0.010146752,-0.001386713702,0.00239662407,1
0.01067466941,0.01000358816,-0.001572386245,0.002343089785,1
0.01067466941,0.009860424325,-0.001672359067,0.00234587118,1
0.01067466941,0.009717259556,-0.00186011754,0.002372541931,1
0.01067466941,0.009574095719,-0.001892115572,0.002407494932,1
0.01067466941,0.009430931881,-0.001814316027,0.002457328839,1
0.01067466941,0.009287768044,-0.001823192113,0.002454028232,1
0.01067466941,0.009144604206,-0.001845095423,0.003044417361,1
0.01067466941,0.009001439437,-0.001880202326,0.002950575668,1
0.01067466941,0.0088582756,-0.001929758699,0.002167849336,1
0.01067466941,0.008715111762,-0.001843689126,0.002275479259,1
0.01067466941,0.008571947925,-0.001727951108,0.002468272578,1
0.01067466941,0.008428783156,-0.001669335994,0.002491560066,1
0.01067466941,0.008285619318,-0.001595563022,0.002223142888,1
0.01067466941,0.008142455481,-0.001569083193,0.002189730061,1
0.01067466941,0.007999291644,-0.00170358899,0.002344501438,2
0.01067466941,0.007856126875,-0.001836445299,0.00238401792,1
0.01067466941,0.007712963037,-0.001905911369,0.002411011839,1
0.01067466941,0.0075697992,-0.001471340191,0.002386766952,1
0.01067466941,0.007426635362,-0.0008993487572,0.002450464992,1
0.01067466941,0.007283471059,-0.001551188179,0.002603834262,2
0.01067466941,0.007140307222,-0.001883921679,0.002656085417,1
0.01067466941,0.006997142918,-0.001887904364,0.002447541105,1
0.01067466941,0.006853979081,-0.001703777583,0.002015751787,1
0.01067466941,0.006710814778,-0.001677751308,0.00203835289,1
0.01067466941,0.00656765094,-0.001574366353,0.00193046988,1
0.01067466941,0.006424486637,-0.001420531422,0.002266546711,1
0.01067466941,0.0062813228,-0.001622684766,0.002025984228,1
0.01067466941,0.006138158496,-0.001530944486,0.00207670196,1
0.01067466941,0.005994994659,-0.001341670519,0.002209220314,1
0.01067466941,0.005851830821,-0.001261448837,0.002116971184,1
0.01067466941,0.005708666518,-0.001296370407,0.00202584709,1
0.01067466941,0.005565502681,-0.001352849533,0.002074088901,1
0.01067466941,0.005422338378,-0.001907363301,0.001933660591,1
0.01067466941,0.00527917454,-0.002092385897,0.002260040725,1
0.01067466941,0.005136010237,-0.001674760017,0.002119075973,1
0.01067466941,0.0049928464,-0.001209210022,0.001752277836,1
0.01067466941,0.004849682096,-0.001045968733,0.001897664857,1
0.01067466941,0.004706518259,-0.001077032648,0.002053857781,1
0.01067466941,0.004563353956,-0.001296775299,0.00201705005,1
0.01067466941,0.004420190118,-0.001563440077,0.001821398619,1
0.01067466941,0.004277025815,-0.001304271282,0.001896265894,1
0.01067466941,0.004133861978,-0.001621898729,0.001732083154,1
0.01067466941,0.00399069814,-0.001523299841,0.00181638496,1
0.01067466941,0.003847533837,-0.001516424469,0.001901653945,1
0.01067466941,0.003704369767,-0.001523861894,0.001899339608,1
0.01067466941,0.003561205696,-0.00108604494,0.001629145117,1
0.01067466941,0.003418041626,-0.001061791438,0.00166208786,1
0.01067466941,0.003274877556,-0.001331235515,0.002041547792,1
0.01067466941,0.003131713718,-0.001311856322,0.0021061101,1
0.01067466941,0.002988549648,-0.001135182683,0.002154494403,1
0.01067466941,0.002845385578,-0.001067715231,0.002169403015,1
0.01067466941,0.002702221507,-0.001209155074,0.002024310408,1
0.01067466941,0.002559057437,-0.001164246001,0.00201040064,1
0.01067466941,0.002415893367,-0.0008018431836,0.001955688233,1
0.01067466941,0.002272729296,-0.0007328899228,0.002051645424,1
0.01067466941,0.002129565226,-0.0007022413192,0.002140661702,1
0.01067466941,0.001986401156,-0.0008362189983,0.002314479323,1
0.01067466941,0.001843237202,-0.0008671655087,0.002167661907,1
0.01067466941,0.001700073131,-0.001197615173,0.001854210976,1
0.01067466941,0.001556909061,-0.0009026802727,0.001906994265,1
0.01067466941,0.001413744991,-0.0008717571618,0.001859001815,1
0.01067466941,0.00127058092,-0.0007975675398,0.001900834613,2
0.01067466941,0.00112741685,-0.0008236346184,0.001885271631,1
0.01067466941,0.0009842528962,-0.000717836374,0.001894433983,1
0.01067466941,0.0008410888258,-0.0005532730138,0.001798284356,1
0.01067466941,0.0006979247555,-0.0003557130112,0.00168989168,1
0.01067466941,0.0005547606852,-0.0007161479443,0.001668226672,1
0.01067466941,0.000411596644,-0.0006727640284,0.00165491912,1
0.01067466941,0.0002684326028,-0.0004022195935,0.001795573509,1
0.01067466941,0.000125268547,-0.0001593462657,0.00189486146,1
0.01081783324,0.01916608773,-0.00417908188,0.004390323069,1
0.01081783324,0.01902292296,-0.003721647197,0.003908527549,1
0.01081783324,0.01887976006,-0.003396801185,0.003603151767,1
0.01081783324,0.01873659529,-0.003284772625,0.003086397657,1
0.01081783324,0.01859343052,-0.002730308333,0.003349757753,1
0.01081783324,0.01845026761,-0.002757653827,0.003700924339,1
0.01081783324,0.01830710284,-0.00321042072,0.003818486352,1
0.01081783324,0.01816393808,-0.003354579909,0.003764571855,1
0.01081783324,0.01802077517,-0.003436652943,0.003672578372,1
0.01081783324,0.0178776104,-0.00356793846,0.003918739036,1
0.01081783324,0.01773444749,-0.003580183489,0.003980601672,1
0.01081783324,0.01759128273,-0.00336823659,0.003772212891,1
0.01081783324,0.01744811796,-0.003618953284,0.003542129649,1
0.01081783324,0.01730495505,-0.003676091321,0.004078460392,1
0.01081783324,0.01716179028,-0.003507223213,0.004332191776,1
0.01081783324,0.01701862738,-0.00316179893,0.004356869031,1
0.01081783324,0.01687546261,-0.003385890275,0.004180199001,2
0.01081783324,0.01673229784,-0.003725445364,0.004132504109,1
0.01081783324,0.01658913493,-0.003818317316,0.003702432383,1
0.01081783324,0.01644597016,-0.003819193458,0.003208764829,1
0.01081783324,0.01630280726,-0.003643701784,0.003166810609,1
0.01081783324,0.01615964249,-0.003486413509,0.00330808037,1
0.01081783324,0.01601647772,-0.003621125827,0.003595367074,2
0.01081783324,0.01587331481,-0.003665039549,0.003741171444,1
0.01081783324,0.01573015004,-0.003765571164,0.003784035798,1
0.01081783324,0.01558698621,-0.00369759649,0.003721776418,1
0.01081783324,0.01544382237,-0.003728009993,0.003740919521,1
0.01081783324,0.0153006576,-0.003587598447,0.00373999821,1
0.01081783324,0.01515749376,-0.003559254343,0.003597724251,1
0.01081783324,0.01501432993,-0.003277305048,0.003502696753,1
0.01081783324,0.01487116609,-0.00207636971,0.003166965907,1
0.01081783324,0.01472800132,-0.002573802602,0.003719327971,1
0.01081783324,0.01458483748,-0.002696540207,0.003678001231,2
0.01081783324,0.01444167364,-0.002818502486,0.003592400579,2
0.01081783324,0.01429850981,-0.00273296074,0.003269197885,2
0.01081783324,0.01415534597,-0.002574071754,0.002711559646,1
0.01081783324,0.0140121812,-0.002619827865,0.003182142274,1
0.01081783324,0.01386901736,-0.00262502674,0.003697338747,1
0.01081783324,0.01372585353,-0.002491655294,0.003634459339,1
0.01081783324,0.01358268969,-0.002298527397,0.003294159193,1
0.01081783324,0.01343952492,-0.002158030635,0.0032638181,1
0.01081783324,0.01329636108,-0.002145017264,0.003242556704,1
0.01081783324,0.01315319724,-0.0020164405,0.003284628736,1
0.01081783324,0.01301003341,-0.002128053224,0.003232739866,1
0.01081783324,0.01286686864,-0.001833999646,0.003121104324,1
0.01081783324,0.0127237048,-0.002014523605,0.00334771513,1
0.01081783324,0.01258054096,-0.002228402765,0.003524767002,1
0.01081783324,0.01243737713,-0.00193535164,0.003059140639,1
0.01081783324,0.01229421329,-0.002072232543,0.003336797468,1
0.01081783324,0.01215104852,-0.002115938347,0.003508053254,1
0.01081783324,0.01200788468,-0.001742206165,0.003096287139,1
0.01081783324,0.01186472084,-0.001754914992,0.003001542063,1
0.01081783324,0.01172155701,-0.001668073353,0.002954529366,1
0.01081783324,0.01157839224,-0.00166703912,0.002905233763,1
0.01081783324,0.0114352284,-0.001667777426,0.002919990104,1
0.01081783324,0.01129206456,-0.001794474316,0.002811684739,1
0.01081783324,0.01114890072,-0.001898857532,0.002586460672,1
0.01081783324,0.01100573689,-0.001673579449,0.002447967185,1
0.01081783324,0.01086257212,-0.001644919394,0.002214399632,1
0.01081783324,0.01071940828,-0.001696853782,0.002409607172,1
0.01081783324,0.01057624444,-0.001602356671,0.002957421821,1
0.01081783324,0.01043308061,-0.001769530587,0.002613121411,1
0.01081783324,0.01028991584,-0.001915651723,0.002300919266,1
0.01081783324,0.010146752,-0.001720651868,0.002560101449,1
0.01081783324,0.01000358816,-0.001481199055,0.002417742042,1
0.01081783324,0.009860424325,-0.001546104089,0.0024239833,1
0.01081783324,0.009717259556,-0.001862151781,0.002543033566,1
0.01081783324,0.009574095719,-0.001909823157,0.002747206483,1
0.01081783324,0.009430931881,-0.001953021507,0.002889611525,1
0.01081783324,0.009287768044,-0.001942545641,0.002811603015,1
0.01081783324,0.009144604206,-0.001996321604,0.002617474645,1
0.01081783324,0.009001439437,-0.001822621329,0.002493191743,2
0.01081783324,0.0088582756,-0.001915772562,0.002199311741,1
0.01081783324,0.008715111762,-0.001884725294,0.002218127251,1
0.01081783324,0.008571947925,-0.001859276555,0.002474076115,1
0.01081783324,0.008428783156,-0.001800579368,0.002615889302,1
0.01081783324,0.008285619318,-0.001705751289,0.002533901716,1
0.01081783324,0.008142455481,-0.001626931131,0.001984789036,1
0.01081783324,0.007999291644,-0.001528990455,0.002383650048,1
0.01081783324,0.007856126875,-0.001852957299,0.002236561617,1
0.01081783324,0.007712963037,-0.002045788802,0.002159497933,1
0.01081783324,0.0075697992,-0.001729196287,0.002546040341,2
0.01081783324,0.007426635362,-0.001550512505,0.003045664169,1
0.01081783324,0.007283471059,-0.001770401024,0.002712069312,1
0.01081783324,0.007140307222,-0.002047074726,0.002269914374,1
0.01081783324,0.006997142918,-0.001706016366,0.002760051517,1
0.01081783324,0.006853979081,-0.00189225364,0.002356936689,1
0.01081783324,0.006710814778,-0.001829576213,0.002408563625,1
0.01081783324,0.00656765094,-0.001646599034,0.00241664052,1
0.01081783324,0.006424486637,-0.001594293048,0.002333273413,1
0.01081783324,0.0062813228,-0.001701796311,0.002040058607,1
0.01081783324,0.006138158496,-0.001676125918,0.002197347581,1
0.01081783324,0.005994994659,-0.001385982148,0.002347723581,1
0.01081783324,0.005851830821,-0.001195833553,0.002287932439,1
0.01081783324,0.005708666518,-0.00129880826,0.002170712454,1
0.01081783324,0.005565502681,-0.00138764747,0.002208802151,1
0.01081783324,0.005422338378,-0.001320402138,0.002300108084,1
0.01081783324,0.00527917454,-0.00136995432,0.002527844161,1
0.01081783324,0.005136010237,-0.001328542596,0.002406919841,1
0.01081783324,0.0049928464,-0.00129652652,0.002148334403,2
0.01081783324,0.004849682096,-0.001278807409,0.002078838414,1
0.01081783324,0.004706518259,-0.000894748373,0.002378641395,1
0.01081783324,0.004563353956,-0.001035770867,0.002184685087,1
0.01081783324,0.004420190118,-0.001455176156,0.001458373503,3
0.01081783324,0.004277025815,-0.001378358575,0.001670769067,2
0.01081783324,0.004133861978,-0.001382834045,0.001935264794,1
0.01081783324,0.00399069814,-0.001460946281,0.001808763365,1
0.01081783324,0.003847533837,-0.001450768788,0.001921645366,1
0.01081783324,0.003704369767,-0.001396856154,0.001908532111,1
0.01081783324,0.003561205696,-0.001368686906,0.001878274139,1
0.01081783324,0.003418041626,-0.001374150044,0.001814240823,1
0.01081783324,0.003274877556,-0.00141955039,0.002173232147,1
0.01081783324,0.003131713718,-0.001301611541,0.002140352037,1
0.01081783324,0.002988549648,-0.001153062447,0.002041951055,1
0.01081783324,0.002845385578,-0.001058112481,0.002071249532,1
0.01081783324,0.002702221507,-0.001039610244,0.001981129637,1
0.01081783324,0.002559057437,-0.0009564069333,0.00201496901,1
0.01081783324,0.002415893367,-0.0008620392182,0.002074852819,1
0.01081783324,0.002272729296,-0.0008318836335,0.002174762776,1
0.01081783324,0.002129565226,-0.0007542488747,0.002249490237,1
0.01081783324,0.001986401156,-0.000566762581,0.002211943036,1
0.01081783324,0.001843237202,-0.0005370264407,0.002214554232,1
0.01081783324,0.001700073131,-0.001094095176,0.001967407065,1
0.01081783324,0.001556909061,-0.001187982853,0.001882427023,1
0.01081783324,0.001413744991,-0.0007355889538,0.002031242009,1
0.01081783324,0.00127058092,-0.000761244155,0.001988301286,2
0.01081783324,0.00112741685,-0.0007526779082,0.001990381861,1
0.01081783324,0.0009842528962,-0.0005648987717,0.001999414992,1
0.01081783324,0.0008410888258,-0.0003087362566,0.001906906837,1
0.01081783324,0.0006979247555,-0.000225388445,0.001829091692,1
0.01081783324,0.0005547606852,-0.0003966971999,0.001730884891,2
0.01081783324,0.000411596644,-0.0003328588791,0.001691096462,1
0.01081783324,0.0002684326028,-0.0003726063005,0.001841527876,1
0.01081783324,0.000125268547,-0.0005097020185,0.001753279124,1
0.01096099801,0.01916608773,-0.003818205325,0.004096405115,2
0.01096099801,0.01902292296,-0.003622782184,0.00405405974,1
0.01096099801,0.01887976006,-0.00312072318,0.003810194321,1
0.01096099801,0.01873659529,-0.002906373702,0.003696700325,1
0.01096099801,0.01859343052,-0.002609305317,0.003622570541,1
0.01096099801,0.01845026761,-0.002643444808,0.003698219778,1
0.01096099801,0.01830710284,-0.002584590111,0.003812971758,1
0.01096099801,0.01816393808,-0.003320802702,0.004150895867,1
0.01096099801,0.01802077517,-0.003416689811,0.004185217433,1
0.01096099801,0.0178776104,-0.003461394925,0.004375136923,1
0.01096099801,0.01773444749,-0.003432397963,0.004316726234,1
0.01096099801,0.01759128273,-0.003261194564,0.003940443043,1
0.01096099801,0.01744811796,-0.003413608065,0.003811637172,1
0.01096099801,0.01730495505,-0.003646486672,0.003605075181,1
0.01096099801,0.01716179028,-0.003300268902,0.004145884421,1
0.01096099801,0.01701862738,-0.003254852956,0.004100616556,1
0.01096099801,0.01687546261,-0.003373249434,0.004070453346,1
0.01096099801,0.01673229784,-0.003638306633,0.004241655581,1
0.01096099801,0.01658913493,-0.00377194467,0.003981161397,1
0.01096099801,0.01644597016,-0.003676577238,0.003626261139,1
0.01096099801,0.01630280726,-0.003555850592,0.003342582844,1
0.01096099801,0.01615964249,-0.003662174568,0.003487823298,2
0.01096099801,0.01601647772,-0.003688165685,0.003523636376,1
0.01096099801,0.01587331481,-0.003552355338,0.003793019569,1
0.01096099801,0.01573015004,-0.003597628558,0.00389588438,1
0.01096099801,0.01558698621,-0.003675706685,0.003633246757,1
0.01096099801,0.01544382237,-0.003768262453,0.003678675741,1
0.01096099801,0.0153006576,-0.003689296311,0.00388374785,1
0.01096099801,0.01515749376,-0.003708760953,0.003695224877,1
0.01096099801,0.01501432993,-0.003418489825,0.003554721829,1
0.01096099801,0.01487116609,-0.002575202147,0.003580301069,1
0.01096099801,0.01472800132,-0.002433197573,0.003658571979,1
0.01096099801,0.01458483748,-0.002684132196,0.003816115903,2
0.01096099801,0.01444167364,-0.002752272179,0.003718189197,2
0.01096099801,0.01429850981,-0.002696543001,0.00345772272,2
0.01096099801,0.01415534597,-0.002526884433,0.002889626892,1
0.01096099801,0.0140121812,-0.002344648819,0.002559729386,1
0.01096099801,0.01386901736,-0.002605873626,0.00356833078,1
0.01096099801,0.01372585353,-0.002224585507,0.002805689583,1
0.01096099801,0.01358268969,-0.002148497617,0.003235221375,1
0.01096099801,0.01343952492,-0.002033729339,0.003409928642,1
0.01096099801,0.01329636108,-0.002119268291,0.003418910084,1
0.01096099801,0.01315319724,-0.001994151389,0.003389579244,1
0.01096099801,0.01301003341,-0.001949625905,0.003353403416,1
0.01096099801,0.01286686864,-0.001906841528,0.003390333382,1
0.01096099801,0.0127237048,-0.001801089733,0.002986300969,1
0.01096099801,0.01258054096,-0.00186244573,0.003498815466,1
0.01096099801,0.01243737713,-0.001837818883,0.00336754811,1
0.01096099801,0.01229421329,-0.001928004553,0.003436063416,1
0.01096099801,0.01215104852,-0.001927393139,0.003508499591,1
0.01096099801,0.01200788468,-0.001766620902,0.003222593339,1
0.01096099801,0.01186472084,-0.001725162612,0.003020107048,1
0.01096099801,0.01172155701,-0.001683241106,0.003011552151,1
0.01096099801,0.01157839224,-0.001709351665,0.003046421101,1
0.01096099801,0.0114352284,-0.001718543353,0.002952883253,1
0.01096099801,0.01129206456,-0.00165916665,0.002935376484,1
0.01096099801,0.01114890072,-0.001739208819,0.002684940584,1
0.01096099801,0.01100573689,-0.001717652311,0.002427939791,1
0.01096099801,0.01086257212,-0.001631768071,0.002714686794,1
0.01096099801,0.01071940828,-0.001641506213,0.002855143975,1
0.01096099801,0.01057624444,-0.001623240882,0.003168925177,1
0.01096099801,0.01043308061,-0.001693355851,0.003059216542,1
0.01096099801,0.01028991584,-0.0016491079,0.00278699561,1
0.01096099801,0.010146752,-0.001783977146,0.002848783275,1
0.01096099801,0.01000358816,-0.001694794395,0.002722817007,1
0.01096099801,0.009860424325,-0.00162215007,0.00249793171,1
0.01096099801,0.009717259556,-0.001782720094,0.002738142153,1
0.01096099801,0.009574095719,-0.001946179895,0.002957143821,1
0.01096099801,0.009430931881,-0.001984817209,0.00305636297,1
0.01096099801,0.009287768044,-0.001923361444,0.002888186602,1
0.01096099801,0.009144604206,-0.001669251942,0.002572814003,1
0.01096099801,0.009001439437,-0.00149818894,0.002205404919,1
0.01096099801,0.0088582756,-0.001841455116,0.002357982099,1
0.01096099801,0.008715111762,-0.001868631109,0.002281032037,1
0.01096099801,0.008571947925,-0.001846417435,0.002553367289,1
0.01096099801,0.008428783156,-0.001790935639,0.002651870716,1
0.01096099801,0.008285619318,-0.001774085336,0.002643725602,1
0.01096099801,0.008142455481,-0.001868556486,0.002247820608,1
0.01096099801,0.007999291644,-0.001587060397,0.002475339221,1
0.01096099801,0.007856126875,-0.001842205063,0.002282484435,1
0.01096099801,0.007712963037,-0.001993911108,0.002204005606,1
0.01096099801,0.0075697992,-0.001849143533,0.002592232078,2
0.01096099801,0.007426635362,-0.00184797775,0.002979486948,1
0.01096099801,0.007283471059,-0.001664479845,0.002505751094,1
0.01096099801,0.007140307222,-0.001635381486,0.002448667772,1
0.01096099801,0.006997142918,-0.001731478609,0.002392681083,1
0.01096099801,0.006853979081,-0.002000811975,0.002440111013,1
0.01096099801,0.006710814778,-0.001924426528,0.002503121737,1
0.01096099801,0.00656765094,-0.001469978015,0.002581781941,1
0.01096099801,0.006424486637,-0.001291039516,0.002570735756,1
0.01096099801,0.0062813228,-0.00178895588,0.002507094294,1
0.01096099801,0.006138158496,-0.001937496942,0.002582925605,1
0.01096099801,0.005994994659,-0.00191030791,0.002818881068,1
0.01096099801,0.005851830821,-0.001663789502,0.002734120935,1
0.01096099801,0.005708666518,-0.001361798611,0.002488009399,1
0.01096099801,0.005565502681,-0.001563729369,0.002481361851,1
0.01096099801,0.005422338378,-0.001645968878,0.002454977948,1
0.01096099801,0.00527917454,-0.001368841738,0.002613162156,1
0.01096099801,0.005136010237,-0.001367207617,0.002498754067,1
0.01096099801,0.0049928464,-0.0013695464,0.002355301287,2
0.01096099801,0.004849682096,-0.00134111126,0.002261270769,2
0.01096099801,0.004706518259,-0.001296797884,0.002153445035,1
0.01096099801,0.004563353956,-0.0009327500011,0.002184150275,1
0.01096099801,0.004420190118,-0.001166946488,0.001737166662,2
0.01096099801,0.004277025815,-0.001371152699,0.001393172075,1
0.01096099801,0.004133861978,-0.001406537252,0.001924842596,1
0.01096099801,0.00399069814,-0.001154578058,0.001847171923,1
0.01096099801,0.003847533837,-0.001311954926,0.001900854055,1
0.01096099801,0.003704369767,-0.001401664573,0.001966980752,1
0.01096099801,0.003561205696,-0.001362401992,0.002066144021,1
0.01096099801,0.003418041626,-0.001722938847,0.002036886755,1
0.01096099801,0.003274877556,-0.001295356778,0.002140852157,1
0.01096099801,0.003131713718,-0.001161823981,0.001884008874,1
0.01096099801,0.002988549648,-0.0009553880082,0.001831148402,2
0.01096099801,0.002845385578,-0.0006948835799,0.001758051571,1
0.01096099801,0.002702221507,-0.0009319690289,0.00185318524,1
0.01096099801,0.002559057437,-0.0009088711813,0.00201960071,1
0.01096099801,0.002415893367,-0.0008738703909,0.002093536779,1
0.01096099801,0.002272729296,-0.0008756832103,0.001966316719,1
0.01096099801,0.002129565226,-0.0008066499722,0.001996013336,1
0.01096099801,0.001986401156,-0.0006952355616,0.002679483965,1
0.01096099801,0.001843237202,-0.0004507546837,0.00244724378,1
0.01096099801,0.001700073131,-0.0008129435591,0.002206274541,2
0.01096099801,0.001556909061,-0.000897187565,0.002085314598,2
0.01096099801,0.001413744991,-0.0007672245265,0.002065239241,2
0.01096099801,0.00127058092,-0.0007591421017,0.002030746778,2
0.01096099801,0.00112741685,-0.0007390857791,0.002005127026,1
0.01096099801,0.0009842528962,-0.0004973629839,0.002033578465,1
0.01096099801,0.0008410888258,-0.0003379627306,0.001961651957,1
0.01096099801,0.0006979247555,-0.000103375889,0.001819323865,1
0.01096099801,0.0005547606852,-0.0003123935021,0.001735124853,1
0.01096099801,0.000411596644,-0.00041234729,0.001579662669,1
0.01096099801,0.0002684326028,-0.0006691041053,0.001739483792,1
0.01096099801,0.000125268547,-0.001231580391,0.001697534695,1
0.01110416185,0.01916608773,-0.003652752144,0.00384483207,1
0.01110416185,0.01902292296,-0.003198275343,0.003887257772,1
0.01110416185,0.01887976006,-0.002950005233,0.003921525553,1
0.01110416185,0.01873659529,-0.002727481537,0.003834073665,1
0.01110416185,0.01859343052,-0.002579411492,0.003680704162,1
0.01110416185,0.01845026761,-0.0031046113,0.004077020101,1
0.01110416185,0.01830710284,-0.00294695585,0.004127704538,2
0.01110416185,0.01816393808,-0.003089387668,0.004162412602,1
0.01110416185,0.01802077517,-0.003201236948,0.004232111853,1
0.01110416185,0.0178776104,-0.003549724584,0.004244273528,1
0.01110416185,0.01773444749,-0.003440731904,0.004061152693,1
0.01110416185,0.01759128273,-0.003255655523,0.003984555602,1
0.01110416185,0.01744811796,-0.003341742558,0.004001718946,1
0.01110416185,0.01730495505,-0.003522943705,0.003997885156,1
0.01110416185,0.01716179028,-0.003531637136,0.00396486884,1
0.01110416185,0.01701862738,-0.003267087042,0.004106024746,1
0.01110416185,0.01687546261,-0.003434712766,0.004144535866,1
0.01110416185,0.01673229784,-0.003639326664,0.004062727094,1
0.01110416185,0.01658913493,-0.003723888425,0.004301862791,1
0.01110416185,0.01644597016,-0.003644872922,0.004077751189,1
0.01110416185,0.01630280726,-0.003623433178,0.003625498153,1
0.01110416185,0.01615964249,-0.003918269183,0.003776993603,1
0.01110416185,0.01601647772,-0.003780042985,0.003738563042,1
0.01110416185,0.01587331481,-0.003585521365,0.00395540474,1
0.01110416185,0.01573015004,-0.003469692543,0.003974048886,1
0.01110416185,0.01558698621,-0.003456123173,0.003748812946,1
0.01110416185,0.01544382237,-0.00377030205,0.003900412004,1
0.01110416185,0.0153006576,-0.004075099248,0.003970633727,1
0.01110416185,0.01515749376,-0.00385676045,0.003722973168,1
0.01110416185,0.01501432993,-0.003372413572,0.003519037971,1
0.01110416185,0.01487116609,-0.002434995025,0.003542789724,1
0.01110416185,0.01472800132,-0.00256346073,0.003880314762,1
0.01110416185,0.01458483748,-0.002854519058,0.004209701438,1
0.01110416185,0.01444167364,-0.002809911501,0.00400651712,1
0.01110416185,0.01429850981,-0.002774053952,0.003953876439,1
0.01110416185,0.01415534597,-0.002715629991,0.003501191502,2
0.01110416185,0.0140121812,-0.002349110553,0.00274929055,1
0.01110416185,0.01386901736,-0.002765453653,0.003867889754,1
0.01110416185,0.01372585353,-0.002250252524,0.003131014528,1
0.01110416185,0.01358268969,-0.002103734296,0.003575605107,1
0.01110416185,0.01343952492,-0.00192388054,0.00357844308,1
0.01110416185,0.01329636108,-0.001874741283,0.003369420534,1
0.01110416185,0.01315319724,-0.002027079696,0.003151870565,1
0.01110416185,0.01301003341,-0.001856196555,0.003393084509,1
0.01110416185,0.01286686864,-0.001860907418,0.003617266659,1
0.01110416185,0.0127237048,-0.001983553171,0.003864121856,1
0.01110416185,0.01258054096,-0.001830438036,0.00393074099,1
0.01110416185,0.01243737713,-0.001820349717,0.00381055288,2
0.01110416185,0.01229421329,-0.001737359562,0.003419360146,1
0.01110416185,0.01215104852,-0.001710844692,0.003245491534,1
0.01110416185,0.01200788468,-0.001789326547,0.003280881094,2
0.01110416185,0.01186472084,-0.001808147528,0.003227481153,2
0.01110416185,0.01172155701,-0.001821692218,0.003196902806,2
0.01110416185,0.01157839224,-0.001878867042,0.003163580084,1
0.01110416185,0.0114352284,-0.001840073615,0.003183184657,1
0.01110416185,0.01129206456,-0.001894996036,0.002925015287,1
0.01110416185,0.01114890072,-0.001834185794,0.00273731444,1
0.01110416185,0.01100573689,-0.001733690617,0.002651687013,1
0.01110416185,0.01086257212,-0.001880998141,0.003314817091,1
0.01110416185,0.01071940828,-0.001629924052,0.003160937689,1
0.01110416185,0.01057624444,-0.001677010907,0.00349130854,1
0.01110416185,0.01043308061,-0.001788974041,0.003365099197,1
0.01110416185,0.01028991584,-0.001814536634,0.003361665644,1
0.01110416185,0.010146752,-0.001851943438,0.003215167904,1
0.01110416185,0.01000358816,-0.001862194506,0.002994637704,1
0.01110416185,0.009860424325,-0.001797188423,0.003009832231,1
0.01110416185,0.009717259556,-0.001851453562,0.002931905678,1
0.01110416185,0.009574095719,-0.001921435702,0.002979350043,1
0.01110416185,0.009430931881,-0.001941729919,0.002889334224,1
0.01110416185,0.009287768044,-0.001781346276,0.002817552537,1
0.01110416185,0.009144604206,-0.00153495383,0.00241031521,1
0.01110416185,0.009001439437,-0.001656457316,0.002499392256,1
0.01110416185,0.0088582756,-0.001860871096,0.002806331264,1
0.01110416185,0.008715111762,-0.001956178574,0.002722511766,1
0.01110416185,0.008571947925,-0.001531557762,0.002764093457,1
0.01110416185,0.008428783156,-0.001863229205,0.002630132716,1
0.01110416185,0.008285619318,-0.001868449384,0.00257798424,1
0.01110416185,0.008142455481,-0.001769485534,0.002357907593,1
0.01110416185,0.007999291644,-0.001777290017,0.002533921506,2
0.01110416185,0.007856126875,-0.001855891431,0.0026585632,1
0.01110416185,0.007712963037,-0.001861824887,0.002643107902,1
0.01110416185,0.0075697992,-0.001825488755,0.002639395883,2
0.01110416185,0.007426635362,-0.001850806759,0.002569581848,1
0.01110416185,0.007283471059,-0.001704647555,0.002590843709,1
0.01110416185,0.007140307222,-0.001594858011,0.002499382477,1
0.01110416185,0.006997142918,-0.001637919806,0.002371594077,1
0.01110416185,0.006853979081,-0.001810047426,0.002475573448,1
0.01110416185,0.006710814778,-0.001804314787,0.002597024897,1
0.01110416185,0.00656765094,-0.001594976871,0.002680679085,1
0.01110416185,0.006424486637,-0.001419942128,0.002709497232,1
0.01110416185,0.0062813228,-0.001755831996,0.002709262306,1
0.01110416185,0.006138158496,-0.001883173827,0.002821997739,1
0.01110416185,0.005994994659,-0.001882013981,0.003067738842,1
0.01110416185,0.005851830821,-0.00178486167,0.0028036437,1
0.01110416185,0.005708666518,-0.001578953699,0.002679914935,1
0.01110416185,0.005565502681,-0.001452227822,0.002698085504,1
0.01110416185,0.005422338378,-0.00152467622,0.002524473472,1
0.01110416185,0.00527917454,-0.001522927778,0.002419110388,1
0.01110416185,0.005136010237,-0.00152872724,0.002522924682,1
0.01110416185,0.0049928464,-0.001473340206,0.002512845676,2
0.01110416185,0.004849682096,-0.001419293112,0.002457498806,1
0.01110416185,0.004706518259,-0.00131308136,0.00224182033,1
0.01110416185,0.004563353956,-0.0009185408126,0.002151269931,1
0.01110416185,0.004420190118,-0.0009087072685,0.001912970678,1
0.01110416185,0.004277025815,-0.001311409986,0.002001070883,1
0.01110416185,0.004133861978,-0.001358210808,0.002031180309,1
0.01110416185,0.00399069814,-0.001119216089,0.001980978996,1
0.01110416185,0.003847533837,-0.001116451807,0.001986044226,1
0.01110416185,0.003704369767,-0.001220440143,0.002110535279,1
0.01110416185,0.003561205696,-0.001077768626,0.002353346674,1
0.01110416185,0.003418041626,-0.001161426888,0.002039336599,1
0.01110416185,0.003274877556,-0.0008656573482,0.002143377205,1
0.01110416185,0.003131713718,-0.0008360365755,0.001741714892,1
0.01110416185,0.002988549648,-0.0008117821999,0.001640582108,1
0.01110416185,0.002845385578,-0.001012581517,0.002357916906,1
0.01110416185,0.002702221507,-0.001002181205,0.002080586739,1
0.01110416185,0.002559057437,-0.0009763917187,0.001814843388,1
0.01110416185,0.002415893367,-0.0008521726122,0.001984712901,2
0.01110416185,0.002272729296,-0.0007936718757,0.001917188521,1
0.01110416185,0.002129565226,-0.0007575374912,0.002056226367,1
0.01110416185,0.001986401156,-0.0007713635569,0.00241989037,2
0.01110416185,0.001843237202,-0.0007513635792,0.002517537214,1
0.01110416185,0.001700073131,-0.0008097369573,0.002325132722,2
0.01110416185,0.001556909061,-0.0008205992053,0.00218731747,2
0.01110416185,0.001413744991,-0.0006769794272,0.002113653813,1
0.01110416185,0.00127058092,-0.0007690140046,0.002064318862,1
0.01110416185,0.00112741685,-0.0008685998619,0.001876666094,1
0.01110416185,0.0009842528962,-0.0009075219859,0.002017430495,1
0.01110416185,0.0008410888258,-0.0006094078417,0.001901021576,1
0.01110416185,0.0006979247555,-0.0001388048404,0.001782487845,1
0.01110416185,0.0005547606852,-0.0001411670237,0.001670442172,1
0.01110416185,0.000411596644,-0.0002379149955,0.001360953669,1
0.01110416185,0.0002684326028,-0.0004408073728,0.001495756675,1
0.01110416185,0.000125268547,-0.0008276645094,0.0009440696449,1
0.01124732569,0.01916608773,-0.002843151102,0.003565127961,1
0.01124732569,0.01902292296,-0.002833057893,0.003967662808,1
0.01124732569,0.01887976006,-0.002830194775,0.004102429375,1
0.01124732569,0.01873659529,-0.002597969957,0.003996259533,1
0.01124732569,0.01859343052,-0.002416674746,0.003993196413,1
0.01124732569,0.01845026761,-0.002672079951,0.004507201724,1
0.01124732569,0.01830710284,-0.003009234322,0.004458414391,1
0.01124732569,0.01816393808,-0.003216489684,0.004565684125,1
0.01124732569,0.01802077517,-0.003090715967,0.004445117898,1
0.01124732569,0.0178776104,-0.003265648615,0.004428866319,1
0.01124732569,0.01773444749,-0.003300641663,0.004199582152,1
0.01124732569,0.01759128273,-0.003289872315,0.004137129057,1
0.01124732569,0.01744811796,-0.003433498088,0.004166551866,1
0.01124732569,0.01730495505,-0.003548143897,0.004492977168,1
0.01124732569,0.01716179028,-0.00349754747,0.004277110565,2
0.01124732569,0.01701862738,-0.003434553975,0.004125967622,1
0.01124732569,0.01687546261,-0.003675225191,0.004134398885,1
0.01124732569,0.01673229784,-0.003944002092,0.004073918331,1
0.01124732569,0.01658913493,-0.003661086084,0.004081395455,1
0.01124732569,0.01644597016,-0.003722284455,0.003829860361,1
0.01124732569,0.01630280726,-0.003823347157,0.003879788099,1
0.01124732569,0.01615964249,-0.003829064779,0.003995406441,1
0.01124732569,0.01601647772,-0.003772179363,0.004066987894,1
0.01124732569,0.01587331481,-0.003812805749,0.00423691934,1
0.01124732569,0.01573015004,-0.003595686518,0.004113746807,1
0.01124732569,0.01558698621,-0.003439303022,0.003938226029,1
0.01124732569,0.01544382237,-0.003938321024,0.004203160759,1
0.01124732569,0.0153006576,-0.00380365341,0.004335718695,1
0.01124732569,0.01515749376,-0.003390196944,0.003916291986,1
0.01124732569,0.01501432993,-0.002255484927,0.00339341769,1
0.01124732569,0.01487116609,-0.002320345258,0.004657653626,1
0.01124732569,0.01472800132,-0.00281015248,0.004171093926,1
0.01124732569,0.01458483748,-0.002945201937,0.004422544967,1
0.01124732569,0.01444167364,-0.002843504073,0.004247215576,1
0.01124732569,0.01429850981,-0.002780040959,0.004175725859,1
0.01124732569,0.01415534597,-0.003212470561,0.004411972128,1
0.01124732569,0.0140121812,-0.002694171853,0.004488288891,1
0.01124732569,0.01386901736,-0.002920780564,0.004409144633,1
0.01124732569,0.01372585353,-0.002812049584,0.004242049064,1
0.01124732569,0.01358268969,-0.002360098995,0.004054509569,1
0.01124732569,0.01343952492,-0.002111348091,0.003923221491,1
0.01124732569,0.01329636108,-0.001886860933,0.003571629291,1
0.01124732569,0.01315319724,-0.001940548769,0.003332596272,1
0.01124732569,0.01301003341,-0.002028582152,0.003574624425,1
0.01124732569,0.01286686864,-0.002055100631,0.003788381582,1
0.01124732569,0.0127237048,-0.002083144849,0.003991994541,1
0.01124732569,0.01258054096,-0.002031301614,0.00410530204,1
0.01124732569,0.01243737713,-0.001875782735,0.004524562508,1
0.01124732569,0.01229421329,-0.001718932763,0.00353616802,1
0.01124732569,0.01215104852,-0.001712171594,0.003241817234,1
0.01124732569,0.01200788468,-0.001871693414,0.003427958814,1
0.01124732569,0.01186472084,-0.001896408619,0.003412033198,1
0.01124732569,0.01172155701,-0.00191651308,0.003384997835,1
0.01124732569,0.01157839224,-0.001971323276,0.003340457799,1
0.01124732569,0.0114352284,-0.001917623449,0.003424967872,1
0.01124732569,0.01129206456,-0.001764661283,0.003029471496,1
0.01124732569,0.01114890072,-0.001728886389,0.002931062365,1
0.01124732569,0.01100573689,-0.001184650697,0.002606318565,1
0.01124732569,0.01086257212,-0.002197471913,0.003216601443,1
0.01124732569,0.01071940828,-0.001773625263,0.003462640801,2
0.01124732569,0.01057624444,-0.001798594953,0.003648838727,2
0.01124732569,0.01043308061,-0.002245991491,0.003716965439,1
0.01124732569,0.01028991584,-0.001831237809,0.003617664101,1
0.01124732569,0.010146752,-0.001867961604,0.003493960015,1
0.01124732569,0.01000358816,-0.00188552984,0.003199550789,1
0.01124732569,0.009860424325,-0.001795894816,0.003171419026,1
0.01124732569,0.009717259556,-0.001894364716,0.003184674075,1
0.01124732569,0.009574095719,-0.001951901941,0.003173230216,1
0.01124732569,0.009430931881,-0.001923859236,0.003002444981,1
0.01124732569,0.009287768044,-0.001817481359,0.002851578174,1
0.01124732569,0.009144604206,-0.001575691276,0.002492531203,1
0.01124732569,0.009001439437,-0.001697049593,0.002701654099,1
0.01124732569,0.0088582756,-0.002000694163,0.003199350787,1
0.01124732569,0.008715111762,-0.001905722194,0.00305083557,2
0.01124732569,0.008571947925,-0.001779822633,0.002940925304,2
0.01124732569,0.008428783156,-0.001924441778,0.002776846755,1
0.01124732569,0.008285619318,-0.001869280823,0.002618554048,1
0.01124732569,0.008142455481,-0.001864313264,0.002691460541,1
0.01124732569,0.007999291644,-0.001896723174,0.002643876476,1
0.01124732569,0.007856126875,-0.001933429274,0.002728315303,1
0.01124732569,0.007712963037,-0.001937423018,0.002888257615,1
0.01124732569,0.0075697992,-0.001740180072,0.002752662171,1
0.01124732569,0.007426635362,-0.001756295678,0.002706707455,1
0.01124732569,0.007283471059,-0.001699837623,0.002714988077,1
0.01124732569,0.007140307222,-0.001605301164,0.002611426404,1
0.01124732569,0.006997142918,-0.001590969274,0.002264219336,1
0.01124732569,0.006853979081,-0.001629478647,0.002519750735,1
0.01124732569,0.006710814778,-0.001592631801,0.002620054642,1
0.01124732569,0.00656765094,-0.001293306355,0.002878182335,1
0.01124732569,0.006424486637,-0.001266976353,0.002980664605,1
0.01124732569,0.0062813228,-0.001160610467,0.002778411377,1
0.01124732569,0.006138158496,-0.00155500893,0.002803839045,2
0.01124732569,0.005994994659,-0.002103589475,0.002956122858,1
0.01124732569,0.005851830821,-0.00174490572,0.002750874031,1
0.01124732569,0.005708666518,-0.001590290456,0.002815953689,1
0.01124732569,0.005565502681,-0.001258603763,0.00287276227,1
0.01124732569,0.005422338378,-0.001398043009,0.002610172145,1
0.01124732569,0.00527917454,-0.00156471855,0.002527898643,1
0.01124732569,0.005136010237,-0.001555482275,0.002646713983,1
0.01124732569,0.0049928464,-0.001575793955,0.002715657931,1
0.01124732569,0.004849682096,-0.001519048237,0.002645708621,1
0.01124732569,0.004706518259,-0.001393917715,0.002379662124,1
0.01124732569,0.004563353956,-0.001264997059,0.00215981272,1
0.01124732569,0.004420190118,-0.001192996977,0.001797347446,1
0.01124732569,0.004277025815,-0.001284650411,0.002045678208,1
0.01124732569,0.004133861978,-0.001299638301,0.0021638826,1
0.01124732569,0.00399069814,-0.001280934084,0.00212793122,1
0.01124732569,0.003847533837,-0.001142776338,0.002204998629,2
0.01124732569,0.003704369767,-0.0008993303636,0.002468794817,1
0.01124732569,0.003561205696,-0.0009973413544,0.002515753265,1
0.01124732569,0.003418041626,-0.001022023498,0.002148272935,1
0.01124732569,0.003274877556,-0.0007619106327,0.002216897672,1
0.01124732569,0.003131713718,-0.0009002451552,0.001966518816,1
0.01124732569,0.002988549648,-0.0009951569373,0.002180933254,1
0.01124732569,0.002845385578,-0.0009897288401,0.002622491913,1
0.01124732569,0.002702221507,-0.0008063205751,0.002591772005,1
0.01124732569,0.002559057437,-0.0006421383005,0.002444039332,1
0.01124732569,0.002415893367,-0.0007647564053,0.002113282681,2
0.01124732569,0.002272729296,-0.000879239582,0.001863845275,1
0.01124732569,0.002129565226,-0.0009073505062,0.001739786938,1
0.01124732569,0.001986401156,-0.0008813177701,0.002426314633,1
0.01124732569,0.001843237202,-0.0008408857975,0.002567388583,1
0.01124732569,0.001700073131,-0.0008540414274,0.002389401663,1
0.01124732569,0.001556909061,-0.00089849293,0.002225168981,1
0.01124732569,0.001413744991,-0.0005655080895,0.002170994878,1
0.01124732569,0.00127058092,-0.0006569205434,0.002147356514,1
0.01124732569,0.00112741685,-0.0009345618309,0.002136888448,1
0.01124732569,0.0009842528962,-0.0007146595744,0.001960059628,1
0.01124732569,0.0008410888258,-0.0003845406754,0.001912480104,1
0.01124732569,0.0006979247555,-0.000166083948,0.001822894206,1
0.01124732569,0.0005547606852,-0.0002413122129,0.001753606135,1
0.01124732569,0.000411596644,-0.0003318212111,0.001488673151,1
0.01124732569,0.0002684326028,-0.000690839428,0.001571873087,1
0.01124732569,0.000125268547,-0.0007685169112,0.00144456909,2
0.01139048953,0.01916608773,-0.002936497098,0.003856777679,1
0.01139048953,0.01902292296,-0.002873637946,0.00430957647,1
0.01139048953,0.01887976006,-0.002696182812,0.004351670388,1
0.01139048953,0.01873659529,-0.002747264225,0.004192463122,1
0.01139048953,0.01859343052,-0.002738124691,0.004402928054,1
0.01139048953,0.01845026761,-0.002808729419,0.00486864103,1
0.01139048953,0.01830710284,-0.003047443926,0.004737728275,1
0.01139048953,0.01816393808,-0.003106350079,0.004666762426,1
0.01139048953,0.01802077517,-0.002902148757,0.004422123078,1
0.01139048953,0.0178776104,-0.003023220226,0.004625292029,1
0.01139048953,0.01773444749,-0.003348158905,0.003987181,1
0.01139048953,0.01759128273,-0.003592744935,0.004439260345,1
0.01139048953,0.01744811796,-0.003635786008,0.004505155608,1
0.01139048953,0.01730495505,-0.003645207267,0.004519453272,1
0.01139048953,0.01716179028,-0.003475855803,0.004524628632,1
0.01139048953,0.01701862738,-0.00347277429,0.004478925373,1
0.01139048953,0.01687546261,-0.003708586795,0.00422156183,2
0.01139048953,0.01673229784,-0.003823614214,0.004223353695,1
0.01139048953,0.01658913493,-0.003558513708,0.004027834162,1
0.01139048953,0.01644597016,-0.00367136416,0.003788310103,1
0.01139048953,0.01630280726,-0.003852132242,0.003824684536,1
0.01139048953,0.01615964249,-0.00391821051,0.004034949467,1
0.01139048953,0.01601647772,-0.003877663752,0.004362579435,1
0.01139048953,0.01587331481,-0.003776794998,0.004216394853,1
0.01139048953,0.01573015004,-0.003632784355,0.004198564216,1
0.01139048953,0.01558698621,-0.003854583018,0.004872765858,1
0.01139048953,0.01544382237,-0.003821755294,0.004992490634,1
0.01139048953,0.0153006576,-0.003023872152,0.004650493152,1
0.01139048953,0.01515749376,-0.002609553514,0.003656840883,1
0.01139048953,0.01501432993,-0.00239690952,0.003790047718,2
0.01139048953,0.01487116609,-0.002365781926,0.004288668744,2
0.01139048953,0.01472800132,-0.002372677904,0.004384039436,2
0.01139048953,0.01458483748,-0.002061243868,0.004581382964,1
0.01139048953,0.01444167364,-0.002389810979,0.00345400325,1
0.01139048953,0.01429850981,-0.00234853453,0.003483450273,1
0.01139048953,0.01415534597,-0.002806943143,0.004906220362,1
0.01139048953,0.0140121812,-0.002748465864,0.004695960786,1
0.01139048953,0.01386901736,-0.003251629183,0.004561791196,1
0.01139048953,0.01372585353,-0.002183861798,0.004379590042,1
0.01139048953,0.01358268969,-0.002562833251,0.004605411552,1
0.01139048953,0.01343952492,-0.002542196773,0.004342480097,1
0.01139048953,0.01329636108,-0.001828888897,0.003860233352,1
0.01139048953,0.01315319724,-0.001783641637,0.003753649304,1
0.01139048953,0.01301003341,-0.002003774047,0.003857419593,1
0.01139048953,0.01286686864,-0.002108825836,0.003971121274,1
0.01139048953,0.0127237048,-0.002141857054,0.004112328403,1
0.01139048953,0.01258054096,-0.002121853409,0.00421866728,1
0.01139048953,0.01243737713,-0.001782141859,0.004035487305,1
0.01139048953,0.01229421329,-0.001673759078,0.003583685029,1
0.01139048953,0.01215104852,-0.001663260045,0.003300752956,1
0.01139048953,0.01200788468,-0.001878567622,0.003543786006,1
0.01139048953,0.01186472084,-0.001931066858,0.003453184152,1
0.01139048953,0.01172155701,-0.001960622147,0.003545849351,1
0.01139048953,0.01157839224,-0.002048739465,0.003656309564,1
0.01139048953,0.0114352284,-0.001740600565,0.003756089834,1
0.01139048953,0.01129206456,-0.001587467967,0.003523370251,1
0.01139048953,0.01114890072,-0.001483825152,0.003344987053,1
0.01139048953,0.01100573689,-0.001580890268,0.003297285642,2
0.01139048953,0.01086257212,-0.001771444338,0.003517668461,2
0.01139048953,0.01071940828,-0.001468510251,0.003824186046,1
0.01139048953,0.01057624444,-0.001497752266,0.003924439196,1
0.01139048953,0.01043308061,-0.001583096804,0.003559423611,1
0.01139048953,0.01028991584,-0.00168613554,0.003452557139,1
0.01139048953,0.010146752,-0.001817029552,0.003368351143,2
0.01139048953,0.01000358816,-0.001935404609,0.003202029038,1
0.01139048953,0.009860424325,-0.001961297356,0.003112396225,1
0.01139048953,0.009717259556,-0.002064747969,0.00327254599,1
0.01139048953,0.009574095719,-0.002053810749,0.003269416746,1
0.01139048953,0.009430931881,-0.001872090274,0.00318532018,1
0.01139048953,0.009287768044,-0.001881629694,0.003209748305,1
0.01139048953,0.009144604206,-0.001905992161,0.00297921733,1
0.01139048953,0.009001439437,-0.002016685205,0.00296062394,1
0.01139048953,0.0088582756,-0.00178722979,0.003669214202,1
0.01139048953,0.008715111762,-0.001886193641,0.003340554424,1
0.01139048953,0.008571947925,-0.001757568563,0.003171925433,1
0.01139048953,0.008428783156,-0.001725930371,0.003228034824,1
0.01139048953,0.008285619318,-0.001743322005,0.002923804568,1
0.01139048953,0.008142455481,-0.001718906919,0.00284036505,1
0.01139048953,0.007999291644,-0.001872617519,0.002815880114,1
0.01139048953,0.007856126875,-0.001949150814,0.002902208129,1
0.01139048953,0.007712963037,-0.001948649064,0.003028361127,2
0.01139048953,0.0075697992,-0.001781161292,0.002935254481,1
0.01139048953,0.007426635362,-0.001863079728,0.00300337933,1
0.01139048953,0.007283471059,-0.001852773712,0.002953191055,1
0.01139048953,0.007140307222,-0.001530732377,0.002818197943,1
0.01139048953,0.006997142918,-0.001559362281,0.002732986584,1
0.01139048953,0.006853979081,-0.001608085935,0.002709839726,1
0.01139048953,0.006710814778,-0.001635150984,0.002725828905,1
0.01139048953,0.00656765094,-0.001439476619,0.002993649803,1
0.01139048953,0.006424486637,-0.001260108897,0.003070608713,1
0.01139048953,0.0062813228,-0.0009634462767,0.00299325888,1
0.01139048953,0.006138158496,-0.001072661835,0.002658823971,1
0.01139048953,0.005994994659,-0.001690940931,0.002831521677,2
0.01139048953,0.005851830821,-0.001876100316,0.002837432316,2
0.01139048953,0.005708666518,-0.001792025403,0.002816703636,2
0.01139048953,0.005565502681,-0.001473235199,0.0028161183,2
0.01139048953,0.005422338378,-0.001212934614,0.002731813351,1
0.01139048953,0.00527917454,-0.001542598126,0.002617255319,1
0.01139048953,0.005136010237,-0.00159360969,0.002798009198,1
0.01139048953,0.0049928464,-0.001574908383,0.002836645814,1
0.01139048953,0.004849682096,-0.001533361152,0.002798210597,1
0.01139048953,0.004706518259,-0.001413240214,0.002529965946,1
0.01139048953,0.004563353956,-0.001325367135,0.002270905068,1
0.01139048953,0.004420190118,-0.00128854916,0.001837039716,1
0.01139048953,0.004277025815,-0.001335940557,0.001764952322,1
0.01139048953,0.004133861978,-0.001523815561,0.001914319699,1
0.01139048953,0.00399069814,-0.001476243488,0.001988164848,1
0.01139048953,0.003847533837,-0.001274389448,0.002237224486,1
0.01139048953,0.003704369767,-0.0009622094221,0.002634410979,1
0.01139048953,0.003561205696,-0.001073045656,0.002512151841,1
0.01139048953,0.003418041626,-0.001106970245,0.002273188671,1
0.01139048953,0.003274877556,-0.0009463795577,0.001921583083,1
0.01139048953,0.003131713718,-0.0008702701889,0.001896942733,1
0.01139048953,0.002988549648,-0.0009062755853,0.00258187158,1
0.01139048953,0.002845385578,-0.0009091406828,0.002695066389,1
0.01139048953,0.002702221507,-0.0007482154178,0.002717000432,1
0.01139048953,0.002559057437,-0.0005775510799,0.002483447781,1
0.01139048953,0.002415893367,-0.0006854751264,0.002160533564,2
0.01139048953,0.002272729296,-0.0007913225563,0.001932585263,1
0.01139048953,0.002129565226,-0.0008201373275,0.001847870182,1
0.01139048953,0.001986401156,-0.0007996813511,0.002461695345,1
0.01139048953,0.001843237202,-0.000670703128,0.002493403386,1
0.01139048953,0.001700073131,-0.0006599237095,0.002319622086,1
0.01139048953,0.001556909061,-0.0005365344114,0.002197761089,1
0.01139048953,0.001413744991,-0.0004665850429,0.002206232399,1
0.01139048953,0.00127058092,-0.0004987739376,0.002210980514,1
0.01139048953,0.00112741685,-0.0005737586762,0.002074601827,2
0.01139048953,0.0009842528962,-0.0004240652779,0.0019539895,1
0.01139048953,0.0008410888258,-0.000225406242,0.001925890218,1
0.01139048953,0.0006979247555,-0.0003251959861,0.001849789289,1
0.01139048953,0.0005547606852,-0.0003433465899,0.001779749175,1
0.01139048953,0.000411596644,-0.0005480237887,0.002155793365,1
0.01139048953,0.0002684326028,-0.0008656008285,0.002219086979,1
0.01139048953,0.000125268547,-0.0007870467962,0.001817764714,1
0.01153365429,0.01916608773,-0.002824384253,0.004746704362,1
0.01153365429,0.01902292296,-0.002772443229,0.004903764464,1
0.01153365429,0.01887976006,-0.002842042828,0.004622362554,1
0.01153365429,0.01873659529,-0.002959777834,0.004628240131,2
0.01153365429,0.01859343052,-0.0029629583,0.004752416164,2
0.01153365429,0.01845026761,-0.003043423174,0.004900226835,2
0.01153365429,0.01830710284,-0.003119101049,0.004821500275,2
0.01153365429,0.01816393808,-0.002814187901,0.004472820554,1
0.01153365429,0.01802077517,-0.002904842375,0.004424612038,1
0.01153365429,0.0178776104,-0.003035098081,0.004797908943,1
0.01153365429,0.01773444749,-0.003783493536,0.004127120599,1
0.01153365429,0.01759128273,-0.003649406601,0.004489142913,1
0.01153365429,0.01744811796,-0.00379491155,0.004611099605,1
0.01153365429,0.01730495505,-0.003801026847,0.004738540854,1
0.01153365429,0.01716179028,-0.00381277292,0.004908063915,1
0.01153365429,0.01701862738,-0.003866358893,0.004763365723,1
0.01153365429,0.01687546261,-0.00386273372,0.004049569834,1
0.01153365429,0.01673229784,-0.003670461243,0.003907556646,1
0.01153365429,0.01658913493,-0.003527968191,0.004085040651,1
0.01153365429,0.01644597016,-0.003779196413,0.003834635951,1
0.01153365429,0.01630280726,-0.003779333783,0.003305897582,1
0.01153365429,0.01615964249,-0.003895688569,0.003580371616,1
0.01153365429,0.01601647772,-0.004007198848,0.004701870494,1
0.01153365429,0.01587331481,-0.00391423516,0.004502877127,1
0.01153365429,0.01573015004,-0.003808990121,0.004497150425,1
0.01153365429,0.01558698621,-0.004016132094,0.004850997124,1
0.01153365429,0.01544382237,-0.003893501824,0.004820385017,1
0.01153365429,0.0153006576,-0.003676584922,0.004774268251,1
0.01153365429,0.01515749376,-0.003238969017,0.004657926969,1
0.01153365429,0.01501432993,-0.002356818179,0.00382126309,1
0.01153365429,0.01487116609,-0.002373194788,0.004322933033,2
0.01153365429,0.01472800132,-0.002253533341,0.00449501304,2
0.01153365429,0.01458483748,-0.001926666708,0.004676938523,1
0.01153365429,0.01444167364,-0.002316853032,0.003674447071,1
0.01153365429,0.01429850981,-0.002316735685,0.003743273672,1
0.01153365429,0.01415534597,-0.002741521923,0.005087577738,1
0.01153365429,0.0140121812,-0.002660953673,0.004657193087,1
0.01153365429,0.01386901736,-0.002488465281,0.004297283944,1
0.01153365429,0.01372585353,-0.002230843063,0.004466691986,1
0.01153365429,0.01358268969,-0.002234983956,0.004701758735,1
0.01153365429,0.01343952492,-0.002232986037,0.004651528317,1
0.01153365429,0.01329636108,-0.002191045554,0.004253699444,1
0.01153365429,0.01315319724,-0.002053354168,0.004044763744,1
0.01153365429,0.01301003341,-0.002053934382,0.004107454326,1
0.01153365429,0.01286686864,-0.002109989757,0.004178811796,1
0.01153365429,0.0127237048,-0.00212406856,0.004383361898,1
0.01153365429,0.01258054096,-0.002150050364,0.00445729401,2
0.01153365429,0.01243737713,-0.0021177663,0.004389580339,2
0.01153365429,0.01229421329,-0.002379477955,0.004274882842,1
0.01153365429,0.01215104852,-0.001813218347,0.004021777771,1
0.01153365429,0.01200788468,-0.001833380316,0.003768533701,1
0.01153365429,0.01186472084,-0.001931515639,0.003628660925,1
0.01153365429,0.01172155701,-0.001995872706,0.00381268817,1
0.01153365429,0.01157839224,-0.001981292618,0.004005320836,2
0.01153365429,0.0114352284,-0.00197516242,0.004116810393,1
0.01153365429,0.01129206456,-0.001966949785,0.004275107756,1
0.01153365429,0.01114890072,-0.001857881434,0.003968050238,1
0.01153365429,0.01100573689,-0.001883640769,0.00372016849,2
0.01153365429,0.01086257212,-0.001838905155,0.003732601414,2
0.01153365429,0.01071940828,-0.00158890977,0.003814956173,1
0.01153365429,0.01057624444,-0.001622357406,0.003783945693,1
0.01153365429,0.01043308061,-0.001782384468,0.003569224617,1
0.01153365429,0.01028991584,-0.001817118376,0.003591581248,1
0.01153365429,0.010146752,-0.00177861657,0.003324858611,1
0.01153365429,0.01000358816,-0.001921972726,0.00336944568,1
0.01153365429,0.009860424325,-0.001966548618,0.003289560089,1
0.01153365429,0.009717259556,-0.002095903736,0.003433087841,1
0.01153365429,0.009574095719,-0.002048785565,0.002814405132,1
0.01153365429,0.009430931881,-0.001956081484,0.003256818512,2
0.01153365429,0.009287768044,-0.001916776062,0.003452352015,1
0.01153365429,0.009144604206,-0.001939144218,0.00322950352,1
0.01153365429,0.009001439437,-0.002012667479,0.003118846333,1
0.01153365429,0.0088582756,-0.001923829666,0.003185414709,1
0.01153365429,0.008715111762,-0.001889649197,0.003199455561,1
0.01153365429,0.008571947925,-0.00180224108,0.003186907154,1
0.01153365429,0.008428783156,-0.001779346494,0.003269845853,1
0.01153365429,0.008285619318,-0.001725189271,0.003229521913,1
0.01153365429,0.008142455481,-0.001654561143,0.003083295655,1
0.01153365429,0.007999291644,-0.001861462719,0.00317746331,2
0.01153365429,0.007856126875,-0.00199451088,0.003236555029,2
0.01153365429,0.007712963037,-0.002126861131,0.003387723584,1
0.01153365429,0.0075697992,-0.002003160072,0.003083784366,1
0.01153365429,0.007426635362,-0.001957200933,0.003196290461,1
0.01153365429,0.007283471059,-0.001983206021,0.003288186854,1
0.01153365429,0.007140307222,-0.001804151223,0.003197779646,1
0.01153365429,0.006997142918,-0.001538250363,0.002871069591,1
0.01153365429,0.006853979081,-0.001659156871,0.002711686073,1
0.01153365429,0.006710814778,-0.001766820904,0.002956203884,1
0.01153365429,0.00656765094,-0.001831051777,0.003226017347,1
0.01153365429,0.006424486637,-0.001694508712,0.003073462052,1
0.01153365429,0.0062813228,-0.001015691319,0.003025889164,1
0.01153365429,0.006138158496,-0.001239588601,0.002637159778,1
0.01153365429,0.005994994659,-0.001711411984,0.00287370733,2
0.01153365429,0.005851830821,-0.002276529092,0.002950629918,1
0.01153365429,0.005708666518,-0.002228475874,0.002797310473,1
0.01153365429,0.005565502681,-0.001629377017,0.002843193477,2
0.01153365429,0.005422338378,-0.001604346209,0.002798946341,2
0.01153365429,0.00527917454,-0.00160518242,0.002714989474,1
0.01153365429,0.005136010237,-0.001493551768,0.002665902721,1
0.01153365429,0.0049928464,-0.001470636693,0.002770447172,1
0.01153365429,0.004849682096,-0.001383946394,0.002723385813,1
0.01153365429,0.004706518259,-0.00129559543,0.00254025124,1
0.01153365429,0.004563353956,-0.001328232,0.002423365833,1
0.01153365429,0.004420190118,-0.001402812311,0.00259446539,1
0.01153365429,0.004277025815,-0.001331895823,0.002646497916,1
0.01153365429,0.004133861978,-0.001223639818,0.002480441472,2
0.01153365429,0.00399069814,-0.0009850177448,0.002772079082,1
0.01153365429,0.003847533837,-0.001220968552,0.00273522269,1
0.01153365429,0.003704369767,-0.001305334619,0.002381056547,1
0.01153365429,0.003561205696,-0.001299442025,0.00242993189,1
0.01153365429,0.003418041626,-0.001262257458,0.002363184933,1
0.01153365429,0.003274877556,-0.0009151814738,0.002204500604,1
0.01153365429,0.003131713718,-0.0006497536087,0.002290689619,1
0.01153365429,0.002988549648,-0.0007605384453,0.002615779405,1
0.01153365429,0.002845385578,-0.000696229341,0.002636386314,1
0.01153365429,0.002702221507,-0.000910198607,0.002576126019,1
0.01153365429,0.002559057437,-0.0008794995956,0.00228662719,1
0.01153365429,0.002415893367,-0.0006082705222,0.002112818416,1
0.01153365429,0.002272729296,-0.0005713372375,0.001957761124,1
0.01153365429,0.002129565226,-0.0005350012216,0.002515974222,1
0.01153365429,0.001986401156,-0.0005254460266,0.002932108939,1
0.01153365429,0.001843237202,-0.0004210026818,0.002386253793,1
0.01153365429,0.001700073131,-0.0003938293376,0.002228038386,1
0.01153365429,0.001556909061,-0.0002399766381,0.002163047204,1
0.01153365429,0.001413744991,-0.000276709121,0.002130158013,1
0.01153365429,0.00127058092,-0.0002736624447,0.002098460682,1
0.01153365429,0.00112741685,-0.000437633571,0.001996548846,1
0.01153365429,0.0009842528962,-0.0002970389905,0.002001073677,1
0.01153365429,0.0008410888258,-0.0002308043186,0.002018900588,1
0.01153365429,0.0006979247555,-0.0002768273989,0.001869230648,1
0.01153365429,0.0005547606852,-0.0004412930575,0.002137792064,1
0.01153365429,0.000411596644,-0.0006910940865,0.002414966235,1
0.01153365429,0.0002684326028,-0.0009028398199,0.002525274875,1
0.01153365429,0.000125268547,-0.001065377495,0.002106846077,1
0.01167681813,0.01916608773,-0.002739868127,0.005134087522,1
0.01167681813,0.01902292296,-0.002753578359,0.005115255713,2
0.01167681813,0.01887976006,-0.002899233485,0.004979981109,2
0.01167681813,0.01873659529,-0.003286846448,0.004945719149,1
0.01167681813,0.01859343052,-0.003110507503,0.005078271497,2
0.01167681813,0.01845026761,-0.003282903461,0.00515834894,2
0.01167681813,0.01830710284,-0.003571350127,0.00517522404,2
0.01167681813,0.01816393808,-0.003843225073,0.005137398373,2
0.01167681813,0.01802077517,-0.003703510854,0.005102213938,2
0.01167681813,0.0178776104,-0.0037997053,0.005099541973,1
0.01167681813,0.01773444749,-0.004153104965,0.004534003325,1
0.01167681813,0.01759128273,-0.003862273647,0.004716991447,1
0.01167681813,0.01744811796,-0.004076051526,0.004798901267,1
0.01167681813,0.01730495505,-0.004138933029,0.004893763922,1
0.01167681813,0.01716179028,-0.00412169937,0.005040796939,1
0.01167681813,0.01701862738,-0.004243371077,0.005158729851,1
0.01167681813,0.01687546261,-0.003768819384,0.004345814232,1
0.01167681813,0.01673229784,-0.00364972814,0.004179615062,1
0.01167681813,0.01658913493,-0.003857303644,0.00420931587,1
0.01167681813,0.01644597016,-0.004027897026,0.005267033819,1
0.01167681813,0.01630280726,-0.004165476188,0.005439193454,1
0.01167681813,0.01615964249,-0.004374401644,0.004449373111,1
0.01167681813,0.01601647772,-0.004218504764,0.004991662223,2
0.01167681813,0.01587331481,-0.004153100774,0.005148917902,1
0.01167681813,0.01573015004,-0.00409258157,0.005277263466,1
0.01167681813,0.01558698621,-0.0040439656,0.005070863292,1
0.01167681813,0.01544382237,-0.003844012972,0.004854506347,1
0.01167681813,0.0153006576,-0.003817376215,0.004887689371,1
0.01167681813,0.01515749376,-0.003619269468,0.004977120087,1
0.01167681813,0.01501432993,-0.002892189426,0.004750525113,2
0.01167681813,0.01487116609,-0.002516645472,0.004686788656,2
0.01167681813,0.01472800132,-0.002341594081,0.004596141167,2
0.01167681813,0.01458483748,-0.002287649084,0.004717262462,2
0.01167681813,0.01444167364,-0.00255724811,0.004960739519,1
0.01167681813,0.01429850981,-0.002382650971,0.004011753015,1
0.01167681813,0.01415534597,-0.001577595365,0.004860298242,1
0.01167681813,0.0140121812,-0.002524084412,0.004704845138,1
0.01167681813,0.01386901736,-0.002272538142,0.004487317055,1
0.01167681813,0.01372585353,-0.002171561588,0.004537504166,1
0.01167681813,0.01358268969,-0.002064576605,0.004522407893,1
0.01167681813,0.01343952492,-0.002221323783,0.004780704621,1
0.01167681813,0.01329636108,-0.00212737266,0.004685725551,2
0.01167681813,0.01315319724,-0.002094119787,0.004703477491,1
0.01167681813,0.01301003341,-0.002066932153,0.004539613146,1
0.01167681813,0.01286686864,-0.002064003609,0.004417540971,1
0.01167681813,0.0127237048,-0.002094788942,0.00444837939,1
0.01167681813,0.01258054096,-0.002236512722,0.004837565124,1
0.01167681813,0.01243737713,-0.002159395488,0.0047906572,1
0.01167681813,0.01229421329,-0.002026435453,0.004345547874,1
0.01167681813,0.01215104852,-0.001855031704,0.004296330735,1
0.01167681813,0.01200788468,-0.001819874626,0.004071178846,1
0.01167681813,0.01186472084,-0.001903115539,0.003986720461,1
0.01167681813,0.01172155701,-0.002043738496,0.004140699748,1
0.01167681813,0.01157839224,-0.001905395882,0.00443547545,1
0.01167681813,0.0114352284,-0.001912674634,0.004418591969,1
0.01167681813,0.01129206456,-0.001948777935,0.004522010684,1
0.01167681813,0.01114890072,-0.00198195572,0.004290848505,1
0.01167681813,0.01100573689,-0.002256886102,0.003882736666,1
0.01167681813,0.01086257212,-0.002111625392,0.003877611831,1
0.01167681813,0.01071940828,-0.002004632261,0.004456842318,1
0.01167681813,0.01057624444,-0.001946390257,0.003499681596,1
0.01167681813,0.01043308061,-0.001936242101,0.003558701836,1
0.01167681813,0.01028991584,-0.001920537907,0.003718579886,1
0.01167681813,0.010146752,-0.001914745895,0.003758385079,1
0.01167681813,0.01000358816,-0.001534099225,0.003773779143,1
0.01167681813,0.009860424325,-0.001904542325,0.004049032927,1
0.01167681813,0.009717259556,-0.001957405359,0.004059545696,1
0.01167681813,0.009574095719,-0.002002076712,0.003616754664,2
0.01167681813,0.009430931881,-0.001986673567,0.003575196723,2
0.01167681813,0.009287768044,-0.001949870144,0.003620465985,1
0.01167681813,0.009144604206,-0.001913488959,0.003478177357,1
0.01167681813,0.009001439437,-0.001941237599,0.003366888501,1
0.01167681813,0.0088582756,-0.001859965734,0.003356892616,1
0.01167681813,0.008715111762,-0.001829211018,0.003376016393,1
0.01167681813,0.008571947925,-0.001933434396,0.003226773348,1
0.01167681813,0.008428783156,-0.001831530128,0.003309762571,1
0.01167681813,0.008285619318,-0.001727382652,0.0035116449,1
0.01167681813,0.008142455481,-0.001853104681,0.003577207914,1
0.01167681813,0.007999291644,-0.001924160868,0.003574122675,2
0.01167681813,0.007856126875,-0.002040568972,0.003478825092,2
0.01167681813,0.007712963037,-0.002091037808,0.003577568568,1
0.01167681813,0.0075697992,-0.001961094327,0.003203028813,1
0.01167681813,0.007426635362,-0.001862253877,0.003128524171,1
0.01167681813,0.007283471059,-0.002007557545,0.003468146082,1
0.01167681813,0.007140307222,-0.001938661444,0.003504631808,1
0.01167681813,0.006997142918,-0.001264583669,0.003321040887,1
0.01167681813,0.006853979081,-0.001550100511,0.003027721541,1
0.01167681813,0.006710814778,-0.001675117295,0.003228820395,1
0.01167681813,0.00656765094,-0.001704191905,0.003318143776,1
0.01167681813,0.006424486637,-0.001549958601,0.003121076617,1
0.01167681813,0.0062813228,-0.001318674651,0.002923998283,2
0.01167681813,0.006138158496,-0.001386805903,0.002905951813,2
0.01167681813,0.005994994659,-0.001638589194,0.003075517714,2
0.01167681813,0.005851830821,-0.001952557592,0.003550697817,1
0.01167681813,0.005708666518,-0.001905535581,0.003427972086,1
0.01167681813,0.005565502681,-0.001211450901,0.002960398328,1
0.01167681813,0.005422338378,-0.001969890669,0.00290578953,1
0.01167681813,0.00527917454,-0.001605228637,0.002767435508,1
0.01167681813,0.005136010237,-0.001444532187,0.002650532639,1
0.01167681813,0.0049928464,-0.00139048812,0.002642386593,1
0.01167681813,0.004849682096,-0.001190284383,0.002502223942,1
0.01167681813,0.004706518259,-0.001004716381,0.002416318748,1
0.01167681813,0.004563353956,-0.001161442604,0.002525022021,1
0.01167681813,0.004420190118,-0.001224468346,0.002720645396,1
0.01167681813,0.004277025815,-0.001266229432,0.002849996556,1
0.01167681813,0.004133861978,-0.001053830376,0.00258886884,2
0.01167681813,0.00399069814,-0.000731427921,0.00228985236,1
0.01167681813,0.003847533837,-0.0008617890417,0.002395372838,1
0.01167681813,0.003704369767,-0.001290869084,0.002518242458,1
0.01167681813,0.003561205696,-0.001164244837,0.002407375723,1
0.01167681813,0.003418041626,-0.001203601714,0.002441018587,1
0.01167681813,0.003274877556,-0.001166397822,0.00248217769,1
0.01167681813,0.003131713718,-0.001030085376,0.002413775539,1
0.01167681813,0.002988549648,-0.001006436651,0.002424144186,2
0.01167681813,0.002845385578,-0.001230787486,0.002380752005,1
0.01167681813,0.002702221507,-0.0006384021253,0.00232887012,1
0.01167681813,0.002559057437,-0.000673218281,0.002225448843,1
0.01167681813,0.002415893367,-0.0005764651578,0.002129468834,1
0.01167681813,0.002272729296,-0.0005056370865,0.001989384415,1
0.01167681813,0.002129565226,-0.0003882643359,0.002410488902,1
0.01167681813,0.001986401156,-0.0003489748633,0.002604870824,1
0.01167681813,0.001843237202,-0.0004205456062,0.002260590903,1
0.01167681813,0.001700073131,-0.0004404562351,0.002350688446,1
0.01167681813,0.001556909061,-0.0004879953049,0.002363767242,1
0.01167681813,0.001413744991,-0.0003393265652,0.00207275548,1
0.01167681813,0.00127058092,-0.0008808086277,0.001881721662,1
0.01167681813,0.00112741685,-0.0005496456288,0.00187861803,1
0.01167681813,0.0009842528962,-0.0001320296433,0.001975610619,1
0.01167681813,0.0008410888258,-0.0003052608226,0.002125548199,1
0.01167681813,0.0006979247555,-0.000288078736,0.002019039355,1
0.01167681813,0.0005547606852,-0.0004591089091,0.002390640555,1
0.01167681813,0.000411596644,-0.0006996507873,0.002410575049,1
0.01167681813,0.0002684326028,-0.000952590839,0.002303068293,1
0.01167681813,0.000125268547,-0.001042862074,0.002152644796,1
0.01181998197,0.01916608773,-0.003226668574,0.005397713743,1
0.01181998197,0.01902292296,-0.002602768829,0.005443190224,1
0.01181998197,0.01887976006,-0.002714466071,0.005236585625,1
0.01181998197,0.01873659529,-0.002539544832,0.00506530283,1
0.01181998197,0.01859343052,-0.002909321571,0.005456600804,1
0.01181998197,0.01845026761,-0.003406333737,0.005479672924,2
0.01181998197,0.01830710284,-0.004040170461,0.005583649967,2
0.01181998197,0.01816393808,-0.005283851642,0.005799335428,1
0.01181998197,0.01802077517,-0.004266270902,0.005747302901,1
0.01181998197,0.0178776104,-0.004311831202,0.005558400415,1
0.01181998197,0.01773444749,-0.004167592153,0.005383247975,1
0.01181998197,0.01759128273,-0.004047865048,0.005335872527,1
0.01181998197,0.01744811796,-0.004224611912,0.005163130816,1
0.01181998197,0.01730495505,-0.004304442089,0.005033351481,1
0.01181998197,0.01716179028,-0.004098328762,0.005053940695,1
0.01181998197,0.01701862738,-0.004068793729,0.004641158506,1
0.01181998197,0.01687546261,-0.003844418097,0.004371650517,1
0.01181998197,0.01673229784,-0.003789171111,0.00430900231,1
0.01181998197,0.01658913493,-0.004097764846,0.004417521879,1
0.01181998197,0.01644597016,-0.004515516572,0.005207196344,1
0.01181998197,0.01630280726,-0.004405759275,0.005230975803,3
0.01181998197,0.01615964249,-0.004474125803,0.005349603947,1
0.01181998197,0.01601647772,-0.004339317326,0.005666486453,1
0.01181998197,0.01587331481,-0.004247896373,0.005449706223,1
0.01181998197,0.01573015004,-0.004081419203,0.005474044476,1
0.01181998197,0.01558698621,-0.003966810182,0.005418422166,1
0.01181998197,0.01544382237,-0.004021245986,0.005274165422,1
0.01181998197,0.0153006576,-0.003366942285,0.005068167113,1
0.01181998197,0.01515749376,-0.003229155904,0.00519778626,1
0.01181998197,0.01501432993,-0.003076024819,0.005516929086,1
0.01181998197,0.01487116609,-0.00245960406,0.005077554844,1
0.01181998197,0.01472800132,-0.002308548894,0.004485499579,1
0.01181998197,0.01458483748,-0.002325087553,0.004635231104,1
0.01181998197,0.01444167364,-0.002934280783,0.005721323658,1
0.01181998197,0.01429850981,-0.002536062384,0.00506173633,2
0.01181998197,0.01415534597,-0.002121703699,0.005123364739,1
0.01181998197,0.0140121812,-0.002045793924,0.004832217004,1
0.01181998197,0.01386901736,-0.002246160991,0.004845506512,1
0.01181998197,0.01372585353,-0.002159443451,0.004774589557,1
0.01181998197,0.01358268969,-0.00201437599,0.004614754114,1
0.01181998197,0.01343952492,-0.002053672913,0.004954559263,1
0.01181998197,0.01329636108,-0.002003001049,0.005005020648,1
0.01181998197,0.01315319724,-0.002011015778,0.004986780696,1
0.01181998197,0.01301003341,-0.001976846252,0.004715099931,1
0.01181998197,0.01286686864,-0.00197575218,0.004577328451,1
0.01181998197,0.0127237048,-0.002023082459,0.004588064738,1
0.01181998197,0.01258054096,-0.00201265607,0.004588480573,1
0.01181998197,0.01243737713,-0.002102764556,0.004513448104,1
0.01181998197,0.01229421329,-0.002035159152,0.004543079995,1
0.01181998197,0.01215104852,-0.001926388592,0.004408841953,2
0.01181998197,0.01200788468,-0.001883546123,0.004331931937,2
0.01181998197,0.01186472084,-0.001859128592,0.004591512028,1
0.01181998197,0.01172155701,-0.001932112616,0.004497380927,1
0.01181998197,0.01157839224,-0.001927192323,0.004469141364,1
0.01181998197,0.0114352284,-0.001876391703,0.004345083144,1
0.01181998197,0.01129206456,-0.001885440899,0.004182024859,1
0.01181998197,0.01114890072,-0.002193155466,0.004272997845,2
0.01181998197,0.01100573689,-0.00251405267,0.004164845217,1
0.01181998197,0.01086257212,-0.00263465778,0.004156729206,1
0.01181998197,0.01071940828,-0.002229819074,0.004073641729,1
0.01181998197,0.01057624444,-0.001850635628,0.00369178853,1
0.01181998197,0.01043308061,-0.001870565931,0.003727130359,1
0.01181998197,0.01028991584,-0.001895565423,0.00384799228,1
0.01181998197,0.010146752,-0.001883718069,0.003917295951,1
0.01181998197,0.01000358816,-0.001791113173,0.003983314615,2
0.01181998197,0.009860424325,-0.001895296969,0.004346949514,1
0.01181998197,0.009717259556,-0.002086302731,0.00439615408,1
0.01181998197,0.009574095719,-0.002015442355,0.004017870873,1
0.01181998197,0.009430931881,-0.002038666047,0.003806747962,1
0.01181998197,0.009287768044,-0.001920148847,0.003563439474,1
0.01181998197,0.009144604206,-0.001703538233,0.003386303084,1
0.01181998197,0.009001439437,-0.001891049789,0.003534745192,1
0.01181998197,0.0088582756,-0.001831653644,0.003538713325,1
0.01181998197,0.008715111762,-0.001798789133,0.003650157247,1
0.01181998197,0.008571947925,-0.001833278919,0.003403855953,1
0.01181998197,0.008428783156,-0.001835101633,0.003369376296,1
0.01181998197,0.008285619318,-0.001825737068,0.00352159352,1
0.01181998197,0.008142455481,-0.001920738956,0.00405257754,1
0.01181998197,0.007999291644,-0.001941507333,0.004062994849,1
0.01181998197,0.007856126875,-0.0021525661,0.003527054098,1
0.01181998197,0.007712963037,-0.002053475939,0.003505614586,2
0.01181998197,0.0075697992,-0.001893176697,0.003426778829,1
0.01181998197,0.007426635362,-0.001909744577,0.003454493592,1
0.01181998197,0.007283471059,-0.001964644063,0.003741241759,1
0.01181998197,0.007140307222,-0.001889299252,0.003783723107,1
0.01181998197,0.006997142918,-0.00152326317,0.003647002392,1
0.01181998197,0.006853979081,-0.001464506262,0.003622662043,1
0.01181998197,0.006710814778,-0.001446598559,0.003467152594,1
0.01181998197,0.00656765094,-0.001396745211,0.00334544736,1
0.01181998197,0.006424486637,-0.001301694778,0.003062115284,1
0.01181998197,0.0062813228,-0.001322242548,0.002643075073,1
0.01181998197,0.006138158496,-0.001350371283,0.002987131476,1
0.01181998197,0.005994994659,-0.001503581181,0.002971713897,1
0.01181998197,0.005851830821,-0.001596208778,0.003149758093,1
0.01181998197,0.005708666518,-0.001643458032,0.00320802303,1
0.01181998197,0.005565502681,-0.001777391997,0.00320365373,1
0.01181998197,0.005422338378,-0.001798572252,0.003052359913,1
0.01181998197,0.00527917454,-0.002148763277,0.002664204687,1
0.01181998197,0.005136010237,-0.001584822079,0.002807821613,1
0.01181998197,0.0049928464,-0.001428233227,0.002714307979,1
0.01181998197,0.004849682096,-0.001251950045,0.002541564871,1
0.01181998197,0.004706518259,-0.001010030042,0.002487920225,1
0.01181998197,0.004563353956,-0.001048480393,0.002696456853,1
0.01181998197,0.004420190118,-0.001103344373,0.002804523567,1
0.01181998197,0.004277025815,-0.001131737139,0.002920527942,1
0.01181998197,0.004133861978,-0.0009940242162,0.002735185204,2
0.01181998197,0.00399069814,-0.0007998783258,0.002459399169,1
0.01181998197,0.003847533837,-0.0008509288891,0.00242085685,1
0.01181998197,0.003704369767,-0.001228952315,0.002786153462,1
0.01181998197,0.003561205696,-0.0009857432451,0.002536289627,1
0.01181998197,0.003418041626,-0.001069729798,0.002592931502,1
0.01181998197,0.003274877556,-0.001042227726,0.002663152525,1
0.01181998197,0.003131713718,-0.001027218299,0.00251485873,1
0.01181998197,0.002988549648,-0.00100433547,0.002286270028,1
0.01181998197,0.002845385578,-0.001268625376,0.002416991163,1
0.01181998197,0.002702221507,-0.0004767185019,0.002317720326,1
0.01181998197,0.002559057437,-0.0007055028109,0.002353734337,1
0.01181998197,0.002415893367,-0.0006018025451,0.002312203636,1
0.01181998197,0.002272729296,-0.000413908856,0.002079141792,1
0.01181998197,0.002129565226,-0.0004441689234,0.002221699106,1
0.01181998197,0.001986401156,-0.0005597540294,0.002176648006,1
0.01181998197,0.001843237202,-0.00047573747,0.002219714224,1
0.01181998197,0.001700073131,-0.0004128167639,0.002393228002,1
0.01181998197,0.001556909061,-0.0004483529192,0.002474146429,1
0.01181998197,0.001413744991,-0.0004188608145,0.002061200095,1
0.01181998197,0.00127058092,-0.0009692480671,0.001815144788,1
0.01181998197,0.00112741685,-0.0005878927768,0.001829069457,1
0.01181998197,0.0009842528962,-0.0002672522969,0.002050472889,1
0.01181998197,0.0008410888258,-0.0001791856193,0.002377265366,1
0.01181998197,0.0006979247555,-0.0003394398955,0.002456663642,2
0.01181998197,0.0005547606852,-0.0004130023008,0.002561517991,1
0.01181998197,0.000411596644,-0.0004670876951,0.002475494519,1
0.01181998197,0.0002684326028,-0.0005560756545,0.002459260635,1
0.01181998197,0.000125268547,-0.0004289578355,0.00246204203,1
0.01196314581,0.01916608773,-0.003180911997,0.00553410314,2
0.01196314581,0.01902292296,-0.003035553498,0.005716396961,1
0.01196314581,0.01887976006,-0.0026198579,0.005367540289,1
0.01196314581,0.01873659529,-0.002662521554,0.005351586733,1
0.01196314581,0.01859343052,-0.002865228103,0.005672060419,1
0.01196314581,0.01845026761,-0.003392939689,0.005720091518,2
0.01196314581,0.01830710284,-0.003899145406,0.005880367942,2
0.01196314581,0.01816393808,-0.004366405308,0.006130136549,2
0.01196314581,0.01802077517,-0.004532692488,0.006125828717,1
0.01196314581,0.0178776104,-0.004672751762,0.005957780406,1
0.01196314581,0.01773444749,-0.00446110405,0.005791354924,1
0.01196314581,0.01759128273,-0.004243353382,0.005678908434,1
0.01196314581,0.01744811796,-0.0041912538,0.005489842966,1
0.01196314581,0.01730495505,-0.004283731338,0.005512714852,1
0.01196314581,0.01716179028,-0.004210859537,0.005323950201,1
0.01196314581,0.01701862738,-0.00406283699,0.005033042748,1
0.01196314581,0.01687546261,-0.0039453879,0.004787932616,1
0.01196314581,0.01673229784,-0.004003911279,0.004762097262,1
0.01196314581,0.01658913493,-0.00422587432,0.00471361354,1
0.01196314581,0.01644597016,-0.00453210948,0.005078604445,1
0.01196314581,0.01630280726,-0.004804628436,0.00613673171,1
0.01196314581,0.01615964249,-0.00445876224,0.005611715838,1
0.01196314581,0.01601647772,-0.004307661671,0.00589480577,1
0.01196314581,0.01587331481,-0.004201671574,0.005699093919,1
0.01196314581,0.01573015004,-0.003765140427,0.005277744494,1
0.01196314581,0.01558698621,-0.003683052026,0.005375288893,1
0.01196314581,0.01544382237,-0.003573042573,0.005397472996,2
0.01196314581,0.0153006576,-0.003063560463,0.005372907035,1
0.01196314581,0.01515749376,-0.003186039627,0.005576252006,1
0.01196314581,0.01501432993,-0.003160479246,0.005855736323,1
0.01196314581,0.01487116609,-0.003353802022,0.006315019447,1
0.01196314581,0.01472800132,-0.00282921223,0.005504857749,2
0.01196314581,0.01458483748,-0.002857220592,0.005204032175,1
0.01196314581,0.01444167364,-0.003229998285,0.005500746891,1
0.01196314581,0.01429850981,-0.002705614315,0.005390504841,2
0.01196314581,0.01415534597,-0.002394308336,0.00537011167,2
0.01196314581,0.0140121812,-0.002427325817,0.005631996319,1
0.01196314581,0.01386901736,-0.002356634708,0.00553611666,1
0.01196314581,0.01372585353,-0.002219363116,0.005201167427,1
0.01196314581,0.01358268969,-0.002143266145,0.005150994286,1
0.01196314581,0.01343952492,-0.002156154951,0.005172244273,1
0.01196314581,0.01329636108,-0.00207047537,0.005128949881,1
0.01196314581,0.01315319724,-0.001968336059,0.005336367059,1
0.01196314581,0.01301003341,-0.002001206623,0.005064537283,1
0.01196314581,0.01286686864,-0.001893701265,0.004716165829,1
0.01196314581,0.0127237048,-0.00189814542,0.004810670856,1
0.01196314581,0.01258054096,-0.001850011642,0.004545520525,1
0.01196314581,0.01243737713,-0.001876014634,0.00481483154,1
0.01196314581,0.01229421329,-0.001941886032,0.004581524059,1
0.01196314581,0.01215104852,-0.001931817154,0.004464026075,1
0.01196314581,0.01200788468,-0.001928792801,0.004256194923,1
0.01196314581,0.01186472084,-0.001978753833,0.004599162843,1
0.01196314581,0.01172155701,-0.001974922605,0.004683674779,1
0.01196314581,0.01157839224,-0.001943720388,0.004431318957,1
0.01196314581,0.0114352284,-0.001862983219,0.004286679905,1
0.01196314581,0.01129206456,-0.001869469299,0.004404620267,1
0.01196314581,0.01114890072,-0.002391172573,0.004454273265,1
0.01196314581,0.01100573689,-0.002807801589,0.004463119898,1
0.01196314581,0.01086257212,-0.002422359074,0.004410287365,1
0.01196314581,0.01071940828,-0.002138564363,0.004303338472,1
0.01196314581,0.01057624444,-0.001629944309,0.004020624794,1
0.01196314581,0.01043308061,-0.001629012753,0.003982548136,1
0.01196314581,0.01028991584,-0.001858482952,0.003681233851,1
0.01196314581,0.010146752,-0.00183393585,0.003731963225,1
0.01196314581,0.01000358816,-0.001851338544,0.003895233385,2
0.01196314581,0.009860424325,-0.001930577913,0.004448446445,1
0.01196314581,0.009717259556,-0.002052304801,0.00459518563,1
0.01196314581,0.009574095719,-0.002234697808,0.004095685668,1
0.01196314581,0.009430931881,-0.002208834747,0.003853954142,1
0.01196314581,0.009287768044,-0.002146242419,0.003737736493,1
0.01196314581,0.009144604206,-0.00187302602,0.003594710259,2
0.01196314581,0.009001439437,-0.001898466726,0.003784645116,1
0.01196314581,0.0088582756,-0.001888743835,0.003775186138,1
0.01196314581,0.008715111762,-0.002131811809,0.004098502919,1
0.01196314581,0.008571947925,-0.001786114415,0.003594203852,1
0.01196314581,0.008428783156,-0.001785143395,0.003756455611,1
0.01196314581,0.008285619318,-0.001831111033,0.003939486574,1
0.01196314581,0.008142455481,-0.001966937212,0.004078895319,1
0.01196314581,0.007999291644,-0.001984588569,0.004126859829,1
0.01196314581,0.007856126875,-0.002091821516,0.003874939634,1
0.01196314581,0.007712963037,-0.002077122917,0.003491056617,1
0.01196314581,0.0075697992,-0.001882024924,0.004112880677,1
0.01196314581,0.007426635362,-0.00188948412,0.004206724465,1
0.01196314581,0.007283471059,-0.001791572664,0.004463060759,1
0.01196314581,0.007140307222,-0.001699089771,0.004354526754,1
0.01196314581,0.006997142918,-0.001609724015,0.003873976646,1
0.01196314581,0.006853979081,-0.001537710195,0.003861315781,1
0.01196314581,0.006710814778,-0.001488163485,0.003598334733,1
0.01196314581,0.00656765094,-0.001449523028,0.003409724217,1
0.01196314581,0.006424486637,-0.001398145221,0.003137585009,1
0.01196314581,0.0062813228,-0.001371845719,0.003054436296,1
0.01196314581,0.006138158496,-0.001530812704,0.002836263506,1
0.01196314581,0.005994994659,-0.001447235583,0.00305495155,1
0.01196314581,0.005851830821,-0.001389240031,0.003292404581,1
0.01196314581,0.005708666518,-0.001671966631,0.0032510038,1
0.01196314581,0.005565502681,-0.002122045495,0.002951276256,3
0.01196314581,0.005422338378,-0.001533164992,0.003117132466,1
0.01196314581,0.00527917454,-0.001718588406,0.003137444379,2
0.01196314581,0.005136010237,-0.001673737075,0.002978513716,1
0.01196314581,0.0049928464,-0.001561630517,0.002721655415,1
0.01196314581,0.004849682096,-0.001571063651,0.002939217258,1
0.01196314581,0.004706518259,-0.001268489868,0.002907725982,2
0.01196314581,0.004563353956,-0.001113736536,0.002954768017,1
0.01196314581,0.004420190118,-0.001077542547,0.002942182356,1
0.01196314581,0.004277025815,-0.001039211173,0.003020382952,1
0.01196314581,0.004133861978,-0.0009906510822,0.002971944399,1
0.01196314581,0.00399069814,-0.0009932041867,0.002829170087,1
0.01196314581,0.003847533837,-0.000965332787,0.002736148192,1
0.01196314581,0.003704369767,-0.00105532317,0.002854484366,1
0.01196314581,0.003561205696,-0.001190989278,0.002913056174,1
0.01196314581,0.003418041626,-0.00062357774,0.00276964088,1
0.01196314581,0.003274877556,-0.0007561572711,0.002812427003,1
0.01196314581,0.003131713718,-0.000917829806,0.002691738307,1
0.01196314581,0.002988549648,-0.0009462831658,0.002497417387,1
0.01196314581,0.002845385578,-0.0009392372449,0.002572595142,2
0.01196314581,0.002702221507,-0.0006338449894,0.002487327671,1
0.01196314581,0.002559057437,-0.0007585143903,0.002588277683,1
0.01196314581,0.002415893367,-0.0006894798717,0.002619549399,1
0.01196314581,0.002272729296,-0.0004322071618,0.00223733834,1
0.01196314581,0.002129565226,-0.0004809117527,0.002318487503,1
0.01196314581,0.001986401156,-0.0004792278633,0.002421200043,1
0.01196314581,0.001843237202,-0.0004134881601,0.002284412505,1
0.01196314581,0.001700073131,-0.0003627767146,0.002475976245,1
0.01196314581,0.001556909061,-0.0003156784805,0.002720156219,1
0.01196314581,0.001413744991,-0.0006402010331,0.002448310377,2
0.01196314581,0.00127058092,-0.001127204276,0.002232235624,1
0.01196314581,0.00112741685,-0.0007790184463,0.002156107686,1
0.01196314581,0.0009842528962,-0.000600083149,0.002510284074,1
0.01196314581,0.0008410888258,-0.0003746015718,0.002795884386,2
0.01196314581,0.0006979247555,-0.0004774928966,0.002868831391,1
0.01196314581,0.0005547606852,-0.0003203919914,0.002520719543,1
0.01196314581,0.000411596644,-0.0002148168714,0.002587277209,1
0.01196314581,0.0002684326028,-0.000333579228,0.002752796747,1
0.01196314581,0.000125268547,-0.000726640108,0.002522293711,1
0.01210630964,0.01916608773,-0.003280513454,0.005488197785,3
0.01210630964,0.01902292296,-0.002973141149,0.005705376621,1
0.01210630964,0.01887976006,-0.003090234706,0.005488910712,1
0.01210630964,0.01873659529,-0.003342344658,0.005698074121,1
0.01210630964,0.01859343052,-0.003099241992,0.005763715599,2
0.01210630964,0.01845026761,-0.003401051741,0.005848264322,1
0.01210630964,0.01830710284,-0.003797066165,0.006087594666,1
0.01210630964,0.01816393808,-0.003749931697,0.006715014577,3
0.01210630964,0.01802077517,-0.004274399951,0.006126821972,1
0.01210630964,0.0178776104,-0.004572921433,0.005926793907,1
0.01210630964,0.01773444749,-0.004541643895,0.005846404005,1
0.01210630964,0.01759128273,-0.004343277309,0.006104694214,1
0.01210630964,0.01744811796,-0.004245466087,0.005626348779,1
0.01210630964,0.01730495505,-0.004319449887,0.005824878346,1
0.01210630964,0.01716179028,-0.004324410111,0.005521956366,1
0.01210630964,0.01701862738,-0.004373904783,0.00552616315,1
0.01210630964,0.01687546261,-0.004337227903,0.005347195081,1
0.01210630964,0.01673229784,-0.004214304499,0.005251111928,1
0.01210630964,0.01658913493,-0.004349056631,0.005077971146,1
0.01210630964,0.01644597016,-0.004338657483,0.004810615908,1
0.01210630964,0.01630280726,-0.00449803425,0.005691558588,2
0.01210630964,0.01615964249,-0.004491720349,0.005731971003,1
0.01210630964,0.01601647772,-0.004571326543,0.005756426137,1
0.01210630964,0.01587331481,-0.004443898797,0.005916209891,1
0.01210630964,0.01573015004,-0.003712663427,0.005324511323,1
0.01210630964,0.01558698621,-0.00327818864,0.005082478747,1
0.01210630964,0.01544382237,-0.00352431112,0.00556753017,1
0.01210630964,0.0153006576,-0.003689790377,0.005725124385,1
0.01210630964,0.01515749376,-0.003527640365,0.005944743752,1
0.01210630964,0.01501432993,-0.003296518698,0.00623124931,1
0.01210630964,0.01487116609,-0.003138256492,0.006606744602,1
0.01210630964,0.01472800132,-0.00279727811,0.006014879793,1
0.01210630964,0.01458483748,-0.00302843214,0.005809281953,1
0.01210630964,0.01444167364,-0.00312780845,0.005726344883,1
0.01210630964,0.01429850981,-0.002662088256,0.00562942354,1
0.01210630964,0.01415534597,-0.002322589513,0.005334581248,1
0.01210630964,0.0140121812,-0.002388416091,0.006084586028,1
0.01210630964,0.01386901736,-0.002374488395,0.00593605265,1
0.01210630964,0.01372585353,-0.002358390018,0.005643540993,1
0.01210630964,0.01358268969,-0.00226571504,0.005498789717,1
0.01210630964,0.01343952492,-0.002174234483,0.005453153048,1
0.01210630964,0.01329636108,-0.002138095209,0.005177863408,1
0.01210630964,0.01315319724,-0.001911745057,0.005792704877,1
0.01210630964,0.01301003341,-0.001910562976,0.005628032144,1
0.01210630964,0.01286686864,-0.001865084283,0.004683148582,1
0.01210630964,0.0127237048,-0.001819367637,0.004563443363,1
0.01210630964,0.01258054096,-0.002013269579,0.004676638637,1
0.01210630964,0.01243737713,-0.001838628319,0.005009526853,1
0.01210630964,0.01229421329,-0.001922648982,0.004760887939,1
0.01210630964,0.01215104852,-0.001935529057,0.00469556218,1
0.01210630964,0.01200788468,-0.001962356269,0.0047390447,1
0.01210630964,0.01186472084,-0.001957541797,0.004912741482,1
0.01210630964,0.01172155701,-0.00191980158,0.004884510301,1
0.01210630964,0.01157839224,-0.001972004306,0.004812611267,1
0.01210630964,0.0114352284,-0.001829868415,0.004821292125,1
0.01210630964,0.01129206456,-0.001864049933,0.004798566923,1
0.01210630964,0.01114890072,-0.002473248634,0.004763647914,1
0.01210630964,0.01100573689,-0.002655648394,0.004651303869,1
0.01210630964,0.01086257212,-0.002159185708,0.004654618446,1
0.01210630964,0.01071940828,-0.002120093908,0.004820034839,1
0.01210630964,0.01057624444,-0.001824988401,0.004504076671,1
0.01210630964,0.01043308061,-0.001708133263,0.004278790671,1
0.01210630964,0.01028991584,-0.001876899856,0.003898101393,1
0.01210630964,0.010146752,-0.001868171268,0.003725960152,1
0.01210630964,0.01000358816,-0.001849727472,0.003417210188,1
0.01210630964,0.009860424325,-0.002011454897,0.004559231456,1
0.01210630964,0.009717259556,-0.002051591873,0.004653475713,1
0.01210630964,0.009574095719,-0.00211937353,0.004155120812,1
0.01210630964,0.009430931881,-0.001952938037,0.003888676409,1
0.01210630964,0.009287768044,-0.00184768741,0.003843188984,1
0.01210630964,0.009144604206,-0.001743856817,0.003470156575,1
0.01210630964,0.009001439437,-0.00181844458,0.003848135704,1
0.01210630964,0.0088582756,-0.001954275416,0.00436709635,1
0.01210630964,0.008715111762,-0.001905057114,0.004259100184,2
0.01210630964,0.008571947925,-0.001910572406,0.004079483449,1
0.01210630964,0.008428783156,-0.001748491777,0.004147796892,1
0.01210630964,0.008285619318,-0.001755360514,0.003969530109,1
0.01210630964,0.008142455481,-0.00182721985,0.004031066783,1
0.01210630964,0.007999291644,-0.001874831389,0.004294930026,1
0.01210630964,0.007856126875,-0.001786862267,0.004238501657,1
0.01210630964,0.007712963037,-0.00188751996,0.004079670645,1
0.01210630964,0.0075697992,-0.001886239741,0.004501540214,1
0.01210630964,0.007426635362,-0.001847801032,0.004341971595,1
0.01210630964,0.007283471059,-0.001813312527,0.00446277624,1
0.01210630964,0.007140307222,-0.001766784932,0.00422112504,1
0.01210630964,0.006997142918,-0.00200983719,0.003840320278,1
0.01210630964,0.006853979081,-0.001646398567,0.003810434137,1
0.01210630964,0.006710814778,-0.001589616993,0.003657865804,1
0.01210630964,0.00656765094,-0.001555588678,0.003596606897,1
0.01210630964,0.006424486637,-0.001541124075,0.003481039312,1
0.01210630964,0.0062813228,-0.001543703722,0.003416376654,1
0.01210630964,0.006138158496,-0.001536465134,0.003141079564,1
0.01210630964,0.005994994659,-0.00153605442,0.003256486263,1
0.01210630964,0.005851830821,-0.001577714924,0.003615488531,1
0.01210630964,0.005708666518,-0.001684354269,0.003362098942,1
0.01210630964,0.005565502681,-0.001602197997,0.003254690906,1
0.01210630964,0.005422338378,-0.001390218618,0.00364159164,1
0.01210630964,0.00527917454,-0.001518688281,0.003789926181,1
0.01210630964,0.005136010237,-0.001612251624,0.003483620239,1
0.01210630964,0.0049928464,-0.00169197307,0.003239184618,1
0.01210630964,0.004849682096,-0.001742634806,0.003443848109,1
0.01210630964,0.004706518259,-0.001379129011,0.003248998895,2
0.01210630964,0.004563353956,-0.001149716787,0.003100061556,1
0.01210630964,0.004420190118,-0.001075592125,0.003459995845,1
0.01210630964,0.004277025815,-0.001054579043,0.003280876437,1
0.01210630964,0.004133861978,-0.0006601607893,0.003172329627,1
0.01210630964,0.00399069814,-0.0007138210349,0.003147188574,1
0.01210630964,0.003847533837,-0.0007856602897,0.003096967237,1
0.01210630964,0.003704369767,-0.0006099261809,0.00302430708,1
0.01210630964,0.003561205696,-0.0007459815242,0.00318173226,1
0.01210630964,0.003418041626,-0.000490921957,0.003055231879,1
0.01210630964,0.003274877556,-0.0006497796858,0.003030876629,1
0.01210630964,0.003131713718,-0.000869183219,0.002932987409,1
0.01210630964,0.002988549648,-0.001015700749,0.00280533731,1
0.01210630964,0.002845385578,-0.0009081955068,0.002888644813,2
0.01210630964,0.002702221507,-0.000778982765,0.002915231744,2
0.01210630964,0.002559057437,-0.0007541379309,0.003004745115,1
0.01210630964,0.002415893367,-0.0007212812197,0.002875568345,1
0.01210630964,0.002272729296,-0.0008127663168,0.002837382723,1
0.01210630964,0.002129565226,-0.0005135154934,0.00267100893,1
0.01210630964,0.001986401156,-0.0005076384405,0.002670551185,1
0.01210630964,0.001843237202,-0.0003839811834,0.00237534428,1
0.01210630964,0.001700073131,-0.0005154283717,0.00264885067,1
0.01210630964,0.001556909061,-0.0005742412177,0.002878053579,1
0.01210630964,0.001413744991,-0.0006990607362,0.002779649803,2
0.01210630964,0.00127058092,-0.000811369333,0.002930287272,1
0.01210630964,0.00112741685,-0.0008658286533,0.002951517235,1
0.01210630964,0.0009842528962,-0.0009039197466,0.002813332947,1
0.01210630964,0.0008410888258,-0.0002416445932,0.00342715648,1
0.01210630964,0.0006979247555,-0.0004174808273,0.002815973246,1
0.01210630964,0.0005547606852,-0.0001954540057,0.002598916413,1
0.01210630964,0.000411596644,-0.000165523059,0.002657308243,1
0.01210630964,0.0002684326028,-0.0004650460032,0.002873193705,1
0.01210630964,0.000125268547,-0.00110084191,0.002615216654,1
0.01224947441,0.01916608773,-0.002581217093,0.004643731751,1
0.01224947441,0.01902292296,-0.002928565955,0.005859052762,1
0.01224947441,0.01887976006,-0.003039855277,0.005665106233,1
0.01224947441,0.01873659529,-0.002797541674,0.005742490757,1
0.01224947441,0.01859343052,-0.002788343932,0.005836463533,1
0.01224947441,0.01845026761,-0.003219444305,0.00600489229,1
0.01224947441,0.01830710284,-0.00336457463,0.005957610905,1
0.01224947441,0.01816393808,-0.003871271852,0.006528505124,1
0.01224947441,0.01802077517,-0.004097990692,0.006364761386,1
0.01224947441,0.0178776104,-0.004336015787,0.005572753027,1
0.01224947441,0.01773444749,-0.004590981174,0.005476676393,1
0.01224947441,0.01759128273,-0.004452479538,0.005846742541,2
0.01224947441,0.01744811796,-0.004449998029,0.005809225142,1
0.01224947441,0.01730495505,-0.004491513129,0.005842030048,1
0.01224947441,0.01716179028,-0.004559456836,0.005775256548,1
0.01224947441,0.01701862738,-0.004647951573,0.005831804127,1
0.01224947441,0.01687546261,-0.004542458802,0.005670696497,1
0.01224947441,0.01673229784,-0.004345791414,0.005721386522,1
0.01224947441,0.01658913493,-0.004363812972,0.005628956482,1
0.01224947441,0.01644597016,-0.004344997462,0.005766484421,2
0.01224947441,0.01630280726,-0.004357130732,0.006086914334,2
0.01224947441,0.01615964249,-0.00417914195,0.006058722269,1
0.01224947441,0.01601647772,-0.004329148214,0.006112673786,1
0.01224947441,0.01587331481,-0.004211793188,0.005789890885,1
0.01224947441,0.01573015004,-0.003904480953,0.00568671478,1
0.01224947441,0.01558698621,-0.003253279021,0.00538964849,1
0.01224947441,0.01544382237,-0.003539453959,0.006002177484,1
0.01224947441,0.0153006576,-0.003823448904,0.006631289143,1
0.01224947441,0.01515749376,-0.003385918448,0.006179608405,1
0.01224947441,0.01501432993,-0.003334514331,0.006376752164,1
0.01224947441,0.01487116609,-0.0032953911,0.006671654526,1
0.01224947441,0.01472800132,-0.003189324867,0.006741180085,1
0.01224947441,0.01458483748,-0.002757095033,0.006289260462,1
0.01224947441,0.01444167364,-0.002802607371,0.006021571346,1
0.01224947441,0.01429850981,-0.002699498786,0.006003665738,1
0.01224947441,0.01415534597,-0.002494824817,0.005932676606,2
0.01224947441,0.0140121812,-0.002559541026,0.006297405809,1
0.01224947441,0.01386901736,-0.002482655691,0.006208535749,1
0.01224947441,0.01372585353,-0.002447225153,0.006007974967,1
0.01224947441,0.01358268969,-0.002418307588,0.00580207957,1
0.01224947441,0.01343952492,-0.002204979071,0.00568189146,1
0.01224947441,0.01329636108,-0.002143446822,0.005420129281,1
0.01224947441,0.01315319724,-0.002341828076,0.005989271216,1
0.01224947441,0.01301003341,-0.002213130705,0.005947640631,1
0.01224947441,0.01286686864,-0.002092034323,0.005627999548,1
0.01224947441,0.0127237048,-0.001915261964,0.005293905735,1
0.01224947441,0.01258054096,-0.0017871483,0.005502346903,1
0.01224947441,0.01243737713,-0.001845269231,0.005378679838,1
0.01224947441,0.01229421329,-0.002139469609,0.00532691041,1
0.01224947441,0.01215104852,-0.002009241842,0.005313158501,2
0.01224947441,0.01200788468,-0.002010478871,0.005389143247,1
0.01224947441,0.01186472084,-0.001964209601,0.00522991037,1
0.01224947441,0.01172155701,-0.001926755765,0.005145235918,1
0.01224947441,0.01157839224,-0.002047865186,0.005044852849,1
0.01224947441,0.0114352284,-0.001845042454,0.005244995933,1
0.01224947441,0.01129206456,-0.001927768113,0.005284442566,1
0.01224947441,0.01114890072,-0.002197598573,0.004853074905,3
0.01224947441,0.01100573689,-0.002170319669,0.004591275472,1
0.01224947441,0.01086257212,-0.002447408624,0.004719206132,1
0.01224947441,0.01071940828,-0.002227772027,0.004849222489,1
0.01224947441,0.01057624444,-0.002059636172,0.004610706121,1
0.01224947441,0.01043308061,-0.001900567673,0.004642779473,1
0.01224947441,0.01028991584,-0.001899323426,0.00449948106,1
0.01224947441,0.010146752,-0.00196815934,0.004209287465,1
0.01224947441,0.01000358816,-0.001885564649,0.004346994217,1
0.01224947441,0.009860424325,-0.001804102445,0.00480378326,1
0.01224947441,0.009717259556,-0.00237317034,0.004587188363,1
0.01224947441,0.009574095719,-0.002221363829,0.004210749641,1
0.01224947441,0.009430931881,-0.00176803791,0.00376713858,1
0.01224947441,0.009287768044,-0.001725465641,0.003678876907,1
0.01224947441,0.009144604206,-0.001473496668,0.003708018223,1
0.01224947441,0.009001439437,-0.00161469169,0.003798520425,1
0.01224947441,0.0088582756,-0.001834570314,0.004042677116,1
0.01224947441,0.008715111762,-0.001623568824,0.004491317086,2
0.01224947441,0.008571947925,-0.00139106717,0.004983646329,1
0.01224947441,0.008428783156,-0.001581785618,0.004504686687,2
0.01224947441,0.008285619318,-0.001565020997,0.004031632096,1
0.01224947441,0.008142455481,-0.001673094928,0.003711960977,1
0.01224947441,0.007999291644,-0.001680011512,0.004432173911,1
0.01224947441,0.007856126875,-0.001881343545,0.004653915763,1
0.01224947441,0.007712963037,-0.001863131882,0.004710890818,1
0.01224947441,0.0075697992,-0.001809726702,0.004670801573,1
0.01224947441,0.007426635362,-0.001811692491,0.004519262351,1
0.01224947441,0.007283471059,-0.001829206944,0.004447197076,1
0.01224947441,0.007140307222,-0.001768743503,0.004231559578,1
0.01224947441,0.006997142918,-0.001812305651,0.004037834704,2
0.01224947441,0.006853979081,-0.001612482709,0.003872554749,1
0.01224947441,0.006710814778,-0.001636335044,0.003744908143,1
0.01224947441,0.00656765094,-0.00165702845,0.003792218631,1
0.01224947441,0.006424486637,-0.001639393973,0.003820044221,1
0.01224947441,0.0062813228,-0.001612142194,0.00393730402,1
0.01224947441,0.006138158496,-0.001635982888,0.003673963249,1
0.01224947441,0.005994994659,-0.001653798274,0.003364351811,1
0.01224947441,0.005851830821,-0.001580157084,0.003745936323,1
0.01224947441,0.005708666518,-0.001557647949,0.003454536898,1
0.01224947441,0.005565502681,-0.00143253326,0.003614097135,1
0.01224947441,0.005422338378,-0.00132466096,0.003993518185,1
0.01224947441,0.00527917454,-0.001612198772,0.004160908051,1
0.01224947441,0.005136010237,-0.00163690676,0.004209998064,1
0.01224947441,0.0049928464,-0.001565199578,0.004144326784,1
0.01224947441,0.004849682096,-0.001546924235,0.003788623959,2
0.01224947441,0.004706518259,-0.0013556747,0.003544359468,1
0.01224947441,0.004563353956,-0.00124385755,0.003421454458,1
0.01224947441,0.004420190118,-0.001335375127,0.003736178624,1
0.01224947441,0.004277025815,-0.001222855877,0.002962536411,1
0.01224947441,0.004133861978,-0.0006882725866,0.003316336544,1
0.01224947441,0.00399069814,-0.0005346908001,0.003374082269,1
0.01224947441,0.003847533837,-0.0006219695788,0.003300528508,2
0.01224947441,0.003704369767,-0.0005179830478,0.003269900102,1
0.01224947441,0.003561205696,-0.0005214051344,0.003288813634,1
0.01224947441,0.003418041626,-0.0008227240178,0.003277251963,2
0.01224947441,0.003274877556,-0.0012058469,0.003502952401,1
0.01224947441,0.003131713718,-0.001015773509,0.003228268353,2
0.01224947441,0.002988549648,-0.0009667232516,0.003181684529,2
0.01224947441,0.002845385578,-0.0008988610934,0.003261414357,2
0.01224947441,0.002702221507,-0.0008197528077,0.003280210076,2
0.01224947441,0.002559057437,-0.0007748620701,0.003249890637,1
0.01224947441,0.002415893367,-0.0007386167999,0.003108997596,1
0.01224947441,0.002272729296,-0.0007851743139,0.003064792603,1
0.01224947441,0.002129565226,-0.0005383886746,0.002792412881,1
0.01224947441,0.001986401156,-0.0006155943847,0.002660451224,1
0.01224947441,0.001843237202,-0.0007046369719,0.002502604853,1
0.01224947441,0.001700073131,-0.0008111053612,0.002735481365,1
0.01224947441,0.001556909061,-0.0008894666098,0.002749788575,1
0.01224947441,0.001413744991,-0.000770431303,0.00286194752,2
0.01224947441,0.00127058092,-0.0008317198372,0.003153168596,1
0.01224947441,0.00112741685,-0.0008759316406,0.003133785212,1
0.01224947441,0.0009842528962,-0.0006678357604,0.002870196477,1
0.01224947441,0.0008410888258,-0.0008824141114,0.002522176364,1
0.01224947441,0.0006979247555,-0.0007938783383,0.002480936935,3
0.01224947441,0.0005547606852,-0.0008620860172,0.002895929385,1
0.01224947441,0.000411596644,-0.0003207070113,0.002907770453,1
0.01224947441,0.0002684326028,-0.0006384249427,0.002891938435,1
0.01224947441,0.000125268547,-0.0007691076025,0.002845454495,2
0.01239263825,0.01916608773,-0.002742361045,0.005269613117,2
0.01239263825,0.01902292296,-0.002649411093,0.005651759449,1
0.01239263825,0.01887976006,-0.003015714698,0.005802783649,1
0.01239263825,0.01873659529,-0.00287700491,0.005905392114,1
0.01239263825,0.01859343052,-0.0029727777,0.005928212311,1
0.01239263825,0.01845026761,-0.003384647425,0.006373655051,1
0.01239263825,0.01830710284,-0.003675842192,0.006309016142,1
0.01239263825,0.01816393808,-0.003514250973,0.006299453322,1
0.01239263825,0.01802077517,-0.003860695753,0.00632590102,1
0.01239263825,0.0178776104,-0.004121440928,0.005981321912,2
0.01239263825,0.01773444749,-0.004270945676,0.005894040689,1
0.01239263825,0.01759128273,-0.004425661173,0.005996373948,1
0.01239263825,0.01744811796,-0.004619973712,0.006039187778,1
0.01239263825,0.01730495505,-0.004656324629,0.006142365281,1
0.01239263825,0.01716179028,-0.004603218287,0.006203354336,1
0.01239263825,0.01701862738,-0.00453522522,0.006085004192,1
0.01239263825,0.01687546261,-0.004506639671,0.00636318,1
0.01239263825,0.01673229784,-0.004544947762,0.006792671978,1
0.01239263825,0.01658913493,-0.004196952097,0.006631208584,1
0.01239263825,0.01644597016,-0.004320389591,0.006539450493,1
0.01239263825,0.01630280726,-0.004406349733,0.006830892991,1
0.01239263825,0.01615964249,-0.004262169357,0.006903598085,1
0.01239263825,0.01601647772,-0.004118727054,0.006591571495,1
0.01239263825,0.01587331481,-0.004064888228,0.006544024218,1
0.01239263825,0.01573015004,-0.004009458702,0.006483358797,1
0.01239263825,0.01558698621,-0.003883472178,0.005740349647,1
0.01239263825,0.01544382237,-0.004215415101,0.007339697331,1
0.01239263825,0.0153006576,-0.004071229137,0.007861027494,1
0.01239263825,0.01515749376,-0.00356606557,0.006747976877,1
0.01239263825,0.01501432993,-0.003425863106,0.006728013046,1
0.01239263825,0.01487116609,-0.00335846981,0.007016423624,1
0.01239263825,0.01472800132,-0.003358435817,0.007187116425,1
0.01239263825,0.01458483748,-0.003184717614,0.006675858051,1
0.01239263825,0.01444167364,-0.002537732944,0.006470431574,1
0.01239263825,0.01429850981,-0.002316572703,0.006292741746,1
0.01239263825,0.01415534597,-0.002397669246,0.006095052231,1
0.01239263825,0.0140121812,-0.002421358367,0.006352453958,1
0.01239263825,0.01386901736,-0.002444985788,0.00623288285,1
0.01239263825,0.01372585353,-0.002417430514,0.006287102588,1
0.01239263825,0.01358268969,-0.002244269941,0.006241096649,1
0.01239263825,0.01343952492,-0.002207651502,0.006129157729,1
0.01239263825,0.01329636108,-0.002202159259,0.005803561304,1
0.01239263825,0.01315319724,-0.002324650995,0.006311973557,1
0.01239263825,0.01301003341,-0.002219822723,0.006277095061,1
0.01239263825,0.01286686864,-0.002100925194,0.006045825314,1
0.01239263825,0.0127237048,-0.00190728216,0.005789212883,1
0.01239263825,0.01258054096,-0.001806690241,0.005892772693,1
0.01239263825,0.01243737713,-0.00181476993,0.005786253605,1
0.01239263825,0.01229421329,-0.001953086001,0.005777207669,1
0.01239263825,0.01215104852,-0.001951489714,0.005841018632,2
0.01239263825,0.01200788468,-0.001959666377,0.00588578172,1
0.01239263825,0.01186472084,-0.002040558029,0.005573601928,1
0.01239263825,0.01172155701,-0.002007375937,0.00537681533,1
0.01239263825,0.01157839224,-0.001948544756,0.005289833993,1
0.01239263825,0.0114352284,-0.001930019935,0.00496885227,1
0.01239263825,0.01129206456,-0.001915600151,0.005138642155,1
0.01239263825,0.01114890072,-0.001924109645,0.004954034463,1
0.01239263825,0.01100573689,-0.002032161923,0.005033448804,1
0.01239263825,0.01086257212,-0.002320320578,0.005208892748,1
0.01239263825,0.01071940828,-0.002131137764,0.005041169934,1
0.01239263825,0.01057624444,-0.002115661511,0.004767983686,1
0.01239263825,0.01043308061,-0.0021437658,0.00482654199,1
0.01239263825,0.01028991584,-0.00214656652,0.004773673601,1
0.01239263825,0.010146752,-0.00222015311,0.004630585201,1
0.01239263825,0.01000358816,-0.002132459776,0.004712516908,2
0.01239263825,0.009860424325,-0.002165035345,0.004879414104,2
0.01239263825,0.009717259556,-0.002529049059,0.004757157061,1
0.01239263825,0.009574095719,-0.002042148728,0.004240821116,1
0.01239263825,0.009430931881,-0.001827242784,0.004197393544,1
0.01239263825,0.009287768044,-0.001771536074,0.004347909242,1
0.01239263825,0.009144604206,-0.001596866641,0.004058845807,1
0.01239263825,0.009001439437,-0.001194582786,0.003664927091,1
0.01239263825,0.0088582756,-0.001127089374,0.003855952993,1
0.01239263825,0.008715111762,-0.001363580814,0.004679845646,2
0.01239263825,0.008571947925,-0.001397914719,0.005464325659,1
0.01239263825,0.008428783156,-0.00162256218,0.004855672829,2
0.01239263825,0.008285619318,-0.001595410053,0.004428023472,1
0.01239263825,0.008142455481,-0.001881934819,0.004269305151,2
0.01239263825,0.007999291644,-0.002247964498,0.004397149663,1
0.01239263825,0.007856126875,-0.001827299944,0.004822238814,1
0.01239263825,0.007712963037,-0.001800817554,0.004894226324,1
0.01239263825,0.0075697992,-0.002010099357,0.004590559751,1
0.01239263825,0.007426635362,-0.001973952632,0.004592289217,1
0.01239263825,0.007283471059,-0.001837287098,0.004428016488,1
0.01239263825,0.007140307222,-0.001769155613,0.004230822902,1
0.01239263825,0.006997142918,-0.001858159085,0.004206903279,1
0.01239263825,0.006853979081,-0.001223302912,0.004062698688,3
0.01239263825,0.006710814778,-0.001215818105,0.003820304759,3
0.01239263825,0.00656765094,-0.001571140485,0.003922469448,1
0.01239263825,0.006424486637,-0.00159746327,0.004127716646,1
0.01239263825,0.0062813228,-0.001597394701,0.00428154273,1
0.01239263825,0.006138158496,-0.001390526886,0.003963283263,1
0.01239263825,0.005994994659,-0.001484370208,0.00371044036,1
0.01239263825,0.005851830821,-0.001599519048,0.003720223205,1
0.01239263825,0.005708666518,-0.001483426197,0.003685047384,1
0.01239263825,0.005565502681,-0.00116774824,0.003610622603,1
0.01239263825,0.005422338378,-0.001222461229,0.004168388434,2
0.01239263825,0.00527917454,-0.001597119262,0.004334487021,1
0.01239263825,0.005136010237,-0.001651979052,0.004369569942,1
0.01239263825,0.0049928464,-0.001601987518,0.004242897965,1
0.01239263825,0.004849682096,-0.001524187974,0.004021961242,1
0.01239263825,0.004706518259,-0.001272481517,0.003766303184,1
0.01239263825,0.004563353956,-0.001191293122,0.00364931277,1
0.01239263825,0.004420190118,-0.001237725257,0.003606656333,2
0.01239263825,0.004277025815,-0.001295873779,0.003119419329,1
0.01239263825,0.004133861978,-0.001077759429,0.002914146986,1
0.01239263825,0.00399069814,-0.0006975169526,0.003508743597,1
0.01239263825,0.003847533837,-0.0006495441194,0.003461163957,1
0.01239263825,0.003704369767,-0.0005812495947,0.003362397663,1
0.01239263825,0.003561205696,-0.0006667634589,0.00331505714,1
0.01239263825,0.003418041626,-0.001072721905,0.00326201017,1
0.01239263825,0.003274877556,-0.001232274808,0.003162677633,1
0.01239263825,0.003131713718,-0.001021340839,0.003295449074,2
0.01239263825,0.002988549648,-0.000936557597,0.003431718331,2
0.01239263825,0.002845385578,-0.0009007728659,0.003695118241,2
0.01239263825,0.002702221507,-0.0008263053023,0.003694303567,2
0.01239263825,0.002559057437,-0.0006862418959,0.003579231212,2
0.01239263825,0.002415893367,-0.0004348739749,0.003468417795,1
0.01239263825,0.002272729296,-0.0007603963604,0.003709038254,1
0.01239263825,0.002129565226,-0.0006683050306,0.003032049863,1
0.01239263825,0.001986401156,-0.000662962324,0.002763152588,1
0.01239263825,0.001843237202,-0.0005843180697,0.002741417149,1
0.01239263825,0.001700073131,-0.0004747464263,0.003299175529,1
0.01239263825,0.001556909061,-0.0005856641219,0.003150192555,1
0.01239263825,0.001413744991,-0.0006614779122,0.002765183104,1
0.01239263825,0.00127058092,-0.0007672727224,0.003026704304,1
0.01239263825,0.00112741685,-0.0007473452715,0.002862720052,1
0.01239263825,0.0009842528962,-0.0005859564408,0.002574580954,1
0.01239263825,0.0008410888258,-0.0007364969351,0.00236156187,1
0.01239263825,0.0006979247555,-0.000711148663,0.002576147439,1
0.01239263825,0.0005547606852,-0.00105908874,0.00311639579,1
0.01239263825,0.000411596644,-0.000495559827,0.003210974857,1
0.01239263825,0.0002684326028,-0.0005825975095,0.002888494171,1
0.01239263825,0.000125268547,-0.0005680557806,0.00302920863,2
0.01253580209,0.01916608773,-0.002996454947,0.005513349082,1
0.01253580209,0.01902292296,-0.002783764387,0.005849299021,1
0.01253580209,0.01887976006,-0.002918348415,0.005887439009,1
0.01253580209,0.01873659529,-0.003009988694,0.005879577249,1
0.01253580209,0.01859343052,-0.003094604472,0.005894420668,1
0.01253580209,0.01845026761,-0.003423990449,0.005935869645,1
0.01253580209,0.01830710284,-0.003471987788,0.005949876271,1
0.01253580209,0.01816393808,-0.003472876968,0.00605384307,1
0.01253580209,0.01802077517,-0.003776041791,0.006202537566,1
0.01253580209,0.0178776104,-0.004018106032,0.006132591981,2
0.01253580209,0.01773444749,-0.00413124077,0.006248657592,1
0.01253580209,0.01759128273,-0.004467575345,0.006059153937,1
0.01253580209,0.01744811796,-0.004660310689,0.005988617428,1
0.01253580209,0.01730495505,-0.004593831487,0.006163805723,1
0.01253580209,0.01716179028,-0.004418301862,0.006539904512,1
0.01253580209,0.01701862738,-0.004372868687,0.006553997751,1
0.01253580209,0.01687546261,-0.004492885899,0.006692160387,1
0.01253580209,0.01673229784,-0.004296797328,0.006839006674,1
0.01253580209,0.01658913493,-0.004338096362,0.007281785831,1
0.01253580209,0.01644597016,-0.004562044051,0.007205848116,1
0.01253580209,0.01630280726,-0.004475282971,0.007455358747,1
0.01253580209,0.01615964249,-0.004248326644,0.007545309607,1
0.01253580209,0.01601647772,-0.004189193249,0.007209118921,1
0.01253580209,0.01587331481,-0.004099939018,0.007301906124,1
0.01253580209,0.01573015004,-0.0039642388,0.007836789824,1
0.01253580209,0.01558698621,-0.004431435838,0.007266735192,1
0.01253580209,0.01544382237,-0.004281276837,0.00801788643,1
0.01253580209,0.0153006576,-0.004059968051,0.008485446684,1
0.01253580209,0.01515749376,-0.003666999284,0.007677969523,2
0.01253580209,0.01501432993,-0.003650176805,0.006453828886,1
0.01253580209,0.01487116609,-0.003372676903,0.007049419917,1
0.01253580209,0.01472800132,-0.00346860243,0.006953239441,1
0.01253580209,0.01458483748,-0.003511898452,0.00704545714,1
0.01253580209,0.01444167364,-0.002610775176,0.006977979559,1
0.01253580209,0.01429850981,-0.002380121732,0.006807062309,1
0.01253580209,0.01415534597,-0.002392046852,0.006421195343,1
0.01253580209,0.0140121812,-0.002403105842,0.006488834973,1
0.01253580209,0.01386901736,-0.002428591251,0.006396370474,1
0.01253580209,0.01372585353,-0.002423188183,0.006701652892,1
0.01253580209,0.01358268969,-0.002311427379,0.006775439717,1
0.01253580209,0.01343952492,-0.002281958004,0.006699728314,1
0.01253580209,0.01329636108,-0.002263703384,0.006606056821,1
0.01253580209,0.01315319724,-0.002229855862,0.006753616035,1
0.01253580209,0.01301003341,-0.002337276237,0.006611850578,1
0.01253580209,0.01286686864,-0.001739411964,0.006322624628,1
0.01253580209,0.0127237048,-0.001872299938,0.006059193052,1
0.01253580209,0.01258054096,-0.001892895554,0.006071478128,1
0.01253580209,0.01243737713,-0.001848232467,0.006117627956,1
0.01253580209,0.01229421329,-0.001801869599,0.006409395486,1
0.01253580209,0.01215104852,-0.001883964636,0.006387925707,1
0.01253580209,0.01200788468,-0.002079635626,0.006009492092,1
0.01253580209,0.01186472084,-0.002094938653,0.005822264124,1
0.01253580209,0.01172155701,-0.001988765551,0.005646283738,1
0.01253580209,0.01157839224,-0.001911267289,0.005582860671,1
0.01253580209,0.0114352284,-0.001948051504,0.00518503366,1
0.01253580209,0.01129206456,-0.001928322832,0.005383506417,1
0.01253580209,0.01114890072,-0.001974579878,0.005502254702,1
0.01253580209,0.01100573689,-0.002283645561,0.005995602347,1
0.01253580209,0.01086257212,-0.002440397162,0.005870806519,1
0.01253580209,0.01071940828,-0.00202581659,0.00537689589,1
0.01253580209,0.01057624444,-0.002037480939,0.004985148553,1
0.01253580209,0.01043308061,-0.00206565368,0.004829208832,1
0.01253580209,0.01028991584,-0.002208622172,0.005036475137,1
0.01253580209,0.010146752,-0.002256764797,0.005039680749,1
0.01253580209,0.01000358816,-0.002259085653,0.004993073642,1
0.01253580209,0.009860424325,-0.002194530563,0.005244199652,1
0.01253580209,0.009717259556,-0.002070290502,0.004920476582,1
0.01253580209,0.009574095719,-0.002068909584,0.004553860053,1
0.01253580209,0.009430931881,-0.002042378066,0.004678184632,1
0.01253580209,0.009287768044,-0.002003508154,0.004798797425,1
0.01253580209,0.009144604206,-0.001777694211,0.004433918279,1
0.01253580209,0.009001439437,-0.001209204667,0.004308641888,1
0.01253580209,0.0088582756,-0.0009304360719,0.004187154118,1
0.01253580209,0.008715111762,-0.001305750455,0.004907785915,2
0.01253580209,0.008571947925,-0.001480751787,0.005262820981,2
0.01253580209,0.008428783156,-0.001915138448,0.0050256541,1
0.01253580209,0.008285619318,-0.001916581648,0.004712414462,1
0.01253580209,0.008142455481,-0.002011270029,0.004540086258,1
0.01253580209,0.007999291644,-0.00202694186,0.004532478284,1
0.01253580209,0.007856126875,-0.001979092369,0.004769189749,1
0.01253580209,0.007712963037,-0.001784239896,0.004871875048,2
0.01253580209,0.0075697992,-0.001829480054,0.004865739029,1
0.01253580209,0.007426635362,-0.00198340835,0.004743236117,1
0.01253580209,0.007283471059,-0.001775591052,0.004594748374,1
0.01253580209,0.007140307222,-0.00176250434,0.00441673398,1
0.01253580209,0.006997142918,-0.001653402927,0.004245696124,1
0.01253580209,0.006853979081,-0.001179762417,0.003961195704,1
0.01253580209,0.006710814778,-0.001090914477,0.003765634261,1
0.01253580209,0.00656765094,-0.001350983162,0.003961501643,1
0.01253580209,0.006424486637,-0.001578138676,0.004223913886,1
0.01253580209,0.0062813228,-0.001644486329,0.00425347453,1
0.01253580209,0.006138158496,-0.001290284446,0.004149606917,1
0.01253580209,0.005994994659,-0.001444033929,0.004022229929,1
0.01253580209,0.005851830821,-0.001563697355,0.003940822557,1
0.01253580209,0.005708666518,-0.001432524878,0.003959892318,1
0.01253580209,0.005565502681,-0.001168019604,0.003999015782,1
0.01253580209,0.005422338378,-0.0008003165713,0.004734924994,1
0.01253580209,0.00527917454,-0.001615587855,0.004435118288,1
0.01253580209,0.005136010237,-0.001631684368,0.004376852419,1
0.01253580209,0.0049928464,-0.001539518475,0.004421034828,1
0.01253580209,0.004849682096,-0.001508584595,0.004190159962,1
0.01253580209,0.004706518259,-0.001331350999,0.004111395217,2
0.01253580209,0.004563353956,-0.001216690987,0.003994544502,2
0.01253580209,0.004420190118,-0.001128359116,0.003921714611,1
0.01253580209,0.004277025815,-0.00107277045,0.003913680092,1
0.01253580209,0.004133861978,-0.001092555467,0.003224381013,1
0.01253580209,0.00399069814,-0.0007393488777,0.003715850413,1
0.01253580209,0.003847533837,-0.0006789853796,0.003623038763,1
0.01253580209,0.003704369767,-0.0009328302694,0.003492551623,1
0.01253580209,0.003561205696,-0.001023145858,0.003260536352,1
0.01253580209,0.003418041626,-0.001233548275,0.003178743646,1
0.01253580209,0.003274877556,-0.001352996798,0.003138937522,1
0.01253580209,0.003131713718,-0.0009007573244,0.003359131748,2
0.01253580209,0.002988549648,-0.0008573934902,0.003554621246,2
0.01253580209,0.002845385578,-0.0009413676453,0.004393036943,1
0.01253580209,0.002702221507,-0.0008984535234,0.004222654738,1
0.01253580209,0.002559057437,-0.0007089262945,0.003904313315,2
0.01253580209,0.002415893367,-0.000701070996,0.003412189428,1
0.01253580209,0.002272729296,-0.0004677063262,0.003353761742,1
0.01253580209,0.002129565226,-0.000315252546,0.00312626292,3
0.01253580209,0.001986401156,-0.0003800419217,0.003205913352,2
0.01253580209,0.001843237202,-0.0003467085189,0.003464519978,2
0.01253580209,0.001700073131,-0.0004638826067,0.003968225326,1
0.01253580209,0.001556909061,-0.0006819511182,0.003415816929,1
0.01253580209,0.001413744991,-0.0008681148756,0.002704753773,1
0.01253580209,0.00127058092,-0.0007631392218,0.003186206333,1
0.01253580209,0.00112741685,-0.0005775919999,0.002165635815,1
0.01253580209,0.0009842528962,-0.0004884702503,0.002107649576,1
0.01253580209,0.0008410888258,-0.0008432804607,0.002004091628,1
0.01253580209,0.0006979247555,-0.0007937549381,0.002462555422,1
0.01253580209,0.0005547606852,-0.0005181484157,0.003261053935,1
0.01253580209,0.000411596644,-0.0005064964644,0.003250976792,1
0.01253580209,0.0002684326028,-0.0002575865947,0.002527588978,1
0.01253580209,0.000125268547,-0.0003524623171,0.003353677224,2
0.01267896593,0.01916608773,-0.003014660673,0.00623354828,1
0.01267896593,0.01902292296,-0.002847269876,0.006290035788,1
0.01267896593,0.01887976006,-0.002888200106,0.006130902097,1
0.01267896593,0.01873659529,-0.00313955755,0.005850600079,1
0.01267896593,0.01859343052,-0.002919224091,0.005846705288,1
0.01267896593,0.01845026761,-0.00329293916,0.005719587207,1
0.01267896593,0.01830710284,-0.003494293196,0.005938795395,1
0.01267896593,0.01816393808,-0.003544789972,0.006127511151,1
0.01267896593,0.01802077517,-0.003863650374,0.006142796483,1
0.01267896593,0.0178776104,-0.004043701105,0.006097849924,1
0.01267896593,0.01773444749,-0.004158990923,0.006076881196,1
0.01267896593,0.01759128273,-0.004305119161,0.006123110652,1
0.01267896593,0.01744811796,-0.004530565813,0.005987935234,1
0.01267896593,0.01730495505,-0.004500985611,0.006067042239,1
0.01267896593,0.01716179028,-0.004279818386,0.006346568,1
0.01267896593,0.01701862738,-0.004325334914,0.00671425974,1
0.01267896593,0.01687546261,-0.004328189418,0.006998803467,1
0.01267896593,0.01673229784,-0.004407183733,0.006998469122,1
0.01267896593,0.01658913493,-0.004295450635,0.007081901189,1
0.01267896593,0.01644597016,-0.004316488747,0.007354305591,1
0.01267896593,0.01630280726,-0.004344089888,0.007849147543,1
0.01267896593,0.01615964249,-0.004177997354,0.008132370189,1
0.01267896593,0.01601647772,-0.004203420132,0.007899938151,1
0.01267896593,0.01587331481,-0.004200254567,0.007859388366,1
0.01267896593,0.01573015004,-0.004029094242,0.007662335411,1
0.01267896593,0.01558698621,-0.003936022986,0.0077570742,1
0.01267896593,0.01544382237,-0.003904429032,0.008222240955,2
0.01267896593,0.0153006576,-0.003517612349,0.009312988259,1
0.01267896593,0.01515749376,-0.003391786944,0.009024625644,1
0.01267896593,0.01501432993,-0.003566100262,0.00725164311,1
0.01267896593,0.01487116609,-0.00350341294,0.00720233703,1
0.01267896593,0.01472800132,-0.003479330102,0.007100559771,1
0.01267896593,0.01458483748,-0.003287104657,0.007238136604,1
0.01267896593,0.01444167364,-0.002904817695,0.007351700217,1
0.01267896593,0.01429850981,-0.002229875885,0.006251205225,1
0.01267896593,0.01415534597,-0.002412002068,0.007057108451,1
0.01267896593,0.0140121812,-0.002405634616,0.006907641888,1
0.01267896593,0.01386901736,-0.002603888512,0.007261028513,1
0.01267896593,0.01372585353,-0.00256711524,0.007568557747,1
0.01267896593,0.01358268969,-0.002159597119,0.007948921062,1
0.01267896593,0.01343952492,-0.002268244978,0.007741660345,1
0.01267896593,0.01329636108,-0.002306536306,0.007426774129,1
0.01267896593,0.01315319724,-0.002410210203,0.006930774543,1
0.01267896593,0.01301003341,-0.002300912514,0.006648385432,1
0.01267896593,0.01286686864,-0.00168454193,0.006568378303,1
0.01267896593,0.0127237048,-0.001846813131,0.006221090443,1
0.01267896593,0.01258054096,-0.001895879628,0.006310608704,1
0.01267896593,0.01243737713,-0.001912187086,0.006449745037,2
0.01267896593,0.01229421329,-0.001856081421,0.006762639619,1
0.01267896593,0.01215104852,-0.00192829431,0.006667646579,1
0.01267896593,0.01200788468,-0.002169093583,0.006222980563,1
0.01267896593,0.01186472084,-0.002175439848,0.006025985815,1
0.01267896593,0.01172155701,-0.002022287576,0.005984333809,1
0.01267896593,0.01157839224,-0.001978344284,0.00589979114,1
0.01267896593,0.0114352284,-0.001948125311,0.005596740171,1
0.01267896593,0.01129206456,-0.001531403395,0.005168452393,1
0.01267896593,0.01114890072,-0.002100800397,0.005717632361,1
0.01267896593,0.01100573689,-0.00225588493,0.006106834859,1
0.01267896593,0.01086257212,-0.002347126603,0.005952355452,1
0.01267896593,0.01071940828,-0.002080749022,0.005629987456,1
0.01267896593,0.01057624444,-0.002110922476,0.005409734789,1
0.01267896593,0.01043308061,-0.002084266627,0.005235270597,1
0.01267896593,0.01028991584,-0.002198003698,0.005256314762,2
0.01267896593,0.010146752,-0.002177556511,0.005297267344,2
0.01267896593,0.01000358816,-0.002052140422,0.005305588245,1
0.01267896593,0.009860424325,-0.001961030066,0.005290913861,1
0.01267896593,0.009717259556,-0.001916818088,0.005334228743,1
0.01267896593,0.009574095719,-0.001981512876,0.005169602577,2
0.01267896593,0.009430931881,-0.001987811876,0.005079910159,1
0.01267896593,0.009287768044,-0.001946062665,0.005164667964,1
0.01267896593,0.009144604206,-0.001816644915,0.005262359977,1
0.01267896593,0.009001439437,-0.001640124246,0.005253713578,2
0.01267896593,0.0088582756,-0.001485547982,0.005223699845,2
0.01267896593,0.008715111762,-0.001448233146,0.005501322448,2
0.01267896593,0.008571947925,-0.001304203528,0.005653519649,1
0.01267896593,0.008428783156,-0.001633304288,0.00524283573,1
0.01267896593,0.008285619318,-0.001776388031,0.004742025863,1
0.01267896593,0.008142455481,-0.001906448975,0.004657016136,1
0.01267896593,0.007999291644,-0.002025123918,0.004778249655,1
0.01267896593,0.007856126875,-0.001605017809,0.004569774028,1
0.01267896593,0.007712963037,-0.001527569839,0.004958345089,1
0.01267896593,0.0075697992,-0.001762997592,0.005055489484,1
0.01267896593,0.007426635362,-0.001984445844,0.004902840592,1
0.01267896593,0.007283471059,-0.001870195032,0.004486189224,1
0.01267896593,0.007140307222,-0.001710221637,0.004643152934,2
0.01267896593,0.006997142918,-0.001532868133,0.004539564718,1
0.01267896593,0.006853979081,-0.001229659421,0.004383508582,1
0.01267896593,0.006710814778,-0.001048940583,0.004132085014,1
0.01267896593,0.00656765094,-0.001215515425,0.0040890323,1
0.01267896593,0.006424486637,-0.001504424727,0.00418705726,1
0.01267896593,0.0062813228,-0.001665699296,0.004079872277,1
0.01267896593,0.006138158496,-0.001667378354,0.003650248982,1
0.01267896593,0.005994994659,-0.001638494083,0.0041861278,2
0.01267896593,0.005851830821,-0.001483905246,0.004616943188,2
0.01267896593,0.005708666518,-0.00135983387,0.005327575374,1
0.01267896593,0.005565502681,-0.001169702504,0.005106384866,1
0.01267896593,0.005422338378,-0.001493179472,0.005375984591,1
0.01267896593,0.00527917454,-0.001271455782,0.00485649053,1
0.01267896593,0.005136010237,-0.001239755889,0.004680035636,1
0.01267896593,0.0049928464,-0.001460883068,0.004596923478,2
0.01267896593,0.004849682096,-0.001649157144,0.00420007715,1
0.01267896593,0.004706518259,-0.001327646896,0.00449457299,1
0.01267896593,0.004563353956,-0.001215760829,0.004295755643,2
0.01267896593,0.004420190118,-0.001178315724,0.004253033549,1
0.01267896593,0.004277025815,-0.001136569888,0.00430916762,1
0.01267896593,0.004133861978,-0.0009545109351,0.004029798787,2
0.01267896593,0.00399069814,-0.0006739462842,0.00383912609,2
0.01267896593,0.003847533837,-0.0008042656118,0.003664878896,1
0.01267896593,0.003704369767,-0.001125064678,0.003142256755,1
0.01267896593,0.003561205696,-0.001362553216,0.003299783682,1
0.01267896593,0.003418041626,-0.0008417071658,0.003345620818,1
0.01267896593,0.003274877556,-0.0007975634071,0.003394092899,2
0.01267896593,0.003131713718,-0.0003712981998,0.003447519615,1
0.01267896593,0.002988549648,-0.0006508912193,0.00303459866,1
0.01267896593,0.002845385578,-0.0008622644818,0.003337632632,1
0.01267896593,0.002702221507,-0.000908324786,0.003606249113,1
0.01267896593,0.002559057437,-0.0005499387044,0.004403177649,1
0.01267896593,0.002415893367,-0.0006208662526,0.003721468151,1
0.01267896593,0.002272729296,-0.0005664469209,0.002478159033,1
0.01267896593,0.002129565226,-0.0001505510008,0.002913325094,1
0.01267896593,0.001986401156,-0.0001952443126,0.00346971699,2
0.01267896593,0.001843237202,4.1408588e-05,0.003942524083,1
0.01267896593,0.001700073131,-0.0003459939617,0.003977579065,1
0.01267896593,0.001556909061,-0.0005847873981,0.003535276745,1
0.01267896593,0.001413744991,-0.0008579908172,0.002608856652,1
0.01267896593,0.00127058092,-0.0006955839344,0.003242707113,1
0.01267896593,0.00112741685,-0.0009711965686,0.002413752722,1
0.01267896593,0.0009842528962,-0.0008114096127,0.002522415714,1
0.01267896593,0.0008410888258,-0.0007585133426,0.00247818674,1
0.01267896593,0.0006979247555,-0.0005983816227,0.003027060535,1
0.01267896593,0.0005547606852,-0.0005374676548,0.003187383991,1
0.01267896593,0.000411596644,-0.0005144894239,0.003181337379,1
0.01267896593,0.0002684326028,-0.0006333308411,0.002978410106,1
0.01267896593,0.000125268547,-0.0002317445906,0.004504234064,1
0.01282213069,0.01916608773,-0.00304608373,0.006250221282,1
0.01282213069,0.01902292296,-0.002907431452,0.006452947389,1
0.01282213069,0.01887976006,-0.002952272771,0.006610854529,1
0.01282213069,0.01873659529,-0.003058321308,0.00625572959,2
0.01282213069,0.01859343052,-0.003103028284,0.006204667967,1
0.01282213069,0.01845026761,-0.00313353329,0.006010907702,1
0.01282213069,0.01830710284,-0.00349956681,0.006173080765,2
0.01282213069,0.01816393808,-0.00371417217,0.006308580749,2
0.01282213069,0.01802077517,-0.003768848721,0.006336900406,2
0.01282213069,0.0178776104,-0.003902807133,0.006260360125,1
0.01282213069,0.01773444749,-0.004065050744,0.006221238989,1
0.01282213069,0.01759128273,-0.004178815521,0.006260911003,1
0.01282213069,0.01744811796,-0.004359487444,0.00631529605,2
0.01282213069,0.01730495505,-0.004406542052,0.006358161103,2
0.01282213069,0.01716179028,-0.004468290601,0.006513067987,1
0.01282213069,0.01701862738,-0.004282686394,0.006504357327,1
0.01282213069,0.01687546261,-0.004471243825,0.007157721557,1
0.01282213069,0.01673229784,-0.004270032048,0.006809575483,1
0.01282213069,0.01658913493,-0.004207313061,0.006483331323,1
0.01282213069,0.01644597016,-0.004308443982,0.00705912523,1
0.01282213069,0.01630280726,-0.004399410449,0.007931904867,1
0.01282213069,0.01615964249,-0.004277341533,0.00833749678,2
0.01282213069,0.01601647772,-0.004116006661,0.008638558909,1
0.01282213069,0.01587331481,-0.004070249386,0.008642320521,1
0.01282213069,0.01573015004,-0.004007702228,0.008012832142,1
0.01282213069,0.01558698621,-0.003979044501,0.008128591813,1
0.01282213069,0.01544382237,-0.003882803489,0.007801013533,1
0.01282213069,0.0153006576,-0.003532846924,0.008092059754,1
0.01282213069,0.01515749376,-0.003632690292,0.008250273764,1
0.01282213069,0.01501432993,-0.003465568414,0.007933112793,1
0.01282213069,0.01487116609,-0.003423521761,0.007806496695,1
0.01282213069,0.01472800132,-0.003256865311,0.007826594636,1
0.01282213069,0.01458483748,-0.003518810263,0.007045883685,1
0.01282213069,0.01444167364,-0.003173948033,0.007688585203,1
0.01282213069,0.01429850981,-0.002655885648,0.007260952611,2
0.01282213069,0.01415534597,-0.002555524698,0.007352511398,2
0.01282213069,0.0140121812,-0.002515636617,0.007351488341,2
0.01282213069,0.01386901736,-0.002560120542,0.007343595847,2
0.01282213069,0.01372585353,-0.002573581645,0.007409171201,2
0.01282213069,0.01358268969,-0.002780753886,0.007944034413,1
0.01282213069,0.01343952492,-0.002541652415,0.008394143544,1
0.01282213069,0.01329636108,-0.002462007804,0.007915100083,2
0.01282213069,0.01315319724,-0.00244942517,0.007320776582,1
0.01282213069,0.01301003341,-0.002271108096,0.006964528468,1
0.01282213069,0.01286686864,-0.002042564563,0.00681634713,1
0.01282213069,0.0127237048,-0.001720972126,0.006300115958,1
0.01282213069,0.01258054096,-0.001941611059,0.006575644016,1
0.01282213069,0.01243737713,-0.002048555063,0.006608103868,1
0.01282213069,0.01229421329,-0.001956719207,0.006691898219,1
0.01282213069,0.01215104852,-0.001952219405,0.006585067138,1
0.01282213069,0.01200788468,-0.002045999747,0.006498754956,1
0.01282213069,0.01186472084,-0.002141701058,0.006389446557,1
0.01282213069,0.01172155701,-0.002264694078,0.006469745189,1
0.01282213069,0.01157839224,-0.002278756117,0.006330343895,1
0.01282213069,0.0114352284,-0.002125088358,0.005961788818,2
0.01282213069,0.01129206456,-0.002072861418,0.005768674891,2
0.01282213069,0.01114890072,-0.002228841186,0.005764600821,1
0.01282213069,0.01100573689,-0.00222192239,0.005739422049,1
0.01282213069,0.01086257212,-0.002209882718,0.005898782052,1
0.01282213069,0.01071940828,-0.001959328074,0.006108948495,1
0.01282213069,0.01057624444,-0.001966759795,0.005930984858,1
0.01282213069,0.01043308061,-0.002001593355,0.005672974512,1
0.01282213069,0.01028991584,-0.002321569016,0.00545624597,1
0.01282213069,0.010146752,-0.002203317126,0.005587484222,2
0.01282213069,0.01000358816,-0.002065299777,0.005711013917,1
0.01282213069,0.009860424325,-0.00184910791,0.005695621483,1
0.01282213069,0.009717259556,-0.001815281226,0.005761709064,1
0.01282213069,0.009574095719,-0.001952512073,0.00571041042,2
0.01282213069,0.009430931881,-0.00199813908,0.005522430874,1
0.01282213069,0.009287768044,-0.001952254795,0.005770640913,1
0.01282213069,0.009144604206,-0.001972315134,0.005931988824,1
0.01282213069,0.009001439437,-0.002049099421,0.006220153533,1
0.01282213069,0.0088582756,-0.001923398348,0.005952610169,1
0.01282213069,0.008715111762,-0.001697430853,0.006220284384,1
0.01282213069,0.008571947925,-0.001433402067,0.005843888037,1
0.01282213069,0.008428783156,-0.001886169077,0.005376841873,1
0.01282213069,0.008285619318,-0.002072165487,0.004913848825,1
0.01282213069,0.008142455481,-0.002025851514,0.005153259728,1
0.01282213069,0.007999291644,-0.001725631533,0.005390669219,1
0.01282213069,0.007856126875,-0.001433114521,0.005066014361,1
0.01282213069,0.007712963037,-0.001553329406,0.00504239928,1
0.01282213069,0.0075697992,-0.001782310661,0.005154043902,1
0.01282213069,0.007426635362,-0.001995936502,0.005198082887,1
0.01282213069,0.007283471059,-0.001876558876,0.00499437796,1
0.01282213069,0.007140307222,-0.001675318927,0.005130123347,1
0.01282213069,0.006997142918,-0.001404679264,0.004978455137,1
0.01282213069,0.006853979081,-0.001208767528,0.004525217693,1
0.01282213069,0.006710814778,-0.001106620766,0.004675460514,1
0.01282213069,0.00656765094,-0.00151803554,0.004646875896,1
0.01282213069,0.006424486637,-0.001311508589,0.004471572582,1
0.01282213069,0.0062813228,-0.001580710174,0.00415947102,1
0.01282213069,0.006138158496,-0.001611358486,0.003937228117,1
0.01282213069,0.005994994659,-0.001958658686,0.004455089569,1
0.01282213069,0.005851830821,-0.001373595558,0.005013246555,1
0.01282213069,0.005708666518,-0.001319992356,0.005087509286,1
0.01282213069,0.005565502681,-0.001259012963,0.005109998398,2
0.01282213069,0.005422338378,-0.001296550967,0.005215581972,1
0.01282213069,0.00527917454,-0.001179513405,0.004910711199,1
0.01282213069,0.005136010237,-0.001201429754,0.004767266102,1
0.01282213069,0.0049928464,-0.001415101113,0.005086547695,1
0.01282213069,0.004849682096,-0.001665073098,0.004356049933,1
0.01282213069,0.004706518259,-0.001410137163,0.004385073204,1
0.01282213069,0.004563353956,-0.001140390057,0.00444087293,1
0.01282213069,0.004420190118,-0.001077927533,0.004468451254,1
0.01282213069,0.004277025815,-0.001126036979,0.004862608388,1
0.01282213069,0.004133861978,-0.0009149722173,0.004746520892,1
0.01282213069,0.00399069814,-0.0001976597996,0.00394597603,1
0.01282213069,0.003847533837,-0.0009408623446,0.003882065183,1
0.01282213069,0.003704369767,-0.0009116097935,0.003602918703,1
0.01282213069,0.003561205696,-0.0009849783964,0.003656821325,1
0.01282213069,0.003418041626,-0.0006501899916,0.003682668554,1
0.01282213069,0.003274877556,-0.0006242513191,0.003644294105,2
0.01282213069,0.003131713718,-0.0002587783092,0.003486872185,1
0.01282213069,0.002988549648,-0.000474967208,0.002921580803,1
0.01282213069,0.002845385578,-0.0008215487469,0.002824977273,1
0.01282213069,0.002702221507,-0.001058694557,0.003519495483,1
0.01282213069,0.002559057437,-0.0009879482677,0.004234980326,1
0.01282213069,0.002415893367,-0.0006911879755,0.003154915059,1
0.01282213069,0.002272729296,-0.0006258895737,0.002802648116,1
0.01282213069,0.002129565226,-0.0004548094003,0.003095932771,1
0.01282213069,0.001986401156,-0.0002917929087,0.003817105666,1
0.01282213069,0.001843237202,-0.0002721897908,0.003897951217,1
0.01282213069,0.001700073131,-0.0003033210814,0.003758955514,1
0.01282213069,0.001556909061,-0.0003907353093,0.003678199137,1
0.01282213069,0.001413744991,-0.0007177190855,0.003469130723,2
0.01282213069,0.00127058092,-0.0007817226578,0.00369232404,2
0.01282213069,0.00112741685,-0.0008425261476,0.003876983654,1
0.01282213069,0.0009842528962,-0.0005850503221,0.003377108136,1
0.01282213069,0.0008410888258,-0.0003998740867,0.003383700969,1
0.01282213069,0.0006979247555,-0.0004644205619,0.003407431766,1
0.01282213069,0.0005547606852,-0.0005353864981,0.003319740761,1
0.01282213069,0.000411596644,-0.0004178683739,0.003226565663,1
0.01282213069,0.0002684326028,-0.0005408190191,0.003373737913,2
0.01282213069,0.000125268547,-0.0005380535731,0.003885378595,2
0.01296529453,0.01916608773,-0.002235040534,0.005849308334,1
0.01296529453,0.01902292296,-0.003197254147,0.007373379078,1
0.01296529453,0.01887976006,-0.003097156761,0.006908223964,2
0.01296529453,0.01873659529,-0.003038426396,0.006356794853,1
0.01296529453,0.01859343052,-0.003184919944,0.006250574719,1
0.01296529453,0.01845026761,-0.003124790732,0.006714981515,1
0.01296529453,0.01830710284,-0.003656268585,0.006434040144,1
0.01296529453,0.01816393808,-0.004043483175,0.006596830208,1
0.01296529453,0.01802077517,-0.003594765207,0.006635864731,1
0.01296529453,0.0178776104,-0.003827308072,0.006566440687,1
0.01296529453,0.01773444749,-0.00401337957,0.006466235034,1
0.01296529453,0.01759128273,-0.004186970182,0.006497007795,1
0.01296529453,0.01744811796,-0.004322027788,0.006654178258,1
0.01296529453,0.01730495505,-0.004297405481,0.006537237205,1
0.01296529453,0.01716179028,-0.004344349261,0.006952967029,1
0.01296529453,0.01701862738,-0.004386196844,0.007529989351,1
0.01296529453,0.01687546261,-0.004504829645,0.007268858608,1
0.01296529453,0.01673229784,-0.004263717681,0.006962096784,1
0.01296529453,0.01658913493,-0.004175503738,0.006982177962,2
0.01296529453,0.01644597016,-0.004108091816,0.007175674662,1
0.01296529453,0.01630280726,-0.004432566464,0.008297537453,1
0.01296529453,0.01615964249,-0.004415951669,0.008647153154,1
0.01296529453,0.01601647772,-0.003895020112,0.009158999659,3
0.01296529453,0.01587331481,-0.004028534982,0.008664377034,2
0.01296529453,0.01573015004,-0.004006183241,0.008303709328,1
0.01296529453,0.01558698621,-0.00399513077,0.008164824918,1
0.01296529453,0.01544382237,-0.003853284288,0.007840447128,1
0.01296529453,0.0153006576,-0.003156166757,0.00819023326,1
0.01296529453,0.01515749376,-0.003417241853,0.008601180278,1
0.01296529453,0.01501432993,-0.003558654571,0.008474968374,1
0.01296529453,0.01487116609,-0.003529152134,0.008498779498,1
0.01296529453,0.01472800132,-0.003408006858,0.008220334537,1
0.01296529453,0.01458483748,-0.003406628501,0.007572985254,1
0.01296529453,0.01444167364,-0.002802144736,0.007841564715,2
0.01296529453,0.01429850981,-0.002664193511,0.007751508616,2
0.01296529453,0.01415534597,-0.002638574457,0.007740495261,2
0.01296529453,0.0140121812,-0.002541266847,0.007802202832,1
0.01296529453,0.01386901736,-0.002547375159,0.0073526958,1
0.01296529453,0.01372585353,-0.002386336448,0.006780496333,1
0.01296529453,0.01358268969,-0.002581765875,0.007865163498,1
0.01296529453,0.01343952492,-0.002495755209,0.00852727145,1
0.01296529453,0.01329636108,-0.002550417325,0.008518705145,1
0.01296529453,0.01315319724,-0.0023623819,0.00755866291,1
0.01296529453,0.01301003341,-0.002204633784,0.007298440672,1
0.01296529453,0.01286686864,-0.002105143387,0.007201454602,1
0.01296529453,0.0127237048,-0.002065974753,0.007239482366,1
0.01296529453,0.01258054096,-0.002124416642,0.006288722623,1
0.01296529453,0.01243737713,-0.002099282341,0.006272120867,1
0.01296529453,0.01229421329,-0.001851902693,0.006891072728,1
0.01296529453,0.01215104852,-0.001752127195,0.006769319531,1
0.01296529453,0.01200788468,-0.001828190754,0.006871970836,1
0.01296529453,0.01186472084,-0.00207113917,0.007028306369,1
0.01296529453,0.01172155701,-0.002193507506,0.006917698774,1
0.01296529453,0.01157839224,-0.002034961712,0.006230164319,1
0.01296529453,0.0114352284,-0.002200610703,0.00615139585,2
0.01296529453,0.01129206456,-0.002406112384,0.006179857068,1
0.01296529453,0.01114890072,-0.002390657552,0.006141321268,1
0.01296529453,0.01100573689,-0.002284995513,0.00610038219,1
0.01296529453,0.01086257212,-0.002110043075,0.006320191082,1
0.01296529453,0.01071940828,-0.001941184513,0.006297030952,1
0.01296529453,0.01057624444,-0.00201887032,0.005981350318,1
0.01296529453,0.01043308061,-0.002187798498,0.005727955606,1
0.01296529453,0.01028991584,-0.00244206842,0.005877279676,1
0.01296529453,0.010146752,-0.002248843201,0.005885411054,2
0.01296529453,0.01000358816,-0.002138503827,0.006038818974,1
0.01296529453,0.009860424325,-0.001965402393,0.006083306391,1
0.01296529453,0.009717259556,-0.001911399071,0.006213890389,1
0.01296529453,0.009574095719,-0.002015115228,0.006387900561,1
0.01296529453,0.009430931881,-0.00206999667,0.006192944478,1
0.01296529453,0.009287768044,-0.002066007582,0.00620829314,1
0.01296529453,0.009144604206,-0.002025493188,0.006195105147,1
0.01296529453,0.009001439437,-0.001995611703,0.006235867739,1
0.01296529453,0.0088582756,-0.001935982844,0.006229991093,1
0.01296529453,0.008715111762,-0.001741467044,0.006659083068,1
0.01296529453,0.008571947925,-0.001908614766,0.006093862467,1
0.01296529453,0.008428783156,-0.002431341214,0.00547049148,1
0.01296529453,0.008285619318,-0.002205407945,0.005601431709,2
0.01296529453,0.008142455481,-0.002007898875,0.005802311935,1
0.01296529453,0.007999291644,-0.001679310459,0.006004683673,1
0.01296529453,0.007856126875,-0.001556932926,0.005587024614,1
0.01296529453,0.007712963037,-0.001748624723,0.005304794759,1
0.01296529453,0.0075697992,-0.001977925655,0.005486265756,1
0.01296529453,0.007426635362,-0.001867570332,0.005845616572,1
0.01296529453,0.007283471059,-0.00183795474,0.00569711579,1
0.01296529453,0.007140307222,-0.001749772695,0.005530591588,1
0.01296529453,0.006997142918,-0.001659627305,0.005374611821,1
0.01296529453,0.006853979081,-0.001566818333,0.005148109049,1
0.01296529453,0.006710814778,-0.001453775563,0.005167096388,1
0.01296529453,0.00656765094,-0.001615319983,0.005191355012,1
0.01296529453,0.006424486637,-0.001672853366,0.004844440613,1
0.01296529453,0.0062813228,-0.001453931443,0.005111142062,1
0.01296529453,0.006138158496,-0.001444988884,0.005134593695,1
0.01296529453,0.005994994659,-0.00159660622,0.004732045345,2
0.01296529453,0.005851830821,-0.001517574419,0.00439999532,1
0.01296529453,0.005708666518,-0.001425018767,0.004487420432,1
0.01296529453,0.005565502681,-0.001249805908,0.005030518398,1
0.01296529453,0.005422338378,-0.00119009777,0.004940729123,1
0.01296529453,0.00527917454,-0.00127804291,0.004857305903,1
0.01296529453,0.005136010237,-0.001400422771,0.004736138042,1
0.01296529453,0.0049928464,-0.001366141136,0.004381449893,1
0.01296529453,0.004849682096,-0.001347467187,0.004419308156,1
0.01296529453,0.004706518259,-0.001480043051,0.004442937672,1
0.01296529453,0.004563353956,-0.001330220955,0.00431814976,1
0.01296529453,0.004420190118,-0.001282927115,0.004474700894,1
0.01296529453,0.004277025815,-0.001322911237,0.00497695338,1
0.01296529453,0.004133861978,-0.001276687603,0.005008242093,1
0.01296529453,0.00399069814,-0.001439987216,0.004676890559,1
0.01296529453,0.003847533837,-0.0008600239526,0.003936313558,1
0.01296529453,0.003704369767,-0.0007644769503,0.004314362537,1
0.01296529453,0.003561205696,-0.0008176038973,0.004311597906,1
0.01296529453,0.003418041626,-0.0005740659544,0.004021396395,1
0.01296529453,0.003274877556,-0.0007904737722,0.004013543017,1
0.01296529453,0.003131713718,-0.000743037439,0.003734518774,1
0.01296529453,0.002988549648,-0.001203833614,0.00316512771,1
0.01296529453,0.002845385578,-0.0006040585577,0.003360567382,1
0.01296529453,0.002702221507,-0.0005404859548,0.003586458508,1
0.01296529453,0.002559057437,-0.001056939946,0.0035607717,1
0.01296529453,0.002415893367,-0.0006910828524,0.003109572455,1
0.01296529453,0.002272729296,-0.000829030585,0.003503536107,1
0.01296529453,0.002129565226,-0.0007096982445,0.00393079035,1
0.01296529453,0.001986401156,-0.0004890087876,0.003883446334,1
0.01296529453,0.001843237202,-0.0003827285254,0.003859615419,1
0.01296529453,0.001700073131,-0.0003457579005,0.003796002362,1
0.01296529453,0.001556909061,-0.0003966360528,0.003783877706,1
0.01296529453,0.001413744991,-0.0008404274122,0.003897142364,1
0.01296529453,0.00127058092,-0.0008710615803,0.004180475138,1
0.01296529453,0.00112741685,-0.0005690490943,0.004117281642,1
0.01296529453,0.0009842528962,-0.0003864442115,0.003732640529,1
0.01296529453,0.0008410888258,-0.0003326798324,0.003492971417,1
0.01296529453,0.0006979247555,-0.0002860195818,0.003487760434,1
0.01296529453,0.0005547606852,-0.0004497455957,0.003342102282,1
0.01296529453,0.000411596644,-0.0005445167189,0.002988188062,1
0.01296529453,0.0002684326028,-0.0005740230554,0.003404596588,2
0.01296529453,0.000125268547,-0.0008415971533,0.003778163576,1
0.01310845837,0.01916608773,-0.002070156857,0.006502219941,1
0.01310845837,0.01902292296,-0.003189143492,0.007524201181,1
0.01310845837,0.01887976006,-0.003200673498,0.007291868329,2
0.01310845837,0.01873659529,-0.003039810574,0.006608162541,1
0.01310845837,0.01859343052,-0.003135299776,0.006858480163,1
0.01310845837,0.01845026761,-0.003135608742,0.007232665084,1
0.01310845837,0.01830710284,-0.003509839298,0.006957198959,1
0.01310845837,0.01816393808,-0.004085279536,0.006856223103,1
0.01310845837,0.01802077517,-0.004027733114,0.006837977096,1
0.01310845837,0.0178776104,-0.003641158575,0.006420109887,1
0.01310845837,0.01773444749,-0.003686264157,0.006598497741,1
0.01310845837,0.01759128273,-0.00413793046,0.006814066786,2
0.01310845837,0.01744811796,-0.004479836673,0.006947272457,1
0.01310845837,0.01730495505,-0.004265354946,0.006947669201,1
0.01310845837,0.01716179028,-0.004457802046,0.007157476153,1
0.01310845837,0.01701862738,-0.004602615256,0.007254155818,1
0.01310845837,0.01687546261,-0.004671933595,0.007778416388,1
0.01310845837,0.01673229784,-0.004531421699,0.007560733706,1
0.01310845837,0.01658913493,-0.004122892395,0.007307609543,1
0.01310845837,0.01644597016,-0.004307515454,0.00769755803,1
0.01310845837,0.01630280726,-0.004289795645,0.008365531452,1
0.01310845837,0.01615964249,-0.004142499994,0.008818973787,1
0.01310845837,0.01601647772,-0.004206723534,0.00853843987,1
0.01310845837,0.01587331481,-0.004142688122,0.008552480489,1
0.01310845837,0.01573015004,-0.003964950331,0.008568204939,2
0.01310845837,0.01558698621,-0.003711030586,0.008738210425,1
0.01310845837,0.01544382237,-0.003633759683,0.009075037204,1
0.01310845837,0.0153006576,-0.002718131058,0.008637799881,1
0.01310845837,0.01515749376,-0.003508768743,0.009002712555,1
0.01310845837,0.01501432993,-0.003823631676,0.009609246626,1
0.01310845837,0.01487116609,-0.003795891767,0.009454393759,1
0.01310845837,0.01472800132,-0.003724758513,0.008358533494,1
0.01310845837,0.01458483748,-0.003349686973,0.007741104346,1
0.01310845837,0.01444167364,-0.0019638089,0.008353180252,1
0.01310845837,0.01429850981,-0.002560169669,0.008163022809,2
0.01310845837,0.01415534597,-0.002793312306,0.008055757731,2
0.01310845837,0.0140121812,-0.0030227846,0.007885035127,1
0.01310845837,0.01386901736,-0.002570395125,0.007363660261,1
0.01310845837,0.01372585353,-0.00247042207,0.007334855851,1
0.01310845837,0.01358268969,-0.002354441909,0.006585088093,1
0.01310845837,0.01343952492,-0.002391722053,0.008267165162,1
0.01310845837,0.01329636108,-0.002162731718,0.007423966657,1
0.01310845837,0.01315319724,-0.002302962821,0.007566796616,2
0.01310845837,0.01301003341,-0.002233724343,0.007569002453,1
0.01310845837,0.01286686864,-0.002200280782,0.007878444158,1
0.01310845837,0.0127237048,-0.002335061086,0.007815005258,1
0.01310845837,0.01258054096,-0.002261166926,0.007896110415,1
0.01310845837,0.01243737713,-0.001717239036,0.00693444768,1
0.01310845837,0.01229421329,-0.001333011896,0.007174445782,1
0.01310845837,0.01215104852,-0.001553038135,0.007072166074,1
0.01310845837,0.01200788468,-0.002047703601,0.007202426903,1
0.01310845837,0.01186472084,-0.002115854295,0.007391604595,2
0.01310845837,0.01172155701,-0.0019313948,0.007067350671,1
0.01310845837,0.01157839224,-0.002219213406,0.005336058326,1
0.01310845837,0.0114352284,-0.002236281056,0.006233774126,2
0.01310845837,0.01129206456,-0.002260344801,0.006513142958,1
0.01310845837,0.01114890072,-0.002231945982,0.006382781081,1
0.01310845837,0.01100573689,-0.002135824878,0.006467768457,1
0.01310845837,0.01086257212,-0.001874516951,0.006555294618,1
0.01310845837,0.01071940828,-0.001903348486,0.006210677326,1
0.01310845837,0.01057624444,-0.002114960924,0.006198855583,1
0.01310845837,0.01043308061,-0.002234572312,0.006139640231,1
0.01310845837,0.01028991584,-0.002323309658,0.005957026035,1
0.01310845837,0.010146752,-0.002211482963,0.006038061809,1
0.01310845837,0.01000358816,-0.002149647335,0.005840810016,1
0.01310845837,0.009860424325,-0.002229700098,0.006444834638,1
0.01310845837,0.009717259556,-0.002361731138,0.006401736289,1
0.01310845837,0.009574095719,-0.002175504807,0.006678037811,1
0.01310845837,0.009430931881,-0.002086835448,0.006581802852,1
0.01310845837,0.009287768044,-0.002061069245,0.006526520476,1
0.01310845837,0.009144604206,-0.001997700194,0.006411033217,1
0.01310845837,0.009001439437,-0.001896262751,0.006330867764,1
0.01310845837,0.0088582756,-0.001829017536,0.006701761857,1
0.01310845837,0.008715111762,-0.001817281009,0.006814791821,2
0.01310845837,0.008571947925,-0.00194244599,0.006711964961,1
0.01310845837,0.008428783156,-0.001974837622,0.006352382246,2
0.01310845837,0.008285619318,-0.002310226439,0.006219075061,1
0.01310845837,0.008142455481,-0.001823339029,0.006639261264,1
0.01310845837,0.007999291644,-0.001546679297,0.0065467651,1
0.01310845837,0.007856126875,-0.001716015511,0.00596027961,1
0.01310845837,0.007712963037,-0.001866221661,0.006104963366,1
0.01310845837,0.0075697992,-0.001859250595,0.006330207922,2
0.01310845837,0.007426635362,-0.00198447099,0.006631607655,1
0.01310845837,0.007283471059,-0.001937511959,0.006647589151,1
0.01310845837,0.007140307222,-0.001831108588,0.005975866225,1
0.01310845837,0.006997142918,-0.001883727848,0.005800834391,1
0.01310845837,0.006853979081,-0.001735878293,0.005687442143,1
0.01310845837,0.006710814778,-0.001633886364,0.00556777278,1
0.01310845837,0.00656765094,-0.001543932594,0.005292874761,1
0.01310845837,0.006424486637,-0.001581097371,0.005254967138,1
0.01310845837,0.0062813228,-0.001413467224,0.006123245694,1
0.01310845837,0.006138158496,-0.00155584421,0.005676295143,2
0.01310845837,0.005994994659,-0.001465202891,0.004938504659,1
0.01310845837,0.005851830821,-0.001433062949,0.004665936343,1
0.01310845837,0.005708666518,-0.001404826529,0.005077749956,2
0.01310845837,0.005565502681,-0.001194615848,0.005282031372,1
0.01310845837,0.005422338378,-0.001120111672,0.005061373115,1
0.01310845837,0.00527917454,-0.001128041535,0.00490853982,1
0.01310845837,0.005136010237,-0.001188495662,0.004707103595,1
0.01310845837,0.0049928464,-0.001362290815,0.004364833236,1
0.01310845837,0.004849682096,-0.00148503657,0.004486326128,1
0.01310845837,0.004706518259,-0.00169082114,0.004453482572,1
0.01310845837,0.004563353956,-0.001602189965,0.004583616275,1
0.01310845837,0.004420190118,-0.001661332324,0.004618541338,1
0.01310845837,0.004277025815,-0.001655510627,0.004874404985,1
0.01310845837,0.004133861978,-0.001454870333,0.004857067019,1
0.01310845837,0.00399069814,-0.001163689303,0.004540527705,1
0.01310845837,0.003847533837,-0.0009010222275,0.004508720245,1
0.01310845837,0.003704369767,-0.0009322046535,0.004652021918,2
0.01310845837,0.003561205696,-0.001025730046,0.004858078435,3
0.01310845837,0.003418041626,-0.001802971121,0.004466659855,1
0.01310845837,0.003274877556,-0.001123605063,0.004172581248,1
0.01310845837,0.003131713718,-0.001059993869,0.003941158764,1
0.01310845837,0.002988549648,-0.0007651585038,0.003856370226,1
0.01310845837,0.002845385578,-0.0006588996039,0.003843909595,1
0.01310845837,0.002702221507,-0.0007111595478,0.004382547457,1
0.01310845837,0.002559057437,-0.0009605605155,0.004969510715,1
0.01310845837,0.002415893367,-0.0006069644587,0.003538376652,1
0.01310845837,0.002272729296,-0.0009298640653,0.003882823978,1
0.01310845837,0.002129565226,-0.0008340792847,0.004078116268,1
0.01310845837,0.001986401156,-0.0005605174229,0.00412016036,1
0.01310845837,0.001843237202,-0.0003205336106,0.004432566464,1
0.01310845837,0.001700073131,-0.0004894682206,0.004124901257,1
0.01310845837,0.001556909061,-0.0007871116977,0.004102183506,1
0.01310845837,0.001413744991,-0.0009591004346,0.004187246785,1
0.01310845837,0.00127058092,-0.0008096878882,0.004545727279,1
0.01310845837,0.00112741685,-0.0007324724575,0.004252570681,1
0.01310845837,0.0009842528962,-0.0004217573733,0.003837474622,1
0.01310845837,0.0008410888258,-0.0002312166325,0.003484356683,1
0.01310845837,0.0006979247555,-0.0001355125132,0.003468156792,1
0.01310845837,0.0005547606852,-0.0002356838522,0.003475945676,2
0.01310845837,0.000411596644,-0.000463196804,0.003268453525,1
0.01310845837,0.0002684326028,-0.0003691594757,0.003478297265,1
0.01310845837,0.000125268547,-0.0006004261668,0.003796967445,1
0.01325162221,0.01916608773,-0.002600814682,0.006648765877,2
0.01325162221,0.01902292296,-0.002767190337,0.00659324415,1
0.01325162221,0.01887976006,-0.003476583166,0.008126884699,1
0.01325162221,0.01873659529,-0.003204134293,0.007284893189,1
0.01325162221,0.01859343052,-0.002986593405,0.007019579411,1
0.01325162221,0.01845026761,-0.002884431509,0.007688346785,1
0.01325162221,0.01830710284,-0.003020256525,0.007389809005,1
0.01325162221,0.01816393808,-0.003471996402,0.007559949532,1
0.01325162221,0.01802077517,-0.003728553187,0.006947022863,1
0.01325162221,0.0178776104,-0.003664854215,0.006692822091,1
0.01325162221,0.01773444749,-0.003704174422,0.006875102874,1
0.01325162221,0.01759128273,-0.004198650364,0.007213490084,2
0.01325162221,0.01744811796,-0.004772250075,0.00746954279,1
0.01325162221,0.01730495505,-0.004343920853,0.007692642976,1
0.01325162221,0.01716179028,-0.004503996111,0.007698115893,1
0.01325162221,0.01701862738,-0.004605146125,0.007589605637,1
0.01325162221,0.01687546261,-0.004776131362,0.008255810477,1
0.01325162221,0.01673229784,-0.004822503775,0.007964507677,1
0.01325162221,0.01658913493,-0.004480032716,0.007625772152,1
0.01325162221,0.01644597016,-0.004380661994,0.008087519556,1
0.01325162221,0.01630280726,-0.00450494932,0.008735603653,1
0.01325162221,0.01615964249,-0.004422716796,0.009047259577,1
0.01325162221,0.01601647772,-0.00424794713,0.008707098663,1
0.01325162221,0.01587331481,-0.004141182173,0.008795600384,1
0.01325162221,0.01573015004,-0.003999899141,0.008678420447,1
0.01325162221,0.01558698621,-0.004093541298,0.008835220709,2
0.01325162221,0.01544382237,-0.004469241016,0.008959103376,1
0.01325162221,0.0153006576,-0.003859944874,0.009560935199,2
0.01325162221,0.01515749376,-0.003954514861,0.01004186366,2
0.01325162221,0.01501432993,-0.003836862743,0.0101498533,2
0.01325162221,0.01487116609,-0.003154532518,0.009309669957,1
0.01325162221,0.01472800132,-0.003393907566,0.008242251351,1
0.01325162221,0.01458483748,-0.003210714087,0.008039128967,1
0.01325162221,0.01444167364,-0.002742832061,0.00823531393,2
0.01325162221,0.01429850981,-0.002819363028,0.008491644636,2
0.01325162221,0.01415534597,-0.002951721195,0.008434477262,2
0.01325162221,0.0140121812,-0.003083713586,0.008263137192,1
0.01325162221,0.01386901736,-0.00266569457,0.007928525098,1
0.01325162221,0.01372585353,-0.002569651697,0.00788833946,1
0.01325162221,0.01358268969,-0.002547349781,0.008091100492,1
0.01325162221,0.01343952492,-0.002587127732,0.008250476792,3
0.01325162221,0.01329636108,-0.002613621997,0.007846819237,1
0.01325162221,0.01315319724,-0.00245301309,0.007715555374,1
0.01325162221,0.01301003341,-0.001922774478,0.007760579232,1
0.01325162221,0.01286686864,-0.002395789139,0.008330263197,1
0.01325162221,0.0127237048,-0.00233469368,0.008216204122,1
0.01325162221,0.01258054096,-0.002304354915,0.007939343341,2
0.01325162221,0.01243737713,-0.001712828293,0.007141202688,1
0.01325162221,0.01229421329,-0.001418756437,0.007457786705,1
0.01325162221,0.01215104852,-0.001612930559,0.007422601338,1
0.01325162221,0.01200788468,-0.002078833058,0.007533156313,1
0.01325162221,0.01186472084,-0.002413179958,0.008268333972,1
0.01325162221,0.01172155701,-0.002671426861,0.008205818944,1
0.01325162221,0.01157839224,-0.002305739326,0.00706134364,2
0.01325162221,0.0114352284,-0.002264955081,0.006934498437,2
0.01325162221,0.01129206456,-0.002469867468,0.006846576463,1
0.01325162221,0.01114890072,-0.002354390454,0.006510111503,1
0.01325162221,0.01100573689,-0.002243767027,0.006882710382,1
0.01325162221,0.01086257212,-0.001834096038,0.006682787091,1
0.01325162221,0.01071940828,-0.0018383594,0.006515003275,1
0.01325162221,0.01057624444,-0.001854745089,0.006551997736,1
0.01325162221,0.01043308061,-0.002725958126,0.006691644434,1
0.01325162221,0.01028991584,-0.002341314917,0.006617838982,2
0.01325162221,0.010146752,-0.002176577225,0.006656026002,1
0.01325162221,0.01000358816,-0.002168193925,0.006545343902,1
0.01325162221,0.009860424325,-0.002258717315,0.006563190836,1
0.01325162221,0.009717259556,-0.001948336838,0.006358424202,1
0.01325162221,0.009574095719,-0.002019170206,0.006806501187,1
0.01325162221,0.009430931881,-0.00177595322,0.006687685847,1
0.01325162221,0.009287768044,-0.001994886901,0.006294922438,1
0.01325162221,0.009144604206,-0.00163411512,0.006040030625,1
0.01325162221,0.009001439437,-0.001680287649,0.006578014698,1
0.01325162221,0.0088582756,-0.001811832772,0.006955630612,1
0.01325162221,0.008715111762,-0.001756193116,0.007186357863,1
0.01325162221,0.008571947925,-0.001632712898,0.007156942971,1
0.01325162221,0.008428783156,-0.001215336844,0.007007996552,1
0.01325162221,0.008285619318,-0.00178782735,0.007553061005,1
0.01325162221,0.008142455481,-0.001494958531,0.008387234062,1
0.01325162221,0.007999291644,-0.00164511858,0.006083458196,1
0.01325162221,0.007856126875,-0.001669585356,0.006580685731,1
0.01325162221,0.007712963037,-0.001774294768,0.00679350039,1
0.01325162221,0.0075697992,-0.001608384075,0.007097994909,1
0.01325162221,0.007426635362,-0.002110149711,0.007250867784,1
0.01325162221,0.007283471059,-0.002216275083,0.007039399818,1
0.01325162221,0.007140307222,-0.001644939068,0.005438097753,1
0.01325162221,0.006997142918,-0.00152736262,0.005256407894,1
0.01325162221,0.006853979081,-0.001690238249,0.006059535313,1
0.01325162221,0.006710814778,-0.001566839986,0.00599226309,1
0.01325162221,0.00656765094,-0.001423189999,0.005970817059,1
0.01325162221,0.006424486637,-0.001421401626,0.005947210826,1
0.01325162221,0.0062813228,-0.001585211488,0.006252272055,1
0.01325162221,0.006138158496,-0.001899718074,0.006508837454,1
0.01325162221,0.005994994659,-0.001826877822,0.006047152914,1
0.01325162221,0.005851830821,-0.001565831597,0.005841850769,1
0.01325162221,0.005708666518,-0.001566608436,0.005875610281,1
0.01325162221,0.005565502681,-0.001367195509,0.005607754458,1
0.01325162221,0.005422338378,-0.001257613534,0.004972474184,1
0.01325162221,0.00527917454,-0.001167927985,0.005051914603,1
0.01325162221,0.005136010237,-0.001299452037,0.004940036684,1
0.01325162221,0.0049928464,-0.001412817976,0.004579081666,1
0.01325162221,0.004849682096,-0.001645745127,0.004636717029,1
0.01325162221,0.004706518259,-0.001555506373,0.004434413742,2
0.01325162221,0.004563353956,-0.001481535728,0.004901632201,1
0.01325162221,0.004420190118,-0.001630365965,0.004882887471,2
0.01325162221,0.004277025815,-0.001848043408,0.004940516781,1
0.01325162221,0.004133861978,-0.001390971127,0.004948942456,1
0.01325162221,0.00399069814,-0.001157200197,0.004963015206,1
0.01325162221,0.003847533837,-0.001186027774,0.005101557821,1
0.01325162221,0.003704369767,-0.001037589507,0.004926926922,1
0.01325162221,0.003561205696,-0.001135097002,0.005189108662,3
0.01325162221,0.003418041626,-0.001420808258,0.0045874957,1
0.01325162221,0.003274877556,-0.001095061423,0.004386557266,1
0.01325162221,0.003131713718,-0.001165090362,0.004224116914,1
0.01325162221,0.002988549648,-0.001217333716,0.004176815506,1
0.01325162221,0.002845385578,-0.00126506167,0.004396615084,1
0.01325162221,0.002702221507,-0.001059012953,0.005528297741,1
0.01325162221,0.002559057437,-0.001001192373,0.005581934936,1
0.01325162221,0.002415893367,-0.0008115484379,0.003832740476,1
0.01325162221,0.002272729296,-0.0007662984426,0.003496082267,1
0.01325162221,0.002129565226,-0.0007263004663,0.003930991981,1
0.01325162221,0.001986401156,-0.0006192805013,0.004136869684,1
0.01325162221,0.001843237202,-0.0005294202711,0.004276088439,1
0.01325162221,0.001700073131,-0.0005468052113,0.004324162845,1
0.01325162221,0.001556909061,-0.0005610703956,0.004363462329,1
0.01325162221,0.001413744991,-0.0005165853654,0.004314832855,1
0.01325162221,0.00127058092,-0.0007945567486,0.003567931708,1
0.01325162221,0.00112741685,-0.000583408284,0.004036467057,2
0.01325162221,0.0009842528962,-0.0003434417595,0.003886129707,1
0.01325162221,0.0008410888258,-0.0002209103113,0.003746357979,1
0.01325162221,0.0006979247555,-0.0001531317102,0.003785036737,2
0.01325162221,0.0005547606852,0.0001057194531,0.003825069405,1
0.01325162221,0.000411596644,-0.0007616545772,0.004220187664,1
0.01325162221,0.0002684326028,-0.0008266989607,0.004099384882,1
0.01325162221,0.000125268547,-0.0004244245647,0.00394634949,1
0.01339478698,0.01916608773,-0.002965096617,0.006850833073,2
0.01339478698,0.01902292296,-0.002671202645,0.006556600798,1
0.01339478698,0.01887976006,-0.002993942937,0.00737909507,1
0.01339478698,0.01873659529,-0.00325033837,0.008078480139,1
0.01339478698,0.01859343052,-0.003241179045,0.007231495343,2
0.01339478698,0.01845026761,-0.003630754305,0.006432676688,1
0.01339478698,0.01830710284,-0.00358254672,0.007089845836,2
0.01339478698,0.01816393808,-0.00410960149,0.007341029588,1
0.01339478698,0.01802077517,-0.003916896414,0.007204105612,1
0.01339478698,0.0178776104,-0.003889197018,0.007120647002,1
0.01339478698,0.01773444749,-0.003913925029,0.007300926838,1
0.01339478698,0.01759128273,-0.004180246964,0.007695247885,2
0.01339478698,0.01744811796,-0.00445999112,0.008238648996,1
0.01339478698,0.01730495505,-0.004434067756,0.008183969185,2
0.01339478698,0.01716179028,-0.004587125964,0.008251875639,2
0.01339478698,0.01701862738,-0.00470344862,0.008468588814,2
0.01339478698,0.01687546261,-0.004784246907,0.009048495442,1
0.01339478698,0.01673229784,-0.005062147509,0.008989349008,1
0.01339478698,0.01658913493,-0.005189636722,0.0086543262,1
0.01339478698,0.01644597016,-0.004830719437,0.009244187735,1
0.01339478698,0.01630280726,-0.004935424309,0.009658202529,1
0.01339478698,0.01615964249,-0.004645266104,0.009164799005,1
0.01339478698,0.01601647772,-0.004229300655,0.00861800462,1
0.01339478698,0.01587331481,-0.004071148578,0.008473576978,1
0.01339478698,0.01573015004,-0.003985099494,0.008498905227,1
0.01339478698,0.01558698621,-0.004193994217,0.008965150453,2
0.01339478698,0.01544382237,-0.004435786977,0.009415058419,1
0.01339478698,0.0153006576,-0.004297893494,0.01060497202,2
0.01339478698,0.01515749376,-0.004612482153,0.01145395637,1
0.01339478698,0.01501432993,-0.004414772149,0.01163863204,1
0.01339478698,0.01487116609,-0.002820858033,0.008886663243,1
0.01339478698,0.01472800132,-0.003323335433,0.00836231932,1
0.01339478698,0.01458483748,-0.003048404353,0.008227278478,1
0.01339478698,0.01444167364,-0.002977442229,0.008057301864,1
0.01339478698,0.01429850981,-0.003022728721,0.009133764543,1
0.01339478698,0.01415534597,-0.003110496094,0.00892736949,2
0.01339478698,0.0140121812,-0.003237924771,0.008914312348,1
0.01339478698,0.01386901736,-0.003060158808,0.008859192953,1
0.01339478698,0.01372585353,-0.002431905828,0.00867678877,1
0.01339478698,0.01358268969,-0.002479912248,0.008848110214,1
0.01339478698,0.01343952492,-0.002482236829,0.008969103917,1
0.01339478698,0.01329636108,-0.002567248652,0.008694063872,1
0.01339478698,0.01315319724,-0.002383964602,0.008491186425,2
0.01339478698,0.01301003341,-0.00218134257,0.00836175587,2
0.01339478698,0.01286686864,-0.002240592847,0.008044064045,1
0.01339478698,0.0127237048,-0.002312989207,0.009048478678,1
0.01339478698,0.01258054096,-0.002908730414,0.008503858,1
0.01339478698,0.01243737713,-0.002056981204,0.007909762673,1
0.01339478698,0.01229421329,-0.001775210956,0.007417621091,1
0.01339478698,0.01215104852,-0.00190920732,0.007914729416,1
0.01339478698,0.01200788468,-0.002122062724,0.008101986721,2
0.01339478698,0.01186472084,-0.002452409361,0.008571815677,1
0.01339478698,0.01172155701,-0.002700523939,0.008367119357,1
0.01339478698,0.01157839224,-0.002067362191,0.007768998854,1
0.01339478698,0.0114352284,-0.002047932707,0.007596299518,1
0.01339478698,0.01129206456,-0.002310875803,0.007282366976,1
0.01339478698,0.01114890072,-0.002272390295,0.006914018653,1
0.01339478698,0.01100573689,-0.002083418425,0.00734766759,1
0.01339478698,0.01086257212,-0.001860514516,0.00749241421,1
0.01339478698,0.01071940828,-0.001698343549,0.007391355932,1
0.01339478698,0.01057624444,-0.001660129637,0.007232784759,1
0.01339478698,0.01043308061,-0.001974547049,0.007228436414,1
0.01339478698,0.01028991584,-0.002139414195,0.007166659459,2
0.01339478698,0.010146752,-0.002171823755,0.0068607945,1
0.01339478698,0.01000358816,-0.002187495353,0.007302328479,1
0.01339478698,0.009860424325,-0.002276566811,0.007201566361,1
0.01339478698,0.009717259556,-0.002100507729,0.007206019014,1
0.01339478698,0.009574095719,-0.002042299369,0.007162231952,1
0.01339478698,0.009430931881,-0.00194550748,0.006674768869,2
0.01339478698,0.009287768044,-0.001777512487,0.006031379104,1
0.01339478698,0.009144604206,-0.001676841523,0.005887951236,1
0.01339478698,0.009001439437,-0.001414700528,0.006953692064,1
0.01339478698,0.0088582756,-0.001799175283,0.007248175796,1
0.01339478698,0.008715111762,-0.001752438373,0.007361487951,1
0.01339478698,0.008571947925,-0.001725134905,0.007307881024,2
0.01339478698,0.008428783156,-0.001723999274,0.007365159225,2
0.01339478698,0.008285619318,-0.001890746877,0.008126509376,1
0.01339478698,0.008142455481,-0.001594415633,0.007984126918,1
0.01339478698,0.007999291644,-0.001264902647,0.00700463634,1
0.01339478698,0.007856126875,-0.001334798872,0.007336998358,1
0.01339478698,0.007712963037,-0.001699322951,0.008179157041,1
0.01339478698,0.0075697992,-0.001707065385,0.007650291547,1
0.01339478698,0.007426635362,-0.00191349152,0.0077657355,1
0.01339478698,0.007283471059,-0.001980379224,0.007467163261,1
0.01339478698,0.007140307222,-0.001695222105,0.00648375228,1
0.01339478698,0.006997142918,-0.001552664326,0.006132157985,1
0.01339478698,0.006853979081,-0.001591871027,0.006570986006,1
0.01339478698,0.006710814778,-0.001247778418,0.006551364437,1
0.01339478698,0.00656765094,-0.001561696758,0.006875043735,1
0.01339478698,0.006424486637,-0.00180518697,0.00662655104,1
0.01339478698,0.0062813228,-0.002111401875,0.006382440683,1
0.01339478698,0.006138158496,-0.002156013157,0.006878508255,1
0.01339478698,0.005994994659,-0.001940359711,0.00622966513,1
0.01339478698,0.005851830821,-0.001734094229,0.00619667815,1
0.01339478698,0.005708666518,-0.001684465213,0.006379869301,1
0.01339478698,0.005565502681,-0.001536548836,0.005973265972,1
0.01339478698,0.005422338378,-0.001397309243,0.005328650121,1
0.01339478698,0.00527917454,-0.001432043617,0.005497914273,1
0.01339478698,0.005136010237,-0.001392466365,0.005320407916,1
0.01339478698,0.0049928464,-0.001415543375,0.004932990763,1
0.01339478698,0.004849682096,-0.001357587869,0.004806471523,1
0.01339478698,0.004706518259,-0.001403923496,0.003745824331,1
0.01339478698,0.004563353956,-0.001460577594,0.004984358326,1
0.01339478698,0.004420190118,-0.001530552516,0.005070859101,2
0.01339478698,0.004277025815,-0.001558795571,0.005196082871,1
0.01339478698,0.004133861978,-0.001355590182,0.005164267495,1
0.01339478698,0.00399069814,-0.001197074191,0.005309768021,1
0.01339478698,0.003847533837,-0.001135561382,0.005488439463,1
0.01339478698,0.003704369767,-0.001333903172,0.005235665943,1
0.01339478698,0.003561205696,-0.001338090049,0.005363490433,1
0.01339478698,0.003418041626,-0.001197709353,0.004529266618,1
0.01339478698,0.003274877556,-0.001161461114,0.004575418774,1
0.01339478698,0.003131713718,-0.00127036823,0.004553529434,1
0.01339478698,0.002988549648,-0.001295768656,0.004511368461,1
0.01339478698,0.002845385578,-0.001365203178,0.004649894312,1
0.01339478698,0.002702221507,-0.001192149357,0.004948985763,2
0.01339478698,0.002559057437,-0.00105219183,0.004798266571,2
0.01339478698,0.002415893367,-0.0009178787004,0.004113065545,1
0.01339478698,0.002272729296,-0.0008383498644,0.004028489348,1
0.01339478698,0.002129565226,-0.0007035785238,0.004127731547,1
0.01339478698,0.001986401156,-0.0007145323325,0.004377917387,1
0.01339478698,0.001843237202,-0.0007616954972,0.004390330985,1
0.01339478698,0.001700073131,-0.001005031867,0.004751826636,1
0.01339478698,0.001556909061,-0.0006349670584,0.004715028685,1
0.01339478698,0.001413744991,-0.0001911776053,0.004493738059,1
0.01339478698,0.00127058092,-0.0003161148634,0.004584673326,1
0.01339478698,0.00112741685,-0.0004631622287,0.004439236596,2
0.01339478698,0.0009842528962,-0.0004516499466,0.004422359169,1
0.01339478698,0.0008410888258,-0.0005698236637,0.004229230806,1
0.01339478698,0.0006979247555,-0.0003618235351,0.004100562539,1
0.01339478698,0.0005547606852,-0.0002301757195,0.004219575319,1
0.01339478698,0.000411596644,-0.0004814575077,0.004206594545,1
0.01339478698,0.0002684326028,-0.0008400671068,0.003961288836,1
0.01339478698,0.000125268547,-0.001067299396,0.003996672109,1
0.01353795081,0.01916608773,-0.003623272292,0.007347132079,1
0.01353795081,0.01902292296,-0.002467222046,0.006224747747,1
0.01353795081,0.01887976006,-0.002609810559,0.007171049714,1
0.01353795081,0.01873659529,-0.002719436772,0.007467441726,1
0.01353795081,0.01859343052,-0.003097030101,0.007395244204,1
0.01353795081,0.01845026761,-0.00342975161,0.007108214777,2
0.01353795081,0.01830710284,-0.003569574095,0.007195866667,2
0.01353795081,0.01816393808,-0.003784626955,0.007285590749,2
0.01353795081,0.01802077517,-0.003822447732,0.007432348561,1
0.01353795081,0.0178776104,-0.003918208182,0.007554306183,1
0.01353795081,0.01773444749,-0.004161626566,0.007586608641,1
0.01353795081,0.01759128273,-0.004148421809,0.008027925156,1
0.01353795081,0.01744811796,-0.004255325999,0.008196868002,1
0.01353795081,0.01730495505,-0.00434523169,0.008552708663,1
0.01353795081,0.01716179028,-0.004706992768,0.008656829596,2
0.01353795081,0.01701862738,-0.004837275017,0.008984376676,2
0.01353795081,0.01687546261,-0.005109421909,0.009855451062,1
0.01353795081,0.01673229784,-0.005214159843,0.01028106734,1
0.01353795081,0.01658913493,-0.004911170341,0.009283390827,2
0.01353795081,0.01644597016,-0.004733293783,0.00918437168,2
0.01353795081,0.01630280726,-0.004663222004,0.008995517157,1
0.01353795081,0.01615964249,-0.004139854107,0.008943555877,1
0.01353795081,0.01601647772,-0.004027219489,0.00868308451,1
0.01353795081,0.01587331481,-0.00400302466,0.008111338131,1
0.01353795081,0.01573015004,-0.004097856116,0.008185856044,1
0.01353795081,0.01558698621,-0.004261549562,0.009111418389,2
0.01353795081,0.01544382237,-0.004333008081,0.01014211215,2
0.01353795081,0.0153006576,-0.004283359274,0.01198993903,1
0.01353795081,0.01515749376,-0.004235318396,0.01226853952,1
0.01353795081,0.01501432993,-0.003702925518,0.01043660101,1
0.01353795081,0.01487116609,-0.003471491858,0.01027001906,1
0.01353795081,0.01472800132,-0.003380316542,0.01001120545,1
0.01353795081,0.01458483748,-0.00326039223,0.009947597049,1
0.01353795081,0.01444167364,-0.002882722067,0.009075303562,1
0.01353795081,0.01429850981,-0.003137687221,0.009145954624,1
0.01353795081,0.01415534597,-0.003229609691,0.009226923808,2
0.01353795081,0.0140121812,-0.003408612683,0.009020977654,1
0.01353795081,0.01386901736,-0.003078782232,0.008965117857,1
0.01353795081,0.01372585353,-0.002372172428,0.009051741101,1
0.01353795081,0.01358268969,-0.002446248196,0.009299571626,1
0.01353795081,0.01343952492,-0.00245686667,0.009508190677,1
0.01353795081,0.01329636108,-0.002359329956,0.00931836199,1
0.01353795081,0.01315319724,-0.002334255027,0.00919337105,2
0.01353795081,0.01301003341,-0.002178037772,0.009151196107,2
0.01353795081,0.01286686864,-0.00217489549,0.009612654336,1
0.01353795081,0.0127237048,-0.002107928041,0.01053904835,1
0.01353795081,0.01258054096,-0.002671790076,0.008599369787,1
0.01353795081,0.01243737713,-0.002304628957,0.008288715966,1
0.01353795081,0.01229421329,-0.002209012164,0.007987111807,1
0.01353795081,0.01215104852,-0.002120367484,0.008527556434,1
0.01353795081,0.01200788468,-0.002047801157,0.008388248272,1
0.01353795081,0.01186472084,-0.002098508179,0.008126218803,1
0.01353795081,0.01172155701,-0.002253482817,0.008011660539,1
0.01353795081,0.01157839224,-0.00204190216,0.008041488938,1
0.01353795081,0.0114352284,-0.002009036718,0.007998102345,1
0.01353795081,0.01129206456,-0.002087852452,0.007763966452,1
0.01353795081,0.01114890072,-0.002531484235,0.007676800247,1
0.01353795081,0.01100573689,-0.001888453611,0.007650540676,1
0.01353795081,0.01086257212,-0.001812550006,0.007780290674,1
0.01353795081,0.01071940828,-0.001676932792,0.008340064436,1
0.01353795081,0.01057624444,-0.001776005258,0.008071471006,2
0.01353795081,0.01043308061,-0.001848313259,0.008243767545,1
0.01353795081,0.01028991584,-0.002069971291,0.007959567942,2
0.01353795081,0.010146752,-0.002230755286,0.007923216559,1
0.01353795081,0.01000358816,-0.002344000386,0.008081447333,1
0.01353795081,0.009860424325,-0.002371913753,0.007796370424,1
0.01353795081,0.009717259556,-0.00235553924,0.007809122093,1
0.01353795081,0.009574095719,-0.002389309462,0.007349974476,1
0.01353795081,0.009430931881,-0.002186264843,0.006817779504,1
0.01353795081,0.009287768044,-0.002032472519,0.006473569199,1
0.01353795081,0.009144604206,-0.001862554229,0.00689705601,1
0.01353795081,0.009001439437,-0.001610219129,0.007018743083,2
0.01353795081,0.0088582756,-0.001580054406,0.00702598691,1
0.01353795081,0.008715111762,-0.00165862299,0.007503894623,1
0.01353795081,0.008571947925,-0.001791388961,0.007347933948,1
0.01353795081,0.008428783156,-0.00206477847,0.007018248551,1
0.01353795081,0.008285619318,-0.002243878786,0.007694125641,1
0.01353795081,0.008142455481,-0.002141186967,0.007615216076,1
0.01353795081,0.007999291644,-0.001566186314,0.007368730381,2
0.01353795081,0.007856126875,-0.001147378585,0.00742143672,1
0.01353795081,0.007712963037,-0.00167203031,0.008289385587,1
0.01353795081,0.0075697992,-0.001726884395,0.007821475156,1
0.01353795081,0.007426635362,-0.001813855837,0.008164013736,1
0.01353795081,0.007283471059,-0.001809876878,0.008304664865,1
0.01353795081,0.007140307222,-0.001745432615,0.007628760301,1
0.01353795081,0.006997142918,-0.001574714552,0.006911536679,1
0.01353795081,0.006853979081,-0.001320002717,0.006934959907,1
0.01353795081,0.006710814778,-0.001265282044,0.007270403672,1
0.01353795081,0.00656765094,-0.001623640885,0.00756305689,1
0.01353795081,0.006424486637,-0.001974410377,0.007323915605,1
0.01353795081,0.0062813228,-0.002220864175,0.006704317406,1
0.01353795081,0.006138158496,-0.001893676003,0.007176846266,1
0.01353795081,0.005994994659,-0.001632791711,0.006225089077,1
0.01353795081,0.005851830821,-0.001743672998,0.006395088043,1
0.01353795081,0.005708666518,-0.001738665975,0.006695437245,1
0.01353795081,0.005565502681,-0.001697501168,0.006490357686,1
0.01353795081,0.005422338378,-0.001368140685,0.006117012352,1
0.01353795081,0.00527917454,-0.001633708016,0.006591686979,1
0.01353795081,0.005136010237,-0.001580200391,0.006354296114,1
0.01353795081,0.0049928464,-0.001368431724,0.005368991289,2
0.01353795081,0.004849682096,-0.001208028523,0.004540838301,1
0.01353795081,0.004706518259,-0.001203138265,0.004427686334,1
0.01353795081,0.004563353956,-0.00155992771,0.005442636553,1
0.01353795081,0.004420190118,-0.001472471282,0.005220108666,2
0.01353795081,0.004277025815,-0.001606293139,0.005323531572,1
0.01353795081,0.004133861978,-0.001432268764,0.005307312123,1
0.01353795081,0.00399069814,-0.001345737372,0.005025710911,1
0.01353795081,0.003847533837,-0.001182961976,0.004886052571,1
0.01353795081,0.003704369767,-0.001281726407,0.005766718648,1
0.01353795081,0.003561205696,-0.001320764888,0.005491096061,1
0.01353795081,0.003418041626,-0.001300485223,0.004886784591,1
0.01353795081,0.003274877556,-0.001257110504,0.004774652421,1
0.01353795081,0.003131713718,-0.001254274626,0.004962610081,1
0.01353795081,0.002988549648,-0.001241960446,0.004970833659,1
0.01353795081,0.002845385578,-0.001417748048,0.004689282272,1
0.01353795081,0.002702221507,-0.001292189467,0.004819484893,1
0.01353795081,0.002559057437,-0.001097546774,0.004549079575,1
0.01353795081,0.002415893367,-0.0009587558452,0.004461375065,1
0.01353795081,0.002272729296,-0.0006530779065,0.00445606187,1
0.01353795081,0.002129565226,-0.0005211278331,0.004506662488,2
0.01353795081,0.001986401156,-0.000214032756,0.004418025725,1
0.01353795081,0.001843237202,-0.0004599045205,0.004483506083,1
0.01353795081,0.001700073131,-0.0006835473469,0.004653194454,2
0.01353795081,0.001556909061,-0.0007531031733,0.004794239532,1
0.01353795081,0.001413744991,-0.0004457086907,0.004599580076,1
0.01353795081,0.00127058092,-0.0004851542762,0.004866539966,1
0.01353795081,0.00112741685,-0.0005014757626,0.004713447765,2
0.01353795081,0.0009842528962,-0.0004506360274,0.00445360085,1
0.01353795081,0.0008410888258,-0.0007745432085,0.004437264055,1
0.01353795081,0.0006979247555,-0.0004709139175,0.004490205552,1
0.01353795081,0.0005547606852,-0.0002828604192,0.00459149247,1
0.01353795081,0.000411596644,-0.0003385905293,0.00443296181,1
0.01353795081,0.0002684326028,-0.0006212631706,0.004154387396,1
0.01353795081,0.000125268547,-0.001162445755,0.004553762265,1
0.01368111465,0.01916608773,-0.002891564742,0.005973137915,1
0.01368111465,0.01902292296,-0.002852731152,0.006229037885,1
0.01368111465,0.01887976006,-0.002918725368,0.007209775969,1
0.01368111465,0.01873659529,-0.003321461612,0.008154539391,1
0.01368111465,0.01859343052,-0.00343835284,0.007741541136,1
0.01368111465,0.01845026761,-0.00342164794,0.007409071084,2
0.01368111465,0.01830710284,-0.003481371561,0.007299817167,2
0.01368111465,0.01816393808,-0.00363688427,0.007173116785,1
0.01368111465,0.01802077517,-0.003557990305,0.007747392636,1
0.01368111465,0.0178776104,-0.003600456286,0.00744171394,1
0.01368111465,0.01773444749,-0.003718769178,0.007437753491,1
0.01368111465,0.01759128273,-0.004096538294,0.008192474023,1
0.01368111465,0.01744811796,-0.003938449081,0.008970727213,1
0.01368111465,0.01730495505,-0.004181624856,0.008771746419,1
0.01368111465,0.01716179028,-0.005058337003,0.008838356473,1
0.01368111465,0.01701862738,-0.004829237703,0.008956639096,2
0.01368111465,0.01687546261,-0.004855683539,0.009376297705,1
0.01368111465,0.01673229784,-0.004881866742,0.009556572884,1
0.01368111465,0.01658913493,-0.00450758962,0.009013797157,2
0.01368111465,0.01644597016,-0.004528064281,0.009214393795,2
0.01368111465,0.01630280726,-0.004541431088,0.00948595535,1
0.01368111465,0.01615964249,-0.004221426789,0.009760800749,1
0.01368111465,0.01601647772,-0.004237520974,0.009895908646,1
0.01368111465,0.01587331481,-0.004255908076,0.009352643043,1
0.01368111465,0.01573015004,-0.00447698636,0.008826760575,1
0.01368111465,0.01558698621,-0.00442133937,0.009152555838,1
0.01368111465,0.01544382237,-0.004351336975,0.01005203091,1
0.01368111465,0.0153006576,-0.004064085428,0.01164645236,1
0.01368111465,0.01515749376,-0.004264313262,0.01173988916,1
0.01368111465,0.01501432993,-0.004344906658,0.01081637107,1
0.01368111465,0.01487116609,-0.003549179994,0.01087805163,1
0.01368111465,0.01472800132,-0.003726172959,0.0116802929,1
0.01368111465,0.01458483748,-0.003385090735,0.01142362133,1
0.01368111465,0.01444167364,-0.00311910687,0.01010183245,1
0.01368111465,0.01429850981,-0.00325802411,0.009996498004,1
0.01368111465,0.01415534597,-0.003261642996,0.009813394397,2
0.01368111465,0.0140121812,-0.003234398784,0.009585822001,2
0.01368111465,0.01386901736,-0.002999890363,0.009381657466,2
0.01368111465,0.01372585353,-0.002597796964,0.009171801619,1
0.01368111465,0.01358268969,-0.002506480552,0.009269244038,1
0.01368111465,0.01343952492,-0.002502566436,0.009877131321,1
0.01368111465,0.01329636108,-0.00268901838,0.01044218615,1
0.01368111465,0.01315319724,-0.002415686613,0.009812740609,1
0.01368111465,0.01301003341,-0.0020216587,0.009437002242,1
0.01368111465,0.01286686864,-0.002163649769,0.01073739771,1
0.01368111465,0.0127237048,-0.002199234208,0.01056449674,1
0.01368111465,0.01258054096,-0.002426307416,0.008691594936,2
0.01368111465,0.01243737713,-0.002428497421,0.007414448075,1
0.01368111465,0.01229421329,-0.00227184291,0.008797707967,1
0.01368111465,0.01215104852,-0.002122250153,0.008934239857,1
0.01368111465,0.01200788468,-0.001851866604,0.008713798597,1
0.01368111465,0.01186472084,-0.001971513499,0.008491282351,1
0.01368111465,0.01172155701,-0.002265196759,0.008323889226,1
0.01368111465,0.01157839224,-0.002100572456,0.00833741203,1
0.01368111465,0.0114352284,-0.002059013816,0.008372400887,1
0.01368111465,0.01129206456,-0.002078075893,0.0081186397,1
0.01368111465,0.01114890072,-0.002508447971,0.007918939926,1
0.01368111465,0.01100573689,-0.001924043521,0.007739820983,1
0.01368111465,0.01086257212,-0.001870809589,0.007821297273,1
0.01368111465,0.01071940828,-0.001771209063,0.008503820747,1
0.01368111465,0.01057624444,-0.001918644994,0.008469266817,2
0.01368111465,0.01043308061,-0.00206132303,0.00868983008,1
0.01368111465,0.01028991584,-0.002061402192,0.008504628204,2
0.01368111465,0.010146752,-0.002133187139,0.008515883237,2
0.01368111465,0.01000358816,-0.002188598039,0.008689678274,1
0.01368111465,0.009860424325,-0.002208555117,0.008073139004,1
0.01368111465,0.009717259556,-0.002255205764,0.007796590216,1
0.01368111465,0.009574095719,-0.002331473166,0.007858415134,2
0.01368111465,0.009430931881,-0.002235799097,0.007029295899,1
0.01368111465,0.009287768044,-0.002057457343,0.006749429274,1
0.01368111465,0.009144604206,-0.001895936672,0.007140399888,2
0.01368111465,0.009001439437,-0.00158356782,0.007198237814,2
0.01368111465,0.0088582756,-0.001258122735,0.007115243468,1
0.01368111465,0.008715111762,-0.001635932247,0.007602492347,1
0.01368111465,0.008571947925,-0.001827685046,0.007505500689,1
0.01368111465,0.008428783156,-0.001963448245,0.007312051021,1
0.01368111465,0.008285619318,-0.002273266204,0.008104261011,1
0.01368111465,0.008142455481,-0.001970382873,0.007907233201,1
0.01368111465,0.007999291644,-0.001711277175,0.007433631923,1
0.01368111465,0.007856126875,-0.001721849665,0.007114359178,1
0.01368111465,0.007712963037,-0.001875715563,0.006017716601,1
0.01368111465,0.0075697992,-0.001907498576,0.006010584533,1
0.01368111465,0.007426635362,-0.001899595954,0.008055492304,1
0.01368111465,0.007283471059,-0.001858491683,0.008597821929,1
0.01368111465,0.007140307222,-0.001638259855,0.00836895965,1
0.01368111465,0.006997142918,-0.001017470728,0.00753187947,1
0.01368111465,0.006853979081,-0.001411149045,0.007254877128,1
0.01368111465,0.006710814778,-0.001648750505,0.007556783501,1
0.01368111465,0.00656765094,-0.00166277797,0.007763642352,1
0.01368111465,0.006424486637,-0.001494725468,0.007809005212,1
0.01368111465,0.0062813228,-0.001693379483,0.008667361923,1
0.01368111465,0.006138158496,-0.001530648326,0.007559109945,1
0.01368111465,0.005994994659,-0.001442205394,0.007703291252,1
0.01368111465,0.005851830821,-0.001781736035,0.007295605261,1
0.01368111465,0.005708666518,-0.001784435357,0.007459086366,1
0.01368111465,0.005565502681,-0.001730320044,0.007201976143,1
0.01368111465,0.005422338378,-0.00149336597,0.006565731019,1
0.01368111465,0.00527917454,-0.001613994944,0.006952333264,1
0.01368111465,0.005136010237,-0.00160263502,0.006666899193,1
0.01368111465,0.0049928464,-0.001269954606,0.005647839978,1
0.01368111465,0.004849682096,-0.001696567051,0.005000802223,1
0.01368111465,0.004706518259,-0.001872521243,0.005542168859,1
0.01368111465,0.004563353956,-0.001730077667,0.005780830514,1
0.01368111465,0.004420190118,-0.001193111297,0.005043407436,1
0.01368111465,0.004277025815,-0.0009529267554,0.005069511943,1
0.01368111465,0.004133861978,-0.001067034435,0.005677998532,1
0.01368111465,0.00399069814,-0.001340736984,0.005515192635,1
0.01368111465,0.003847533837,-0.001285486156,0.004755717237,1
0.01368111465,0.003704369767,-0.001314332476,0.00503228046,1
0.01368111465,0.003561205696,-0.001365871518,0.00527181197,2
0.01368111465,0.003418041626,-0.00111430476,0.005128985271,1
0.01368111465,0.003274877556,-0.001096171094,0.005017654505,1
0.01368111465,0.003131713718,-0.001123046037,0.005276464857,1
0.01368111465,0.002988549648,-0.001125469804,0.005228225142,1
0.01368111465,0.002845385578,-0.00116836105,0.004617953673,1
0.01368111465,0.002702221507,-0.001320270239,0.004765929189,1
0.01368111465,0.002559057437,-0.001151724253,0.004465323873,1
0.01368111465,0.002415893367,-0.001106953365,0.004359862767,1
0.01368111465,0.002272729296,-0.000976196141,0.004168639891,1
0.01368111465,0.002129565226,-0.0005138221895,0.005024830345,1
0.01368111465,0.001986401156,6.842648872e-05,0.004776854999,1
0.01368111465,0.001843237202,-0.0003035361588,0.004651833791,2
0.01368111465,0.001700073131,-0.0005161497975,0.004583206493,2
0.01368111465,0.001556909061,-0.0007621956174,0.004302906804,1
0.01368111465,0.001413744991,-0.0007050702698,0.004158279859,1
0.01368111465,0.00127058092,-0.0006896989653,0.004852651618,1
0.01368111465,0.00112741685,-0.0006069505471,0.005094414111,2
0.01368111465,0.0009842528962,-0.000687564956,0.004806770477,2
0.01368111465,0.0008410888258,-0.0008507793536,0.004722828045,2
0.01368111465,0.0006979247555,-0.001010095002,0.004968944471,1
0.01368111465,0.0005547606852,-0.0009116593865,0.005476509221,1
0.01368111465,0.000411596644,-0.0005797799677,0.004894637037,1
0.01368111465,0.0002684326028,-0.0006009636563,0.004643043503,1
0.01368111465,0.000125268547,-0.001104756841,0.003638621187,1
0.01382427849,0.01916608773,-0.002816728083,0.006405912805,2
0.01382427849,0.01902292296,-0.002845068695,0.006637622602,2
0.01382427849,0.01887976006,-0.002946800785,0.007163865957,2
0.01382427849,0.01873659529,-0.003124843817,0.007814037614,3
0.01382427849,0.01859343052,-0.003479789244,0.007697160356,1
0.01382427849,0.01845026761,-0.003337115282,0.007486711256,2
0.01382427849,0.01830710284,-0.003297379939,0.007421213668,1
0.01382427849,0.01816393808,-0.003495403565,0.007354365196,1
0.01382427849,0.01802077517,-0.003561850404,0.007444319781,1
0.01382427849,0.0178776104,-0.003692381782,0.007307995111,1
0.01382427849,0.01773444749,-0.003682078328,0.007592972368,2
0.01382427849,0.01759128273,-0.003729411867,0.007949964143,1
0.01382427849,0.01744811796,-0.003763040295,0.008703032508,1
0.01382427849,0.01730495505,-0.003934324253,0.008486317471,1
0.01382427849,0.01716179028,-0.004526393022,0.008392319083,1
0.01382427849,0.01701862738,-0.004565656185,0.008627526462,2
0.01382427849,0.01687546261,-0.004595610313,0.008815743029,2
0.01382427849,0.01673229784,-0.004484308884,0.008983923122,2
0.01382427849,0.01658913493,-0.003709259443,0.00800083112,1
0.01382427849,0.01644597016,-0.00432994077,0.00917345006,3
0.01382427849,0.01630280726,-0.004483326338,0.01079982799,2
0.01382427849,0.01615964249,-0.004401211161,0.01069568377,2
0.01382427849,0.01601647772,-0.004365117755,0.01054614689,2
0.01382427849,0.01587331481,-0.00425186893,0.009832752869,3
0.01382427849,0.01573015004,-0.004051843192,0.01016027853,1
0.01382427849,0.01558698621,-0.003898602212,0.01046193577,1
0.01382427849,0.01544382237,-0.003920547199,0.01069709193,1
0.01382427849,0.0153006576,-0.004333361052,0.01057821047,1
0.01382427849,0.01515749376,-0.004460247699,0.01115090586,1
0.01382427849,0.01501432993,-0.004237129819,0.01135445386,1
0.01382427849,0.01487116609,-0.00381690776,0.01131654903,1
0.01382427849,0.01472800132,-0.003610793035,0.01142463088,2
0.01382427849,0.01458483748,-0.00325316051,0.01135839988,2
0.01382427849,0.01444167364,-0.002696480835,0.01111697778,1
0.01382427849,0.01429850981,-0.003199817846,0.01071227901,2
0.01382427849,0.01415534597,-0.003324539866,0.01044433285,2
0.01382427849,0.0140121812,-0.003267448395,0.01012726221,2
0.01382427849,0.01386901736,-0.00308858417,0.009803887457,2
0.01382427849,0.01372585353,-0.002682310529,0.009280534461,1
0.01382427849,0.01358268969,-0.002444169484,0.009040951729,1
0.01382427849,0.01343952492,-0.002640404273,0.01005707122,1
0.01382427849,0.01329636108,-0.002729751403,0.01057561021,1
0.01382427849,0.01315319724,-0.00323621952,0.01007461455,1
0.01382427849,0.01301003341,-0.002584658796,0.009374564514,2
0.01382427849,0.01286686864,-0.002179038711,0.008391493,1
0.01382427849,0.0127237048,-0.002143448684,0.008085319772,1
0.01382427849,0.01258054096,-0.002405707724,0.008188065141,2
0.01382427849,0.01243737713,-0.00245782733,0.007675899193,1
0.01382427849,0.01229421329,-0.002282747999,0.009219937958,1
0.01382427849,0.01215104852,-0.002199677285,0.009115809575,1
0.01382427849,0.01200788468,-0.002003943548,0.00932669919,1
0.01382427849,0.01186472084,-0.002031777753,0.008971448988,2
0.01382427849,0.01172155701,-0.00196557818,0.008820275776,1
0.01382427849,0.01157839224,-0.001759883249,0.008899618872,1
0.01382427849,0.0114352284,-0.002447971841,0.008036045358,1
0.01382427849,0.01129206456,-0.002398459706,0.009121907875,1
0.01382427849,0.01114890072,-0.002301240573,0.008823218755,1
0.01382427849,0.01100573689,-0.002162179444,0.00882303901,2
0.01382427849,0.01086257212,-0.001764991903,0.008212327026,1
0.01382427849,0.01071940828,-0.001987973461,0.0082786493,1
0.01382427849,0.01057624444,-0.00206604274,0.008611946367,1
0.01382427849,0.01043308061,-0.002108928515,0.008863425814,1
0.01382427849,0.01028991584,-0.001981127542,0.008853233419,1
0.01382427849,0.010146752,-0.00205199304,0.00894600898,1
0.01382427849,0.01000358816,-0.002072070725,0.008755875751,1
0.01382427849,0.009860424325,-0.002052061027,0.008416851051,1
0.01382427849,0.009717259556,-0.002090925584,0.008267992176,1
0.01382427849,0.009574095719,-0.002445578575,0.009257800877,1
0.01382427849,0.009430931881,-0.002297154395,0.008639119565,1
0.01382427849,0.009287768044,-0.002193103312,0.007839046419,1
0.01382427849,0.009144604206,-0.002080167411,0.007716875523,1
0.01382427849,0.009001439437,-0.00156999263,0.007518565748,1
0.01382427849,0.0088582756,-0.001349811559,0.007386000827,2
0.01382427849,0.008715111762,-0.001162650529,0.007044743747,1
0.01382427849,0.008571947925,-0.00156569446,0.007598060649,2
0.01382427849,0.008428783156,-0.001853515394,0.007855159231,1
0.01382427849,0.008285619318,-0.00187488657,0.008465103805,1
0.01382427849,0.008142455481,-0.001845185296,0.008190536872,1
0.01382427849,0.007999291644,-0.001840377692,0.008278633468,1
0.01382427849,0.007856126875,-0.001930669765,0.007944203913,1
0.01382427849,0.007712963037,-0.001798470505,0.00693135336,2
0.01382427849,0.0075697992,-0.001640669885,0.007002595346,1
0.01382427849,0.007426635362,-0.00196798332,0.007919164374,1
0.01382427849,0.007283471059,-0.001992146717,0.008864136413,1
0.01382427849,0.007140307222,-0.00198261044,0.009127594531,1
0.01382427849,0.006997142918,-0.001785340835,0.008560129441,1
0.01382427849,0.006853979081,-0.002071245573,0.007934077643,1
0.01382427849,0.006710814778,-0.002008415759,0.006991234608,1
0.01382427849,0.00656765094,-0.001680944581,0.007653047796,1
0.01382427849,0.006424486637,-0.001382295974,0.008610040881,1
0.01382427849,0.0062813228,-0.001498614438,0.008519427851,2
0.01382427849,0.006138158496,-0.001520413323,0.008509851061,1
0.01382427849,0.005994994659,-0.001584831276,0.00810096506,2
0.01382427849,0.005851830821,-0.001723419642,0.007975341752,2
0.01382427849,0.005708666518,-0.001778667211,0.00842833519,1
0.01382427849,0.005565502681,-0.001646350371,0.008086870424,1
0.01382427849,0.005422338378,-0.001580217853,0.007187362295,2
0.01382427849,0.00527917454,-0.00147994468,0.006912838202,1
0.01382427849,0.005136010237,-0.001611676649,0.006165469997,1
0.01382427849,0.0049928464,-0.001673237537,0.006061178166,1
0.01382427849,0.004849682096,-0.002044502413,0.005456885323,1
0.01382427849,0.004706518259,-0.002052461728,0.006266896613,1
0.01382427849,0.004563353956,-0.001556704636,0.005802027881,1
0.01382427849,0.004420190118,-0.001055956585,0.00555060152,1
0.01382427849,0.004277025815,-0.001112317899,0.005434524268,1
0.01382427849,0.004133861978,-0.001163084642,0.005735221319,1
0.01382427849,0.00399069814,-0.001209466718,0.00601854641,1
0.01382427849,0.003847533837,-0.001249206951,0.00455157226,1
0.01382427849,0.003704369767,-0.001453780686,0.00498557277,1
0.01382427849,0.003561205696,-0.001714083715,0.005434886552,1
0.01382427849,0.003418041626,-0.00127517397,0.005332787056,2
0.01382427849,0.003274877556,-0.001022365293,0.005381829571,1
0.01382427849,0.003131713718,-0.001042367541,0.005063158926,3
0.01382427849,0.002988549648,-0.001024904079,0.005057896022,1
0.01382427849,0.002845385578,-0.001590106636,0.0049334215,1
0.01382427849,0.002702221507,-0.00130739715,0.004794138949,2
0.01382427849,0.002559057437,-0.001106974552,0.004701618571,2
0.01382427849,0.002415893367,-0.001070604078,0.004815167282,2
0.01382427849,0.002272729296,-0.001012813533,0.004751069471,2
0.01382427849,0.002129565226,-0.0009533220436,0.004880829249,1
0.01382427849,0.001986401156,-0.0006645813119,0.005138925277,1
0.01382427849,0.001843237202,-0.0003065167402,0.004763768055,1
0.01382427849,0.001700073131,-0.0003153201542,0.004724890459,1
0.01382427849,0.001556909061,-0.0006658517523,0.004186763428,1
0.01382427849,0.001413744991,-0.0007064560778,0.004218581133,1
0.01382427849,0.00127058092,-0.000672881084,0.00470781466,1
0.01382427849,0.00112741685,-0.0005490624462,0.006004786585,1
0.01382427849,0.0009842528962,-0.0008418940706,0.004956239834,2
0.01382427849,0.0008410888258,-0.0009309141315,0.004678332713,2
0.01382427849,0.0006979247555,-0.001186779817,0.005074064247,1
0.01382427849,0.0005547606852,-0.0010892516,0.005677510053,1
0.01382427849,0.000411596644,-0.0007859652396,0.005213607103,1
0.01382427849,0.0002684326028,-0.0007301066071,0.004200994968,1
0.01382427849,0.000125268547,-0.0007277672994,0.003810104216,2
0.01396744233,0.01916608773,-0.002713550348,0.006606976967,2
0.01396744233,0.01902292296,-0.002764015226,0.006751673762,2
0.01396744233,0.01887976006,-0.002898565261,0.006994029041,2
0.01396744233,0.01873659529,-0.003177319421,0.007129731588,1
0.01396744233,0.01859343052,-0.00313286297,0.007163581438,1
0.01396744233,0.01845026761,-0.003149644006,0.007419400383,1
0.01396744233,0.01830710284,-0.003380724229,0.007676749956,1
0.01396744233,0.01816393808,-0.00346194976,0.007684451062,1
0.01396744233,0.01802077517,-0.003507903777,0.007744648959,1
0.01396744233,0.0178776104,-0.003571143141,0.007427485194,1
0.01396744233,0.01773444749,-0.003587749787,0.007676176727,2
0.01396744233,0.01759128273,-0.003684649942,0.007868200541,2
0.01396744233,0.01744811796,-0.003719972679,0.00821392145,1
0.01396744233,0.01730495505,-0.003811214818,0.00823326502,2
0.01396744233,0.01716179028,-0.004093809519,0.008346563205,2
0.01396744233,0.01701862738,-0.004311385099,0.00834540464,2
0.01396744233,0.01687546261,-0.004476791248,0.008275222033,2
0.01396744233,0.01673229784,-0.004750499967,0.009562546387,3
0.01396744233,0.01658913493,-0.004135069437,0.009017194621,2
0.01396744233,0.01644597016,-0.004124140833,0.009864811786,2
0.01396744233,0.01630280726,-0.004660720937,0.01384422369,1
0.01396744233,0.01615964249,-0.004534975626,0.01167595759,2
0.01396744233,0.01601647772,-0.004569868557,0.01176024321,1
0.01396744233,0.01587331481,-0.004380476661,0.01183100417,1
0.01396744233,0.01573015004,-0.00411726255,0.01107092202,1
0.01396744233,0.01558698621,-0.003944152966,0.01090251096,1
0.01396744233,0.01544382237,-0.003882772289,0.01079272572,1
0.01396744233,0.0153006576,-0.0039861775,0.01087838691,2
0.01396744233,0.01515749376,-0.0038732877,0.01127121784,1
0.01396744233,0.01501432993,-0.004175255075,0.01208223216,1
0.01396744233,0.01487116609,-0.003789852373,0.01127131749,1
0.01396744233,0.01472800132,-0.00364693068,0.01134327985,1
0.01396744233,0.01458483748,-0.003320277901,0.01146837045,1
0.01396744233,0.01444167364,-0.002641069237,0.01122176647,1
0.01396744233,0.01429850981,-0.003520227736,0.01129131112,1
0.01396744233,0.01415534597,-0.003569249529,0.01112439483,1
0.01396744233,0.0140121812,-0.003422270762,0.01067500468,2
0.01396744233,0.01386901736,-0.003404686926,0.01042609755,2
0.01396744233,0.01372585353,-0.003652169835,0.01047002338,1
0.01396744233,0.01358268969,-0.003165550064,0.009976442903,1
0.01396744233,0.01343952492,-0.003141944995,0.01032154541,1
0.01396744233,0.01329636108,-0.003169415984,0.01046997309,1
0.01396744233,0.01315319724,-0.003081856528,0.01014444884,2
0.01396744233,0.01301003341,-0.002901718253,0.009595148265,2
0.01396744233,0.01286686864,-0.002624721965,0.009033944458,1
0.01396744233,0.0127237048,-0.002545369323,0.008608785458,2
0.01396744233,0.01258054096,-0.002595247235,0.008299445733,1
0.01396744233,0.01243737713,-0.002458407776,0.009317962453,1
0.01396744233,0.01229421329,-0.002325969748,0.009483432397,2
0.01396744233,0.01215104852,-0.002388155321,0.009519309737,1
0.01396744233,0.01200788468,-0.002298805863,0.009395444766,1
0.01396744233,0.01186472084,-0.002186075551,0.009247540496,1
0.01396744233,0.01172155701,-0.001717643812,0.008058658801,1
0.01396744233,0.01157839224,-0.001705830917,0.008649788797,1
0.01396744233,0.0114352284,-0.001869926462,0.009371233173,1
0.01396744233,0.01129206456,-0.002456357935,0.009743365459,1
0.01396744233,0.01114890072,-0.002415424911,0.009696033783,1
0.01396744233,0.01100573689,-0.002658442361,0.01051678695,1
0.01396744233,0.01086257212,-0.002226816723,0.009541210718,2
0.01396744233,0.01071940828,-0.00213743723,0.008991867304,2
0.01396744233,0.01057624444,-0.002079040976,0.008936339989,1
0.01396744233,0.01043308061,-0.00205294718,0.009576326236,1
0.01396744233,0.01028991584,-0.00188092317,0.009022623301,1
0.01396744233,0.010146752,-0.002079043537,0.009028369561,1
0.01396744233,0.01000358816,-0.00217487663,0.008945640177,1
0.01396744233,0.009860424325,-0.002116196556,0.008773003705,1
0.01396744233,0.009717259556,-0.002054129494,0.008647697046,1
0.01396744233,0.009574095719,-0.00231249677,0.009576567449,1
0.01396744233,0.009430931881,-0.00218568556,0.009034743533,1
0.01396744233,0.009287768044,-0.002229329897,0.008426929824,1
0.01396744233,0.009144604206,-0.002184659708,0.008316504769,1
0.01396744233,0.009001439437,-0.00164727238,0.008084885776,1
0.01396744233,0.0088582756,-0.001408480457,0.007865451276,2
0.01396744233,0.008715111762,-0.001122955931,0.007461708505,1
0.01396744233,0.008571947925,-0.00141892687,0.007986837998,2
0.01396744233,0.008428783156,-0.001606665901,0.008311249316,2
0.01396744233,0.008285619318,-0.00169549475,0.008693047799,2
0.01396744233,0.008142455481,-0.001812150353,0.008573582396,1
0.01396744233,0.007999291644,-0.001930368366,0.008945230395,1
0.01396744233,0.007856126875,-0.001998867141,0.008439286612,1
0.01396744233,0.007712963037,-0.001746826922,0.006760898512,1
0.01396744233,0.0075697992,-0.001721060835,0.007619966287,1
0.01396744233,0.007426635362,-0.001856136019,0.008256633766,2
0.01396744233,0.007283471059,-0.001973064151,0.008829717524,1
0.01396744233,0.007140307222,-0.002010345692,0.009396753274,1
0.01396744233,0.006997142918,-0.002537389286,0.01017875783,1
0.01396744233,0.006853979081,-0.002268188633,0.008955277503,1
0.01396744233,0.006710814778,-0.001997821499,0.008067844436,2
0.01396744233,0.00656765094,-0.001789630041,0.007706072647,1
0.01396744233,0.006424486637,-0.001562537742,0.008237283677,2
0.01396744233,0.0062813228,-0.001398368855,0.008290456608,1
0.01396744233,0.006138158496,-0.001463031629,0.008539744653,1
0.01396744233,0.005994994659,-0.001653286861,0.008215375245,2
0.01396744233,0.005851830821,-0.001748444163,0.008076461032,2
0.01396744233,0.005708666518,-0.001824126113,0.008305367082,1
0.01396744233,0.005565502681,-0.00167537143,0.008285186253,1
0.01396744233,0.005422338378,-0.001701210509,0.007184009068,1
0.01396744233,0.00527917454,-0.001635293826,0.007115046028,2
0.01396744233,0.005136010237,-0.001633319305,0.006422030274,1
0.01396744233,0.0049928464,-0.001683787676,0.006345764734,1
0.01396744233,0.004849682096,-0.002189773135,0.006723893341,1
0.01396744233,0.004706518259,-0.001785382512,0.006464888807,1
0.01396744233,0.004563353956,-0.001517367549,0.005765372422,1
0.01396744233,0.004420190118,-0.001267475192,0.005880656186,1
0.01396744233,0.004277025815,-0.001346344245,0.005975450389,1
0.01396744233,0.004133861978,-0.001344569959,0.005910465959,1
0.01396744233,0.00399069814,-0.001220793929,0.005630266387,2
0.01396744233,0.003847533837,-0.001147292205,0.004869676195,1
0.01396744233,0.003704369767,-0.001248030807,0.00524845859,1
0.01396744233,0.003561205696,-0.00119619933,0.005444502458,1
0.01396744233,0.003418041626,-0.001249942346,0.005385447294,1
0.01396744233,0.003274877556,-0.001199070131,0.005422762129,1
0.01396744233,0.003131713718,-0.001035001478,0.005400448572,1
0.01396744233,0.002988549648,-0.001166332862,0.005276615731,1
0.01396744233,0.002845385578,-0.001313228859,0.004881040659,1
0.01396744233,0.002702221507,-0.001212237286,0.004775585607,2
0.01396744233,0.002559057437,-0.0008981727296,0.004731843714,1
0.01396744233,0.002415893367,-0.001055674744,0.005448118318,1
0.01396744233,0.002272729296,-0.001051131985,0.005139640532,2
0.01396744233,0.002129565226,-0.001104446244,0.005036209244,1
0.01396744233,0.001986401156,-0.0008765990497,0.005244833883,1
0.01396744233,0.001843237202,-0.0007036264287,0.005837190431,1
0.01396744233,0.001700073131,-0.0004859177861,0.004730586428,1
0.01396744233,0.001556909061,-0.0007304770988,0.004625533707,1
0.01396744233,0.001413744991,-0.0008233095868,0.004762168042,1
0.01396744233,0.00127058092,-0.0005148829659,0.004889226053,1
0.01396744233,0.00112741685,-0.0006058781291,0.004965388216,2
0.01396744233,0.0009842528962,-0.001200034516,0.004335068632,3
0.01396744233,0.0008410888258,-0.0008442032849,0.003960198723,1
0.01396744233,0.0006979247555,-0.00084088929,0.00454900926,1
0.01396744233,0.0005547606852,-0.0008767780964,0.00547973346,1
0.01396744233,0.000411596644,-0.0008391608717,0.00529680308,1
0.01396744233,0.0002684326028,-0.0007962808013,0.004275288433,1
0.01396744233,0.000125268547,-0.0003484384506,0.003590696724,1
0.0141106071,0.01916608773,-0.002559907967,0.0066633448,1
0.0141106071,0.01902292296,-0.002598876599,0.006768067833,1
0.0141106071,0.01887976006,-0.002706125146,0.006930844858,1
0.0141106071,0.01873659529,-0.002864419017,0.007161302492,1
0.0141106071,0.01859343052,-0.002951639472,0.00720414985,1
0.0141106071,0.01845026761,-0.003107993631,0.007497459184,1
0.0141106071,0.01830710284,-0.003378884168,0.00788050238,1
0.0141106071,0.01816393808,-0.003570365719,0.008393528871,1
0.0141106071,0.01802077517,-0.003715893952,0.008158462122,1
0.0141106071,0.0178776104,-0.003287273692,0.008137543686,1
0.0141106071,0.01773444749,-0.003413128201,0.007816047408,1
0.0141106071,0.01759128273,-0.003701465437,0.007632739842,1
0.0141106071,0.01744811796,-0.003614504822,0.007867593318,1
0.0141106071,0.01730495505,-0.003496752586,0.007886256091,1
0.0141106071,0.01716179028,-0.003726245137,0.008415263146,1
0.0141106071,0.01701862738,-0.004109283444,0.008132305928,2
0.0141106071,0.01687546261,-0.004249669146,0.006377194077,1
0.0141106071,0.01673229784,-0.004306384362,0.008557586931,2
0.0141106071,0.01658913493,-0.003956377972,0.008640590124,2
0.0141106071,0.01644597016,-0.003370832186,0.007424378768,1
0.0141106071,0.01630280726,-0.003514549229,0.008192597888,1
0.0141106071,0.01615964249,-0.00450810045,0.01040367782,1
0.0141106071,0.01601647772,-0.004248249345,0.01146858651,1
0.0141106071,0.01587331481,-0.004317746032,0.0119262943,1
0.0141106071,0.01573015004,-0.004303650465,0.01123344619,1
0.0141106071,0.01558698621,-0.004435988609,0.01100450195,1
0.0141106071,0.01544382237,-0.004273347557,0.01116723381,1
0.0141106071,0.0153006576,-0.003855289659,0.01087139361,1
0.0141106071,0.01515749376,-0.003705390263,0.01114033815,2
0.0141106071,0.01501432993,-0.003596556373,0.01106926333,1
0.0141106071,0.01487116609,-0.003518504323,0.01114228275,1
0.0141106071,0.01472800132,-0.003466038499,0.01095049921,1
0.0141106071,0.01458483748,-0.003438986605,0.01114899572,1
0.0141106071,0.01444167364,-0.002759298543,0.01136182155,1
0.0141106071,0.01429850981,-0.003450611839,0.01098171342,1
0.0141106071,0.01415534597,-0.003543651197,0.01105162315,1
0.0141106071,0.0140121812,-0.003447697964,0.01102226414,2
0.0141106071,0.01386901736,-0.003455723636,0.01075547654,2
0.0141106071,0.01372585353,-0.003983322997,0.01033573132,1
0.0141106071,0.01358268969,-0.002760433359,0.01135415491,1
0.0141106071,0.01343952492,-0.002418010728,0.0104790125,1
0.0141106071,0.01329636108,-0.00283145206,0.01080729533,1
0.0141106071,0.01315319724,-0.003020072123,0.01043805853,1
0.0141106071,0.01301003341,-0.003315635258,0.009827633388,1
0.0141106071,0.01286686864,-0.003592051333,0.009421118535,1
0.0141106071,0.0127237048,-0.002818059176,0.009016430005,2
0.0141106071,0.01258054096,-0.002526223892,0.008645081893,1
0.0141106071,0.01243737713,-0.00212581642,0.009639970027,1
0.0141106071,0.01229421329,-0.002174567897,0.009876519442,1
0.0141106071,0.01215104852,-0.002369536087,0.01016025059,1
0.0141106071,0.01200788468,-0.002451075241,0.01007720176,1
0.0141106071,0.01186472084,-0.002209610539,0.009726112708,1
0.0141106071,0.01172155701,-0.001952887978,0.008703713305,1
0.0141106071,0.01157839224,-0.00190109096,0.008644779213,1
0.0141106071,0.0114352284,-0.002072851639,0.009549356997,1
0.0141106071,0.01129206456,-0.00231541926,0.01025410928,1
0.0141106071,0.01114890072,-0.002428659238,0.011546202,1
0.0141106071,0.01100573689,-0.002371546812,0.01064570714,1
0.0141106071,0.01086257212,-0.002346395981,0.01044386439,1
0.0141106071,0.01071940828,-0.002255917294,0.009211267345,3
0.0141106071,0.01057624444,-0.002142547164,0.009463787079,1
0.0141106071,0.01043308061,-0.00207457575,0.009382548742,2
0.0141106071,0.01028991584,-0.001943262294,0.008959329687,1
0.0141106071,0.010146752,-0.00212866161,0.009048790671,1
0.0141106071,0.01000358816,-0.002173540182,0.009394512512,1
0.0141106071,0.009860424325,-0.002110326197,0.009440343827,1
0.0141106071,0.009717259556,-0.002538250759,0.008254179731,1
0.0141106071,0.009574095719,-0.001572145731,0.0090549374,1
0.0141106071,0.009430931881,-0.001607691054,0.008784933016,1
0.0141106071,0.009287768044,-0.001755731297,0.008503010496,1
0.0141106071,0.009144604206,-0.001849516178,0.008940342814,1
0.0141106071,0.009001439437,-0.00173673674,0.008696290664,2
0.0141106071,0.0088582756,-0.001513882075,0.008529211394,2
0.0141106071,0.008715111762,-0.001365073491,0.008463056758,2
0.0141106071,0.008571947925,-0.001380391303,0.008576335385,2
0.0141106071,0.008428783156,-0.001458726823,0.008709952235,2
0.0141106071,0.008285619318,-0.001488275942,0.009422254749,1
0.0141106071,0.008142455481,-0.001634360407,0.009574613534,1
0.0141106071,0.007999291644,-0.001983829308,0.009331928566,1
0.0141106071,0.007856126875,-0.001952932449,0.009069842286,1
0.0141106071,0.007712963037,-0.001301126438,0.008878240362,1
0.0141106071,0.0075697992,-0.001653343206,0.008647696115,2
0.0141106071,0.007426635362,-0.001762435655,0.008657689206,2
0.0141106071,0.007283471059,-0.001716163009,0.008855540305,2
0.0141106071,0.007140307222,-0.00138209865,0.009283456951,1
0.0141106071,0.006997142918,-0.002040997846,0.009485777467,2
0.0141106071,0.006853979081,-0.002298198175,0.009669360705,1
0.0141106071,0.006710814778,-0.001925051329,0.008618794382,1
0.0141106071,0.00656765094,-0.001643387252,0.007958959788,1
0.0141106071,0.006424486637,-0.001679855864,0.008342563175,1
0.0141106071,0.0062813228,-0.001721814857,0.008528738283,1
0.0141106071,0.006138158496,-0.001765083172,0.008414891548,1
0.0141106071,0.005994994659,-0.001816840377,0.008144332096,2
0.0141106071,0.005851830821,-0.001792944153,0.007809760515,2
0.0141106071,0.005708666518,-0.001741849585,0.007380660158,1
0.0141106071,0.005565502681,-0.001665282529,0.007553474046,1
0.0141106071,0.005422338378,-0.001665239106,0.007600246929,1
0.0141106071,0.00527917454,-0.001726700459,0.0079413075,1
0.0141106071,0.005136010237,-0.001536143245,0.00692742411,2
0.0141106071,0.0049928464,-0.001117602107,0.006747751031,1
0.0141106071,0.004849682096,-0.0017597361,0.005763278808,1
0.0141106071,0.004706518259,-0.001879135496,0.006086057052,1
0.0141106071,0.004563353956,-0.001759775332,0.006075349636,1
0.0141106071,0.004420190118,-0.001326336875,0.006183722988,1
0.0141106071,0.004277025815,-0.001480688225,0.006173263304,1
0.0141106071,0.004133861978,-0.001393237035,0.006162822247,1
0.0141106071,0.00399069814,-0.001181846834,0.005722376984,2
0.0141106071,0.003847533837,-0.001172177494,0.005525757559,2
0.0141106071,0.003704369767,-0.0009524439811,0.0055197482,1
0.0141106071,0.003561205696,-0.0009671911248,0.005454026163,1
0.0141106071,0.003418041626,-0.001161564607,0.005414834712,1
0.0141106071,0.003274877556,-0.001284726663,0.005593544338,1
0.0141106071,0.003131713718,-0.001394104678,0.005505193025,1
0.0141106071,0.002988549648,-0.001357345725,0.005379883107,1
0.0141106071,0.002845385578,-0.001407950651,0.004808313213,1
0.0141106071,0.002702221507,-0.001330150291,0.004695320502,1
0.0141106071,0.002559057437,-0.001178069739,0.005144197494,1
0.0141106071,0.002415893367,-0.001158575644,0.005317228846,1
0.0141106071,0.002272729296,-0.001031593187,0.005323163699,2
0.0141106071,0.002129565226,-0.0009140042821,0.005194208119,1
0.0141106071,0.001986401156,-0.0008991208742,0.005729455501,1
0.0141106071,0.001843237202,-0.0007824826753,0.005798668601,2
0.0141106071,0.001700073131,-0.0006805406301,0.005341409706,2
0.0141106071,0.001556909061,-0.0006585220108,0.004568804521,1
0.0141106071,0.001413744991,-0.0006444622995,0.005241652019,1
0.0141106071,0.00127058092,-0.0004802378244,0.005082706921,1
0.0141106071,0.00112741685,-0.0001595327631,0.004632470198,1
0.0141106071,0.0009842528962,-0.0003963926865,0.004516894463,1
0.0141106071,0.0008410888258,-0.0009873312665,0.004102368373,1
0.0141106071,0.0006979247555,-0.000928701018,0.004436595365,1
0.0141106071,0.0005547606852,-0.0008176087285,0.005421422888,1
0.0141106071,0.000411596644,-0.00076589128,0.005247743335,1
0.0141106071,0.0002684326028,-0.000782685529,0.00484107621,1
0.0141106071,0.000125268547,-0.0007972875028,0.005588750821,1
0.01425377093,0.01916608773,-0.002520300215,0.00697123073,1
0.01425377093,0.01902292296,-0.002353774849,0.007032784168,1
0.01425377093,0.01887976006,-0.002364078071,0.007063578814,1
0.01425377093,0.01873659529,-0.002630084055,0.007733679377,1
0.01425377093,0.01859343052,-0.002768702805,0.007743692957,2
0.01425377093,0.01845026761,-0.00286579947,0.008439791389,1
0.01425377093,0.01830710284,-0.003505400382,0.00793603994,1
0.01425377093,0.01816393808,-0.003689132631,0.008234404959,1
0.01425377093,0.01802077517,-0.003808648093,0.008152054623,1
0.01425377093,0.0178776104,-0.003395052627,0.008178193122,1
0.01425377093,0.01773444749,-0.003367886646,0.007803262677,1
0.01425377093,0.01759128273,-0.003541135695,0.007373372093,1
0.01425377093,0.01744811796,-0.003401450347,0.007539236918,1
0.01425377093,0.01730495505,-0.003503531218,0.008090732619,1
0.01425377093,0.01716179028,-0.003838324454,0.009001530707,1
0.01425377093,0.01701862738,-0.004149835091,0.009391360916,2
0.01425377093,0.01687546261,-0.004441828467,0.01024460606,1
0.01425377093,0.01673229784,-0.00426899083,0.009650019929,2
0.01425377093,0.01658913493,-0.004013225436,0.009563199244,2
0.01425377093,0.01644597016,-0.003694973653,0.009923100471,1
0.01425377093,0.01630280726,-0.004097540863,0.01073073875,1
0.01425377093,0.01615964249,-0.004368717317,0.01152961887,1
0.01425377093,0.01601647772,-0.004243389238,0.01046041772,1
0.01425377093,0.01587331481,-0.004171201028,0.01073739026,1
0.01425377093,0.01573015004,-0.004195139278,0.01094128285,1
0.01425377093,0.01558698621,-0.004189357627,0.01105451491,1
0.01425377093,0.01544382237,-0.004241168499,0.01107165404,2
0.01425377093,0.0153006576,-0.004447553772,0.01146675833,1
0.01425377093,0.01515749376,-0.003496427322,0.01134947874,1
0.01425377093,0.01501432993,-0.0033879166,0.01099053118,1
0.01425377093,0.01487116609,-0.003506252309,0.01086474583,1
0.01425377093,0.01472800132,-0.003169935662,0.01125776954,1
0.01425377093,0.01458483748,-0.003444070462,0.01198850665,1
0.01425377093,0.01444167364,-0.003382849973,0.01179884374,1
0.01425377093,0.01429850981,-0.002859227825,0.01080141123,1
0.01425377093,0.01415534597,-0.003154707374,0.01107744873,2
0.01425377093,0.0140121812,-0.003369146492,0.01160695124,1
0.01425377093,0.01386901736,-0.002987185959,0.0112378113,1
0.01425377093,0.01372585353,-0.002944122767,0.01052666362,2
0.01425377093,0.01358268969,-0.00208515767,0.00990802329,1
0.01425377093,0.01343952492,-0.002387531567,0.01059581246,1
0.01425377093,0.01329636108,-0.002799896291,0.0108372299,1
0.01425377093,0.01315319724,-0.00301147229,0.01052237954,1
0.01425377093,0.01301003341,-0.002803366631,0.009956262074,1
0.01425377093,0.01286686864,-0.002971494105,0.009549147449,1
0.01425377093,0.0127237048,-0.002608592389,0.009390735067,1
0.01425377093,0.01258054096,-0.00186460535,0.0101013463,1
0.01425377093,0.01243737713,-0.001767492155,0.01014434267,1
0.01425377093,0.01229421329,-0.002125551226,0.01016761176,1
0.01425377093,0.01215104852,-0.002347221598,0.01056836825,1
0.01425377093,0.01200788468,-0.00240823091,0.0105806049,1
0.01425377093,0.01186472084,-0.002231032355,0.01005063113,1
0.01425377093,0.01172155701,-0.002075114055,0.009331410751,1
0.01425377093,0.01157839224,-0.002096452052,0.008682324551,1
0.01425377093,0.0114352284,-0.002343607601,0.00932793878,1
0.01425377093,0.01129206456,-0.002344019245,0.0104419291,1
0.01425377093,0.01114890072,-0.002462345641,0.01188504137,1
0.01425377093,0.01100573689,-0.002438544063,0.01122322306,1
0.01425377093,0.01086257212,-0.002447041916,0.0111857364,1
0.01425377093,0.01071940828,-0.002320116619,0.01033546403,2
0.01425377093,0.01057624444,-0.002346938476,0.009914409369,1
0.01425377093,0.01043308061,-0.002159545897,0.009530752897,1
0.01425377093,0.01028991584,-0.002039465355,0.009349592961,1
0.01425377093,0.010146752,-0.001696305117,0.009175804444,1
0.01425377093,0.01000358816,-0.002167833271,0.01035027113,1
0.01425377093,0.009860424325,-0.002151154215,0.01021735463,1
0.01425377093,0.009717259556,-0.002123516751,0.009224189445,2
0.01425377093,0.009574095719,-0.00180574751,0.00895450078,1
0.01425377093,0.009430931881,-0.001783731976,0.008816839196,1
0.01425377093,0.009287768044,-0.001923860866,0.00886990875,1
0.01425377093,0.009144604206,-0.001936299959,0.009059981443,1
0.01425377093,0.009001439437,-0.00193627656,0.009230721742,1
0.01425377093,0.0088582756,-0.001545237377,0.009092046879,2
0.01425377093,0.008715111762,-0.001443065004,0.009284970351,1
0.01425377093,0.008571947925,-0.00127883791,0.009145492688,1
0.01425377093,0.008428783156,-0.001359574031,0.008529969491,1
0.01425377093,0.008285619318,-0.001588017098,0.00924331788,1
0.01425377093,0.008142455481,-0.001757177408,0.00967853982,1
0.01425377093,0.007999291644,-0.001647974597,0.009250454605,1
0.01425377093,0.007856126875,-0.001371247228,0.008769920096,1
0.01425377093,0.007712963037,-0.001617724309,0.008886075579,1
0.01425377093,0.0075697992,-0.001828750363,0.009434890002,1
0.01425377093,0.007426635362,-0.001824100036,0.008870884776,2
0.01425377093,0.007283471059,-0.001747053815,0.008651298471,2
0.01425377093,0.007140307222,-0.00168732903,0.008562355302,2
0.01425377093,0.006997142918,-0.001946305274,0.008811531588,1
0.01425377093,0.006853979081,-0.002145295264,0.009202252142,1
0.01425377093,0.006710814778,-0.002075039083,0.009571139701,1
0.01425377093,0.00656765094,-0.001824378851,0.008944232948,1
0.01425377093,0.006424486637,-0.001953409286,0.008830569685,1
0.01425377093,0.0062813228,-0.002361562336,0.008757355623,1
0.01425377093,0.006138158496,-0.002398445038,0.008379293606,1
0.01425377093,0.005994994659,-0.00205604732,0.008137298748,2
0.01425377093,0.005851830821,-0.001864642254,0.007637589704,2
0.01425377093,0.005708666518,-0.001592769171,0.006454342511,1
0.01425377093,0.005565502681,-0.001554159797,0.006702495273,1
0.01425377093,0.005422338378,-0.001728716539,0.007531126495,1
0.01425377093,0.00527917454,-0.001705453615,0.007372867782,1
0.01425377093,0.005136010237,-0.001666950993,0.006598607171,1
0.01425377093,0.0049928464,-0.001288574887,0.006630318705,1
0.01425377093,0.004849682096,-0.00158647215,0.006740442012,1
0.01425377093,0.004706518259,-0.001810274902,0.006488919724,1
0.01425377093,0.004563353956,-0.001783622894,0.006347575691,1
0.01425377093,0.004420190118,-0.001469082083,0.00637976313,1
0.01425377093,0.004277025815,-0.001383486786,0.006314815022,2
0.01425377093,0.004133861978,-0.001030257554,0.006207737606,1
0.01425377093,0.00399069814,-0.000941178645,0.005570661277,1
0.01425377093,0.003847533837,-0.001407127362,0.00599122839,1
0.01425377093,0.003704369767,-0.001070724218,0.005880154204,1
0.01425377093,0.003561205696,-0.001083538169,0.005655624438,1
0.01425377093,0.003418041626,-0.001298671588,0.005598211661,1
0.01425377093,0.003274877556,-0.001326791244,0.005822951905,1
0.01425377093,0.003131713718,-0.001177100232,0.00607246859,1
0.01425377093,0.002988549648,-0.001281126053,0.00563060632,1
0.01425377093,0.002845385578,-0.001415325794,0.005564158317,1
0.01425377093,0.002702221507,-0.001401133486,0.005517691839,1
0.01425377093,0.002559057437,-0.001657952205,0.005071180873,1
0.01425377093,0.002415893367,-0.001707580523,0.004960063845,1
0.01425377093,0.002272729296,-0.001002660836,0.005641577765,1
0.01425377093,0.002129565226,-0.001051007304,0.005760164,1
0.01425377093,0.001986401156,-0.001103706425,0.006315201987,1
0.01425377093,0.001843237202,-0.000846642768,0.006286619697,2
0.01425377093,0.001700073131,-0.0007952399319,0.006267578807,1
0.01425377093,0.001556909061,-0.0005979720154,0.005653780419,1
0.01425377093,0.001413744991,-0.0003421110159,0.005983824376,1
0.01425377093,0.00127058092,-0.000205563425,0.005316462833,1
0.01425377093,0.00112741685,-0.0004096945631,0.004608079325,1
0.01425377093,0.0009842528962,-0.00142522133,0.005653940607,1
0.01425377093,0.0008410888258,-0.001533438102,0.00485715922,1
0.01425377093,0.0006979247555,-0.001174391946,0.004304471426,3
0.01425377093,0.0005547606852,-0.0009050142835,0.005363860633,2
0.01425377093,0.000411596644,-0.0006785442238,0.005750193726,1
0.01425377093,0.0002684326028,-0.0009092320106,0.004972503521,1
0.01425377093,0.000125268547,-0.0008781385259,0.005418494344,2
0.01439693477,0.01916608773,-0.002743039047,0.007177334744,1
0.01439693477,0.01902292296,-0.002362190746,0.007118063979,1
0.01439693477,0.01887976006,-0.002290284727,0.007030806039,1
0.01439693477,0.01873659529,-0.002471437911,0.007483289577,1
0.01439693477,0.01859343052,-0.002627287991,0.007597150747,1
0.01439693477,0.01845026761,-0.002837918932,0.008468816057,1
0.01439693477,0.01830710284,-0.00367493229,0.007934205234,1
0.01439693477,0.01816393808,-0.003837872297,0.007878873497,1
0.01439693477,0.01802077517,-0.003767069196,0.00815001037,1
0.01439693477,0.0178776104,-0.003632284468,0.008520608768,1
0.01439693477,0.01773444749,-0.00356354611,0.008263934404,2
0.01439693477,0.01759128273,-0.0036078142,0.008301826194,1
0.01439693477,0.01744811796,-0.003776456928,0.008456481621,1
0.01439693477,0.01730495505,-0.004053086974,0.008552683517,1
0.01439693477,0.01716179028,-0.004090650938,0.009983280674,1
0.01439693477,0.01701862738,-0.004209903069,0.01018700283,1
0.01439693477,0.01687546261,-0.004268842284,0.01046628691,1
0.01439693477,0.01673229784,-0.004314525519,0.01023468375,1
0.01439693477,0.01658913493,-0.004132559989,0.01003908645,2
0.01439693477,0.01644597016,-0.004251808859,0.0108698383,1
0.01439693477,0.01630280726,-0.004367512185,0.01156145334,1
0.01439693477,0.01615964249,-0.004377061035,0.01193507854,1
0.01439693477,0.01601647772,-0.00405463716,0.01131819747,1
0.01439693477,0.01587331481,-0.00398409972,0.01038254239,1
0.01439693477,0.01573015004,-0.004041596781,0.01088814996,2
0.01439693477,0.01558698621,-0.004045495298,0.0110771358,1
0.01439693477,0.01544382237,-0.004054415505,0.01059810724,1
0.01439693477,0.0153006576,-0.003941256087,0.01109033171,1
0.01439693477,0.01515749376,-0.003860928817,0.01133299712,1
0.01439693477,0.01501432993,-0.003324186429,0.01082817931,1
0.01439693477,0.01487116609,-0.003351231571,0.01125654951,1
0.01439693477,0.01472800132,-0.003493128344,0.01175187621,2
0.01439693477,0.01458483748,-0.00373123074,0.01200436428,1
0.01439693477,0.01444167364,-0.003648077371,0.01160623133,1
0.01439693477,0.01429850981,-0.003221461782,0.01086281892,2
0.01439693477,0.01415534597,-0.002846804215,0.01084981021,1
0.01439693477,0.0140121812,-0.003196353558,0.01096612494,1
0.01439693477,0.01386901736,-0.002926105168,0.01099532098,1
0.01439693477,0.01372585353,-0.002720824908,0.01062508952,2
0.01439693477,0.01358268969,-0.001978355693,0.009953851812,1
0.01439693477,0.01343952492,-0.002308554947,0.01014516223,2
0.01439693477,0.01329636108,-0.002529477002,0.01004311908,2
0.01439693477,0.01315319724,-0.00278275297,0.01008994598,2
0.01439693477,0.01301003341,-0.002942412393,0.01012755092,1
0.01439693477,0.01286686864,-0.002955940319,0.00990519952,1
0.01439693477,0.0127237048,-0.002473100787,0.01012924127,1
0.01439693477,0.01258054096,-0.002022414003,0.01034152415,2
0.01439693477,0.01243737713,-0.001814340823,0.01048154105,1
0.01439693477,0.01229421329,-0.002294000704,0.01041108835,1
0.01439693477,0.01215104852,-0.002253775252,0.01076301746,1
0.01439693477,0.01200788468,-0.002262318041,0.01082136855,1
0.01439693477,0.01186472084,-0.002098425757,0.01021999493,1
0.01439693477,0.01172155701,-0.002221906558,0.0106045017,1
0.01439693477,0.01157839224,-0.002215724671,0.009592241608,1
0.01439693477,0.0114352284,-0.002277339809,0.009319162928,1
0.01439693477,0.01129206456,-0.002350325929,0.009950759821,2
0.01439693477,0.01114890072,-0.002402212471,0.01063896809,2
0.01439693477,0.01100573689,-0.002482033335,0.01130116824,1
0.01439693477,0.01086257212,-0.002383487066,0.01170227397,1
0.01439693477,0.01071940828,-0.002230569022,0.01103044674,1
0.01439693477,0.01057624444,-0.00230726623,0.01001935545,1
0.01439693477,0.01043308061,-0.002350436989,0.009558426216,1
0.01439693477,0.01028991584,-0.001807253459,0.008819334209,1
0.01439693477,0.010146752,-0.001867301064,0.009423737414,2
0.01439693477,0.01000358816,-0.001997004729,0.01012613159,1
0.01439693477,0.009860424325,-0.002042221138,0.01053872705,1
0.01439693477,0.009717259556,-0.001998914406,0.009470719844,1
0.01439693477,0.009574095719,-0.001884310623,0.009076621383,1
0.01439693477,0.009430931881,-0.001782429172,0.009090908803,1
0.01439693477,0.009287768044,-0.001800122089,0.009161518887,1
0.01439693477,0.009144604206,-0.00184163521,0.009277805686,1
0.01439693477,0.009001439437,-0.00187068386,0.009407586418,1
0.01439693477,0.0088582756,-0.001287725521,0.00932328403,1
0.01439693477,0.008715111762,-0.001336027635,0.009665591642,1
0.01439693477,0.008571947925,-0.00150582951,0.009351325221,1
0.01439693477,0.008428783156,-0.00166983204,0.009235602804,1
0.01439693477,0.008285619318,-0.001795579563,0.009248484857,1
0.01439693477,0.008142455481,-0.001681582537,0.008996017277,2
0.01439693477,0.007999291644,-0.00144134427,0.008471657522,1
0.01439693477,0.007856126875,-0.001305174083,0.008504446596,1
0.01439693477,0.007712963037,-0.00174256193,0.008513095789,1
0.01439693477,0.0075697992,-0.001877784613,0.008799884468,1
0.01439693477,0.007426635362,-0.001958159963,0.008739663288,1
0.01439693477,0.007283471059,-0.001760623185,0.008316414431,1
0.01439693477,0.007140307222,-0.001673858729,0.00750313187,1
0.01439693477,0.006997142918,-0.001788366353,0.007548005786,1
0.01439693477,0.006853979081,-0.002049882663,0.008621478453,1
0.01439693477,0.006710814778,-0.00215034117,0.01024389453,1
0.01439693477,0.00656765094,-0.001947289449,0.01042574644,1
0.01439693477,0.006424486637,-0.00218896498,0.009829279967,1
0.01439693477,0.0062813228,-0.002540471032,0.00944328215,1
0.01439693477,0.006138158496,-0.002496464411,0.008825169876,1
0.01439693477,0.005994994659,-0.002144261263,0.008387980983,2
0.01439693477,0.005851830821,-0.00201680907,0.008148957044,1
0.01439693477,0.005708666518,-0.001773258555,0.007138723973,1
0.01439693477,0.005565502681,-0.001737866667,0.006800607312,1
0.01439693477,0.005422338378,-0.001504940796,0.007363435812,1
0.01439693477,0.00527917454,-0.0013345927,0.007236395031,1
0.01439693477,0.005136010237,-0.001347483369,0.006890012883,1
0.01439693477,0.0049928464,-0.001368943835,0.006845065858,1
0.01439693477,0.004849682096,-0.001662430121,0.007070952561,1
0.01439693477,0.004706518259,-0.001492605195,0.006753442343,1
0.01439693477,0.004563353956,-0.001387959812,0.006236747373,1
0.01439693477,0.004420190118,-0.001577970688,0.006412174087,1
0.01439693477,0.004277025815,-0.001553918701,0.006498495117,2
0.01439693477,0.004133861978,-0.001660713227,0.006326383911,1
0.01439693477,0.00399069814,-0.001579567674,0.00611641584,1
0.01439693477,0.003847533837,-0.001648702077,0.006493422668,1
0.01439693477,0.003704369767,-0.001569159678,0.006349317729,1
0.01439693477,0.003561205696,-0.001431405311,0.005974540487,1
0.01439693477,0.003418041626,-0.001420084038,0.006004269235,2
0.01439693477,0.003274877556,-0.00149351079,0.006050863769,1
0.01439693477,0.003131713718,-0.001251369133,0.006345043425,1
0.01439693477,0.002988549648,-0.001311249216,0.006028309464,1
0.01439693477,0.002845385578,-0.001326256432,0.00571157597,1
0.01439693477,0.002702221507,-0.001256342744,0.005665430333,1
0.01439693477,0.002559057437,-0.001537236734,0.005355878733,1
0.01439693477,0.002415893367,-0.001843474573,0.005397794768,1
0.01439693477,0.002272729296,-0.001193600707,0.005944938865,1
0.01439693477,0.002129565226,-0.001075145788,0.006645526271,1
0.01439693477,0.001986401156,-0.001044679666,0.005244647153,3
0.01439693477,0.001843237202,-0.0007051419234,0.006765030324,1
0.01439693477,0.001700073131,-0.0009146048105,0.006374939345,1
0.01439693477,0.001556909061,-0.0007442579954,0.005826030392,1
0.01439693477,0.001413744991,-0.0007640332333,0.005868760403,2
0.01439693477,0.00127058092,-0.0007453089347,0.005750352051,2
0.01439693477,0.00112741685,-0.0009462530725,0.00584239047,2
0.01439693477,0.0009842528962,-0.001511874958,0.006737540476,1
0.01439693477,0.0008410888258,-0.001486676745,0.006538319401,1
0.01439693477,0.0006979247555,-0.001778881764,0.005558981095,1
0.01439693477,0.0005547606852,-0.0009495123522,0.005979353562,1
0.01439693477,0.000411596644,-0.0008413809119,0.006768177263,1
0.01439693477,0.0002684326028,-0.001071599894,0.006355403457,1
0.01439693477,0.000125268547,-0.0009278961807,0.005694227293,1
0.01454009861,0.01916608773,-0.002604734851,0.007057493087,2
0.01454009861,0.01902292296,-0.002513399115,0.006861173548,1
0.01454009861,0.01887976006,-0.002406905871,0.006571970414,1
0.01454009861,0.01873659529,-0.002580249915,0.007113444153,1
0.01454009861,0.01859343052,-0.002731719054,0.007354391273,1
0.01454009861,0.01845026761,-0.002946799388,0.007502944209,1
0.01454009861,0.01830710284,-0.003038196824,0.007813646458,1
0.01454009861,0.01816393808,-0.003101883223,0.008110937662,1
0.01454009861,0.01802077517,-0.003256331664,0.008416867815,1
0.01454009861,0.0178776104,-0.003643894568,0.008948418312,1
0.01454009861,0.01773444749,-0.003646199126,0.008430043235,1
0.01454009861,0.01759128273,-0.003594470909,0.007983966731,1
0.01454009861,0.01744811796,-0.003763242392,0.008343056776,2
0.01454009861,0.01730495505,-0.003859436139,0.008376443759,1
0.01454009861,0.01716179028,-0.003740753513,0.009904826991,1
0.01454009861,0.01701862738,-0.003799254075,0.01008867566,1
0.01454009861,0.01687546261,-0.003952426836,0.01027843077,1
0.01454009861,0.01673229784,-0.00399742648,0.01006543357,1
0.01454009861,0.01658913493,-0.003950679209,0.009488627315,1
0.01454009861,0.01644597016,-0.00414487673,0.01075259037,1
0.01454009861,0.01630280726,-0.004207332619,0.01138074417,1
0.01454009861,0.01615964249,-0.004268111661,0.01144765224,1
0.01454009861,0.01601647772,-0.004014824517,0.01116417721,1
0.01454009861,0.01587331481,-0.003997918684,0.01085565519,1
0.01454009861,0.01573015004,-0.003941653762,0.01115164068,1
0.01454009861,0.01558698621,-0.0040141223,0.01152155548,2
0.01454009861,0.01544382237,-0.004077100661,0.01189253572,1
0.01454009861,0.0153006576,-0.004187758546,0.01100783981,1
0.01454009861,0.01515749376,-0.004206606653,0.01143064536,1
0.01454009861,0.01501432993,-0.003542090999,0.01184165105,1
0.01454009861,0.01487116609,-0.003780521452,0.01261762157,1
0.01454009861,0.01472800132,-0.003720114939,0.01248882338,1
0.01454009861,0.01458483748,-0.003491544863,0.01222517993,1
0.01454009861,0.01444167364,-0.003670159029,0.01088629104,1
0.01454009861,0.01429850981,-0.003531737719,0.01019382104,1
0.01454009861,0.01415534597,-0.003222947707,0.01083945483,1
0.01454009861,0.0140121812,-0.003183809109,0.01112870779,1
0.01454009861,0.01386901736,-0.003104740987,0.01114482153,1
0.01454009861,0.01372585353,-0.003034715774,0.01102452073,1
0.01454009861,0.01358268969,-0.003320053918,0.01087203063,1
0.01454009861,0.01343952492,-0.00233885576,0.009987864643,1
0.01454009861,0.01329636108,-0.002226703567,0.00910013821,1
0.01454009861,0.01315319724,-0.002647649497,0.009666734375,1
0.01454009861,0.01301003341,-0.003013395704,0.01101779286,1
0.01454009861,0.01286686864,-0.002941859188,0.01123686507,1
0.01454009861,0.0127237048,-0.002560053952,0.01054590754,1
0.01454009861,0.01258054096,-0.001937608817,0.01065396983,1
0.01454009861,0.01243737713,-0.002456163522,0.01039967872,1
0.01454009861,0.01229421329,-0.002349174349,0.01039233897,1
0.01454009861,0.01215104852,-0.002387002343,0.01063543931,1
0.01454009861,0.01200788468,-0.002320960397,0.01096066087,1
0.01454009861,0.01186472084,-0.002243273659,0.01067261398,1
0.01454009861,0.01172155701,-0.002341407351,0.0112683652,1
0.01454009861,0.01157839224,-0.002261217451,0.01025567856,1
0.01454009861,0.0114352284,-0.002353871474,0.009571115486,1
0.01454009861,0.01129206456,-0.002377732424,0.009402979165,1
0.01454009861,0.01114890072,-0.002314145211,0.009418901987,1
0.01454009861,0.01100573689,-0.002142732264,0.009328225628,1
0.01454009861,0.01086257212,-0.002314802958,0.01122701913,1
0.01454009861,0.01071940828,-0.002227728954,0.01091720816,1
0.01454009861,0.01057624444,-0.002311032964,0.01006126031,1
0.01454009861,0.01043308061,-0.002845783019,0.009646722116,1
0.01454009861,0.01028991584,-0.001737673883,0.008580823429,1
0.01454009861,0.010146752,-0.001968640834,0.009573682211,2
0.01454009861,0.01000358816,-0.002041068394,0.01048989687,1
0.01454009861,0.009860424325,-0.002076293342,0.01027951576,1
0.01454009861,0.009717259556,-0.002012987621,0.009769900702,1
0.01454009861,0.009574095719,-0.001949651283,0.0093903495,1
0.01454009861,0.009430931881,-0.001841787249,0.009355228394,1
0.01454009861,0.009287768044,-0.001825771644,0.009343883954,2
0.01454009861,0.009144604206,-0.001703572925,0.009489931166,1
0.01454009861,0.009001439437,-0.001792008639,0.009398232214,1
0.01454009861,0.0088582756,-0.001677624416,0.009507350624,2
0.01454009861,0.008715111762,-0.001902258955,0.009674008004,1
0.01454009861,0.008571947925,-0.001956662862,0.009545559995,1
0.01454009861,0.008428783156,-0.001944048214,0.009663881734,1
0.01454009861,0.008285619318,-0.00186828908,0.009336165152,1
0.01454009861,0.008142455481,-0.001732228673,0.008585387841,1
0.01454009861,0.007999291644,-0.001833466231,0.007583973929,1
0.01454009861,0.007856126875,-0.00210886728,0.008315551095,1
0.01454009861,0.007712963037,-0.002360152313,0.008628092706,1
0.01454009861,0.0075697992,-0.002300021239,0.008539697155,1
0.01454009861,0.007426635362,-0.001821826212,0.007904923521,1
0.01454009861,0.007283471059,-0.001540975063,0.007841694169,1
0.01454009861,0.007140307222,-0.001627015066,0.007256008219,1
0.01454009861,0.006997142918,-0.001631629886,0.007116452791,1
0.01454009861,0.006853979081,-0.001814510906,0.00832209643,1
0.01454009861,0.006710814778,-0.002243270166,0.01029275265,1
0.01454009861,0.00656765094,-0.001728476956,0.0102576185,3
0.01454009861,0.006424486637,-0.002811757382,0.01033130847,1
0.01454009861,0.0062813228,-0.002397276927,0.009422590956,1
0.01454009861,0.006138158496,-0.0022826856,0.008693643846,1
0.01454009861,0.005994994659,-0.002007724019,0.008440500125,1
0.01454009861,0.005851830821,-0.001930181053,0.007983041927,1
0.01454009861,0.005708666518,-0.001946523786,0.00724273175,1
0.01454009861,0.005565502681,-0.00196482474,0.006001455709,1
0.01454009861,0.005422338378,-0.001775952172,0.007202590816,1
0.01454009861,0.00527917454,-0.001368360012,0.007183557376,1
0.01454009861,0.005136010237,-0.00139259873,0.006925556343,1
0.01454009861,0.0049928464,-0.001525003463,0.007303717546,2
0.01454009861,0.004849682096,-0.001751320669,0.008134623058,1
0.01454009861,0.004706518259,-0.001370071899,0.005675794091,1
0.01454009861,0.004563353956,-0.00139547966,0.006325977389,2
0.01454009861,0.004420190118,-0.001208751113,0.006384216715,1
0.01454009861,0.004277025815,-0.001593504683,0.006940608378,2
0.01454009861,0.004133861978,-0.001899069874,0.00705366442,1
0.01454009861,0.00399069814,-0.001827464323,0.007007773034,1
0.01454009861,0.003847533837,-0.001856906689,0.007272235118,1
0.01454009861,0.003704369767,-0.001641949872,0.007369010244,1
0.01454009861,0.003561205696,-0.001602178439,0.006738910917,1
0.01454009861,0.003418041626,-0.001456748112,0.006393460091,2
0.01454009861,0.003274877556,-0.001429326367,0.00640322594,2
0.01454009861,0.003131713718,-0.001368367812,0.006617991254,2
0.01454009861,0.002988549648,-0.001428376767,0.006588350981,3
0.01454009861,0.002845385578,-0.001306332648,0.005530318245,1
0.01454009861,0.002702221507,-0.001049518352,0.005381862633,1
0.01454009861,0.002559057437,-0.000958259101,0.005602827296,1
0.01454009861,0.002415893367,-0.001063313452,0.005804260727,1
0.01454009861,0.002272729296,-0.001343276701,0.007143113762,1
0.01454009861,0.002129565226,-0.001258856151,0.00734225288,1
0.01454009861,0.001986401156,-0.001015399117,0.00633121375,2
0.01454009861,0.001843237202,-0.0008397473721,0.006265038159,1
0.01454009861,0.001700073131,-0.00162143202,0.005937364884,1
0.01454009861,0.001556909061,-0.001592887216,0.006094950251,1
0.01454009861,0.001413744991,-0.001224454958,0.005914834328,2
0.01454009861,0.00127058092,-0.001065385994,0.005973793566,2
0.01454009861,0.00112741685,-0.001118134009,0.006273590494,2
0.01454009861,0.0009842528962,-0.001333553926,0.00701412838,1
0.01454009861,0.0008410888258,-0.001332791406,0.007022630423,1
0.01454009861,0.0006979247555,-0.001728454255,0.006374912802,1
0.01454009861,0.0005547606852,-0.0008919615648,0.006432436872,1
0.01454009861,0.000411596644,-0.0007126831915,0.006738236174,1
0.01454009861,0.0002684326028,-0.0005823615356,0.006640779786,1
0.01454009861,0.000125268547,-0.001169165247,0.005955042318,1
0.01468326338,0.01916608773,-0.00255776546,0.0071339719,2
0.01468326338,0.01902292296,-0.002456985647,0.006983803585,1
0.01468326338,0.01887976006,-0.002667612163,0.006920936517,2
0.01468326338,0.01873659529,-0.002754102228,0.007132668048,1
0.01468326338,0.01859343052,-0.002823479706,0.007531949785,1
0.01468326338,0.01845026761,-0.00278037088,0.007383737247,1
0.01468326338,0.01830710284,-0.002747652819,0.007653618231,1
0.01468326338,0.01816393808,-0.002786261961,0.008036248386,1
0.01468326338,0.01802077517,-0.003294554772,0.008343022317,1
0.01468326338,0.0178776104,-0.003536359873,0.008703756146,2
0.01468326338,0.01773444749,-0.003934162203,0.008879509754,1
0.01468326338,0.01759128273,-0.003894339083,0.00848946441,1
0.01468326338,0.01744811796,-0.003822605358,0.008555336855,2
0.01468326338,0.01730495505,-0.0036499782,0.00857890863,1
0.01468326338,0.01716179028,-0.003367065918,0.008848838508,1
0.01468326338,0.01701862738,-0.003100899979,0.009815791622,1
0.01468326338,0.01687546261,-0.003225862281,0.009862367995,1
0.01468326338,0.01673229784,-0.003591696499,0.00977649726,1
0.01468326338,0.01658913493,-0.003548682434,0.009628718719,2
0.01468326338,0.01644597016,-0.003521776758,0.009797737002,2
0.01468326338,0.01630280726,-0.003698068438,0.01031409111,1
0.01468326338,0.01615964249,-0.004006592557,0.01055606082,1
0.01468326338,0.01601647772,-0.004004958086,0.01087405253,1
0.01468326338,0.01587331481,-0.003937605768,0.01113547571,1
0.01468326338,0.01573015004,-0.003898924915,0.01124568749,1
0.01468326338,0.01558698621,-0.00399224041,0.01196490973,1
0.01468326338,0.01544382237,-0.003890225431,0.01158787217,1
0.01468326338,0.0153006576,-0.003669739468,0.01095889695,1
0.01468326338,0.01515749376,-0.00343839149,0.01190466247,1
0.01468326338,0.01501432993,-0.003424020484,0.01298908144,2
0.01468326338,0.01487116609,-0.003342595417,0.01379202772,3
0.01468326338,0.01472800132,-0.003015114693,0.01288127154,3
0.01468326338,0.01458483748,-0.003739909735,0.01294289995,1
0.01468326338,0.01444167364,-0.00345676858,0.0118265273,1
0.01468326338,0.01429850981,-0.003532188712,0.01124572661,1
0.01468326338,0.01415534597,-0.00339636812,0.01079261955,1
0.01468326338,0.0140121812,-0.003359121038,0.0110275168,1
0.01468326338,0.01386901736,-0.003288205247,0.01113460213,1
0.01468326338,0.01372585353,-0.003146164585,0.01094812155,2
0.01468326338,0.01358268969,-0.003254333744,0.01075289678,1
0.01468326338,0.01343952492,-0.002075813711,0.009365125559,1
0.01468326338,0.01329636108,-0.001890435582,0.009188185446,1
0.01468326338,0.01315319724,-0.002414399991,0.01067973766,1
0.01468326338,0.01301003341,-0.002616993384,0.0113615701,1
0.01468326338,0.01286686864,-0.002678544028,0.01155329961,1
0.01468326338,0.0127237048,-0.00249552005,0.01068402361,1
0.01468326338,0.01258054096,-0.002251960104,0.01001335587,3
0.01468326338,0.01243737713,-0.002549031517,0.01063374616,1
0.01468326338,0.01229421329,-0.002176939044,0.01013759896,1
0.01468326338,0.01215104852,-0.002501025097,0.01051210426,1
0.01468326338,0.01200788468,-0.002335167257,0.01105159894,2
0.01468326338,0.01186472084,-0.001966420794,0.01126006618,1
0.01468326338,0.01172155701,-0.002449759282,0.01191363484,3
0.01468326338,0.01157839224,-0.002279521897,0.0110404212,1
0.01468326338,0.0114352284,-0.002383963205,0.009881929494,1
0.01468326338,0.01129206456,-0.002451025648,0.009481968358,1
0.01468326338,0.01114890072,-0.002178084105,0.009442117997,1
0.01468326338,0.01100573689,-0.002004804788,0.009538895451,1
0.01468326338,0.01086257212,-0.001847708714,0.009621053934,1
0.01468326338,0.01071940828,-0.001800637227,0.009568535723,1
0.01468326338,0.01057624444,-0.001763819251,0.01078475546,1
0.01468326338,0.01043308061,-0.002072090982,0.00963707082,1
0.01468326338,0.01028991584,-0.002078641672,0.009323357604,1
0.01468326338,0.010146752,-0.002228519879,0.009800268337,1
0.01468326338,0.01000358816,-0.002018767409,0.0103950398,1
0.01468326338,0.009860424325,-0.002019712469,0.01013922319,1
0.01468326338,0.009717259556,-0.002003513277,0.00993312709,2
0.01468326338,0.009574095719,-0.001945721102,0.009740209207,2
0.01468326338,0.009430931881,-0.001897109323,0.009590580128,2
0.01468326338,0.009287768044,-0.001957604429,0.009368855506,1
0.01468326338,0.009144604206,-0.001549884211,0.009572307579,1
0.01468326338,0.009001439437,-0.001689811121,0.009439699352,1
0.01468326338,0.0088582756,-0.001728504663,0.009633878246,2
0.01468326338,0.008715111762,-0.001892604167,0.009517547674,1
0.01468326338,0.008571947925,-0.00187370379,0.00966468174,1
0.01468326338,0.008428783156,-0.001828229171,0.009715201333,1
0.01468326338,0.008285619318,-0.001757079503,0.009296922944,1
0.01468326338,0.008142455481,-0.001941352035,0.00879521016,2
0.01468326338,0.007999291644,-0.00248226244,0.008616466075,1
0.01468326338,0.007856126875,-0.002046300098,0.008062302135,1
0.01468326338,0.007712963037,-0.0018816425,0.00802398473,1
0.01468326338,0.0075697992,-0.001713158214,0.008161435835,1
0.01468326338,0.007426635362,-0.001823960571,0.008364957757,1
0.01468326338,0.007283471059,-0.001865303144,0.008003473282,1
0.01468326338,0.007140307222,-0.001806748682,0.007709288038,1
0.01468326338,0.006997142918,-0.001801550388,0.007624689024,1
0.01468326338,0.006853979081,-0.00193638145,0.009931829758,1
0.01468326338,0.006710814778,-0.002265683841,0.009968188591,1
0.01468326338,0.00656765094,-0.002345245564,0.0105728237,1
0.01468326338,0.006424486637,-0.001982433954,0.009343628772,1
0.01468326338,0.0062813228,-0.001456257887,0.006838191766,1
0.01468326338,0.006138158496,-0.001658466179,0.007887345739,1
0.01468326338,0.005994994659,-0.001810800168,0.008447119035,1
0.01468326338,0.005851830821,-0.001934711006,0.007922466844,1
0.01468326338,0.005708666518,-0.00204209378,0.007523167878,1
0.01468326338,0.005565502681,-0.002090926049,0.007196107879,2
0.01468326338,0.005422338378,-0.002255284227,0.007027192973,1
0.01468326338,0.00527917454,-0.001705383416,0.007157594897,2
0.01468326338,0.005136010237,-0.001304115984,0.00709720701,1
0.01468326338,0.0049928464,-0.001587150502,0.007309623994,2
0.01468326338,0.004849682096,-0.001711793593,0.007484932896,2
0.01468326338,0.004706518259,-0.001665645395,0.006952734198,2
0.01468326338,0.004563353956,-0.001615135348,0.007007151376,2
0.01468326338,0.004420190118,-0.001612180844,0.007338723168,2
0.01468326338,0.004277025815,-0.001712278696,0.007826056331,1
0.01468326338,0.004133861978,-0.001838534605,0.007641769946,2
0.01468326338,0.00399069814,-0.001862596837,0.007596462499,1
0.01468326338,0.003847533837,-0.001724711154,0.007442193106,1
0.01468326338,0.003704369767,-0.001463182503,0.006561982445,1
0.01468326338,0.003561205696,-0.001338121598,0.007612116635,1
0.01468326338,0.003418041626,-0.001375403721,0.006427434273,1
0.01468326338,0.003274877556,-0.001398678869,0.006550588179,1
0.01468326338,0.003131713718,-0.001364398981,0.007135345135,2
0.01468326338,0.002988549648,-0.001336211804,0.007423825562,1
0.01468326338,0.002845385578,-0.001265294384,0.005956486333,1
0.01468326338,0.002702221507,-0.001300625969,0.005327244755,1
0.01468326338,0.002559057437,-0.001081290538,0.005969834514,1
0.01468326338,0.002415893367,-0.001048957463,0.006034271326,1
0.01468326338,0.002272729296,-0.00135538925,0.007495443802,1
0.01468326338,0.002129565226,-0.001286646235,0.007503762376,1
0.01468326338,0.001986401156,-0.0009183129878,0.006472916808,1
0.01468326338,0.001843237202,-0.0009897492127,0.005918361247,1
0.01468326338,0.001700073131,-0.001064755488,0.005888515618,1
0.01468326338,0.001556909061,-0.00111598568,0.005801195279,1
0.01468326338,0.001413744991,-0.001475513563,0.005721834023,1
0.01468326338,0.00127058092,-0.001173646189,0.005956396926,2
0.01468326338,0.00112741685,-0.001127342926,0.006264048629,2
0.01468326338,0.0009842528962,-0.001225048793,0.006734817289,2
0.01468326338,0.0008410888258,-0.001270267298,0.006953641307,2
0.01468326338,0.0006979247555,-0.001308573061,0.006853653584,2
0.01468326338,0.0005547606852,-0.0009210976423,0.006972295232,1
0.01468326338,0.000411596644,-0.0007048287662,0.006612246856,1
0.01468326338,0.0002684326028,-0.0004584753478,0.005883358885,1
0.01468326338,0.000125268547,-0.0008294223808,0.005887066945,2
0.01482642721,0.01916608773,-0.00261157658,0.007360618562,1
0.01482642721,0.01902292296,-0.002654697048,0.006101119798,1
0.01482642721,0.01887976006,-0.003052454675,0.006995303091,1
0.01482642721,0.01873659529,-0.002898504026,0.007388202939,1
0.01482642721,0.01859343052,-0.002857983811,0.007384325843,1
0.01482642721,0.01845026761,-0.00275529339,0.007796650287,1
0.01482642721,0.01830710284,-0.002854675055,0.007714023814,1
0.01482642721,0.01816393808,-0.002773629269,0.007841415703,2
0.01482642721,0.01802077517,-0.003006094834,0.00838759914,2
0.01482642721,0.0178776104,-0.003272828413,0.008644072339,2
0.01482642721,0.01773444749,-0.003661232302,0.00885933172,2
0.01482642721,0.01759128273,-0.004231111147,0.008983579464,1
0.01482642721,0.01744811796,-0.003982861992,0.008809918538,1
0.01482642721,0.01730495505,-0.003204965731,0.008603638969,1
0.01482642721,0.01716179028,-0.003023043741,0.008489006199,1
0.01482642721,0.01701862738,-0.003375102766,0.009721528739,1
0.01482642721,0.01687546261,-0.00344911404,0.01063635759,1
0.01482642721,0.01673229784,-0.003388969461,0.009990952909,2
0.01482642721,0.01658913493,-0.003130577039,0.009452013299,2
0.01482642721,0.01644597016,-0.002695479197,0.008495546877,1
0.01482642721,0.01630280726,-0.003279243363,0.00963482447,2
0.01482642721,0.01615964249,-0.003578632372,0.010287988,1
0.01482642721,0.01601647772,-0.003839824349,0.01044055074,1
0.01482642721,0.01587331481,-0.003966856748,0.01066870335,1
0.01482642721,0.01573015004,-0.003681471338,0.01166030485,1
0.01482642721,0.01558698621,-0.00385992974,0.01188137848,1
0.01482642721,0.01544382237,-0.003716289066,0.01142885722,1
0.01482642721,0.0153006576,-0.00353210303,0.01072872803,1
0.01482642721,0.01515749376,-0.003529791953,0.01142475381,1
0.01482642721,0.01501432993,-0.003373004263,0.01441798266,1
0.01482642721,0.01487116609,-0.003600272816,0.01349175349,2
0.01482642721,0.01472800132,-0.003959367983,0.01366433408,1
0.01482642721,0.01458483748,-0.003690241836,0.01314844564,1
0.01482642721,0.01444167364,-0.003225481603,0.0125104608,1
0.01482642721,0.01429850981,-0.003315112088,0.01188805234,1
0.01482642721,0.01415534597,-0.003312680637,0.01100059506,1
0.01482642721,0.0140121812,-0.003428689437,0.0109985806,1
0.01482642721,0.01386901736,-0.003467133967,0.01111861225,1
0.01482642721,0.01372585353,-0.003007403575,0.01088046748,2
0.01482642721,0.01358268969,-0.003052057466,0.01047684439,1
0.01482642721,0.01343952492,-0.002211886458,0.00972093828,1
0.01482642721,0.01329636108,-0.002337245503,0.01056583691,1
0.01482642721,0.01315319724,-0.002807961777,0.01100244932,1
0.01482642721,0.01301003341,-0.002601511311,0.01104805153,1
0.01482642721,0.01286686864,-0.002546473872,0.01094673574,1
0.01482642721,0.0127237048,-0.002632538322,0.01068342477,1
0.01482642721,0.01258054096,-0.00244200672,0.01082519442,1
0.01482642721,0.01243737713,-0.00211759191,0.01117102802,1
0.01482642721,0.01229421329,-0.002252174774,0.01065494493,1
0.01482642721,0.01215104852,-0.002434598748,0.01125613041,1
0.01482642721,0.01200788468,-0.002552263439,0.0114735635,1
0.01482642721,0.01186472084,-0.002339396859,0.0115196947,1
0.01482642721,0.01172155701,-0.002448680345,0.01166718546,1
0.01482642721,0.01157839224,-0.0026224826,0.01094416715,1
0.01482642721,0.0114352284,-0.002330379793,0.01023817435,2
0.01482642721,0.01129206456,-0.002116495976,0.009918854572,1
0.01482642721,0.01114890072,-0.00206903927,0.00967189949,1
0.01482642721,0.01100573689,-0.002047154354,0.009565851651,1
0.01482642721,0.01086257212,-0.002061086474,0.009433683008,1
0.01482642721,0.01071940828,-0.001852211426,0.009432869963,1
0.01482642721,0.01057624444,-0.001994814957,0.009991994128,2
0.01482642721,0.01043308061,-0.002255441854,0.009934771806,1
0.01482642721,0.01028991584,-0.002153107664,0.009449595585,1
0.01482642721,0.010146752,-0.002362461993,0.009614329785,1
0.01482642721,0.01000358816,-0.002352481941,0.009976327419,1
0.01482642721,0.009860424325,-0.002190447878,0.0100466283,2
0.01482642721,0.009717259556,-0.002035632264,0.0100831762,2
0.01482642721,0.009574095719,-0.001932610525,0.01004677732,2
0.01482642721,0.009430931881,-0.00184332428,0.009898027405,2
0.01482642721,0.009287768044,-0.001802773797,0.009587643668,1
0.01482642721,0.009144604206,-0.001619081362,0.009792050347,2
0.01482642721,0.009001439437,-0.001600914751,0.009934050031,2
0.01482642721,0.0088582756,-0.001653979067,0.01007091533,2
0.01482642721,0.008715111762,-0.001863617683,0.009796892293,1
0.01482642721,0.008571947925,-0.001993550919,0.009607292712,1
0.01482642721,0.008428783156,-0.001893224311,0.009389363229,1
0.01482642721,0.008285619318,-0.001612570137,0.008790504187,1
0.01482642721,0.008142455481,-0.001793837524,0.008682064712,2
0.01482642721,0.007999291644,-0.001927260542,0.008140062913,1
0.01482642721,0.007856126875,-0.002134825103,0.00799589511,1
0.01482642721,0.007712963037,-0.002064445289,0.008156202734,1
0.01482642721,0.0075697992,-0.001757561695,0.008539198898,1
0.01482642721,0.007426635362,-0.001745321904,0.008832408115,1
0.01482642721,0.007283471059,-0.001904848265,0.008397602476,1
0.01482642721,0.007140307222,-0.001928624581,0.008219014853,1
0.01482642721,0.006997142918,-0.002310552867,0.008644014597,1
0.01482642721,0.006853979081,-0.002256154548,0.008724649437,1
0.01482642721,0.006710814778,-0.002350051887,0.009352134541,1
0.01482642721,0.00656765094,-0.002255358268,0.009247166105,1
0.01482642721,0.006424486637,-0.001934551867,0.008604988456,2
0.01482642721,0.0062813228,-0.001662346884,0.007752901409,2
0.01482642721,0.006138158496,-0.001493653981,0.007487226278,1
0.01482642721,0.005994994659,-0.001782250009,0.008635768667,1
0.01482642721,0.005851830821,-0.001911545056,0.00817607902,1
0.01482642721,0.005708666518,-0.002155294642,0.008739048615,1
0.01482642721,0.005565502681,-0.002101501217,0.008232616819,1
0.01482642721,0.005422338378,-0.002066591056,0.00759590324,2
0.01482642721,0.00527917454,-0.001893773326,0.007322422694,2
0.01482642721,0.005136010237,-0.001739146654,0.006989818066,1
0.01482642721,0.0049928464,-0.001807689201,0.007352638058,2
0.01482642721,0.004849682096,-0.001843057573,0.007542750333,2
0.01482642721,0.004706518259,-0.001965580741,0.007643057499,1
0.01482642721,0.004563353956,-0.001787235728,0.007411171217,1
0.01482642721,0.004420190118,-0.001912558451,0.008137468249,1
0.01482642721,0.004277025815,-0.001826631953,0.008163682185,1
0.01482642721,0.004133861978,-0.001880193013,0.008090896532,2
0.01482642721,0.00399069814,-0.001870771521,0.008069729432,1
0.01482642721,0.003847533837,-0.001736637205,0.008012067527,1
0.01482642721,0.003704369767,-0.001101546455,0.007659893017,1
0.01482642721,0.003561205696,-0.001374789164,0.007526975125,2
0.01482642721,0.003418041626,-0.001585516497,0.007091930136,1
0.01482642721,0.003274877556,-0.00166595832,0.007038711105,1
0.01482642721,0.003131713718,-0.001354337553,0.007948975079,1
0.01482642721,0.002988549648,-0.001367398771,0.007381499279,2
0.01482642721,0.002845385578,-0.001353561296,0.006714301184,2
0.01482642721,0.002702221507,-0.001387853757,0.006386852358,2
0.01482642721,0.002559057437,-0.001406271011,0.006468722131,2
0.01482642721,0.002415893367,-0.00174791785,0.006653402932,1
0.01482642721,0.002272729296,-0.001255676732,0.007453170605,1
0.01482642721,0.002129565226,-0.001198665355,0.007270104252,1
0.01482642721,0.001986401156,-0.0009139808826,0.006383185275,1
0.01482642721,0.001843237202,-0.001139016007,0.006141934544,1
0.01482642721,0.001700073131,-0.0009277373319,0.005910378415,1
0.01482642721,0.001556909061,-0.000805920281,0.005313682836,1
0.01482642721,0.001413744991,-0.001062869327,0.005737976637,1
0.01482642721,0.00127058092,-0.001026342157,0.005865912419,1
0.01482642721,0.00112741685,-0.0009925427148,0.006091389805,1
0.01482642721,0.0009842528962,-0.00116903102,0.006707451306,1
0.01482642721,0.0008410888258,-0.001214655815,0.007203464862,1
0.01482642721,0.0006979247555,-0.001314472989,0.007113763597,1
0.01482642721,0.0005547606852,-0.001144262962,0.006953571457,1
0.01482642721,0.000411596644,-0.0008193869726,0.006524481345,1
0.01482642721,0.0002684326028,-0.0008920889813,0.00544021558,1
0.01482642721,0.000125268547,-0.0008606265183,0.005822799169,2
0.01496959105,0.01916608773,-0.002175243571,0.007570656016,1
0.01496959105,0.01902292296,-0.002367703011,0.005938684102,1
0.01496959105,0.01887976006,-0.002561449772,0.006866135634,1
0.01496959105,0.01873659529,-0.002504470991,0.006795375608,1
0.01496959105,0.01859343052,-0.002424253849,0.007086608559,1
0.01496959105,0.01845026761,-0.002672377974,0.007204894908,1
0.01496959105,0.01830710284,-0.002385164145,0.00714728469,1
0.01496959105,0.01816393808,-0.002447484992,0.007227791473,1
0.01496959105,0.01802077517,-0.002683366649,0.00872188434,1
0.01496959105,0.0178776104,-0.002887626179,0.008625603281,2
0.01496959105,0.01773444749,-0.003206828143,0.008930164389,1
0.01496959105,0.01759128273,-0.003365532961,0.00890904665,2
0.01496959105,0.01744811796,-0.003357877722,0.008786750026,2
0.01496959105,0.01730495505,-0.0029858544,0.008587057702,1
0.01496959105,0.01716179028,-0.003234802978,0.008716411889,1
0.01496959105,0.01701862738,-0.003823780222,0.01028856635,1
0.01496959105,0.01687546261,-0.003802535823,0.01078677364,1
0.01496959105,0.01673229784,-0.003384489799,0.01009894442,2
0.01496959105,0.01658913493,-0.002889177296,0.009692833759,3
0.01496959105,0.01644597016,-0.003208096838,0.009293342009,1
0.01496959105,0.01630280726,-0.003144793678,0.009441670962,1
0.01496959105,0.01615964249,-0.003435632912,0.009950035252,1
0.01496959105,0.01601647772,-0.003783897031,0.01031405851,1
0.01496959105,0.01587331481,-0.003990051337,0.01062684786,1
0.01496959105,0.01573015004,-0.00385186309,0.01185009163,1
0.01496959105,0.01558698621,-0.003658547997,0.01143623609,1
0.01496959105,0.01544382237,-0.003797147656,0.01140603796,2
0.01496959105,0.0153006576,-0.003724796465,0.0112700481,2
0.01496959105,0.01515749376,-0.003671886399,0.01129831281,2
0.01496959105,0.01501432993,-0.003607892431,0.01101541426,1
0.01496959105,0.01487116609,-0.003726123134,0.01209267043,1
0.01496959105,0.01472800132,-0.003543596482,0.01240856387,1
0.01496959105,0.01458483748,-0.003431588411,0.01239078119,1
0.01496959105,0.01444167364,-0.003279413097,0.01252951007,1
0.01496959105,0.01429850981,-0.003318792908,0.01279071905,1
0.01496959105,0.01415534597,-0.002952353563,0.0124419257,1
0.01496959105,0.0140121812,-0.00323753315,0.01257325709,1
0.01496959105,0.01386901736,-0.002914712066,0.01147892978,2
0.01496959105,0.01372585353,-0.002364257583,0.01097828895,2
0.01496959105,0.01358268969,-0.001806195709,0.01065166015,2
0.01496959105,0.01343952492,-0.001926651923,0.01053794473,1
0.01496959105,0.01329636108,-0.002127443906,0.01096730027,1
0.01496959105,0.01315319724,-0.002786733676,0.01150151622,1
0.01496959105,0.01301003341,-0.00267488067,0.0110439593,1
0.01496959105,0.01286686864,-0.002609059215,0.01089232508,1
0.01496959105,0.0127237048,-0.002485406119,0.01100873854,2
0.01496959105,0.01258054096,-0.00235085818,0.01098610181,2
0.01496959105,0.01243737713,-0.002149054315,0.0109781241,1
0.01496959105,0.01229421329,-0.002191405976,0.01057876367,1
0.01496959105,0.01215104852,-0.002303797519,0.01115074661,1
0.01496959105,0.01200788468,-0.002411185764,0.01138662361,1
0.01496959105,0.01186472084,-0.002231451916,0.011417564,1
0.01496959105,0.01172155701,-0.002346160356,0.01153546479,1
0.01496959105,0.01157839224,-0.002499704016,0.01081594359,1
0.01496959105,0.0114352284,-0.002198577626,0.0102077499,1
0.01496959105,0.01129206456,-0.002074722433,0.009920238517,1
0.01496959105,0.01114890072,-0.001897738432,0.009857289493,1
0.01496959105,0.01100573689,-0.002094283933,0.009406474419,1
0.01496959105,0.01086257212,-0.00212539034,0.009514343925,1
0.01496959105,0.01071940828,-0.002406111918,0.00995050557,1
0.01496959105,0.01057624444,-0.002107786946,0.009815582074,1
0.01496959105,0.01043308061,-0.002198114991,0.01011535432,1
0.01496959105,0.01028991584,-0.002153533744,0.009886481799,1
0.01496959105,0.010146752,-0.002184068318,0.00989221409,1
0.01496959105,0.01000358816,-0.002245737007,0.009844227694,1
0.01496959105,0.009860424325,-0.002353965305,0.009987785481,1
0.01496959105,0.009717259556,-0.002015956677,0.01030617207,1
0.01496959105,0.009574095719,-0.001905764686,0.01046569552,1
0.01496959105,0.009430931881,-0.00174080336,0.01036711037,1
0.01496959105,0.009287768044,-0.001854176866,0.009781951085,1
0.01496959105,0.009144604206,-0.001522752224,0.0100742029,2
0.01496959105,0.009001439437,-0.001440787571,0.0104335323,1
0.01496959105,0.0088582756,-0.001422879053,0.01091884356,1
0.01496959105,0.008715111762,-0.001682270318,0.01091864612,3
0.01496959105,0.008571947925,-0.001892825239,0.009837613441,2
0.01496959105,0.008428783156,-0.002018111059,0.008802874945,1
0.01496959105,0.008285619318,-0.001738260849,0.009386535734,1
0.01496959105,0.008142455481,-0.001694167498,0.009002478793,1
0.01496959105,0.007999291644,-0.002002826426,0.008413764648,1
0.01496959105,0.007856126875,-0.002101385733,0.008265182376,1
0.01496959105,0.007712963037,-0.002137644449,0.008623016067,1
0.01496959105,0.0075697992,-0.002256450476,0.00883281976,1
0.01496959105,0.007426635362,-0.002005961491,0.008501865901,1
0.01496959105,0.007283471059,-0.001935146283,0.008643426001,1
0.01496959105,0.007140307222,-0.001836043317,0.007828626782,1
0.01496959105,0.006997142918,-0.002479962539,0.008919551969,1
0.01496959105,0.006853979081,-0.002578970278,0.00829400029,1
0.01496959105,0.006710814778,-0.002536550397,0.008535156026,1
0.01496959105,0.00656765094,-0.002361316234,0.008731205016,1
0.01496959105,0.006424486637,-0.001838068361,0.008076257072,1
0.01496959105,0.0062813228,-0.001764923683,0.00808119867,2
0.01496959105,0.006138158496,-0.001721369685,0.008132980205,2
0.01496959105,0.005994994659,-0.001813772251,0.008337337524,1
0.01496959105,0.005851830821,-0.001969052013,0.00830774568,1
0.01496959105,0.005708666518,-0.002068782691,0.00843773596,1
0.01496959105,0.005565502681,-0.002095737262,0.00813631434,1
0.01496959105,0.005422338378,-0.002015805338,0.007801381405,1
0.01496959105,0.00527917454,-0.00206397241,0.007546373643,1
0.01496959105,0.005136010237,-0.002125330269,0.00748857623,1
0.01496959105,0.0049928464,-0.002061402192,0.007568361238,1
0.01496959105,0.004849682096,-0.001887166756,0.00769037148,2
0.01496959105,0.004706518259,-0.00168534182,0.007811550051,1
0.01496959105,0.004563353956,-0.001897904323,0.007821683772,1
0.01496959105,0.004420190118,-0.002077782527,0.008476313204,1
0.01496959105,0.004277025815,-0.001947765355,0.008479475044,1
0.01496959105,0.004133861978,-0.001984833973,0.008488403633,2
0.01496959105,0.00399069814,-0.00174728327,0.008212948218,2
0.01496959105,0.003847533837,-0.001437831786,0.008363425732,1
0.01496959105,0.003704369767,-0.001508667716,0.007891713642,1
0.01496959105,0.003561205696,-0.001473972457,0.007743961178,1
0.01496959105,0.003418041626,-0.001812720555,0.007822293788,1
0.01496959105,0.003274877556,-0.001839475008,0.007833154872,1
0.01496959105,0.003131713718,-0.001739218365,0.007389955223,1
0.01496959105,0.002988549648,-0.001425484428,0.007438894827,1
0.01496959105,0.002845385578,-0.001393698505,0.007132368162,2
0.01496959105,0.002702221507,-0.001490956754,0.007037140429,1
0.01496959105,0.002559057437,-0.001408021781,0.006864799652,1
0.01496959105,0.002415893367,-0.001218761434,0.006822673138,1
0.01496959105,0.002272729296,-0.001149685704,0.006481993012,1
0.01496959105,0.002129565226,-0.001111412654,0.006274907384,1
0.01496959105,0.001986401156,-0.001086169621,0.00630394835,1
0.01496959105,0.001843237202,-0.001140861539,0.006448473316,2
0.01496959105,0.001700073131,-0.001226961263,0.006501377095,1
0.01496959105,0.001556909061,-0.0008586236509,0.006205940619,1
0.01496959105,0.001413744991,-0.000558729982,0.005939406343,1
0.01496959105,0.00127058092,-0.0008230362437,0.006166080479,1
0.01496959105,0.00112741685,-0.0009246023837,0.006431834772,1
0.01496959105,0.0009842528962,-0.0009355104994,0.006739791017,1
0.01496959105,0.0008410888258,-0.0009456890402,0.007398564368,1
0.01496959105,0.0006979247555,-0.001278815675,0.007467238232,1
0.01496959105,0.0005547606852,-0.001470587333,0.006673330441,1
0.01496959105,0.000411596644,-0.0005836550845,0.006439788267,1
0.01496959105,0.0002684326028,-0.0006778356037,0.006064922549,1
0.01496959105,0.000125268547,-0.0008603683091,0.00614111498,2
0.01511275489,0.01916608773,-0.001969072735,0.007591412403,1
0.01511275489,0.01902292296,-0.002283120994,0.006517749745,1
0.01511275489,0.01887976006,-0.002512014937,0.006858401932,1
0.01511275489,0.01873659529,-0.002329263836,0.006703256164,1
0.01511275489,0.01859343052,-0.002127754735,0.006520978175,1
0.01511275489,0.01845026761,-0.002424273407,0.007042661309,1
0.01511275489,0.01830710284,-0.001967041055,0.006863738876,1
0.01511275489,0.01816393808,-0.002015555045,0.006823783275,1
0.01511275489,0.01802077517,-0.001819727826,0.007236992475,1
0.01511275489,0.0178776104,-0.002387482207,0.008206292987,1
0.01511275489,0.01773444749,-0.002656746889,0.008642638102,1
0.01511275489,0.01759128273,-0.002666315995,0.008935693651,1
0.01511275489,0.01744811796,-0.003097260837,0.00884098094,2
0.01511275489,0.01730495505,-0.003265620908,0.008973821998,2
0.01511275489,0.01716179028,-0.003628322622,0.009530435316,1
0.01511275489,0.01701862738,-0.003671468934,0.01033165772,1
0.01511275489,0.01687546261,-0.003592099296,0.01071787532,1
0.01511275489,0.01673229784,-0.003457276616,0.009925215505,2
0.01511275489,0.01658913493,-0.00343728601,0.009075148031,2
0.01511275489,0.01644597016,-0.003972868435,0.007167738397,1
0.01511275489,0.01630280726,-0.004527277779,0.009599605575,1
0.01511275489,0.01615964249,-0.004679698963,0.0106609324,1
0.01511275489,0.01601647772,-0.004039663821,0.01063104067,2
0.01511275489,0.01587331481,-0.004012770019,0.01108409092,2
0.01511275489,0.01573015004,-0.004156651907,0.01188741159,1
0.01511275489,0.01558698621,-0.004222989082,0.01306753792,1
0.01511275489,0.01544382237,-0.004088957794,0.01148901135,1
0.01511275489,0.0153006576,-0.003898048541,0.01164711453,2
0.01511275489,0.01515749376,-0.003825064516,0.01148303412,2
0.01511275489,0.01501432993,-0.003591889283,0.01058457512,1
0.01511275489,0.01487116609,-0.003622381948,0.01136507001,1
0.01511275489,0.01472800132,-0.003423033049,0.01217528712,1
0.01511275489,0.01458483748,-0.00348250079,0.01280179806,1
0.01511275489,0.01444167364,-0.003416193184,0.01285934914,1
0.01511275489,0.01429850981,-0.003284889041,0.01276548672,1
0.01511275489,0.01415534597,-0.003308844753,0.01214983407,1
0.01511275489,0.0140121812,-0.003015776398,0.01152447797,1
0.01511275489,0.01386901736,-0.002589923562,0.01124556083,2
0.01511275489,0.01372585353,-0.001728719682,0.01090210117,2
0.01511275489,0.01358268969,0.0001181841726,0.01061356254,1
0.01511275489,0.01343952492,-0.001938619302,0.01039381512,1
0.01511275489,0.01329636108,-0.002122526756,0.01093575358,1
0.01511275489,0.01315319724,-0.002368034329,0.01163590979,1
0.01511275489,0.01301003341,-0.002480158582,0.01129657682,1
0.01511275489,0.01286686864,-0.001710815588,0.01103331707,1
0.01511275489,0.0127237048,-0.002349169226,0.01147310529,2
0.01511275489,0.01258054096,-0.002326965332,0.01113234833,2
0.01511275489,0.01243737713,-0.002225403674,0.01068374235,1
0.01511275489,0.01229421329,-0.002233091043,0.01044009253,1
0.01511275489,0.01215104852,-0.002231127815,0.01050975639,1
0.01511275489,0.01200788468,-0.002113254275,0.01123443712,1
0.01511275489,0.01186472084,-0.002184060402,0.01115987636,2
0.01511275489,0.01172155701,-0.00207125512,0.01103959419,2
0.01511275489,0.01157839224,-0.002147053601,0.01049459726,1
0.01511275489,0.0114352284,-0.002130933804,0.01006655302,1
0.01511275489,0.01129206456,-0.002004059032,0.01005078293,1
0.01511275489,0.01114890072,-0.001822540071,0.0100953225,1
0.01511275489,0.01100573689,-0.001986883814,0.009992783889,1
0.01511275489,0.01086257212,-0.002151072258,0.009956981055,2
0.01511275489,0.01071940828,-0.002391690155,0.01000804733,1
0.01511275489,0.01057624444,-0.002042602282,0.00984407682,1
0.01511275489,0.01043308061,-0.001951747108,0.01010601036,2
0.01511275489,0.01028991584,-0.001692201942,0.01028815005,1
0.01511275489,0.010146752,-0.002027747454,0.01029549539,1
0.01511275489,0.01000358816,-0.002263531787,0.01022005454,1
0.01511275489,0.009860424325,-0.00265831151,0.009996250272,1
0.01511275489,0.009717259556,-0.002061033854,0.01010907814,1
0.01511275489,0.009574095719,-0.001939654001,0.01012881938,1
0.01511275489,0.009430931881,-0.001709748874,0.01020794827,1
0.01511275489,0.009287768044,-0.001596724847,0.01005631778,2
0.01511275489,0.009144604206,-0.001176963444,0.01028927602,2
0.01511275489,0.009001439437,-0.0007038298063,0.01107039303,1
0.01511275489,0.0088582756,-0.001364014344,0.01098468527,1
0.01511275489,0.008715111762,-0.001582009601,0.01033966057,1
0.01511275489,0.008571947925,-0.001877368777,0.01002163719,1
0.01511275489,0.008428783156,-0.001776643679,0.008988968097,1
0.01511275489,0.008285619318,-0.001790339826,0.009395900182,1
0.01511275489,0.008142455481,-0.001817482989,0.009335929528,1
0.01511275489,0.007999291644,-0.001979571534,0.008795209229,1
0.01511275489,0.007856126875,-0.001915888279,0.008955042809,1
0.01511275489,0.007712963037,-0.001886922284,0.00895641651,1
0.01511275489,0.0075697992,-0.002373323543,0.008815468289,1
0.01511275489,0.007426635362,-0.002042624401,0.008671178482,1
0.01511275489,0.007283471059,-0.001944583259,0.009018659592,1
0.01511275489,0.007140307222,-0.001981342677,0.009363202378,1
0.01511275489,0.006997142918,-0.00227250997,0.00880041346,1
0.01511275489,0.006853979081,-0.002601611428,0.008389456198,1
0.01511275489,0.006710814778,-0.002724203514,0.008251592517,1
0.01511275489,0.00656765094,-0.002598027233,0.008402468637,1
0.01511275489,0.006424486637,-0.001771157258,0.008473954163,1
0.01511275489,0.0062813228,-0.001837909687,0.008362657391,2
0.01511275489,0.006138158496,-0.00181312894,0.008626157418,1
0.01511275489,0.005994994659,-0.001803386258,0.008399124257,2
0.01511275489,0.005851830821,-0.001948982012,0.008368852548,1
0.01511275489,0.005708666518,-0.002124611055,0.008088026196,1
0.01511275489,0.005565502681,-0.002144908067,0.008003697731,1
0.01511275489,0.005422338378,-0.002159373835,0.00791692175,1
0.01511275489,0.00527917454,-0.002174822148,0.007899236865,1
0.01511275489,0.005136010237,-0.002186898375,0.007866385393,1
0.01511275489,0.0049928464,-0.002148387255,0.007761476561,1
0.01511275489,0.004849682096,-0.001958865207,0.007838824764,1
0.01511275489,0.004706518259,-0.002006780589,0.007939686999,1
0.01511275489,0.004563353956,-0.002003878355,0.008080455475,1
0.01511275489,0.004420190118,-0.001986388117,0.008290228434,1
0.01511275489,0.004277025815,-0.002424602862,0.008592959493,1
0.01511275489,0.004133861978,-0.002364094136,0.009170293808,1
0.01511275489,0.00399069814,-0.00169569545,0.007930233143,1
0.01511275489,0.003847533837,-0.001846721862,0.007970891893,1
0.01511275489,0.003704369767,-0.001882967656,0.007627204061,1
0.01511275489,0.003561205696,-0.001846439205,0.007665575482,1
0.01511275489,0.003418041626,-0.001651193365,0.008208764717,1
0.01511275489,0.003274877556,-0.001541295322,0.007843111642,1
0.01511275489,0.003131713718,-0.001395971049,0.007182168309,1
0.01511275489,0.002988549648,-0.001292763511,0.00746570807,1
0.01511275489,0.002845385578,-0.001304791425,0.007339135278,2
0.01511275489,0.002702221507,-0.001385415322,0.007008099928,1
0.01511275489,0.002559057437,-0.001348303049,0.007327184081,2
0.01511275489,0.002415893367,-0.001174645149,0.007339292672,1
0.01511275489,0.002272729296,-0.001129109063,0.006378453691,1
0.01511275489,0.002129565226,-0.001079620211,0.006261718459,1
0.01511275489,0.001986401156,-0.001098411158,0.006328986492,1
0.01511275489,0.001843237202,-0.0011112988,0.006846631877,1
0.01511275489,0.001700073131,-0.001219164114,0.006822926458,2
0.01511275489,0.001556909061,-0.0009964463534,0.006730549037,1
0.01511275489,0.001413744991,-0.0005417329958,0.006354204845,1
0.01511275489,0.00127058092,-0.0007552267052,0.006997760385,1
0.01511275489,0.00112741685,-0.0009925143095,0.006948737428,2
0.01511275489,0.0009842528962,-0.001261718804,0.007156578824,1
0.01511275489,0.0008410888258,-0.0009721990209,0.007291201036,1
0.01511275489,0.0006979247555,-0.001012967317,0.007239329163,1
0.01511275489,0.0005547606852,-0.001079423586,0.006657905877,1
0.01511275489,0.000411596644,-0.0006603994407,0.006658948027,1
0.01511275489,0.0002684326028,-0.0006919071311,0.006786027458,1
0.01511275489,0.000125268547,-0.001042642747,0.006535623688,1
0.01525591966,0.01916608773,-0.001673264313,0.007157174405,1
0.01525591966,0.01902292296,-0.00233494956,0.006877221167,1
0.01525591966,0.01887976006,-0.002542284084,0.00703223655,1
0.01525591966,0.01873659529,-0.002414047951,0.006955786608,1
0.01525591966,0.01859343052,-0.002191183157,0.006693199743,1
0.01525591966,0.01845026761,-0.002199693117,0.006931062788,1
0.01525591966,0.01830710284,-0.002025222406,0.00695128087,1
0.01525591966,0.01816393808,-0.001999629894,0.006600362249,1
0.01525591966,0.01802077517,-0.002078901511,0.007168460637,2
0.01525591966,0.0178776104,-0.002322733402,0.007899536751,1
0.01525591966,0.01773444749,-0.002388722263,0.008321950212,1
0.01525591966,0.01759128273,-0.002508505015,0.008468347602,1
0.01525591966,0.01744811796,-0.003099228954,0.008667657152,2
0.01525591966,0.01730495505,-0.003351046005,0.008936813101,2
0.01525591966,0.01716179028,-0.003485328052,0.009404604323,2
0.01525591966,0.01701862738,-0.003455900121,0.009748813696,2
0.01525591966,0.01687546261,-0.003409685567,0.009913478978,2
0.01525591966,0.01673229784,-0.003415231826,0.009808895178,2
0.01525591966,0.01658913493,-0.003429821925,0.009514801204,2
0.01525591966,0.01644597016,-0.003385766177,0.00919989869,2
0.01525591966,0.01630280726,-0.003191136289,0.009117553011,1
0.01525591966,0.01615964249,-0.003437344916,0.009439618327,1
0.01525591966,0.01601647772,-0.003682288807,0.01046508178,1
0.01525591966,0.01587331481,-0.003864713246,0.01119106356,2
0.01525591966,0.01573015004,-0.003997837659,0.01207128819,1
0.01525591966,0.01558698621,-0.00406286167,0.01230950374,1
0.01525591966,0.01544382237,-0.003887927858,0.0122148674,1
0.01525591966,0.0153006576,-0.003953374922,0.01234636642,1
0.01525591966,0.01515749376,-0.004138434306,0.01240213215,1
0.01525591966,0.01501432993,-0.004170401953,0.01146140229,1
0.01525591966,0.01487116609,-0.003906653263,0.01336555835,1
0.01525591966,0.01472800132,-0.003396086395,0.01251955237,1
0.01525591966,0.01458483748,-0.00340969488,0.0130080916,1
0.01525591966,0.01444167364,-0.003380001057,0.01289407071,1
0.01525591966,0.01429850981,-0.003344455268,0.01264932565,1
0.01525591966,0.01415534597,-0.003382089315,0.01266872976,1
0.01525591966,0.0140121812,-0.003435234074,0.01189560164,1
0.01525591966,0.01386901736,-0.002700486453,0.01107673254,2
0.01525591966,0.01372585353,-0.002078881487,0.01077099331,2
0.01525591966,0.01358268969,-0.00152194337,0.01061309781,2
0.01525591966,0.01343952492,-0.001975412481,0.01062465366,2
0.01525591966,0.01329636108,-0.002204730874,0.01095353439,2
0.01525591966,0.01315319724,-0.002390203532,0.01139992382,2
0.01525591966,0.01301003341,-0.002573004924,0.01179516874,2
0.01525591966,0.01286686864,-0.002983107464,0.01293428335,1
0.01525591966,0.0127237048,-0.002873488935,0.01271801908,1
0.01525591966,0.01258054096,-0.002382430946,0.011386442,2
0.01525591966,0.01243737713,-0.00217687944,0.01062140893,1
0.01525591966,0.01229421329,-0.002181765158,0.0103553636,1
0.01525591966,0.01215104852,-0.002191747772,0.01044216193,1
0.01525591966,0.01200788468,-0.002254241379,0.01053157821,1
0.01525591966,0.01186472084,-0.002320280764,0.01094790827,1
0.01525591966,0.01172155701,-0.001607746468,0.01096843742,1
0.01525591966,0.01157839224,-0.002018077997,0.01040799078,1
0.01525591966,0.0114352284,-0.002056338126,0.01005321089,1
0.01525591966,0.01129206456,-0.001951658516,0.01043167617,1
0.01525591966,0.01114890072,-0.001920274226,0.01051370706,1
0.01525591966,0.01100573689,-0.002000061329,0.01016582828,1
0.01525591966,0.01086257212,-0.002100324724,0.01031274907,1
0.01525591966,0.01071940828,-0.002153177978,0.01017581858,1
0.01525591966,0.01057624444,-0.002045811852,0.009940484539,1
0.01525591966,0.01043308061,-0.001874069218,0.01017645933,2
0.01525591966,0.01028991584,-0.001573334914,0.01038751658,1
0.01525591966,0.010146752,-0.001895516529,0.01070423145,1
0.01525591966,0.01000358816,-0.002115885029,0.01058435813,1
0.01525591966,0.009860424325,-0.002147306921,0.0100687705,1
0.01525591966,0.009717259556,-0.002384467283,0.009586332366,1
0.01525591966,0.009574095719,-0.002356330631,0.009257134981,1
0.01525591966,0.009430931881,-0.002359290142,0.009867626242,1
0.01525591966,0.009287768044,-0.001646010322,0.009946093895,2
0.01525591966,0.009144604206,-0.0008845466655,0.009956190363,1
0.01525591966,0.009001439437,-0.001151429489,0.0108007621,1
0.01525591966,0.0088582756,-0.001434344216,0.01074177027,1
0.01525591966,0.008715111762,-0.001568704844,0.01025436446,1
0.01525591966,0.008571947925,-0.001952899154,0.01033765171,1
0.01525591966,0.008428783156,-0.001586498809,0.009284593165,1
0.01525591966,0.008285619318,-0.001995909261,0.009413827211,1
0.01525591966,0.008142455481,-0.002058802405,0.009525826201,1
0.01525591966,0.007999291644,-0.001967424294,0.009162024595,1
0.01525591966,0.007856126875,-0.001923204283,0.009381659329,1
0.01525591966,0.007712963037,-0.001937708235,0.00928596314,1
0.01525591966,0.0075697992,-0.002202335512,0.009213016368,1
0.01525591966,0.007426635362,-0.002206974197,0.008876380511,1
0.01525591966,0.007283471059,-0.002208736725,0.009077354334,1
0.01525591966,0.007140307222,-0.002189223887,0.008999872953,2
0.01525591966,0.006997142918,-0.002479206771,0.008786389604,1
0.01525591966,0.006853979081,-0.002519821981,0.008527617902,2
0.01525591966,0.006710814778,-0.002515975619,0.008789084852,1
0.01525591966,0.00656765094,-0.002149865497,0.007957323454,1
0.01525591966,0.006424486637,-0.002038462786,0.008251544088,2
0.01525591966,0.0062813228,-0.002002428984,0.008269317448,2
0.01525591966,0.006138158496,-0.001916529844,0.008248815313,2
0.01525591966,0.005994994659,-0.001637662062,0.008264147677,2
0.01525591966,0.005851830821,-0.001940869377,0.008215342648,2
0.01525591966,0.005708666518,-0.002160060918,0.007983540185,1
0.01525591966,0.005565502681,-0.002190062776,0.008000448346,1
0.01525591966,0.005422338378,-0.00220492715,0.007946600206,1
0.01525591966,0.00527917454,-0.002203320852,0.008023760282,1
0.01525591966,0.005136010237,-0.002309722127,0.008063161746,1
0.01525591966,0.0049928464,-0.002251403173,0.007781404071,1
0.01525591966,0.004849682096,-0.001993353246,0.008099937811,1
0.01525591966,0.004706518259,-0.001975189894,0.008201163262,1
0.01525591966,0.004563353956,-0.001906998921,0.008233962581,1
0.01525591966,0.004420190118,-0.001916827983,0.008293293417,2
0.01525591966,0.004277025815,-0.002157336567,0.008298311383,2
0.01525591966,0.004133861978,-0.002412696602,0.00842784252,2
0.01525591966,0.00399069814,-0.002165391576,0.007978008129,1
0.01525591966,0.003847533837,-0.001889061765,0.007726809476,1
0.01525591966,0.003704369767,-0.001801890321,0.007482659072,1
0.01525591966,0.003561205696,-0.00171435019,0.007390842773,1
0.01525591966,0.003418041626,-0.001324061072,0.007765048184,1
0.01525591966,0.003274877556,-0.001254148432,0.007612555753,1
0.01525591966,0.003131713718,-0.001273175119,0.007542036474,1
0.01525591966,0.002988549648,-0.001236319426,0.007672340143,1
0.01525591966,0.002845385578,-0.001147288596,0.007750365417,1
0.01525591966,0.002702221507,-0.0013163439,0.006702350918,1
0.01525591966,0.002559057437,-0.001425130409,0.008096545935,1
0.01525591966,0.002415893367,-0.001132051228,0.007491931785,1
0.01525591966,0.002272729296,-0.001110151876,0.006323709153,1
0.01525591966,0.002129565226,-0.001036538277,0.006251091138,1
0.01525591966,0.001986401156,-0.001044438104,0.005552458577,1
0.01525591966,0.001843237202,-0.001100746216,0.006125420798,1
0.01525591966,0.001700073131,-0.001541950158,0.007213148288,1
0.01525591966,0.001556909061,-0.001506632427,0.00749017857,1
0.01525591966,0.001413744991,-0.001349859987,0.006750479806,1
0.01525591966,0.00127058092,-0.001070353668,0.007046815939,2
0.01525591966,0.00112741685,-0.001028509578,0.007208774798,2
0.01525591966,0.0009842528962,-0.0009700574446,0.007159106899,1
0.01525591966,0.0008410888258,-0.0006118621677,0.006583796348,1
0.01525591966,0.0006979247555,-0.0005126006436,0.006801511627,1
0.01525591966,0.0005547606852,-0.000735749898,0.006961276755,1
0.01525591966,0.000411596644,-0.0007965518744,0.007195237093,1
0.01525591966,0.0002684326028,-0.001017820323,0.007397846319,1
0.01525591966,0.000125268547,-0.001129912911,0.007012368646,1
0.0153990835,0.01916608773,-0.002601080108,0.007260970306,3
0.0153990835,0.01902292296,-0.001839285833,0.007371621672,1
0.0153990835,0.01887976006,-0.002327551367,0.007533840369,1
0.0153990835,0.01873659529,-0.002377614379,0.006600574125,1
0.0153990835,0.01859343052,-0.002125475556,0.006227286998,1
0.0153990835,0.01845026761,-0.002151421038,0.006816461217,1
0.0153990835,0.01830710284,-0.002077847719,0.00672687497,1
0.0153990835,0.01816393808,-0.002076050034,0.006536620669,1
0.0153990835,0.01802077517,-0.002173514571,0.00693695154,1
0.0153990835,0.0178776104,-0.002285803901,0.007459152024,1
0.0153990835,0.01773444749,-0.002308589406,0.007899814285,1
0.0153990835,0.01759128273,-0.002642672509,0.008721458726,1
0.0153990835,0.01744811796,-0.003440103726,0.008424486965,1
0.0153990835,0.01730495505,-0.003554006107,0.008701169863,1
0.0153990835,0.01716179028,-0.003506042529,0.009402355179,1
0.0153990835,0.01701862738,-0.003257118864,0.009345513768,1
0.0153990835,0.01687546261,-0.003175511258,0.009378330782,1
0.0153990835,0.01673229784,-0.003364142729,0.009882085957,1
0.0153990835,0.01658913493,-0.003481004154,0.009975265712,1
0.0153990835,0.01644597016,-0.002949237358,0.01099950075,1
0.0153990835,0.01630280726,-0.003174681216,0.009398008697,1
0.0153990835,0.01615964249,-0.003422771115,0.009757034481,1
0.0153990835,0.01601647772,-0.003654561006,0.01080492418,1
0.0153990835,0.01587331481,-0.003765956964,0.01114379615,2
0.0153990835,0.01573015004,-0.003795229364,0.01186093129,1
0.0153990835,0.01558698621,-0.003329990199,0.01150729414,1
0.0153990835,0.01544382237,-0.003510337323,0.01179464161,1
0.0153990835,0.0153006576,-0.003940421157,0.0123154372,1
0.0153990835,0.01515749376,-0.004131151363,0.01252451353,1
0.0153990835,0.01501432993,-0.004165799823,0.01167531405,1
0.0153990835,0.01487116609,-0.003766052891,0.01209197287,2
0.0153990835,0.01472800132,-0.003443222726,0.01191238966,2
0.0153990835,0.01458483748,-0.003141985973,0.01177977491,3
0.0153990835,0.01444167364,-0.003399098525,0.01244411524,1
0.0153990835,0.01429850981,-0.003364223056,0.01227074582,1
0.0153990835,0.01415534597,-0.003405098338,0.01257446595,1
0.0153990835,0.0140121812,-0.00335725327,0.01188394986,1
0.0153990835,0.01386901736,-0.002697906457,0.01039477717,1
0.0153990835,0.01372585353,-0.002364376094,0.01049204078,2
0.0153990835,0.01358268969,-0.002151664114,0.01044318266,2
0.0153990835,0.01343952492,-0.00223635626,0.01053816359,2
0.0153990835,0.01329636108,-0.002330780262,0.01085380837,2
0.0153990835,0.01315319724,-0.002415044699,0.01121508237,2
0.0153990835,0.01301003341,-0.002438549651,0.01154988818,1
0.0153990835,0.01286686864,-0.002517235233,0.01210097503,1
0.0153990835,0.0127237048,-0.002407046733,0.01147474162,1
0.0153990835,0.01258054096,-0.00215239008,0.01107399072,1
0.0153990835,0.01243737713,-0.002131215762,0.0105182305,1
0.0153990835,0.01229421329,-0.002327859402,0.009719868191,1
0.0153990835,0.01215104852,-0.002241637558,0.01060968824,1
0.0153990835,0.01200788468,-0.002283126116,0.01064967085,1
0.0153990835,0.01186472084,-0.00224184501,0.01126861572,1
0.0153990835,0.01172155701,-0.002164077712,0.01102324575,1
0.0153990835,0.01157839224,-0.002157032024,0.0104726227,1
0.0153990835,0.0114352284,-0.00195141288,0.01039778814,1
0.0153990835,0.01129206456,-0.002183787292,0.01125455927,1
0.0153990835,0.01114890072,-0.002172260312,0.01060916297,1
0.0153990835,0.01100573689,-0.002249199199,0.01030876581,1
0.0153990835,0.01086257212,-0.002245721174,0.01045954507,1
0.0153990835,0.01071940828,-0.002233230509,0.01027536951,1
0.0153990835,0.01057624444,-0.002116802847,0.01003430039,1
0.0153990835,0.01043308061,-0.001925382647,0.01027182583,1
0.0153990835,0.01028991584,-0.00199725409,0.01033776347,1
0.0153990835,0.010146752,-0.00217778259,0.01034242287,1
0.0153990835,0.01000358816,-0.002159667201,0.01034872048,1
0.0153990835,0.009860424325,-0.002155640861,0.01020055078,1
0.0153990835,0.009717259556,-0.002419889206,0.009472014382,1
0.0153990835,0.009574095719,-0.002179884585,0.009472729638,2
0.0153990835,0.009430931881,-0.001899842639,0.009581261314,1
0.0153990835,0.009287768044,-0.001743479748,0.009904241189,1
0.0153990835,0.009144604206,-0.002331559313,0.009194760583,1
0.0153990835,0.009001439437,-0.001761722029,0.009705923498,2
0.0153990835,0.0088582756,-0.001609133906,0.009866584092,2
0.0153990835,0.008715111762,-0.001570989611,0.01033294946,1
0.0153990835,0.008571947925,-0.001747847418,0.009971022606,1
0.0153990835,0.008428783156,-0.001714466838,0.009377753362,1
0.0153990835,0.008285619318,-0.002274714643,0.009538522922,1
0.0153990835,0.008142455481,-0.002495107939,0.009695787914,1
0.0153990835,0.007999291644,-0.002015046077,0.009267588146,1
0.0153990835,0.007856126875,-0.001826860476,0.009439593181,1
0.0153990835,0.007712963037,-0.001941194292,0.009389624931,2
0.0153990835,0.0075697992,-0.00200116029,0.009261801839,1
0.0153990835,0.007426635362,-0.002092391253,0.008707988076,1
0.0153990835,0.007283471059,-0.002183359815,0.00872169435,1
0.0153990835,0.007140307222,-0.002087609842,0.008772546425,2
0.0153990835,0.006997142918,-0.002326037968,0.008575988933,2
0.0153990835,0.006853979081,-0.002482494107,0.00814553909,1
0.0153990835,0.006710814778,-0.002397906035,0.008303755894,1
0.0153990835,0.00656765094,-0.002393033123,0.009038867429,1
0.0153990835,0.006424486637,-0.002230399288,0.008305580355,1
0.0153990835,0.0062813228,-0.002216813387,0.008214254864,1
0.0153990835,0.006138158496,-0.002212899737,0.007835637778,1
0.0153990835,0.005994994659,-0.0008898624801,0.008193308488,1
0.0153990835,0.005851830821,-0.002016772516,0.008244830184,2
0.0153990835,0.005708666518,-0.002400243189,0.007855149917,1
0.0153990835,0.005565502681,-0.002130142413,0.007817291655,1
0.0153990835,0.005422338378,-0.001955023734,0.007850206457,1
0.0153990835,0.00527917454,-0.002162664896,0.007847277448,1
0.0153990835,0.005136010237,-0.002306104172,0.008119333535,2
0.0153990835,0.0049928464,-0.002474724781,0.008426557295,1
0.0153990835,0.004849682096,-0.002158710267,0.008712886833,1
0.0153990835,0.004706518259,-0.002041653963,0.008998112753,1
0.0153990835,0.004563353956,-0.001727400697,0.008586240932,1
0.0153990835,0.004420190118,-0.001616588444,0.008350670338,1
0.0153990835,0.004277025815,-0.001875218237,0.0078791501,1
0.0153990835,0.004133861978,-0.002963964595,0.008264757693,1
0.0153990835,0.00399069814,-0.002014254918,0.007625353988,1
0.0153990835,0.003847533837,-0.00150857761,0.007879230194,1
0.0153990835,0.003704369767,-0.001396919135,0.007806194015,1
0.0153990835,0.003561205696,-0.001475225552,0.007648363709,1
0.0153990835,0.003418041626,-0.001408131327,0.007757164072,2
0.0153990835,0.003274877556,-0.001323057804,0.007781982422,1
0.0153990835,0.003131713718,-0.001403655508,0.007716672961,1
0.0153990835,0.002988549648,-0.001558789751,0.007952556945,1
0.0153990835,0.002845385578,-0.001008812105,0.007971048355,1
0.0153990835,0.002702221507,-0.001119996654,0.006429880857,1
0.0153990835,0.002559057437,-0.0009197404142,0.00649865903,1
0.0153990835,0.002415893367,-0.0008169835201,0.006799822673,1
0.0153990835,0.002272729296,-0.0009600646445,0.006837838329,1
0.0153990835,0.002129565226,-0.001040047035,0.006327558309,1
0.0153990835,0.001986401156,-0.001019462943,0.006631115451,1
0.0153990835,0.001843237202,-0.001176976133,0.00781620387,1
0.0153990835,0.001700073131,-0.001249924768,0.007156074047,2
0.0153990835,0.001556909061,-0.001368727186,0.007140043657,2
0.0153990835,0.001413744991,-0.001334746135,0.007040043827,2
0.0153990835,0.00127058092,-0.001147818402,0.007230247837,2
0.0153990835,0.00112741685,-0.001081112889,0.00768043939,1
0.0153990835,0.0009842528962,-0.0008318363107,0.007049547508,1
0.0153990835,0.0008410888258,-0.0007485656533,0.006492010783,1
0.0153990835,0.0006979247555,-0.00071717432,0.006741924677,1
0.0153990835,0.0005547606852,-0.0008103862638,0.007107228506,2
0.0153990835,0.000411596644,-0.0007561952807,0.007579113822,1
0.0153990835,0.0002684326028,-0.001131405705,0.00784218777,1
0.0153990835,0.000125268547,-0.001134663704,0.007782104425,2
0.01554224733,0.01916608773,-0.002910636365,0.007399823051,1
0.01554224733,0.01902292296,-0.002305145375,0.007186196744,2
0.01554224733,0.01887976006,-0.002294332255,0.007071553729,2
0.01554224733,0.01873659529,-0.002319660503,0.006574560422,1
0.01554224733,0.01859343052,-0.002225042786,0.006383081898,1
0.01554224733,0.01845026761,-0.002129486529,0.006743532605,1
0.01554224733,0.01830710284,-0.002071189927,0.00667034043,1
0.01554224733,0.01816393808,-0.002020013984,0.006728381384,1
0.01554224733,0.01802077517,-0.002216477646,0.006971837021,1
0.01554224733,0.0178776104,-0.002339840867,0.007058577612,1
0.01554224733,0.01773444749,-0.002416823059,0.007605124731,1
0.01554224733,0.01759128273,-0.002965384163,0.007964747958,1
0.01554224733,0.01744811796,-0.00329343765,0.008238947019,1
0.01554224733,0.01730495505,-0.003136096289,0.008507872932,1
0.01554224733,0.01716179028,-0.003414201085,0.009220271371,1
0.01554224733,0.01701862738,-0.003177793697,0.009190738201,1
0.01554224733,0.01687546261,-0.003086418612,0.009200212546,1
0.01554224733,0.01673229784,-0.00317767146,0.009869409725,1
0.01554224733,0.01658913493,-0.003223453183,0.009941173717,1
0.01554224733,0.01644597016,-0.00311312452,0.00949331373,1
0.01554224733,0.01630280726,-0.003147783689,0.00980612915,1
0.01554224733,0.01615964249,-0.003329995554,0.009956130758,2
0.01554224733,0.01601647772,-0.003516723402,0.01037798263,2
0.01554224733,0.01587331481,-0.003749323543,0.01071826369,2
0.01554224733,0.01573015004,-0.004410805181,0.0111048054,1
0.01554224733,0.01558698621,-0.003900157521,0.01151044387,1
0.01554224733,0.01544382237,-0.003784268163,0.01124497876,1
0.01554224733,0.0153006576,-0.003807932371,0.0115101086,2
0.01554224733,0.01515749376,-0.003808859969,0.01160920318,2
0.01554224733,0.01501432993,-0.00369461556,0.01133240946,1
0.01554224733,0.01487116609,-0.00354853645,0.01141463127,2
0.01554224733,0.01472800132,-0.003468765644,0.01125825755,1
0.01554224733,0.01458483748,-0.003379413392,0.0112486165,1
0.01554224733,0.01444167364,-0.003258453682,0.01122692134,1
0.01554224733,0.01429850981,-0.003312012879,0.01137666591,2
0.01554224733,0.01415534597,-0.0033594165,0.01118728425,1
0.01554224733,0.0140121812,-0.0032022784,0.01050349232,1
0.01554224733,0.01386901736,-0.0026820614,0.01049489621,1
0.01554224733,0.01372585353,-0.002529052785,0.01035921089,2
0.01554224733,0.01358268969,-0.00248398073,0.01012942847,2
0.01554224733,0.01343952492,-0.002487568185,0.01023100968,2
0.01554224733,0.01329636108,-0.002466989448,0.01070845313,2
0.01554224733,0.01315319724,-0.002500645351,0.0110567091,1
0.01554224733,0.01301003341,-0.002385424217,0.01158695482,1
0.01554224733,0.01286686864,-0.002179384697,0.01189384237,1
0.01554224733,0.0127237048,-0.002031308133,0.01127499528,1
0.01554224733,0.01258054096,-0.002022760455,0.01097355876,1
0.01554224733,0.01243737713,-0.002137005329,0.01076603867,1
0.01554224733,0.01229421329,-0.002355592558,0.0104891248,1
0.01554224733,0.01215104852,-0.002090158174,0.01142766606,1
0.01554224733,0.01200788468,-0.002118445234,0.01168867107,1
0.01554224733,0.01186472084,-0.002140552271,0.01139998157,1
0.01554224733,0.01172155701,-0.002211463405,0.01127602533,1
0.01554224733,0.01157839224,-0.002270851983,0.01088954508,1
0.01554224733,0.0114352284,-0.002136858879,0.01069216337,2
0.01554224733,0.01129206456,-0.002150403336,0.0105297165,1
0.01554224733,0.01114890072,-0.002055732068,0.01100713853,1
0.01554224733,0.01100573689,-0.00238749967,0.0103881238,1
0.01554224733,0.01086257212,-0.002391300164,0.01043368131,1
0.01554224733,0.01071940828,-0.002258885652,0.01031905599,1
0.01554224733,0.01057624444,-0.00211340026,0.01033919025,1
0.01554224733,0.01043308061,-0.001867978135,0.01021730341,1
0.01554224733,0.01028991584,-0.002400670433,0.01004469115,1
0.01554224733,0.010146752,-0.002264532726,0.01030060463,1
0.01554224733,0.01000358816,-0.002159798751,0.01028436702,1
0.01554224733,0.009860424325,-0.002157192212,0.01016425528,1
0.01554224733,0.009717259556,-0.002168745268,0.00935371872,1
0.01554224733,0.009574095719,-0.00204347563,0.009580505081,1
0.01554224733,0.009430931881,-0.001957348548,0.009484733455,1
0.01554224733,0.009287768044,-0.002031937009,0.00946506951,1
0.01554224733,0.009144604206,-0.002163341735,0.009564328007,3
0.01554224733,0.009001439437,-0.001954765525,0.008961588144,1
0.01554224733,0.0088582756,-0.001669479301,0.008685692213,1
0.01554224733,0.008715111762,-0.001702620182,0.009427050129,1
0.01554224733,0.008571947925,-0.002095736098,0.009323851205,1
0.01554224733,0.008428783156,-0.002434418304,0.009649842046,1
0.01554224733,0.008285619318,-0.002725306433,0.009697340429,1
0.01554224733,0.008142455481,-0.002185244113,0.009546111338,1
0.01554224733,0.007999291644,-0.002105738036,0.00953042414,1
0.01554224733,0.007856126875,-0.002052893164,0.009740342386,1
0.01554224733,0.007712963037,-0.001999048516,0.009571143426,2
0.01554224733,0.0075697992,-0.001876431634,0.009196831845,1
0.01554224733,0.007426635362,-0.001835248084,0.008241855539,1
0.01554224733,0.007283471059,-0.001671359525,0.008506934159,1
0.01554224733,0.007140307222,-0.0016518177,0.008792630397,1
0.01554224733,0.006997142918,-0.002254840685,0.008599479683,1
0.01554224733,0.006853979081,-0.002280007582,0.008263647556,1
0.01554224733,0.006710814778,-0.002247513738,0.008626152761,1
0.01554224733,0.00656765094,-0.002254246268,0.008804043755,1
0.01554224733,0.006424486637,-0.00224054954,0.00847736001,1
0.01554224733,0.0062813228,-0.002221094677,0.008467256092,1
0.01554224733,0.006138158496,-0.002208454069,0.008408514783,1
0.01554224733,0.005994994659,-0.003348226659,0.008992486633,1
0.01554224733,0.005851830821,-0.002836115891,0.008715522476,2
0.01554224733,0.005708666518,-0.002613019198,0.008136975579,1
0.01554224733,0.005565502681,-0.001975727035,0.008071105927,1
0.01554224733,0.005422338378,-0.00195068086,0.007901079021,1
0.01554224733,0.00527917454,-0.002242804505,0.007912104949,1
0.01554224733,0.005136010237,-0.002277305117,0.008140335791,2
0.01554224733,0.0049928464,-0.002164796926,0.008250875399,1
0.01554224733,0.004849682096,-0.002131421119,0.008623605594,1
0.01554224733,0.004706518259,-0.002055007732,0.009004944004,1
0.01554224733,0.004563353956,-0.001743308851,0.008789169602,1
0.01554224733,0.004420190118,-0.001539870515,0.00853467267,1
0.01554224733,0.004277025815,-0.001522619743,0.007384377532,1
0.01554224733,0.004133861978,-0.001979319844,0.007444884628,2
0.01554224733,0.00399069814,-0.002138481941,0.00707252603,1
0.01554224733,0.003847533837,-0.001325767953,0.007967493497,1
0.01554224733,0.003704369767,-0.001220417325,0.008151999675,1
0.01554224733,0.003561205696,-0.001192721422,0.007872174494,1
0.01554224733,0.003418041626,-0.001510180766,0.007833261974,2
0.01554224733,0.003274877556,-0.001266213134,0.00781565439,1
0.01554224733,0.003131713718,-0.001459510531,0.007626486011,1
0.01554224733,0.002988549648,-0.001649855636,0.007714872248,1
0.01554224733,0.002845385578,-0.0011024368,0.008195531555,1
0.01554224733,0.002702221507,-0.001080122311,0.007175528444,2
0.01554224733,0.002559057437,-0.0006784995203,0.006756114308,1
0.01554224733,0.002415893367,-0.0008472013869,0.006747133099,1
0.01554224733,0.002272729296,-0.0009818504332,0.006916078739,1
0.01554224733,0.002129565226,-0.00127947249,0.006723460741,1
0.01554224733,0.001986401156,-0.00115735631,0.006934635341,1
0.01554224733,0.001843237202,-0.001237127814,0.007041084114,1
0.01554224733,0.001700073131,-0.0009120456525,0.006454899441,3
0.01554224733,0.001556909061,-0.001383605413,0.00687387865,1
0.01554224733,0.001413744991,-0.001472579199,0.007039404009,1
0.01554224733,0.00127058092,-0.001105060801,0.007153693587,2
0.01554224733,0.00112741685,-0.000904756831,0.007328696549,2
0.01554224733,0.0009842528962,-0.0002931549097,0.007135315798,1
0.01554224733,0.0008410888258,-0.001040297211,0.007048908621,1
0.01554224733,0.0006979247555,-0.001020911965,0.007123408373,1
0.01554224733,0.0005547606852,-0.001032425673,0.007146599703,2
0.01554224733,0.000411596644,-0.0009373038192,0.007675927598,1
0.01554224733,0.0002684326028,-0.001044705161,0.008002892137,1
0.01554224733,0.000125268547,-0.001142672496,0.008491757326,1
0.01568541117,0.01916608773,-0.002278327243,0.006910711993,2
0.01568541117,0.01902292296,-0.002176327631,0.006901788525,2
0.01568541117,0.01887976006,-0.002224971773,0.00699161645,1
0.01568541117,0.01873659529,-0.002269827295,0.006764435675,1
0.01568541117,0.01859343052,-0.002211457351,0.006668942515,1
0.01568541117,0.01845026761,-0.002155579394,0.006719666068,1
0.01568541117,0.01830710284,-0.002151052933,0.006734168623,1
0.01568541117,0.01816393808,-0.002175042639,0.006758247036,2
0.01568541117,0.01802077517,-0.002390471287,0.006895950995,1
0.01568541117,0.0178776104,-0.002354156924,0.007103275508,1
0.01568541117,0.01773444749,-0.002406815533,0.007588649169,1
0.01568541117,0.01759128273,-0.002592848847,0.008211975917,1
0.01568541117,0.01744811796,-0.002757107839,0.008002758957,1
0.01568541117,0.01730495505,-0.0026103009,0.00807450898,1
0.01568541117,0.01716179028,-0.002936654724,0.008498131298,1
0.01568541117,0.01701862738,-0.002982423408,0.008623803966,1
0.01568541117,0.01687546261,-0.002910592826,0.008883871138,2
0.01568541117,0.01673229784,-0.003095366759,0.009726195596,1
0.01568541117,0.01658913493,-0.003202860942,0.009930222295,1
0.01568541117,0.01644597016,-0.003066309262,0.009404171258,1
0.01568541117,0.01630280726,-0.003091667546,0.009749028832,1
0.01568541117,0.01615964249,-0.003232704476,0.009883379564,2
0.01568541117,0.01601647772,-0.003333013039,0.01003261004,2
0.01568541117,0.01587331481,-0.003303809324,0.0102464715,1
0.01568541117,0.01573015004,-0.003586052451,0.01039660908,1
0.01568541117,0.01558698621,-0.003927827347,0.01084398851,1
0.01568541117,0.01544382237,-0.004179939628,0.01066903397,1
0.01568541117,0.0153006576,-0.003698179964,0.01087081432,2
0.01568541117,0.01515749376,-0.003601740347,0.01106978208,2
0.01568541117,0.01501432993,-0.003247928573,0.01088675857,1
0.01568541117,0.01487116609,-0.003264711937,0.01097588614,1
0.01568541117,0.01472800132,-0.003464113688,0.01075623743,1
0.01568541117,0.01458483748,-0.003444949863,0.01063022483,1
0.01568541117,0.01444167364,-0.003384019248,0.01027710456,1
0.01568541117,0.01429850981,-0.003265957581,0.01082171034,1
0.01568541117,0.01415534597,-0.003384859301,0.01101867016,1
0.01568541117,0.0140121812,-0.002934385557,0.01073785964,1
0.01568541117,0.01386901736,-0.002382545266,0.01092854887,1
0.01568541117,0.01372585353,-0.002585792448,0.01032047532,2
0.01568541117,0.01358268969,-0.002767638071,0.009484310634,1
0.01568541117,0.01343952492,-0.002762946067,0.009547996335,1
0.01568541117,0.01329636108,-0.002548964228,0.01069228258,2
0.01568541117,0.01315319724,-0.002499212278,0.01101759076,1
0.01568541117,0.01301003341,-0.002490969142,0.01136502251,1
0.01568541117,0.01286686864,-0.002076438861,0.01172184665,1
0.01568541117,0.0127237048,-0.001852884423,0.01145732962,1
0.01568541117,0.01258054096,-0.002420699922,0.01067185868,1
0.01568541117,0.01243737713,-0.002433716552,0.01123285946,2
0.01568541117,0.01229421329,-0.002152959583,0.01205838751,1
0.01568541117,0.01215104852,-0.002280904679,0.01243955456,1
0.01568541117,0.01200788468,-0.002160571748,0.01177249663,1
0.01568541117,0.01186472084,-0.002102731261,0.01156810205,1
0.01568541117,0.01172155701,-0.002093295101,0.01142216474,1
0.01568541117,0.01157839224,-0.002134029521,0.01102222037,1
0.01568541117,0.0114352284,-0.0021747672,0.01095160283,2
0.01568541117,0.01129206456,-0.002253092825,0.0107328482,2
0.01568541117,0.01114890072,-0.002449457534,0.01022570301,1
0.01568541117,0.01100573689,-0.002297058934,0.01025061868,1
0.01568541117,0.01086257212,-0.002326375805,0.01013936102,1
0.01568541117,0.01071940828,-0.002248375211,0.01017158478,1
0.01568541117,0.01057624444,-0.002216990106,0.01026785094,1
0.01568541117,0.01043308061,-0.002218872076,0.01024637464,1
0.01568541117,0.01028991584,-0.002220008755,0.01021234505,1
0.01568541117,0.010146752,-0.002209090628,0.01013912912,1
0.01568541117,0.01000358816,-0.002105487976,0.009834837168,1
0.01568541117,0.009860424325,-0.001695839688,0.009985978715,1
0.01568541117,0.009717259556,-0.002101177117,0.01017026976,1
0.01568541117,0.009574095719,-0.002100185724,0.01006235275,1
0.01568541117,0.009430931881,-0.002056446392,0.009454884566,1
0.01568541117,0.009287768044,-0.002127900254,0.009358356707,1
0.01568541117,0.009144604206,-0.002248259727,0.00981755089,1
0.01568541117,0.009001439437,-0.002144739032,0.009223638102,1
0.01568541117,0.0088582756,-0.001884630881,0.008728578687,1
0.01568541117,0.008715111762,-0.001778754522,0.009085177444,1
0.01568541117,0.008571947925,-0.001760277664,0.009679751471,1
0.01568541117,0.008428783156,-0.002106993226,0.009664182551,2
0.01568541117,0.008285619318,-0.002269716701,0.009672211483,2
0.01568541117,0.008142455481,-0.002179152332,0.009704050608,2
0.01568541117,0.007999291644,-0.002167130122,0.009823331609,2
0.01568541117,0.007856126875,-0.002282112837,0.01002510637,1
0.01568541117,0.007712963037,-0.002125674626,0.009957776405,2
0.01568541117,0.0075697992,-0.002129623899,0.009696966968,2
0.01568541117,0.007426635362,-0.002528432524,0.009743072093,1
0.01568541117,0.007283471059,-0.001525838161,0.0088120047,1
0.01568541117,0.007140307222,-0.001595082576,0.008959424682,1
0.01568541117,0.006997142918,-0.001994560007,0.008923948742,1
0.01568541117,0.006853979081,-0.001866208389,0.008536821231,1
0.01568541117,0.006710814778,-0.002243460156,0.00895336736,1
0.01568541117,0.00656765094,-0.002275888575,0.008864720352,1
0.01568541117,0.006424486637,-0.002238612389,0.008606459945,1
0.01568541117,0.0062813228,-0.00222040154,0.008645569906,1
0.01568541117,0.006138158496,-0.002300079446,0.008892797865,1
0.01568541117,0.005994994659,-0.002917807084,0.009204979986,2
0.01568541117,0.005851830821,-0.003366444493,0.009487797506,1
0.01568541117,0.005708666518,-0.002748520579,0.008904232644,1
0.01568541117,0.005565502681,-0.002233482432,0.00845240429,1
0.01568541117,0.005422338378,-0.002091622911,0.008336880244,1
0.01568541117,0.00527917454,-0.002418433083,0.008305024356,1
0.01568541117,0.005136010237,-0.002395514632,0.008279031143,2
0.01568541117,0.0049928464,-0.002257085871,0.008295214735,1
0.01568541117,0.004849682096,-0.002138507087,0.008472049609,1
0.01568541117,0.004706518259,-0.001952515217,0.00894093886,1
0.01568541117,0.004563353956,-0.001683230279,0.008871804923,1
0.01568541117,0.004420190118,-0.001567188068,0.008773032576,1
0.01568541117,0.004277025815,-0.001473887591,0.007843966596,1
0.01568541117,0.004133861978,-0.001292213099,0.007057877723,1
0.01568541117,0.00399069814,-0.002040463034,0.007493613753,1
0.01568541117,0.003847533837,-0.002145393519,0.007996236905,1
0.01568541117,0.003704369767,-0.001545715611,0.008112356067,1
0.01568541117,0.003561205696,-0.001550708548,0.008089669049,1
0.01568541117,0.003418041626,-0.002173657529,0.007888053544,1
0.01568541117,0.003274877556,-0.001472574309,0.007860282436,1
0.01568541117,0.003131713718,-0.001557498588,0.007784937974,1
0.01568541117,0.002988549648,-0.001612946857,0.007756076753,1
0.01568541117,0.002845385578,-0.001635511057,0.007408128586,1
0.01568541117,0.002702221507,-0.001419556094,0.007320585661,1
0.01568541117,0.002559057437,-0.00154954975,0.007255380508,1
0.01568541117,0.002415893367,-0.001580735203,0.007169343531,1
0.01568541117,0.002272729296,-0.001920416718,0.007477372885,1
0.01568541117,0.002129565226,-0.001856610761,0.007474055514,1
0.01568541117,0.001986401156,-0.001484617824,0.007036169991,1
0.01568541117,0.001843237202,-0.001290306915,0.006342154928,1
0.01568541117,0.001700073131,-0.001447396469,0.007101615891,1
0.01568541117,0.001556909061,-0.001503490843,0.006978993304,1
0.01568541117,0.001413744991,-0.001610851032,0.006946783047,1
0.01568541117,0.00127058092,-0.0008950887132,0.007016425487,1
0.01568541117,0.00112741685,-0.001139698783,0.007345337421,1
0.01568541117,0.0009842528962,-0.001247394248,0.00810748525,1
0.01568541117,0.0008410888258,-0.001188960741,0.008394264616,1
0.01568541117,0.0006979247555,-0.001192590338,0.008438019082,1
0.01568541117,0.0005547606852,-0.001361100585,0.00667983247,1
0.01568541117,0.000411596644,-0.001165574533,0.007412542589,1
0.01568541117,0.0002684326028,-0.001072052051,0.007639073767,1
0.01568541117,0.000125268547,-0.0007103615208,0.007600336801,1
0.01582857594,0.01916608773,-0.00174801785,0.006430524401,1
0.01582857594,0.01902292296,-0.0018968652,0.006518627983,1
0.01582857594,0.01887976006,-0.00228116801,0.006411226001,1
0.01582857594,0.01873659529,-0.002277242485,0.006422850769,1
0.01582857594,0.01859343052,-0.002227507066,0.006456765812,1
0.01582857594,0.01845026761,-0.002207374433,0.006466551218,1
0.01582857594,0.01830710284,-0.002228808356,0.006470055785,1
0.01582857594,0.01816393808,-0.00213863235,0.006674487609,2
0.01582857594,0.01802077517,-0.001966936048,0.007184059825,1
0.01582857594,0.0178776104,-0.00216061715,0.007220863365,2
0.01582857594,0.01773444749,-0.002261221875,0.007596796844,1
0.01582857594,0.01759128273,-0.002369555645,0.007733447012,1
0.01582857594,0.01744811796,-0.003055378329,0.007819495164,1
0.01582857594,0.01730495505,-0.001991671277,0.007739648689,1
0.01582857594,0.01716179028,-0.00227893889,0.007915091701,1
0.01582857594,0.01701862738,-0.002371495357,0.007867306471,1
0.01582857594,0.01687546261,-0.002478162758,0.007985271513,1
0.01582857594,0.01673229784,-0.002817389555,0.008890920319,1
0.01582857594,0.01658913493,-0.003034244291,0.009266019799,1
0.01582857594,0.01644597016,-0.003144853516,0.009376578964,1
0.01582857594,0.01630280726,-0.003167966614,0.009681648575,1
0.01582857594,0.01615964249,-0.00317614153,0.009795745835,1
0.01582857594,0.01601647772,-0.003278814955,0.009622608311,1
0.01582857594,0.01587331481,-0.003434311831,0.00937311165,1
0.01582857594,0.01573015004,-0.002870983677,0.009832231328,1
0.01582857594,0.01558698621,-0.002839575056,0.009795940481,1
0.01582857594,0.01544382237,-0.003446202725,0.009969710372,2
0.01582857594,0.0153006576,-0.003203107975,0.01023433264,1
0.01582857594,0.01515749376,-0.003651993349,0.01091235224,1
0.01582857594,0.01501432993,-0.003352898406,0.01072721835,1
0.01582857594,0.01487116609,-0.003321796423,0.01090344228,1
0.01582857594,0.01472800132,-0.003289029002,0.01086238865,1
0.01582857594,0.01458483748,-0.003073403845,0.0096549429,1
0.01582857594,0.01444167364,-0.003216224955,0.009935331531,1
0.01582857594,0.01429850981,-0.003434453625,0.01072913036,1
0.01582857594,0.01415534597,-0.003202576656,0.01077125967,1
0.01582857594,0.0140121812,-0.002843187191,0.01097205095,1
0.01582857594,0.01386901736,-0.002388505498,0.01104277652,1
0.01582857594,0.01372585353,-0.002663933672,0.01050983183,2
0.01582857594,0.01358268969,-0.002861026442,0.009652175941,1
0.01582857594,0.01343952492,-0.002413205104,0.01115572639,1
0.01582857594,0.01329636108,-0.002466709586,0.01149509195,1
0.01582857594,0.01315319724,-0.002569662873,0.01147432253,1
0.01582857594,0.01301003341,-0.002476930153,0.0109940609,1
0.01582857594,0.01286686864,-0.002162538003,0.0118340468,1
0.01582857594,0.0127237048,-0.002109983005,0.01138558984,1
0.01582857594,0.01258054096,-0.002525263932,0.01094796788,2
0.01582857594,0.01243737713,-0.003024202073,0.0114351511,3
0.01582857594,0.01229421329,-0.002413020935,0.01185176428,1
0.01582857594,0.01215104852,-0.002369414549,0.01207737066,1
0.01582857594,0.01200788468,-0.002210756065,0.01182753406,1
0.01582857594,0.01186472084,-0.001704995288,0.01173119433,1
0.01582857594,0.01172155701,-0.001768409973,0.0110564772,1
0.01582857594,0.01157839224,-0.002117682016,0.01095490251,1
0.01582857594,0.0114352284,-0.002175088506,0.01135918032,2
0.01582857594,0.01129206456,-0.002237742301,0.01122436859,2
0.01582857594,0.01114890072,-0.002373028547,0.0102049578,1
0.01582857594,0.01100573689,-0.002328217495,0.009998081252,1
0.01582857594,0.01086257212,-0.001784869819,0.009656945243,1
0.01582857594,0.01071940828,-0.001988294534,0.009832022712,1
0.01582857594,0.01057624444,-0.002438661642,0.01012224331,1
0.01582857594,0.01043308061,-0.002485908102,0.01038791891,2
0.01582857594,0.01028991584,-0.002352352021,0.01040080469,2
0.01582857594,0.010146752,-0.00225211517,0.01037033368,2
0.01582857594,0.01000358816,-0.002044681925,0.00970791094,1
0.01582857594,0.009860424325,-0.001853112015,0.009895018302,1
0.01582857594,0.009717259556,-0.002024844289,0.01013314258,1
0.01582857594,0.009574095719,-0.002030666918,0.01010942459,1
0.01582857594,0.009430931881,-0.002036686288,0.009651979432,1
0.01582857594,0.009287768044,-0.002174093621,0.009749956429,1
0.01582857594,0.009144604206,-0.002279081149,0.01018024422,2
0.01582857594,0.009001439437,-0.002204725752,0.009786323644,2
0.01582857594,0.0088582756,-0.002091140253,0.00922210142,1
0.01582857594,0.008715111762,-0.001922123949,0.009375480935,1
0.01582857594,0.008571947925,-0.001740906271,0.009821528569,1
0.01582857594,0.008428783156,-0.001963560469,0.009654925205,2
0.01582857594,0.008285619318,-0.002067414811,0.009623270482,2
0.01582857594,0.008142455481,-0.002094518393,0.009774548002,2
0.01582857594,0.007999291644,-0.00210151705,0.01003374718,2
0.01582857594,0.007856126875,-0.002095312811,0.01048577949,1
0.01582857594,0.007712963037,-0.002091913251,0.01053788792,1
0.01582857594,0.0075697992,-0.001987957396,0.009890185669,1
0.01582857594,0.007426635362,-0.001894907211,0.009260957129,1
0.01582857594,0.007283471059,-0.001832983224,0.009310132824,2
0.01582857594,0.007140307222,-0.001911806874,0.009538425133,2
0.01582857594,0.006997142918,-0.002113888506,0.00933749415,2
0.01582857594,0.006853979081,-0.0022224735,0.009128426202,2
0.01582857594,0.006710814778,-0.002481870819,0.009023081511,1
0.01582857594,0.00656765094,-0.002538030501,0.008931836113,1
0.01582857594,0.006424486637,-0.002609424526,0.008873111568,1
0.01582857594,0.0062813228,-0.002364201471,0.008962279186,1
0.01582857594,0.006138158496,-0.002491842955,0.009247748181,1
0.01582857594,0.005994994659,-0.002656477969,0.009446836077,2
0.01582857594,0.005851830821,-0.002861699555,0.009662694298,2
0.01582857594,0.005708666518,-0.00271849148,0.01015450619,1
0.01582857594,0.005565502681,-0.002352143638,0.01096725743,1
0.01582857594,0.005422338378,-0.002612132346,0.009381442331,1
0.01582857594,0.00527917454,-0.002578627085,0.008961088024,1
0.01582857594,0.005136010237,-0.002629234688,0.00837555062,1
0.01582857594,0.0049928464,-0.00215734425,0.008278219961,1
0.01582857594,0.004849682096,-0.002006371971,0.008128323592,1
0.01582857594,0.004706518259,-0.001724469592,0.008283194155,1
0.01582857594,0.004563353956,-0.001684403513,0.008739423007,2
0.01582857594,0.004420190118,-0.00131552387,0.008787228726,1
0.01582857594,0.004277025815,-0.001810290385,0.008898979053,1
0.01582857594,0.004133861978,-0.001728969975,0.008290922269,1
0.01582857594,0.00399069814,-0.00159470283,0.008576525375,1
0.01582857594,0.003847533837,-0.001898364862,0.008281012997,2
0.01582857594,0.003704369767,-0.001617454225,0.007997059263,1
0.01582857594,0.003561205696,-0.001525784144,0.007996397093,1
0.01582857594,0.003418041626,-0.001332505257,0.007635154296,1
0.01582857594,0.003274877556,-0.001746843802,0.00759126991,1
0.01582857594,0.003131713718,-0.002160063479,0.007891776972,1
0.01582857594,0.002988549648,-0.001512998366,0.007681868039,1
0.01582857594,0.002845385578,-0.001903505879,0.007784469519,1
0.01582857594,0.002702221507,-0.001709979493,0.007849287242,1
0.01582857594,0.002559057437,-0.001447094139,0.007942188531,1
0.01582857594,0.002415893367,-0.001671662903,0.008320112713,2
0.01582857594,0.002272729296,-0.002125719329,0.008444949985,1
0.01582857594,0.002129565226,-0.001869631815,0.008415643126,1
0.01582857594,0.001986401156,-0.00161593908,0.007785368711,1
0.01582857594,0.001843237202,-0.001322001452,0.006666375324,1
0.01582857594,0.001700073131,-0.001485347515,0.007250459399,1
0.01582857594,0.001556909061,-0.001451195101,0.00716772303,1
0.01582857594,0.001413744991,-0.001463348162,0.007153853308,1
0.01582857594,0.00127058092,-0.0006709317095,0.007139484864,1
0.01582857594,0.00112741685,-0.0009953613626,0.006458698772,1
0.01582857594,0.0009842528962,-0.0008842523093,0.006948785391,1
0.01582857594,0.0008410888258,-0.001291349065,0.00816159416,1
0.01582857594,0.0006979247555,-0.0008454573108,0.007272960618,1
0.01582857594,0.0005547606852,-0.0009054406546,0.00686235074,1
0.01582857594,0.000411596644,-0.0008713873685,0.006266110577,1
0.01582857594,0.0002684326028,-0.001117442036,0.007171664853,2
0.01582857594,0.000125268547,-0.001129771466,0.007080946583,1
0.01597173885,0.01916608773,-0.001370134763,0.005993249826,1
0.01597173885,0.01902292296,-0.001762667322,0.00612726016,1
0.01597173885,0.01887976006,-0.002236119937,0.005986996926,1
0.01597173885,0.01873659529,-0.002260830952,0.005909375381,1
0.01597173885,0.01859343052,-0.001912397915,0.006339706015,1
0.01597173885,0.01845026761,-0.002124991966,0.006114861928,1
0.01597173885,0.01830710284,-0.002151213586,0.006053195801,1
0.01597173885,0.01816393808,-0.002183742588,0.006285586394,1
0.01597173885,0.01802077517,-0.002072136849,0.006659192964,2
0.01597173885,0.0178776104,-0.002060153522,0.006999322679,2
0.01597173885,0.01773444749,-0.002133613219,0.007435979322,1
0.01597173885,0.01759128273,-0.002199351322,0.007550201844,1
0.01597173885,0.01744811796,-0.00239098561,0.007565587293,1
0.01597173885,0.01730495505,-0.002044507768,0.007347819395,1
0.01597173885,0.01716179028,-0.002096421551,0.007395106368,1
0.01597173885,0.01701862738,-0.002133381087,0.00750865601,1
0.01597173885,0.01687546261,-0.002157904673,0.007832954638,1
0.01597173885,0.01673229784,-0.002682466526,0.008455377072,1
0.01597173885,0.01658913493,-0.002918844344,0.008881736547,1
0.01597173885,0.01644597016,-0.003030264052,0.009027250111,1
0.01597173885,0.01630280726,-0.003052822547,0.009242884815,1
0.01597173885,0.01615964249,-0.003028750885,0.009236405604,1
0.01597173885,0.01601647772,-0.003063288052,0.009152251296,1
0.01597173885,0.01587331481,-0.003154462203,0.009027327411,1
0.01597173885,0.01573015004,-0.002940122038,0.00906942226,2
0.01597173885,0.01558698621,-0.002891951939,0.008595645428,1
0.01597173885,0.01544382237,-0.003562188242,0.009179535322,1
0.01597173885,0.0153006576,-0.003512190888,0.01005163603,1
0.01597173885,0.01515749376,-0.003670352045,0.01116546802,1
0.01597173885,0.01501432993,-0.003401580965,0.0110894721,1
0.01597173885,0.01487116609,-0.003370632883,0.0111775687,1
0.01597173885,0.01472800132,-0.003786339192,0.01160343084,1
0.01597173885,0.01458483748,-0.003368444974,0.01057313196,2
0.01597173885,0.01444167364,-0.003235948505,0.0103512397,2
0.01597173885,0.01429850981,-0.003270118497,0.01073501445,1
0.01597173885,0.01415534597,-0.003217886901,0.01045952644,1
0.01597173885,0.0140121812,-0.002911407268,0.01062920969,1
0.01597173885,0.01386901736,-0.002786785597,0.01091599371,1
0.01597173885,0.01372585353,-0.002820410067,0.0110239014,1
0.01597173885,0.01358268969,-0.002862215741,0.01136969123,1
0.01597173885,0.01343952492,-0.002457143273,0.01112392172,1
0.01597173885,0.01329636108,-0.002443594625,0.01146021299,1
0.01597173885,0.01315319724,-0.002664376516,0.01134112012,1
0.01597173885,0.01301003341,-0.002521962626,0.01106924471,2
0.01597173885,0.01286686864,-0.002449245425,0.01110823546,1
0.01597173885,0.0127237048,-0.002512384206,0.01094231382,1
0.01597173885,0.01258054096,-0.002546171425,0.01029927004,1
0.01597173885,0.01243737713,-0.002367537003,0.0111767482,1
0.01597173885,0.01229421329,-0.002596795792,0.01100577228,1
0.01597173885,0.01215104852,-0.002576342318,0.01118618902,1
0.01597173885,0.01200788468,-0.002177065471,0.01161451824,1
0.01597173885,0.01186472084,-0.002050413517,0.01124163345,1
0.01597173885,0.01172155701,-0.002005247166,0.01093477383,1
0.01597173885,0.01157839224,-0.002093775664,0.01157153025,1
0.01597173885,0.0114352284,-0.002170162043,0.01230584644,1
0.01597173885,0.01129206456,-0.002149759559,0.01260048896,1
0.01597173885,0.01114890072,-0.002210397506,0.01088013407,2
0.01597173885,0.01100573689,-0.002221940551,0.009890739806,1
0.01597173885,0.01086257212,-0.001631689258,0.009373411536,1
0.01597173885,0.01071940828,-0.001662135008,0.009725257754,1
0.01597173885,0.01057624444,-0.002249109792,0.01118703466,1
0.01597173885,0.01043308061,-0.002933746902,0.01078225579,1
0.01597173885,0.01028991584,-0.002451376524,0.01063261926,2
0.01597173885,0.010146752,-0.002402335405,0.01123348996,1
0.01597173885,0.01000358816,-0.002246984513,0.01091972925,1
0.01597173885,0.009860424325,-0.001893478329,0.009614885785,2
0.01597173885,0.009717259556,-0.001883802703,0.009429858997,2
0.01597173885,0.009574095719,-0.002057530452,0.009816314094,2
0.01597173885,0.009430931881,-0.002220374066,0.01010450907,1
0.01597173885,0.009287768044,-0.002495781751,0.01093604229,1
0.01597173885,0.009144604206,-0.002489245264,0.01136714779,1
0.01597173885,0.009001439437,-0.002303942107,0.0105193099,2
0.01597173885,0.0088582756,-0.002183861099,0.009988824837,2
0.01597173885,0.008715111762,-0.002011336386,0.009940871969,2
0.01597173885,0.008571947925,-0.00189843704,0.009707681835,2
0.01597173885,0.008428783156,-0.001938927802,0.009510722011,1
0.01597173885,0.008285619318,-0.00194186368,0.0093913991,1
0.01597173885,0.008142455481,-0.002029988915,0.009737124667,2
0.01597173885,0.007999291644,-0.002049107337,0.01005132589,2
0.01597173885,0.007856126875,-0.002053970005,0.01053721458,1
0.01597173885,0.007712963037,-0.002078473568,0.01068394445,1
0.01597173885,0.0075697992,-0.002055160468,0.01044364367,1
0.01597173885,0.007426635362,-0.002020582324,0.009594173171,1
0.01597173885,0.007283471059,-0.001999380765,0.009629145265,2
0.01597173885,0.007140307222,-0.002105273539,0.01054664887,1
0.01597173885,0.006997142918,-0.002326712944,0.00975917466,1
0.01597173885,0.006853979081,-0.002427926753,0.009616306983,1
0.01597173885,0.006710814778,-0.002713057678,0.009437773377,2
0.01597173885,0.00656765094,-0.00323497341,0.009683866054,1
0.01597173885,0.006424486637,-0.002678651828,0.009384999052,2
0.01597173885,0.0062813228,-0.002304881345,0.009459678084,1
0.01597173885,0.006138158496,-0.002315970603,0.009642295539,1
0.01597173885,0.005994994659,-0.00235456205,0.009671919048,1
0.01597173885,0.005851830821,-0.002705384046,0.009561641142,1
0.01597173885,0.005708666518,-0.002779613715,0.009557751007,1
0.01597173885,0.005565502681,-0.002532351995,0.01043057255,2
0.01597173885,0.005422338378,-0.002606069669,0.01016778965,1
0.01597173885,0.00527917454,-0.002595092868,0.00956535805,1
0.01597173885,0.005136010237,-0.001476029051,0.008912175894,1
0.01597173885,0.0049928464,-0.002208865946,0.008489869535,1
0.01597173885,0.004849682096,-0.001942790928,0.008280053735,2
0.01597173885,0.004706518259,-0.001808789093,0.008323957212,2
0.01597173885,0.004563353956,-0.002014390426,0.009015464224,1
0.01597173885,0.004420190118,-0.001980186906,0.009424651973,1
0.01597173885,0.004277025815,-0.002206725301,0.01039378252,1
0.01597173885,0.004133861978,-0.002194352448,0.01049541589,1
0.01597173885,0.00399069814,-0.002027614973,0.009262176231,2
0.01597173885,0.003847533837,-0.002235908527,0.008554231375,2
0.01597173885,0.003704369767,-0.002850858495,0.008045820519,1
0.01597173885,0.003561205696,-0.001848086948,0.007903981954,2
0.01597173885,0.003418041626,-0.001107617631,0.007765739691,1
0.01597173885,0.003274877556,-0.001221255981,0.007815210149,1
0.01597173885,0.003131713718,-0.002001803368,0.008628422394,1
0.01597173885,0.002988549648,-0.002156664385,0.009290532209,1
0.01597173885,0.002845385578,-0.001962228445,0.008729667403,2
0.01597173885,0.002702221507,-0.001628206111,0.008389589377,1
0.01597173885,0.002559057437,-0.001573956921,0.008859151043,1
0.01597173885,0.002415893367,-0.001533103059,0.009723966941,1
0.01597173885,0.002272729296,-0.001708779484,0.009873675182,1
0.01597173885,0.002129565226,-0.001607264858,0.009579366073,1
0.01597173885,0.001986401156,-0.001366165117,0.00779048074,1
0.01597173885,0.001843237202,-0.001279186923,0.007540954277,2
0.01597173885,0.001700073131,-0.001204615342,0.007573418319,2
0.01597173885,0.001556909061,-0.000980842975,0.00734819565,1
0.01597173885,0.001413744991,-0.001165947877,0.007207944989,1
0.01597173885,0.00127058092,-0.001299488358,0.007390545681,1
0.01597173885,0.00112741685,-0.0008098653052,0.006441182923,1
0.01597173885,0.0009842528962,-0.0007558647194,0.00695610093,1
0.01597173885,0.0008410888258,-0.0005515165976,0.008764691651,1
0.01597173885,0.0006979247555,-0.0008430351736,0.007745083421,1
0.01597173885,0.0005547606852,-0.000784462376,0.007083992008,1
0.01597173885,0.000411596644,-0.0011064664,0.007249120623,1
0.01597173885,0.0002684326028,-0.0013965572,0.007700528484,1
0.01597173885,0.000125268547,-0.001675556414,0.008564790711,1
0.01611490361,0.01916608773,-0.001905904501,0.005080151372,2
0.01611490361,0.01902292296,-0.0022999465,0.004948660266,3
0.01611490361,0.01887976006,-0.002155365422,0.005675720517,1
0.01611490361,0.01873659529,-0.002206097124,0.005663168151,1
0.01611490361,0.01859343052,-0.00213381066,0.006191906054,1
0.01611490361,0.01845026761,-0.002092171228,0.005974524189,1
0.01611490361,0.01830710284,-0.002079000697,0.005909111816,1
0.01611490361,0.01816393808,-0.002103957115,0.006018050481,1
0.01611490361,0.01802077517,-0.002077715471,0.006167803425,1
0.01611490361,0.0178776104,-0.0018742471,0.006681254134,1
0.01611490361,0.01773444749,-0.001918367227,0.006967972498,1
0.01611490361,0.01759128273,-0.00206450047,0.007190029602,1
0.01611490361,0.01744811796,-0.002184821293,0.007292116527,2
0.01611490361,0.01730495505,-0.002202562289,0.007072636858,1
0.01611490361,0.01716179028,-0.002147490392,0.00725464616,1
0.01611490361,0.01701862738,-0.002191961976,0.007364402525,1
0.01611490361,0.01687546261,-0.002341831569,0.007571664639,1
0.01611490361,0.01673229784,-0.002558246953,0.008017604239,1
0.01611490361,0.01658913493,-0.002750439337,0.008346229792,1
0.01611490361,0.01644597016,-0.002722255886,0.00846514944,2
0.01611490361,0.01630280726,-0.002834802959,0.008730773814,2
0.01611490361,0.01615964249,-0.002756794682,0.009005410597,1
0.01611490361,0.01601647772,-0.002756387694,0.009131850675,1
0.01611490361,0.01587331481,-0.002790494589,0.008897971362,1
0.01611490361,0.01573015004,-0.0028430901,0.008822486736,2
0.01611490361,0.01558698621,-0.002660101512,0.008763234131,1
0.01611490361,0.01544382237,-0.00292594498,0.009110342711,1
0.01611490361,0.0153006576,-0.003093459643,0.009787248448,1
0.01611490361,0.01515749376,-0.003327588318,0.01041904185,2
0.01611490361,0.01501432993,-0.003379727947,0.01039207168,2
0.01611490361,0.01487116609,-0.003306488041,0.01126024034,1
0.01611490361,0.01472800132,-0.003897095565,0.01249260176,1
0.01611490361,0.01458483748,-0.003378088586,0.01068291627,2
0.01611490361,0.01444167364,-0.003089005128,0.01016147994,2
0.01611490361,0.01429850981,-0.002932892879,0.01009767037,2
0.01611490361,0.01415534597,-0.00292240642,0.01020088512,1
0.01611490361,0.0140121812,-0.002784205833,0.01049816236,1
0.01611490361,0.01386901736,-0.002724189078,0.0108931968,1
0.01611490361,0.01372585353,-0.002758421237,0.0110586267,1
0.01611490361,0.01358268969,-0.002697511809,0.01126441918,1
0.01611490361,0.01343952492,-0.002573880833,0.01071871258,1
0.01611490361,0.01329636108,-0.00218028808,0.01043349225,1
0.01611490361,0.01315319724,-0.002291426528,0.01048840396,1
0.01611490361,0.01301003341,-0.002497297945,0.01083356142,2
0.01611490361,0.01286686864,-0.002642855048,0.01088915672,1
0.01611490361,0.0127237048,-0.002678353339,0.01038574614,1
0.01611490361,0.01258054096,-0.002564614639,0.01000931114,1
0.01611490361,0.01243737713,-0.002213311847,0.0106775267,1
0.01611490361,0.01229421329,-0.002382757142,0.01051588915,1
0.01611490361,0.01215104852,-0.002367946785,0.01062608883,1
0.01611490361,0.01200788468,-0.002207837766,0.01079704147,1
0.01611490361,0.01186472084,-0.00227316143,0.01187362149,1
0.01611490361,0.01172155701,-0.002030090196,0.01059080474,1
0.01611490361,0.01157839224,-0.002052579541,0.01146975067,1
0.01611490361,0.0114352284,-0.00209127157,0.01216415223,1
0.01611490361,0.01129206456,-0.00210275338,0.01161898486,2
0.01611490361,0.01114890072,-0.002096862067,0.01082435157,2
0.01611490361,0.01100573689,-0.002034581266,0.01024183165,1
0.01611490361,0.01086257212,-0.002415580442,0.0100649111,1
0.01611490361,0.01071940828,-0.002327225637,0.01103133429,1
0.01611490361,0.01057624444,-0.002480800729,0.01048344932,1
0.01611490361,0.01043308061,-0.00188037788,0.009574141353,1
0.01611490361,0.01028991584,-0.002117071068,0.0101139266,1
0.01611490361,0.010146752,-0.002422979102,0.0106514208,1
0.01611490361,0.01000358816,-0.002381714527,0.01009240653,1
0.01611490361,0.009860424325,-0.00159001397,0.008214933798,1
0.01611490361,0.009717259556,-0.001559358207,0.008155095391,1
0.01611490361,0.009574095719,-0.002095277887,0.009621463716,2
0.01611490361,0.009430931881,-0.002221227158,0.01019651908,1
0.01611490361,0.009287768044,-0.002460163785,0.0110724913,1
0.01611490361,0.009144604206,-0.002428730251,0.0116224736,1
0.01611490361,0.009001439437,-0.002337937243,0.01093494426,2
0.01611490361,0.0088582756,-0.002329025418,0.01027301699,1
0.01611490361,0.008715111762,-0.002040923573,0.01069149747,1
0.01611490361,0.008571947925,-0.0019025777,0.009557605721,1
0.01611490361,0.008428783156,-0.001949239173,0.009490805678,1
0.01611490361,0.008285619318,-0.001972405473,0.009567009285,1
0.01611490361,0.008142455481,-0.002034466481,0.009731227532,2
0.01611490361,0.007999291644,-0.002010952914,0.009897218086,2
0.01611490361,0.007856126875,-0.002209562808,0.009899798781,1
0.01611490361,0.007712963037,-0.001997921383,0.01048630755,1
0.01611490361,0.0075697992,-0.002007319825,0.01063089073,1
0.01611490361,0.007426635362,-0.002055393066,0.009738755412,1
0.01611490361,0.007283471059,-0.002038683975,0.00906562712,1
0.01611490361,0.007140307222,-0.00218727719,0.01054062136,1
0.01611490361,0.006997142918,-0.002419257304,0.009953448549,1
0.01611490361,0.006853979081,-0.002537107794,0.009835232981,1
0.01611490361,0.006710814778,-0.002707459964,0.009427838959,1
0.01611490361,0.00656765094,-0.002646658104,0.009249689057,1
0.01611490361,0.006424486637,-0.0025653271,0.009523338638,2
0.01611490361,0.0062813228,-0.002589668846,0.009417939,1
0.01611490361,0.006138158496,-0.002702439902,0.009840189479,1
0.01611490361,0.005994994659,-0.00243629585,0.00896781683,1
0.01611490361,0.005851830821,-0.002447163686,0.008480926976,1
0.01611490361,0.005708666518,-0.002606797032,0.009072673507,1
0.01611490361,0.005565502681,-0.002391581889,0.011029494,1
0.01611490361,0.005422338378,-0.002439684235,0.01028138306,1
0.01611490361,0.00527917454,-0.002393160714,0.009779805318,1
0.01611490361,0.005136010237,-0.001734556863,0.009013658389,1
0.01611490361,0.0049928464,-0.001615412184,0.008317819797,1
0.01611490361,0.004849682096,-0.001747136354,0.0081780646,2
0.01611490361,0.004706518259,-0.001553505659,0.007717115339,1
0.01611490361,0.004563353956,-0.001705453149,0.008779785596,2
0.01611490361,0.004420190118,-0.0009661432123,0.009524324909,1
0.01611490361,0.004277025815,-0.002167678438,0.01049629413,1
0.01611490361,0.004133861978,-0.00213551824,0.01044180244,1
0.01611490361,0.00399069814,-0.002085496439,0.009422529489,2
0.01611490361,0.003847533837,-0.002166796243,0.008627916686,1
0.01611490361,0.003704369767,-0.002052045427,0.00811634399,1
0.01611490361,0.003561205696,-0.001908087521,0.007807970513,1
0.01611490361,0.003418041626,-0.001295793219,0.008135460317,1
0.01611490361,0.003274877556,-0.001358712674,0.008282338269,1
0.01611490361,0.003131713718,-0.001764552668,0.009075876325,1
0.01611490361,0.002988549648,-0.002002584981,0.009175847284,1
0.01611490361,0.002845385578,-0.002160537755,0.009454080835,1
0.01611490361,0.002702221507,-0.002119695069,0.009457394481,1
0.01611490361,0.002559057437,-0.001563476282,0.009471586905,1
0.01611490361,0.002415893367,-0.00173788215,0.01014086697,1
0.01611490361,0.002272729296,-0.001807507593,0.0101576969,1
0.01611490361,0.002129565226,-0.00154700561,0.009511772543,1
0.01611490361,0.001986401156,-0.001253756811,0.008136938326,1
0.01611490361,0.001843237202,-0.001223965781,0.008133542724,2
0.01611490361,0.001700073131,-0.001073083957,0.008154063486,2
0.01611490361,0.001556909061,-0.0007873612922,0.007911261171,1
0.01611490361,0.001413744991,-0.001014476758,0.007600257639,1
0.01611490361,0.00127058092,-0.00115419738,0.007509103511,1
0.01611490361,0.00112741685,-0.0008361425134,0.007216622587,2
0.01611490361,0.0009842528962,-0.0009011716465,0.007806587964,1
0.01611490361,0.0008410888258,-0.001054553199,0.008431286551,1
0.01611490361,0.0006979247555,-0.001084788819,0.008088823408,1
0.01611490361,0.0005547606852,-0.001143795322,0.007226407994,1
0.01611490361,0.000411596644,-0.001206528861,0.007423666772,1
0.01611490361,0.0002684326028,-0.001538614277,0.008102392778,1
0.01611490361,0.000125268547,-0.001691320096,0.008847714402,1
0.01625806838,0.01916608773,-0.002047632122,0.004298544023,1
0.01625806838,0.01902292296,-0.002034349134,0.004621477798,1
0.01625806838,0.01887976006,-0.002052300377,0.005572734401,1
0.01625806838,0.01873659529,-0.002027485054,0.005647075828,1
0.01625806838,0.01859343052,-0.002107710345,0.006271440536,1
0.01625806838,0.01845026761,-0.002051325049,0.00594071066,1
0.01625806838,0.01830710284,-0.002049096161,0.005841744132,1
0.01625806838,0.01816393808,-0.00207218295,0.005721165799,1
0.01625806838,0.01802077517,-0.002065546112,0.006044179667,1
0.01625806838,0.0178776104,-0.001850563567,0.006320708431,1
0.01625806838,0.01773444749,-0.001938645262,0.006559565198,1
0.01625806838,0.01759128273,-0.00204556901,0.006768255029,1
0.01625806838,0.01744811796,-0.002081236336,0.00734021375,1
0.01625806838,0.01730495505,-0.002082920633,0.006520806812,3
0.01625806838,0.01716179028,-0.002167200204,0.00713531673,1
0.01625806838,0.01701862738,-0.002181911841,0.007164579351,1
0.01625806838,0.01687546261,-0.002276157029,0.007242790423,1
0.01625806838,0.01673229784,-0.002042681677,0.007316689473,2
0.01625806838,0.01658913493,-0.001843222766,0.007257965859,1
0.01625806838,0.01644597016,-0.002273517428,0.007756344043,1
0.01625806838,0.01630280726,-0.002807338489,0.008209649473,1
0.01625806838,0.01615964249,-0.002920086728,0.008393857628,1
0.01625806838,0.01601647772,-0.002863134723,0.008081906475,1
0.01625806838,0.01587331481,-0.002909351373,0.008136030287,1
0.01625806838,0.01573015004,-0.002981642261,0.008559319191,1
0.01625806838,0.01558698621,-0.003042113269,0.008741736412,1
0.01625806838,0.01544382237,-0.003088613739,0.009044076316,1
0.01625806838,0.0153006576,-0.002997701755,0.009416013956,1
0.01625806838,0.01515749376,-0.003166813636,0.01033137925,1
0.01625806838,0.01501432993,-0.003483254462,0.008799532428,1
0.01625806838,0.01487116609,-0.003373438725,0.008493066765,1
0.01625806838,0.01472800132,-0.003382168943,0.009857615456,2
0.01625806838,0.01458483748,-0.003157808213,0.009504453279,2
0.01625806838,0.01444167364,-0.002809091471,0.009514090605,1
0.01625806838,0.01429850981,-0.002450041007,0.009293304756,1
0.01625806838,0.01415534597,-0.0025483754,0.01002287585,1
0.01625806838,0.0140121812,-0.002589311218,0.01063081995,1
0.01625806838,0.01386901736,-0.00265399483,0.01070688572,1
0.01625806838,0.01372585353,-0.002708934946,0.01098691765,1
0.01625806838,0.01358268969,-0.002538356697,0.01063328516,1
0.01625806838,0.01343952492,-0.002375891432,0.01027445681,1
0.01625806838,0.01329636108,-0.002082773484,0.009939098731,1
0.01625806838,0.01315319724,-0.00195617252,0.01014707331,1
0.01625806838,0.01301003341,-0.002532948041,0.01088744029,3
0.01625806838,0.01286686864,-0.002503386233,0.01041607745,2
0.01625806838,0.0127237048,-0.002313150791,0.00896907039,1
0.01625806838,0.01258054096,-0.002232359489,0.009313993156,1
0.01625806838,0.01243737713,-0.002231094521,0.01044279803,2
0.01625806838,0.01229421329,-0.002272515325,0.01063031703,1
0.01625806838,0.01215104852,-0.002224170603,0.0104501415,1
0.01625806838,0.01200788468,-0.002171699656,0.01036254317,1
0.01625806838,0.01186472084,-0.002186671365,0.01000919286,1
0.01625806838,0.01172155701,-0.002182317432,0.009786536917,1
0.01625806838,0.01157839224,-0.002030696021,0.0106349336,1
0.01625806838,0.0114352284,-0.002058585174,0.01103046071,2
0.01625806838,0.01129206456,-0.002073120791,0.01088694669,2
0.01625806838,0.01114890072,-0.002039715881,0.01055645291,2
0.01625806838,0.01100573689,-0.001895190566,0.01046797726,1
0.01625806838,0.01086257212,-0.002139774151,0.009996186942,1
0.01625806838,0.01071940828,-0.002157305833,0.01104337815,1
0.01625806838,0.01057624444,-0.002270273166,0.01024418324,1
0.01625806838,0.01043308061,-0.00139768736,0.008755935356,1
0.01625806838,0.01028991584,-0.00179999636,0.009520643391,1
0.01625806838,0.010146752,-0.002098188736,0.01009378023,1
0.01625806838,0.01000358816,-0.002186811063,0.009799347259,1
0.01625806838,0.009860424325,-0.001910500927,0.009653707035,1
0.01625806838,0.009717259556,-0.001924301032,0.00966572389,1
0.01625806838,0.009574095719,-0.002542996313,0.01031792723,1
0.01625806838,0.009430931881,-0.002277562628,0.01036570035,2
0.01625806838,0.009287768044,-0.002333847806,0.01114191487,1
0.01625806838,0.009144604206,-0.001716191997,0.0110349562,1
0.01625806838,0.009001439437,-0.002290050499,0.0113249775,1
0.01625806838,0.0088582756,-0.002186266007,0.01044282597,1
0.01625806838,0.008715111762,-0.002040202264,0.01075308211,1
0.01625806838,0.008571947925,-0.001942777773,0.00960279163,1
0.01625806838,0.008428783156,-0.00206650584,0.009697372094,1
0.01625806838,0.008285619318,-0.00213906006,0.009862231091,1
0.01625806838,0.008142455481,-0.002124519087,0.009723558091,1
0.01625806838,0.007999291644,-0.001750675379,0.00990651641,1
0.01625806838,0.007856126875,-0.002249456476,0.009677837603,1
0.01625806838,0.007712963037,-0.002094055526,0.01016598009,1
0.01625806838,0.0075697992,-0.002175549045,0.01047400199,1
0.01625806838,0.007426635362,-0.002203127136,0.00986313913,1
0.01625806838,0.007283471059,-0.002166715916,0.009016028605,1
0.01625806838,0.007140307222,-0.001863703481,0.009536990896,1
0.01625806838,0.006997142918,-0.002267482225,0.01009927224,1
0.01625806838,0.006853979081,-0.002636519959,0.009666190483,1
0.01625806838,0.006710814778,-0.002759380965,0.009527224116,1
0.01625806838,0.00656765094,-0.002643057378,0.009456479922,1
0.01625806838,0.006424486637,-0.002346330555,0.01004072744,1
0.01625806838,0.0062813228,-0.002268956741,0.00951461494,1
0.01625806838,0.006138158496,-0.002453987487,0.009547415189,2
0.01625806838,0.005994994659,-0.002394311363,0.009052146226,1
0.01625806838,0.005851830821,-0.002346107038,0.008422672749,1
0.01625806838,0.005708666518,-0.002465235768,0.008730197325,1
0.01625806838,0.005565502681,-0.002616428537,0.009534517303,2
0.01625806838,0.005422338378,-0.003073677188,0.00935448613,1
0.01625806838,0.00527917454,-0.002973199822,0.009239437059,1
0.01625806838,0.005136010237,-0.002260284731,0.008815802634,1
0.01625806838,0.0049928464,-0.001715332153,0.008618385531,1
0.01625806838,0.004849682096,-0.001876836875,0.008397268131,1
0.01625806838,0.004706518259,-0.002022580942,0.008343873546,1
0.01625806838,0.004563353956,-0.00228777295,0.008862238377,1
0.01625806838,0.004420190118,-0.001425187336,0.009998394176,1
0.01625806838,0.004277025815,-0.001319116564,0.01023465488,1
0.01625806838,0.004133861978,-0.001871337648,0.009922998957,2
0.01625806838,0.00399069814,-0.002012056531,0.009358221665,2
0.01625806838,0.003847533837,-0.002124583349,0.008779409342,1
0.01625806838,0.003704369767,-0.002056529745,0.008464573883,1
0.01625806838,0.003561205696,-0.00197839248,0.00814321544,1
0.01625806838,0.003418041626,-0.001805959851,0.007993256673,1
0.01625806838,0.003274877556,-0.001837400487,0.008420759812,1
0.01625806838,0.003131713718,-0.001888976665,0.009218979627,1
0.01625806838,0.002988549648,-0.001961896429,0.00943813473,1
0.01625806838,0.002845385578,-0.002130228095,0.009774561971,1
0.01625806838,0.002702221507,-0.002057752106,0.009752571583,1
0.01625806838,0.002559057437,-0.001537070726,0.009586551227,1
0.01625806838,0.002415893367,-0.001339264447,0.01001564227,1
0.01625806838,0.002272729296,-0.001622454729,0.009487587027,1
0.01625806838,0.002129565226,-0.001318171271,0.008309212513,1
0.01625806838,0.001986401156,-0.001313486253,0.008334601298,1
0.01625806838,0.001843237202,-0.001289835433,0.008702212945,1
0.01625806838,0.001700073131,-0.001076393295,0.008998034522,1
0.01625806838,0.001556909061,-0.00101131422,0.008846144192,1
0.01625806838,0.001413744991,-0.001120434026,0.008097012527,1
0.01625806838,0.00127058092,-0.001089367783,0.007478309795,1
0.01625806838,0.00112741685,-0.0004793356929,0.007109615486,1
0.01625806838,0.0009842528962,-0.00103811454,0.00770071242,1
0.01625806838,0.0008410888258,-0.001085792203,0.008481916972,1
0.01625806838,0.0006979247555,-0.001126259216,0.008358937688,1
0.01625806838,0.0005547606852,-0.001403048285,0.007912470028,1
0.01625806838,0.000411596644,-0.001511560637,0.007862135768,1
0.01625806838,0.0002684326028,-0.001822081977,0.007912686095,1
0.01625806838,0.000125268547,-0.001344149699,0.009381953627,1
0.01640123129,0.01916608773,-0.002204495482,0.004803589545,2
0.01640123129,0.01902292296,-0.002184705576,0.00497887237,2
0.01640123129,0.01887976006,-0.002042250242,0.005666433368,1
0.01640123129,0.01873659529,-0.001730166841,0.005597625393,1
0.01640123129,0.01859343052,-0.001849850174,0.00576980086,2
0.01640123129,0.01845026761,-0.001932827756,0.005796497688,1
0.01640123129,0.01830710284,-0.001969611738,0.005792674609,1
0.01640123129,0.01816393808,-0.001976500731,0.005789093208,1
0.01640123129,0.01802077517,-0.002007726347,0.005853631534,1
0.01640123129,0.0178776104,-0.001930586295,0.005871866364,1
0.01640123129,0.01773444749,-0.001908246544,0.00621274719,1
0.01640123129,0.01759128273,-0.001974327955,0.006366175134,1
0.01640123129,0.01744811796,-0.00197658455,0.006733981427,2
0.01640123129,0.01730495505,-0.001912854845,0.006990492344,3
0.01640123129,0.01716179028,-0.002082769526,0.006771317683,1
0.01640123129,0.01701862738,-0.002071977593,0.006703710649,1
0.01640123129,0.01687546261,-0.002172053326,0.006789851934,1
0.01640123129,0.01673229784,-0.001493099029,0.006748397369,1
0.01640123129,0.01658913493,-0.002122787992,0.007021340542,1
0.01640123129,0.01644597016,-0.002202982083,0.00711527653,1
0.01640123129,0.01630280726,-0.00270785531,0.007494397461,1
0.01640123129,0.01615964249,-0.002899954328,0.00781645719,1
0.01640123129,0.01601647772,-0.002793128369,0.008151846938,1
0.01640123129,0.01587331481,-0.002963864245,0.008181272075,2
0.01640123129,0.01573015004,-0.00301154214,0.008237625472,1
0.01640123129,0.01558698621,-0.00303089153,0.008510101587,1
0.01640123129,0.01544382237,-0.0031768505,0.008724065498,1
0.01640123129,0.0153006576,-0.00351836253,0.009021057747,1
0.01640123129,0.01515749376,-0.003847820219,0.01017998438,1
0.01640123129,0.01501432993,-0.004079049919,0.009938858449,1
0.01640123129,0.01487116609,-0.003036479466,0.009579398669,3
0.01640123129,0.01472800132,-0.003100333503,0.00894034002,2
0.01640123129,0.01458483748,-0.003061883384,0.007963188924,1
0.01640123129,0.01444167364,-0.002668545814,0.008959203027,1
0.01640123129,0.01429850981,-0.002674847376,0.009466533549,1
0.01640123129,0.01415534597,-0.002675249241,0.009786326438,1
0.01640123129,0.0140121812,-0.002614632947,0.009942273609,1
0.01640123129,0.01386901736,-0.002626531292,0.01045794692,1
0.01640123129,0.01372585353,-0.002608862706,0.01072028093,1
0.01640123129,0.01358268969,-0.002512722276,0.01028896961,1
0.01640123129,0.01343952492,-0.002420573495,0.0100130327,1
0.01640123129,0.01329636108,-0.002198623959,0.01027794182,1
0.01640123129,0.01315319724,-0.002431340748,0.01027593855,1
0.01640123129,0.01301003341,-0.002594334539,0.01029597595,1
0.01640123129,0.01286686864,-0.002524591284,0.0109186396,1
0.01640123129,0.0127237048,-0.002274554921,0.01027283724,1
0.01640123129,0.01258054096,-0.002213702537,0.0102407448,2
0.01640123129,0.01243737713,-0.002206191188,0.01114935428,1
0.01640123129,0.01229421329,-0.002183095319,0.01092085522,1
0.01640123129,0.01215104852,-0.002180924173,0.01059603691,1
0.01640123129,0.01200788468,-0.002459531883,0.01028618868,1
0.01640123129,0.01186472084,-0.0022494765,0.01016299706,2
0.01640123129,0.01172155701,-0.002109100576,0.01011703443,2
0.01640123129,0.01157839224,-0.00177147775,0.01037807576,1
0.01640123129,0.0114352284,-0.002039252315,0.01043581124,1
0.01640123129,0.01129206456,-0.002091428731,0.01034188736,1
0.01640123129,0.01114890072,-0.002093689982,0.01004653983,1
0.01640123129,0.01100573689,-0.00207230961,0.009684535675,1
0.01640123129,0.01086257212,-0.002010035794,0.009803943336,1
0.01640123129,0.01071940828,-0.00198530755,0.01018362213,2
0.01640123129,0.01057624444,-0.001926837373,0.009673169814,2
0.01640123129,0.01043308061,-0.001834480325,0.008729914203,1
0.01640123129,0.01028991584,-0.001678613247,0.009110887535,2
0.01640123129,0.010146752,-0.00146343722,0.009462570772,1
0.01640123129,0.01000358816,-0.001864967286,0.009556101635,2
0.01640123129,0.009860424325,-0.001925564138,0.009595347568,2
0.01640123129,0.009717259556,-0.001978767337,0.009632961825,2
0.01640123129,0.009574095719,-0.002095328178,0.009640123695,2
0.01640123129,0.009430931881,-0.002012179466,0.009806442074,2
0.01640123129,0.009287768044,-0.001848018728,0.01068427879,1
0.01640123129,0.009144604206,-0.001704979688,0.01026248839,1
0.01640123129,0.009001439437,-0.002062242944,0.01075272635,1
0.01640123129,0.0088582756,-0.002165038604,0.01019610371,1
0.01640123129,0.008715111762,-0.002079478698,0.01021933462,2
0.01640123129,0.008571947925,-0.001966764918,0.009880921803,1
0.01640123129,0.008428783156,-0.002118792851,0.01014311984,1
0.01640123129,0.008285619318,-0.002299980959,0.01016593073,1
0.01640123129,0.008142455481,-0.002169319429,0.0100300787,1
0.01640123129,0.007999291644,-0.002117661992,0.01058715675,1
0.01640123129,0.007856126875,-0.002077203942,0.009836721234,1
0.01640123129,0.007712963037,-0.002233699197,0.009670428,1
0.01640123129,0.0075697992,-0.002279112581,0.01029927097,1
0.01640123129,0.007426635362,-0.002299696906,0.009959992021,1
0.01640123129,0.007283471059,-0.002196485177,0.009188173339,1
0.01640123129,0.007140307222,-0.002242358634,0.008786828257,1
0.01640123129,0.006997142918,-0.00240434194,0.009101447649,1
0.01640123129,0.006853979081,-0.00232267892,0.009746266529,1
0.01640123129,0.006710814778,-0.002438915661,0.009817327373,1
0.01640123129,0.00656765094,-0.002218311653,0.01000536978,1
0.01640123129,0.006424486637,-0.00192143186,0.01002406143,1
0.01640123129,0.0062813228,-0.002448609797,0.00953804981,1
0.01640123129,0.006138158496,-0.002450241009,0.009782711044,1
0.01640123129,0.005994994659,-0.002418960212,0.009878056124,1
0.01640123129,0.005851830821,-0.002350063995,0.009960848838,1
0.01640123129,0.005708666518,-0.002416395582,0.008645392954,1
0.01640123129,0.005565502681,-0.002535219537,0.009023893625,2
0.01640123129,0.005422338378,-0.002578655258,0.008845419623,1
0.01640123129,0.00527917454,-0.002507899422,0.008334430866,1
0.01640123129,0.005136010237,-0.002971661743,0.009164067917,1
0.01640123129,0.0049928464,-0.001877620816,0.008890784346,1
0.01640123129,0.004849682096,-0.002210629173,0.008989630267,1
0.01640123129,0.004706518259,-0.002183385892,0.008555912413,1
0.01640123129,0.004563353956,-0.002349760849,0.00889505446,1
0.01640123129,0.004420190118,-0.00216412358,0.009309877641,1
0.01640123129,0.004277025815,-0.002109386725,0.009698981419,1
0.01640123129,0.004133861978,-0.002018659143,0.009657316841,1
0.01640123129,0.00399069814,-0.001966809155,0.009307947941,2
0.01640123129,0.003847533837,-0.001949064666,0.008900736459,2
0.01640123129,0.003704369767,-0.001890854561,0.008525894955,2
0.01640123129,0.003561205696,-0.0017459339,0.007567726541,1
0.01640123129,0.003418041626,-0.001536264434,0.008122092113,1
0.01640123129,0.003274877556,-0.002201745519,0.008640319109,1
0.01640123129,0.003131713718,-0.002240594476,0.009145230055,1
0.01640123129,0.002988549648,-0.001922092284,0.009564110078,1
0.01640123129,0.002845385578,-0.001823662198,0.009709475562,2
0.01640123129,0.002702221507,-0.001517814002,0.009750859812,2
0.01640123129,0.002559057437,-0.0009610008565,0.009969302453,1
0.01640123129,0.002415893367,-0.001187622081,0.009480024688,2
0.01640123129,0.002272729296,-0.001360152964,0.008470014669,3
0.01640123129,0.002129565226,-0.001320220996,0.008967638947,2
0.01640123129,0.001986401156,-0.001459355,0.00851466693,1
0.01640123129,0.001843237202,-0.001503633219,0.008911901154,1
0.01640123129,0.001700073131,-0.001217816607,0.009448265657,1
0.01640123129,0.001556909061,-0.001133024809,0.009241490625,1
0.01640123129,0.001413744991,-0.00129711011,0.008224316873,1
0.01640123129,0.00127058092,-0.001194104319,0.007394975517,1
0.01640123129,0.00112741685,-0.0008882030961,0.007209347095,1
0.01640123129,0.0009842528962,-0.001005054335,0.007813409902,1
0.01640123129,0.0008410888258,-0.0008766846149,0.008588215336,1
0.01640123129,0.0006979247555,-0.0008805507096,0.008445046842,1
0.01640123129,0.0005547606852,-0.001144136302,0.007701971103,1
0.01640123129,0.000411596644,-0.001423351816,0.008687815629,1
0.01640123129,0.0002684326028,-0.001749132061,0.008261863142,1
0.01640123129,0.000125268547,-0.00155657588,0.008752433583,2
0.01654439606,0.01916608773,-0.002381148515,0.005133352242,2
0.01654439606,0.01902292296,-0.002457727445,0.004823989235,1
0.01654439606,0.01887976006,-0.002020778833,0.005266479682,2
0.01654439606,0.01873659529,-0.001625452773,0.004999998491,1
0.01654439606,0.01859343052,-0.001628695871,0.005413639359,2
0.01654439606,0.01845026761,-0.0014425962,0.005642855074,1
0.01654439606,0.01830710284,-0.001879141084,0.00573127158,1
0.01654439606,0.01816393808,-0.001900035888,0.005776354112,1
0.01654439606,0.01802077517,-0.001893274719,0.005696778186,1
0.01654439606,0.0178776104,-0.001944344142,0.005688922014,1
0.01654439606,0.01773444749,-0.00194390642,0.00590646686,1
0.01654439606,0.01759128273,-0.001960450085,0.006076593883,1
0.01654439606,0.01744811796,-0.00193791918,0.006239044946,2
0.01654439606,0.01730495505,-0.001991128083,0.006421999075,3
0.01654439606,0.01716179028,-0.001995957457,0.005733184051,1
0.01654439606,0.01701862738,-0.002008846961,0.00571963191,1
0.01654439606,0.01687546261,-0.002080520149,0.00622897828,1
0.01654439606,0.01673229784,-0.002052934142,0.006506249774,1
0.01654439606,0.01658913493,-0.002509126673,0.006770262495,1
0.01654439606,0.01644597016,-0.002562499838,0.006780298892,1
0.01654439606,0.01630280726,-0.002552279038,0.0069867149,1
0.01654439606,0.01615964249,-0.002574760001,0.007151550148,1
0.01654439606,0.01601647772,-0.00308796321,0.007613131311,1
0.01654439606,0.01587331481,-0.003141435795,0.008199587464,1
0.01654439606,0.01573015004,-0.002920303028,0.008152774535,1
0.01654439606,0.01558698621,-0.003215556266,0.008127722889,2
0.01654439606,0.01544382237,-0.003699905705,0.008676243015,1
0.01654439606,0.0153006576,-0.003666932229,0.008821425028,1
0.01654439606,0.01515749376,-0.003961369395,0.009541686624,1
0.01654439606,0.01501432993,-0.004092873074,0.009187933058,1
0.01654439606,0.01487116609,-0.003339147428,0.008882580325,2
0.01654439606,0.01472800132,-0.002920801286,0.008361156099,1
0.01654439606,0.01458483748,-0.002653839299,0.00783209037,1
0.01654439606,0.01444167364,-0.002814063104,0.008583860472,1
0.01654439606,0.01429850981,-0.002382688224,0.00942663569,1
0.01654439606,0.01415534597,-0.002617780818,0.009589555673,1
0.01654439606,0.0140121812,-0.002647395013,0.009535019286,1
0.01654439606,0.01386901736,-0.002554245526,0.01014346071,1
0.01654439606,0.01372585353,-0.002522950992,0.01034327876,1
0.01654439606,0.01358268969,-0.002188186161,0.01044184808,1
0.01654439606,0.01343952492,-0.002196082147,0.01093942858,1
0.01654439606,0.01329636108,-0.002139706165,0.0102554746,1
0.01654439606,0.01315319724,-0.002335452475,0.01016031392,1
0.01654439606,0.01301003341,-0.002464748453,0.0101233013,1
0.01654439606,0.01286686864,-0.002271729754,0.01015976723,2
0.01654439606,0.0127237048,-0.002159459982,0.00997598283,1
0.01654439606,0.01258054096,-0.00214170455,0.01022679545,2
0.01654439606,0.01243737713,-0.002125507686,0.01069136802,2
0.01654439606,0.01229421329,-0.002064776607,0.01114426646,1
0.01654439606,0.01215104852,-0.002002943074,0.01036028471,1
0.01654439606,0.01200788468,-0.002346338239,0.01046160515,1
0.01654439606,0.01186472084,-0.002242601942,0.01023957226,1
0.01654439606,0.01172155701,-0.002233130625,0.01014052611,1
0.01654439606,0.01157839224,-0.002062713029,0.009963015094,1
0.01654439606,0.0114352284,-0.002018728992,0.01018237229,1
0.01654439606,0.01129206456,-0.002066194313,0.01007941831,1
0.01654439606,0.01114890072,-0.002088800073,0.0098293107,1
0.01654439606,0.01100573689,-0.002156090923,0.009508813731,1
0.01654439606,0.01086257212,-0.002000814304,0.009821460582,1
0.01654439606,0.01071940828,-0.001847051084,0.01021399628,1
0.01654439606,0.01057624444,-0.00161728845,0.009534960613,1
0.01654439606,0.01043308061,-0.001684609451,0.008715445176,1
0.01654439606,0.01028991584,-0.001616538968,0.008730419911,1
0.01654439606,0.010146752,-0.001703647315,0.008673651144,1
0.01654439606,0.01000358816,-0.001884056721,0.009367141873,1
0.01654439606,0.009860424325,-0.001948021119,0.009538619779,2
0.01654439606,0.009717259556,-0.001969876233,0.009630653076,2
0.01654439606,0.009574095719,-0.001847369713,0.008803166449,1
0.01654439606,0.009430931881,-0.001827807981,0.008535661735,1
0.01654439606,0.009287768044,-0.00202434184,0.009646948427,1
0.01654439606,0.009144604206,-0.001843957463,0.009843987413,1
0.01654439606,0.009001439437,-0.001951595419,0.01002401765,1
0.01654439606,0.0088582756,-0.002222565468,0.009792865254,1
0.01654439606,0.008715111762,-0.002145909006,0.01004722994,1
0.01654439606,0.008571947925,-0.002101015765,0.01035433169,1
0.01654439606,0.008428783156,-0.002131181536,0.01073748618,1
0.01654439606,0.008285619318,-0.002099639736,0.009939321317,1
0.01654439606,0.008142455481,-0.00216559926,0.01029222179,1
0.01654439606,0.007999291644,-0.00216575223,0.01027300395,1
0.01654439606,0.007856126875,-0.002198786475,0.01081401482,1
0.01654439606,0.007712963037,-0.001934380271,0.008728018031,1
0.01654439606,0.0075697992,-0.001950485981,0.009364866652,1
0.01654439606,0.007426635362,-0.002049348317,0.009488937445,2
0.01654439606,0.007283471059,-0.002146025887,0.009191045538,1
0.01654439606,0.007140307222,-0.002229468431,0.008898866363,1
0.01654439606,0.006997142918,-0.00230649556,0.009251332842,2
0.01654439606,0.006853979081,-0.002382884966,0.009584407322,2
0.01654439606,0.006710814778,-0.002657905687,0.00989353843,1
0.01654439606,0.00656765094,-0.002148330677,0.01008418296,1
0.01654439606,0.006424486637,-0.002191551961,0.01010213606,1
0.01654439606,0.0062813228,-0.00250927126,0.009744156152,1
0.01654439606,0.006138158496,-0.002508895239,0.01005925518,1
0.01654439606,0.005994994659,-0.002515021013,0.01027044281,1
0.01654439606,0.005851830821,-0.002674408257,0.0106317848,1
0.01654439606,0.005708666518,-0.002611319767,0.009712032974,1
0.01654439606,0.005565502681,-0.002529398771,0.009070242755,2
0.01654439606,0.005422338378,-0.002224977361,0.008510412648,1
0.01654439606,0.00527917454,-0.00205165986,0.008419077843,1
0.01654439606,0.005136010237,-0.002286645584,0.009665192105,1
0.01654439606,0.0049928464,-0.002294624457,0.009588055313,2
0.01654439606,0.004849682096,-0.002417654265,0.009284953587,1
0.01654439606,0.004706518259,-0.00233476283,0.008829534054,1
0.01654439606,0.004563353956,-0.001972479979,0.008871890604,3
0.01654439606,0.004420190118,-0.002148982836,0.00933935307,1
0.01654439606,0.004277025815,-0.002184777288,0.01001355425,1
0.01654439606,0.004133861978,-0.002187773818,0.01006009243,1
0.01654439606,0.00399069814,-0.001887455583,0.009315514937,1
0.01654439606,0.003847533837,-0.001814011834,0.008989694528,1
0.01654439606,0.003704369767,-0.001811890164,0.009170544334,1
0.01654439606,0.003561205696,-0.002029787283,0.007573792711,1
0.01654439606,0.003418041626,-0.001610357431,0.008364773355,1
0.01654439606,0.003274877556,-0.001987008378,0.008909129538,2
0.01654439606,0.003131713718,-0.002150994726,0.009092231281,1
0.01654439606,0.002988549648,-0.002049395582,0.009418614209,1
0.01654439606,0.002845385578,-0.001724514528,0.009748372249,2
0.01654439606,0.002702221507,-0.001228840672,0.009572087787,2
0.01654439606,0.002559057437,-0.001029802603,0.009578461759,2
0.01654439606,0.002415893367,-0.001090069884,0.009465139359,2
0.01654439606,0.002272729296,-0.001246901229,0.009068245068,2
0.01654439606,0.002129565226,-0.00114320463,0.01057666168,1
0.01654439606,0.001986401156,-0.001627307967,0.008634286933,1
0.01654439606,0.001843237202,-0.001737359562,0.008455718867,1
0.01654439606,0.001700073131,-0.001781248953,0.009435731918,1
0.01654439606,0.001556909061,-0.00176844548,0.00901475735,1
0.01654439606,0.001413744991,-0.001395519939,0.00784679316,1
0.01654439606,0.00127058092,-0.001066155732,0.006982362363,1
0.01654439606,0.00112741685,-0.0008240240859,0.006911056582,1
0.01654439606,0.0009842528962,-0.001051783795,0.008000444621,1
0.01654439606,0.0008410888258,-0.001241761958,0.008506631479,1
0.01654439606,0.0006979247555,-0.001209334587,0.008459337987,1
0.01654439606,0.0005547606852,-0.001243748236,0.00819197949,1
0.01654439606,0.000411596644,-0.001434230595,0.008437550627,1
0.01654439606,0.0002684326028,-0.001641744748,0.008454855531,1
0.01654439606,0.000125268547,-0.00157644588,0.00861348398,2
0.01668755896,0.01916608773,-0.002481222618,0.005772477482,1
0.01668755896,0.01902292296,-0.002088833367,0.005683605094,1
0.01668755896,0.01887976006,-0.001957684988,0.005575499032,1
0.01668755896,0.01873659529,-0.001779153128,0.005292138085,2
0.01668755896,0.01859343052,-0.001596884336,0.005241902545,1
0.01668755896,0.01845026761,-0.001840959187,0.005654677283,1
0.01668755896,0.01830710284,-0.002027519746,0.00579863321,1
0.01668755896,0.01816393808,-0.001888715546,0.005696525332,1
0.01668755896,0.01802077517,-0.001699154731,0.005631512962,1
0.01668755896,0.0178776104,-0.001949523692,0.005822021514,1
0.01668755896,0.01773444749,-0.001979408087,0.005785419606,1
0.01668755896,0.01759128273,-0.001841843827,0.005748166703,1
0.01668755896,0.01744811796,-0.001823513885,0.005723605398,1
0.01668755896,0.01730495505,-0.001992378384,0.005950470921,1
0.01668755896,0.01716179028,-0.001628405531,0.00535600353,1
0.01668755896,0.01701862738,-0.001704861643,0.005428649485,1
0.01668755896,0.01687546261,-0.001924463897,0.005104074255,1
0.01668755896,0.01673229784,-0.001822747523,0.006210508291,1
0.01668755896,0.01658913493,-0.002424543025,0.00652643526,1
0.01668755896,0.01644597016,-0.002490561455,0.006650175434,1
0.01668755896,0.01630280726,-0.002534424886,0.006801351905,1
0.01668755896,0.01615964249,-0.002580338856,0.006782520097,1
0.01668755896,0.01601647772,-0.003530899761,0.007048986387,1
0.01668755896,0.01587331481,-0.003465709276,0.007552293129,1
0.01668755896,0.01573015004,-0.003282103688,0.007765709888,1
0.01668755896,0.01558698621,-0.003211124102,0.007171773817,1
0.01668755896,0.01544382237,-0.00360249076,0.008148809895,1
0.01668755896,0.0153006576,-0.003825658001,0.009039745666,1
0.01668755896,0.01515749376,-0.002890878823,0.008385437541,1
0.01668755896,0.01501432993,-0.003920371179,0.008475980721,1
0.01668755896,0.01487116609,-0.003306434723,0.008401832543,2
0.01668755896,0.01472800132,-0.002840893576,0.008187640458,1
0.01668755896,0.01458483748,-0.002764939098,0.008086957969,1
0.01668755896,0.01444167364,-0.00278990576,0.008361248299,1
0.01668755896,0.01429850981,-0.00271500228,0.008918618783,1
0.01668755896,0.01415534597,-0.002547597978,0.009402218275,1
0.01668755896,0.0140121812,-0.002541442402,0.009206481278,1
0.01668755896,0.01386901736,-0.002541073132,0.009425967932,2
0.01668755896,0.01372585353,-0.002424213802,0.01018109731,2
0.01668755896,0.01358268969,-0.001995737897,0.01052212901,1
0.01668755896,0.01343952492,-0.001842274098,0.01023084205,1
0.01668755896,0.01329636108,-0.00165188557,0.009869581088,1
0.01668755896,0.01315319724,-0.001705062576,0.01002999395,1
0.01668755896,0.01301003341,-0.001732471515,0.00979652442,1
0.01668755896,0.01286686864,-0.001938118832,0.009621147066,2
0.01668755896,0.0127237048,-0.001902877586,0.009400735609,1
0.01668755896,0.01258054096,-0.002068148227,0.009999084286,1
0.01668755896,0.01243737713,-0.002089357935,0.01024505869,1
0.01668755896,0.01229421329,-0.002073147334,0.01030671597,1
0.01668755896,0.01215104852,-0.002021698747,0.009837800637,1
0.01668755896,0.01200788468,-0.002412965987,0.01093094423,1
0.01668755896,0.01186472084,-0.002209250117,0.01015821751,1
0.01668755896,0.01172155701,-0.002188964747,0.01029194519,1
0.01668755896,0.01157839224,-0.002033161931,0.009794826619,1
0.01668755896,0.0114352284,-0.002037267433,0.009764578193,2
0.01668755896,0.01129206456,-0.002067511203,0.009755513631,2
0.01668755896,0.01114890072,-0.002079196973,0.009751928039,1
0.01668755896,0.01100573689,-0.001909171348,0.009283966385,1
0.01668755896,0.01086257212,-0.001955110114,0.009745320305,1
0.01668755896,0.01071940828,-0.001905859332,0.01015001163,1
0.01668755896,0.01057624444,-0.001699535409,0.009550437331,1
0.01668755896,0.01043308061,-0.001776159741,0.008844801225,1
0.01668755896,0.01028991584,-0.001812034287,0.008841047995,1
0.01668755896,0.010146752,-0.001874382375,0.008806676604,1
0.01668755896,0.01000358816,-0.0019467331,0.009326957166,1
0.01668755896,0.009860424325,-0.002012587385,0.009561334737,2
0.01668755896,0.009717259556,-0.002105346648,0.01054786518,1
0.01668755896,0.009574095719,-0.001856686198,0.009484381415,1
0.01668755896,0.009430931881,-0.001707335236,0.008645815775,1
0.01668755896,0.009287768044,-0.002135159448,0.00915371906,1
0.01668755896,0.009144604206,-0.002077108948,0.008699112572,1
0.01668755896,0.009001439437,-0.002105865395,0.009113471955,1
0.01668755896,0.0088582756,-0.002056628698,0.009409040213,1
0.01668755896,0.008715111762,-0.002113352763,0.009619195014,1
0.01668755896,0.008571947925,-0.002093774965,0.009857186116,1
0.01668755896,0.008428783156,-0.002110052388,0.01013446599,1
0.01668755896,0.008285619318,-0.002090238268,0.009440056048,1
0.01668755896,0.008142455481,-0.002109703142,0.00946183037,1
0.01668755896,0.007999291644,-0.002115315758,0.009651073255,1
0.01668755896,0.007856126875,-0.002049904084,0.01017015241,1
0.01668755896,0.007712963037,-0.001933947322,0.01007698756,1
0.01668755896,0.0075697992,-0.001730588381,0.009538476355,1
0.01668755896,0.007426635362,-0.001801184146,0.009439846501,1
0.01668755896,0.007283471059,-0.002242276212,0.009185384028,1
0.01668755896,0.007140307222,-0.002231872175,0.009068181738,1
0.01668755896,0.006997142918,-0.002209287137,0.009420610964,1
0.01668755896,0.006853979081,-0.002244459465,0.009446490556,1
0.01668755896,0.006710814778,-0.003381845541,0.009296036325,1
0.01668755896,0.00656765094,-0.002634195378,0.009658388793,2
0.01668755896,0.006424486637,-0.002479972783,0.009930248372,2
0.01668755896,0.0062813228,-0.002736105351,0.01057640743,1
0.01668755896,0.006138158496,-0.002721352503,0.01063463092,1
0.01668755896,0.005994994659,-0.002669048496,0.01030830201,1
0.01668755896,0.005851830821,-0.002912548371,0.01071288437,1
0.01668755896,0.005708666518,-0.002757792594,0.009718274698,1
0.01668755896,0.005565502681,-0.002746078651,0.009034634568,2
0.01668755896,0.005422338378,-0.002366412198,0.00859432295,1
0.01668755896,0.00527917454,-0.002269173972,0.009096316062,1
0.01668755896,0.005136010237,-0.002544439165,0.010515281,1
0.01668755896,0.0049928464,-0.002596576698,0.01051129401,1
0.01668755896,0.004849682096,-0.002288176678,0.009209008887,1
0.01668755896,0.004706518259,-0.001989821438,0.00901664421,1
0.01668755896,0.004563353956,-0.001871439861,0.008808766492,2
0.01668755896,0.004420190118,-0.001803942258,0.00830716826,1
0.01668755896,0.004277025815,-0.002177218907,0.01071762573,1
0.01668755896,0.004133861978,-0.00204676087,0.01037184428,1
0.01668755896,0.00399069814,-0.001658434514,0.009623704478,1
0.01668755896,0.003847533837,-0.001763539272,0.009558845311,1
0.01668755896,0.003704369767,-0.001924242941,0.009378224611,1
0.01668755896,0.003561205696,-0.002089960035,0.009856307879,1
0.01668755896,0.003418041626,-0.002095948206,0.009615715593,1
0.01668755896,0.003274877556,-0.001984936185,0.009539193474,2
0.01668755896,0.003131713718,-0.002168209059,0.01093543135,1
0.01668755896,0.002988549648,-0.002000954002,0.01017289795,2
0.01668755896,0.002845385578,-0.001796159311,0.01029330958,1
0.01668755896,0.002702221507,-0.0006432316732,0.009210655466,1
0.01668755896,0.002559057437,-0.0008392991149,0.009307317436,1
0.01668755896,0.002415893367,-0.0008959535626,0.009733825922,1
0.01668755896,0.002272729296,-0.001394177554,0.007761165034,1
0.01668755896,0.002129565226,-0.001549073961,0.007845070213,1
0.01668755896,0.001986401156,-0.001982660731,0.009201611392,1
0.01668755896,0.001843237202,-0.002038090257,0.009986653924,1
0.01668755896,0.001700073131,-0.002461410128,0.009507168084,1
0.01668755896,0.001556909061,-0.002454222413,0.008819575422,1
0.01668755896,0.001413744991,-0.001619989052,0.007413920481,1
0.01668755896,0.00127058092,-0.0009634295129,0.006763425656,1
0.01668755896,0.00112741685,-0.0008723952342,0.006933787372,1
0.01668755896,0.0009842528962,-0.001144459588,0.007926058024,1
0.01668755896,0.0008410888258,-0.001350004342,0.008367865346,1
0.01668755896,0.0006979247555,-0.001375186956,0.008294558153,1
0.01668755896,0.0005547606852,-0.001468505478,0.008242625743,1
0.01668755896,0.000411596644,-0.001432637917,0.008419862017,1
0.01668755896,0.0002684326028,-0.001436635037,0.008516009897,1
0.01668755896,0.000125268547,-0.001531017013,0.008633160964,2
0.01683072373,0.01916608773,-0.002171958098,0.005320926663,1
0.01683072373,0.01902292296,-0.002036330523,0.005587512627,1
0.01683072373,0.01887976006,-0.002036704915,0.005542136263,1
0.01683072373,0.01873659529,-0.001936590066,0.005351152271,2
0.01683072373,0.01859343052,-0.001900642877,0.005244533997,1
0.01683072373,0.01845026761,-0.001995173516,0.005478878971,1
0.01683072373,0.01830710284,-0.002302038483,0.005936160684,1
0.01683072373,0.01816393808,-0.002016957616,0.005728988908,1
0.01683072373,0.01802077517,-0.001933117281,0.005798565689,1
0.01683072373,0.0178776104,-0.001952962019,0.005815019365,1
0.01683072373,0.01773444749,-0.001958905254,0.005706688855,1
0.01683072373,0.01759128273,-0.001901016221,0.005569000263,1
0.01683072373,0.01744811796,-0.001835635398,0.005604859907,1
0.01683072373,0.01730495505,-0.001810217742,0.005667717196,1
0.01683072373,0.01716179028,-0.001648928155,0.005475393031,1
0.01683072373,0.01701862738,-0.001633659936,0.005210144911,1
0.01683072373,0.01687546261,-0.002007630421,0.004814920016,1
0.01683072373,0.01673229784,-0.002305071801,0.006509664003,1
0.01683072373,0.01658913493,-0.002377338475,0.006707727443,1
0.01683072373,0.01644597016,-0.002151004737,0.006350556854,1
0.01683072373,0.01630280726,-0.002516551875,0.006412996911,2
0.01683072373,0.01615964249,-0.003188622883,0.006479726639,1
0.01683072373,0.01601647772,-0.003155393992,0.006766774226,2
0.01683072373,0.01587331481,-0.003109578742,0.006603089627,1
0.01683072373,0.01573015004,-0.003406958422,0.007162589114,1
0.01683072373,0.01558698621,-0.003081573406,0.006955439225,1
0.01683072373,0.01544382237,-0.00337404618,0.008014114574,1
0.01683072373,0.0153006576,-0.003656629007,0.009086123668,1
0.01683072373,0.01515749376,-0.003373216838,0.008687785827,2
0.01683072373,0.01501432993,-0.003579558339,0.008408605121,1
0.01683072373,0.01487116609,-0.003125327639,0.008061128668,1
0.01683072373,0.01472800132,-0.003066132544,0.008074244484,1
0.01683072373,0.01458483748,-0.002793996595,0.008161235601,1
0.01683072373,0.01444167364,-0.002800990595,0.008150316775,1
0.01683072373,0.01429850981,-0.002568929223,0.00817650184,1
0.01683072373,0.01415534597,-0.0024980132,0.007751509547,1
0.01683072373,0.0140121812,-0.002494119573,0.008220212534,1
0.01683072373,0.01386901736,-0.002644390566,0.008172832429,1
0.01683072373,0.01372585353,-0.002637093188,0.01043301541,1
0.01683072373,0.01358268969,-0.002710632747,0.01033986919,1
0.01683072373,0.01343952492,-0.002436668612,0.01030755602,1
0.01683072373,0.01329636108,-0.001906793099,0.009510838427,1
0.01683072373,0.01315319724,-0.001757456921,0.009704113007,1
0.01683072373,0.01301003341,-0.001731636701,0.009384647943,1
0.01683072373,0.01286686864,-0.001845396473,0.00912755914,1
0.01683072373,0.0127237048,-0.001900317962,0.009294983,1
0.01683072373,0.01258054096,-0.00198927056,0.009629904293,1
0.01683072373,0.01243737713,-0.002068888396,0.009598827921,1
0.01683072373,0.01229421329,-0.002197782509,0.009546301328,1
0.01683072373,0.01215104852,-0.002259461908,0.009147690609,1
0.01683072373,0.01200788468,-0.002353235614,0.00911914371,1
0.01683072373,0.01186472084,-0.002158479532,0.009703830816,1
0.01683072373,0.01172155701,-0.002136430237,0.009985720739,1
0.01683072373,0.01157839224,-0.001998216379,0.009414885193,1
0.01683072373,0.0114352284,-0.002029667376,0.009325600229,2
0.01683072373,0.01129206456,-0.002087385859,0.009426129982,2
0.01683072373,0.01114890072,-0.002149522305,0.009325047955,1
0.01683072373,0.01100573689,-0.001991198631,0.009085958824,1
0.01683072373,0.01086257212,-0.001964894356,0.00949532818,1
0.01683072373,0.01071940828,-0.00198012148,0.009477604181,1
0.01683072373,0.01057624444,-0.001802289626,0.00989803765,1
0.01683072373,0.01043308061,-0.001799731981,0.009965536185,1
0.01683072373,0.01028991584,-0.0018943334,0.009379173629,2
0.01683072373,0.010146752,-0.002038373845,0.009698661044,1
0.01683072373,0.01000358816,-0.002022318775,0.009184923023,1
0.01683072373,0.009860424325,-0.002050248208,0.008831895888,1
0.01683072373,0.009717259556,-0.002065783832,0.01006261352,1
0.01683072373,0.009574095719,-0.002021362074,0.009475495666,1
0.01683072373,0.009430931881,-0.002247338882,0.009493471123,1
0.01683072373,0.009287768044,-0.002446450526,0.009222251363,1
0.01683072373,0.009144604206,-0.002236857312,0.008915589191,2
0.01683072373,0.009001439437,-0.002073910553,0.008717212826,1
0.01683072373,0.0088582756,-0.00204045279,0.009046877734,1
0.01683072373,0.008715111762,-0.00209168531,0.009266519919,1
0.01683072373,0.008571947925,-0.002077189507,0.009339222685,1
0.01683072373,0.008428783156,-0.002151987748,0.009301929735,1
0.01683072373,0.008285619318,-0.002223800402,0.009328205138,1
0.01683072373,0.008142455481,-0.002023947192,0.008659178391,1
0.01683072373,0.007999291644,-0.00214949809,0.008980397135,1
0.01683072373,0.007856126875,-0.002251961734,0.009881269187,1
0.01683072373,0.007712963037,-0.002186177997,0.0096330503,1
0.01683072373,0.0075697992,-0.002042139182,0.00909420196,1
0.01683072373,0.007426635362,-0.001744038658,0.009029878303,1
0.01683072373,0.007283471059,-0.002456471557,0.008924381807,1
0.01683072373,0.007140307222,-0.002132363385,0.008967556059,1
0.01683072373,0.006997142918,-0.002160000382,0.009208061732,1
0.01683072373,0.006853979081,-0.002158257645,0.00922302343,1
0.01683072373,0.006710814778,-0.002619909123,0.009204225615,2
0.01683072373,0.00656765094,-0.002526632044,0.00932308659,2
0.01683072373,0.006424486637,-0.002358038444,0.009384063073,1
0.01683072373,0.0062813228,-0.002614388475,0.01048416831,1
0.01683072373,0.006138158496,-0.002577830106,0.01035867725,1
0.01683072373,0.005994994659,-0.002394702053,0.01006757375,1
0.01683072373,0.005851830821,-0.002541099442,0.01052245405,1
0.01683072373,0.005708666518,-0.002689210232,0.009541041218,1
0.01683072373,0.005565502681,-0.003330710577,0.008755697869,1
0.01683072373,0.005422338378,-0.003554160008,0.009522740729,1
0.01683072373,0.00527917454,-0.002321707085,0.01003689878,1
0.01683072373,0.005136010237,-0.002604058245,0.01117923856,1
0.01683072373,0.0049928464,-0.002678151708,0.01010231022,1
0.01683072373,0.004849682096,-0.002053565811,0.009249340743,1
0.01683072373,0.004706518259,-0.001873894944,0.008910865523,1
0.01683072373,0.004563353956,-0.001719515305,0.00903936103,2
0.01683072373,0.004420190118,-0.001706214738,0.009124516509,2
0.01683072373,0.004277025815,-0.001688101911,0.009821098298,2
0.01683072373,0.004133861978,-0.001778087928,0.009852772579,1
0.01683072373,0.00399069814,-0.00170887576,0.00988932047,1
0.01683072373,0.003847533837,-0.001814055722,0.009783381596,1
0.01683072373,0.003704369767,-0.001916773035,0.009507849813,1
0.01683072373,0.003561205696,-0.001959700603,0.01026246417,1
0.01683072373,0.003418041626,-0.001879768912,0.009645317681,1
0.01683072373,0.003274877556,-0.001688578748,0.008696499281,1
0.01683072373,0.003131713718,-0.001973173581,0.00999932643,1
0.01683072373,0.002988549648,-0.001990052639,0.01004423667,1
0.01683072373,0.002845385578,-0.00174676918,0.0102092782,1
0.01683072373,0.002702221507,-0.0008812266751,0.009346038103,1
0.01683072373,0.002559057437,-0.0009033241658,0.009497885592,1
0.01683072373,0.002415893367,-0.001115795691,0.009173225611,1
0.01683072373,0.002272729296,-0.00186227099,0.009099459276,1
0.01683072373,0.002129565226,-0.001860745018,0.009133099578,1
0.01683072373,0.001986401156,-0.002366320696,0.009399223141,1
0.01683072373,0.001843237202,-0.002280171961,0.009493634105,2
0.01683072373,0.001700073131,-0.002472272376,0.009396770038,1
0.01683072373,0.001556909061,-0.001982082613,0.008665301837,1
0.01683072373,0.001413744991,-0.001583309262,0.007756859995,1
0.01683072373,0.00127058092,-0.001322310185,0.007598907221,1
0.01683072373,0.00112741685,-0.001406336203,0.007944059558,1
0.01683072373,0.0009842528962,-0.001436144812,0.008172631264,3
0.01683072373,0.0008410888258,-0.002144811442,0.008402721956,1
0.01683072373,0.0006979247555,-0.001657997374,0.008018006571,1
0.01683072373,0.0005547606852,-0.001563759288,0.008233076893,1
0.01683072373,0.000411596644,-0.001428360003,0.008347703144,1
0.01683072373,0.0002684326028,-0.001568022417,0.008453921415,1
0.01683072373,0.000125268547,-0.001579970005,0.008769989945,2
0.0169738885,0.01916608773,-0.002149392385,0.004778984934,1
0.0169738885,0.01902292296,-0.002115122974,0.005228822585,1
0.0169738885,0.01887976006,-0.001981647685,0.00540828146,1
0.0169738885,0.01873659529,-0.002029859694,0.005325800274,1
0.0169738885,0.01859343052,-0.001996109262,0.005172982346,1
0.0169738885,0.01845026761,-0.001990214922,0.00505078584,1
0.0169738885,0.01830710284,-0.001835911884,0.00502458401,1
0.0169738885,0.01816393808,-0.002016694285,0.005540484097,2
0.0169738885,0.01802077517,-0.002136311727,0.005895144772,1
0.0169738885,0.0178776104,-0.002087376546,0.005999372806,1
0.0169738885,0.01773444749,-0.00194144866,0.005625946447,1
0.0169738885,0.01759128273,-0.001885846606,0.005441079848,1
0.0169738885,0.01744811796,-0.001893596724,0.005533054471,1
0.0169738885,0.01730495505,-0.001866962062,0.005566691514,1
0.0169738885,0.01716179028,-0.001742863795,0.005440028384,1
0.0169738885,0.01701862738,-0.001504977001,0.005136305932,1
0.0169738885,0.01687546261,-0.002012558747,0.005727014039,1
0.0169738885,0.01673229784,-0.002161306329,0.006039961241,1
0.0169738885,0.01658913493,-0.002243707422,0.00627119327,1
0.0169738885,0.01644597016,-0.001524225343,0.006117054261,1
0.0169738885,0.01630280726,-0.002192154527,0.006020351779,2
0.0169738885,0.01615964249,-0.002580479952,0.006472726353,1
0.0169738885,0.01601647772,-0.002792475279,0.006935294718,1
0.0169738885,0.01587331481,-0.003010095796,0.007642150391,1
0.0169738885,0.01573015004,-0.003189075273,0.007411114872,1
0.0169738885,0.01558698621,-0.003015680937,0.007777702529,1
0.0169738885,0.01544382237,-0.003232619958,0.008083838038,2
0.0169738885,0.0153006576,-0.003720625304,0.008803369477,1
0.0169738885,0.01515749376,-0.003365801182,0.008870976977,1
0.0169738885,0.01501432993,-0.003313895548,0.008354740217,1
0.0169738885,0.01487116609,-0.003072605003,0.008251464926,1
0.0169738885,0.01472800132,-0.002963206964,0.00800798554,1
0.0169738885,0.01458483748,-0.002815850079,0.008200007491,1
0.0169738885,0.01444167364,-0.00275513134,0.008637228049,1
0.0169738885,0.01429850981,-0.002778778085,0.008140880615,1
0.0169738885,0.01415534597,-0.002399014076,0.008351818658,1
0.0169738885,0.0140121812,-0.002408684464,0.008700117469,1
0.0169738885,0.01386901736,-0.002415871015,0.009315627627,1
0.0169738885,0.01372585353,-0.002626898466,0.01010921225,1
0.0169738885,0.01358268969,-0.00263861008,0.009473751299,1
0.0169738885,0.01343952492,-0.002379241399,0.00930499658,1
0.0169738885,0.01329636108,-0.002610301366,0.008877716027,3
0.0169738885,0.01315319724,-0.002572671277,0.009913728572,1
0.0169738885,0.01301003341,-0.002106002765,0.009284063242,2
0.0169738885,0.01286686864,-0.002059263177,0.009149270132,1
0.0169738885,0.0127237048,-0.002060831524,0.00906700734,1
0.0169738885,0.01258054096,-0.002067620633,0.009067764506,1
0.0169738885,0.01243737713,-0.002104258165,0.009007403627,1
0.0169738885,0.01229421329,-0.002185605932,0.008899454959,2
0.0169738885,0.01215104852,-0.002256042324,0.008533451706,1
0.0169738885,0.01200788468,-0.002378212055,0.008560125716,1
0.0169738885,0.01186472084,-0.002197993454,0.008917973377,2
0.0169738885,0.01172155701,-0.002124540508,0.00898934342,2
0.0169738885,0.01157839224,-0.002027509734,0.008724074811,1
0.0169738885,0.0114352284,-0.001995800063,0.008696806617,1
0.0169738885,0.01129206456,-0.002102842787,0.009298358113,1
0.0169738885,0.01114890072,-0.001955012325,0.008706387132,1
0.0169738885,0.01100573689,-0.002035914455,0.008918811567,1
0.0169738885,0.01086257212,-0.001947049866,0.009262726642,1
0.0169738885,0.01071940828,-0.002053944394,0.008688429371,1
0.0169738885,0.01057624444,-0.001344720949,0.008931539953,1
0.0169738885,0.01043308061,-0.001684755785,0.009559656493,1
0.0169738885,0.01028991584,-0.001927193603,0.00901144743,1
0.0169738885,0.010146752,-0.001963890856,0.009081938304,1
0.0169738885,0.01000358816,-0.001939366572,0.008904648013,1
0.0169738885,0.009860424325,-0.001884627505,0.008671968244,1
0.0169738885,0.009717259556,-0.002012923127,0.008601620793,1
0.0169738885,0.009574095719,-0.002053430537,0.0093289949,1
0.0169738885,0.009430931881,-0.002254738705,0.009641557932,1
0.0169738885,0.009287768044,-0.002234901534,0.009108145721,1
0.0169738885,0.009144604206,-0.002349958522,0.009023777209,1
0.0169738885,0.009001439437,-0.002287901007,0.009024952538,3
0.0169738885,0.0088582756,-0.001976790838,0.009545941837,1
0.0169738885,0.008715111762,-0.002009941265,0.008948800154,1
0.0169738885,0.008571947925,-0.002091529081,0.008822605945,1
0.0169738885,0.008428783156,-0.002200419782,0.008914681152,1
0.0169738885,0.008285619318,-0.00213534385,0.009058057331,1
0.0169738885,0.008142455481,-0.002008285839,0.008768687956,1
0.0169738885,0.007999291644,-0.002239932772,0.008770421147,1
0.0169738885,0.007856126875,-0.002476654714,0.009683471173,1
0.0169738885,0.007712963037,-0.002290264936,0.00943736732,1
0.0169738885,0.0075697992,-0.002110086149,0.00892810896,1
0.0169738885,0.007426635362,-0.002051738091,0.00892811548,1
0.0169738885,0.007283471059,-0.002112074057,0.008932881989,1
0.0169738885,0.007140307222,-0.00218248833,0.008798371069,1
0.0169738885,0.006997142918,-0.002192409011,0.008829567581,1
0.0169738885,0.006853979081,-0.002368426183,0.009039140306,1
0.0169738885,0.006710814778,-0.002412901027,0.008974754252,2
0.0169738885,0.00656765094,-0.002494385466,0.009045667015,2
0.0169738885,0.006424486637,-0.002737248549,0.009131626226,1
0.0169738885,0.0062813228,-0.002731578192,0.009928550571,1
0.0169738885,0.006138158496,-0.00253968942,0.009815181606,1
0.0169738885,0.005994994659,-0.002326461719,0.009947295301,1
0.0169738885,0.005851830821,-0.002274545608,0.01030914392,1
0.0169738885,0.005708666518,-0.002715220675,0.009865909815,1
0.0169738885,0.005565502681,-0.003242406296,0.009657485411,1
0.0169738885,0.005422338378,-0.003608570667,0.0100170495,1
0.0169738885,0.00527917454,-0.002266410505,0.009918848984,1
0.0169738885,0.005136010237,-0.002317212056,0.01020364463,1
0.0169738885,0.0049928464,-0.002289688215,0.01012677513,1
0.0169738885,0.004849682096,-0.002056980506,0.009400257841,1
0.0169738885,0.004706518259,-0.001853554277,0.008907193318,1
0.0169738885,0.004563353956,-0.001426512026,0.009313297458,1
0.0169738885,0.004420190118,-0.001613299362,0.009330439381,2
0.0169738885,0.004277025815,-0.001090886071,0.009589477442,1
0.0169738885,0.004133861978,-0.001862229779,0.009852685034,1
0.0169738885,0.00399069814,-0.001811493305,0.009863199666,1
0.0169738885,0.003847533837,-0.001867821324,0.009784669615,1
0.0169738885,0.003704369767,-0.002078745281,0.009711193852,1
0.0169738885,0.003561205696,-0.001729980111,0.01032500621,1
0.0169738885,0.003418041626,-0.00166919874,0.009874742478,1
0.0169738885,0.003274877556,-0.001738648629,0.008753756993,1
0.0169738885,0.003131713718,-0.001743745175,0.009138453752,1
0.0169738885,0.002988549648,-0.001495460514,0.009236741811,1
0.0169738885,0.002845385578,-0.001278786571,0.009611451067,1
0.0169738885,0.002702221507,-0.001562925638,0.009967811406,1
0.0169738885,0.002559057437,-0.001468030154,0.00987977162,1
0.0169738885,0.002415893367,-0.001882714569,0.01009282283,1
0.0169738885,0.002272729296,-0.001812831033,0.009589133784,1
0.0169738885,0.002129565226,-0.001797770732,0.009271213785,1
0.0169738885,0.001986401156,-0.002028917428,0.009256563149,1
0.0169738885,0.001843237202,-0.00224400498,0.009191890247,2
0.0169738885,0.001700073131,-0.00256071589,0.008890170604,1
0.0169738885,0.001556909061,-0.002290797187,0.008478687145,1
0.0169738885,0.001413744991,-0.001890891581,0.00871775765,2
0.0169738885,0.00127058092,-0.001716980711,0.009069490246,2
0.0169738885,0.00112741685,-0.001781790867,0.01015003864,1
0.0169738885,0.0009842528962,-0.001386653283,0.009672559798,3
0.0169738885,0.0008410888258,-0.001488106675,0.00874688942,2
0.0169738885,0.0006979247555,-0.001255644835,0.008440819569,2
0.0169738885,0.0005547606852,-0.0007583972765,0.008563835174,1
0.0169738885,0.000411596644,-0.001030529616,0.008253771812,1
0.0169738885,0.0002684326028,-0.001434406615,0.008114278316,1
0.0169738885,0.000125268547,-0.001640870702,0.009222885594,1
0.01711705141,0.01916608773,-0.002166400896,0.004954499193,1
0.01711705141,0.01902292296,-0.002132693538,0.00516868243,1
0.01711705141,0.01887976006,-0.002029317198,0.005191276316,2
0.01711705141,0.01873659529,-0.002015270991,0.005052302498,1
0.01711705141,0.01859343052,-0.002151184482,0.005144650117,1
0.01711705141,0.01845026761,-0.002161208773,0.005257016513,1
0.01711705141,0.01830710284,-0.002001774497,0.005374210421,1
0.01711705141,0.01816393808,-0.002077595796,0.005513219163,2
0.01711705141,0.01802077517,-0.002275626408,0.005741963629,1
0.01711705141,0.0178776104,-0.002311557531,0.006021148525,1
0.01711705141,0.01773444749,-0.00199602684,0.00553450454,1
0.01711705141,0.01759128273,-0.00182435743,0.005300513469,1
0.01711705141,0.01744811796,-0.00177627767,0.005558255129,1
0.01711705141,0.01730495505,-0.001871340326,0.005550914444,1
0.01711705141,0.01716179028,-0.001867864747,0.005413827486,1
0.01711705141,0.01701862738,-0.001866029343,0.005501021631,1
0.01711705141,0.01687546261,-0.001895560068,0.005623471923,1
0.01711705141,0.01673229784,-0.001996679464,0.005695418455,1
0.01711705141,0.01658913493,-0.002091483911,0.005750633776,1
0.01711705141,0.01644597016,-0.001863707555,0.005780304782,1
0.01711705141,0.01630280726,-0.002147361171,0.005078630988,1
0.01711705141,0.01615964249,-0.002380871214,0.006299827714,1
0.01711705141,0.01601647772,-0.002635051962,0.006796135567,1
0.01711705141,0.01587331481,-0.00310392864,0.007335153408,1
0.01711705141,0.01573015004,-0.002624191344,0.00709740771,1
0.01711705141,0.01558698621,-0.002516801003,0.007204336114,1
0.01711705141,0.01544382237,-0.002820127644,0.007740166038,1
0.01711705141,0.0153006576,-0.003278324381,0.008212811314,1
0.01711705141,0.01515749376,-0.003015360329,0.008348117582,1
0.01711705141,0.01501432993,-0.002960314974,0.007787050214,1
0.01711705141,0.01487116609,-0.002915798919,0.007694810629,1
0.01711705141,0.01472800132,-0.002919951919,0.007757451851,1
0.01711705141,0.01458483748,-0.002876389539,0.008023363538,1
0.01711705141,0.01444167364,-0.002837006468,0.008480710909,1
0.01711705141,0.01429850981,-0.002736841096,0.00796203129,1
0.01711705141,0.01415534597,-0.002591495635,0.008127247915,1
0.01711705141,0.0140121812,-0.002729958622,0.009023318067,1
0.01711705141,0.01386901736,-0.002720502904,0.009159251116,1
0.01711705141,0.01372585353,-0.001682415372,0.008307823911,1
0.01711705141,0.01358268969,-0.002009063726,0.007925363258,1
0.01711705141,0.01343952492,-0.002191940788,0.007279864512,1
0.01711705141,0.01329636108,-0.002009509131,0.007380292285,1
0.01711705141,0.01315319724,-0.001967535587,0.008315099403,1
0.01711705141,0.01301003341,-0.00206043967,0.008688604459,2
0.01711705141,0.01286686864,-0.002167000435,0.008934947662,1
0.01711705141,0.0127237048,-0.002130741253,0.008726036176,1
0.01711705141,0.01258054096,-0.002150833607,0.008644339629,1
0.01711705141,0.01243737713,-0.002460121177,0.008476658724,1
0.01711705141,0.01229421329,-0.002184340265,0.008510663174,2
0.01711705141,0.01215104852,-0.001859766431,0.008626072668,1
0.01711705141,0.01200788468,-0.002007889794,0.008096022531,1
0.01711705141,0.01186472084,-0.002130741719,0.008418592624,2
0.01711705141,0.01172155701,-0.002136229072,0.008329606615,2
0.01711705141,0.01157839224,-0.002143109916,0.00816341117,2
0.01711705141,0.0114352284,-0.002265315969,0.008237993345,1
0.01711705141,0.01129206456,-0.002236593515,0.008987121284,1
0.01711705141,0.01114890072,-0.002008095384,0.008679833263,1
0.01711705141,0.01100573689,-0.001997057581,0.008905873634,1
0.01711705141,0.01086257212,-0.002296925522,0.008529534563,1
0.01711705141,0.01071940828,-0.001905821846,0.008115367033,2
0.01711705141,0.01057624444,-0.001378780929,0.00768930465,1
0.01711705141,0.01043308061,-0.001320625655,0.007663330529,1
0.01711705141,0.01028991584,-0.001583731151,0.008136633784,1
0.01711705141,0.010146752,-0.001921263756,0.008571369573,1
0.01711705141,0.01000358816,-0.002040271647,0.008789718151,1
0.01711705141,0.009860424325,-0.002050478477,0.008779313415,1
0.01711705141,0.009717259556,-0.002118815901,0.008789123036,1
0.01711705141,0.009574095719,-0.002278409665,0.009266434237,1
0.01711705141,0.009430931881,-0.002224088181,0.009114257991,1
0.01711705141,0.009287768044,-0.00213463651,0.008699205704,1
0.01711705141,0.009144604206,-0.002102443017,0.00894771982,2
0.01711705141,0.009001439437,-0.001855809125,0.009324263781,1
0.01711705141,0.0088582756,-0.001902918098,0.009451109916,1
0.01711705141,0.008715111762,-0.001989128068,0.008629243821,1
0.01711705141,0.008571947925,-0.00215216307,0.008451083675,1
0.01711705141,0.008428783156,-0.002194299595,0.008822988719,1
0.01711705141,0.008285619318,-0.002040983876,0.009029015899,1
0.01711705141,0.008142455481,-0.00171406765,0.008917404339,1
0.01711705141,0.007999291644,-0.002284857677,0.009200314991,1
0.01711705141,0.007856126875,-0.00233149319,0.009458311833,2
0.01711705141,0.007712963037,-0.002106890781,0.009999681264,1
0.01711705141,0.0075697992,-0.001813090406,0.008898541331,1
0.01711705141,0.007426635362,-0.0020738577,0.008836010471,1
0.01711705141,0.007283471059,-0.002099935664,0.008940786123,1
0.01711705141,0.007140307222,-0.002160416683,0.008586634882,1
0.01711705141,0.006997142918,-0.002144415397,0.008543462493,2
0.01711705141,0.006853979081,-0.002119998448,0.008416804485,1
0.01711705141,0.006710814778,-0.002168883104,0.008609986864,1
0.01711705141,0.00656765094,-0.00230076001,0.008753201924,1
0.01711705141,0.006424486637,-0.002701968886,0.008796055801,1
0.01711705141,0.0062813228,-0.002562654205,0.008910323493,1
0.01711705141,0.006138158496,-0.002513743704,0.009223775938,1
0.01711705141,0.005994994659,-0.002327297349,0.009675931185,1
0.01711705141,0.005851830821,-0.002200803487,0.01030579209,1
0.01711705141,0.005708666518,-0.002705911407,0.01061162632,1
0.01711705141,0.005565502681,-0.002089614747,0.01040943898,1
0.01711705141,0.005422338378,-0.002549262717,0.009971169755,2
0.01711705141,0.00527917454,-0.002279393841,0.009778668173,2
0.01711705141,0.005136010237,-0.002124473918,0.009575524367,1
0.01711705141,0.0049928464,-0.002139315708,0.009739819914,1
0.01711705141,0.004849682096,-0.001963820076,0.009257735685,1
0.01711705141,0.004706518259,-0.001620055526,0.008290010504,1
0.01711705141,0.004563353956,-0.001515223179,0.008714183234,1
0.01711705141,0.004420190118,-0.002229584381,0.009294467047,1
0.01711705141,0.004277025815,-0.002318928484,0.0101521397,1
0.01711705141,0.004133861978,-0.002358972793,0.009830480441,1
0.01711705141,0.00399069814,-0.001996234525,0.009828262962,1
0.01711705141,0.003847533837,-0.001967894146,0.00978591945,1
0.01711705141,0.003704369767,-0.001826471067,0.009737708606,1
0.01711705141,0.003561205696,-0.001705162926,0.009643115103,1
0.01711705141,0.003418041626,-0.001925504417,0.009318575263,1
0.01711705141,0.003274877556,-0.002218847629,0.008902925067,1
0.01711705141,0.003131713718,-0.001343352138,0.008770975284,1
0.01711705141,0.002988549648,-0.001347970334,0.008909909055,1
0.01711705141,0.002845385578,-0.001354818232,0.009450994432,1
0.01711705141,0.002702221507,-0.001790952985,0.009560032748,1
0.01711705141,0.002559057437,-0.001717922627,0.009698585607,2
0.01711705141,0.002415893367,-0.001822739025,0.009980466217,1
0.01711705141,0.002272729296,-0.001772915712,0.009554523043,1
0.01711705141,0.002129565226,-0.001917651854,0.008659323677,1
0.01711705141,0.001986401156,-0.001996602397,0.008989450522,2
0.01711705141,0.001843237202,-0.002106214408,0.009127192199,2
0.01711705141,0.001700073131,-0.002171283355,0.00916935131,2
0.01711705141,0.001556909061,-0.002090221038,0.009227468632,2
0.01711705141,0.001413744991,-0.00197247928,0.009565993212,2
0.01711705141,0.00127058092,-0.00187293021,0.009811257012,2
0.01711705141,0.00112741685,-0.001657659886,0.009802061133,2
0.01711705141,0.0009842528962,-0.001399752218,0.009391543455,1
0.01711705141,0.0008410888258,-0.001165317371,0.008471455425,1
0.01711705141,0.0006979247555,-0.001118078013,0.00843454618,1
0.01711705141,0.0005547606852,-0.0008075353689,0.00867490191,1
0.01711705141,0.000411596644,-0.0009717942448,0.00827524066,1
0.01711705141,0.0002684326028,-0.001236479031,0.00757943932,1
0.01711705141,0.000125268547,-0.001115205581,0.008086302318,1
0.01726021618,0.01916608773,-0.001868774067,0.005397336092,1
0.01726021618,0.01902292296,-0.001942514209,0.005177254789,1
0.01726021618,0.01887976006,-0.001987656578,0.005135838408,2
0.01726021618,0.01873659529,-0.001995107159,0.004942215513,1
0.01726021618,0.01859343052,-0.002158477902,0.005338458344,1
0.01726021618,0.01845026761,-0.002175311558,0.005441071466,1
0.01726021618,0.01830710284,-0.002176905051,0.005711930338,1
0.01726021618,0.01816393808,-0.002016287996,0.005396217573,2
0.01726021618,0.01802077517,-0.001882183366,0.005122388247,1
0.01726021618,0.0178776104,-0.001975857187,0.005063555203,1
0.01726021618,0.01773444749,-0.0019754963,0.005173509475,1
0.01726021618,0.01759128273,-0.001773632248,0.005180229433,1
0.01726021618,0.01744811796,-0.001739556785,0.005509706214,1
0.01726021618,0.01730495505,-0.001820235513,0.005433677696,1
0.01726021618,0.01716179028,-0.001839183271,0.005291915499,1
0.01726021618,0.01701862738,-0.001875067479,0.005369550548,1
0.01726021618,0.01687546261,-0.001906820922,0.005401817616,1
0.01726021618,0.01673229784,-0.001829010551,0.005357103888,1
0.01726021618,0.01658913493,-0.001892208238,0.005334021524,1
0.01726021618,0.01644597016,-0.002052959288,0.005588125437,1
0.01726021618,0.01630280726,-0.002071648138,0.005409037229,1
0.01726021618,0.01615964249,-0.002547900192,0.00562775135,1
0.01726021618,0.01601647772,-0.002492273692,0.005677213427,1
0.01726021618,0.01587331481,-0.002457889728,0.006379186641,1
0.01726021618,0.01573015004,-0.002286755713,0.006714905147,1
0.01726021618,0.01558698621,-0.002265168121,0.00667254068,1
0.01726021618,0.01544382237,-0.002340635983,0.007030006964,1
0.01726021618,0.0153006576,-0.002866703784,0.007600578479,1
0.01726021618,0.01515749376,-0.002626863541,0.008097004145,1
0.01726021618,0.01501432993,-0.002188712824,0.007012022659,1
0.01726021618,0.01487116609,-0.002449331107,0.006757924333,1
0.01726021618,0.01472800132,-0.002836313099,0.007544056978,1
0.01726021618,0.01458483748,-0.002806411358,0.008213799447,2
0.01726021618,0.01444167364,-0.002717848169,0.008245793171,2
0.01726021618,0.01429850981,-0.002605163027,0.00794022996,1
0.01726021618,0.01415534597,-0.002540463349,0.00786184147,1
0.01726021618,0.0140121812,-0.002905374859,0.008098872378,1
0.01726021618,0.01386901736,-0.002405499807,0.008278158493,2
0.01726021618,0.01372585353,-0.001626089099,0.008052260615,1
0.01726021618,0.01358268969,-0.002093983116,0.008465609513,1
0.01726021618,0.01343952492,-0.002016826533,0.008148416877,1
0.01726021618,0.01329636108,-0.002000347944,0.007934225723,1
0.01726021618,0.01315319724,-0.002061522333,0.00795143377,1
0.01726021618,0.01301003341,-0.002001219895,0.008220307529,2
0.01726021618,0.01286686864,-0.0020430726,0.007990024984,1
0.01726021618,0.0127237048,-0.00211331062,0.008100519888,1
0.01726021618,0.01258054096,-0.002133274451,0.008036661893,1
0.01726021618,0.01243737713,-0.002195328474,0.008148717694,1
0.01726021618,0.01229421329,-0.002231867984,0.008040467277,1
0.01726021618,0.01215104852,-0.002198064933,0.007864319719,1
0.01726021618,0.01200788468,-0.00213663117,0.008082010783,1
0.01726021618,0.01186472084,-0.00218085479,0.008330767974,1
0.01726021618,0.01172155701,-0.002146523446,0.007747078314,1
0.01726021618,0.01157839224,-0.002143384889,0.007361972239,1
0.01726021618,0.0114352284,-0.002142050769,0.007432699669,1
0.01726021618,0.01129206456,-0.002166062593,0.007896717638,1
0.01726021618,0.01114890072,-0.002006605035,0.008294355124,1
0.01726021618,0.01100573689,-0.001924481243,0.008268935606,1
0.01726021618,0.01086257212,-0.001911132131,0.00769635383,1
0.01726021618,0.01071940828,-0.001893636538,0.007554200944,1
0.01726021618,0.01057624444,-0.001799606485,0.007039731834,1
0.01726021618,0.01043308061,-0.001612096443,0.006789383944,1
0.01726021618,0.01028991584,-0.001629010891,0.007185112219,1
0.01726021618,0.010146752,-0.001658895984,0.007839466445,1
0.01726021618,0.01000358816,-0.002115060808,0.008535213768,1
0.01726021618,0.009860424325,-0.002360632177,0.00875047408,1
0.01726021618,0.009717259556,-0.002224049298,0.008891313337,1
0.01726021618,0.009574095719,-0.002568011638,0.008644052781,1
0.01726021618,0.009430931881,-0.002666535554,0.008292074315,1
0.01726021618,0.009287768044,-0.002287897514,0.008658208884,1
0.01726021618,0.009144604206,-0.002069367794,0.008743634447,1
0.01726021618,0.009001439437,-0.001878830488,0.009258545004,1
0.01726021618,0.0088582756,-0.001886970829,0.009058064781,1
0.01726021618,0.008715111762,-0.002154820133,0.009238827974,1
0.01726021618,0.008571947925,-0.002195610199,0.00847934559,1
0.01726021618,0.008428783156,-0.002457975177,0.00929918699,1
0.01726021618,0.008285619318,-0.002148130909,0.009162558243,1
0.01726021618,0.008142455481,-0.001789725269,0.009625124745,1
0.01726021618,0.007999291644,-0.002082296647,0.01006938983,1
0.01726021618,0.007856126875,-0.002457569353,0.008949778974,1
0.01726021618,0.007712963037,-0.002307612682,0.008189121261,1
0.01726021618,0.0075697992,-0.00203928235,0.008311201818,1
0.01726021618,0.007426635362,-0.002105454914,0.008630832657,1
0.01726021618,0.007283471059,-0.002093836898,0.008822673,1
0.01726021618,0.007140307222,-0.002077283105,0.008502705023,1
0.01726021618,0.006997142918,-0.002104836982,0.008340845816,1
0.01726021618,0.006853979081,-0.001937812776,0.008043382317,1
0.01726021618,0.006710814778,-0.002038097242,0.008153706789,1
0.01726021618,0.00656765094,-0.002120127203,0.008399552666,1
0.01726021618,0.006424486637,-0.002609839663,0.008364447393,1
0.01726021618,0.0062813228,-0.002277179388,0.008476672694,1
0.01726021618,0.006138158496,-0.00232169847,0.008794495836,1
0.01726021618,0.005994994659,-0.002242807765,0.009234923869,1
0.01726021618,0.005851830821,-0.00220506778,0.009827571921,1
0.01726021618,0.005708666518,-0.002687797183,0.0100503983,1
0.01726021618,0.005565502681,-0.001627764897,0.009775078855,1
0.01726021618,0.005422338378,-0.002219471848,0.009679520503,2
0.01726021618,0.00527917454,-0.00217742729,0.009649128653,2
0.01726021618,0.005136010237,-0.00189670024,0.009387785569,1
0.01726021618,0.0049928464,-0.00193773827,0.009318607859,1
0.01726021618,0.004849682096,-0.001786346547,0.009014318697,1
0.01726021618,0.004706518259,-0.001761584426,0.008720430546,2
0.01726021618,0.004563353956,-0.001778170816,0.009211955592,2
0.01726021618,0.004420190118,-0.002214456908,0.009353784844,1
0.01726021618,0.004277025815,-0.002430789638,0.01018278673,1
0.01726021618,0.004133861978,-0.002344959648,0.009743071161,1
0.01726021618,0.00399069814,-0.002078174148,0.009927128442,1
0.01726021618,0.003847533837,-0.002015446313,0.00991126243,1
0.01726021618,0.003704369767,-0.001827968284,0.009589906782,1
0.01726021618,0.003561205696,-0.001716237399,0.009461355396,1
0.01726021618,0.003418041626,-0.001940441201,0.009139665402,1
0.01726021618,0.003274877556,-0.002286928939,0.008789269254,1
0.01726021618,0.003131713718,-0.001468227827,0.008685345761,1
0.01726021618,0.002988549648,-0.001563065569,0.008842834271,1
0.01726021618,0.002845385578,-0.001690531732,0.009290222079,1
0.01726021618,0.002702221507,-0.001793817384,0.009372169152,2
0.01726021618,0.002559057437,-0.001789968577,0.009374071844,2
0.01726021618,0.002415893367,-0.001791078015,0.009420321323,2
0.01726021618,0.002272729296,-0.001858235104,0.009179039858,2
0.01726021618,0.002129565226,-0.001907619066,0.008766897954,2
0.01726021618,0.001986401156,-0.001933625783,0.008914723992,2
0.01726021618,0.001843237202,-0.002012967132,0.009158075787,1
0.01726021618,0.001700073131,-0.001927982434,0.009432571009,2
0.01726021618,0.001556909061,-0.001926324097,0.009695847519,2
0.01726021618,0.001413744991,-0.002035874408,0.01050748583,1
0.01726021618,0.00127058092,-0.002144600963,0.01080748346,1
0.01726021618,0.00112741685,-0.001576166018,0.009855406359,2
0.01726021618,0.0009842528962,-0.0007837134181,0.009232684039,1
0.01726021618,0.0008410888258,-0.001305711339,0.008432033472,1
0.01726021618,0.0006979247555,-0.001708240132,0.008338962682,1
0.01726021618,0.0005547606852,-0.001366339275,0.008228598163,2
0.01726021618,0.000411596644,-0.001303169061,0.007992897183,2
0.01726021618,0.0002684326028,-0.001305191079,0.007576963864,2
0.01726021618,0.000125268547,-0.001250489498,0.007044033613,1
0.01740337908,0.01916608773,-0.001615923364,0.005541466642,1
0.01740337908,0.01902292296,-0.001813204843,0.005176362582,1
0.01740337908,0.01887976006,-0.00198368798,0.005232607946,1
0.01740337908,0.01873659529,-0.002012482844,0.005087393802,1
0.01740337908,0.01859343052,-0.00201808312,0.005136841442,1
0.01740337908,0.01845026761,-0.001885640202,0.005116752815,1
0.01740337908,0.01830710284,-0.001771419775,0.005250277463,1
0.01740337908,0.01816393808,-0.001928467886,0.005237333942,1
0.01740337908,0.01802077517,-0.002013172489,0.0048993323,1
0.01740337908,0.0178776104,-0.001922618481,0.004722582642,1
0.01740337908,0.01773444749,-0.001928119571,0.004821550101,1
0.01740337908,0.01759128273,-0.001886366168,0.004962746985,1
0.01740337908,0.01744811796,-0.001940430258,0.005640438292,1
0.01740337908,0.01730495505,-0.001911866828,0.005438811146,2
0.01740337908,0.01716179028,-0.00196332531,0.0053123096,2
0.01740337908,0.01701862738,-0.002234698972,0.005179008469,1
0.01740337908,0.01687546261,-0.001841587829,0.005060157273,1
0.01740337908,0.01673229784,-0.001635105582,0.005076597445,1
0.01740337908,0.01658913493,-0.00183255109,0.005071166903,1
0.01740337908,0.01644597016,-0.00196340587,0.005330287386,1
0.01740337908,0.01630280726,-0.001809683628,0.005452764221,1
0.01740337908,0.01615964249,-0.002131126355,0.005511886906,1
0.01740337908,0.01601647772,-0.00228389632,0.005842194892,1
0.01740337908,0.01587331481,-0.002337536076,0.006217906252,1
0.01740337908,0.01573015004,-0.00246362295,0.006106950808,1
0.01740337908,0.01558698621,-0.002684883308,0.006128689274,1
0.01740337908,0.01544382237,-0.002790083643,0.006384355482,1
0.01740337908,0.0153006576,-0.002875835402,0.007106980309,1
0.01740337908,0.01515749376,-0.002345033223,0.00646201754,1
0.01740337908,0.01501432993,-0.002106593922,0.006429624744,1
0.01740337908,0.01487116609,-0.002497612964,0.006463632453,1
0.01740337908,0.01472800132,-0.002747475868,0.007132640108,1
0.01740337908,0.01458483748,-0.002795094624,0.009041981772,1
0.01740337908,0.01444167364,-0.002622812055,0.008348433301,2
0.01740337908,0.01429850981,-0.002535822336,0.007749109995,1
0.01740337908,0.01415534597,-0.002498138696,0.007641275413,1
0.01740337908,0.0140121812,-0.00253673573,0.007479390595,1
0.01740337908,0.01386901736,-0.002370032249,0.00780224707,1
0.01740337908,0.01372585353,-0.002212344436,0.007863112725,1
0.01740337908,0.01358268969,-0.001986016287,0.00819381699,1
0.01740337908,0.01343952492,-0.001840696787,0.008213563822,1
0.01740337908,0.01329636108,-0.001861321507,0.008014918305,1
0.01740337908,0.01315319724,-0.00198548683,0.007705071941,1
0.01740337908,0.01301003341,-0.001839845208,0.008251166902,1
0.01740337908,0.01286686864,-0.00205488666,0.007563174237,1
0.01740337908,0.0127237048,-0.002116356976,0.007666195743,1
0.01740337908,0.01258054096,-0.002093298594,0.007589294109,1
0.01740337908,0.01243737713,-0.002051404445,0.007966944017,1
0.01740337908,0.01229421329,-0.002192866523,0.007836736739,1
0.01740337908,0.01215104852,-0.002205867786,0.007699038368,1
0.01740337908,0.01200788468,-0.00211361656,0.007899200544,1
0.01740337908,0.01186472084,-0.002137078671,0.007981475443,1
0.01740337908,0.01172155701,-0.002132867929,0.007346318103,1
0.01740337908,0.01157839224,-0.002158154035,0.007067365572,1
0.01740337908,0.0114352284,-0.002159861149,0.007060709875,1
0.01740337908,0.01129206456,-0.002179008909,0.007462487556,1
0.01740337908,0.01114890072,-0.00205837586,0.007865325548,1
0.01740337908,0.01100573689,-0.001965170493,0.00782793574,1
0.01740337908,0.01086257212,-0.001899683732,0.007359060459,1
0.01740337908,0.01071940828,-0.002073601587,0.007327376865,1
0.01740337908,0.01057624444,-0.002071933588,0.006803572644,1
0.01740337908,0.01043308061,-0.001956926193,0.006311288103,1
0.01740337908,0.01028991584,-0.001817539567,0.006706569809,1
0.01740337908,0.010146752,-0.001609832281,0.006924335845,1
0.01740337908,0.01000358816,-0.00193113694,0.007332234643,1
0.01740337908,0.009860424325,-0.002281357301,0.007731872611,2
0.01740337908,0.009717259556,-0.002467698185,0.007777082268,2
0.01740337908,0.009574095719,-0.002498935675,0.007003956009,1
0.01740337908,0.009430931881,-0.00239541987,0.006696524564,1
0.01740337908,0.009287768044,-0.00205798191,0.008063507266,1
0.01740337908,0.009144604206,-0.002005506074,0.007980176248,2
0.01740337908,0.009001439437,-0.001915420638,0.008116753772,1
0.01740337908,0.0088582756,-0.001916369307,0.008508396335,1
0.01740337908,0.008715111762,-0.002046284731,0.008571525104,1
0.01740337908,0.008571947925,-0.00216903002,0.008123608306,1
0.01740337908,0.008428783156,-0.00216122088,0.008068472147,2
0.01740337908,0.008285619318,-0.001967799617,0.008005962707,1
0.01740337908,0.008142455481,-0.001894872985,0.008465695195,2
0.01740337908,0.007999291644,-0.001923580072,0.00856148731,2
0.01740337908,0.007856126875,-0.002048512222,0.008072564378,1
0.01740337908,0.007712963037,-0.002178643364,0.007668189239,1
0.01740337908,0.0075697992,-0.002100389684,0.008017946966,1
0.01740337908,0.007426635362,-0.00215506088,0.00813701842,1
0.01740337908,0.007283471059,-0.0020792617,0.008842824027,1
0.01740337908,0.007140307222,-0.002111254027,0.008232164197,1
0.01740337908,0.006997142918,-0.002185018267,0.009091120213,1
0.01740337908,0.006853979081,-0.002326696413,0.008428124711,1
0.01740337908,0.006710814778,-0.002047872404,0.008156792261,2
0.01740337908,0.00656765094,-0.001774839475,0.007997340523,1
0.01740337908,0.006424486637,-0.001635446912,0.008374901488,3
0.01740337908,0.0062813228,-0.001662989031,0.008533424698,1
0.01740337908,0.006138158496,-0.001932968036,0.008592903614,1
0.01740337908,0.005994994659,-0.0020670956,0.008769248612,1
0.01740337908,0.005851830821,-0.002217209665,0.009279717691,1
0.01740337908,0.005708666518,-0.002426305087,0.009738909081,1
0.01740337908,0.005565502681,-0.002943495521,0.008624293841,1
0.01740337908,0.005422338378,-0.002523433417,0.00932270661,2
0.01740337908,0.00527917454,-0.002314143116,0.009750543162,1
0.01740337908,0.005136010237,-0.001872874796,0.00953205023,1
0.01740337908,0.0049928464,-0.001893581823,0.009775072336,1
0.01740337908,0.004849682096,-0.001924406155,0.009576031007,1
0.01740337908,0.004706518259,-0.001861764933,0.008365439251,1
0.01740337908,0.004563353956,-0.001621418749,0.01005942188,1
0.01740337908,0.004420190118,-0.002133071655,0.01003186032,1
0.01740337908,0.004277025815,-0.002158737741,0.009397924878,1
0.01740337908,0.004133861978,-0.002002421767,0.009548693895,1
0.01740337908,0.00399069814,-0.001973951468,0.009898290038,1
0.01740337908,0.003847533837,-0.001952191,0.009643250145,1
0.01740337908,0.003704369767,-0.001925795339,0.009357033297,1
0.01740337908,0.003561205696,-0.00186026562,0.009565360844,1
0.01740337908,0.003418041626,-0.001895676134,0.009582392871,1
0.01740337908,0.003274877556,-0.002293281956,0.008818253875,2
0.01740337908,0.003131713718,-0.002405722393,0.008356730454,1
0.01740337908,0.002988549648,-0.001444422291,0.008910086006,1
0.01740337908,0.002845385578,-0.001908294391,0.009159227833,1
0.01740337908,0.002702221507,-0.001903816592,0.009264349937,1
0.01740337908,0.002559057437,-0.001857056399,0.009005211294,1
0.01740337908,0.002415893367,-0.001693369239,0.009147708304,1
0.01740337908,0.002272729296,-0.001961327624,0.008974418975,1
0.01740337908,0.002129565226,-0.001920963521,0.008314504288,1
0.01740337908,0.001986401156,-0.001817314886,0.008744471706,2
0.01740337908,0.001843237202,-0.001596539747,0.009200029075,1
0.01740337908,0.001700073131,-0.001601355267,0.009707008488,1
0.01740337908,0.001556909061,-0.001651218277,0.009615863673,1
0.01740337908,0.001413744991,-0.00204655272,0.01011979207,1
0.01740337908,0.00127058092,-0.002147349995,0.01015404891,1
0.01740337908,0.00112741685,-0.00171868992,0.009579395875,2
0.01740337908,0.0009842528962,-0.001432614983,0.009236996993,1
0.01740337908,0.0008410888258,-0.001565249637,0.008437941782,1
0.01740337908,0.0006979247555,-0.001722041401,0.007985767908,1
0.01740337908,0.0005547606852,-0.001646412886,0.007907629944,1
0.01740337908,0.000411596644,-0.001569351531,0.007890788838,2
0.01740337908,0.0002684326028,-0.001430626609,0.007691484876,2
0.01740337908,0.000125268547,-0.001240550308,0.007548684254,2
0.01754654385,0.01916608773,-0.001856531482,0.005189749412,1
0.01754654385,0.01902292296,-0.001803640858,0.005191722885,1
0.01754654385,0.01887976006,-0.001949768397,0.005095669534,1
0.01754654385,0.01873659529,-0.001956145978,0.004931484815,1
0.01754654385,0.01859343052,-0.001872033463,0.00475454377,1
0.01754654385,0.01845026761,-0.001705951989,0.00465588877,1
0.01754654385,0.01830710284,-0.001755978446,0.005088732112,1
0.01754654385,0.01816393808,-0.001922507538,0.00510758115,1
0.01754654385,0.01802077517,-0.002046844456,0.004786930978,1
0.01754654385,0.0178776104,-0.001916631241,0.004666612484,1
0.01754654385,0.01773444749,-0.00191585836,0.004742564168,1
0.01754654385,0.01759128273,-0.001927060424,0.00481365528,1
0.01754654385,0.01744811796,-0.001944091287,0.005344931502,2
0.01754654385,0.01730495505,-0.001923476346,0.00536881946,1
0.01754654385,0.01716179028,-0.001867551822,0.005339505151,1
0.01754654385,0.01701862738,-0.001830335474,0.005018807482,1
0.01754654385,0.01687546261,-0.001857815078,0.004994200543,1
0.01754654385,0.01673229784,-0.001859033015,0.00551113626,1
0.01754654385,0.01658913493,-0.001870434033,0.005562224891,1
0.01754654385,0.01644597016,-0.001854089438,0.005375874694,2
0.01754654385,0.01630280726,-0.00178735808,0.005261366721,1
0.01754654385,0.01615964249,-0.002014831873,0.005532628391,1
0.01754654385,0.01601647772,-0.002100302605,0.005950760096,1
0.01754654385,0.01587331481,-0.001960429363,0.006290282123,1
0.01754654385,0.01573015004,-0.001896106405,0.005924963392,1
0.01754654385,0.01558698621,-0.002364143496,0.006101928186,1
0.01754654385,0.01544382237,-0.002393323695,0.006345290691,1
0.01754654385,0.0153006576,-0.002360304585,0.006394230295,1
0.01754654385,0.01515749376,-0.002103347098,0.005938032642,1
0.01754654385,0.01501432993,-0.002050753683,0.005858089309,1
0.01754654385,0.01487116609,-0.002170927823,0.005743818358,1
0.01754654385,0.01472800132,-0.002488254569,0.006793049164,1
0.01754654385,0.01458483748,-0.002672916511,0.007638834883,1
0.01754654385,0.01444167364,-0.002442482859,0.008356848732,1
0.01754654385,0.01429850981,-0.002250218065,0.008101103827,1
0.01754654385,0.01415534597,-0.002429773798,0.007644801866,1
0.01754654385,0.0140121812,-0.002468584338,0.007593795191,1
0.01754654385,0.01386901736,-0.002270060824,0.007769594435,1
0.01754654385,0.01372585353,-0.002088546986,0.007750985678,1
0.01754654385,0.01358268969,-0.001846836065,0.007860027254,1
0.01754654385,0.01343952492,-0.00168729818,0.007756966166,1
0.01754654385,0.01329636108,-0.001738251769,0.007805191912,1
0.01754654385,0.01315319724,-0.002501938725,0.008656607941,1
0.01754654385,0.01301003341,-0.002226483775,0.00800228212,1
0.01754654385,0.01286686864,-0.002049097093,0.007206312846,2
0.01754654385,0.0127237048,-0.002102221129,0.007238752209,1
0.01754654385,0.01258054096,-0.001962506911,0.007164614275,1
0.01754654385,0.01243737713,-0.001899973839,0.0075647505,1
0.01754654385,0.01229421329,-0.001912992564,0.007706476375,1
0.01754654385,0.01215104852,-0.001951300306,0.007678468246,1
0.01754654385,0.01200788468,-0.002057590755,0.007738156244,1
0.01754654385,0.01186472084,-0.00203064899,0.007600703742,1
0.01754654385,0.01172155701,-0.001875856426,0.006816824898,1
0.01754654385,0.01157839224,-0.001959250309,0.006626257207,1
0.01754654385,0.0114352284,-0.002011642791,0.006768106483,1
0.01754654385,0.01129206456,-0.00205327943,0.007046430837,1
0.01754654385,0.01114890072,-0.001895496738,0.006862728391,1
0.01754654385,0.01100573689,-0.001800948754,0.007354591507,1
0.01754654385,0.01086257212,-0.001876977971,0.007317087147,1
0.01754654385,0.01071940828,-0.001867896062,0.007196711842,1
0.01754654385,0.01057624444,-0.001840089797,0.006802052725,1
0.01754654385,0.01043308061,-0.001792777446,0.006465168204,1
0.01754654385,0.01028991584,-0.001413955935,0.006643452682,1
0.01754654385,0.010146752,-0.001699297456,0.006485507358,1
0.01754654385,0.01000358816,-0.002449977444,0.006689350586,1
0.01754654385,0.009860424325,-0.002365961438,0.007067698054,2
0.01754654385,0.009717259556,-0.002866450232,0.007481188048,1
0.01754654385,0.009574095719,-0.003316206858,0.007791053969,1
0.01754654385,0.009430931881,-0.003347298596,0.007426581345,1
0.01754654385,0.009287768044,-0.002502107527,0.007094502915,2
0.01754654385,0.009144604206,-0.00197925372,0.006996810902,2
0.01754654385,0.009001439437,-0.001974090468,0.00717689516,1
0.01754654385,0.0088582756,-0.002001424553,0.007554050535,1
0.01754654385,0.008715111762,-0.002064801287,0.007569467649,1
0.01754654385,0.008571947925,-0.002202796051,0.007409864571,1
0.01754654385,0.008428783156,-0.00205007894,0.006845131051,1
0.01754654385,0.008285619318,-0.002019174863,0.007133096457,1
0.01754654385,0.008142455481,-0.001898386865,0.007670206483,1
0.01754654385,0.007999291644,-0.00166863855,0.007638299372,1
0.01754654385,0.007856126875,-0.001843134523,0.006976936944,1
0.01754654385,0.007712963037,-0.002300226362,0.007191885728,1
0.01754654385,0.0075697992,-0.002250689315,0.008187876083,1
0.01754654385,0.007426635362,-0.002411563648,0.008369672112,1
0.01754654385,0.007283471059,-0.002103773877,0.008470123634,1
0.01754654385,0.007140307222,-0.002033981262,0.007795609068,1
0.01754654385,0.006997142918,-0.00221983646,0.008774952963,1
0.01754654385,0.006853979081,-0.00237080385,0.008483384736,1
0.01754654385,0.006710814778,-0.002051856369,0.008047995158,2
0.01754654385,0.00656765094,-0.002057339763,0.008003223687,1
0.01754654385,0.006424486637,-0.001853119582,0.008668225259,1
0.01754654385,0.0062813228,-0.001567187253,0.008244819008,1
0.01754654385,0.006138158496,-0.001933231018,0.00830951333,1
0.01754654385,0.005994994659,-0.002045314061,0.008323376067,1
0.01754654385,0.005851830821,-0.002549935132,0.008975703269,1
0.01754654385,0.005708666518,-0.002482746495,0.009502079338,1
0.01754654385,0.005565502681,-0.003251387505,0.008753249422,1
0.01754654385,0.005422338378,-0.002616622252,0.009236468934,2
0.01754654385,0.00527917454,-0.002806725912,0.01091394853,1
0.01754654385,0.005136010237,-0.002094676951,0.0100212153,2
0.01754654385,0.0049928464,-0.001709200442,0.01021626778,1
0.01754654385,0.004849682096,-0.002160995035,0.01029810775,1
0.01754654385,0.004706518259,-0.002269511111,0.0101384623,1
0.01754654385,0.004563353956,-0.002197785536,0.01025746483,1
0.01754654385,0.004420190118,-0.002031377284,0.009681684896,1
0.01754654385,0.004277025815,-0.001909043756,0.009271768853,1
0.01754654385,0.004133861978,-0.00194865698,0.009555960074,1
0.01754654385,0.00399069814,-0.002136142924,0.01005338505,1
0.01754654385,0.003847533837,-0.002242559567,0.009297366254,1
0.01754654385,0.003704369767,-0.002058880171,0.009189747274,2
0.01754654385,0.003561205696,-0.002067876747,0.009280666709,1
0.01754654385,0.003418041626,-0.001775063225,0.009833657183,1
0.01754654385,0.003274877556,-0.002584800357,0.00854462292,1
0.01754654385,0.003131713718,-0.002145793522,0.008497285657,2
0.01754654385,0.002988549648,-0.001467752969,0.008448219858,1
0.01754654385,0.002845385578,-0.002013525926,0.008908443153,1
0.01754654385,0.002702221507,-0.001956828171,0.008939106017,1
0.01754654385,0.002559057437,-0.001889175735,0.008645060472,1
0.01754654385,0.002415893367,-0.002023141365,0.008692976087,1
0.01754654385,0.002272729296,-0.002018250059,0.008440512232,1
0.01754654385,0.002129565226,-0.002004402224,0.008139928803,1
0.01754654385,0.001986401156,-0.001818130258,0.008548630401,2
0.01754654385,0.001843237202,-0.001612243359,0.008935386315,1
0.01754654385,0.001700073131,-0.001617081114,0.009379106574,1
0.01754654385,0.001556909061,-0.001647459576,0.009094486013,1
0.01754654385,0.001413744991,-0.001821135753,0.008904380724,1
0.01754654385,0.00127058092,-0.001954970183,0.009167746641,1
0.01754654385,0.00112741685,-0.001718628686,0.009071130306,2
0.01754654385,0.0009842528962,-0.001539903576,0.008850661106,2
0.01754654385,0.0008410888258,-0.001504519023,0.008496196009,2
0.01754654385,0.0006979247555,-0.00162936456,0.008237806149,2
0.01754654385,0.0005547606852,-0.001900967211,0.008013461716,1
0.01754654385,0.000411596644,-0.001897197566,0.007971141487,1
0.01754654385,0.0002684326028,-0.00160741352,0.007749502547,1
0.01754654385,0.000125268547,-0.001040534931,0.007910533808,1
0.01768970862,0.01916608773,-0.001890400308,0.00576429721,1
0.01768970862,0.01902292296,-0.001892849221,0.005306831561,1
0.01768970862,0.01887976006,-0.00161562115,0.005124481861,3
0.01768970862,0.01873659529,-0.001560390461,0.005302674137,1
0.01768970862,0.01859343052,-0.001883450081,0.004544211552,1
0.01768970862,0.01845026761,-0.001849783584,0.004739755765,1
0.01768970862,0.01830710284,-0.001874615205,0.005008541048,1
0.01768970862,0.01816393808,-0.001921100658,0.004910700489,1
0.01768970862,0.01802077517,-0.002074302873,0.004609713797,1
0.01768970862,0.0178776104,-0.001991387224,0.004435231909,1
0.01768970862,0.01773444749,-0.001932814484,0.004514697008,1
0.01768970862,0.01759128273,-0.001962331356,0.004712326918,1
0.01768970862,0.01744811796,-0.001985398354,0.005556814373,1
0.01768970862,0.01730495505,-0.001939492533,0.005285612773,1
0.01768970862,0.01716179028,-0.001847644686,0.005172736943,1
0.01768970862,0.01701862738,-0.0017654642,0.004662355874,1
0.01768970862,0.01687546261,-0.001795659773,0.004616844933,1
0.01768970862,0.01673229784,-0.001930336934,0.004925308283,1
0.01768970862,0.01658913493,-0.001966454787,0.005554638803,1
0.01768970862,0.01644597016,-0.001795159886,0.00534961978,1
0.01768970862,0.01630280726,-0.001809464069,0.005037945695,1
0.01768970862,0.01615964249,-0.00194135285,0.005208584946,1
0.01768970862,0.01601647772,-0.002024861984,0.005622753408,1
0.01768970862,0.01587331481,-0.00188123784,0.005929526407,1
0.01768970862,0.01573015004,-0.001732463948,0.005869077053,1
0.01768970862,0.01558698621,-0.001838278724,0.006117953919,1
0.01768970862,0.01544382237,-0.002036069985,0.005708464421,1
0.01768970862,0.0153006576,-0.002206408652,0.005331597291,1
0.01768970862,0.01515749376,-0.002139855176,0.004977563862,1
0.01768970862,0.01501432993,-0.001970355166,0.005638019647,1
0.01768970862,0.01487116609,-0.001879606862,0.005219151732,1
0.01768970862,0.01472800132,-0.002349150134,0.006567058153,1
0.01768970862,0.01458483748,-0.002455586335,0.00688673649,1
0.01768970862,0.01444167364,-0.002339897444,0.007485096809,1
0.01768970862,0.01429850981,-0.002303452697,0.007502682507,2
0.01768970862,0.01415534597,-0.00227091508,0.007703299168,1
0.01768970862,0.0140121812,-0.002584738191,0.007700973656,1
0.01768970862,0.01386901736,-0.002452144399,0.007712428924,1
0.01768970862,0.01372585353,-0.002132875146,0.007698858157,1
0.01768970862,0.01358268969,-0.001922060386,0.00768338982,1
0.01768970862,0.01343952492,-0.001726294984,0.007838623598,1
0.01768970862,0.01329636108,-0.001738796826,0.007876158692,1
0.01768970862,0.01315319724,-0.002118715551,0.007978793234,2
0.01768970862,0.01301003341,-0.002035966609,0.007404064294,2
0.01768970862,0.01286686864,-0.001812796691,0.006021041889,1
0.01768970862,0.0127237048,-0.002117980504,0.006604909431,1
0.01768970862,0.01258054096,-0.001842797152,0.006502382923,1
0.01768970862,0.01243737713,-0.00159615837,0.007175874431,1
0.01768970862,0.01229421329,-0.001731240074,0.007543338463,1
0.01768970862,0.01215104852,-0.001671850332,0.007610330824,1
0.01768970862,0.01200788468,-0.00140808092,0.00730834296,1
0.01768970862,0.01186472084,-0.001663136296,0.006732789334,1
0.01768970862,0.01172155701,-0.001588109997,0.006515755784,1
0.01768970862,0.01157839224,-0.001745988848,0.006338023581,1
0.01768970862,0.0114352284,-0.001855194336,0.006717314012,1
0.01768970862,0.01129206456,-0.001850364264,0.00676571019,1
0.01768970862,0.01114890072,-0.002042573178,0.006697588135,1
0.01768970862,0.01100573689,-0.001924721757,0.006901105866,1
0.01768970862,0.01086257212,-0.002171212574,0.006803914439,1
0.01768970862,0.01071940828,-0.002091384027,0.006672285032,1
0.01768970862,0.01057624444,-0.001857830328,0.00642061606,1
0.01768970862,0.01043308061,-0.001783700543,0.00619739946,1
0.01768970862,0.01028991584,-0.001412979444,0.006456004456,1
0.01768970862,0.010146752,-0.001773528638,0.006172824651,1
0.01768970862,0.01000358816,-0.001974374987,0.006152514368,1
0.01768970862,0.009860424325,-0.001866060426,0.006368381437,1
0.01768970862,0.009717259556,-0.001721632783,0.006829286925,1
0.01768970862,0.009574095719,-0.001648300327,0.00708078919,1
0.01768970862,0.009430931881,-0.003393390449,0.00774482172,1
0.01768970862,0.009287768044,-0.00262389658,0.005891111214,1
0.01768970862,0.009144604206,-0.001435311045,0.005735668819,1
0.01768970862,0.009001439437,-0.001786056324,0.006255119573,1
0.01768970862,0.0088582756,-0.002038725419,0.006991994102,1
0.01768970862,0.008715111762,-0.002041492146,0.007084585726,1
0.01768970862,0.008571947925,-0.001964966068,0.006901222747,1
0.01768970862,0.008428783156,-0.001936244429,0.006881245412,1
0.01768970862,0.008285619318,-0.001880634925,0.007005969062,1
0.01768970862,0.008142455481,-0.001930663944,0.007058845367,1
0.01768970862,0.007999291644,-0.001640752889,0.007060702424,1
0.01768970862,0.007856126875,-0.001839682576,0.006493762136,1
0.01768970862,0.007712963037,-0.002193880267,0.007085611112,1
0.01768970862,0.0075697992,-0.002166290767,0.00799802132,1
0.01768970862,0.007426635362,-0.00223495299,0.007953382097,2
0.01768970862,0.007283471059,-0.002337312559,0.007983285934,3
0.01768970862,0.007140307222,-0.001968528377,0.00738649955,2
0.01768970862,0.006997142918,-0.001770209754,0.006869146135,1
0.01768970862,0.006853979081,-0.001868983265,0.006889361423,1
0.01768970862,0.006710814778,-0.001731409458,0.007548580412,1
0.01768970862,0.00656765094,-0.002285969444,0.008243646473,1
0.01768970862,0.006424486637,-0.002126085106,0.008113234304,1
0.01768970862,0.0062813228,-0.001924326061,0.007940069772,2
0.01768970862,0.006138158496,-0.002018621657,0.008034451865,1
0.01768970862,0.005994994659,-0.002109193243,0.008071715012,1
0.01768970862,0.005851830821,-0.002322129905,0.008458595723,1
0.01768970862,0.005708666518,-0.002272834303,0.008430213667,2
0.01768970862,0.005565502681,-0.002352105686,0.008131248876,2
0.01768970862,0.005422338378,-0.001884942758,0.007955969311,1
0.01768970862,0.00527917454,-0.002138665877,0.00900711678,2
0.01768970862,0.005136010237,-0.001989906421,0.009422595613,2
0.01768970862,0.0049928464,-0.001902273973,0.01031006034,1
0.01768970862,0.004849682096,-0.002012976445,0.01028710324,2
0.01768970862,0.004706518259,-0.002330811229,0.0102867689,1
0.01768970862,0.004563353956,-0.002306832466,0.01048344746,1
0.01768970862,0.004420190118,-0.00207091379,0.009810471907,1
0.01768970862,0.004277025815,-0.001807429595,0.009429406375,1
0.01768970862,0.004133861978,-0.001857729629,0.009168037213,1
0.01768970862,0.00399069814,-0.001848209766,0.009021822363,1
0.01768970862,0.003847533837,-0.002074602759,0.008976426907,1
0.01768970862,0.003704369767,-0.00199928903,0.008823921904,2
0.01768970862,0.003561205696,-0.002017380204,0.009020281956,1
0.01768970862,0.003418041626,-0.001985575072,0.009705286473,1
0.01768970862,0.003274877556,-0.00217628479,0.009575482458,1
0.01768970862,0.003131713718,-0.002124898136,0.008639569394,1
0.01768970862,0.002988549648,-0.002046560403,0.008325451985,1
0.01768970862,0.002845385578,-0.001995492494,0.008610514924,1
0.01768970862,0.002702221507,-0.001964571886,0.008348371834,1
0.01768970862,0.002559057437,-0.001988715492,0.008339452557,2
0.01768970862,0.002415893367,-0.0020290541,0.008372175507,1
0.01768970862,0.002272729296,-0.002014206024,0.008233637549,1
0.01768970862,0.002129565226,-0.001815738622,0.008031207137,1
0.01768970862,0.001986401156,-0.001838560449,0.008374734782,2
0.01768970862,0.001843237202,-0.001704876428,0.008989756927,1
0.01768970862,0.001700073131,-0.001743297209,0.009036338888,1
0.01768970862,0.001556909061,-0.001587127685,0.00831975881,1
0.01768970862,0.001413744991,-0.00180525484,0.008369720541,1
0.01768970862,0.00127058092,-0.001910409075,0.0085459603,1
0.01768970862,0.00112741685,-0.001660950831,0.008686720394,2
0.01768970862,0.0009842528962,-0.00150385173,0.008598317392,2
0.01768970862,0.0008410888258,-0.001283558318,0.008458377793,1
0.01768970862,0.0006979247555,-0.00138993049,0.008455797099,1
0.01768970862,0.0005547606852,-0.001946916338,0.008085963316,1
0.01768970862,0.000411596644,-0.001931346836,0.008004407398,1
0.01768970862,0.0002684326028,-0.001872729976,0.008183224127,1
0.01768970862,0.000125268547,-0.001622354263,0.008508515544,1
0.01783287153,0.01916608773,-0.001782022533,0.005498564802,1
0.01783287153,0.01902292296,-0.001825714367,0.005298811477,2
0.01783287153,0.01887976006,-0.001808990957,0.005037838127,2
0.01783287153,0.01873659529,-0.001731567318,0.004764664453,2
0.01783287153,0.01859343052,-0.001760227489,0.004093124066,1
0.01783287153,0.01845026761,-0.002080786275,0.005281088874,1
0.01783287153,0.01830710284,-0.002038730774,0.005110626575,1
0.01783287153,0.01816393808,-0.002039492829,0.004706312902,1
0.01783287153,0.01802077517,-0.002109714318,0.004342704546,1
0.01783287153,0.0178776104,-0.002022667788,0.004179601558,1
0.01783287153,0.01773444749,-0.001953777159,0.004166984465,1
0.01783287153,0.01759128273,-0.002224759432,0.004302211106,1
0.01783287153,0.01744811796,-0.001985673094,0.005190541968,1
0.01783287153,0.01730495505,-0.001989729702,0.005130437668,1
0.01783287153,0.01716179028,-0.001845316845,0.004819702357,2
0.01783287153,0.01701862738,-0.001534473035,0.004297919571,1
0.01783287153,0.01687546261,-0.00159475801,0.004199367017,1
0.01783287153,0.01673229784,-0.001713235048,0.004703344777,1
0.01783287153,0.01658913493,-0.001303950907,0.003974835388,1
0.01783287153,0.01644597016,-0.001723275287,0.004910664633,1
0.01783287153,0.01630280726,-0.001825284096,0.004236112814,1
0.01783287153,0.01615964249,-0.001628165832,0.003637967631,1
0.01783287153,0.01601647772,-0.00223647221,0.004030832089,1
0.01783287153,0.01587331481,-0.002030518837,0.005156684667,1
0.01783287153,0.01573015004,-0.002022634959,0.003643915057,1
0.01783287153,0.01558698621,-0.001882006298,0.004096279852,2
0.01783287153,0.01544382237,-0.001775564277,0.004070094321,1
0.01783287153,0.0153006576,-0.001830851426,0.003786407411,1
0.01783287153,0.01515749376,-0.002080471255,0.004353525583,1
0.01783287153,0.01501432993,-0.001975263003,0.005414842162,1
0.01783287153,0.01487116609,-0.001995226368,0.005912175402,1
0.01783287153,0.01472800132,-0.002255556406,0.006322415546,1
0.01783287153,0.01458483748,-0.002374131,0.006107067689,1
0.01783287153,0.01444167364,-0.002506656572,0.00670846412,1
0.01783287153,0.01429850981,-0.00235278043,0.006721230224,2
0.01783287153,0.01415534597,-0.002379205078,0.007660161704,1
0.01783287153,0.0140121812,-0.002592817415,0.00763516454,1
0.01783287153,0.01386901736,-0.002685498679,0.007583122235,1
0.01783287153,0.01372585353,-0.002261854941,0.007947876118,2
0.01783287153,0.01358268969,-0.002083360683,0.007979337126,2
0.01783287153,0.01343952492,-0.002099316102,0.007682146505,1
0.01783287153,0.01329636108,-0.001760699204,0.007563273888,1
0.01783287153,0.01315319724,-0.002198159928,0.007978341542,1
0.01783287153,0.01301003341,-0.001985870767,0.007614139933,1
0.01783287153,0.01286686864,-0.002013470046,0.006339590997,2
0.01783287153,0.0127237048,-0.002205246128,0.006196047645,1
0.01783287153,0.01258054096,-0.001888666884,0.006153489463,1
0.01783287153,0.01243737713,-0.001423637732,0.00691962149,1
0.01783287153,0.01229421329,-0.001539342105,0.007845117711,1
0.01783287153,0.01215104852,-0.001480972744,0.007422110066,1
0.01783287153,0.01200788468,-0.001444077352,0.006889231503,1
0.01783287153,0.01186472084,-0.001472485834,0.00639108615,1
0.01783287153,0.01172155701,-0.001668537385,0.006531409919,1
0.01783287153,0.01157839224,-0.00174486835,0.006505414844,1
0.01783287153,0.0114352284,-0.001831067493,0.006683699321,1
0.01783287153,0.01129206456,-0.00183331687,0.006650341209,1
0.01783287153,0.01114890072,-0.001964081079,0.00623044977,2
0.01783287153,0.01100573689,-0.002202116186,0.006140782498,1
0.01783287153,0.01086257212,-0.002291118726,0.006587231066,1
0.01783287153,0.01071940828,-0.002284627175,0.005877744872,1
0.01783287153,0.01057624444,-0.002069496317,0.004766825587,1
0.01783287153,0.01043308061,-0.001828525565,0.004870055709,2
0.01783287153,0.01028991584,-0.001658305409,0.005446047988,1
0.01783287153,0.010146752,-0.001240706071,0.006161992438,1
0.01783287153,0.01000358816,-0.001897210022,0.006058887579,1
0.01783287153,0.009860424325,-0.002056959318,0.006078789942,1
0.01783287153,0.009717259556,-0.001616104622,0.006660721265,1
0.01783287153,0.009574095719,-0.001444046851,0.00695789326,1
0.01783287153,0.009430931881,-0.001884878846,0.007159940898,3
0.01783287153,0.009287768044,-0.002357745776,0.005734967533,1
0.01783287153,0.009144604206,-0.001353542553,0.00546694221,1
0.01783287153,0.009001439437,-0.00157516438,0.005736555904,1
0.01783287153,0.0088582756,-0.001939485199,0.006539996248,1
0.01783287153,0.008715111762,-0.001938032103,0.006701233797,1
0.01783287153,0.008571947925,-0.001949449419,0.006516968831,1
0.01783287153,0.008428783156,-0.001979277469,0.006456597243,1
0.01783287153,0.008285619318,-0.002008452546,0.006663143169,1
0.01783287153,0.008142455481,-0.001864771242,0.006681465078,1
0.01783287153,0.007999291644,-0.001782357926,0.006298547145,1
0.01783287153,0.007856126875,-0.001892219065,0.006842221599,1
0.01783287153,0.007712963037,-0.00198882143,0.007348666433,1
0.01783287153,0.0075697992,-0.002036737977,0.007858929224,1
0.01783287153,0.007426635362,-0.002024644753,0.007462548558,1
0.01783287153,0.007283471059,-0.001773296157,0.007199866697,1
0.01783287153,0.007140307222,-0.001732609933,0.006897957064,2
0.01783287153,0.006997142918,-0.001534985728,0.006267378107,1
0.01783287153,0.006853979081,-0.001607974758,0.00634639198,1
0.01783287153,0.006710814778,-0.001613744302,0.007050689775,1
0.01783287153,0.00656765094,-0.002052049618,0.00764613552,1
0.01783287153,0.006424486637,-0.002028798684,0.007625332568,1
0.01783287153,0.0062813228,-0.001985410228,0.007367773913,1
0.01783287153,0.006138158496,-0.002061107894,0.008032870479,1
0.01783287153,0.005994994659,-0.001913787681,0.008025573567,1
0.01783287153,0.005851830821,-0.00180544483,0.00824846793,1
0.01783287153,0.005708666518,-0.001934354659,0.007628929801,1
0.01783287153,0.005565502681,-0.001999258529,0.007385563571,2
0.01783287153,0.005422338378,-0.001835095347,0.007085145917,1
0.01783287153,0.00527917454,-0.001873088768,0.007735951804,1
0.01783287153,0.005136010237,-0.001824008883,0.008351990953,1
0.01783287153,0.0049928464,-0.001827730099,0.008546047844,1
0.01783287153,0.004849682096,-0.001657825778,0.01025347598,1
0.01783287153,0.004706518259,-0.001787428511,0.01067506336,1
0.01783287153,0.004563353956,-0.002064698143,0.00971101597,2
0.01783287153,0.004420190118,-0.002051511779,0.009444391355,1
0.01783287153,0.004277025815,-0.002016237704,0.009150950238,1
0.01783287153,0.004133861978,-0.001789866365,0.008385020308,1
0.01783287153,0.00399069814,-0.001780763152,0.008101467974,1
0.01783287153,0.003847533837,-0.001852848334,0.008006704971,1
0.01783287153,0.003704369767,-0.001846292755,0.008109232411,1
0.01783287153,0.003561205696,-0.001892689732,0.008387795649,1
0.01783287153,0.003418041626,-0.001994368387,0.008770712651,1
0.01783287153,0.003274877556,-0.00204212917,0.009096950293,2
0.01783287153,0.003131713718,-0.001970818732,0.009141097777,1
0.01783287153,0.002988549648,-0.001954326406,0.008029894903,1
0.01783287153,0.002845385578,-0.002093034796,0.007933661342,1
0.01783287153,0.002702221507,-0.002056136029,0.00813407544,1
0.01783287153,0.002559057437,-0.002072060248,0.007992203347,1
0.01783287153,0.002415893367,-0.001959406072,0.008031328209,1
0.01783287153,0.002272729296,-0.001947433921,0.008025493473,1
0.01783287153,0.002129565226,-0.001696802326,0.007939475589,1
0.01783287153,0.001986401156,-0.002015496604,0.00792934373,1
0.01783287153,0.001843237202,-0.00193061179,0.008221057244,1
0.01783287153,0.001700073131,-0.001652992796,0.007847189903,1
0.01783287153,0.001556909061,-0.001640163595,0.008082188666,1
0.01783287153,0.001413744991,-0.001723609748,0.008006075397,1
0.01783287153,0.00127058092,-0.001714197802,0.008177760057,2
0.01783287153,0.00112741685,-0.001510913833,0.008531471714,2
0.01783287153,0.0009842528962,-0.001530994312,0.008397512138,2
0.01783287153,0.0008410888258,-0.001398553024,0.008296963759,1
0.01783287153,0.0006979247555,-0.001730787917,0.008358779363,1
0.01783287153,0.0005547606852,-0.001881433185,0.008855767548,1
0.01783287153,0.000411596644,-0.002075825352,0.008296353742,1
0.01783287153,0.0002684326028,-0.002054394688,0.009045131505,1
0.01783287153,0.000125268547,-0.002012333833,0.008339825086,1
0.0179760363,0.01916608773,-0.001521621831,0.005882146768,1
0.0179760363,0.01902292296,-0.001818994642,0.005352012347,2
0.0179760363,0.01887976006,-0.002063061344,0.004963394254,1
0.0179760363,0.01873659529,-0.00179666013,0.004625022411,1
0.0179760363,0.01859343052,-0.001691228943,0.004405672662,1
0.0179760363,0.01845026761,-0.001858261996,0.005240535829,1
0.0179760363,0.01830710284,-0.001903612749,0.005073588341,1
0.0179760363,0.01816393808,-0.002167209983,0.00563315209,1
0.0179760363,0.01802077517,-0.002014917554,0.00399000477,1
0.0179760363,0.0178776104,-0.001798333135,0.003397842869,1
0.0179760363,0.01773444749,-0.001915353932,0.003282728139,1
0.0179760363,0.01759128273,-0.002089943038,0.00362814148,1
0.0179760363,0.01744811796,-0.002088556066,0.00392392464,1
0.0179760363,0.01730495505,-0.002077684738,0.004964848049,1
0.0179760363,0.01716179028,-0.002009419957,0.004677715246,1
0.0179760363,0.01701862738,-0.00161109434,0.004528576974,1
0.0179760363,0.01687546261,-0.001582004712,0.004239678849,1
0.0179760363,0.01673229784,-0.001555120223,0.004257319029,1
0.0179760363,0.01658913493,-0.001216583652,0.003267896129,1
0.0179760363,0.01644597016,-0.001485915855,0.002806757577,1
0.0179760363,0.01630280726,-0.001183717744,0.002781014191,1
0.0179760363,0.01615964249,-0.001313758665,0.002941902028,1
0.0179760363,0.01601647772,-0.00160434749,0.003669757629,1
0.0179760363,0.01587331481,-0.002028662944,0.004326086491,3
0.0179760363,0.01573015004,-0.001756888581,0.003327295417,1
0.0179760363,0.01558698621,-0.001891547465,0.002553156111,1
0.0179760363,0.01544382237,-0.001771743991,0.002257411368,1
0.0179760363,0.0153006576,-0.001992469188,0.003301432123,1
0.0179760363,0.01515749376,-0.001906466088,0.003529537236,1
0.0179760363,0.01501432993,-0.001604148303,0.004450465553,1
0.0179760363,0.01487116609,-0.001269374159,0.005645597819,3
0.0179760363,0.01472800132,-0.000999393058,0.005272931885,1
0.0179760363,0.01458483748,-0.00163782551,0.004618805367,2
0.0179760363,0.01444167364,-0.002076330595,0.00479568541,2
0.0179760363,0.01429850981,-0.002221807139,0.005013612565,2
0.0179760363,0.01415534597,-0.002042269334,0.005943061318,2
0.0179760363,0.0140121812,-0.001217811019,0.006807074882,1
0.0179760363,0.01386901736,-0.002009384567,0.007374750916,2
0.0179760363,0.01372585353,-0.002145685256,0.008530185558,1
0.0179760363,0.01358268969,-0.002050211187,0.008603937924,1
0.0179760363,0.01343952492,-0.00205486035,0.007507469039,1
0.0179760363,0.01329636108,-0.001654918306,0.007460753433,1
0.0179760363,0.01315319724,-0.001955192536,0.007861526683,1
0.0179760363,0.01301003341,-0.002151026856,0.007413983345,1
0.0179760363,0.01286686864,-0.002049966482,0.005527133122,1
0.0179760363,0.0127237048,-0.002155244118,0.005713938735,1
0.0179760363,0.01258054096,-0.001978412969,0.005768124945,1
0.0179760363,0.01243737713,-0.001316393842,0.006689083762,1
0.0179760363,0.01229421329,-0.001571638393,0.007493847515,1
0.0179760363,0.01215104852,-0.001964503434,0.006984185893,1
0.0179760363,0.01200788468,-0.00152155431,0.006132779177,1
0.0179760363,0.01186472084,-0.001609981991,0.006172507536,1
0.0179760363,0.01172155701,-0.001609023544,0.006591509096,1
0.0179760363,0.01157839224,-0.00177928491,0.006669620052,1
0.0179760363,0.0114352284,-0.00183911284,0.006614452694,1
0.0179760363,0.01129206456,-0.001892554807,0.006212078501,1
0.0179760363,0.01114890072,-0.00177831843,0.005433086772,2
0.0179760363,0.01100573689,-0.001792190131,0.004745672923,2
0.0179760363,0.01086257212,-0.001812796807,0.004056014586,1
0.0179760363,0.01071940828,-0.001839280711,0.003938296344,1
0.0179760363,0.01057624444,-0.001970757265,0.004995923955,1
0.0179760363,0.01043308061,-0.001802599989,0.003069950035,1
0.0179760363,0.01028991584,-0.001811357797,0.004547758494,1
0.0179760363,0.010146752,-0.001790325856,0.005083263386,2
0.0179760363,0.01000358816,-0.001929340069,0.005554222967,1
0.0179760363,0.009860424325,-0.001888038008,0.005918426439,1
0.0179760363,0.009717259556,-0.00192681828,0.006738090888,1
0.0179760363,0.009574095719,-0.002035773359,0.006936274935,1
0.0179760363,0.009430931881,-0.002253245795,0.005999076646,2
0.0179760363,0.009287768044,-0.00238812319,0.005352011882,2
0.0179760363,0.009144604206,-0.002577869454,0.005290287547,3
0.0179760363,0.009001439437,-0.001477012178,0.005501803942,1
0.0179760363,0.0088582756,-0.001738238032,0.005670668092,2
0.0179760363,0.008715111762,-0.001885972219,0.005880555604,2
0.0179760363,0.008571947925,-0.001958136912,0.006181271747,1
0.0179760363,0.008428783156,-0.002026109723,0.005739141256,1
0.0179760363,0.008285619318,-0.002466208767,0.006127354223,1
0.0179760363,0.008142455481,-0.001995463623,0.006225697696,1
0.0179760363,0.007999291644,-0.001500658458,0.005800644867,1
0.0179760363,0.007856126875,-0.001800816739,0.006217223126,1
0.0179760363,0.007712963037,-0.001799859456,0.006938540842,1
0.0179760363,0.0075697992,-0.001479597413,0.006569413934,1
0.0179760363,0.007426635362,-0.001383275026,0.006459273398,1
0.0179760363,0.007283471059,-0.001666685217,0.007150528021,1
0.0179760363,0.007140307222,-0.001653629355,0.006738084368,1
0.0179760363,0.006997142918,-0.001402097521,0.005591779947,2
0.0179760363,0.006853979081,-0.001505962689,0.005408158991,2
0.0179760363,0.006710814778,-0.001821287558,0.005318162031,1
0.0179760363,0.00656765094,-0.001859622425,0.006939896848,1
0.0179760363,0.006424486637,-0.001886155806,0.006795889698,1
0.0179760363,0.0062813228,-0.001858930103,0.007048329338,1
0.0179760363,0.006138158496,-0.001842145342,0.006532622036,1
0.0179760363,0.005994994659,-0.001694384031,0.007365922909,1
0.0179760363,0.005851830821,-0.001825036947,0.007866526954,1
0.0179760363,0.005708666518,-0.001759377192,0.007260232233,1
0.0179760363,0.005565502681,-0.001875478891,0.006696929689,1
0.0179760363,0.005422338378,-0.001908485196,0.006729633547,1
0.0179760363,0.00527917454,-0.001921191812,0.007302658167,1
0.0179760363,0.005136010237,-0.001814286341,0.007600359153,1
0.0179760363,0.0049928464,-0.001681961934,0.007676343899,1
0.0179760363,0.004849682096,-0.001883884775,0.008052901365,1
0.0179760363,0.004706518259,-0.002251939848,0.008299911395,1
0.0179760363,0.004563353956,-0.00211302028,0.008241160773,2
0.0179760363,0.004420190118,-0.002548987512,0.007435813546,1
0.0179760363,0.004277025815,-0.002139064716,0.007838875055,2
0.0179760363,0.004133861978,-0.00204538228,0.007732914761,1
0.0179760363,0.00399069814,-0.001834697672,0.007741154172,1
0.0179760363,0.003847533837,-0.001879337244,0.007825744338,1
0.0179760363,0.003704369767,-0.001866118517,0.00779748382,1
0.0179760363,0.003561205696,-0.001879990217,0.007711654063,1
0.0179760363,0.003418041626,-0.002165172249,0.007914846763,1
0.0179760363,0.003274877556,-0.002027045004,0.008900507353,1
0.0179760363,0.003131713718,-0.001979057444,0.008968054317,1
0.0179760363,0.002988549648,-0.001865236321,0.007737542037,1
0.0179760363,0.002845385578,-0.001863514772,0.007543275133,1
0.0179760363,0.002702221507,-0.00192993728,0.007800058462,1
0.0179760363,0.002559057437,-0.002085200744,0.007669119164,1
0.0179760363,0.002415893367,-0.001954234904,0.007636202965,1
0.0179760363,0.002272729296,-0.00193300785,0.007527935784,1
0.0179760363,0.002129565226,-0.00175133429,0.00762858009,1
0.0179760363,0.001986401156,-0.001647422323,0.007429264951,1
0.0179760363,0.001843237202,-0.001535698189,0.007173757534,1
0.0179760363,0.001700073131,-0.001556394738,0.007204938214,1
0.0179760363,0.001556909061,-0.001797211706,0.0077113281,1
0.0179760363,0.001413744991,-0.002000111621,0.007699303795,1
0.0179760363,0.00127058092,-0.00171185832,0.007627532352,1
0.0179760363,0.00112741685,-0.001137512503,0.0088638952,1
0.0179760363,0.0009842528962,-0.001710658777,0.008163295686,2
0.0179760363,0.0008410888258,-0.002007751958,0.008049509488,1
0.0179760363,0.0006979247555,-0.002071551047,0.008030492812,1
0.0179760363,0.0005547606852,-0.001850889064,0.008805034682,1
0.0179760363,0.000411596644,-0.002032621531,0.008055270649,1
0.0179760363,0.0002684326028,-0.001490349299,0.008530683815,1
0.0179760363,0.000125268547,-0.001700231805,0.00739644561,1
0.01811920106,0.01916608773,NaN,NaN,0
0.01811920106,0.01902292296,NaN,NaN,0
0.01811920106,0.01887976006,-0.002031048993,0.005196932238,1
0.01811920106,0.01873659529,-0.002014409751,0.004539417103,1
0.01811920106,0.01859343052,-0.001729180338,0.004595489707,1
0.01811920106,0.01845026761,-0.001827032538,0.005171260331,1
0.01811920106,0.01830710284,-0.00186180661,0.005226594862,1
0.01811920106,0.01816393808,-0.001917386544,0.004413671326,1
0.01811920106,0.01802077517,-0.001943780691,0.003720923094,2
0.01811920106,0.0178776104,-0.001912360894,0.002631694311,1
0.01811920106,0.01773444749,-0.001973109785,0.002640335821,1
0.01811920106,0.01759128273,-0.002238816814,0.002962338738,1
0.01811920106,0.01744811796,-0.002039435087,0.003657552181,1
0.01811920106,0.01730495505,-0.001982217655,0.004757299088,1
0.01811920106,0.01716179028,-0.0020999033,0.005190647207,1
0.01811920106,0.01701862738,-0.002169416053,0.005833273754,1
0.01811920106,0.01687546261,-0.002048764843,0.005303317681,1
0.01811920106,0.01673229784,-0.001887067105,0.004626898561,1
0.01811920106,0.01658913493,-0.001787641901,0.003702819347,1
0.01811920106,0.01644597016,-0.002146205166,0.002833281644,1
0.01811920106,0.01630280726,-0.0001085976764,0.002767638303,1
0.01811920106,0.01615964249,NaN,NaN,0
0.01811920106,0.01601647772,NaN,NaN,0
0.01811920106,0.01587331481,-0.00196876307,0.003687898163,1
0.01811920106,0.01573015004,-0.002031881828,0.003322883043,1
0.01811920106,0.01558698621,-0.002056701109,0.00228397944,1
0.01811920106,0.01544382237,-0.001801765175,0.003238553647,1
0.01811920106,0.0153006576,-0.001730963937,0.003263210645,1
0.01811920106,0.01515749376,-0.001459085732,0.002503411146,1
0.01811920106,0.01501432993,-0.001272817259,0.003279988421,2
0.01811920106,0.01487116609,-0.0006601770874,0.003503072308,1
0.01811920106,0.01472800132,-0.0003577798198,0.003891176311,1
0.01811920106,0.01458483748,-0.001101447619,0.002299536718,1
0.01811920106,0.01444167364,-0.001939032809,0.002841858426,2
0.01811920106,0.01429850981,-0.002415848663,0.002594473772,1
0.01811920106,0.01415534597,-0.002350253752,0.004291396122,1
0.01811920106,0.0140121812,-0.001969742123,0.005670823157,2
0.01811920106,0.01386901736,-0.001988543198,0.006578620523,2
0.01811920106,0.01372585353,-0.001818706747,0.007120673545,1
0.01811920106,0.01358268969,-0.001920684008,0.007387760095,1
0.01811920106,0.01343952492,-0.001949504367,0.007215769496,1
0.01811920106,0.01329636108,-0.001925577293,0.007368391845,2
0.01811920106,0.01315319724,-0.002051589545,0.007756743114,2
0.01811920106,0.01301003341,-0.00214936398,0.008489479311,1
0.01811920106,0.01286686864,-0.002215029439,0.007291262504,3
0.01811920106,0.0127237048,-0.001887522289,0.004927454051,1
0.01811920106,0.01258054096,-0.001778580132,0.005003688857,1
0.01811920106,0.01243737713,-0.001709903358,0.006252196152,1
0.01811920106,0.01229421329,-0.001757534104,0.006349263247,1
0.01811920106,0.01215104852,-0.001893373788,0.006379277445,1
0.01811920106,0.01200788468,-0.001372904051,0.006577113643,1
0.01811920106,0.01186472084,-0.001811033697,0.006510196254,2
0.01811920106,0.01172155701,-0.002306428505,0.006756563671,1
0.01811920106,0.01157839224,-0.001890317188,0.006516516209,1
0.01811920106,0.0114352284,-0.001804194879,0.006356978323,2
0.01811920106,0.01129206456,-0.001698340871,0.006120853126,1
0.01811920106,0.01114890072,-0.001464447472,0.004544145893,1
0.01811920106,0.01100573689,-0.001375529449,0.003352807602,1
0.01811920106,0.01086257212,-0.001618264709,0.003222735599,1
0.01811920106,0.01071940828,-0.001750752563,0.003515219549,1
0.01811920106,0.01057624444,-0.001848649466,0.004712603055,1
0.01811920106,0.01043308061,-0.002234578365,0.002670871094,1
0.01811920106,0.01028991584,-0.002243343275,0.003370064544,1
0.01811920106,0.010146752,-0.002179899253,0.004069080111,1
0.01811920106,0.01000358816,-0.00163124979,0.00609646691,1
0.01811920106,0.009860424325,-0.001563164638,0.006384372711,1
0.01811920106,0.009717259556,-0.002145984676,0.005708227865,1
0.01811920106,0.009574095719,-0.002458740259,0.005342674907,2
0.01811920106,0.009430931881,-0.002704207785,0.004548080731,1
0.01811920106,0.009287768044,-0.002363631036,0.00438371487,1
0.01811920106,0.009144604206,-0.001354619628,0.004554631654,1
0.01811920106,0.009001439437,-0.001615688321,0.004346870352,1
0.01811920106,0.0088582756,-0.001650482765,0.004760317039,1
0.01811920106,0.008715111762,-0.001909481594,0.004969048779,2
0.01811920106,0.008571947925,-0.002041915664,0.004910069983,2
0.01811920106,0.008428783156,-0.002200059127,0.005140446126,2
0.01811920106,0.008285619318,-0.002584918635,0.0066758045,1
0.01811920106,0.008142455481,-0.001816582517,0.005618676078,1
0.01811920106,0.007999291644,-0.001535179908,0.005237996113,1
0.01811920106,0.007856126875,-0.001677476335,0.005660071038,1
0.01811920106,0.007712963037,-0.001770194038,0.005936095957,1
0.01811920106,0.0075697992,-0.001117691863,0.005534339231,1
0.01811920106,0.007426635362,-0.001019441406,0.005302350502,1
0.01811920106,0.007283471059,-0.001427568845,0.006370699964,1
0.01811920106,0.007140307222,-0.001461428124,0.006062526256,1
0.01811920106,0.006997142918,-0.0009138124296,0.003953498788,1
0.01811920106,0.006853979081,-0.001192491036,0.004376302473,1
0.01811920106,0.006710814778,-0.001628625789,0.006399525795,1
0.01811920106,0.00656765094,-0.001781170722,0.006643841974,1
0.01811920106,0.006424486637,-0.001799793099,0.006407987792,1
0.01811920106,0.0062813228,-0.001728990814,0.006411643699,1
0.01811920106,0.006138158496,-0.001784796477,0.005499498919,2
0.01811920106,0.005994994659,-0.001717817155,0.006159040146,2
0.01811920106,0.005851830821,-0.001524896361,0.006448490545,1
0.01811920106,0.005708666518,-0.001539993333,0.006726393942,1
0.01811920106,0.005565502681,-0.00183442235,0.006465582643,1
0.01811920106,0.005422338378,-0.00188460201,0.006503884215,1
0.01811920106,0.00527917454,-0.001983384835,0.007071397733,1
0.01811920106,0.005136010237,-0.001880139927,0.007024133112,1
0.01811920106,0.0049928464,-0.001720833709,0.007409089711,1
0.01811920106,0.004849682096,-0.001920470269,0.007788413204,1
0.01811920106,0.004706518259,-0.002144427737,0.007777591236,1
0.01811920106,0.004563353956,-0.001586454688,0.007517903112,1
0.01811920106,0.004420190118,-0.001813664101,0.007055839989,1
0.01811920106,0.004277025815,-0.001945651951,0.007035820279,1
0.01811920106,0.004133861978,-0.001975225285,0.007525279652,3
0.01811920106,0.00399069814,-0.001737860963,0.00755563518,1
0.01811920106,0.003847533837,-0.001806978718,0.007537430618,1
0.01811920106,0.003704369767,-0.001878124895,0.00752938306,1
0.01811920106,0.003561205696,-0.001939610112,0.007581696846,1
0.01811920106,0.003418041626,-0.001895533525,0.008332231082,1
0.01811920106,0.003274877556,-0.001881511649,0.007552505936,1
0.01811920106,0.003131713718,-0.001864948543,0.007499523927,1
0.01811920106,0.002988549648,-0.001658351044,0.007013990544,1
0.01811920106,0.002845385578,-0.001697906177,0.007157033309,2
0.01811920106,0.002702221507,-0.001542678219,0.007064668462,1
0.01811920106,0.002559057437,-0.001822624821,0.007879456505,1
0.01811920106,0.002415893367,-0.001945182099,0.00688226847,1
0.01811920106,0.002272729296,-0.002109239576,0.006923957728,1
0.01811920106,0.002129565226,-0.002031103009,0.007317003794,1
0.01811920106,0.001986401156,-0.001624902128,0.0072862464,1
0.01811920106,0.001843237202,-0.001459184103,0.007010288071,1
0.01811920106,0.001700073131,-0.001543982071,0.006971246563,1
0.01811920106,0.001556909061,-0.001790038194,0.007586390711,1
0.01811920106,0.001413744991,-0.00181805843,0.007456792984,1
0.01811920106,0.00127058092,-0.001842705533,0.008219342679,1
0.01811920106,0.00112741685,-0.001877707895,0.008239421062,1
0.01811920106,0.0009842528962,-0.002166376682,0.007342264988,1
0.01811920106,0.0008410888258,-0.001918732305,0.008526991121,1
0.01811920106,0.0006979247555,-0.002098947996,0.008355753496,1
0.01811920106,0.0005547606852,-0.002498097019,0.007649901323,1
0.01811920106,0.000411596644,-0.001707497635,0.007814687677,1
0.01811920106,0.0002684326028,-0.001506353379,0.007358375937,1
0.01811920106,0.000125268547,-0.001651940169,0.00611568382,1
0.01826236397,0.01916608773,NaN,NaN,0
0.01826236397,0.01902292296,NaN,NaN,0
0.01826236397,0.01887976006,NaN,NaN,0
0.01826236397,0.01873659529,NaN,NaN,0
0.01826236397,0.01859343052,NaN,NaN,0
0.01826236397,0.01845026761,NaN,NaN,0
0.01826236397,0.01830710284,NaN,NaN,0
0.01826236397,0.01816393808,NaN,NaN,0
0.01826236397,0.01802077517,NaN,NaN,0
0.01826236397,0.0178776104,NaN,NaN,0
0.01826236397,0.01773444749,NaN,NaN,0
0.01826236397,0.01759128273,NaN,NaN,0
0.01826236397,0.01744811796,NaN,NaN,0
0.01826236397,0.01730495505,NaN,NaN,0
0.01826236397,0.01716179028,NaN,NaN,0
0.01826236397,0.01701862738,NaN,NaN,0
0.01826236397,0.01687546261,NaN,NaN,0
0.01826236397,0.01673229784,NaN,NaN,0
0.01826236397,0.01658913493,NaN,NaN,0
0.01826236397,0.01644597016,NaN,NaN,0
0.01826236397,0.01630280726,NaN,NaN,0
0.01826236397,0.01615964249,NaN,NaN,0
0.01826236397,0.01601647772,NaN,NaN,0
0.01826236397,0.01587331481,NaN,NaN,0
0.01826236397,0.01573015004,NaN,NaN,0
0.01826236397,0.01558698621,NaN,NaN,0
0.01826236397,0.01544382237,NaN,NaN,0
0.01826236397,0.0153006576,NaN,NaN,0
0.01826236397,0.01515749376,NaN,NaN,0
0.01826236397,0.01501432993,NaN,NaN,0
0.01826236397,0.01487116609,-0.001188034075,0.001831331989,1
0.01826236397,0.01472800132,-0.001024322701,0.002097508404,1
0.01826236397,0.01458483748,-0.001140194363,0.001678778674,1
0.01826236397,0.01444167364,-0.002162504476,0.001677738037,1
0.01826236397,0.01429850981,-0.003180066356,0.002426041057,1
0.01826236397,0.01415534597,-0.00286165555,0.003395221429,1
0.01826236397,0.0140121812,-0.002322359942,0.005006200634,2
0.01826236397,0.01386901736,-0.002156339353,0.006148234941,2
0.01826236397,0.01372585353,-0.002124515828,0.007336354349,1
0.01826236397,0.01358268969,-0.002029889962,0.007662456017,1
0.01826236397,0.01343952492,-0.001933947322,0.00671308022,3
0.01826236397,0.01329636108,-0.002046297304,0.007040300872,2
0.01826236397,0.01315319724,-0.002176224254,0.007307575084,2
0.01826236397,0.01301003341,-0.00228961953,0.007405763492,2
0.01826236397,0.01286686864,-0.002132665832,0.006310900208,2
0.01826236397,0.0127237048,-0.001808769186,0.004390888382,1
0.01826236397,0.01258054096,-0.001718678395,0.004549665842,1
0.01826236397,0.01243737713,-0.001729094656,0.005932354834,1
0.01826236397,0.01229421329,-0.001767499489,0.005658254959,1
0.01826236397,0.01215104852,-0.001832104288,0.006155670155,1
0.01826236397,0.01200788468,-0.002002982423,0.005630778149,1
0.01826236397,0.01186472084,-0.00195482024,0.006534601562,1
0.01826236397,0.01172155701,-0.00197724672,0.006578194909,1
0.01826236397,0.01157839224,-0.001945382683,0.006241719238,1
0.01826236397,0.0114352284,-0.001789008267,0.006176092196,1
0.01826236397,0.01129206456,-0.001731747761,0.006539102644,1
0.01826236397,0.01114890072,-0.001344198245,0.004461774137,1
0.01826236397,0.01100573689,-0.001141276211,0.003111454425,1
0.01826236397,0.01086257212,-0.001476548612,0.002458613832,1
0.01826236397,0.01071940828,-0.001937468187,0.003283467842,1
0.01826236397,0.01057624444,-0.001770922448,0.00346429646,1
0.01826236397,0.01043308061,-0.002124845516,0.003320933785,1
0.01826236397,0.01028991584,-0.002085607033,0.002845904324,1
0.01826236397,0.010146752,-0.002004246693,0.00340829324,1
0.01826236397,0.01000358816,-0.001846458646,0.00394474389,2
0.01826236397,0.009860424325,-0.001874681213,0.004263366107,2
0.01826236397,0.009717259556,-0.002407965017,0.004248627927,2
0.01826236397,0.009574095719,-0.002948995214,0.004178116098,2
0.01826236397,0.009430931881,-0.002968575107,0.004443182144,1
0.01826236397,0.009287768044,-0.002498852788,0.00405612262,1
0.01826236397,0.009144604206,-0.002332453616,0.003716783598,1
0.01826236397,0.009001439437,-0.001973950304,0.004225824028,1
0.01826236397,0.0088582756,-0.002071047435,0.004669446964,1
0.01826236397,0.008715111762,-0.002059555613,0.004325252026,2
0.01826236397,0.008571947925,-0.002099985722,0.003349511884,1
0.01826236397,0.008428783156,-0.00214729202,0.003236770164,1
0.01826236397,0.008285619318,-0.002045699628,0.004419638775,2
0.01826236397,0.008142455481,-0.001572750625,0.004252079874,2
0.01826236397,0.007999291644,-0.001571443863,0.004625535104,2
0.01826236397,0.007856126875,-0.002003743779,0.006468036678,1
0.01826236397,0.007712963037,-0.00181703316,0.006800686941,1
0.01826236397,0.0075697992,-0.00123355852,0.005006536841,1
0.01826236397,0.007426635362,-0.001553206821,0.004191522021,1
0.01826236397,0.007283471059,-0.001348461839,0.004707507789,1
0.01826236397,0.007140307222,-0.00141864561,0.005584929604,1
0.01826236397,0.006997142918,-0.0009172028513,0.003597114002,1
0.01826236397,0.006853979081,-0.001275454764,0.005330664106,1
0.01826236397,0.006710814778,-0.001526830252,0.005954635795,1
0.01826236397,0.00656765094,-0.001622956712,0.005728081334,1
0.01826236397,0.006424486637,-0.001071781036,0.005303514656,1
0.01826236397,0.0062813228,-0.001527866349,0.003038603114,1
0.01826236397,0.006138158496,-0.001850232366,0.002894688863,1
0.01826236397,0.005994994659,-0.001867191982,0.005322247278,1
0.01826236397,0.005851830821,-0.001767833717,0.007694812026,1
0.01826236397,0.005708666518,-0.001922434894,0.005995503627,2
0.01826236397,0.005565502681,-0.002162719844,0.006321632769,1
0.01826236397,0.005422338378,-0.00187635317,0.007497513667,1
0.01826236397,0.00527917454,-0.002025900409,0.00656136591,2
0.01826236397,0.005136010237,-0.002179194707,0.006408786401,1
0.01826236397,0.0049928464,-0.002207894577,0.006814128254,1
0.01826236397,0.004849682096,-0.002267341828,0.007446125615,1
0.01826236397,0.004706518259,-0.001879967749,0.007137770299,2
0.01826236397,0.004563353956,-0.00146423059,0.006895476952,1
0.01826236397,0.004420190118,-0.00171057228,0.006259807851,1
0.01826236397,0.004277025815,-0.001867791754,0.006348894909,1
0.01826236397,0.004133861978,-0.001409111079,0.007037066855,1
0.01826236397,0.00399069814,-0.00171503867,0.007378494367,1
0.01826236397,0.003847533837,-0.001790933777,0.00722319819,1
0.01826236397,0.003704369767,-0.002042532898,0.007217572536,1
0.01826236397,0.003561205696,-0.001873347093,0.0073945513,1
0.01826236397,0.003418041626,-0.001679726527,0.007427483797,1
0.01826236397,0.003274877556,-0.00174182991,0.006911491975,2
0.01826236397,0.003131713718,-0.001698328299,0.00651881285,1
0.01826236397,0.002988549648,-0.001734576537,0.006853227504,1
0.01826236397,0.002845385578,-0.001727080555,0.007006200496,1
0.01826236397,0.002702221507,-0.00179416372,0.007136892993,1
0.01826236397,0.002559057437,-0.001984889386,0.007844196633,1
0.01826236397,0.002415893367,-0.002051859861,0.006514272653,1
0.01826236397,0.002272729296,-0.002257792745,0.00633372087,1
0.01826236397,0.002129565226,-0.002154267626,0.006721428595,1
0.01826236397,0.001986401156,-0.001883584773,0.006895395461,1
0.01826236397,0.001843237202,-0.001657044166,0.006776994094,1
0.01826236397,0.001700073131,-0.001466554007,0.006653460208,1
0.01826236397,0.001556909061,-0.001311005326,0.006570958067,1
0.01826236397,0.001413744991,-0.001467311755,0.006097922567,1
0.01826236397,0.00127058092,-0.001652992796,0.006840420887,1
0.01826236397,0.00112741685,-0.001718650688,0.00657090405,1
0.01826236397,0.0009842528962,-0.001669353456,0.006256551947,1
0.01826236397,0.0008410888258,-0.001452992554,0.007215492893,1
0.01826236397,0.0006979247555,-0.002086613793,0.007287393324,1
0.01826236397,0.0005547606852,-0.001964493189,0.007164229173,2
0.01826236397,0.000411596644,-0.001615732792,0.007144690957,2
0.01826236397,0.0002684326028,-0.001290412503,0.00702186441,1
0.01826236397,0.000125268547,-0.001865242491,0.006625846494,1
0.01840552874,0.01916608773,NaN,NaN,0
0.01840552874,0.01902292296,NaN,NaN,0
0.01840552874,0.01887976006,NaN,NaN,0
0.01840552874,0.01873659529,NaN,NaN,0
0.01840552874,0.01859343052,NaN,NaN,0
0.01840552874,0.01845026761,NaN,NaN,0
0.01840552874,0.01830710284,NaN,NaN,0
0.01840552874,0.01816393808,NaN,NaN,0
0.01840552874,0.01802077517,NaN,NaN,0
0.01840552874,0.0178776104,NaN,NaN,0
0.01840552874,0.01773444749,NaN,NaN,0
0.01840552874,0.01759128273,NaN,NaN,0
0.01840552874,0.01744811796,NaN,NaN,0
0.01840552874,0.01730495505,NaN,NaN,0
0.01840552874,0.01716179028,NaN,NaN,0
0.01840552874,0.01701862738,NaN,NaN,0
0.01840552874,0.01687546261,NaN,NaN,0
0.01840552874,0.01673229784,NaN,NaN,0
0.01840552874,0.01658913493,NaN,NaN,0
0.01840552874,0.01644597016,NaN,NaN,0
0.01840552874,0.01630280726,NaN,NaN,0
0.01840552874,0.01615964249,NaN,NaN,0
0.01840552874,0.01601647772,NaN,NaN,0
0.01840552874,0.01587331481,NaN,NaN,0
0.01840552874,0.01573015004,NaN,NaN,0
0.01840552874,0.01558698621,NaN,NaN,0
0.01840552874,0.01544382237,NaN,NaN,0
0.01840552874,0.0153006576,NaN,NaN,0
0.01840552874,0.01515749376,NaN,NaN,0
0.01840552874,0.01501432993,NaN,NaN,0
0.01840552874,0.01487116609,NaN,NaN,0
0.01840552874,0.01472800132,NaN,NaN,0
0.01840552874,0.01458483748,NaN,NaN,0
0.01840552874,0.01444167364,NaN,NaN,0
0.01840552874,0.01429850981,NaN,NaN,0
0.01840552874,0.01415534597,NaN,NaN,0
0.01840552874,0.0140121812,NaN,NaN,0
0.01840552874,0.01386901736,NaN,NaN,0
0.01840552874,0.01372585353,NaN,NaN,0
0.01840552874,0.01358268969,NaN,NaN,0
0.01840552874,0.01343952492,NaN,NaN,0
0.01840552874,0.01329636108,NaN,NaN,0
0.01840552874,0.01315319724,NaN,NaN,0
0.01840552874,0.01301003341,-0.002700224286,0.007515098434,1
0.01840552874,0.01286686864,-0.002217244823,0.006155687384,2
0.01840552874,0.0127237048,-0.001872945344,0.004806312267,1
0.01840552874,0.01258054096,-0.001868409803,0.004776387475,1
0.01840552874,0.01243737713,-0.001765279332,0.006082442589,1
0.01840552874,0.01229421329,-0.001690659206,0.007075994276,1
0.01840552874,0.01215104852,-0.001935945824,0.005775486585,1
0.01840552874,0.01200788468,-0.002033296507,0.005437723361,1
0.01840552874,0.01186472084,-0.001974466722,0.006277004723,1
0.01840552874,0.01172155701,-0.001993302023,0.006120129488,1
0.01840552874,0.01157839224,-0.002042546635,0.006233816035,1
0.01840552874,0.0114352284,-0.002038282575,0.006462970749,1
0.01840552874,0.01129206456,-0.001989305951,0.006105730776,2
0.01840552874,0.01114890072,-0.002147845458,0.005822390318,1
0.01840552874,0.01100573689,-0.001872993656,0.004126484506,2
0.01840552874,0.01086257212,-0.002144003054,0.00321859587,2
0.01840552874,0.01071940828,-0.003039916512,0.00258257729,1
0.01840552874,0.01057624444,-0.001870795619,0.002842469839,1
0.01840552874,0.01043308061,-0.002164680045,0.003259003162,1
0.01840552874,0.01028991584,-0.001919553266,0.002723074052,1
0.01840552874,0.010146752,-0.001792968833,0.003079502843,1
0.01840552874,0.01000358816,-0.00187565689,0.002010850701,1
0.01840552874,0.009860424325,-0.0016811362,0.002475718735,1
0.01840552874,0.009717259556,-0.002662199084,0.00284480094,1
0.01840552874,0.009574095719,-0.00396070024,0.002677980345,1
0.01840552874,0.009430931881,-0.002624446061,0.004184829537,1
0.01840552874,0.009287768044,NaN,NaN,0
0.01840552874,0.009144604206,NaN,NaN,0
0.01840552874,0.009001439437,-0.001981489128,0.003953584936,1
0.01840552874,0.0088582756,-0.002022628672,0.004498921335,1
0.01840552874,0.008715111762,-0.002157707466,0.004313001409,1
0.01840552874,0.008571947925,-0.002455086214,0.004482740536,1
0.01840552874,0.008428783156,-0.00258098403,0.00421260437,1
0.01840552874,0.008285619318,-0.001877837465,0.003513899865,2
0.01840552874,0.008142455481,-0.0008572762017,0.002344469773,1
0.01840552874,0.007999291644,-0.001174101257,0.002544028219,1
0.01840552874,0.007856126875,-0.001747639384,0.005665967241,1
0.01840552874,0.007712963037,-0.002324734349,0.006810738239,1
0.01840552874,0.0075697992,-0.001498607104,0.004109599162,1
0.01840552874,0.007426635362,-0.001838187221,0.003208440263,1
0.01840552874,0.007283471059,-0.00175062567,0.003841168247,1
0.01840552874,0.007140307222,-0.001856230898,0.003895335365,2
0.01840552874,0.006997142918,-0.001272522961,0.002294552512,1
0.01840552874,0.006853979081,-0.001398858964,0.00385212712,1
0.01840552874,0.006710814778,-0.00153271493,0.003951568156,1
0.01840552874,0.00656765094,-0.001226364053,0.004349777475,1
0.01840552874,0.006424486637,-0.00132106198,0.003502298379,2
0.01840552874,0.0062813228,-0.001533152303,0.001399824047,1
0.01840552874,0.006138158496,-0.002070290968,0.002220094204,1
0.01840552874,0.005994994659,-0.00208500959,0.00571027305,1
0.01840552874,0.005851830821,-0.001880428055,0.00741396891,1
0.01840552874,0.005708666518,-0.002219192684,0.003239174606,1
0.01840552874,0.005565502681,-0.002468799008,0.005569998641,1
0.01840552874,0.005422338378,-0.002128394553,0.005624498241,2
0.01840552874,0.00527917454,-0.002064668806,0.005267765839,2
0.01840552874,0.005136010237,-0.002131296089,0.005184446461,2
0.01840552874,0.0049928464,-0.002399300225,0.006101575214,1
0.01840552874,0.004849682096,-0.001880745986,0.006742705125,1
0.01840552874,0.004706518259,-0.001643871074,0.006431886926,1
0.01840552874,0.004563353956,-0.001699840068,0.006273705047,1
0.01840552874,0.004420190118,-0.001786552486,0.00640273001,1
0.01840552874,0.004277025815,-0.001466121525,0.006537960377,1
0.01840552874,0.004133861978,-0.001809142181,0.006707807537,1
0.01840552874,0.00399069814,-0.001198390499,0.007385882549,1
0.01840552874,0.003847533837,-0.001468201168,0.007242144551,2
0.01840552874,0.003704369767,-0.00165199989,0.007254360709,1
0.01840552874,0.003561205696,-0.002374234609,0.007898511365,1
0.01840552874,0.003418041626,-0.00179805723,0.007084546145,1
0.01840552874,0.003274877556,-0.001707753283,0.006147166248,1
0.01840552874,0.003131713718,-0.001866357401,0.006322931033,1
0.01840552874,0.002988549648,-0.001920007286,0.006663129199,1
0.01840552874,0.002845385578,-0.001912161126,0.007016461808,1
0.01840552874,0.002702221507,-0.002029397525,0.007108600345,1
0.01840552874,0.002559057437,-0.002050528536,0.006251670886,2
0.01840552874,0.002415893367,-0.002152941423,0.005805597641,2
0.01840552874,0.002272729296,-0.001926969038,0.005197528284,1
0.01840552874,0.002129565226,-0.001974946819,0.005546441302,1
0.01840552874,0.001986401156,-0.001882356475,0.005867480766,1
0.01840552874,0.001843237202,-0.0016661142,0.00636760937,1
0.01840552874,0.001700073131,-0.001463531516,0.006435341202,1
0.01840552874,0.001556909061,-0.001225444605,0.006339970045,1
0.01840552874,0.001413744991,-0.001423667418,0.005521642976,1
0.01840552874,0.00127058092,-0.001132787555,0.00602469407,1
0.01840552874,0.00112741685,-0.001424725866,0.00584216835,1
0.01840552874,0.0009842528962,-0.001626357436,0.005946409889,1
0.01840552874,0.0008410888258,-0.001396984328,0.00604035845,1
0.01840552874,0.0006979247555,-0.001641511917,0.006520768628,2
0.01840552874,0.0005547606852,-0.001657529734,0.006574930623,2
0.01840552874,0.000411596644,-0.001500527374,0.006577982102,2
0.01840552874,0.0002684326028,-0.001105343341,0.006605250761,1
0.01840552874,0.000125268547,-0.001898462069,0.006578281056,1
0.01854869165,0.01916608773,NaN,NaN,0
0.01854869165,0.01902292296,NaN,NaN,0
0.01854869165,0.01887976006,NaN,NaN,0
0.01854869165,0.01873659529,NaN,NaN,0
0.01854869165,0.01859343052,NaN,NaN,0
0.01854869165,0.01845026761,NaN,NaN,0
0.01854869165,0.01830710284,NaN,NaN,0
0.01854869165,0.01816393808,NaN,NaN,0
0.01854869165,0.01802077517,NaN,NaN,0
0.01854869165,0.0178776104,NaN,NaN,0
0.01854869165,0.01773444749,NaN,NaN,0
0.01854869165,0.01759128273,NaN,NaN,0
0.01854869165,0.01744811796,NaN,NaN,0
0.01854869165,0.01730495505,NaN,NaN,0
0.01854869165,0.01716179028,NaN,NaN,0
0.01854869165,0.01701862738,NaN,NaN,0
0.01854869165,0.01687546261,NaN,NaN,0
0.01854869165,0.01673229784,NaN,NaN,0
0.01854869165,0.01658913493,NaN,NaN,0
0.01854869165,0.01644597016,NaN,NaN,0
0.01854869165,0.01630280726,NaN,NaN,0
0.01854869165,0.01615964249,NaN,NaN,0
0.01854869165,0.01601647772,NaN,NaN,0
0.01854869165,0.01587331481,NaN,NaN,0
0.01854869165,0.01573015004,NaN,NaN,0
0.01854869165,0.01558698621,NaN,NaN,0
0.01854869165,0.01544382237,NaN,NaN,0
0.01854869165,0.0153006576,NaN,NaN,0
0.01854869165,0.01515749376,NaN,NaN,0
0.01854869165,0.01501432993,NaN,NaN,0
0.01854869165,0.01487116609,NaN,NaN,0
0.01854869165,0.01472800132,NaN,NaN,0
0.01854869165,0.01458483748,NaN,NaN,0
0.01854869165,0.01444167364,NaN,NaN,0
0.01854869165,0.01429850981,NaN,NaN,0
0.01854869165,0.01415534597,NaN,NaN,0
0.01854869165,0.0140121812,NaN,NaN,0
0.01854869165,0.01386901736,NaN,NaN,0
0.01854869165,0.01372585353,NaN,NaN,0
0.01854869165,0.01358268969,NaN,NaN,0
0.01854869165,0.01343952492,NaN,NaN,0
0.01854869165,0.01329636108,NaN,NaN,0
0.01854869165,0.01315319724,NaN,NaN,0
0.01854869165,0.01301003341,NaN,NaN,0
0.01854869165,0.01286686864,NaN,NaN,0
0.01854869165,0.0127237048,NaN,NaN,0
0.01854869165,0.01258054096,NaN,NaN,0
0.01854869165,0.01243737713,NaN,NaN,0
0.01854869165,0.01229421329,NaN,NaN,0
0.01854869165,0.01215104852,NaN,NaN,0
0.01854869165,0.01200788468,NaN,NaN,0
0.01854869165,0.01186472084,NaN,NaN,0
0.01854869165,0.01172155701,NaN,NaN,0
0.01854869165,0.01157839224,NaN,NaN,0
0.01854869165,0.0114352284,NaN,NaN,0
0.01854869165,0.01129206456,NaN,NaN,0
0.01854869165,0.01114890072,NaN,NaN,0
0.01854869165,0.01100573689,NaN,NaN,0
0.01854869165,0.01086257212,NaN,NaN,0
0.01854869165,0.01071940828,NaN,NaN,0
0.01854869165,0.01057624444,NaN,NaN,0
0.01854869165,0.01043308061,NaN,NaN,0
0.01854869165,0.01028991584,NaN,NaN,0
0.01854869165,0.010146752,NaN,NaN,0
0.01854869165,0.01000358816,NaN,NaN,0
0.01854869165,0.009860424325,NaN,NaN,0
0.01854869165,0.009717259556,NaN,NaN,0
0.01854869165,0.009574095719,NaN,NaN,0
0.01854869165,0.009430931881,NaN,NaN,0
0.01854869165,0.009287768044,NaN,NaN,0
0.01854869165,0.009144604206,NaN,NaN,0
0.01854869165,0.009001439437,NaN,NaN,0
0.01854869165,0.0088582756,NaN,NaN,0
0.01854869165,0.008715111762,NaN,NaN,0
0.01854869165,0.008571947925,NaN,NaN,0
0.01854869165,0.008428783156,NaN,NaN,0
0.01854869165,0.008285619318,NaN,NaN,0
0.01854869165,0.008142455481,-0.001963681076,0.001779389335,1
0.01854869165,0.007999291644,-0.001469429932,0.002873657271,1
0.01854869165,0.007856126875,-0.001296999399,0.005031251814,1
0.01854869165,0.007712963037,-0.001940492424,0.005028465297,2
0.01854869165,0.0075697992,-0.002245787764,0.004014514852,1
0.01854869165,0.007426635362,-0.001992704347,0.003364086617,1
0.01854869165,0.007283471059,-0.00190045021,0.003682043403,1
0.01854869165,0.007140307222,-0.002983129118,0.003860691329,1
0.01854869165,0.006997142918,-0.002337534679,0.003068898339,1
0.01854869165,0.006853979081,-0.001751632779,0.003284096485,2
0.01854869165,0.006710814778,-0.001414159546,0.002944641747,1
0.01854869165,0.00656765094,-0.001423389418,0.003348371712,2
0.01854869165,0.006424486637,-0.001452950411,0.002956077456,2
0.01854869165,0.0062813228,-0.001461614505,0.002038158244,1
0.01854869165,0.006138158496,-0.001862444798,0.002742757555,2
0.01854869165,0.005994994659,-0.00207338715,0.004008624237,2
0.01854869165,0.005851830821,-0.002318406245,0.004926685244,1
0.01854869165,0.005708666518,-0.002157616662,0.002160344971,1
0.01854869165,0.005565502681,-0.002097317483,0.002768022008,1
0.01854869165,0.005422338378,-0.002103757346,0.004162715282,1
0.01854869165,0.00527917454,-0.00197308464,0.00370075251,2
0.01854869165,0.005136010237,-0.001882020151,0.002959658857,1
0.01854869165,0.0049928464,-0.001886915416,0.00473072147,1
0.01854869165,0.004849682096,-0.001772237127,0.00251367758,1
0.01854869165,0.004706518259,-0.001772645628,0.004533154424,1
0.01854869165,0.004563353956,-0.001762827509,0.004695285577,1
0.01854869165,0.004420190118,-0.00186613237,0.005967506208,2
0.01854869165,0.004277025815,-0.002127840417,0.006210309919,1
0.01854869165,0.004133861978,-0.002104848856,0.006571467966,1
0.01854869165,0.00399069814,-0.001560272183,0.006833841093,1
0.01854869165,0.003847533837,-0.001231480273,0.007105137687,2
0.01854869165,0.003704369767,-0.0008889635792,0.007142667193,1
0.01854869165,0.003561205696,-0.002167103812,0.006448763888,1
0.01854869165,0.003418041626,-0.002112607937,0.007233970333,1
0.01854869165,0.003274877556,-0.001972927712,0.007814287208,1
0.01854869165,0.003131713718,-0.002078037476,0.006441955455,1
0.01854869165,0.002988549648,-0.002220415976,0.006400158163,1
0.01854869165,0.002845385578,-0.002517790766,0.006513504311,1
0.01854869165,0.002702221507,-0.00218069111,0.005766616669,2
0.01854869165,0.002559057437,-0.002034885343,0.004248290323,1
0.01854869165,0.002415893367,-0.002582407789,0.005258917809,1
0.01854869165,0.002272729296,-0.001867053681,0.004690434784,1
0.01854869165,0.002129565226,-0.001822671387,0.005043748766,1
0.01854869165,0.001986401156,-0.001977398526,0.007270060945,1
0.01854869165,0.001843237202,-0.002232085913,0.006427053362,1
0.01854869165,0.001700073131,-0.001839680946,0.007084875833,1
0.01854869165,0.001556909061,-0.001705839066,0.007334703114,1
0.01854869165,0.001413744991,-0.001698841807,0.007123732474,1
0.01854869165,0.00127058092,-0.001065706019,0.005942089949,1
0.01854869165,0.00112741685,-0.001321731717,0.005720565561,1
0.01854869165,0.0009842528962,-0.001535384567,0.005874892697,1
0.01854869165,0.0008410888258,-0.001295411959,0.005758173764,1
0.01854869165,0.0006979247555,-0.001424919814,0.006180392113,2
0.01854869165,0.0005547606852,-0.001523586456,0.006036743056,2
0.01854869165,0.000411596644,-0.001623503747,0.005987056065,2
0.01854869165,0.0002684326028,-0.001809980953,0.006250621285,2
0.01854869165,0.000125268547,-0.002306867158,0.007568205241,1
0.01869185641,0.01916608773,NaN,NaN,0
0.01869185641,0.01902292296,NaN,NaN,0
0.01869185641,0.01887976006,NaN,NaN,0
0.01869185641,0.01873659529,NaN,NaN,0
0.01869185641,0.01859343052,NaN,NaN,0
0.01869185641,0.01845026761,NaN,NaN,0
0.01869185641,0.01830710284,NaN,NaN,0
0.01869185641,0.01816393808,NaN,NaN,0
0.01869185641,0.01802077517,NaN,NaN,0
0.01869185641,0.0178776104,NaN,NaN,0
0.01869185641,0.01773444749,NaN,NaN,0
0.01869185641,0.01759128273,NaN,NaN,0
0.01869185641,0.01744811796,NaN,NaN,0
0.01869185641,0.01730495505,NaN,NaN,0
0.01869185641,0.01716179028,NaN,NaN,0
0.01869185641,0.01701862738,NaN,NaN,0
0.01869185641,0.01687546261,NaN,NaN,0
0.01869185641,0.01673229784,NaN,NaN,0
0.01869185641,0.01658913493,NaN,NaN,0
0.01869185641,0.01644597016,NaN,NaN,0
0.01869185641,0.01630280726,NaN,NaN,0
0.01869185641,0.01615964249,NaN,NaN,0
0.01869185641,0.01601647772,NaN,NaN,0
0.01869185641,0.01587331481,NaN,NaN,0
0.01869185641,0.01573015004,NaN,NaN,0
0.01869185641,0.01558698621,NaN,NaN,0
0.01869185641,0.01544382237,NaN,NaN,0
0.01869185641,0.0153006576,NaN,NaN,0
0.01869185641,0.01515749376,NaN,NaN,0
0.01869185641,0.01501432993,NaN,NaN,0
0.01869185641,0.01487116609,NaN,NaN,0
0.01869185641,0.01472800132,NaN,NaN,0
0.01869185641,0.01458483748,NaN,NaN,0
0.01869185641,0.01444167364,NaN,NaN,0
0.01869185641,0.01429850981,NaN,NaN,0
0.01869185641,0.01415534597,NaN,NaN,0
0.01869185641,0.0140121812,NaN,NaN,0
0.01869185641,0.01386901736,NaN,NaN,0
0.01869185641,0.01372585353,NaN,NaN,0
0.01869185641,0.01358268969,NaN,NaN,0
0.01869185641,0.01343952492,NaN,NaN,0
0.01869185641,0.01329636108,NaN,NaN,0
0.01869185641,0.01315319724,NaN,NaN,0
0.01869185641,0.01301003341,NaN,NaN,0
0.01869185641,0.01286686864,NaN,NaN,0
0.01869185641,0.0127237048,NaN,NaN,0
0.01869185641,0.01258054096,NaN,NaN,0
0.01869185641,0.01243737713,NaN,NaN,0
0.01869185641,0.01229421329,NaN,NaN,0
0.01869185641,0.01215104852,NaN,NaN,0
0.01869185641,0.01200788468,NaN,NaN,0
0.01869185641,0.01186472084,NaN,NaN,0
0.01869185641,0.01172155701,NaN,NaN,0
0.01869185641,0.01157839224,NaN,NaN,0
0.01869185641,0.0114352284,NaN,NaN,0
0.01869185641,0.01129206456,NaN,NaN,0
0.01869185641,0.01114890072,NaN,NaN,0
0.01869185641,0.01100573689,NaN,NaN,0
0.01869185641,0.01086257212,NaN,NaN,0
0.01869185641,0.01071940828,NaN,NaN,0
0.01869185641,0.01057624444,NaN,NaN,0
0.01869185641,0.01043308061,NaN,NaN,0
0.01869185641,0.01028991584,NaN,NaN,0
0.01869185641,0.010146752,NaN,NaN,0
0.01869185641,0.01000358816,NaN,NaN,0
0.01869185641,0.009860424325,NaN,NaN,0
0.01869185641,0.009717259556,NaN,NaN,0
0.01869185641,0.009574095719,NaN,NaN,0
0.01869185641,0.009430931881,NaN,NaN,0
0.01869185641,0.009287768044,NaN,NaN,0
0.01869185641,0.009144604206,NaN,NaN,0
0.01869185641,0.009001439437,NaN,NaN,0
0.01869185641,0.0088582756,NaN,NaN,0
0.01869185641,0.008715111762,NaN,NaN,0
0.01869185641,0.008571947925,NaN,NaN,0
0.01869185641,0.008428783156,NaN,NaN,0
0.01869185641,0.008285619318,NaN,NaN,0
0.01869185641,0.008142455481,NaN,NaN,0
0.01869185641,0.007999291644,NaN,NaN,0
0.01869185641,0.007856126875,NaN,NaN,0
0.01869185641,0.007712963037,NaN,NaN,0
0.01869185641,0.0075697992,NaN,NaN,0
0.01869185641,0.007426635362,NaN,NaN,0
0.01869185641,0.007283471059,NaN,NaN,0
0.01869185641,0.007140307222,NaN,NaN,0
0.01869185641,0.006997142918,NaN,NaN,0
0.01869185641,0.006853979081,NaN,NaN,0
0.01869185641,0.006710814778,NaN,NaN,0
0.01869185641,0.00656765094,NaN,NaN,0
0.01869185641,0.006424486637,NaN,NaN,0
0.01869185641,0.0062813228,NaN,NaN,0
0.01869185641,0.006138158496,-0.001844486687,0.002704153303,2
0.01869185641,0.005994994659,-0.002027687849,0.002654781332,1
0.01869185641,0.005851830821,-0.001955771586,0.002156325383,1
0.01869185641,0.005708666518,-0.001781386207,0.000984760467,1
0.01869185641,0.005565502681,-0.002208622405,0.0008308439865,1
0.01869185641,0.005422338378,-0.002106644912,0.002592011588,1
0.01869185641,0.00527917454,-0.001841892139,0.002412870992,1
0.01869185641,0.005136010237,-0.001136696665,0.006131782196,1
0.01869185641,0.0049928464,-0.001238482888,0.005596061237,1
0.01869185641,0.004849682096,-0.001684168703,0.002123064129,1
0.01869185641,0.004706518259,-0.001735364087,0.003688919591,1
0.01869185641,0.004563353956,-0.001899931114,0.00585175911,1
0.01869185641,0.004420190118,-0.001787308953,0.006561698858,1
0.01869185641,0.004277025815,-0.002013656544,0.00636669714,1
0.01869185641,0.004133861978,-0.002001981251,0.006485646591,1
0.01869185641,0.00399069814,-0.00151468534,0.006538974587,2
0.01869185641,0.003847533837,-0.001008484396,0.007201896515,1
0.01869185641,0.003704369767,-0.001264785533,0.006991782691,1
0.01869185641,0.003561205696,-0.002224816475,0.005929550622,1
0.01869185641,0.003418041626,-0.002214664826,0.00693948986,1
0.01869185641,0.003274877556,-0.002118791454,0.007847139612,1
0.01869185641,0.003131713718,-0.002094872994,0.006669385824,1
0.01869185641,0.002988549648,-0.002323612804,0.006445170846,1
0.01869185641,0.002845385578,-0.002276065294,0.005865299143,2
0.01869185641,0.002702221507,-0.002140689874,0.00519607123,2
0.01869185641,0.002559057437,-0.002021734836,0.004576920997,1
0.01869185641,0.002415893367,-0.002084181178,0.004377970006,1
0.01869185641,0.002272729296,-0.002095100703,0.004597930703,1
0.01869185641,0.002129565226,-0.002009607153,0.005021861754,1
0.01869185641,0.001986401156,-0.001988669857,0.005617625546,2
0.01869185641,0.001843237202,-0.002023133216,0.005728816614,2
0.01869185641,0.001700073131,-0.001941073919,0.006034397054,2
0.01869185641,0.001556909061,-0.001682823873,0.006256140769,2
0.01869185641,0.001413744991,-0.001528747962,0.006355840247,2
0.01869185641,0.00127058092,-0.001363024814,0.006315951236,2
0.01869185641,0.00112741685,-0.001611664891,0.00682482589,1
0.01869185641,0.0009842528962,-0.001257979893,0.007036150433,2
0.01869185641,0.0008410888258,-0.001176966587,0.007002226543,2
0.01869185641,0.0006979247555,-0.001239168807,0.006405883469,2
0.01869185641,0.0005547606852,-0.001388392295,0.005404593423,2
0.01869185641,0.000411596644,-0.00165992009,0.005082877353,2
0.01869185641,0.0002684326028,-0.002204209333,0.004841974005,1
0.01869185641,0.000125268547,-0.002097289776,0.005731727928,2
0.01883502118,0.01916608773,NaN,NaN,0
0.01883502118,0.01902292296,NaN,NaN,0
0.01883502118,0.01887976006,NaN,NaN,0
0.01883502118,0.01873659529,NaN,NaN,0
0.01883502118,0.01859343052,NaN,NaN,0
0.01883502118,0.01845026761,NaN,NaN,0
0.01883502118,0.01830710284,NaN,NaN,0
0.01883502118,0.01816393808,NaN,NaN,0
0.01883502118,0.01802077517,NaN,NaN,0
0.01883502118,0.0178776104,NaN,NaN,0
0.01883502118,0.01773444749,NaN,NaN,0
0.01883502118,0.01759128273,NaN,NaN,0
0.01883502118,0.01744811796,NaN,NaN,0
0.01883502118,0.01730495505,NaN,NaN,0
0.01883502118,0.01716179028,NaN,NaN,0
0.01883502118,0.01701862738,NaN,NaN,0
0.01883502118,0.01687546261,NaN,NaN,0
0.01883502118,0.01673229784,NaN,NaN,0
0.01883502118,0.01658913493,NaN,NaN,0
0.01883502118,0.01644597016,NaN,NaN,0
0.01883502118,0.01630280726,NaN,NaN,0
0.01883502118,0.01615964249,NaN,NaN,0
0.01883502118,0.01601647772,NaN,NaN,0
0.01883502118,0.01587331481,NaN,NaN,0
0.01883502118,0.01573015004,NaN,NaN,0
0.01883502118,0.01558698621,NaN,NaN,0
0.01883502118,0.01544382237,NaN,NaN,0
0.01883502118,0.0153006576,NaN,NaN,0
0.01883502118,0.01515749376,NaN,NaN,0
0.01883502118,0.01501432993,NaN,NaN,0
0.01883502118,0.01487116609,NaN,NaN,0
0.01883502118,0.01472800132,NaN,NaN,0
0.01883502118,0.01458483748,NaN,NaN,0
0.01883502118,0.01444167364,NaN,NaN,0
0.01883502118,0.01429850981,NaN,NaN,0
0.01883502118,0.01415534597,NaN,NaN,0
0.01883502118,0.0140121812,NaN,NaN,0
0.01883502118,0.01386901736,NaN,NaN,0
0.01883502118,0.01372585353,NaN,NaN,0
0.01883502118,0.01358268969,NaN,NaN,0
0.01883502118,0.01343952492,NaN,NaN,0
0.01883502118,0.01329636108,NaN,NaN,0
0.01883502118,0.01315319724,NaN,NaN,0
0.01883502118,0.01301003341,NaN,NaN,0
0.01883502118,0.01286686864,NaN,NaN,0
0.01883502118,0.0127237048,NaN,NaN,0
0.01883502118,0.01258054096,NaN,NaN,0
0.01883502118,0.01243737713,NaN,NaN,0
0.01883502118,0.01229421329,NaN,NaN,0
0.01883502118,0.01215104852,NaN,NaN,0
0.01883502118,0.01200788468,NaN,NaN,0
0.01883502118,0.01186472084,NaN,NaN,0
0.01883502118,0.01172155701,NaN,NaN,0
0.01883502118,0.01157839224,NaN,NaN,0
0.01883502118,0.0114352284,NaN,NaN,0
0.01883502118,0.01129206456,NaN,NaN,0
0.01883502118,0.01114890072,NaN,NaN,0
0.01883502118,0.01100573689,NaN,NaN,0
0.01883502118,0.01086257212,NaN,NaN,0
0.01883502118,0.01071940828,NaN,NaN,0
0.01883502118,0.01057624444,NaN,NaN,0
0.01883502118,0.01043308061,NaN,NaN,0
0.01883502118,0.01028991584,NaN,NaN,0
0.01883502118,0.010146752,NaN,NaN,0
0.01883502118,0.01000358816,NaN,NaN,0
0.01883502118,0.009860424325,NaN,NaN,0
0.01883502118,0.009717259556,NaN,NaN,0
0.01883502118,0.009574095719,NaN,NaN,0
0.01883502118,0.009430931881,NaN,NaN,0
0.01883502118,0.009287768044,NaN,NaN,0
0.01883502118,0.009144604206,NaN,NaN,0
0.01883502118,0.009001439437,NaN,NaN,0
0.01883502118,0.0088582756,NaN,NaN,0
0.01883502118,0.008715111762,NaN,NaN,0
0.01883502118,0.008571947925,NaN,NaN,0
0.01883502118,0.008428783156,NaN,NaN,0
0.01883502118,0.008285619318,NaN,NaN,0
0.01883502118,0.008142455481,NaN,NaN,0
0.01883502118,0.007999291644,NaN,NaN,0
0.01883502118,0.007856126875,NaN,NaN,0
0.01883502118,0.007712963037,NaN,NaN,0
0.01883502118,0.0075697992,NaN,NaN,0
0.01883502118,0.007426635362,NaN,NaN,0
0.01883502118,0.007283471059,NaN,NaN,0
0.01883502118,0.007140307222,NaN,NaN,0
0.01883502118,0.006997142918,NaN,NaN,0
0.01883502118,0.006853979081,NaN,NaN,0
0.01883502118,0.006710814778,NaN,NaN,0
0.01883502118,0.00656765094,NaN,NaN,0
0.01883502118,0.006424486637,NaN,NaN,0
0.01883502118,0.0062813228,NaN,NaN,0
0.01883502118,0.006138158496,NaN,NaN,0
0.01883502118,0.005994994659,NaN,NaN,0
0.01883502118,0.005851830821,NaN,NaN,0
0.01883502118,0.005708666518,NaN,NaN,0
0.01883502118,0.005565502681,NaN,NaN,0
0.01883502118,0.005422338378,NaN,NaN,0
0.01883502118,0.00527917454,-0.001623218181,0.003666410921,2
0.01883502118,0.005136010237,-0.001180182444,0.005584305152,1
0.01883502118,0.0049928464,-0.001382897492,0.005329330917,1
0.01883502118,0.004849682096,-0.001399530913,0.001220162143,1
0.01883502118,0.004706518259,-0.001205897657,0.003303088248,1
0.01883502118,0.004563353956,-0.001591257867,0.006314205471,1
0.01883502118,0.004420190118,-0.001667281846,0.006396099459,1
0.01883502118,0.004277025815,-0.001756741549,0.00614056224,2
0.01883502118,0.004133861978,-0.001682188828,0.006150430068,1
0.01883502118,0.00399069814,-0.001488003414,0.005634514615,2
0.01883502118,0.003847533837,-0.001192267518,0.00450326968,1
0.01883502118,0.003704369767,-0.001523497282,0.00535703171,2
0.01883502118,0.003561205696,-0.00198231102,0.004849909339,1
0.01883502118,0.003418041626,-0.002340354258,0.004621343687,1
0.01883502118,0.003274877556,-0.002214938169,0.006152087357,2
0.01883502118,0.003131713718,-0.002316840924,0.006643041037,1
0.01883502118,0.002988549648,-0.002157117939,0.005997782107,1
0.01883502118,0.002845385578,-0.002122167498,0.005306451581,2
0.01883502118,0.002702221507,-0.002084268257,0.004575448111,2
0.01883502118,0.002559057437,-0.002224233001,0.003827494336,1
0.01883502118,0.002415893367,-0.001893194858,0.003372759558,1
0.01883502118,0.002272729296,-0.001921916381,0.003505669069,1
0.01883502118,0.002129565226,-0.002301197965,0.003955610096,1
0.01883502118,0.001986401156,-0.001944540185,0.004449763801,2
0.01883502118,0.001843237202,-0.001930703525,0.004836190958,2
0.01883502118,0.001700073131,-0.002218657872,0.005067754071,1
0.01883502118,0.001556909061,-0.001555634197,0.005299622659,2
0.01883502118,0.001413744991,-0.001370301587,0.005727536045,2
0.01883502118,0.00127058092,-0.001245980035,0.006141047459,2
0.01883502118,0.00112741685,-0.001131102792,0.006861345842,2
0.01883502118,0.0009842528962,-0.0007079031784,0.008442658,1
0.01883502118,0.0008410888258,-0.0009153058054,0.008808698505,1
0.01883502118,0.0006979247555,-0.0009663965902,0.007036321331,2
0.01883502118,0.0005547606852,-0.001130894059,0.004092868883,2
0.01883502118,0.000411596644,-0.001423575217,0.004097887315,2
0.01883502118,0.0002684326028,-0.001711390563,0.004389545415,2
0.01883502118,0.000125268547,-0.001780793071,0.004785005469,2
0.01897818409,0.01916608773,NaN,NaN,0
0.01897818409,0.01902292296,NaN,NaN,0
0.01897818409,0.01887976006,NaN,NaN,0
0.01897818409,0.01873659529,NaN,NaN,0
0.01897818409,0.01859343052,NaN,NaN,0
0.01897818409,0.01845026761,NaN,NaN,0
0.01897818409,0.01830710284,NaN,NaN,0
0.01897818409,0.01816393808,NaN,NaN,0
0.01897818409,0.01802077517,NaN,NaN,0
0.01897818409,0.0178776104,NaN,NaN,0
0.01897818409,0.01773444749,NaN,NaN,0
0.01897818409,0.01759128273,NaN,NaN,0
0.01897818409,0.01744811796,NaN,NaN,0
0.01897818409,0.01730495505,NaN,NaN,0
0.01897818409,0.01716179028,NaN,NaN,0
0.01897818409,0.01701862738,NaN,NaN,0
0.01897818409,0.01687546261,NaN,NaN,0
0.01897818409,0.01673229784,NaN,NaN,0
0.01897818409,0.01658913493,NaN,NaN,0
0.01897818409,0.01644597016,NaN,NaN,0
0.01897818409,0.01630280726,NaN,NaN,0
0.01897818409,0.01615964249,NaN,NaN,0
0.01897818409,0.01601647772,NaN,NaN,0
0.01897818409,0.01587331481,NaN,NaN,0
0.01897818409,0.01573015004,NaN,NaN,0
0.01897818409,0.01558698621,NaN,NaN,0
0.01897818409,0.01544382237,NaN,NaN,0
0.01897818409,0.0153006576,NaN,NaN,0
0.01897818409,0.01515749376,NaN,NaN,0
0.01897818409,0.01501432993,NaN,NaN,0
0.01897818409,0.01487116609,NaN,NaN,0
0.01897818409,0.01472800132,NaN,NaN,0
0.01897818409,0.01458483748,NaN,NaN,0
0.01897818409,0.01444167364,NaN,NaN,0
0.01897818409,0.01429850981,NaN,NaN,0
0.01897818409,0.01415534597,NaN,NaN,0
0.01897818409,0.0140121812,NaN,NaN,0
0.01897818409,0.01386901736,NaN,NaN,0
0.01897818409,0.01372585353,NaN,NaN,0
0.01897818409,0.01358268969,NaN,NaN,0
0.01897818409,0.01343952492,NaN,NaN,0
0.01897818409,0.01329636108,NaN,NaN,0
0.01897818409,0.01315319724,NaN,NaN,0
0.01897818409,0.01301003341,NaN,NaN,0
0.01897818409,0.01286686864,NaN,NaN,0
0.01897818409,0.0127237048,NaN,NaN,0
0.01897818409,0.01258054096,NaN,NaN,0
0.01897818409,0.01243737713,NaN,NaN,0
0.01897818409,0.01229421329,NaN,NaN,0
0.01897818409,0.01215104852,NaN,NaN,0
0.01897818409,0.01200788468,NaN,NaN,0
0.01897818409,0.01186472084,NaN,NaN,0
0.01897818409,0.01172155701,NaN,NaN,0
0.01897818409,0.01157839224,NaN,NaN,0
0.01897818409,0.0114352284,NaN,NaN,0
0.01897818409,0.01129206456,NaN,NaN,0
0.01897818409,0.01114890072,NaN,NaN,0
0.01897818409,0.01100573689,NaN,NaN,0
0.01897818409,0.01086257212,NaN,NaN,0
0.01897818409,0.01071940828,NaN,NaN,0
0.01897818409,0.01057624444,NaN,NaN,0
0.01897818409,0.01043308061,NaN,NaN,0
0.01897818409,0.01028991584,NaN,NaN,0
0.01897818409,0.010146752,NaN,NaN,0
0.01897818409,0.01000358816,NaN,NaN,0
0.01897818409,0.009860424325,NaN,NaN,0
0.01897818409,0.009717259556,NaN,NaN,0
0.01897818409,0.009574095719,NaN,NaN,0
0.01897818409,0.009430931881,NaN,NaN,0
0.01897818409,0.009287768044,NaN,NaN,0
0.01897818409,0.009144604206,NaN,NaN,0
0.01897818409,0.009001439437,NaN,NaN,0
0.01897818409,0.0088582756,NaN,NaN,0
0.01897818409,0.008715111762,NaN,NaN,0
0.01897818409,0.008571947925,NaN,NaN,0
0.01897818409,0.008428783156,NaN,NaN,0
0.01897818409,0.008285619318,NaN,NaN,0
0.01897818409,0.008142455481,NaN,NaN,0
0.01897818409,0.007999291644,NaN,NaN,0
0.01897818409,0.007856126875,NaN,NaN,0
0.01897818409,0.007712963037,NaN,NaN,0
0.01897818409,0.0075697992,NaN,NaN,0
0.01897818409,0.007426635362,NaN,NaN,0
0.01897818409,0.007283471059,NaN,NaN,0
0.01897818409,0.007140307222,NaN,NaN,0
0.01897818409,0.006997142918,NaN,NaN,0
0.01897818409,0.006853979081,NaN,NaN,0
0.01897818409,0.006710814778,NaN,NaN,0
0.01897818409,0.00656765094,NaN,NaN,0
0.01897818409,0.006424486637,NaN,NaN,0
0.01897818409,0.0062813228,NaN,NaN,0
0.01897818409,0.006138158496,NaN,NaN,0
0.01897818409,0.005994994659,NaN,NaN,0
0.01897818409,0.005851830821,NaN,NaN,0
0.01897818409,0.005708666518,NaN,NaN,0
0.01897818409,0.005565502681,NaN,NaN,0
0.01897818409,0.005422338378,NaN,NaN,0
0.01897818409,0.00527917454,NaN,NaN,0
0.01897818409,0.005136010237,NaN,NaN,0
0.01897818409,0.0049928464,NaN,NaN,0
0.01897818409,0.004849682096,NaN,NaN,0
0.01897818409,0.004706518259,NaN,NaN,0
0.01897818409,0.004563353956,NaN,NaN,0
0.01897818409,0.004420190118,NaN,NaN,0
0.01897818409,0.004277025815,NaN,NaN,0
0.01897818409,0.004133861978,NaN,NaN,0
0.01897818409,0.00399069814,NaN,NaN,0
0.01897818409,0.003847533837,NaN,NaN,0
0.01897818409,0.003704369767,NaN,NaN,0
0.01897818409,0.003561205696,NaN,NaN,0
0.01897818409,0.003418041626,NaN,NaN,0
0.01897818409,0.003274877556,NaN,NaN,0
0.01897818409,0.003131713718,NaN,NaN,0
0.01897818409,0.002988549648,NaN,NaN,0
0.01897818409,0.002845385578,NaN,NaN,0
0.01897818409,0.002702221507,NaN,NaN,0
0.01897818409,0.002559057437,-0.001566612977,0.002542955568,1
0.01897818409,0.002415893367,-0.001495981007,0.00276491954,1
0.01897818409,0.002272729296,-0.001701740082,0.002240811475,1
0.01897818409,0.002129565226,-0.001541590667,0.002750948537,1
0.01897818409,0.001986401156,-0.001557589392,0.003389628604,1
0.01897818409,0.001843237202,-0.001536482829,0.004098428413,1
0.01897818409,0.001700073131,-0.001287520281,0.003843868617,1
0.01897818409,0.001556909061,-0.0009507538052,0.004147059284,1
0.01897818409,0.001413744991,-0.001150843804,0.005113634281,2
0.01897818409,0.00127058092,-0.001119491295,0.005659357179,2
0.01897818409,0.00112741685,-0.0009588627145,0.006036852021,1
0.01897818409,0.0009842528962,-0.00083000015,0.006583278533,1
0.01897818409,0.0008410888258,-0.0009433933301,0.008028727025,1
0.01897818409,0.0006979247555,-0.0005802175729,0.008837834932,1
0.01897818409,0.0005547606852,-0.0007452121936,-0.0001673256047,1
0.01897818409,0.000411596644,-0.001192096039,0.002826256445,2
0.01897818409,0.0002684326028,-0.001436984981,0.003833315335,2
0.01897818409,0.000125268547,-0.00153369864,0.004233742598,2
0.01912134886,0.01916608773,NaN,NaN,0
0.01912134886,0.01902292296,NaN,NaN,0
0.01912134886,0.01887976006,NaN,NaN,0
0.01912134886,0.01873659529,NaN,NaN,0
0.01912134886,0.01859343052,NaN,NaN,0
0.01912134886,0.01845026761,NaN,NaN,0
0.01912134886,0.01830710284,NaN,NaN,0
0.01912134886,0.01816393808,NaN,NaN,0
0.01912134886,0.01802077517,NaN,NaN,0
0.01912134886,0.0178776104,NaN,NaN,0
0.01912134886,0.01773444749,NaN,NaN,0
0.01912134886,0.01759128273,NaN,NaN,0
0.01912134886,0.01744811796,NaN,NaN,0
0.01912134886,0.01730495505,NaN,NaN,0
0.01912134886,0.01716179028,NaN,NaN,0
0.01912134886,0.01701862738,NaN,NaN,0
0.01912134886,0.01687546261,NaN,NaN,0
0.01912134886,0.01673229784,NaN,NaN,0
0.01912134886,0.01658913493,NaN,NaN,0
0.01912134886,0.01644597016,NaN,NaN,0
0.01912134886,0.01630280726,NaN,NaN,0
0.01912134886,0.01615964249,NaN,NaN,0
0.01912134886,0.01601647772,NaN,NaN,0
0.01912134886,0.01587331481,NaN,NaN,0
0.01912134886,0.01573015004,NaN,NaN,0
0.01912134886,0.01558698621,NaN,NaN,0
0.01912134886,0.01544382237,NaN,NaN,0
0.01912134886,0.0153006576,NaN,NaN,0
0.01912134886,0.01515749376,NaN,NaN,0
0.01912134886,0.01501432993,NaN,NaN,0
0.01912134886,0.01487116609,NaN,NaN,0
0.01912134886,0.01472800132,NaN,NaN,0
0.01912134886,0.01458483748,NaN,NaN,0
0.01912134886,0.01444167364,NaN,NaN,0
0.01912134886,0.01429850981,NaN,NaN,0
0.01912134886,0.01415534597,NaN,NaN,0
0.01912134886,0.0140121812,NaN,NaN,0
0.01912134886,0.01386901736,NaN,NaN,0
0.01912134886,0.01372585353,NaN,NaN,0
0.01912134886,0.01358268969,NaN,NaN,0
0.01912134886,0.01343952492,NaN,NaN,0
0.01912134886,0.01329636108,NaN,NaN,0
0.01912134886,0.01315319724,NaN,NaN,0
0.01912134886,0.01301003341,NaN,NaN,0
0.01912134886,0.01286686864,NaN,NaN,0
0.01912134886,0.0127237048,NaN,NaN,0
0.01912134886,0.01258054096,NaN,NaN,0
0.01912134886,0.01243737713,NaN,NaN,0
0.01912134886,0.01229421329,NaN,NaN,0
0.01912134886,0.01215104852,NaN,NaN,0
0.01912134886,0.01200788468,NaN,NaN,0
0.01912134886,0.01186472084,NaN,NaN,0
0.01912134886,0.01172155701,NaN,NaN,0
0.01912134886,0.01157839224,NaN,NaN,0
0.01912134886,0.0114352284,NaN,NaN,0
0.01912134886,0.01129206456,NaN,NaN,0
0.01912134886,0.01114890072,NaN,NaN,0
0.01912134886,0.01100573689,NaN,NaN,0
0.01912134886,0.01086257212,NaN,NaN,0
0.01912134886,0.01071940828,NaN,NaN,0
0.01912134886,0.01057624444,NaN,NaN,0
0.01912134886,0.01043308061,NaN,NaN,0
0.01912134886,0.01028991584,NaN,NaN,0
0.01912134886,0.010146752,NaN,NaN,0
0.01912134886,0.01000358816,NaN,NaN,0
0.01912134886,0.009860424325,NaN,NaN,0
0.01912134886,0.009717259556,NaN,NaN,0
0.01912134886,0.009574095719,NaN,NaN,0
0.01912134886,0.009430931881,NaN,NaN,0
0.01912134886,0.009287768044,NaN,NaN,0
0.01912134886,0.009144604206,NaN,NaN,0
0.01912134886,0.009001439437,NaN,NaN,0
0.01912134886,0.0088582756,NaN,NaN,0
0.01912134886,0.008715111762,NaN,NaN,0
0.01912134886,0.008571947925,NaN,NaN,0
0.01912134886,0.008428783156,NaN,NaN,0
0.01912134886,0.008285619318,NaN,NaN,0
0.01912134886,0.008142455481,NaN,NaN,0
0.01912134886,0.007999291644,NaN,NaN,0
0.01912134886,0.007856126875,NaN,NaN,0
0.01912134886,0.007712963037,NaN,NaN,0
0.01912134886,0.0075697992,NaN,NaN,0
0.01912134886,0.007426635362,NaN,NaN,0
0.01912134886,0.007283471059,NaN,NaN,0
0.01912134886,0.007140307222,NaN,NaN,0
0.01912134886,0.006997142918,NaN,NaN,0
0.01912134886,0.006853979081,NaN,NaN,0
0.01912134886,0.006710814778,NaN,NaN,0
0.01912134886,0.00656765094,NaN,NaN,0
0.01912134886,0.006424486637,NaN,NaN,0
0.01912134886,0.0062813228,NaN,NaN,0
0.01912134886,0.006138158496,NaN,NaN,0
0.01912134886,0.005994994659,NaN,NaN,0
0.01912134886,0.005851830821,NaN,NaN,0
0.01912134886,0.005708666518,NaN,NaN,0
0.01912134886,0.005565502681,NaN,NaN,0
0.01912134886,0.005422338378,NaN,NaN,0
0.01912134886,0.00527917454,NaN,NaN,0
0.01912134886,0.005136010237,NaN,NaN,0
0.01912134886,0.0049928464,NaN,NaN,0
0.01912134886,0.004849682096,NaN,NaN,0
0.01912134886,0.004706518259,NaN,NaN,0
0.01912134886,0.004563353956,NaN,NaN,0
0.01912134886,0.004420190118,NaN,NaN,0
0.01912134886,0.004277025815,NaN,NaN,0
0.01912134886,0.004133861978,NaN,NaN,0
0.01912134886,0.00399069814,NaN,NaN,0
0.01912134886,0.003847533837,NaN,NaN,0
0.01912134886,0.003704369767,NaN,NaN,0
0.01912134886,0.003561205696,NaN,NaN,0
0.01912134886,0.003418041626,NaN,NaN,0
0.01912134886,0.003274877556,NaN,NaN,0
0.01912134886,0.003131713718,NaN,NaN,0
0.01912134886,0.002988549648,NaN,NaN,0
0.01912134886,0.002845385578,NaN,NaN,0
0.01912134886,0.002702221507,NaN,NaN,0
0.01912134886,0.002559057437,NaN,NaN,0
0.01912134886,0.002415893367,NaN,NaN,0
0.01912134886,0.002272729296,NaN,NaN,0
0.01912134886,0.002129565226,NaN,NaN,0
0.01912134886,0.001986401156,NaN,NaN,0
0.01912134886,0.001843237202,NaN,NaN,0
0.01912134886,0.001700073131,NaN,NaN,0
0.01912134886,0.001556909061,NaN,NaN,0
0.01912134886,0.001413744991,NaN,NaN,0
0.01912134886,0.00127058092,NaN,NaN,0
0.01912134886,0.00112741685,NaN,NaN,0
0.01912134886,0.0009842528962,NaN,NaN,0
0.01912134886,0.0008410888258,NaN,NaN,0
0.01912134886,0.0006979247555,NaN,NaN,0
0.01912134886,0.0005547606852,NaN,NaN,0
0.01912134886,0.000411596644,NaN,NaN,0
0.01912134886,0.0002684326028,NaN,NaN,0
0.01912134886,0.000125268547,NaN,NaN,0
0.01926451176,0.01916608773,NaN,NaN,0
0.01926451176,0.01902292296,NaN,NaN,0
0.01926451176,0.01887976006,NaN,NaN,0
0.01926451176,0.01873659529,NaN,NaN,0
0.01926451176,0.01859343052,NaN,NaN,0
0.01926451176,0.01845026761,NaN,NaN,0
0.01926451176,0.01830710284,NaN,NaN,0
0.01926451176,0.01816393808,NaN,NaN,0
0.01926451176,0.01802077517,NaN,NaN,0
0.01926451176,0.0178776104,NaN,NaN,0
0.01926451176,0.01773444749,NaN,NaN,0
0.01926451176,0.01759128273,NaN,NaN,0
0.01926451176,0.01744811796,NaN,NaN,0
0.01926451176,0.01730495505,NaN,NaN,0
0.01926451176,0.01716179028,NaN,NaN,0
0.01926451176,0.01701862738,NaN,NaN,0
0.01926451176,0.01687546261,NaN,NaN,0
0.01926451176,0.01673229784,NaN,NaN,0
0.01926451176,0.01658913493,NaN,NaN,0
0.01926451176,0.01644597016,NaN,NaN,0
0.01926451176,0.01630280726,NaN,NaN,0
0.01926451176,0.01615964249,NaN,NaN,0
0.01926451176,0.01601647772,NaN,NaN,0
0.01926451176,0.01587331481,NaN,NaN,0
0.01926451176,0.01573015004,NaN,NaN,0
0.01926451176,0.01558698621,NaN,NaN,0
0.01926451176,0.01544382237,NaN,NaN,0
0.01926451176,0.0153006576,NaN,NaN,0
0.01926451176,0.01515749376,NaN,NaN,0
0.01926451176,0.01501432993,NaN,NaN,0
0.01926451176,0.01487116609,NaN,NaN,0
0.01926451176,0.01472800132,NaN,NaN,0
0.01926451176,0.01458483748,NaN,NaN,0
0.01926451176,0.01444167364,NaN,NaN,0
0.01926451176,0.01429850981,NaN,NaN,0
0.01926451176,0.01415534597,NaN,NaN,0
0.01926451176,0.0140121812,NaN,NaN,0
0.01926451176,0.01386901736,NaN,NaN,0
0.01926451176,0.01372585353,NaN,NaN,0
0.01926451176,0.01358268969,NaN,NaN,0
0.01926451176,0.01343952492,NaN,NaN,0
0.01926451176,0.01329636108,NaN,NaN,0
0.01926451176,0.01315319724,NaN,NaN,0
0.01926451176,0.01301003341,NaN,NaN,0
0.01926451176,0.01286686864,NaN,NaN,0
0.01926451176,0.0127237048,NaN,NaN,0
0.01926451176,0.01258054096,NaN,NaN,0
0.01926451176,0.01243737713,NaN,NaN,0
0.01926451176,0.01229421329,NaN,NaN,0
0.01926451176,0.01215104852,NaN,NaN,0
0.01926451176,0.01200788468,NaN,NaN,0
0.01926451176,0.01186472084,NaN,NaN,0
0.01926451176,0.01172155701,NaN,NaN,0
0.01926451176,0.01157839224,NaN,NaN,0
0.01926451176,0.0114352284,NaN,NaN,0
0.01926451176,0.01129206456,NaN,NaN,0
0.01926451176,0.01114890072,NaN,NaN,0
0.01926451176,0.01100573689,NaN,NaN,0
0.01926451176,0.01086257212,NaN,NaN,0
0.01926451176,0.01071940828,NaN,NaN,0
0.01926451176,0.01057624444,NaN,NaN,0
0.01926451176,0.01043308061,NaN,NaN,0
0.01926451176,0.01028991584,NaN,NaN,0
0.01926451176,0.010146752,NaN,NaN,0
0.01926451176,0.01000358816,NaN,NaN,0
0.01926451176,0.009860424325,NaN,NaN,0
0.01926451176,0.009717259556,NaN,NaN,0
0.01926451176,0.009574095719,NaN,NaN,0
0.01926451176,0.009430931881,NaN,NaN,0
0.01926451176,0.009287768044,NaN,NaN,0
0.01926451176,0.009144604206,NaN,NaN,0
0.01926451176,0.009001439437,NaN,NaN,0
0.01926451176,0.0088582756,NaN,NaN,0
0.01926451176,0.008715111762,NaN,NaN,0
0.01926451176,0.008571947925,NaN,NaN,0
0.01926451176,0.008428783156,NaN,NaN,0
0.01926451176,0.008285619318,NaN,NaN,0
0.01926451176,0.008142455481,NaN,NaN,0
0.01926451176,0.007999291644,NaN,NaN,0
0.01926451176,0.007856126875,NaN,NaN,0
0.01926451176,0.007712963037,NaN,NaN,0
0.01926451176,0.0075697992,NaN,NaN,0
0.01926451176,0.007426635362,NaN,NaN,0
0.01926451176,0.007283471059,NaN,NaN,0
0.01926451176,0.007140307222,NaN,NaN,0
0.01926451176,0.006997142918,NaN,NaN,0
0.01926451176,0.006853979081,NaN,NaN,0
0.01926451176,0.006710814778,NaN,NaN,0
0.01926451176,0.00656765094,NaN,NaN,0
0.01926451176,0.006424486637,NaN,NaN,0
0.01926451176,0.0062813228,NaN,NaN,0
0.01926451176,0.006138158496,NaN,NaN,0
0.01926451176,0.005994994659,NaN,NaN,0
0.01926451176,0.005851830821,NaN,NaN,0
0.01926451176,0.005708666518,NaN,NaN,0
0.01926451176,0.005565502681,NaN,NaN,0
0.01926451176,0.005422338378,NaN,NaN,0
0.01926451176,0.00527917454,NaN,NaN,0
0.01926451176,0.005136010237,NaN,NaN,0
0.01926451176,0.0049928464,NaN,NaN,0
0.01926451176,0.004849682096,NaN,NaN,0
0.01926451176,0.004706518259,NaN,NaN,0
0.01926451176,0.004563353956,NaN,NaN,0
0.01926451176,0.004420190118,NaN,NaN,0
0.01926451176,0.004277025815,NaN,NaN,0
0.01926451176,0.004133861978,NaN,NaN,0
0.01926451176,0.00399069814,NaN,NaN,0
0.01926451176,0.003847533837,NaN,NaN,0
0.01926451176,0.003704369767,NaN,NaN,0
0.01926451176,0.003561205696,NaN,NaN,0
0.01926451176,0.003418041626,NaN,NaN,0
0.01926451176,0.003274877556,NaN,NaN,0
0.01926451176,0.003131713718,NaN,NaN,0
0.01926451176,0.002988549648,NaN,NaN,0
0.01926451176,0.002845385578,NaN,NaN,0
0.01926451176,0.002702221507,NaN,NaN,0
0.01926451176,0.002559057437,NaN,NaN,0
0.01926451176,0.002415893367,NaN,NaN,0
0.01926451176,0.002272729296,NaN,NaN,0
0.01926451176,0.002129565226,NaN,NaN,0
0.01926451176,0.001986401156,NaN,NaN,0
0.01926451176,0.001843237202,NaN,NaN,0
0.01926451176,0.001700073131,NaN,NaN,0
0.01926451176,0.001556909061,NaN,NaN,0
0.01926451176,0.001413744991,NaN,NaN,0
0.01926451176,0.00127058092,NaN,NaN,0
0.01926451176,0.00112741685,NaN,NaN,0
0.01926451176,0.0009842528962,NaN,NaN,0
0.01926451176,0.0008410888258,NaN,NaN,0
0.01926451176,0.0006979247555,NaN,NaN,0
0.01926451176,0.0005547606852,NaN,NaN,0
0.01926451176,0.000411596644,NaN,NaN,0
0.01926451176,0.0002684326028,NaN,NaN,0
0.01926451176,0.000125268547,NaN,NaN,0
0.01940767653,0.01916608773,NaN,NaN,0
0.01940767653,0.01902292296,NaN,NaN,0
0.01940767653,0.01887976006,NaN,NaN,0
0.01940767653,0.01873659529,NaN,NaN,0
0.01940767653,0.01859343052,NaN,NaN,0
0.01940767653,0.01845026761,NaN,NaN,0
0.01940767653,0.01830710284,NaN,NaN,0
0.01940767653,0.01816393808,NaN,NaN,0
0.01940767653,0.01802077517,NaN,NaN,0
0.01940767653,0.0178776104,NaN,NaN,0
0.01940767653,0.01773444749,NaN,NaN,0
0.01940767653,0.01759128273,NaN,NaN,0
0.01940767653,0.01744811796,NaN,NaN,0
0.01940767653,0.01730495505,NaN,NaN,0
0.01940767653,0.01716179028,NaN,NaN,0
0.01940767653,0.01701862738,NaN,NaN,0
0.01940767653,0.01687546261,NaN,NaN,0
0.01940767653,0.01673229784,NaN,NaN,0
0.01940767653,0.01658913493,NaN,NaN,0
0.01940767653,0.01644597016,NaN,NaN,0
0.01940767653,0.01630280726,NaN,NaN,0
0.01940767653,0.01615964249,NaN,NaN,0
0.01940767653,0.01601647772,NaN,NaN,0
0.01940767653,0.01587331481,NaN,NaN,0
0.01940767653,0.01573015004,NaN,NaN,0
0.01940767653,0.01558698621,NaN,NaN,0
0.01940767653,0.01544382237,NaN,NaN,0
0.01940767653,0.0153006576,NaN,NaN,0
0.01940767653,0.01515749376,NaN,NaN,0
0.01940767653,0.01501432993,NaN,NaN,0
0.01940767653,0.01487116609,NaN,NaN,0
0.01940767653,0.01472800132,NaN,NaN,0
0.01940767653,0.01458483748,NaN,NaN,0
0.01940767653,0.01444167364,NaN,NaN,0
0.01940767653,0.01429850981,NaN,NaN,0
0.01940767653,0.01415534597,NaN,NaN,0
0.01940767653,0.0140121812,NaN,NaN,0
0.01940767653,0.01386901736,NaN,NaN,0
0.01940767653,0.01372585353,NaN,NaN,0
0.01940767653,0.01358268969,NaN,NaN,0
0.01940767653,0.01343952492,NaN,NaN,0
0.01940767653,0.01329636108,NaN,NaN,0
0.01940767653,0.01315319724,NaN,NaN,0
0.01940767653,0.01301003341,NaN,NaN,0
0.01940767653,0.01286686864,NaN,NaN,0
0.01940767653,0.0127237048,NaN,NaN,0
0.01940767653,0.01258054096,NaN,NaN,0
0.01940767653,0.01243737713,NaN,NaN,0
0.01940767653,0.01229421329,NaN,NaN,0
0.01940767653,0.01215104852,NaN,NaN,0
0.01940767653,0.01200788468,NaN,NaN,0
0.01940767653,0.01186472084,NaN,NaN,0
0.01940767653,0.01172155701,NaN,NaN,0
0.01940767653,0.01157839224,NaN,NaN,0
0.01940767653,0.0114352284,NaN,NaN,0
0.01940767653,0.01129206456,NaN,NaN,0
0.01940767653,0.01114890072,NaN,NaN,0
0.01940767653,0.01100573689,NaN,NaN,0
0.01940767653,0.01086257212,NaN,NaN,0
0.01940767653,0.01071940828,NaN,NaN,0
0.01940767653,0.01057624444,NaN,NaN,0
0.01940767653,0.01043308061,NaN,NaN,0
0.01940767653,0.01028991584,NaN,NaN,0
0.01940767653,0.010146752,NaN,NaN,0
0.01940767653,0.01000358816,NaN,NaN,0
0.01940767653,0.009860424325,NaN,NaN,0
0.01940767653,0.009717259556,NaN,NaN,0
0.01940767653,0.009574095719,NaN,NaN,0
0.01940767653,0.009430931881,NaN,NaN,0
0.01940767653,0.009287768044,NaN,NaN,0
0.01940767653,0.009144604206,NaN,NaN,0
0.01940767653,0.009001439437,NaN,NaN,0
0.01940767653,0.0088582756,NaN,NaN,0
0.01940767653,0.008715111762,NaN,NaN,0
0.01940767653,0.008571947925,NaN,NaN,0
0.01940767653,0.008428783156,NaN,NaN,0
0.01940767653,0.008285619318,NaN,NaN,0
0.01940767653,0.008142455481,NaN,NaN,0
0.01940767653,0.007999291644,NaN,NaN,0
0.01940767653,0.007856126875,NaN,NaN,0
0.01940767653,0.007712963037,NaN,NaN,0
0.01940767653,0.0075697992,NaN,NaN,0
0.01940767653,0.007426635362,NaN,NaN,0
0.01940767653,0.007283471059,NaN,NaN,0
0.01940767653,0.007140307222,NaN,NaN,0
0.01940767653,0.006997142918,NaN,NaN,0
0.01940767653,0.006853979081,NaN,NaN,0
0.01940767653,0.006710814778,NaN,NaN,0
0.01940767653,0.00656765094,NaN,NaN,0
0.01940767653,0.006424486637,NaN,NaN,0
0.01940767653,0.0062813228,NaN,NaN,0
0.01940767653,0.006138158496,NaN,NaN,0
0.01940767653,0.005994994659,NaN,NaN,0
0.01940767653,0.005851830821,NaN,NaN,0
0.01940767653,0.005708666518,NaN,NaN,0
0.01940767653,0.005565502681,NaN,NaN,0
0.01940767653,0.005422338378,NaN,NaN,0
0.01940767653,0.00527917454,NaN,NaN,0
0.01940767653,0.005136010237,NaN,NaN,0
0.01940767653,0.0049928464,NaN,NaN,0
0.01940767653,0.004849682096,NaN,NaN,0
0.01940767653,0.004706518259,NaN,NaN,0
0.01940767653,0.004563353956,NaN,NaN,0
0.01940767653,0.004420190118,NaN,NaN,0
0.01940767653,0.004277025815,NaN,NaN,0
0.01940767653,0.004133861978,NaN,NaN,0
0.01940767653,0.00399069814,NaN,NaN,0
0.01940767653,0.003847533837,NaN,NaN,0
0.01940767653,0.003704369767,NaN,NaN,0
0.01940767653,0.003561205696,NaN,NaN,0
0.01940767653,0.003418041626,NaN,NaN,0
0.01940767653,0.003274877556,NaN,NaN,0
0.01940767653,0.003131713718,NaN,NaN,0
0.01940767653,0.002988549648,NaN,NaN,0
0.01940767653,0.002845385578,NaN,NaN,0
0.01940767653,0.002702221507,NaN,NaN,0
0.01940767653,0.002559057437,NaN,NaN,0
0.01940767653,0.002415893367,NaN,NaN,0
0.01940767653,0.002272729296,NaN,NaN,0
0.01940767653,0.002129565226,NaN,NaN,0
0.01940767653,0.001986401156,NaN,NaN,0
0.01940767653,0.001843237202,NaN,NaN,0
0.01940767653,0.001700073131,NaN,NaN,0
0.01940767653,0.001556909061,NaN,NaN,0
0.01940767653,0.001413744991,NaN,NaN,0
0.01940767653,0.00127058092,NaN,NaN,0
0.01940767653,0.00112741685,NaN,NaN,0
0.01940767653,0.0009842528962,NaN,NaN,0
0.01940767653,0.0008410888258,NaN,NaN,0
0.01940767653,0.0006979247555,NaN,NaN,0
0.01940767653,0.0005547606852,NaN,NaN,0
0.01940767653,0.000411596644,NaN,NaN,0
0.01940767653,0.0002684326028,NaN,NaN,0
0.01940767653,0.000125268547,NaN,NaN,0
0.0195508413,0.01916608773,NaN,NaN,0
0.0195508413,0.01902292296,NaN,NaN,0
0.0195508413,0.01887976006,NaN,NaN,0
0.0195508413,0.01873659529,NaN,NaN,0
0.0195508413,0.01859343052,NaN,NaN,0
0.0195508413,0.01845026761,NaN,NaN,0
0.0195508413,0.01830710284,NaN,NaN,0
0.0195508413,0.01816393808,NaN,NaN,0
0.0195508413,0.01802077517,NaN,NaN,0
0.0195508413,0.0178776104,NaN,NaN,0
0.0195508413,0.01773444749,NaN,NaN,0
0.0195508413,0.01759128273,NaN,NaN,0
0.0195508413,0.01744811796,NaN,NaN,0
0.0195508413,0.01730495505,NaN,NaN,0
0.0195508413,0.01716179028,NaN,NaN,0
0.0195508413,0.01701862738,NaN,NaN,0
0.0195508413,0.01687546261,NaN,NaN,0
0.0195508413,0.01673229784,NaN,NaN,0
0.0195508413,0.01658913493,NaN,NaN,0
0.0195508413,0.01644597016,NaN,NaN,0
0.0195508413,0.01630280726,NaN,NaN,0
0.0195508413,0.01615964249,NaN,NaN,0
0.0195508413,0.01601647772,NaN,NaN,0
0.0195508413,0.01587331481,NaN,NaN,0
0.0195508413,0.01573015004,NaN,NaN,0
0.0195508413,0.01558698621,NaN,NaN,0
0.0195508413,0.01544382237,NaN,NaN,0
0.0195508413,0.0153006576,NaN,NaN,0
0.0195508413,0.01515749376,NaN,NaN,0
0.0195508413,0.01501432993,NaN,NaN,0
0.0195508413,0.01487116609,NaN,NaN,0
0.0195508413,0.01472800132,NaN,NaN,0
0.0195508413,0.01458483748,NaN,NaN,0
0.0195508413,0.01444167364,NaN,NaN,0
0.0195508413,0.01429850981,NaN,NaN,0
0.0195508413,0.01415534597,NaN,NaN,0
0.0195508413,0.0140121812,NaN,NaN,0
0.0195508413,0.01386901736,NaN,NaN,0
0.0195508413,0.01372585353,NaN,NaN,0
0.0195508413,0.01358268969,NaN,NaN,0
0.0195508413,0.01343952492,NaN,NaN,0
0.0195508413,0.01329636108,NaN,NaN,0
0.0195508413,0.01315319724,NaN,NaN,0
0.0195508413,0.01301003341,NaN,NaN,0
0.0195508413,0.01286686864,NaN,NaN,0
0.0195508413,0.0127237048,NaN,NaN,0
0.0195508413,0.01258054096,NaN,NaN,0
0.0195508413,0.01243737713,NaN,NaN,0
0.0195508413,0.01229421329,NaN,NaN,0
0.0195508413,0.01215104852,NaN,NaN,0
0.0195508413,0.01200788468,NaN,NaN,0
0.0195508413,0.01186472084,NaN,NaN,0
0.0195508413,0.01172155701,NaN,NaN,0
0.0195508413,0.01157839224,NaN,NaN,0
0.0195508413,0.0114352284,NaN,NaN,0
0.0195508413,0.01129206456,NaN,NaN,0
0.0195508413,0.01114890072,NaN,NaN,0
0.0195508413,0.01100573689,NaN,NaN,0
0.0195508413,0.01086257212,NaN,NaN,0
0.0195508413,0.01071940828,NaN,NaN,0
0.0195508413,0.01057624444,NaN,NaN,0
0.0195508413,0.01043308061,NaN,NaN,0
0.0195508413,0.01028991584,NaN,NaN,0
0.0195508413,0.010146752,NaN,NaN,0
0.0195508413,0.01000358816,NaN,NaN,0
0.0195508413,0.009860424325,NaN,NaN,0
0.0195508413,0.009717259556,NaN,NaN,0
0.0195508413,0.009574095719,NaN,NaN,0
0.0195508413,0.009430931881,NaN,NaN,0
0.0195508413,0.009287768044,NaN,NaN,0
0.0195508413,0.009144604206,NaN,NaN,0
0.0195508413,0.009001439437,NaN,NaN,0
0.0195508413,0.0088582756,NaN,NaN,0
0.0195508413,0.008715111762,NaN,NaN,0
0.0195508413,0.008571947925,NaN,NaN,0
0.0195508413,0.008428783156,NaN,NaN,0
0.0195508413,0.008285619318,NaN,NaN,0
0.0195508413,0.008142455481,NaN,NaN,0
0.0195508413,0.007999291644,NaN,NaN,0
0.0195508413,0.007856126875,NaN,NaN,0
0.0195508413,0.007712963037,NaN,NaN,0
0.0195508413,0.0075697992,NaN,NaN,0
0.0195508413,0.007426635362,NaN,NaN,0
0.0195508413,0.007283471059,NaN,NaN,0
0.0195508413,0.007140307222,NaN,NaN,0
0.0195508413,0.006997142918,NaN,NaN,0
0.0195508413,0.006853979081,NaN,NaN,0
0.0195508413,0.006710814778,NaN,NaN,0
0.0195508413,0.00656765094,NaN,NaN,0
0.0195508413,0.006424486637,NaN,NaN,0
0.0195508413,0.0062813228,NaN,NaN,0
0.0195508413,0.006138158496,NaN,NaN,0
0.0195508413,0.005994994659,NaN,NaN,0
0.0195508413,0.005851830821,NaN,NaN,0
0.0195508413,0.005708666518,NaN,NaN,0
0.0195508413,0.005565502681,NaN,NaN,0
0.0195508413,0.005422338378,NaN,NaN,0
0.0195508413,0.00527917454,NaN,NaN,0
0.0195508413,0.005136010237,NaN,NaN,0
0.0195508413,0.0049928464,NaN,NaN,0
0.0195508413,0.004849682096,NaN,NaN,0
0.0195508413,0.004706518259,NaN,NaN,0
0.0195508413,0.004563353956,NaN,NaN,0
0.0195508413,0.004420190118,NaN,NaN,0
0.0195508413,0.004277025815,NaN,NaN,0
0.0195508413,0.004133861978,NaN,NaN,0
0.0195508413,0.00399069814,NaN,NaN,0
0.0195508413,0.003847533837,NaN,NaN,0
0.0195508413,0.003704369767,NaN,NaN,0
0.0195508413,0.003561205696,NaN,NaN,0
0.0195508413,0.003418041626,NaN,NaN,0
0.0195508413,0.003274877556,NaN,NaN,0
0.0195508413,0.003131713718,NaN,NaN,0
0.0195508413,0.002988549648,NaN,NaN,0
0.0195508413,0.002845385578,NaN,NaN,0
0.0195508413,0.002702221507,NaN,NaN,0
0.0195508413,0.002559057437,NaN,NaN,0
0.0195508413,0.002415893367,NaN,NaN,0
0.0195508413,0.002272729296,NaN,NaN,0
0.0195508413,0.002129565226,NaN,NaN,0
0.0195508413,0.001986401156,NaN,NaN,0
0.0195508413,0.001843237202,NaN,NaN,0
0.0195508413,0.001700073131,NaN,NaN,0
0.0195508413,0.001556909061,NaN,NaN,0
0.0195508413,0.001413744991,NaN,NaN,0
0.0195508413,0.00127058092,NaN,NaN,0
0.0195508413,0.00112741685,NaN,NaN,0
0.0195508413,0.0009842528962,NaN,NaN,0
0.0195508413,0.0008410888258,NaN,NaN,0
0.0195508413,0.0006979247555,NaN,NaN,0
0.0195508413,0.0005547606852,NaN,NaN,0
0.0195508413,0.000411596644,NaN,NaN,0
0.0195508413,0.0002684326028,NaN,NaN,0
0.0195508413,0.000125268547,NaN,NaN,0
0.01969400421,0.01916608773,NaN,NaN,0
0.01969400421,0.01902292296,NaN,NaN,0
0.01969400421,0.01887976006,NaN,NaN,0
0.01969400421,0.01873659529,NaN,NaN,0
0.01969400421,0.01859343052,NaN,NaN,0
0.01969400421,0.01845026761,NaN,NaN,0
0.01969400421,0.01830710284,NaN,NaN,0
0.01969400421,0.01816393808,NaN,NaN,0
0.01969400421,0.01802077517,NaN,NaN,0
0.01969400421,0.0178776104,NaN,NaN,0
0.01969400421,0.01773444749,NaN,NaN,0
0.01969400421,0.01759128273,NaN,NaN,0
0.01969400421,0.01744811796,NaN,NaN,0
0.01969400421,0.01730495505,NaN,NaN,0
0.01969400421,0.01716179028,NaN,NaN,0
0.01969400421,0.01701862738,NaN,NaN,0
0.01969400421,0.01687546261,NaN,NaN,0
0.01969400421,0.01673229784,NaN,NaN,0
0.01969400421,0.01658913493,NaN,NaN,0
0.01969400421,0.01644597016,NaN,NaN,0
0.01969400421,0.01630280726,NaN,NaN,0
0.01969400421,0.01615964249,NaN,NaN,0
0.01969400421,0.01601647772,NaN,NaN,0
0.01969400421,0.01587331481,NaN,NaN,0
0.01969400421,0.01573015004,NaN,NaN,0
0.01969400421,0.01558698621,NaN,NaN,0
0.01969400421,0.01544382237,NaN,NaN,0
0.01969400421,0.0153006576,NaN,NaN,0
0.01969400421,0.01515749376,NaN,NaN,0
0.01969400421,0.01501432993,NaN,NaN,0
0.01969400421,0.01487116609,NaN,NaN,0
0.01969400421,0.01472800132,NaN,NaN,0
0.01969400421,0.01458483748,NaN,NaN,0
0.01969400421,0.01444167364,NaN,NaN,0
0.01969400421,0.01429850981,NaN,NaN,0
0.01969400421,0.01415534597,NaN,NaN,0
0.01969400421,0.0140121812,NaN,NaN,0
0.01969400421,0.01386901736,NaN,NaN,0
0.01969400421,0.01372585353,NaN,NaN,0
0.01969400421,0.01358268969,NaN,NaN,0
0.01969400421,0.01343952492,NaN,NaN,0
0.01969400421,0.01329636108,NaN,NaN,0
0.01969400421,0.01315319724,NaN,NaN,0
0.01969400421,0.01301003341,NaN,NaN,0
0.01969400421,0.01286686864,NaN,NaN,0
0.01969400421,0.0127237048,NaN,NaN,0
0.01969400421,0.01258054096,NaN,NaN,0
0.01969400421,0.01243737713,NaN,NaN,0
0.01969400421,0.01229421329,NaN,NaN,0
0.01969400421,0.01215104852,NaN,NaN,0
0.01969400421,0.01200788468,NaN,NaN,0
0.01969400421,0.01186472084,NaN,NaN,0
0.01969400421,0.01172155701,NaN,NaN,0
0.01969400421,0.01157839224,NaN,NaN,0
0.01969400421,0.0114352284,NaN,NaN,0
0.01969400421,0.01129206456,NaN,NaN,0
0.01969400421,0.01114890072,NaN,NaN,0
0.01969400421,0.01100573689,NaN,NaN,0
0.01969400421,0.01086257212,NaN,NaN,0
0.01969400421,0.01071940828,NaN,NaN,0
0.01969400421,0.01057624444,NaN,NaN,0
0.01969400421,0.01043308061,NaN,NaN,0
0.01969400421,0.01028991584,NaN,NaN,0
0.01969400421,0.010146752,NaN,NaN,0
0.01969400421,0.01000358816,NaN,NaN,0
0.01969400421,0.009860424325,NaN,NaN,0
0.01969400421,0.009717259556,NaN,NaN,0
0.01969400421,0.009574095719,NaN,NaN,0
0.01969400421,0.009430931881,NaN,NaN,0
0.01969400421,0.009287768044,NaN,NaN,0
0.01969400421,0.009144604206,NaN,NaN,0
0.01969400421,0.009001439437,NaN,NaN,0
0.01969400421,0.0088582756,NaN,NaN,0
0.01969400421,0.008715111762,NaN,NaN,0
0.01969400421,0.008571947925,NaN,NaN,0
0.01969400421,0.008428783156,NaN,NaN,0
0.01969400421,0.008285619318,NaN,NaN,0
0.01969400421,0.008142455481,NaN,NaN,0
0.01969400421,0.007999291644,NaN,NaN,0
0.01969400421,0.007856126875,NaN,NaN,0
0.01969400421,0.007712963037,NaN,NaN,0
0.01969400421,0.0075697992,NaN,NaN,0
0.01969400421,0.007426635362,NaN,NaN,0
0.01969400421,0.007283471059,NaN,NaN,0
0.01969400421,0.007140307222,NaN,NaN,0
0.01969400421,0.006997142918,NaN,NaN,0
0.01969400421,0.006853979081,NaN,NaN,0
0.01969400421,0.006710814778,NaN,NaN,0
0.01969400421,0.00656765094,NaN,NaN,0
0.01969400421,0.006424486637,NaN,NaN,0
0.01969400421,0.0062813228,NaN,NaN,0
0.01969400421,0.006138158496,NaN,NaN,0
0.01969400421,0.005994994659,NaN,NaN,0
0.01969400421,0.005851830821,NaN,NaN,0
0.01969400421,0.005708666518,NaN,NaN,0
0.01969400421,0.005565502681,NaN,NaN,0
0.01969400421,0.005422338378,NaN,NaN,0
0.01969400421,0.00527917454,NaN,NaN,0
0.01969400421,0.005136010237,NaN,NaN,0
0.01969400421,0.0049928464,NaN,NaN,0
0.01969400421,0.004849682096,NaN,NaN,0
0.01969400421,0.004706518259,NaN,NaN,0
0.01969400421,0.004563353956,NaN,NaN,0
0.01969400421,0.004420190118,NaN,NaN,0
0.01969400421,0.004277025815,NaN,NaN,0
0.01969400421,0.004133861978,NaN,NaN,0
0.01969400421,0.00399069814,NaN,NaN,0
0.01969400421,0.003847533837,NaN,NaN,0
0.01969400421,0.003704369767,NaN,NaN,0
0.01969400421,0.003561205696,NaN,NaN,0
0.01969400421,0.003418041626,NaN,NaN,0
0.01969400421,0.003274877556,NaN,NaN,0
0.01969400421,0.003131713718,NaN,NaN,0
0.01969400421,0.002988549648,NaN,NaN,0
0.01969400421,0.002845385578,NaN,NaN,0
0.01969400421,0.002702221507,NaN,NaN,0
0.01969400421,0.002559057437,NaN,NaN,0
0.01969400421,0.002415893367,NaN,NaN,0
0.01969400421,0.002272729296,NaN,NaN,0
0.01969400421,0.002129565226,NaN,NaN,0
0.01969400421,0.001986401156,NaN,NaN,0
0.01969400421,0.001843237202,NaN,NaN,0
0.01969400421,0.001700073131,NaN,NaN,0
0.01969400421,0.001556909061,NaN,NaN,0
0.01969400421,0.001413744991,NaN,NaN,0
0.01969400421,0.00127058092,NaN,NaN,0
0.01969400421,0.00112741685,NaN,NaN,0
0.01969400421,0.0009842528962,NaN,NaN,0
0.01969400421,0.0008410888258,NaN,NaN,0
0.01969400421,0.0006979247555,NaN,NaN,0
0.01969400421,0.0005547606852,NaN,NaN,0
0.01969400421,0.000411596644,NaN,NaN,0
0.01969400421,0.0002684326028,NaN,NaN,0
0.01969400421,0.000125268547,NaN,NaN,0
0.01983716898,0.01916608773,NaN,NaN,0
0.01983716898,0.01902292296,NaN,NaN,0
0.01983716898,0.01887976006,NaN,NaN,0
0.01983716898,0.01873659529,NaN,NaN,0
0.01983716898,0.01859343052,NaN,NaN,0
0.01983716898,0.01845026761,NaN,NaN,0
0.01983716898,0.01830710284,NaN,NaN,0
0.01983716898,0.01816393808,NaN,NaN,0
0.01983716898,0.01802077517,NaN,NaN,0
0.01983716898,0.0178776104,NaN,NaN,0
0.01983716898,0.01773444749,NaN,NaN,0
0.01983716898,0.01759128273,NaN,NaN,0
0.01983716898,0.01744811796,NaN,NaN,0
0.01983716898,0.01730495505,NaN,NaN,0
0.01983716898,0.01716179028,NaN,NaN,0
0.01983716898,0.01701862738,NaN,NaN,0
0.01983716898,0.01687546261,NaN,NaN,0
0.01983716898,0.01673229784,NaN,NaN,0
0.01983716898,0.01658913493,NaN,NaN,0
0.01983716898,0.01644597016,NaN,NaN,0
0.01983716898,0.01630280726,NaN,NaN,0
0.01983716898,0.01615964249,NaN,NaN,0
0.01983716898,0.01601647772,NaN,NaN,0
0.01983716898,0.01587331481,NaN,NaN,0
0.01983716898,0.01573015004,NaN,NaN,0
0.01983716898,0.01558698621,NaN,NaN,0
0.01983716898,0.01544382237,NaN,NaN,0
0.01983716898,0.0153006576,NaN,NaN,0
0.01983716898,0.01515749376,NaN,NaN,0
0.01983716898,0.01501432993,NaN,NaN,0
0.01983716898,0.01487116609,NaN,NaN,0
0.01983716898,0.01472800132,NaN,NaN,0
0.01983716898,0.01458483748,NaN,NaN,0
0.01983716898,0.01444167364,NaN,NaN,0
0.01983716898,0.01429850981,NaN,NaN,0
0.01983716898,0.01415534597,NaN,NaN,0
0.01983716898,0.0140121812,NaN,NaN,0
0.01983716898,0.01386901736,NaN,NaN,0
0.01983716898,0.01372585353,NaN,NaN,0
0.01983716898,0.01358268969,NaN,NaN,0
0.01983716898,0.01343952492,NaN,NaN,0
0.01983716898,0.01329636108,NaN,NaN,0
0.01983716898,0.01315319724,NaN,NaN,0
0.01983716898,0.01301003341,NaN,NaN,0
0.01983716898,0.01286686864,NaN,NaN,0
0.01983716898,0.0127237048,NaN,NaN,0
0.01983716898,0.01258054096,NaN,NaN,0
0.01983716898,0.01243737713,NaN,NaN,0
0.01983716898,0.01229421329,NaN,NaN,0
0.01983716898,0.01215104852,NaN,NaN,0
0.01983716898,0.01200788468,NaN,NaN,0
0.01983716898,0.01186472084,NaN,NaN,0
0.01983716898,0.01172155701,NaN,NaN,0
0.01983716898,0.01157839224,NaN,NaN,0
0.01983716898,0.0114352284,NaN,NaN,0
0.01983716898,0.01129206456,NaN,NaN,0
0.01983716898,0.01114890072,NaN,NaN,0
0.01983716898,0.01100573689,NaN,NaN,0
0.01983716898,0.01086257212,NaN,NaN,0
0.01983716898,0.01071940828,NaN,NaN,0
0.01983716898,0.01057624444,NaN,NaN,0
0.01983716898,0.01043308061,NaN,NaN,0
0.01983716898,0.01028991584,NaN,NaN,0
0.01983716898,0.010146752,NaN,NaN,0
0.01983716898,0.01000358816,NaN,NaN,0
0.01983716898,0.009860424325,NaN,NaN,0
0.01983716898,0.009717259556,NaN,NaN,0
0.01983716898,0.009574095719,NaN,NaN,0
0.01983716898,0.009430931881,NaN,NaN,0
0.01983716898,0.009287768044,NaN,NaN,0
0.01983716898,0.009144604206,NaN,NaN,0
0.01983716898,0.009001439437,NaN,NaN,0
0.01983716898,0.0088582756,NaN,NaN,0
0.01983716898,0.008715111762,NaN,NaN,0
0.01983716898,0.008571947925,NaN,NaN,0
0.01983716898,0.008428783156,NaN,NaN,0
0.01983716898,0.008285619318,NaN,NaN,0
0.01983716898,0.008142455481,NaN,NaN,0
0.01983716898,0.007999291644,NaN,NaN,0
0.01983716898,0.007856126875,NaN,NaN,0
0.01983716898,0.007712963037,NaN,NaN,0
0.01983716898,0.0075697992,NaN,NaN,0
0.01983716898,0.007426635362,NaN,NaN,0
0.01983716898,0.007283471059,NaN,NaN,0
0.01983716898,0.007140307222,NaN,NaN,0
0.01983716898,0.006997142918,NaN,NaN,0
0.01983716898,0.006853979081,NaN,NaN,0
0.01983716898,0.006710814778,NaN,NaN,0
0.01983716898,0.00656765094,NaN,NaN,0
0.01983716898,0.006424486637,NaN,NaN,0
0.01983716898,0.0062813228,NaN,NaN,0
0.01983716898,0.006138158496,NaN,NaN,0
0.01983716898,0.005994994659,NaN,NaN,0
0.01983716898,0.005851830821,NaN,NaN,0
0.01983716898,0.005708666518,NaN,NaN,0
0.01983716898,0.005565502681,NaN,NaN,0
0.01983716898,0.005422338378,NaN,NaN,0
0.01983716898,0.00527917454,NaN,NaN,0
0.01983716898,0.005136010237,NaN,NaN,0
0.01983716898,0.0049928464,NaN,NaN,0
0.01983716898,0.004849682096,NaN,NaN,0
0.01983716898,0.004706518259,NaN,NaN,0
0.01983716898,0.004563353956,NaN,NaN,0
0.01983716898,0.004420190118,NaN,NaN,0
0.01983716898,0.004277025815,NaN,NaN,0
0.01983716898,0.004133861978,NaN,NaN,0
0.01983716898,0.00399069814,NaN,NaN,0
0.01983716898,0.003847533837,NaN,NaN,0
0.01983716898,0.003704369767,NaN,NaN,0
0.01983716898,0.003561205696,NaN,NaN,0
0.01983716898,0.003418041626,NaN,NaN,0
0.01983716898,0.003274877556,NaN,NaN,0
0.01983716898,0.003131713718,NaN,NaN,0
0.01983716898,0.002988549648,NaN,NaN,0
0.01983716898,0.002845385578,NaN,NaN,0
0.01983716898,0.002702221507,NaN,NaN,0
0.01983716898,0.002559057437,NaN,NaN,0
0.01983716898,0.002415893367,NaN,NaN,0
0.01983716898,0.002272729296,NaN,NaN,0
0.01983716898,0.002129565226,NaN,NaN,0
0.01983716898,0.001986401156,NaN,NaN,0
0.01983716898,0.001843237202,NaN,NaN,0
0.01983716898,0.001700073131,NaN,NaN,0
0.01983716898,0.001556909061,NaN,NaN,0
0.01983716898,0.001413744991,NaN,NaN,0
0.01983716898,0.00127058092,NaN,NaN,0
0.01983716898,0.00112741685,NaN,NaN,0
0.01983716898,0.0009842528962,NaN,NaN,0
0.01983716898,0.0008410888258,NaN,NaN,0
0.01983716898,0.0006979247555,NaN,NaN,0
0.01983716898,0.0005547606852,NaN,NaN,0
0.01983716898,0.000411596644,NaN,NaN,0
0.01983716898,0.0002684326028,NaN,NaN,0
0.01983716898,0.000125268547,NaN,NaN,0
0.01998033375,0.01916608773,NaN,NaN,0
0.01998033375,0.01902292296,NaN,NaN,0
0.01998033375,0.01887976006,NaN,NaN,0
0.01998033375,0.01873659529,NaN,NaN,0
0.01998033375,0.01859343052,NaN,NaN,0
0.01998033375,0.01845026761,NaN,NaN,0
0.01998033375,0.01830710284,NaN,NaN,0
0.01998033375,0.01816393808,NaN,NaN,0
0.01998033375,0.01802077517,NaN,NaN,0
0.01998033375,0.0178776104,NaN,NaN,0
0.01998033375,0.01773444749,NaN,NaN,0
0.01998033375,0.01759128273,NaN,NaN,0
0.01998033375,0.01744811796,NaN,NaN,0
0.01998033375,0.01730495505,NaN,NaN,0
0.01998033375,0.01716179028,NaN,NaN,0
0.01998033375,0.01701862738,NaN,NaN,0
0.01998033375,0.01687546261,NaN,NaN,0
0.01998033375,0.01673229784,NaN,NaN,0
0.01998033375,0.01658913493,NaN,NaN,0
0.01998033375,0.01644597016,NaN,NaN,0
0.01998033375,0.01630280726,NaN,NaN,0
0.01998033375,0.01615964249,NaN,NaN,0
0.01998033375,0.01601647772,NaN,NaN,0
0.01998033375,0.01587331481,NaN,NaN,0
0.01998033375,0.01573015004,NaN,NaN,0
0.01998033375,0.01558698621,NaN,NaN,0
0.01998033375,0.01544382237,NaN,NaN,0
0.01998033375,0.0153006576,NaN,NaN,0
0.01998033375,0.01515749376,NaN,NaN,0
0.01998033375,0.01501432993,NaN,NaN,0
0.01998033375,0.01487116609,NaN,NaN,0
0.01998033375,0.01472800132,NaN,NaN,0
0.01998033375,0.01458483748,NaN,NaN,0
0.01998033375,0.01444167364,NaN,NaN,0
0.01998033375,0.01429850981,NaN,NaN,0
0.01998033375,0.01415534597,NaN,NaN,0
0.01998033375,0.0140121812,NaN,NaN,0
0.01998033375,0.01386901736,NaN,NaN,0
0.01998033375,0.01372585353,NaN,NaN,0
0.01998033375,0.01358268969,NaN,NaN,0
0.01998033375,0.01343952492,NaN,NaN,0
0.01998033375,0.01329636108,NaN,NaN,0
0.01998033375,0.01315319724,NaN,NaN,0
0.01998033375,0.01301003341,NaN,NaN,0
0.01998033375,0.01286686864,NaN,NaN,0
0.01998033375,0.0127237048,NaN,NaN,0
0.01998033375,0.01258054096,NaN,NaN,0
0.01998033375,0.01243737713,NaN,NaN,0
0.01998033375,0.01229421329,NaN,NaN,0
0.01998033375,0.01215104852,NaN,NaN,0
0.01998033375,0.01200788468,NaN,NaN,0
0.01998033375,0.01186472084,NaN,NaN,0
0.01998033375,0.01172155701,NaN,NaN,0
0.01998033375,0.01157839224,NaN,NaN,0
0.01998033375,0.0114352284,NaN,NaN,0
0.01998033375,0.01129206456,NaN,NaN,0
0.01998033375,0.01114890072,NaN,NaN,0
0.01998033375,0.01100573689,NaN,NaN,0
0.01998033375,0.01086257212,NaN,NaN,0
0.01998033375,0.01071940828,NaN,NaN,0
0.01998033375,0.01057624444,NaN,NaN,0
0.01998033375,0.01043308061,NaN,NaN,0
0.01998033375,0.01028991584,NaN,NaN,0
0.01998033375,0.010146752,NaN,NaN,0
0.01998033375,0.01000358816,NaN,NaN,0
0.01998033375,0.009860424325,NaN,NaN,0
0.01998033375,0.009717259556,NaN,NaN,0
0.01998033375,0.009574095719,NaN,NaN,0
0.01998033375,0.009430931881,NaN,NaN,0
0.01998033375,0.009287768044,NaN,NaN,0
0.01998033375,0.009144604206,NaN,NaN,0
0.01998033375,0.009001439437,NaN,NaN,0
0.01998033375,0.0088582756,NaN,NaN,0
0.01998033375,0.008715111762,NaN,NaN,0
0.01998033375,0.008571947925,NaN,NaN,0
0.01998033375,0.008428783156,NaN,NaN,0
0.01998033375,0.008285619318,NaN,NaN,0
0.01998033375,0.008142455481,NaN,NaN,0
0.01998033375,0.007999291644,NaN,NaN,0
0.01998033375,0.007856126875,NaN,NaN,0
0.01998033375,0.007712963037,NaN,NaN,0
0.01998033375,0.0075697992,NaN,NaN,0
0.01998033375,0.007426635362,NaN,NaN,0
0.01998033375,0.007283471059,NaN,NaN,0
0.01998033375,0.007140307222,NaN,NaN,0
0.01998033375,0.006997142918,NaN,NaN,0
0.01998033375,0.006853979081,NaN,NaN,0
0.01998033375,0.006710814778,NaN,NaN,0
0.01998033375,0.00656765094,NaN,NaN,0
0.01998033375,0.006424486637,NaN,NaN,0
0.01998033375,0.0062813228,NaN,NaN,0
0.01998033375,0.006138158496,NaN,NaN,0
0.01998033375,0.005994994659,NaN,NaN,0
0.01998033375,0.005851830821,NaN,NaN,0
0.01998033375,0.005708666518,NaN,NaN,0
0.01998033375,0.005565502681,NaN,NaN,0
0.01998033375,0.005422338378,NaN,NaN,0
0.01998033375,0.00527917454,NaN,NaN,0
0.01998033375,0.005136010237,NaN,NaN,0
0.01998033375,0.0049928464,NaN,NaN,0
0.01998033375,0.004849682096,NaN,NaN,0
0.01998033375,0.004706518259,NaN,NaN,0
0.01998033375,0.004563353956,NaN,NaN,0
0.01998033375,0.004420190118,NaN,NaN,0
0.01998033375,0.004277025815,NaN,NaN,0
0.01998033375,0.004133861978,NaN,NaN,0
0.01998033375,0.00399069814,NaN,NaN,0
0.01998033375,0.003847533837,NaN,NaN,0
0.01998033375,0.003704369767,NaN,NaN,0
0.01998033375,0.003561205696,NaN,NaN,0
0.01998033375,0.003418041626,NaN,NaN,0
0.01998033375,0.003274877556,NaN,NaN,0
0.01998033375,0.003131713718,NaN,NaN,0
0.01998033375,0.002988549648,NaN,NaN,0
0.01998033375,0.002845385578,NaN,NaN,0
0.01998033375,0.002702221507,NaN,NaN,0
0.01998033375,0.002559057437,NaN,NaN,0
0.01998033375,0.002415893367,NaN,NaN,0
0.01998033375,0.002272729296,NaN,NaN,0
0.01998033375,0.002129565226,NaN,NaN,0
0.01998033375,0.001986401156,NaN,NaN,0
0.01998033375,0.001843237202,NaN,NaN,0
0.01998033375,0.001700073131,NaN,NaN,0
0.01998033375,0.001556909061,NaN,NaN,0
0.01998033375,0.001413744991,NaN,NaN,0
0.01998033375,0.00127058092,NaN,NaN,0
0.01998033375,0.00112741685,NaN,NaN,0
0.01998033375,0.0009842528962,NaN,NaN,0
0.01998033375,0.0008410888258,NaN,NaN,0
0.01998033375,0.0006979247555,NaN,NaN,0
0.01998033375,0.0005547606852,NaN,NaN,0
0.01998033375,0.000411596644,NaN,NaN,0
0.01998033375,0.0002684326028,NaN,NaN,0
0.01998033375,0.000125268547,NaN,NaN,0
0.02012349665,0.01916608773,NaN,NaN,0
0.02012349665,0.01902292296,NaN,NaN,0
0.02012349665,0.01887976006,NaN,NaN,0
0.02012349665,0.01873659529,NaN,NaN,0
0.02012349665,0.01859343052,NaN,NaN,0
0.02012349665,0.01845026761,NaN,NaN,0
0.02012349665,0.01830710284,NaN,NaN,0
0.02012349665,0.01816393808,NaN,NaN,0
0.02012349665,0.01802077517,NaN,NaN,0
0.02012349665,0.0178776104,NaN,NaN,0
0.02012349665,0.01773444749,NaN,NaN,0
0.02012349665,0.01759128273,NaN,NaN,0
0.02012349665,0.01744811796,NaN,NaN,0
0.02012349665,0.01730495505,NaN,NaN,0
0.02012349665,0.01716179028,NaN,NaN,0
0.02012349665,0.01701862738,NaN,NaN,0
0.02012349665,0.01687546261,NaN,NaN,0
0.02012349665,0.01673229784,NaN,NaN,0
0.02012349665,0.01658913493,NaN,NaN,0
0.02012349665,0.01644597016,NaN,NaN,0
0.02012349665,0.01630280726,NaN,NaN,0
0.02012349665,0.01615964249,NaN,NaN,0
0.02012349665,0.01601647772,NaN,NaN,0
0.02012349665,0.01587331481,NaN,NaN,0
0.02012349665,0.01573015004,NaN,NaN,0
0.02012349665,0.01558698621,NaN,NaN,0
0.02012349665,0.01544382237,NaN,NaN,0
0.02012349665,0.0153006576,NaN,NaN,0
0.02012349665,0.01515749376,NaN,NaN,0
0.02012349665,0.01501432993,NaN,NaN,0
0.02012349665,0.01487116609,NaN,NaN,0
0.02012349665,0.01472800132,NaN,NaN,0
0.02012349665,0.01458483748,NaN,NaN,0
0.02012349665,0.01444167364,NaN,NaN,0
0.02012349665,0.01429850981,NaN,NaN,0
0.02012349665,0.01415534597,NaN,NaN,0
0.02012349665,0.0140121812,NaN,NaN,0
0.02012349665,0.01386901736,NaN,NaN,0
0.02012349665,0.01372585353,NaN,NaN,0
0.02012349665,0.01358268969,NaN,NaN,0
0.02012349665,0.01343952492,NaN,NaN,0
0.02012349665,0.01329636108,NaN,NaN,0
0.02012349665,0.01315319724,NaN,NaN,0
0.02012349665,0.01301003341,NaN,NaN,0
0.02012349665,0.01286686864,NaN,NaN,0
0.02012349665,0.0127237048,NaN,NaN,0
0.02012349665,0.01258054096,NaN,NaN,0
0.02012349665,0.01243737713,NaN,NaN,0
0.02012349665,0.01229421329,NaN,NaN,0
0.02012349665,0.01215104852,NaN,NaN,0
0.02012349665,0.01200788468,NaN,NaN,0
0.02012349665,0.01186472084,NaN,NaN,0
0.02012349665,0.01172155701,NaN,NaN,0
0.02012349665,0.01157839224,NaN,NaN,0
0.02012349665,0.0114352284,NaN,NaN,0
0.02012349665,0.01129206456,NaN,NaN,0
0.02012349665,0.01114890072,NaN,NaN,0
0.02012349665,0.01100573689,NaN,NaN,0
0.02012349665,0.01086257212,NaN,NaN,0
0.02012349665,0.01071940828,NaN,NaN,0
0.02012349665,0.01057624444,NaN,NaN,0
0.02012349665,0.01043308061,NaN,NaN,0
0.02012349665,0.01028991584,NaN,NaN,0
0.02012349665,0.010146752,NaN,NaN,0
0.02012349665,0.01000358816,NaN,NaN,0
0.02012349665,0.009860424325,NaN,NaN,0
0.02012349665,0.009717259556,NaN,NaN,0
0.02012349665,0.009574095719,NaN,NaN,0
0.02012349665,0.009430931881,NaN,NaN,0
0.02012349665,0.009287768044,NaN,NaN,0
0.02012349665,0.009144604206,NaN,NaN,0
0.02012349665,0.009001439437,NaN,NaN,0
0.02012349665,0.0088582756,NaN,NaN,0
0.02012349665,0.008715111762,NaN,NaN,0
0.02012349665,0.008571947925,NaN,NaN,0
0.02012349665,0.008428783156,NaN,NaN,0
0.02012349665,0.008285619318,NaN,NaN,0
0.02012349665,0.008142455481,NaN,NaN,0
0.02012349665,0.007999291644,NaN,NaN,0
0.02012349665,0.007856126875,NaN,NaN,0
0.02012349665,0.007712963037,NaN,NaN,0
0.02012349665,0.0075697992,NaN,NaN,0
0.02012349665,0.007426635362,NaN,NaN,0
0.02012349665,0.007283471059,NaN,NaN,0
0.02012349665,0.007140307222,NaN,NaN,0
0.02012349665,0.006997142918,NaN,NaN,0
0.02012349665,0.006853979081,NaN,NaN,0
0.02012349665,0.006710814778,NaN,NaN,0
0.02012349665,0.00656765094,NaN,NaN,0
0.02012349665,0.006424486637,NaN,NaN,0
0.02012349665,0.0062813228,NaN,NaN,0
0.02012349665,0.006138158496,NaN,NaN,0
0.02012349665,0.005994994659,NaN,NaN,0
0.02012349665,0.005851830821,NaN,NaN,0
0.02012349665,0.005708666518,NaN,NaN,0
0.02012349665,0.005565502681,NaN,NaN,0
0.02012349665,0.005422338378,NaN,NaN,0
0.02012349665,0.00527917454,NaN,NaN,0
0.02012349665,0.005136010237,NaN,NaN,0
0.02012349665,0.0049928464,NaN,NaN,0
0.02012349665,0.004849682096,NaN,NaN,0
0.02012349665,0.004706518259,NaN,NaN,0
0.02012349665,0.004563353956,NaN,NaN,0
0.02012349665,0.004420190118,NaN,NaN,0
0.02012349665,0.004277025815,NaN,NaN,0
0.02012349665,0.004133861978,NaN,NaN,0
0.02012349665,0.00399069814,NaN,NaN,0
0.02012349665,0.003847533837,NaN,NaN,0
0.02012349665,0.003704369767,NaN,NaN,0
0.02012349665,0.003561205696,NaN,NaN,0
0.02012349665,0.003418041626,NaN,NaN,0
0.02012349665,0.003274877556,NaN,NaN,0
0.02012349665,0.003131713718,NaN,NaN,0
0.02012349665,0.002988549648,NaN,NaN,0
0.02012349665,0.002845385578,NaN,NaN,0
0.02012349665,0.002702221507,NaN,NaN,0
0.02012349665,0.002559057437,NaN,NaN,0
0.02012349665,0.002415893367,NaN,NaN,0
0.02012349665,0.002272729296,NaN,NaN,0
0.02012349665,0.002129565226,NaN,NaN,0
0.02012349665,0.001986401156,NaN,NaN,0
0.02012349665,0.001843237202,NaN,NaN,0
0.02012349665,0.001700073131,NaN,NaN,0
0.02012349665,0.001556909061,NaN,NaN,0
0.02012349665,0.001413744991,NaN,NaN,0
0.02012349665,0.00127058092,NaN,NaN,0
0.02012349665,0.00112741685,NaN,NaN,0
0.02012349665,0.0009842528962,NaN,NaN,0
0.02012349665,0.0008410888258,NaN,NaN,0
0.02012349665,0.0006979247555,NaN,NaN,0
0.02012349665,0.0005547606852,NaN,NaN,0
0.02012349665,0.000411596644,NaN,NaN,0
0.02012349665,0.0002684326028,NaN,NaN,0
0.02012349665,0.000125268547,NaN,NaN,0
0.02026666142,0.01916608773,NaN,NaN,0
0.02026666142,0.01902292296,NaN,NaN,0
0.02026666142,0.01887976006,NaN,NaN,0
0.02026666142,0.01873659529,NaN,NaN,0
0.02026666142,0.01859343052,NaN,NaN,0
0.02026666142,0.01845026761,NaN,NaN,0
0.02026666142,0.01830710284,NaN,NaN,0
0.02026666142,0.01816393808,NaN,NaN,0
0.02026666142,0.01802077517,NaN,NaN,0
0.02026666142,0.0178776104,NaN,NaN,0
0.02026666142,0.01773444749,NaN,NaN,0
0.02026666142,0.01759128273,NaN,NaN,0
0.02026666142,0.01744811796,NaN,NaN,0
0.02026666142,0.01730495505,NaN,NaN,0
0.02026666142,0.01716179028,NaN,NaN,0
0.02026666142,0.01701862738,NaN,NaN,0
0.02026666142,0.01687546261,NaN,NaN,0
0.02026666142,0.01673229784,NaN,NaN,0
0.02026666142,0.01658913493,NaN,NaN,0
0.02026666142,0.01644597016,NaN,NaN,0
0.02026666142,0.01630280726,NaN,NaN,0
0.02026666142,0.01615964249,NaN,NaN,0
0.02026666142,0.01601647772,NaN,NaN,0
0.02026666142,0.01587331481,NaN,NaN,0
0.02026666142,0.01573015004,NaN,NaN,0
0.02026666142,0.01558698621,NaN,NaN,0
0.02026666142,0.01544382237,NaN,NaN,0
0.02026666142,0.0153006576,NaN,NaN,0
0.02026666142,0.01515749376,NaN,NaN,0
0.02026666142,0.01501432993,NaN,NaN,0
0.02026666142,0.01487116609,NaN,NaN,0
0.02026666142,0.01472800132,NaN,NaN,0
0.02026666142,0.01458483748,NaN,NaN,0
0.02026666142,0.01444167364,NaN,NaN,0
0.02026666142,0.01429850981,NaN,NaN,0
0.02026666142,0.01415534597,NaN,NaN,0
0.02026666142,0.0140121812,NaN,NaN,0
0.02026666142,0.01386901736,NaN,NaN,0
0.02026666142,0.01372585353,NaN,NaN,0
0.02026666142,0.01358268969,NaN,NaN,0
0.02026666142,0.01343952492,NaN,NaN,0
0.02026666142,0.01329636108,NaN,NaN,0
0.02026666142,0.01315319724,NaN,NaN,0
0.02026666142,0.01301003341,NaN,NaN,0
0.02026666142,0.01286686864,NaN,NaN,0
0.02026666142,0.0127237048,NaN,NaN,0
0.02026666142,0.01258054096,NaN,NaN,0
0.02026666142,0.01243737713,NaN,NaN,0
0.02026666142,0.01229421329,NaN,NaN,0
0.02026666142,0.01215104852,NaN,NaN,0
0.02026666142,0.01200788468,NaN,NaN,0
0.02026666142,0.01186472084,NaN,NaN,0
0.02026666142,0.01172155701,NaN,NaN,0
0.02026666142,0.01157839224,NaN,NaN,0
0.02026666142,0.0114352284,NaN,NaN,0
0.02026666142,0.01129206456,NaN,NaN,0
0.02026666142,0.01114890072,NaN,NaN,0
0.02026666142,0.01100573689,NaN,NaN,0
0.02026666142,0.01086257212,NaN,NaN,0
0.02026666142,0.01071940828,NaN,NaN,0
0.02026666142,0.01057624444,NaN,NaN,0
0.02026666142,0.01043308061,NaN,NaN,0
0.02026666142,0.01028991584,NaN,NaN,0
0.02026666142,0.010146752,NaN,NaN,0
0.02026666142,0.01000358816,NaN,NaN,0
0.02026666142,0.009860424325,NaN,NaN,0
0.02026666142,0.009717259556,NaN,NaN,0
0.02026666142,0.009574095719,NaN,NaN,0
0.02026666142,0.009430931881,NaN,NaN,0
0.02026666142,0.009287768044,NaN,NaN,0
0.02026666142,0.009144604206,NaN,NaN,0
0.02026666142,0.009001439437,NaN,NaN,0
0.02026666142,0.0088582756,NaN,NaN,0
0.02026666142,0.008715111762,NaN,NaN,0
0.02026666142,0.008571947925,NaN,NaN,0
0.02026666142,0.008428783156,NaN,NaN,0
0.02026666142,0.008285619318,NaN,NaN,0
0.02026666142,0.008142455481,NaN,NaN,0
0.02026666142,0.007999291644,NaN,NaN,0
0.02026666142,0.007856126875,NaN,NaN,0
0.02026666142,0.007712963037,NaN,NaN,0
0.02026666142,0.0075697992,NaN,NaN,0
0.02026666142,0.007426635362,NaN,NaN,0
0.02026666142,0.007283471059,NaN,NaN,0
0.02026666142,0.007140307222,NaN,NaN,0
0.02026666142,0.006997142918,NaN,NaN,0
0.02026666142,0.006853979081,NaN,NaN,0
0.02026666142,0.006710814778,NaN,NaN,0
0.02026666142,0.00656765094,NaN,NaN,0
0.02026666142,0.006424486637,NaN,NaN,0
0.02026666142,0.0062813228,NaN,NaN,0
0.02026666142,0.006138158496,NaN,NaN,0
0.02026666142,0.005994994659,NaN,NaN,0
0.02026666142,0.005851830821,NaN,NaN,0
0.02026666142,0.005708666518,NaN,NaN,0
0.02026666142,0.005565502681,NaN,NaN,0
0.02026666142,0.005422338378,NaN,NaN,0
0.02026666142,0.00527917454,NaN,NaN,0
0.02026666142,0.005136010237,NaN,NaN,0
0.02026666142,0.0049928464,NaN,NaN,0
0.02026666142,0.004849682096,NaN,NaN,0
0.02026666142,0.004706518259,NaN,NaN,0
0.02026666142,0.004563353956,NaN,NaN,0
0.02026666142,0.004420190118,NaN,NaN,0
0.02026666142,0.004277025815,NaN,NaN,0
0.02026666142,0.004133861978,NaN,NaN,0
0.02026666142,0.00399069814,NaN,NaN,0
0.02026666142,0.003847533837,NaN,NaN,0
0.02026666142,0.003704369767,NaN,NaN,0
0.02026666142,0.003561205696,NaN,NaN,0
0.02026666142,0.003418041626,NaN,NaN,0
0.02026666142,0.003274877556,NaN,NaN,0
0.02026666142,0.003131713718,NaN,NaN,0
0.02026666142,0.002988549648,NaN,NaN,0
0.02026666142,0.002845385578,NaN,NaN,0
0.02026666142,0.002702221507,NaN,NaN,0
0.02026666142,0.002559057437,NaN,NaN,0
0.02026666142,0.002415893367,NaN,NaN,0
0.02026666142,0.002272729296,NaN,NaN,0
0.02026666142,0.002129565226,NaN,NaN,0
0.02026666142,0.001986401156,NaN,NaN,0
0.02026666142,0.001843237202,NaN,NaN,0
0.02026666142,0.001700073131,NaN,NaN,0
0.02026666142,0.001556909061,NaN,NaN,0
0.02026666142,0.001413744991,NaN,NaN,0
0.02026666142,0.00127058092,NaN,NaN,0
0.02026666142,0.00112741685,NaN,NaN,0
0.02026666142,0.0009842528962,NaN,NaN,0
0.02026666142,0.0008410888258,NaN,NaN,0
0.02026666142,0.0006979247555,NaN,NaN,0
0.02026666142,0.0005547606852,NaN,NaN,0
0.02026666142,0.000411596644,NaN,NaN,0
0.02026666142,0.0002684326028,NaN,NaN,0
0.02026666142,0.000125268547,NaN,NaN,0
0.02040982433,0.01916608773,NaN,NaN,0
0.02040982433,0.01902292296,NaN,NaN,0
0.02040982433,0.01887976006,NaN,NaN,0
0.02040982433,0.01873659529,NaN,NaN,0
0.02040982433,0.01859343052,NaN,NaN,0
0.02040982433,0.01845026761,NaN,NaN,0
0.02040982433,0.01830710284,NaN,NaN,0
0.02040982433,0.01816393808,NaN,NaN,0
0.02040982433,0.01802077517,NaN,NaN,0
0.02040982433,0.0178776104,NaN,NaN,0
0.02040982433,0.01773444749,NaN,NaN,0
0.02040982433,0.01759128273,NaN,NaN,0
0.02040982433,0.01744811796,NaN,NaN,0
0.02040982433,0.01730495505,NaN,NaN,0
0.02040982433,0.01716179028,NaN,NaN,0
0.02040982433,0.01701862738,NaN,NaN,0
0.02040982433,0.01687546261,NaN,NaN,0
0.02040982433,0.01673229784,NaN,NaN,0
0.02040982433,0.01658913493,NaN,NaN,0
0.02040982433,0.01644597016,NaN,NaN,0
0.02040982433,0.01630280726,NaN,NaN,0
0.02040982433,0.01615964249,NaN,NaN,0
0.02040982433,0.01601647772,NaN,NaN,0
0.02040982433,0.01587331481,NaN,NaN,0
0.02040982433,0.01573015004,NaN,NaN,0
0.02040982433,0.01558698621,NaN,NaN,0
0.02040982433,0.01544382237,NaN,NaN,0
0.02040982433,0.0153006576,NaN,NaN,0
0.02040982433,0.01515749376,NaN,NaN,0
0.02040982433,0.01501432993,NaN,NaN,0
0.02040982433,0.01487116609,NaN,NaN,0
0.02040982433,0.01472800132,NaN,NaN,0
0.02040982433,0.01458483748,NaN,NaN,0
0.02040982433,0.01444167364,NaN,NaN,0
0.02040982433,0.01429850981,NaN,NaN,0
0.02040982433,0.01415534597,NaN,NaN,0
0.02040982433,0.0140121812,NaN,NaN,0
0.02040982433,0.01386901736,NaN,NaN,0
0.02040982433,0.01372585353,NaN,NaN,0
0.02040982433,0.01358268969,NaN,NaN,0
0.02040982433,0.01343952492,NaN,NaN,0
0.02040982433,0.01329636108,NaN,NaN,0
0.02040982433,0.01315319724,NaN,NaN,0
0.02040982433,0.01301003341,NaN,NaN,0
0.02040982433,0.01286686864,NaN,NaN,0
0.02040982433,0.0127237048,NaN,NaN,0
0.02040982433,0.01258054096,NaN,NaN,0
0.02040982433,0.01243737713,NaN,NaN,0
0.02040982433,0.01229421329,NaN,NaN,0
0.02040982433,0.01215104852,NaN,NaN,0
0.02040982433,0.01200788468,NaN,NaN,0
0.02040982433,0.01186472084,NaN,NaN,0
0.02040982433,0.01172155701,NaN,NaN,0
0.02040982433,0.01157839224,NaN,NaN,0
0.02040982433,0.0114352284,NaN,NaN,0
0.02040982433,0.01129206456,NaN,NaN,0
0.02040982433,0.01114890072,NaN,NaN,0
0.02040982433,0.01100573689,NaN,NaN,0
0.02040982433,0.01086257212,NaN,NaN,0
0.02040982433,0.01071940828,NaN,NaN,0
0.02040982433,0.01057624444,NaN,NaN,0
0.02040982433,0.01043308061,NaN,NaN,0
0.02040982433,0.01028991584,NaN,NaN,0
0.02040982433,0.010146752,NaN,NaN,0
0.02040982433,0.01000358816,NaN,NaN,0
0.02040982433,0.009860424325,NaN,NaN,0
0.02040982433,0.009717259556,NaN,NaN,0
0.02040982433,0.009574095719,NaN,NaN,0
0.02040982433,0.009430931881,NaN,NaN,0
0.02040982433,0.009287768044,NaN,NaN,0
0.02040982433,0.009144604206,NaN,NaN,0
0.02040982433,0.009001439437,NaN,NaN,0
0.02040982433,0.0088582756,NaN,NaN,0
0.02040982433,0.008715111762,NaN,NaN,0
0.02040982433,0.008571947925,NaN,NaN,0
0.02040982433,0.008428783156,NaN,NaN,0
0.02040982433,0.008285619318,NaN,NaN,0
0.02040982433,0.008142455481,NaN,NaN,0
0.02040982433,0.007999291644,NaN,NaN,0
0.02040982433,0.007856126875,NaN,NaN,0
0.02040982433,0.007712963037,NaN,NaN,0
0.02040982433,0.0075697992,NaN,NaN,0
0.02040982433,0.007426635362,NaN,NaN,0
0.02040982433,0.007283471059,NaN,NaN,0
0.02040982433,0.007140307222,NaN,NaN,0
0.02040982433,0.006997142918,NaN,NaN,0
0.02040982433,0.006853979081,NaN,NaN,0
0.02040982433,0.006710814778,NaN,NaN,0
0.02040982433,0.00656765094,NaN,NaN,0
0.02040982433,0.006424486637,NaN,NaN,0
0.02040982433,0.0062813228,NaN,NaN,0
0.02040982433,0.006138158496,NaN,NaN,0
0.02040982433,0.005994994659,NaN,NaN,0
0.02040982433,0.005851830821,NaN,NaN,0
0.02040982433,0.005708666518,NaN,NaN,0
0.02040982433,0.005565502681,NaN,NaN,0
0.02040982433,0.005422338378,NaN,NaN,0
0.02040982433,0.00527917454,NaN,NaN,0
0.02040982433,0.005136010237,NaN,NaN,0
0.02040982433,0.0049928464,NaN,NaN,0
0.02040982433,0.004849682096,NaN,NaN,0
0.02040982433,0.004706518259,NaN,NaN,0
0.02040982433,0.004563353956,NaN,NaN,0
0.02040982433,0.004420190118,NaN,NaN,0
0.02040982433,0.004277025815,NaN,NaN,0
0.02040982433,0.004133861978,NaN,NaN,0
0.02040982433,0.00399069814,NaN,NaN,0
0.02040982433,0.003847533837,NaN,NaN,0
0.02040982433,0.003704369767,NaN,NaN,0
0.02040982433,0.003561205696,NaN,NaN,0
0.02040982433,0.003418041626,NaN,NaN,0
0.02040982433,0.003274877556,NaN,NaN,0
0.02040982433,0.003131713718,NaN,NaN,0
0.02040982433,0.002988549648,NaN,NaN,0
0.02040982433,0.002845385578,NaN,NaN,0
0.02040982433,0.002702221507,NaN,NaN,0
0.02040982433,0.002559057437,NaN,NaN,0
0.02040982433,0.002415893367,NaN,NaN,0
0.02040982433,0.002272729296,NaN,NaN,0
0.02040982433,0.002129565226,NaN,NaN,0
0.02040982433,0.001986401156,NaN,NaN,0
0.02040982433,0.001843237202,NaN,NaN,0
0.02040982433,0.001700073131,NaN,NaN,0
0.02040982433,0.001556909061,NaN,NaN,0
0.02040982433,0.001413744991,NaN,NaN,0
0.02040982433,0.00127058092,NaN,NaN,0
0.02040982433,0.00112741685,NaN,NaN,0
0.02040982433,0.0009842528962,NaN,NaN,0
0.02040982433,0.0008410888258,NaN,NaN,0
0.02040982433,0.0006979247555,NaN,NaN,0
0.02040982433,0.0005547606852,NaN,NaN,0
0.02040982433,0.000411596644,NaN,NaN,0
0.02040982433,0.0002684326028,NaN,NaN,0
0.02040982433,0.000125268547,NaN,NaN,0
0.0205529891,0.01916608773,NaN,NaN,0
0.0205529891,0.01902292296,NaN,NaN,0
0.0205529891,0.01887976006,NaN,NaN,0
0.0205529891,0.01873659529,NaN,NaN,0
0.0205529891,0.01859343052,NaN,NaN,0
0.0205529891,0.01845026761,NaN,NaN,0
0.0205529891,0.01830710284,NaN,NaN,0
0.0205529891,0.01816393808,NaN,NaN,0
0.0205529891,0.01802077517,NaN,NaN,0
0.0205529891,0.0178776104,NaN,NaN,0
0.0205529891,0.01773444749,NaN,NaN,0
0.0205529891,0.01759128273,NaN,NaN,0
0.0205529891,0.01744811796,NaN,NaN,0
0.0205529891,0.01730495505,NaN,NaN,0
0.0205529891,0.01716179028,NaN,NaN,0
0.0205529891,0.01701862738,NaN,NaN,0
0.0205529891,0.01687546261,NaN,NaN,0
0.0205529891,0.01673229784,NaN,NaN,0
0.0205529891,0.01658913493,NaN,NaN,0
0.0205529891,0.01644597016,NaN,NaN,0
0.0205529891,0.01630280726,NaN,NaN,0
0.0205529891,0.01615964249,NaN,NaN,0
0.0205529891,0.01601647772,NaN,NaN,0
0.0205529891,0.01587331481,NaN,NaN,0
0.0205529891,0.01573015004,NaN,NaN,0
0.0205529891,0.01558698621,NaN,NaN,0
0.0205529891,0.01544382237,NaN,NaN,0
0.0205529891,0.0153006576,NaN,NaN,0
0.0205529891,0.01515749376,NaN,NaN,0
0.0205529891,0.01501432993,NaN,NaN,0
0.0205529891,0.01487116609,NaN,NaN,0
0.0205529891,0.01472800132,NaN,NaN,0
0.0205529891,0.01458483748,NaN,NaN,0
0.0205529891,0.01444167364,NaN,NaN,0
0.0205529891,0.01429850981,NaN,NaN,0
0.0205529891,0.01415534597,NaN,NaN,0
0.0205529891,0.0140121812,NaN,NaN,0
0.0205529891,0.01386901736,NaN,NaN,0
0.0205529891,0.01372585353,NaN,NaN,0
0.0205529891,0.01358268969,NaN,NaN,0
0.0205529891,0.01343952492,NaN,NaN,0
0.0205529891,0.01329636108,NaN,NaN,0
0.0205529891,0.01315319724,NaN,NaN,0
0.0205529891,0.01301003341,NaN,NaN,0
0.0205529891,0.01286686864,NaN,NaN,0
0.0205529891,0.0127237048,NaN,NaN,0
0.0205529891,0.01258054096,NaN,NaN,0
0.0205529891,0.01243737713,NaN,NaN,0
0.0205529891,0.01229421329,NaN,NaN,0
0.0205529891,0.01215104852,NaN,NaN,0
0.0205529891,0.01200788468,NaN,NaN,0
0.0205529891,0.01186472084,NaN,NaN,0
0.0205529891,0.01172155701,NaN,NaN,0
0.0205529891,0.01157839224,NaN,NaN,0
0.0205529891,0.0114352284,NaN,NaN,0
0.0205529891,0.01129206456,NaN,NaN,0
0.0205529891,0.01114890072,NaN,NaN,0
0.0205529891,0.01100573689,NaN,NaN,0
0.0205529891,0.01086257212,NaN,NaN,0
0.0205529891,0.01071940828,NaN,NaN,0
0.0205529891,0.01057624444,NaN,NaN,0
0.0205529891,0.01043308061,NaN,NaN,0
0.0205529891,0.01028991584,NaN,NaN,0
0.0205529891,0.010146752,NaN,NaN,0
0.0205529891,0.01000358816,NaN,NaN,0
0.0205529891,0.009860424325,NaN,NaN,0
0.0205529891,0.009717259556,NaN,NaN,0
0.0205529891,0.009574095719,NaN,NaN,0
0.0205529891,0.009430931881,NaN,NaN,0
0.0205529891,0.009287768044,NaN,NaN,0
0.0205529891,0.009144604206,NaN,NaN,0
0.0205529891,0.009001439437,NaN,NaN,0
0.0205529891,0.0088582756,NaN,NaN,0
0.0205529891,0.008715111762,NaN,NaN,0
0.0205529891,0.008571947925,NaN,NaN,0
0.0205529891,0.008428783156,NaN,NaN,0
0.0205529891,0.008285619318,NaN,NaN,0
0.0205529891,0.008142455481,NaN,NaN,0
0.0205529891,0.007999291644,NaN,NaN,0
0.0205529891,0.007856126875,NaN,NaN,0
0.0205529891,0.007712963037,NaN,NaN,0
0.0205529891,0.0075697992,NaN,NaN,0
0.0205529891,0.007426635362,NaN,NaN,0
0.0205529891,0.007283471059,NaN,NaN,0
0.0205529891,0.007140307222,NaN,NaN,0
0.0205529891,0.006997142918,NaN,NaN,0
0.0205529891,0.006853979081,NaN,NaN,0
0.0205529891,0.006710814778,NaN,NaN,0
0.0205529891,0.00656765094,NaN,NaN,0
0.0205529891,0.006424486637,NaN,NaN,0
0.0205529891,0.0062813228,NaN,NaN,0
0.0205529891,0.006138158496,NaN,NaN,0
0.0205529891,0.005994994659,NaN,NaN,0
0.0205529891,0.005851830821,NaN,NaN,0
0.0205529891,0.005708666518,NaN,NaN,0
0.0205529891,0.005565502681,NaN,NaN,0
0.0205529891,0.005422338378,NaN,NaN,0
0.0205529891,0.00527917454,NaN,NaN,0
0.0205529891,0.005136010237,NaN,NaN,0
0.0205529891,0.0049928464,NaN,NaN,0
0.0205529891,0.004849682096,NaN,NaN,0
0.0205529891,0.004706518259,NaN,NaN,0
0.0205529891,0.004563353956,NaN,NaN,0
0.0205529891,0.004420190118,NaN,NaN,0
0.0205529891,0.004277025815,NaN,NaN,0
0.0205529891,0.004133861978,NaN,NaN,0
0.0205529891,0.00399069814,NaN,NaN,0
0.0205529891,0.003847533837,NaN,NaN,0
0.0205529891,0.003704369767,NaN,NaN,0
0.0205529891,0.003561205696,NaN,NaN,0
0.0205529891,0.003418041626,NaN,NaN,0
0.0205529891,0.003274877556,NaN,NaN,0
0.0205529891,0.003131713718,NaN,NaN,0
0.0205529891,0.002988549648,NaN,NaN,0
0.0205529891,0.002845385578,NaN,NaN,0
0.0205529891,0.002702221507,NaN,NaN,0
0.0205529891,0.002559057437,NaN,NaN,0
0.0205529891,0.002415893367,NaN,NaN,0
0.0205529891,0.002272729296,NaN,NaN,0
0.0205529891,0.002129565226,NaN,NaN,0
0.0205529891,0.001986401156,NaN,NaN,0
0.0205529891,0.001843237202,NaN,NaN,0
0.0205529891,0.001700073131,NaN,NaN,0
0.0205529891,0.001556909061,NaN,NaN,0
0.0205529891,0.001413744991,NaN,NaN,0
0.0205529891,0.00127058092,NaN,NaN,0
0.0205529891,0.00112741685,NaN,NaN,0
0.0205529891,0.0009842528962,NaN,NaN,0
0.0205529891,0.0008410888258,NaN,NaN,0
0.0205529891,0.0006979247555,NaN,NaN,0
0.0205529891,0.0005547606852,NaN,NaN,0
0.0205529891,0.000411596644,NaN,NaN,0
0.0205529891,0.0002684326028,NaN,NaN,0
0.0205529891,0.000125268547,NaN,NaN,0
0.02069615386,0.01916608773,NaN,NaN,0
0.02069615386,0.01902292296,NaN,NaN,0
0.02069615386,0.01887976006,NaN,NaN,0
0.02069615386,0.01873659529,NaN,NaN,0
0.02069615386,0.01859343052,NaN,NaN,0
0.02069615386,0.01845026761,NaN,NaN,0
0.02069615386,0.01830710284,NaN,NaN,0
0.02069615386,0.01816393808,NaN,NaN,0
0.02069615386,0.01802077517,NaN,NaN,0
0.02069615386,0.0178776104,NaN,NaN,0
0.02069615386,0.01773444749,NaN,NaN,0
0.02069615386,0.01759128273,NaN,NaN,0
0.02069615386,0.01744811796,NaN,NaN,0
0.02069615386,0.01730495505,NaN,NaN,0
0.02069615386,0.01716179028,NaN,NaN,0
0.02069615386,0.01701862738,NaN,NaN,0
0.02069615386,0.01687546261,NaN,NaN,0
0.02069615386,0.01673229784,NaN,NaN,0
0.02069615386,0.01658913493,NaN,NaN,0
0.02069615386,0.01644597016,NaN,NaN,0
0.02069615386,0.01630280726,NaN,NaN,0
0.02069615386,0.01615964249,NaN,NaN,0
0.02069615386,0.01601647772,NaN,NaN,0
0.02069615386,0.01587331481,NaN,NaN,0
0.02069615386,0.01573015004,NaN,NaN,0
0.02069615386,0.01558698621,NaN,NaN,0
0.02069615386,0.01544382237,NaN,NaN,0
0.02069615386,0.0153006576,NaN,NaN,0
0.02069615386,0.01515749376,NaN,NaN,0
0.02069615386,0.01501432993,NaN,NaN,0
0.02069615386,0.01487116609,NaN,NaN,0
0.02069615386,0.01472800132,NaN,NaN,0
0.02069615386,0.01458483748,NaN,NaN,0
0.02069615386,0.01444167364,NaN,NaN,0
0.02069615386,0.01429850981,NaN,NaN,0
0.02069615386,0.01415534597,NaN,NaN,0
0.02069615386,0.0140121812,NaN,NaN,0
0.02069615386,0.01386901736,NaN,NaN,0
0.02069615386,0.01372585353,NaN,NaN,0
0.02069615386,0.01358268969,NaN,NaN,0
0.02069615386,0.01343952492,NaN,NaN,0
0.02069615386,0.01329636108,NaN,NaN,0
0.02069615386,0.01315319724,NaN,NaN,0
0.02069615386,0.01301003341,NaN,NaN,0
0.02069615386,0.01286686864,NaN,NaN,0
0.02069615386,0.0127237048,NaN,NaN,0
0.02069615386,0.01258054096,NaN,NaN,0
0.02069615386,0.01243737713,NaN,NaN,0
0.02069615386,0.01229421329,NaN,NaN,0
0.02069615386,0.01215104852,NaN,NaN,0
0.02069615386,0.01200788468,NaN,NaN,0
0.02069615386,0.01186472084,NaN,NaN,0
0.02069615386,0.01172155701,NaN,NaN,0
0.02069615386,0.01157839224,NaN,NaN,0
0.02069615386,0.0114352284,NaN,NaN,0
0.02069615386,0.01129206456,NaN,NaN,0
0.02069615386,0.01114890072,NaN,NaN,0
0.02069615386,0.01100573689,NaN,NaN,0
0.02069615386,0.01086257212,NaN,NaN,0
0.02069615386,0.01071940828,NaN,NaN,0
0.02069615386,0.01057624444,NaN,NaN,0
0.02069615386,0.01043308061,NaN,NaN,0
0.02069615386,0.01028991584,NaN,NaN,0
0.02069615386,0.010146752,NaN,NaN,0
0.02069615386,0.01000358816,NaN,NaN,0
0.02069615386,0.009860424325,NaN,NaN,0
0.02069615386,0.009717259556,NaN,NaN,0
0.02069615386,0.009574095719,NaN,NaN,0
0.02069615386,0.009430931881,NaN,NaN,0
0.02069615386,0.009287768044,NaN,NaN,0
0.02069615386,0.009144604206,NaN,NaN,0
0.02069615386,0.009001439437,NaN,NaN,0
0.02069615386,0.0088582756,NaN,NaN,0
0.02069615386,0.008715111762,NaN,NaN,0
0.02069615386,0.008571947925,NaN,NaN,0
0.02069615386,0.008428783156,NaN,NaN,0
0.02069615386,0.008285619318,NaN,NaN,0
0.02069615386,0.008142455481,NaN,NaN,0
0.02069615386,0.007999291644,NaN,NaN,0
0.02069615386,0.007856126875,NaN,NaN,0
0.02069615386,0.007712963037,NaN,NaN,0
0.02069615386,0.0075697992,NaN,NaN,0
0.02069615386,0.007426635362,NaN,NaN,0
0.02069615386,0.007283471059,NaN,NaN,0
0.02069615386,0.007140307222,NaN,NaN,0
0.02069615386,0.006997142918,NaN,NaN,0
0.02069615386,0.006853979081,NaN,NaN,0
0.02069615386,0.006710814778,NaN,NaN,0
0.02069615386,0.00656765094,NaN,NaN,0
0.02069615386,0.006424486637,NaN,NaN,0
0.02069615386,0.0062813228,NaN,NaN,0
0.02069615386,0.006138158496,NaN,NaN,0
0.02069615386,0.005994994659,NaN,NaN,0
0.02069615386,0.005851830821,NaN,NaN,0
0.02069615386,0.005708666518,NaN,NaN,0
0.02069615386,0.005565502681,NaN,NaN,0
0.02069615386,0.005422338378,NaN,NaN,0
0.02069615386,0.00527917454,NaN,NaN,0
0.02069615386,0.005136010237,NaN,NaN,0
0.02069615386,0.0049928464,NaN,NaN,0
0.02069615386,0.004849682096,NaN,NaN,0
0.02069615386,0.004706518259,NaN,NaN,0
0.02069615386,0.004563353956,NaN,NaN,0
0.02069615386,0.004420190118,NaN,NaN,0
0.02069615386,0.004277025815,NaN,NaN,0
0.02069615386,0.004133861978,NaN,NaN,0
0.02069615386,0.00399069814,NaN,NaN,0
0.02069615386,0.003847533837,NaN,NaN,0
0.02069615386,0.003704369767,NaN,NaN,0
0.02069615386,0.003561205696,NaN,NaN,0
0.02069615386,0.003418041626,NaN,NaN,0
0.02069615386,0.003274877556,NaN,NaN,0
0.02069615386,0.003131713718,NaN,NaN,0
0.02069615386,0.002988549648,NaN,NaN,0
0.02069615386,0.002845385578,NaN,NaN,0
0.02069615386,0.002702221507,NaN,NaN,0
0.02069615386,0.002559057437,NaN,NaN,0
0.02069615386,0.002415893367,NaN,NaN,0
0.02069615386,0.002272729296,NaN,NaN,0
0.02069615386,0.002129565226,NaN,NaN,0
0.02069615386,0.001986401156,NaN,NaN,0
0.02069615386,0.001843237202,NaN,NaN,0
0.02069615386,0.001700073131,NaN,NaN,0
0.02069615386,0.001556909061,NaN,NaN,0
0.02069615386,0.001413744991,NaN,NaN,0
0.02069615386,0.00127058092,NaN,NaN,0
0.02069615386,0.00112741685,NaN,NaN,0
0.02069615386,0.0009842528962,NaN,NaN,0
0.02069615386,0.0008410888258,NaN,NaN,0
0.02069615386,0.0006979247555,NaN,NaN,0
0.02069615386,0.0005547606852,NaN,NaN,0
0.02069615386,0.000411596644,NaN,NaN,0
0.02069615386,0.0002684326028,NaN,NaN,0
0.02069615386,0.000125268547,NaN,NaN,0
0.02083931677,0.01916608773,NaN,NaN,0
0.02083931677,0.01902292296,NaN,NaN,0
0.02083931677,0.01887976006,NaN,NaN,0
0.02083931677,0.01873659529,NaN,NaN,0
0.02083931677,0.01859343052,NaN,NaN,0
0.02083931677,0.01845026761,NaN,NaN,0
0.02083931677,0.01830710284,NaN,NaN,0
0.02083931677,0.01816393808,NaN,NaN,0
0.02083931677,0.01802077517,NaN,NaN,0
0.02083931677,0.0178776104,NaN,NaN,0
0.02083931677,0.01773444749,NaN,NaN,0
0.02083931677,0.01759128273,NaN,NaN,0
0.02083931677,0.01744811796,NaN,NaN,0
0.02083931677,0.01730495505,NaN,NaN,0
0.02083931677,0.01716179028,NaN,NaN,0
0.02083931677,0.01701862738,NaN,NaN,0
0.02083931677,0.01687546261,NaN,NaN,0
0.02083931677,0.01673229784,NaN,NaN,0
0.02083931677,0.01658913493,NaN,NaN,0
0.02083931677,0.01644597016,NaN,NaN,0
0.02083931677,0.01630280726,NaN,NaN,0
0.02083931677,0.01615964249,NaN,NaN,0
0.02083931677,0.01601647772,NaN,NaN,0
0.02083931677,0.01587331481,NaN,NaN,0
0.02083931677,0.01573015004,NaN,NaN,0
0.02083931677,0.01558698621,NaN,NaN,0
0.02083931677,0.01544382237,NaN,NaN,0
0.02083931677,0.0153006576,NaN,NaN,0
0.02083931677,0.01515749376,NaN,NaN,0
0.02083931677,0.01501432993,NaN,NaN,0
0.02083931677,0.01487116609,NaN,NaN,0
0.02083931677,0.01472800132,NaN,NaN,0
0.02083931677,0.01458483748,NaN,NaN,0
0.02083931677,0.01444167364,NaN,NaN,0
0.02083931677,0.01429850981,NaN,NaN,0
0.02083931677,0.01415534597,NaN,NaN,0
0.02083931677,0.0140121812,NaN,NaN,0
0.02083931677,0.01386901736,NaN,NaN,0
0.02083931677,0.01372585353,NaN,NaN,0
0.02083931677,0.01358268969,NaN,NaN,0
0.02083931677,0.01343952492,NaN,NaN,0
0.02083931677,0.01329636108,NaN,NaN,0
0.02083931677,0.01315319724,NaN,NaN,0
0.02083931677,0.01301003341,NaN,NaN,0
0.02083931677,0.01286686864,NaN,NaN,0
0.02083931677,0.0127237048,NaN,NaN,0
0.02083931677,0.01258054096,NaN,NaN,0
0.02083931677,0.01243737713,NaN,NaN,0
0.02083931677,0.01229421329,NaN,NaN,0
0.02083931677,0.01215104852,NaN,NaN,0
0.02083931677,0.01200788468,NaN,NaN,0
0.02083931677,0.01186472084,NaN,NaN,0
0.02083931677,0.01172155701,NaN,NaN,0
0.02083931677,0.01157839224,NaN,NaN,0
0.02083931677,0.0114352284,NaN,NaN,0
0.02083931677,0.01129206456,NaN,NaN,0
0.02083931677,0.01114890072,NaN,NaN,0
0.02083931677,0.01100573689,NaN,NaN,0
0.02083931677,0.01086257212,NaN,NaN,0
0.02083931677,0.01071940828,NaN,NaN,0
0.02083931677,0.01057624444,NaN,NaN,0
0.02083931677,0.01043308061,NaN,NaN,0
0.02083931677,0.01028991584,NaN,NaN,0
0.02083931677,0.010146752,NaN,NaN,0
0.02083931677,0.01000358816,NaN,NaN,0
0.02083931677,0.009860424325,NaN,NaN,0
0.02083931677,0.009717259556,NaN,NaN,0
0.02083931677,0.009574095719,NaN,NaN,0
0.02083931677,0.009430931881,NaN,NaN,0
0.02083931677,0.009287768044,NaN,NaN,0
0.02083931677,0.009144604206,NaN,NaN,0
0.02083931677,0.009001439437,NaN,NaN,0
0.02083931677,0.0088582756,NaN,NaN,0
0.02083931677,0.008715111762,NaN,NaN,0
0.02083931677,0.008571947925,NaN,NaN,0
0.02083931677,0.008428783156,NaN,NaN,0
0.02083931677,0.008285619318,NaN,NaN,0
0.02083931677,0.008142455481,NaN,NaN,0
0.02083931677,0.007999291644,NaN,NaN,0
0.02083931677,0.007856126875,NaN,NaN,0
0.02083931677,0.007712963037,NaN,NaN,0
0.02083931677,0.0075697992,NaN,NaN,0
0.02083931677,0.007426635362,NaN,NaN,0
0.02083931677,0.007283471059,NaN,NaN,0
0.02083931677,0.007140307222,NaN,NaN,0
0.02083931677,0.006997142918,NaN,NaN,0
0.02083931677,0.006853979081,NaN,NaN,0
0.02083931677,0.006710814778,NaN,NaN,0
0.02083931677,0.00656765094,NaN,NaN,0
0.02083931677,0.006424486637,NaN,NaN,0
0.02083931677,0.0062813228,NaN,NaN,0
0.02083931677,0.006138158496,NaN,NaN,0
0.02083931677,0.005994994659,NaN,NaN,0
0.02083931677,0.005851830821,NaN,NaN,0
0.02083931677,0.005708666518,NaN,NaN,0
0.02083931677,0.005565502681,NaN,NaN,0
0.02083931677,0.005422338378,NaN,NaN,0
0.02083931677,0.00527917454,NaN,NaN,0
0.02083931677,0.005136010237,NaN,NaN,0
0.02083931677,0.0049928464,NaN,NaN,0
0.02083931677,0.004849682096,NaN,NaN,0
0.02083931677,0.004706518259,NaN,NaN,0
0.02083931677,0.004563353956,NaN,NaN,0
0.02083931677,0.004420190118,NaN,NaN,0
0.02083931677,0.004277025815,NaN,NaN,0
0.02083931677,0.004133861978,NaN,NaN,0
0.02083931677,0.00399069814,NaN,NaN,0
0.02083931677,0.003847533837,NaN,NaN,0
0.02083931677,0.003704369767,NaN,NaN,0
0.02083931677,0.003561205696,NaN,NaN,0
0.02083931677,0.003418041626,NaN,NaN,0
0.02083931677,0.003274877556,NaN,NaN,0
0.02083931677,0.003131713718,NaN,NaN,0
0.02083931677,0.002988549648,NaN,NaN,0
0.02083931677,0.002845385578,NaN,NaN,0
0.02083931677,0.002702221507,NaN,NaN,0
0.02083931677,0.002559057437,NaN,NaN,0
0.02083931677,0.002415893367,NaN,NaN,0
0.02083931677,0.002272729296,NaN,NaN,0
0.02083931677,0.002129565226,NaN,NaN,0
0.02083931677,0.001986401156,NaN,NaN,0
0.02083931677,0.001843237202,NaN,NaN,0
0.02083931677,0.001700073131,NaN,NaN,0
0.02083931677,0.001556909061,NaN,NaN,0
0.02083931677,0.001413744991,NaN,NaN,0
0.02083931677,0.00127058092,NaN,NaN,0
0.02083931677,0.00112741685,NaN,NaN,0
0.02083931677,0.0009842528962,NaN,NaN,0
0.02083931677,0.0008410888258,NaN,NaN,0
0.02083931677,0.0006979247555,NaN,NaN,0
0.02083931677,0.0005547606852,NaN,NaN,0
0.02083931677,0.000411596644,NaN,NaN,0
0.02083931677,0.0002684326028,NaN,NaN,0
0.02083931677,0.000125268547,NaN,NaN,0
0.02098248154,0.01916608773,NaN,NaN,0
0.02098248154,0.01902292296,NaN,NaN,0
0.02098248154,0.01887976006,NaN,NaN,0
0.02098248154,0.01873659529,NaN,NaN,0
0.02098248154,0.01859343052,NaN,NaN,0
0.02098248154,0.01845026761,NaN,NaN,0
0.02098248154,0.01830710284,NaN,NaN,0
0.02098248154,0.01816393808,NaN,NaN,0
0.02098248154,0.01802077517,NaN,NaN,0
0.02098248154,0.0178776104,NaN,NaN,0
0.02098248154,0.01773444749,NaN,NaN,0
0.02098248154,0.01759128273,NaN,NaN,0
0.02098248154,0.01744811796,NaN,NaN,0
0.02098248154,0.01730495505,NaN,NaN,0
0.02098248154,0.01716179028,NaN,NaN,0
0.02098248154,0.01701862738,NaN,NaN,0
0.02098248154,0.01687546261,NaN,NaN,0
0.02098248154,0.01673229784,NaN,NaN,0
0.02098248154,0.01658913493,NaN,NaN,0
0.02098248154,0.01644597016,NaN,NaN,0
0.02098248154,0.01630280726,NaN,NaN,0
0.02098248154,0.01615964249,NaN,NaN,0
0.02098248154,0.01601647772,NaN,NaN,0
0.02098248154,0.01587331481,NaN,NaN,0
0.02098248154,0.01573015004,NaN,NaN,0
0.02098248154,0.01558698621,NaN,NaN,0
0.02098248154,0.01544382237,NaN,NaN,0
0.02098248154,0.0153006576,NaN,NaN,0
0.02098248154,0.01515749376,NaN,NaN,0
0.02098248154,0.01501432993,NaN,NaN,0
0.02098248154,0.01487116609,NaN,NaN,0
0.02098248154,0.01472800132,NaN,NaN,0
0.02098248154,0.01458483748,NaN,NaN,0
0.02098248154,0.01444167364,NaN,NaN,0
0.02098248154,0.01429850981,NaN,NaN,0
0.02098248154,0.01415534597,NaN,NaN,0
0.02098248154,0.0140121812,NaN,NaN,0
0.02098248154,0.01386901736,NaN,NaN,0
0.02098248154,0.01372585353,NaN,NaN,0
0.02098248154,0.01358268969,NaN,NaN,0
0.02098248154,0.01343952492,NaN,NaN,0
0.02098248154,0.01329636108,NaN,NaN,0
0.02098248154,0.01315319724,NaN,NaN,0
0.02098248154,0.01301003341,NaN,NaN,0
0.02098248154,0.01286686864,NaN,NaN,0
0.02098248154,0.0127237048,NaN,NaN,0
0.02098248154,0.01258054096,NaN,NaN,0
0.02098248154,0.01243737713,NaN,NaN,0
0.02098248154,0.01229421329,NaN,NaN,0
0.02098248154,0.01215104852,NaN,NaN,0
0.02098248154,0.01200788468,NaN,NaN,0
0.02098248154,0.01186472084,NaN,NaN,0
0.02098248154,0.01172155701,NaN,NaN,0
0.02098248154,0.01157839224,NaN,NaN,0
0.02098248154,0.0114352284,NaN,NaN,0
0.02098248154,0.01129206456,NaN,NaN,0
0.02098248154,0.01114890072,NaN,NaN,0
0.02098248154,0.01100573689,NaN,NaN,0
0.02098248154,0.01086257212,NaN,NaN,0
0.02098248154,0.01071940828,NaN,NaN,0
0.02098248154,0.01057624444,NaN,NaN,0
0.02098248154,0.01043308061,NaN,NaN,0
0.02098248154,0.01028991584,NaN,NaN,0
0.02098248154,0.010146752,NaN,NaN,0
0.02098248154,0.01000358816,NaN,NaN,0
0.02098248154,0.009860424325,NaN,NaN,0
0.02098248154,0.009717259556,NaN,NaN,0
0.02098248154,0.009574095719,NaN,NaN,0
0.02098248154,0.009430931881,NaN,NaN,0
0.02098248154,0.009287768044,NaN,NaN,0
0.02098248154,0.009144604206,NaN,NaN,0
0.02098248154,0.009001439437,NaN,NaN,0
0.02098248154,0.0088582756,NaN,NaN,0
0.02098248154,0.008715111762,NaN,NaN,0
0.02098248154,0.008571947925,NaN,NaN,0
0.02098248154,0.008428783156,NaN,NaN,0
0.02098248154,0.008285619318,NaN,NaN,0
0.02098248154,0.008142455481,NaN,NaN,0
0.02098248154,0.007999291644,NaN,NaN,0
0.02098248154,0.007856126875,NaN,NaN,0
0.02098248154,0.007712963037,NaN,NaN,0
0.02098248154,0.0075697992,NaN,NaN,0
0.02098248154,0.007426635362,NaN,NaN,0
0.02098248154,0.007283471059,NaN,NaN,0
0.02098248154,0.007140307222,NaN,NaN,0
0.02098248154,0.006997142918,NaN,NaN,0
0.02098248154,0.006853979081,NaN,NaN,0
0.02098248154,0.006710814778,NaN,NaN,0
0.02098248154,0.00656765094,NaN,NaN,0
0.02098248154,0.006424486637,NaN,NaN,0
0.02098248154,0.0062813228,NaN,NaN,0
0.02098248154,0.006138158496,NaN,NaN,0
0.02098248154,0.005994994659,NaN,NaN,0
0.02098248154,0.005851830821,NaN,NaN,0
0.02098248154,0.005708666518,NaN,NaN,0
0.02098248154,0.005565502681,NaN,NaN,0
0.02098248154,0.005422338378,NaN,NaN,0
0.02098248154,0.00527917454,NaN,NaN,0
0.02098248154,0.005136010237,NaN,NaN,0
0.02098248154,0.0049928464,NaN,NaN,0
0.02098248154,0.004849682096,NaN,NaN,0
0.02098248154,0.004706518259,NaN,NaN,0
0.02098248154,0.004563353956,NaN,NaN,0
0.02098248154,0.004420190118,NaN,NaN,0
0.02098248154,0.004277025815,NaN,NaN,0
0.02098248154,0.004133861978,NaN,NaN,0
0.02098248154,0.00399069814,NaN,NaN,0
0.02098248154,0.003847533837,NaN,NaN,0
0.02098248154,0.003704369767,NaN,NaN,0
0.02098248154,0.003561205696,NaN,NaN,0
0.02098248154,0.003418041626,NaN,NaN,0
0.02098248154,0.003274877556,NaN,NaN,0
0.02098248154,0.003131713718,NaN,NaN,0
0.02098248154,0.002988549648,NaN,NaN,0
0.02098248154,0.002845385578,NaN,NaN,0
0.02098248154,0.002702221507,NaN,NaN,0
0.02098248154,0.002559057437,NaN,NaN,0
0.02098248154,0.002415893367,NaN,NaN,0
0.02098248154,0.002272729296,NaN,NaN,0
0.02098248154,0.002129565226,NaN,NaN,0
0.02098248154,0.001986401156,NaN,NaN,0
0.02098248154,0.001843237202,NaN,NaN,0
0.02098248154,0.001700073131,NaN,NaN,0
0.02098248154,0.001556909061,NaN,NaN,0
0.02098248154,0.001413744991,NaN,NaN,0
0.02098248154,0.00127058092,NaN,NaN,0
0.02098248154,0.00112741685,NaN,NaN,0
0.02098248154,0.0009842528962,NaN,NaN,0
0.02098248154,0.0008410888258,NaN,NaN,0
0.02098248154,0.0006979247555,NaN,NaN,0
0.02098248154,0.0005547606852,NaN,NaN,0
0.02098248154,0.000411596644,NaN,NaN,0
0.02098248154,0.0002684326028,NaN,NaN,0
0.02098248154,0.000125268547,NaN,NaN,0
0.02112564445,0.01916608773,NaN,NaN,0
0.02112564445,0.01902292296,NaN,NaN,0
0.02112564445,0.01887976006,NaN,NaN,0
0.02112564445,0.01873659529,NaN,NaN,0
0.02112564445,0.01859343052,NaN,NaN,0
0.02112564445,0.01845026761,NaN,NaN,0
0.02112564445,0.01830710284,NaN,NaN,0
0.02112564445,0.01816393808,NaN,NaN,0
0.02112564445,0.01802077517,NaN,NaN,0
0.02112564445,0.0178776104,NaN,NaN,0
0.02112564445,0.01773444749,NaN,NaN,0
0.02112564445,0.01759128273,NaN,NaN,0
0.02112564445,0.01744811796,NaN,NaN,0
0.02112564445,0.01730495505,NaN,NaN,0
0.02112564445,0.01716179028,NaN,NaN,0
0.02112564445,0.01701862738,NaN,NaN,0
0.02112564445,0.01687546261,NaN,NaN,0
0.02112564445,0.01673229784,NaN,NaN,0
0.02112564445,0.01658913493,NaN,NaN,0
0.02112564445,0.01644597016,NaN,NaN,0
0.02112564445,0.01630280726,NaN,NaN,0
0.02112564445,0.01615964249,NaN,NaN,0
0.02112564445,0.01601647772,NaN,NaN,0
0.02112564445,0.01587331481,NaN,NaN,0
0.02112564445,0.01573015004,NaN,NaN,0
0.02112564445,0.01558698621,NaN,NaN,0
0.02112564445,0.01544382237,NaN,NaN,0
0.02112564445,0.0153006576,NaN,NaN,0
0.02112564445,0.01515749376,NaN,NaN,0
0.02112564445,0.01501432993,NaN,NaN,0
0.02112564445,0.01487116609,NaN,NaN,0
0.02112564445,0.01472800132,NaN,NaN,0
0.02112564445,0.01458483748,NaN,NaN,0
0.02112564445,0.01444167364,NaN,NaN,0
0.02112564445,0.01429850981,NaN,NaN,0
0.02112564445,0.01415534597,NaN,NaN,0
0.02112564445,0.0140121812,NaN,NaN,0
0.02112564445,0.01386901736,NaN,NaN,0
0.02112564445,0.01372585353,NaN,NaN,0
0.02112564445,0.01358268969,NaN,NaN,0
0.02112564445,0.01343952492,NaN,NaN,0
0.02112564445,0.01329636108,NaN,NaN,0
0.02112564445,0.01315319724,NaN,NaN,0
0.02112564445,0.01301003341,NaN,NaN,0
0.02112564445,0.01286686864,NaN,NaN,0
0.02112564445,0.0127237048,NaN,NaN,0
0.02112564445,0.01258054096,NaN,NaN,0
0.02112564445,0.01243737713,NaN,NaN,0
0.02112564445,0.01229421329,NaN,NaN,0
0.02112564445,0.01215104852,NaN,NaN,0
0.02112564445,0.01200788468,NaN,NaN,0
0.02112564445,0.01186472084,NaN,NaN,0
0.02112564445,0.01172155701,NaN,NaN,0
0.02112564445,0.01157839224,NaN,NaN,0
0.02112564445,0.0114352284,NaN,NaN,0
0.02112564445,0.01129206456,NaN,NaN,0
0.02112564445,0.01114890072,NaN,NaN,0
0.02112564445,0.01100573689,NaN,NaN,0
0.02112564445,0.01086257212,NaN,NaN,0
0.02112564445,0.01071940828,NaN,NaN,0
0.02112564445,0.01057624444,NaN,NaN,0
0.02112564445,0.01043308061,NaN,NaN,0
0.02112564445,0.01028991584,NaN,NaN,0
0.02112564445,0.010146752,NaN,NaN,0
0.02112564445,0.01000358816,NaN,NaN,0
0.02112564445,0.009860424325,NaN,NaN,0
0.02112564445,0.009717259556,NaN,NaN,0
0.02112564445,0.009574095719,NaN,NaN,0
0.02112564445,0.009430931881,NaN,NaN,0
0.02112564445,0.009287768044,NaN,NaN,0
0.02112564445,0.009144604206,NaN,NaN,0
0.02112564445,0.009001439437,NaN,NaN,0
0.02112564445,0.0088582756,NaN,NaN,0
0.02112564445,0.008715111762,NaN,NaN,0
0.02112564445,0.008571947925,NaN,NaN,0
0.02112564445,0.008428783156,NaN,NaN,0
0.02112564445,0.008285619318,NaN,NaN,0
0.02112564445,0.008142455481,NaN,NaN,0
0.02112564445,0.007999291644,NaN,NaN,0
0.02112564445,0.007856126875,NaN,NaN,0
0.02112564445,0.007712963037,NaN,NaN,0
0.02112564445,0.0075697992,NaN,NaN,0
0.02112564445,0.007426635362,NaN,NaN,0
0.02112564445,0.007283471059,NaN,NaN,0
0.02112564445,0.007140307222,NaN,NaN,0
0.02112564445,0.006997142918,NaN,NaN,0
0.02112564445,0.006853979081,NaN,NaN,0
0.02112564445,0.006710814778,NaN,NaN,0
0.02112564445,0.00656765094,NaN,NaN,0
0.02112564445,0.006424486637,NaN,NaN,0
0.02112564445,0.0062813228,NaN,NaN,0
0.02112564445,0.006138158496,NaN,NaN,0
0.02112564445,0.005994994659,NaN,NaN,0
0.02112564445,0.005851830821,NaN,NaN,0
0.02112564445,0.005708666518,NaN,NaN,0
0.02112564445,0.005565502681,NaN,NaN,0
0.02112564445,0.005422338378,NaN,NaN,0
0.02112564445,0.00527917454,NaN,NaN,0
0.02112564445,0.005136010237,NaN,NaN,0
0.02112564445,0.0049928464,NaN,NaN,0
0.02112564445,0.004849682096,NaN,NaN,0
0.02112564445,0.004706518259,NaN,NaN,0
0.02112564445,0.004563353956,NaN,NaN,0
0.02112564445,0.004420190118,NaN,NaN,0
0.02112564445,0.004277025815,NaN,NaN,0
0.02112564445,0.004133861978,NaN,NaN,0
0.02112564445,0.00399069814,NaN,NaN,0
0.02112564445,0.003847533837,NaN,NaN,0
0.02112564445,0.003704369767,NaN,NaN,0
0.02112564445,0.003561205696,NaN,NaN,0
0.02112564445,0.003418041626,NaN,NaN,0
0.02112564445,0.003274877556,NaN,NaN,0
0.02112564445,0.003131713718,NaN,NaN,0
0.02112564445,0.002988549648,NaN,NaN,0
0.02112564445,0.002845385578,NaN,NaN,0
0.02112564445,0.002702221507,NaN,NaN,0
0.02112564445,0.002559057437,NaN,NaN,0
0.02112564445,0.002415893367,NaN,NaN,0
0.02112564445,0.002272729296,NaN,NaN,0
0.02112564445,0.002129565226,NaN,NaN,0
0.02112564445,0.001986401156,NaN,NaN,0
0.02112564445,0.001843237202,NaN,NaN,0
0.02112564445,0.001700073131,NaN,NaN,0
0.02112564445,0.001556909061,NaN,NaN,0
0.02112564445,0.001413744991,NaN,NaN,0
0.02112564445,0.00127058092,NaN,NaN,0
0.02112564445,0.00112741685,NaN,NaN,0
0.02112564445,0.0009842528962,NaN,NaN,0
0.02112564445,0.0008410888258,NaN,NaN,0
0.02112564445,0.0006979247555,NaN,NaN,0
0.02112564445,0.0005547606852,NaN,NaN,0
0.02112564445,0.000411596644,NaN,NaN,0
0.02112564445,0.0002684326028,NaN,NaN,0
0.02112564445,0.000125268547,NaN,NaN,0
0.02126880921,0.01916608773,NaN,NaN,0
0.02126880921,0.01902292296,NaN,NaN,0
0.02126880921,0.01887976006,NaN,NaN,0
0.02126880921,0.01873659529,NaN,NaN,0
0.02126880921,0.01859343052,NaN,NaN,0
0.02126880921,0.01845026761,NaN,NaN,0
0.02126880921,0.01830710284,NaN,NaN,0
0.02126880921,0.01816393808,NaN,NaN,0
0.02126880921,0.01802077517,NaN,NaN,0
0.02126880921,0.0178776104,NaN,NaN,0
0.02126880921,0.01773444749,NaN,NaN,0
0.02126880921,0.01759128273,NaN,NaN,0
0.02126880921,0.01744811796,NaN,NaN,0
0.02126880921,0.01730495505,NaN,NaN,0
0.02126880921,0.01716179028,NaN,NaN,0
0.02126880921,0.01701862738,NaN,NaN,0
0.02126880921,0.01687546261,NaN,NaN,0
0.02126880921,0.01673229784,NaN,NaN,0
0.02126880921,0.01658913493,NaN,NaN,0
0.02126880921,0.01644597016,NaN,NaN,0
0.02126880921,0.01630280726,NaN,NaN,0
0.02126880921,0.01615964249,NaN,NaN,0
0.02126880921,0.01601647772,NaN,NaN,0
0.02126880921,0.01587331481,NaN,NaN,0
0.02126880921,0.01573015004,NaN,NaN,0
0.02126880921,0.01558698621,NaN,NaN,0
0.02126880921,0.01544382237,NaN,NaN,0
0.02126880921,0.0153006576,NaN,NaN,0
0.02126880921,0.01515749376,NaN,NaN,0
0.02126880921,0.01501432993,NaN,NaN,0
0.02126880921,0.01487116609,NaN,NaN,0
0.02126880921,0.01472800132,NaN,NaN,0
0.02126880921,0.01458483748,NaN,NaN,0
0.02126880921,0.01444167364,NaN,NaN,0
0.02126880921,0.01429850981,NaN,NaN,0
0.02126880921,0.01415534597,NaN,NaN,0
0.02126880921,0.0140121812,NaN,NaN,0
0.02126880921,0.01386901736,NaN,NaN,0
0.02126880921,0.01372585353,NaN,NaN,0
0.02126880921,0.01358268969,NaN,NaN,0
0.02126880921,0.01343952492,NaN,NaN,0
0.02126880921,0.01329636108,NaN,NaN,0
0.02126880921,0.01315319724,NaN,NaN,0
0.02126880921,0.01301003341,NaN,NaN,0
0.02126880921,0.01286686864,NaN,NaN,0
0.02126880921,0.0127237048,NaN,NaN,0
0.02126880921,0.01258054096,NaN,NaN,0
0.02126880921,0.01243737713,NaN,NaN,0
0.02126880921,0.01229421329,NaN,NaN,0
0.02126880921,0.01215104852,NaN,NaN,0
0.02126880921,0.01200788468,NaN,NaN,0
0.02126880921,0.01186472084,NaN,NaN,0
0.02126880921,0.01172155701,NaN,NaN,0
0.02126880921,0.01157839224,NaN,NaN,0
0.02126880921,0.0114352284,NaN,NaN,0
0.02126880921,0.01129206456,NaN,NaN,0
0.02126880921,0.01114890072,NaN,NaN,0
0.02126880921,0.01100573689,NaN,NaN,0
0.02126880921,0.01086257212,NaN,NaN,0
0.02126880921,0.01071940828,NaN,NaN,0
0.02126880921,0.01057624444,NaN,NaN,0
0.02126880921,0.01043308061,NaN,NaN,0
0.02126880921,0.01028991584,NaN,NaN,0
0.02126880921,0.010146752,NaN,NaN,0
0.02126880921,0.01000358816,NaN,NaN,0
0.02126880921,0.009860424325,NaN,NaN,0
0.02126880921,0.009717259556,NaN,NaN,0
0.02126880921,0.009574095719,NaN,NaN,0
0.02126880921,0.009430931881,NaN,NaN,0
0.02126880921,0.009287768044,NaN,NaN,0
0.02126880921,0.009144604206,NaN,NaN,0
0.02126880921,0.009001439437,NaN,NaN,0
0.02126880921,0.0088582756,NaN,NaN,0
0.02126880921,0.008715111762,NaN,NaN,0
0.02126880921,0.008571947925,NaN,NaN,0
0.02126880921,0.008428783156,NaN,NaN,0
0.02126880921,0.008285619318,NaN,NaN,0
0.02126880921,0.008142455481,NaN,NaN,0
0.02126880921,0.007999291644,NaN,NaN,0
0.02126880921,0.007856126875,NaN,NaN,0
0.02126880921,0.007712963037,NaN,NaN,0
0.02126880921,0.0075697992,NaN,NaN,0
0.02126880921,0.007426635362,NaN,NaN,0
0.02126880921,0.007283471059,NaN,NaN,0
0.02126880921,0.007140307222,NaN,NaN,0
0.02126880921,0.006997142918,NaN,NaN,0
0.02126880921,0.006853979081,NaN,NaN,0
0.02126880921,0.006710814778,NaN,NaN,0
0.02126880921,0.00656765094,NaN,NaN,0
0.02126880921,0.006424486637,NaN,NaN,0
0.02126880921,0.0062813228,NaN,NaN,0
0.02126880921,0.006138158496,NaN,NaN,0
0.02126880921,0.005994994659,NaN,NaN,0
0.02126880921,0.005851830821,NaN,NaN,0
0.02126880921,0.005708666518,NaN,NaN,0
0.02126880921,0.005565502681,NaN,NaN,0
0.02126880921,0.005422338378,NaN,NaN,0
0.02126880921,0.00527917454,NaN,NaN,0
0.02126880921,0.005136010237,NaN,NaN,0
0.02126880921,0.0049928464,NaN,NaN,0
0.02126880921,0.004849682096,NaN,NaN,0
0.02126880921,0.004706518259,NaN,NaN,0
0.02126880921,0.004563353956,NaN,NaN,0
0.02126880921,0.004420190118,NaN,NaN,0
0.02126880921,0.004277025815,NaN,NaN,0
0.02126880921,0.004133861978,NaN,NaN,0
0.02126880921,0.00399069814,NaN,NaN,0
0.02126880921,0.003847533837,NaN,NaN,0
0.02126880921,0.003704369767,NaN,NaN,0
0.02126880921,0.003561205696,NaN,NaN,0
0.02126880921,0.003418041626,NaN,NaN,0
0.02126880921,0.003274877556,NaN,NaN,0
0.02126880921,0.003131713718,NaN,NaN,0
0.02126880921,0.002988549648,NaN,NaN,0
0.02126880921,0.002845385578,NaN,NaN,0
0.02126880921,0.002702221507,NaN,NaN,0
0.02126880921,0.002559057437,NaN,NaN,0
0.02126880921,0.002415893367,NaN,NaN,0
0.02126880921,0.002272729296,NaN,NaN,0
0.02126880921,0.002129565226,NaN,NaN,0
0.02126880921,0.001986401156,NaN,NaN,0
0.02126880921,0.001843237202,NaN,NaN,0
0.02126880921,0.001700073131,NaN,NaN,0
0.02126880921,0.001556909061,NaN,NaN,0
0.02126880921,0.001413744991,NaN,NaN,0
0.02126880921,0.00127058092,NaN,NaN,0
0.02126880921,0.00112741685,NaN,NaN,0
0.02126880921,0.0009842528962,NaN,NaN,0
0.02126880921,0.0008410888258,NaN,NaN,0
0.02126880921,0.0006979247555,NaN,NaN,0
0.02126880921,0.0005547606852,NaN,NaN,0
0.02126880921,0.000411596644,NaN,NaN,0
0.02126880921,0.0002684326028,NaN,NaN,0
0.02126880921,0.000125268547,NaN,NaN,0
0.02141197398,0.01916608773,NaN,NaN,0
0.02141197398,0.01902292296,NaN,NaN,0
0.02141197398,0.01887976006,NaN,NaN,0
0.02141197398,0.01873659529,NaN,NaN,0
0.02141197398,0.01859343052,NaN,NaN,0
0.02141197398,0.01845026761,NaN,NaN,0
0.02141197398,0.01830710284,NaN,NaN,0
0.02141197398,0.01816393808,NaN,NaN,0
0.02141197398,0.01802077517,NaN,NaN,0
0.02141197398,0.0178776104,NaN,NaN,0
0.02141197398,0.01773444749,NaN,NaN,0
0.02141197398,0.01759128273,NaN,NaN,0
0.02141197398,0.01744811796,NaN,NaN,0
0.02141197398,0.01730495505,NaN,NaN,0
0.02141197398,0.01716179028,NaN,NaN,0
0.02141197398,0.01701862738,NaN,NaN,0
0.02141197398,0.01687546261,NaN,NaN,0
0.02141197398,0.01673229784,NaN,NaN,0
0.02141197398,0.01658913493,NaN,NaN,0
0.02141197398,0.01644597016,NaN,NaN,0
0.02141197398,0.01630280726,NaN,NaN,0
0.02141197398,0.01615964249,NaN,NaN,0
0.02141197398,0.01601647772,NaN,NaN,0
0.02141197398,0.01587331481,NaN,NaN,0
0.02141197398,0.01573015004,NaN,NaN,0
0.02141197398,0.01558698621,NaN,NaN,0
0.02141197398,0.01544382237,NaN,NaN,0
0.02141197398,0.0153006576,NaN,NaN,0
0.02141197398,0.01515749376,NaN,NaN,0
0.02141197398,0.01501432993,NaN,NaN,0
0.02141197398,0.01487116609,NaN,NaN,0
0.02141197398,0.01472800132,NaN,NaN,0
0.02141197398,0.01458483748,NaN,NaN,0
0.02141197398,0.01444167364,NaN,NaN,0
0.02141197398,0.01429850981,NaN,NaN,0
0.02141197398,0.01415534597,NaN,NaN,0
0.02141197398,0.0140121812,NaN,NaN,0
0.02141197398,0.01386901736,NaN,NaN,0
0.02141197398,0.01372585353,NaN,NaN,0
0.02141197398,0.01358268969,NaN,NaN,0
0.02141197398,0.01343952492,NaN,NaN,0
0.02141197398,0.01329636108,NaN,NaN,0
0.02141197398,0.01315319724,NaN,NaN,0
0.02141197398,0.01301003341,NaN,NaN,0
0.02141197398,0.01286686864,NaN,NaN,0
0.02141197398,0.0127237048,NaN,NaN,0
0.02141197398,0.01258054096,NaN,NaN,0
0.02141197398,0.01243737713,NaN,NaN,0
0.02141197398,0.01229421329,NaN,NaN,0
0.02141197398,0.01215104852,NaN,NaN,0
0.02141197398,0.01200788468,NaN,NaN,0
0.02141197398,0.01186472084,NaN,NaN,0
0.02141197398,0.01172155701,NaN,NaN,0
0.02141197398,0.01157839224,NaN,NaN,0
0.02141197398,0.0114352284,NaN,NaN,0
0.02141197398,0.01129206456,NaN,NaN,0
0.02141197398,0.01114890072,NaN,NaN,0
0.02141197398,0.01100573689,NaN,NaN,0
0.02141197398,0.01086257212,NaN,NaN,0
0.02141197398,0.01071940828,NaN,NaN,0
0.02141197398,0.01057624444,NaN,NaN,0
0.02141197398,0.01043308061,NaN,NaN,0
0.02141197398,0.01028991584,NaN,NaN,0
0.02141197398,0.010146752,NaN,NaN,0
0.02141197398,0.01000358816,NaN,NaN,0
0.02141197398,0.009860424325,NaN,NaN,0
0.02141197398,0.009717259556,NaN,NaN,0
0.02141197398,0.009574095719,NaN,NaN,0
0.02141197398,0.009430931881,NaN,NaN,0
0.02141197398,0.009287768044,NaN,NaN,0
0.02141197398,0.009144604206,NaN,NaN,0
0.02141197398,0.009001439437,NaN,NaN,0
0.02141197398,0.0088582756,NaN,NaN,0
0.02141197398,0.008715111762,NaN,NaN,0
0.02141197398,0.008571947925,NaN,NaN,0
0.02141197398,0.008428783156,NaN,NaN,0
0.02141197398,0.008285619318,NaN,NaN,0
0.02141197398,0.008142455481,NaN,NaN,0
0.02141197398,0.007999291644,NaN,NaN,0
0.02141197398,0.007856126875,NaN,NaN,0
0.02141197398,0.007712963037,NaN,NaN,0
0.02141197398,0.0075697992,NaN,NaN,0
0.02141197398,0.007426635362,NaN,NaN,0
0.02141197398,0.007283471059,NaN,NaN,0
0.02141197398,0.007140307222,NaN,NaN,0
0.02141197398,0.006997142918,NaN,NaN,0
0.02141197398,0.006853979081,NaN,NaN,0
0.02141197398,0.006710814778,NaN,NaN,0
0.02141197398,0.00656765094,NaN,NaN,0
0.02141197398,0.006424486637,NaN,NaN,0
0.02141197398,0.0062813228,NaN,NaN,0
0.02141197398,0.006138158496,NaN,NaN,0
0.02141197398,0.005994994659,NaN,NaN,0
0.02141197398,0.005851830821,NaN,NaN,0
0.02141197398,0.005708666518,NaN,NaN,0
0.02141197398,0.005565502681,NaN,NaN,0
0.02141197398,0.005422338378,NaN,NaN,0
0.02141197398,0.00527917454,NaN,NaN,0
0.02141197398,0.005136010237,NaN,NaN,0
0.02141197398,0.0049928464,NaN,NaN,0
0.02141197398,0.004849682096,NaN,NaN,0
0.02141197398,0.004706518259,NaN,NaN,0
0.02141197398,0.004563353956,NaN,NaN,0
0.02141197398,0.004420190118,NaN,NaN,0
0.02141197398,0.004277025815,NaN,NaN,0
0.02141197398,0.004133861978,NaN,NaN,0
0.02141197398,0.00399069814,NaN,NaN,0
0.02141197398,0.003847533837,NaN,NaN,0
0.02141197398,0.003704369767,NaN,NaN,0
0.02141197398,0.003561205696,NaN,NaN,0
0.02141197398,0.003418041626,NaN,NaN,0
0.02141197398,0.003274877556,NaN,NaN,0
0.02141197398,0.003131713718,NaN,NaN,0
0.02141197398,0.002988549648,NaN,NaN,0
0.02141197398,0.002845385578,NaN,NaN,0
0.02141197398,0.002702221507,NaN,NaN,0
0.02141197398,0.002559057437,NaN,NaN,0
0.02141197398,0.002415893367,NaN,NaN,0
0.02141197398,0.002272729296,NaN,NaN,0
0.02141197398,0.002129565226,NaN,NaN,0
0.02141197398,0.001986401156,NaN,NaN,0
0.02141197398,0.001843237202,NaN,NaN,0
0.02141197398,0.001700073131,NaN,NaN,0
0.02141197398,0.001556909061,NaN,NaN,0
0.02141197398,0.001413744991,NaN,NaN,0
0.02141197398,0.00127058092,NaN,NaN,0
0.02141197398,0.00112741685,NaN,NaN,0
0.02141197398,0.0009842528962,NaN,NaN,0
0.02141197398,0.0008410888258,NaN,NaN,0
0.02141197398,0.0006979247555,NaN,NaN,0
0.02141197398,0.0005547606852,NaN,NaN,0
0.02141197398,0.000411596644,NaN,NaN,0
0.02141197398,0.0002684326028,NaN,NaN,0
0.02141197398,0.000125268547,NaN,NaN,0
0.02155513689,0.01916608773,NaN,NaN,0
0.02155513689,0.01902292296,NaN,NaN,0
0.02155513689,0.01887976006,NaN,NaN,0
0.02155513689,0.01873659529,NaN,NaN,0
0.02155513689,0.01859343052,NaN,NaN,0
0.02155513689,0.01845026761,NaN,NaN,0
0.02155513689,0.01830710284,NaN,NaN,0
0.02155513689,0.01816393808,NaN,NaN,0
0.02155513689,0.01802077517,NaN,NaN,0
0.02155513689,0.0178776104,NaN,NaN,0
0.02155513689,0.01773444749,NaN,NaN,0
0.02155513689,0.01759128273,NaN,NaN,0
0.02155513689,0.01744811796,NaN,NaN,0
0.02155513689,0.01730495505,NaN,NaN,0
0.02155513689,0.01716179028,NaN,NaN,0
0.02155513689,0.01701862738,NaN,NaN,0
0.02155513689,0.01687546261,NaN,NaN,0
0.02155513689,0.01673229784,NaN,NaN,0
0.02155513689,0.01658913493,NaN,NaN,0
0.02155513689,0.01644597016,NaN,NaN,0
0.02155513689,0.01630280726,NaN,NaN,0
0.02155513689,0.01615964249,NaN,NaN,0
0.02155513689,0.01601647772,NaN,NaN,0
0.02155513689,0.01587331481,NaN,NaN,0
0.02155513689,0.01573015004,NaN,NaN,0
0.02155513689,0.01558698621,NaN,NaN,0
0.02155513689,0.01544382237,NaN,NaN,0
0.02155513689,0.0153006576,NaN,NaN,0
0.02155513689,0.01515749376,NaN,NaN,0
0.02155513689,0.01501432993,NaN,NaN,0
0.02155513689,0.01487116609,NaN,NaN,0
0.02155513689,0.01472800132,NaN,NaN,0
0.02155513689,0.01458483748,NaN,NaN,0
0.02155513689,0.01444167364,NaN,NaN,0
0.02155513689,0.01429850981,NaN,NaN,0
0.02155513689,0.01415534597,NaN,NaN,0
0.02155513689,0.0140121812,NaN,NaN,0
0.02155513689,0.01386901736,NaN,NaN,0
0.02155513689,0.01372585353,NaN,NaN,0
0.02155513689,0.01358268969,NaN,NaN,0
0.02155513689,0.01343952492,NaN,NaN,0
0.02155513689,0.01329636108,NaN,NaN,0
0.02155513689,0.01315319724,NaN,NaN,0
0.02155513689,0.01301003341,NaN,NaN,0
0.02155513689,0.01286686864,NaN,NaN,0
0.02155513689,0.0127237048,NaN,NaN,0
0.02155513689,0.01258054096,NaN,NaN,0
0.02155513689,0.01243737713,NaN,NaN,0
0.02155513689,0.01229421329,NaN,NaN,0
0.02155513689,0.01215104852,NaN,NaN,0
0.02155513689,0.01200788468,NaN,NaN,0
0.02155513689,0.01186472084,NaN,NaN,0
0.02155513689,0.01172155701,NaN,NaN,0
0.02155513689,0.01157839224,NaN,NaN,0
0.02155513689,0.0114352284,NaN,NaN,0
0.02155513689,0.01129206456,NaN,NaN,0
0.02155513689,0.01114890072,NaN,NaN,0
0.02155513689,0.01100573689,NaN,NaN,0
0.02155513689,0.01086257212,NaN,NaN,0
0.02155513689,0.01071940828,NaN,NaN,0
0.02155513689,0.01057624444,NaN,NaN,0
0.02155513689,0.01043308061,NaN,NaN,0
0.02155513689,0.01028991584,NaN,NaN,0
0.02155513689,0.010146752,NaN,NaN,0
0.02155513689,0.01000358816,NaN,NaN,0
0.02155513689,0.009860424325,NaN,NaN,0
0.02155513689,0.009717259556,NaN,NaN,0
0.02155513689,0.009574095719,NaN,NaN,0
0.02155513689,0.009430931881,NaN,NaN,0
0.02155513689,0.009287768044,NaN,NaN,0
0.02155513689,0.009144604206,NaN,NaN,0
0.02155513689,0.009001439437,NaN,NaN,0
0.02155513689,0.0088582756,NaN,NaN,0
0.02155513689,0.008715111762,NaN,NaN,0
0.02155513689,0.008571947925,NaN,NaN,0
0.02155513689,0.008428783156,NaN,NaN,0
0.02155513689,0.008285619318,NaN,NaN,0
0.02155513689,0.008142455481,NaN,NaN,0
0.02155513689,0.007999291644,NaN,NaN,0
0.02155513689,0.007856126875,NaN,NaN,0
0.02155513689,0.007712963037,NaN,NaN,0
0.02155513689,0.0075697992,NaN,NaN,0
0.02155513689,0.007426635362,NaN,NaN,0
0.02155513689,0.007283471059,NaN,NaN,0
0.02155513689,0.007140307222,NaN,NaN,0
0.02155513689,0.006997142918,NaN,NaN,0
0.02155513689,0.006853979081,NaN,NaN,0
0.02155513689,0.006710814778,NaN,NaN,0
0.02155513689,0.00656765094,NaN,NaN,0
0.02155513689,0.006424486637,NaN,NaN,0
0.02155513689,0.0062813228,NaN,NaN,0
0.02155513689,0.006138158496,NaN,NaN,0
0.02155513689,0.005994994659,NaN,NaN,0
0.02155513689,0.005851830821,NaN,NaN,0
0.02155513689,0.005708666518,NaN,NaN,0
0.02155513689,0.005565502681,NaN,NaN,0
0.02155513689,0.005422338378,NaN,NaN,0
0.02155513689,0.00527917454,NaN,NaN,0
0.02155513689,0.005136010237,NaN,NaN,0
0.02155513689,0.0049928464,NaN,NaN,0
0.02155513689,0.004849682096,NaN,NaN,0
0.02155513689,0.004706518259,NaN,NaN,0
0.02155513689,0.004563353956,NaN,NaN,0
0.02155513689,0.004420190118,NaN,NaN,0
0.02155513689,0.004277025815,NaN,NaN,0
0.02155513689,0.004133861978,NaN,NaN,0
0.02155513689,0.00399069814,NaN,NaN,0
0.02155513689,0.003847533837,NaN,NaN,0
0.02155513689,0.003704369767,NaN,NaN,0
0.02155513689,0.003561205696,NaN,NaN,0
0.02155513689,0.003418041626,NaN,NaN,0
0.02155513689,0.003274877556,NaN,NaN,0
0.02155513689,0.003131713718,NaN,NaN,0
0.02155513689,0.002988549648,NaN,NaN,0
0.02155513689,0.002845385578,NaN,NaN,0
0.02155513689,0.002702221507,NaN,NaN,0
0.02155513689,0.002559057437,NaN,NaN,0
0.02155513689,0.002415893367,NaN,NaN,0
0.02155513689,0.002272729296,NaN,NaN,0
0.02155513689,0.002129565226,NaN,NaN,0
0.02155513689,0.001986401156,NaN,NaN,0
0.02155513689,0.001843237202,NaN,NaN,0
0.02155513689,0.001700073131,NaN,NaN,0
0.02155513689,0.001556909061,NaN,NaN,0
0.02155513689,0.001413744991,NaN,NaN,0
0.02155513689,0.00127058092,NaN,NaN,0
0.02155513689,0.00112741685,NaN,NaN,0
0.02155513689,0.0009842528962,NaN,NaN,0
0.02155513689,0.0008410888258,NaN,NaN,0
0.02155513689,0.0006979247555,NaN,NaN,0
0.02155513689,0.0005547606852,NaN,NaN,0
0.02155513689,0.000411596644,NaN,NaN,0
0.02155513689,0.0002684326028,NaN,NaN,0
0.02155513689,0.000125268547,NaN,NaN,0
0.02169830166,0.01916608773,NaN,NaN,0
0.02169830166,0.01902292296,NaN,NaN,0
0.02169830166,0.01887976006,NaN,NaN,0
0.02169830166,0.01873659529,NaN,NaN,0
0.02169830166,0.01859343052,NaN,NaN,0
0.02169830166,0.01845026761,NaN,NaN,0
0.02169830166,0.01830710284,NaN,NaN,0
0.02169830166,0.01816393808,NaN,NaN,0
0.02169830166,0.01802077517,NaN,NaN,0
0.02169830166,0.0178776104,NaN,NaN,0
0.02169830166,0.01773444749,NaN,NaN,0
0.02169830166,0.01759128273,NaN,NaN,0
0.02169830166,0.01744811796,NaN,NaN,0
0.02169830166,0.01730495505,NaN,NaN,0
0.02169830166,0.01716179028,NaN,NaN,0
0.02169830166,0.01701862738,NaN,NaN,0
0.02169830166,0.01687546261,NaN,NaN,0
0.02169830166,0.01673229784,NaN,NaN,0
0.02169830166,0.01658913493,NaN,NaN,0
0.02169830166,0.01644597016,NaN,NaN,0
0.02169830166,0.01630280726,NaN,NaN,0
0.02169830166,0.01615964249,NaN,NaN,0
0.02169830166,0.01601647772,NaN,NaN,0
0.02169830166,0.01587331481,NaN,NaN,0
0.02169830166,0.01573015004,NaN,NaN,0
0.02169830166,0.01558698621,NaN,NaN,0
0.02169830166,0.01544382237,NaN,NaN,0
0.02169830166,0.0153006576,NaN,NaN,0
0.02169830166,0.01515749376,NaN,NaN,0
0.02169830166,0.01501432993,NaN,NaN,0
0.02169830166,0.01487116609,NaN,NaN,0
0.02169830166,0.01472800132,NaN,NaN,0
0.02169830166,0.01458483748,NaN,NaN,0
0.02169830166,0.01444167364,NaN,NaN,0
0.02169830166,0.01429850981,NaN,NaN,0
0.02169830166,0.01415534597,NaN,NaN,0
0.02169830166,0.0140121812,NaN,NaN,0
0.02169830166,0.01386901736,NaN,NaN,0
0.02169830166,0.01372585353,NaN,NaN,0
0.02169830166,0.01358268969,NaN,NaN,0
0.02169830166,0.01343952492,NaN,NaN,0
0.02169830166,0.01329636108,NaN,NaN,0
0.02169830166,0.01315319724,NaN,NaN,0
0.02169830166,0.01301003341,NaN,NaN,0
0.02169830166,0.01286686864,NaN,NaN,0
0.02169830166,0.0127237048,NaN,NaN,0
0.02169830166,0.01258054096,NaN,NaN,0
0.02169830166,0.01243737713,NaN,NaN,0
0.02169830166,0.01229421329,NaN,NaN,0
0.02169830166,0.01215104852,NaN,NaN,0
0.02169830166,0.01200788468,NaN,NaN,0
0.02169830166,0.01186472084,NaN,NaN,0
0.02169830166,0.01172155701,NaN,NaN,0
0.02169830166,0.01157839224,NaN,NaN,0
0.02169830166,0.0114352284,NaN,NaN,0
0.02169830166,0.01129206456,NaN,NaN,0
0.02169830166,0.01114890072,NaN,NaN,0
0.02169830166,0.01100573689,NaN,NaN,0
0.02169830166,0.01086257212,NaN,NaN,0
0.02169830166,0.01071940828,NaN,NaN,0
0.02169830166,0.01057624444,NaN,NaN,0
0.02169830166,0.01043308061,NaN,NaN,0
0.02169830166,0.01028991584,NaN,NaN,0
0.02169830166,0.010146752,NaN,NaN,0
0.02169830166,0.01000358816,NaN,NaN,0
0.02169830166,0.009860424325,NaN,NaN,0
0.02169830166,0.009717259556,NaN,NaN,0
0.02169830166,0.009574095719,NaN,NaN,0
0.02169830166,0.009430931881,NaN,NaN,0
0.02169830166,0.009287768044,NaN,NaN,0
0.02169830166,0.009144604206,NaN,NaN,0
0.02169830166,0.009001439437,NaN,NaN,0
0.02169830166,0.0088582756,NaN,NaN,0
0.02169830166,0.008715111762,NaN,NaN,0
0.02169830166,0.008571947925,NaN,NaN,0
0.02169830166,0.008428783156,NaN,NaN,0
0.02169830166,0.008285619318,NaN,NaN,0
0.02169830166,0.008142455481,NaN,NaN,0
0.02169830166,0.007999291644,NaN,NaN,0
0.02169830166,0.007856126875,NaN,NaN,0
0.02169830166,0.007712963037,NaN,NaN,0
0.02169830166,0.0075697992,NaN,NaN,0
0.02169830166,0.007426635362,NaN,NaN,0
0.02169830166,0.007283471059,NaN,NaN,0
0.02169830166,0.007140307222,NaN,NaN,0
0.02169830166,0.006997142918,NaN,NaN,0
0.02169830166,0.006853979081,NaN,NaN,0
0.02169830166,0.006710814778,NaN,NaN,0
0.02169830166,0.00656765094,NaN,NaN,0
0.02169830166,0.006424486637,NaN,NaN,0
0.02169830166,0.0062813228,NaN,NaN,0
0.02169830166,0.006138158496,NaN,NaN,0
0.02169830166,0.005994994659,NaN,NaN,0
0.02169830166,0.005851830821,NaN,NaN,0
0.02169830166,0.005708666518,NaN,NaN,0
0.02169830166,0.005565502681,NaN,NaN,0
0.02169830166,0.005422338378,NaN,NaN,0
0.02169830166,0.00527917454,NaN,NaN,0
0.02169830166,0.005136010237,NaN,NaN,0
0.02169830166,0.0049928464,NaN,NaN,0
0.02169830166,0.004849682096,NaN,NaN,0
0.02169830166,0.004706518259,NaN,NaN,0
0.02169830166,0.004563353956,NaN,NaN,0
0.02169830166,0.004420190118,NaN,NaN,0
0.02169830166,0.004277025815,NaN,NaN,0
0.02169830166,0.004133861978,NaN,NaN,0
0.02169830166,0.00399069814,NaN,NaN,0
0.02169830166,0.003847533837,NaN,NaN,0
0.02169830166,0.003704369767,NaN,NaN,0
0.02169830166,0.003561205696,NaN,NaN,0
0.02169830166,0.003418041626,NaN,NaN,0
0.02169830166,0.003274877556,NaN,NaN,0
0.02169830166,0.003131713718,NaN,NaN,0
0.02169830166,0.002988549648,NaN,NaN,0
0.02169830166,0.002845385578,NaN,NaN,0
0.02169830166,0.002702221507,NaN,NaN,0
0.02169830166,0.002559057437,NaN,NaN,0
0.02169830166,0.002415893367,NaN,NaN,0
0.02169830166,0.002272729296,NaN,NaN,0
0.02169830166,0.002129565226,NaN,NaN,0
0.02169830166,0.001986401156,NaN,NaN,0
0.02169830166,0.001843237202,NaN,NaN,0
0.02169830166,0.001700073131,NaN,NaN,0
0.02169830166,0.001556909061,NaN,NaN,0
0.02169830166,0.001413744991,NaN,NaN,0
0.02169830166,0.00127058092,NaN,NaN,0
0.02169830166,0.00112741685,NaN,NaN,0
0.02169830166,0.0009842528962,NaN,NaN,0
0.02169830166,0.0008410888258,NaN,NaN,0
0.02169830166,0.0006979247555,NaN,NaN,0
0.02169830166,0.0005547606852,NaN,NaN,0
0.02169830166,0.000411596644,NaN,NaN,0
0.02169830166,0.0002684326028,NaN,NaN,0
0.02169830166,0.000125268547,NaN,NaN,0
0.02184146643,0.01916608773,NaN,NaN,0
0.02184146643,0.01902292296,NaN,NaN,0
0.02184146643,0.01887976006,NaN,NaN,0
0.02184146643,0.01873659529,NaN,NaN,0
0.02184146643,0.01859343052,NaN,NaN,0
0.02184146643,0.01845026761,NaN,NaN,0
0.02184146643,0.01830710284,NaN,NaN,0
0.02184146643,0.01816393808,NaN,NaN,0
0.02184146643,0.01802077517,NaN,NaN,0
0.02184146643,0.0178776104,NaN,NaN,0
0.02184146643,0.01773444749,NaN,NaN,0
0.02184146643,0.01759128273,NaN,NaN,0
0.02184146643,0.01744811796,NaN,NaN,0
0.02184146643,0.01730495505,NaN,NaN,0
0.02184146643,0.01716179028,NaN,NaN,0
0.02184146643,0.01701862738,NaN,NaN,0
0.02184146643,0.01687546261,NaN,NaN,0
0.02184146643,0.01673229784,NaN,NaN,0
0.02184146643,0.01658913493,NaN,NaN,0
0.02184146643,0.01644597016,NaN,NaN,0
0.02184146643,0.01630280726,NaN,NaN,0
0.02184146643,0.01615964249,NaN,NaN,0
0.02184146643,0.01601647772,NaN,NaN,0
0.02184146643,0.01587331481,NaN,NaN,0
0.02184146643,0.01573015004,NaN,NaN,0
0.02184146643,0.01558698621,NaN,NaN,0
0.02184146643,0.01544382237,NaN,NaN,0
0.02184146643,0.0153006576,NaN,NaN,0
0.02184146643,0.01515749376,NaN,NaN,0
0.02184146643,0.01501432993,NaN,NaN,0
0.02184146643,0.01487116609,NaN,NaN,0
0.02184146643,0.01472800132,NaN,NaN,0
0.02184146643,0.01458483748,NaN,NaN,0
0.02184146643,0.01444167364,NaN,NaN,0
0.02184146643,0.01429850981,NaN,NaN,0
0.02184146643,0.01415534597,NaN,NaN,0
0.02184146643,0.0140121812,NaN,NaN,0
0.02184146643,0.01386901736,NaN,NaN,0
0.02184146643,0.01372585353,NaN,NaN,0
0.02184146643,0.01358268969,NaN,NaN,0
0.02184146643,0.01343952492,NaN,NaN,0
0.02184146643,0.01329636108,NaN,NaN,0
0.02184146643,0.01315319724,NaN,NaN,0
0.02184146643,0.01301003341,NaN,NaN,0
0.02184146643,0.01286686864,NaN,NaN,0
0.02184146643,0.0127237048,NaN,NaN,0
0.02184146643,0.01258054096,NaN,NaN,0
0.02184146643,0.01243737713,NaN,NaN,0
0.02184146643,0.01229421329,NaN,NaN,0
0.02184146643,0.01215104852,NaN,NaN,0
0.02184146643,0.01200788468,NaN,NaN,0
0.02184146643,0.01186472084,NaN,NaN,0
0.02184146643,0.01172155701,NaN,NaN,0
0.02184146643,0.01157839224,NaN,NaN,0
0.02184146643,0.0114352284,NaN,NaN,0
0.02184146643,0.01129206456,NaN,NaN,0
0.02184146643,0.01114890072,NaN,NaN,0
0.02184146643,0.01100573689,NaN,NaN,0
0.02184146643,0.01086257212,NaN,NaN,0
0.02184146643,0.01071940828,NaN,NaN,0
0.02184146643,0.01057624444,NaN,NaN,0
0.02184146643,0.01043308061,NaN,NaN,0
0.02184146643,0.01028991584,NaN,NaN,0
0.02184146643,0.010146752,NaN,NaN,0
0.02184146643,0.01000358816,NaN,NaN,0
0.02184146643,0.009860424325,NaN,NaN,0
0.02184146643,0.009717259556,NaN,NaN,0
0.02184146643,0.009574095719,NaN,NaN,0
0.02184146643,0.009430931881,NaN,NaN,0
0.02184146643,0.009287768044,NaN,NaN,0
0.02184146643,0.009144604206,NaN,NaN,0
0.02184146643,0.009001439437,NaN,NaN,0
0.02184146643,0.0088582756,NaN,NaN,0
0.02184146643,0.008715111762,NaN,NaN,0
0.02184146643,0.008571947925,NaN,NaN,0
0.02184146643,0.008428783156,NaN,NaN,0
0.02184146643,0.008285619318,NaN,NaN,0
0.02184146643,0.008142455481,NaN,NaN,0
0.02184146643,0.007999291644,NaN,NaN,0
0.02184146643,0.007856126875,NaN,NaN,0
0.02184146643,0.007712963037,NaN,NaN,0
0.02184146643,0.0075697992,NaN,NaN,0
0.02184146643,0.007426635362,NaN,NaN,0
0.02184146643,0.007283471059,NaN,NaN,0
0.02184146643,0.007140307222,NaN,NaN,0
0.02184146643,0.006997142918,NaN,NaN,0
0.02184146643,0.006853979081,NaN,NaN,0
0.02184146643,0.006710814778,NaN,NaN,0
0.02184146643,0.00656765094,NaN,NaN,0
0.02184146643,0.006424486637,NaN,NaN,0
0.02184146643,0.0062813228,NaN,NaN,0
0.02184146643,0.006138158496,NaN,NaN,0
0.02184146643,0.005994994659,NaN,NaN,0
0.02184146643,0.005851830821,NaN,NaN,0
0.02184146643,0.005708666518,NaN,NaN,0
0.02184146643,0.005565502681,NaN,NaN,0
0.02184146643,0.005422338378,NaN,NaN,0
0.02184146643,0.00527917454,NaN,NaN,0
0.02184146643,0.005136010237,NaN,NaN,0
0.02184146643,0.0049928464,NaN,NaN,0
0.02184146643,0.004849682096,NaN,NaN,0
0.02184146643,0.004706518259,NaN,NaN,0
0.02184146643,0.004563353956,NaN,NaN,0
0.02184146643,0.004420190118,NaN,NaN,0
0.02184146643,0.004277025815,NaN,NaN,0
0.02184146643,0.004133861978,NaN,NaN,0
0.02184146643,0.00399069814,NaN,NaN,0
0.02184146643,0.003847533837,NaN,NaN,0
0.02184146643,0.003704369767,NaN,NaN,0
0.02184146643,0.003561205696,NaN,NaN,0
0.02184146643,0.003418041626,NaN,NaN,0
0.02184146643,0.003274877556,NaN,NaN,0
0.02184146643,0.003131713718,NaN,NaN,0
0.02184146643,0.002988549648,NaN,NaN,0
0.02184146643,0.002845385578,NaN,NaN,0
0.02184146643,0.002702221507,NaN,NaN,0
0.02184146643,0.002559057437,NaN,NaN,0
0.02184146643,0.002415893367,NaN,NaN,0
0.02184146643,0.002272729296,NaN,NaN,0
0.02184146643,0.002129565226,NaN,NaN,0
0.02184146643,0.001986401156,NaN,NaN,0
0.02184146643,0.001843237202,NaN,NaN,0
0.02184146643,0.001700073131,NaN,NaN,0
0.02184146643,0.001556909061,NaN,NaN,0
0.02184146643,0.001413744991,NaN,NaN,0
0.02184146643,0.00127058092,NaN,NaN,0
0.02184146643,0.00112741685,NaN,NaN,0
0.02184146643,0.0009842528962,NaN,NaN,0
0.02184146643,0.0008410888258,NaN,NaN,0
0.02184146643,0.0006979247555,NaN,NaN,0
0.02184146643,0.0005547606852,NaN,NaN,0
0.02184146643,0.000411596644,NaN,NaN,0
0.02184146643,0.0002684326028,NaN,NaN,0
0.02184146643,0.000125268547,NaN,NaN,0
0.02198462933,0.01916608773,NaN,NaN,0
0.02198462933,0.01902292296,NaN,NaN,0
0.02198462933,0.01887976006,NaN,NaN,0
0.02198462933,0.01873659529,NaN,NaN,0
0.02198462933,0.01859343052,NaN,NaN,0
0.02198462933,0.01845026761,NaN,NaN,0
0.02198462933,0.01830710284,NaN,NaN,0
0.02198462933,0.01816393808,NaN,NaN,0
0.02198462933,0.01802077517,NaN,NaN,0
0.02198462933,0.0178776104,NaN,NaN,0
0.02198462933,0.01773444749,NaN,NaN,0
0.02198462933,0.01759128273,NaN,NaN,0
0.02198462933,0.01744811796,NaN,NaN,0
0.02198462933,0.01730495505,NaN,NaN,0
0.02198462933,0.01716179028,NaN,NaN,0
0.02198462933,0.01701862738,NaN,NaN,0
0.02198462933,0.01687546261,NaN,NaN,0
0.02198462933,0.01673229784,NaN,NaN,0
0.02198462933,0.01658913493,NaN,NaN,0
0.02198462933,0.01644597016,NaN,NaN,0
0.02198462933,0.01630280726,NaN,NaN,0
0.02198462933,0.01615964249,NaN,NaN,0
0.02198462933,0.01601647772,NaN,NaN,0
0.02198462933,0.01587331481,NaN,NaN,0
0.02198462933,0.01573015004,NaN,NaN,0
0.02198462933,0.01558698621,NaN,NaN,0
0.02198462933,0.01544382237,NaN,NaN,0
0.02198462933,0.0153006576,NaN,NaN,0
0.02198462933,0.01515749376,NaN,NaN,0
0.02198462933,0.01501432993,NaN,NaN,0
0.02198462933,0.01487116609,NaN,NaN,0
0.02198462933,0.01472800132,NaN,NaN,0
0.02198462933,0.01458483748,NaN,NaN,0
0.02198462933,0.01444167364,NaN,NaN,0
0.02198462933,0.01429850981,NaN,NaN,0
0.02198462933,0.01415534597,NaN,NaN,0
0.02198462933,0.0140121812,NaN,NaN,0
0.02198462933,0.01386901736,NaN,NaN,0
0.02198462933,0.01372585353,NaN,NaN,0
0.02198462933,0.01358268969,NaN,NaN,0
0.02198462933,0.01343952492,NaN,NaN,0
0.02198462933,0.01329636108,NaN,NaN,0
0.02198462933,0.01315319724,NaN,NaN,0
0.02198462933,0.01301003341,NaN,NaN,0
0.02198462933,0.01286686864,NaN,NaN,0
0.02198462933,0.0127237048,NaN,NaN,0
0.02198462933,0.01258054096,NaN,NaN,0
0.02198462933,0.01243737713,NaN,NaN,0
0.02198462933,0.01229421329,NaN,NaN,0
0.02198462933,0.01215104852,NaN,NaN,0
0.02198462933,0.01200788468,NaN,NaN,0
0.02198462933,0.01186472084,NaN,NaN,0
0.02198462933,0.01172155701,NaN,NaN,0
0.02198462933,0.01157839224,NaN,NaN,0
0.02198462933,0.0114352284,NaN,NaN,0
0.02198462933,0.01129206456,NaN,NaN,0
0.02198462933,0.01114890072,NaN,NaN,0
0.02198462933,0.01100573689,NaN,NaN,0
0.02198462933,0.01086257212,NaN,NaN,0
0.02198462933,0.01071940828,NaN,NaN,0
0.02198462933,0.01057624444,NaN,NaN,0
0.02198462933,0.01043308061,NaN,NaN,0
0.02198462933,0.01028991584,NaN,NaN,0
0.02198462933,0.010146752,NaN,NaN,0
0.02198462933,0.01000358816,NaN,NaN,0
0.02198462933,0.009860424325,NaN,NaN,0
0.02198462933,0.009717259556,NaN,NaN,0
0.02198462933,0.009574095719,NaN,NaN,0
0.02198462933,0.009430931881,NaN,NaN,0
0.02198462933,0.009287768044,NaN,NaN,0
0.02198462933,0.009144604206,NaN,NaN,0
0.02198462933,0.009001439437,NaN,NaN,0
0.02198462933,0.0088582756,NaN,NaN,0
0.02198462933,0.008715111762,NaN,NaN,0
0.02198462933,0.008571947925,NaN,NaN,0
0.02198462933,0.008428783156,NaN,NaN,0
0.02198462933,0.008285619318,NaN,NaN,0
0.02198462933,0.008142455481,NaN,NaN,0
0.02198462933,0.007999291644,NaN,NaN,0
0.02198462933,0.007856126875,NaN,NaN,0
0.02198462933,0.007712963037,NaN,NaN,0
0.02198462933,0.0075697992,NaN,NaN,0
0.02198462933,0.007426635362,NaN,NaN,0
0.02198462933,0.007283471059,NaN,NaN,0
0.02198462933,0.007140307222,NaN,NaN,0
0.02198462933,0.006997142918,NaN,NaN,0
0.02198462933,0.006853979081,NaN,NaN,0
0.02198462933,0.006710814778,NaN,NaN,0
0.02198462933,0.00656765094,NaN,NaN,0
0.02198462933,0.006424486637,NaN,NaN,0
0.02198462933,0.0062813228,NaN,NaN,0
0.02198462933,0.006138158496,NaN,NaN,0
0.02198462933,0.005994994659,NaN,NaN,0
0.02198462933,0.005851830821,NaN,NaN,0
0.02198462933,0.005708666518,NaN,NaN,0
0.02198462933,0.005565502681,NaN,NaN,0
0.02198462933,0.005422338378,NaN,NaN,0
0.02198462933,0.00527917454,NaN,NaN,0
0.02198462933,0.005136010237,NaN,NaN,0
0.02198462933,0.0049928464,NaN,NaN,0
0.02198462933,0.004849682096,NaN,NaN,0
0.02198462933,0.004706518259,NaN,NaN,0
0.02198462933,0.004563353956,NaN,NaN,0
0.02198462933,0.004420190118,NaN,NaN,0
0.02198462933,0.004277025815,NaN,NaN,0
0.02198462933,0.004133861978,NaN,NaN,0
0.02198462933,0.00399069814,NaN,NaN,0
0.02198462933,0.003847533837,NaN,NaN,0
0.02198462933,0.003704369767,NaN,NaN,0
0.02198462933,0.003561205696,NaN,NaN,0
0.02198462933,0.003418041626,NaN,NaN,0
0.02198462933,0.003274877556,NaN,NaN,0
0.02198462933,0.003131713718,NaN,NaN,0
0.02198462933,0.002988549648,NaN,NaN,0
0.02198462933,0.002845385578,NaN,NaN,0
0.02198462933,0.002702221507,NaN,NaN,0
0.02198462933,0.002559057437,NaN,NaN,0
0.02198462933,0.002415893367,NaN,NaN,0
0.02198462933,0.002272729296,NaN,NaN,0
0.02198462933,0.002129565226,NaN,NaN,0
0.02198462933,0.001986401156,NaN,NaN,0
0.02198462933,0.001843237202,NaN,NaN,0
0.02198462933,0.001700073131,NaN,NaN,0
0.02198462933,0.001556909061,NaN,NaN,0
0.02198462933,0.001413744991,NaN,NaN,0
0.02198462933,0.00127058092,NaN,NaN,0
0.02198462933,0.00112741685,NaN,NaN,0
0.02198462933,0.0009842528962,NaN,NaN,0
0.02198462933,0.0008410888258,NaN,NaN,0
0.02198462933,0.0006979247555,NaN,NaN,0
0.02198462933,0.0005547606852,NaN,NaN,0
0.02198462933,0.000411596644,NaN,NaN,0
0.02198462933,0.0002684326028,NaN,NaN,0
0.02198462933,0.000125268547,NaN,NaN,0
0.0221277941,0.01916608773,NaN,NaN,0
0.0221277941,0.01902292296,NaN,NaN,0
0.0221277941,0.01887976006,NaN,NaN,0
0.0221277941,0.01873659529,NaN,NaN,0
0.0221277941,0.01859343052,NaN,NaN,0
0.0221277941,0.01845026761,NaN,NaN,0
0.0221277941,0.01830710284,NaN,NaN,0
0.0221277941,0.01816393808,NaN,NaN,0
0.0221277941,0.01802077517,NaN,NaN,0
0.0221277941,0.0178776104,NaN,NaN,0
0.0221277941,0.01773444749,NaN,NaN,0
0.0221277941,0.01759128273,NaN,NaN,0
0.0221277941,0.01744811796,NaN,NaN,0
0.0221277941,0.01730495505,NaN,NaN,0
0.0221277941,0.01716179028,NaN,NaN,0
0.0221277941,0.01701862738,NaN,NaN,0
0.0221277941,0.01687546261,NaN,NaN,0
0.0221277941,0.01673229784,NaN,NaN,0
0.0221277941,0.01658913493,NaN,NaN,0
0.0221277941,0.01644597016,NaN,NaN,0
0.0221277941,0.01630280726,NaN,NaN,0
0.0221277941,0.01615964249,NaN,NaN,0
0.0221277941,0.01601647772,NaN,NaN,0
0.0221277941,0.01587331481,NaN,NaN,0
0.0221277941,0.01573015004,NaN,NaN,0
0.0221277941,0.01558698621,NaN,NaN,0
0.0221277941,0.01544382237,NaN,NaN,0
0.0221277941,0.0153006576,NaN,NaN,0
0.0221277941,0.01515749376,NaN,NaN,0
0.0221277941,0.01501432993,NaN,NaN,0
0.0221277941,0.01487116609,NaN,NaN,0
0.0221277941,0.01472800132,NaN,NaN,0
0.0221277941,0.01458483748,NaN,NaN,0
0.0221277941,0.01444167364,NaN,NaN,0
0.0221277941,0.01429850981,NaN,NaN,0
0.0221277941,0.01415534597,NaN,NaN,0
0.0221277941,0.0140121812,NaN,NaN,0
0.0221277941,0.01386901736,NaN,NaN,0
0.0221277941,0.01372585353,NaN,NaN,0
0.0221277941,0.01358268969,NaN,NaN,0
0.0221277941,0.01343952492,NaN,NaN,0
0.0221277941,0.01329636108,NaN,NaN,0
0.0221277941,0.01315319724,NaN,NaN,0
0.0221277941,0.01301003341,NaN,NaN,0
0.0221277941,0.01286686864,NaN,NaN,0
0.0221277941,0.0127237048,NaN,NaN,0
0.0221277941,0.01258054096,NaN,NaN,0
0.0221277941,0.01243737713,NaN,NaN,0
0.0221277941,0.01229421329,NaN,NaN,0
0.0221277941,0.01215104852,NaN,NaN,0
0.0221277941,0.01200788468,NaN,NaN,0
0.0221277941,0.01186472084,NaN,NaN,0
0.0221277941,0.01172155701,NaN,NaN,0
0.0221277941,0.01157839224,NaN,NaN,0
0.0221277941,0.0114352284,NaN,NaN,0
0.0221277941,0.01129206456,NaN,NaN,0
0.0221277941,0.01114890072,NaN,NaN,0
0.0221277941,0.01100573689,NaN,NaN,0
0.0221277941,0.01086257212,NaN,NaN,0
0.0221277941,0.01071940828,NaN,NaN,0
0.0221277941,0.01057624444,NaN,NaN,0
0.0221277941,0.01043308061,NaN,NaN,0
0.0221277941,0.01028991584,NaN,NaN,0
0.0221277941,0.010146752,NaN,NaN,0
0.0221277941,0.01000358816,NaN,NaN,0
0.0221277941,0.009860424325,NaN,NaN,0
0.0221277941,0.009717259556,NaN,NaN,0
0.0221277941,0.009574095719,NaN,NaN,0
0.0221277941,0.009430931881,NaN,NaN,0
0.0221277941,0.009287768044,NaN,NaN,0
0.0221277941,0.009144604206,NaN,NaN,0
0.0221277941,0.009001439437,NaN,NaN,0
0.0221277941,0.0088582756,NaN,NaN,0
0.0221277941,0.008715111762,NaN,NaN,0
0.0221277941,0.008571947925,NaN,NaN,0
0.0221277941,0.008428783156,NaN,NaN,0
0.0221277941,0.008285619318,NaN,NaN,0
0.0221277941,0.008142455481,NaN,NaN,0
0.0221277941,0.007999291644,NaN,NaN,0
0.0221277941,0.007856126875,NaN,NaN,0
0.0221277941,0.007712963037,NaN,NaN,0
0.0221277941,0.0075697992,NaN,NaN,0
0.0221277941,0.007426635362,NaN,NaN,0
0.0221277941,0.007283471059,NaN,NaN,0
0.0221277941,0.007140307222,NaN,NaN,0
0.0221277941,0.006997142918,NaN,NaN,0
0.0221277941,0.006853979081,NaN,NaN,0
0.0221277941,0.006710814778,NaN,NaN,0
0.0221277941,0.00656765094,NaN,NaN,0
0.0221277941,0.006424486637,NaN,NaN,0
0.0221277941,0.0062813228,NaN,NaN,0
0.0221277941,0.006138158496,NaN,NaN,0
0.0221277941,0.005994994659,NaN,NaN,0
0.0221277941,0.005851830821,NaN,NaN,0
0.0221277941,0.005708666518,NaN,NaN,0
0.0221277941,0.005565502681,NaN,NaN,0
0.0221277941,0.005422338378,NaN,NaN,0
0.0221277941,0.00527917454,NaN,NaN,0
0.0221277941,0.005136010237,NaN,NaN,0
0.0221277941,0.0049928464,NaN,NaN,0
0.0221277941,0.004849682096,NaN,NaN,0
0.0221277941,0.004706518259,NaN,NaN,0
0.0221277941,0.004563353956,NaN,NaN,0
0.0221277941,0.004420190118,NaN,NaN,0
0.0221277941,0.004277025815,NaN,NaN,0
0.0221277941,0.004133861978,NaN,NaN,0
0.0221277941,0.00399069814,NaN,NaN,0
0.0221277941,0.003847533837,NaN,NaN,0
0.0221277941,0.003704369767,NaN,NaN,0
0.0221277941,0.003561205696,NaN,NaN,0
0.0221277941,0.003418041626,NaN,NaN,0
0.0221277941,0.003274877556,NaN,NaN,0
0.0221277941,0.003131713718,NaN,NaN,0
0.0221277941,0.002988549648,NaN,NaN,0
0.0221277941,0.002845385578,NaN,NaN,0
0.0221277941,0.002702221507,NaN,NaN,0
0.0221277941,0.002559057437,NaN,NaN,0
0.0221277941,0.002415893367,NaN,NaN,0
0.0221277941,0.002272729296,NaN,NaN,0
0.0221277941,0.002129565226,NaN,NaN,0
0.0221277941,0.001986401156,NaN,NaN,0
0.0221277941,0.001843237202,NaN,NaN,0
0.0221277941,0.001700073131,NaN,NaN,0
0.0221277941,0.001556909061,NaN,NaN,0
0.0221277941,0.001413744991,NaN,NaN,0
0.0221277941,0.00127058092,NaN,NaN,0
0.0221277941,0.00112741685,NaN,NaN,0
0.0221277941,0.0009842528962,NaN,NaN,0
0.0221277941,0.0008410888258,NaN,NaN,0
0.0221277941,0.0006979247555,NaN,NaN,0
0.0221277941,0.0005547606852,NaN,NaN,0
0.0221277941,0.000411596644,NaN,NaN,0
0.0221277941,0.0002684326028,NaN,NaN,0
0.0221277941,0.000125268547,NaN,NaN,0
0.02227095701,0.01916608773,NaN,NaN,0
0.02227095701,0.01902292296,NaN,NaN,0
0.02227095701,0.01887976006,NaN,NaN,0
0.02227095701,0.01873659529,NaN,NaN,0
0.02227095701,0.01859343052,NaN,NaN,0
0.02227095701,0.01845026761,NaN,NaN,0
0.02227095701,0.01830710284,NaN,NaN,0
0.02227095701,0.01816393808,NaN,NaN,0
0.02227095701,0.01802077517,NaN,NaN,0
0.02227095701,0.0178776104,NaN,NaN,0
0.02227095701,0.01773444749,NaN,NaN,0
0.02227095701,0.01759128273,NaN,NaN,0
0.02227095701,0.01744811796,NaN,NaN,0
0.02227095701,0.01730495505,NaN,NaN,0
0.02227095701,0.01716179028,NaN,NaN,0
0.02227095701,0.01701862738,NaN,NaN,0
0.02227095701,0.01687546261,NaN,NaN,0
0.02227095701,0.01673229784,NaN,NaN,0
0.02227095701,0.01658913493,NaN,NaN,0
0.02227095701,0.01644597016,NaN,NaN,0
0.02227095701,0.01630280726,NaN,NaN,0
0.02227095701,0.01615964249,NaN,NaN,0
0.02227095701,0.01601647772,NaN,NaN,0
0.02227095701,0.01587331481,NaN,NaN,0
0.02227095701,0.01573015004,NaN,NaN,0
0.02227095701,0.01558698621,NaN,NaN,0
0.02227095701,0.01544382237,NaN,NaN,0
0.02227095701,0.0153006576,NaN,NaN,0
0.02227095701,0.01515749376,NaN,NaN,0
0.02227095701,0.01501432993,NaN,NaN,0
0.02227095701,0.01487116609,NaN,NaN,0
0.02227095701,0.01472800132,NaN,NaN,0
0.02227095701,0.01458483748,NaN,NaN,0
0.02227095701,0.01444167364,NaN,NaN,0
0.02227095701,0.01429850981,NaN,NaN,0
0.02227095701,0.01415534597,NaN,NaN,0
0.02227095701,0.0140121812,NaN,NaN,0
0.02227095701,0.01386901736,NaN,NaN,0
0.02227095701,0.01372585353,NaN,NaN,0
0.02227095701,0.01358268969,NaN,NaN,0
0.02227095701,0.01343952492,NaN,NaN,0
0.02227095701,0.01329636108,NaN,NaN,0
0.02227095701,0.01315319724,NaN,NaN,0
0.02227095701,0.01301003341,NaN,NaN,0
0.02227095701,0.01286686864,NaN,NaN,0
0.02227095701,0.0127237048,NaN,NaN,0
0.02227095701,0.01258054096,NaN,NaN,0
0.02227095701,0.01243737713,NaN,NaN,0
0.02227095701,0.01229421329,NaN,NaN,0
0.02227095701,0.01215104852,NaN,NaN,0
0.02227095701,0.01200788468,NaN,NaN,0
0.02227095701,0.01186472084,NaN,NaN,0
0.02227095701,0.01172155701,NaN,NaN,0
0.02227095701,0.01157839224,NaN,NaN,0
0.02227095701,0.0114352284,NaN,NaN,0
0.02227095701,0.01129206456,NaN,NaN,0
0.02227095701,0.01114890072,NaN,NaN,0
0.02227095701,0.01100573689,NaN,NaN,0
0.02227095701,0.01086257212,NaN,NaN,0
0.02227095701,0.01071940828,NaN,NaN,0
0.02227095701,0.01057624444,NaN,NaN,0
0.02227095701,0.01043308061,NaN,NaN,0
0.02227095701,0.01028991584,NaN,NaN,0
0.02227095701,0.010146752,NaN,NaN,0
0.02227095701,0.01000358816,NaN,NaN,0
0.02227095701,0.009860424325,NaN,NaN,0
0.02227095701,0.009717259556,NaN,NaN,0
0.02227095701,0.009574095719,NaN,NaN,0
0.02227095701,0.009430931881,NaN,NaN,0
0.02227095701,0.009287768044,NaN,NaN,0
0.02227095701,0.009144604206,NaN,NaN,0
0.02227095701,0.009001439437,NaN,NaN,0
0.02227095701,0.0088582756,NaN,NaN,0
0.02227095701,0.008715111762,NaN,NaN,0
0.02227095701,0.008571947925,NaN,NaN,0
0.02227095701,0.008428783156,NaN,NaN,0
0.02227095701,0.008285619318,NaN,NaN,0
0.02227095701,0.008142455481,NaN,NaN,0
0.02227095701,0.007999291644,NaN,NaN,0
0.02227095701,0.007856126875,NaN,NaN,0
0.02227095701,0.007712963037,NaN,NaN,0
0.02227095701,0.0075697992,NaN,NaN,0
0.02227095701,0.007426635362,NaN,NaN,0
0.02227095701,0.007283471059,NaN,NaN,0
0.02227095701,0.007140307222,NaN,NaN,0
0.02227095701,0.006997142918,NaN,NaN,0
0.02227095701,0.006853979081,NaN,NaN,0
0.02227095701,0.006710814778,NaN,NaN,0
0.02227095701,0.00656765094,NaN,NaN,0
0.02227095701,0.006424486637,NaN,NaN,0
0.02227095701,0.0062813228,NaN,NaN,0
0.02227095701,0.006138158496,NaN,NaN,0
0.02227095701,0.005994994659,NaN,NaN,0
0.02227095701,0.005851830821,NaN,NaN,0
0.02227095701,0.005708666518,NaN,NaN,0
0.02227095701,0.005565502681,NaN,NaN,0
0.02227095701,0.005422338378,NaN,NaN,0
0.02227095701,0.00527917454,NaN,NaN,0
0.02227095701,0.005136010237,NaN,NaN,0
0.02227095701,0.0049928464,NaN,NaN,0
0.02227095701,0.004849682096,NaN,NaN,0
0.02227095701,0.004706518259,NaN,NaN,0
0.02227095701,0.004563353956,NaN,NaN,0
0.02227095701,0.004420190118,NaN,NaN,0
0.02227095701,0.004277025815,NaN,NaN,0
0.02227095701,0.004133861978,NaN,NaN,0
0.02227095701,0.00399069814,NaN,NaN,0
0.02227095701,0.003847533837,NaN,NaN,0
0.02227095701,0.003704369767,NaN,NaN,0
0.02227095701,0.003561205696,NaN,NaN,0
0.02227095701,0.003418041626,NaN,NaN,0
0.02227095701,0.003274877556,NaN,NaN,0
0.02227095701,0.003131713718,NaN,NaN,0
0.02227095701,0.002988549648,NaN,NaN,0
0.02227095701,0.002845385578,NaN,NaN,0
0.02227095701,0.002702221507,NaN,NaN,0
0.02227095701,0.002559057437,NaN,NaN,0
0.02227095701,0.002415893367,NaN,NaN,0
0.02227095701,0.002272729296,NaN,NaN,0
0.02227095701,0.002129565226,NaN,NaN,0
0.02227095701,0.001986401156,NaN,NaN,0
0.02227095701,0.001843237202,NaN,NaN,0
0.02227095701,0.001700073131,NaN,NaN,0
0.02227095701,0.001556909061,NaN,NaN,0
0.02227095701,0.001413744991,NaN,NaN,0
0.02227095701,0.00127058092,NaN,NaN,0
0.02227095701,0.00112741685,NaN,NaN,0
0.02227095701,0.0009842528962,NaN,NaN,0
0.02227095701,0.0008410888258,NaN,NaN,0
0.02227095701,0.0006979247555,NaN,NaN,0
0.02227095701,0.0005547606852,NaN,NaN,0
0.02227095701,0.000411596644,NaN,NaN,0
0.02227095701,0.0002684326028,NaN,NaN,0
0.02227095701,0.000125268547,NaN,NaN,0
0.02241412178,0.01916608773,NaN,NaN,0
0.02241412178,0.01902292296,NaN,NaN,0
0.02241412178,0.01887976006,NaN,NaN,0
0.02241412178,0.01873659529,NaN,NaN,0
0.02241412178,0.01859343052,NaN,NaN,0
0.02241412178,0.01845026761,NaN,NaN,0
0.02241412178,0.01830710284,NaN,NaN,0
0.02241412178,0.01816393808,NaN,NaN,0
0.02241412178,0.01802077517,NaN,NaN,0
0.02241412178,0.0178776104,NaN,NaN,0
0.02241412178,0.01773444749,NaN,NaN,0
0.02241412178,0.01759128273,NaN,NaN,0
0.02241412178,0.01744811796,NaN,NaN,0
0.02241412178,0.01730495505,NaN,NaN,0
0.02241412178,0.01716179028,NaN,NaN,0
0.02241412178,0.01701862738,NaN,NaN,0
0.02241412178,0.01687546261,NaN,NaN,0
0.02241412178,0.01673229784,NaN,NaN,0
0.02241412178,0.01658913493,NaN,NaN,0
0.02241412178,0.01644597016,NaN,NaN,0
0.02241412178,0.01630280726,NaN,NaN,0
0.02241412178,0.01615964249,NaN,NaN,0
0.02241412178,0.01601647772,NaN,NaN,0
0.02241412178,0.01587331481,NaN,NaN,0
0.02241412178,0.01573015004,NaN,NaN,0
0.02241412178,0.01558698621,NaN,NaN,0
0.02241412178,0.01544382237,NaN,NaN,0
0.02241412178,0.0153006576,NaN,NaN,0
0.02241412178,0.01515749376,NaN,NaN,0
0.02241412178,0.01501432993,NaN,NaN,0
0.02241412178,0.01487116609,NaN,NaN,0
0.02241412178,0.01472800132,NaN,NaN,0
0.02241412178,0.01458483748,NaN,NaN,0
0.02241412178,0.01444167364,NaN,NaN,0
0.02241412178,0.01429850981,NaN,NaN,0
0.02241412178,0.01415534597,NaN,NaN,0
0.02241412178,0.0140121812,NaN,NaN,0
0.02241412178,0.01386901736,NaN,NaN,0
0.02241412178,0.01372585353,NaN,NaN,0
0.02241412178,0.01358268969,NaN,NaN,0
0.02241412178,0.01343952492,NaN,NaN,0
0.02241412178,0.01329636108,NaN,NaN,0
0.02241412178,0.01315319724,NaN,NaN,0
0.02241412178,0.01301003341,NaN,NaN,0
0.02241412178,0.01286686864,NaN,NaN,0
0.02241412178,0.0127237048,NaN,NaN,0
0.02241412178,0.01258054096,NaN,NaN,0
0.02241412178,0.01243737713,NaN,NaN,0
0.02241412178,0.01229421329,NaN,NaN,0
0.02241412178,0.01215104852,NaN,NaN,0
0.02241412178,0.01200788468,NaN,NaN,0
0.02241412178,0.01186472084,NaN,NaN,0
0.02241412178,0.01172155701,NaN,NaN,0
0.02241412178,0.01157839224,NaN,NaN,0
0.02241412178,0.0114352284,NaN,NaN,0
0.02241412178,0.01129206456,NaN,NaN,0
0.02241412178,0.01114890072,NaN,NaN,0
0.02241412178,0.01100573689,NaN,NaN,0
0.02241412178,0.01086257212,NaN,NaN,0
0.02241412178,0.01071940828,NaN,NaN,0
0.02241412178,0.01057624444,NaN,NaN,0
0.02241412178,0.01043308061,NaN,NaN,0
0.02241412178,0.01028991584,NaN,NaN,0
0.02241412178,0.010146752,NaN,NaN,0
0.02241412178,0.01000358816,NaN,NaN,0
0.02241412178,0.009860424325,NaN,NaN,0
0.02241412178,0.009717259556,NaN,NaN,0
0.02241412178,0.009574095719,NaN,NaN,0
0.02241412178,0.009430931881,NaN,NaN,0
0.02241412178,0.009287768044,NaN,NaN,0
0.02241412178,0.009144604206,NaN,NaN,0
0.02241412178,0.009001439437,NaN,NaN,0
0.02241412178,0.0088582756,NaN,NaN,0
0.02241412178,0.008715111762,NaN,NaN,0
0.02241412178,0.008571947925,NaN,NaN,0
0.02241412178,0.008428783156,NaN,NaN,0
0.02241412178,0.008285619318,NaN,NaN,0
0.02241412178,0.008142455481,NaN,NaN,0
0.02241412178,0.007999291644,NaN,NaN,0
0.02241412178,0.007856126875,NaN,NaN,0
0.02241412178,0.007712963037,NaN,NaN,0
0.02241412178,0.0075697992,NaN,NaN,0
0.02241412178,0.007426635362,NaN,NaN,0
0.02241412178,0.007283471059,NaN,NaN,0
0.02241412178,0.007140307222,NaN,NaN,0
0.02241412178,0.006997142918,NaN,NaN,0
0.02241412178,0.006853979081,NaN,NaN,0
0.02241412178,0.006710814778,NaN,NaN,0
0.02241412178,0.00656765094,NaN,NaN,0
0.02241412178,0.006424486637,NaN,NaN,0
0.02241412178,0.0062813228,NaN,NaN,0
0.02241412178,0.006138158496,NaN,NaN,0
0.02241412178,0.005994994659,NaN,NaN,0
0.02241412178,0.005851830821,NaN,NaN,0
0.02241412178,0.005708666518,NaN,NaN,0
0.02241412178,0.005565502681,NaN,NaN,0
0.02241412178,0.005422338378,NaN,NaN,0
0.02241412178,0.00527917454,NaN,NaN,0
0.02241412178,0.005136010237,NaN,NaN,0
0.02241412178,0.0049928464,NaN,NaN,0
0.02241412178,0.004849682096,NaN,NaN,0
0.02241412178,0.004706518259,NaN,NaN,0
0.02241412178,0.004563353956,NaN,NaN,0
0.02241412178,0.004420190118,NaN,NaN,0
0.02241412178,0.004277025815,NaN,NaN,0
0.02241412178,0.004133861978,NaN,NaN,0
0.02241412178,0.00399069814,NaN,NaN,0
0.02241412178,0.003847533837,NaN,NaN,0
0.02241412178,0.003704369767,NaN,NaN,0
0.02241412178,0.003561205696,NaN,NaN,0
0.02241412178,0.003418041626,NaN,NaN,0
0.02241412178,0.003274877556,NaN,NaN,0
0.02241412178,0.003131713718,NaN,NaN,0
0.02241412178,0.002988549648,NaN,NaN,0
0.02241412178,0.002845385578,NaN,NaN,0
0.02241412178,0.002702221507,NaN,NaN,0
0.02241412178,0.002559057437,NaN,NaN,0
0.02241412178,0.002415893367,NaN,NaN,0
0.02241412178,0.002272729296,NaN,NaN,0
0.02241412178,0.002129565226,NaN,NaN,0
0.02241412178,0.001986401156,NaN,NaN,0
0.02241412178,0.001843237202,NaN,NaN,0
0.02241412178,0.001700073131,NaN,NaN,0
0.02241412178,0.001556909061,NaN,NaN,0
0.02241412178,0.001413744991,NaN,NaN,0
0.02241412178,0.00127058092,NaN,NaN,0
0.02241412178,0.00112741685,NaN,NaN,0
0.02241412178,0.0009842528962,NaN,NaN,0
0.02241412178,0.0008410888258,NaN,NaN,0
0.02241412178,0.0006979247555,NaN,NaN,0
0.02241412178,0.0005547606852,NaN,NaN,0
0.02241412178,0.000411596644,NaN,NaN,0
0.02241412178,0.0002684326028,NaN,NaN,0
0.02241412178,0.000125268547,NaN,NaN,0
0.02255728655,0.01916608773,NaN,NaN,0
0.02255728655,0.01902292296,NaN,NaN,0
0.02255728655,0.01887976006,NaN,NaN,0
0.02255728655,0.01873659529,NaN,NaN,0
0.02255728655,0.01859343052,NaN,NaN,0
0.02255728655,0.01845026761,NaN,NaN,0
0.02255728655,0.01830710284,NaN,NaN,0
0.02255728655,0.01816393808,NaN,NaN,0
0.02255728655,0.01802077517,NaN,NaN,0
0.02255728655,0.0178776104,NaN,NaN,0
0.02255728655,0.01773444749,NaN,NaN,0
0.02255728655,0.01759128273,NaN,NaN,0
0.02255728655,0.01744811796,NaN,NaN,0
0.02255728655,0.01730495505,NaN,NaN,0
0.02255728655,0.01716179028,NaN,NaN,0
0.02255728655,0.01701862738,NaN,NaN,0
0.02255728655,0.01687546261,NaN,NaN,0
0.02255728655,0.01673229784,NaN,NaN,0
0.02255728655,0.01658913493,NaN,NaN,0
0.02255728655,0.01644597016,NaN,NaN,0
0.02255728655,0.01630280726,NaN,NaN,0
0.02255728655,0.01615964249,NaN,NaN,0
0.02255728655,0.01601647772,NaN,NaN,0
0.02255728655,0.01587331481,NaN,NaN,0
0.02255728655,0.01573015004,NaN,NaN,0
0.02255728655,0.01558698621,NaN,NaN,0
0.02255728655,0.01544382237,NaN,NaN,0
0.02255728655,0.0153006576,NaN,NaN,0
0.02255728655,0.01515749376,NaN,NaN,0
0.02255728655,0.01501432993,NaN,NaN,0
0.02255728655,0.01487116609,NaN,NaN,0
0.02255728655,0.01472800132,NaN,NaN,0
0.02255728655,0.01458483748,NaN,NaN,0
0.02255728655,0.01444167364,NaN,NaN,0
0.02255728655,0.01429850981,NaN,NaN,0
0.02255728655,0.01415534597,NaN,NaN,0
0.02255728655,0.0140121812,NaN,NaN,0
0.02255728655,0.01386901736,NaN,NaN,0
0.02255728655,0.01372585353,NaN,NaN,0
0.02255728655,0.01358268969,NaN,NaN,0
0.02255728655,0.01343952492,NaN,NaN,0
0.02255728655,0.01329636108,NaN,NaN,0
0.02255728655,0.01315319724,NaN,NaN,0
0.02255728655,0.01301003341,NaN,NaN,0
0.02255728655,0.01286686864,NaN,NaN,0
0.02255728655,0.0127237048,NaN,NaN,0
0.02255728655,0.01258054096,NaN,NaN,0
0.02255728655,0.01243737713,NaN,NaN,0
0.02255728655,0.01229421329,NaN,NaN,0
0.02255728655,0.01215104852,NaN,NaN,0
0.02255728655,0.01200788468,NaN,NaN,0
0.02255728655,0.01186472084,NaN,NaN,0
0.02255728655,0.01172155701,NaN,NaN,0
0.02255728655,0.01157839224,NaN,NaN,0
0.02255728655,0.0114352284,NaN,NaN,0
0.02255728655,0.01129206456,NaN,NaN,0
0.02255728655,0.01114890072,NaN,NaN,0
0.02255728655,0.01100573689,NaN,NaN,0
0.02255728655,0.01086257212,NaN,NaN,0
0.02255728655,0.01071940828,NaN,NaN,0
0.02255728655,0.01057624444,NaN,NaN,0
0.02255728655,0.01043308061,NaN,NaN,0
0.02255728655,0.01028991584,NaN,NaN,0
0.02255728655,0.010146752,NaN,NaN,0
0.02255728655,0.01000358816,NaN,NaN,0
0.02255728655,0.009860424325,NaN,NaN,0
0.02255728655,0.009717259556,NaN,NaN,0
0.02255728655,0.009574095719,NaN,NaN,0
0.02255728655,0.009430931881,NaN,NaN,0
0.02255728655,0.009287768044,NaN,NaN,0
0.02255728655,0.009144604206,NaN,NaN,0
0.02255728655,0.009001439437,NaN,NaN,0
0.02255728655,0.0088582756,NaN,NaN,0
0.02255728655,0.008715111762,NaN,NaN,0
0.02255728655,0.008571947925,NaN,NaN,0
0.02255728655,0.008428783156,NaN,NaN,0
0.02255728655,0.008285619318,NaN,NaN,0
0.02255728655,0.008142455481,NaN,NaN,0
0.02255728655,0.007999291644,NaN,NaN,0
0.02255728655,0.007856126875,NaN,NaN,0
0.02255728655,0.007712963037,NaN,NaN,0
0.02255728655,0.0075697992,NaN,NaN,0
0.02255728655,0.007426635362,NaN,NaN,0
0.02255728655,0.007283471059,NaN,NaN,0
0.02255728655,0.007140307222,NaN,NaN,0
0.02255728655,0.006997142918,NaN,NaN,0
0.02255728655,0.006853979081,NaN,NaN,0
0.02255728655,0.006710814778,NaN,NaN,0
0.02255728655,0.00656765094,NaN,NaN,0
0.02255728655,0.006424486637,NaN,NaN,0
0.02255728655,0.0062813228,NaN,NaN,0
0.02255728655,0.006138158496,NaN,NaN,0
0.02255728655,0.005994994659,NaN,NaN,0
0.02255728655,0.005851830821,NaN,NaN,0
0.02255728655,0.005708666518,NaN,NaN,0
0.02255728655,0.005565502681,NaN,NaN,0
0.02255728655,0.005422338378,NaN,NaN,0
0.02255728655,0.00527917454,NaN,NaN,0
0.02255728655,0.005136010237,NaN,NaN,0
0.02255728655,0.0049928464,NaN,NaN,0
0.02255728655,0.004849682096,NaN,NaN,0
0.02255728655,0.004706518259,NaN,NaN,0
0.02255728655,0.004563353956,NaN,NaN,0
0.02255728655,0.004420190118,NaN,NaN,0
0.02255728655,0.004277025815,NaN,NaN,0
0.02255728655,0.004133861978,NaN,NaN,0
0.02255728655,0.00399069814,NaN,NaN,0
0.02255728655,0.003847533837,NaN,NaN,0
0.02255728655,0.003704369767,NaN,NaN,0
0.02255728655,0.003561205696,NaN,NaN,0
0.02255728655,0.003418041626,NaN,NaN,0
0.02255728655,0.003274877556,NaN,NaN,0
0.02255728655,0.003131713718,NaN,NaN,0
0.02255728655,0.002988549648,NaN,NaN,0
0.02255728655,0.002845385578,NaN,NaN,0
0.02255728655,0.002702221507,NaN,NaN,0
0.02255728655,0.002559057437,NaN,NaN,0
0.02255728655,0.002415893367,NaN,NaN,0
0.02255728655,0.002272729296,NaN,NaN,0
0.02255728655,0.002129565226,NaN,NaN,0
0.02255728655,0.001986401156,NaN,NaN,0
0.02255728655,0.001843237202,NaN,NaN,0
0.02255728655,0.001700073131,NaN,NaN,0
0.02255728655,0.001556909061,NaN,NaN,0
0.02255728655,0.001413744991,NaN,NaN,0
0.02255728655,0.00127058092,NaN,NaN,0
0.02255728655,0.00112741685,NaN,NaN,0
0.02255728655,0.0009842528962,NaN,NaN,0
0.02255728655,0.0008410888258,NaN,NaN,0
0.02255728655,0.0006979247555,NaN,NaN,0
0.02255728655,0.0005547606852,NaN,NaN,0
0.02255728655,0.000411596644,NaN,NaN,0
0.02255728655,0.0002684326028,NaN,NaN,0
0.02255728655,0.000125268547,NaN,NaN,0
0.02270044945,0.01916608773,NaN,NaN,0
0.02270044945,0.01902292296,NaN,NaN,0
0.02270044945,0.01887976006,NaN,NaN,0
0.02270044945,0.01873659529,NaN,NaN,0
0.02270044945,0.01859343052,NaN,NaN,0
0.02270044945,0.01845026761,NaN,NaN,0
0.02270044945,0.01830710284,NaN,NaN,0
0.02270044945,0.01816393808,NaN,NaN,0
0.02270044945,0.01802077517,NaN,NaN,0
0.02270044945,0.0178776104,NaN,NaN,0
0.02270044945,0.01773444749,NaN,NaN,0
0.02270044945,0.01759128273,NaN,NaN,0
0.02270044945,0.01744811796,NaN,NaN,0
0.02270044945,0.01730495505,NaN,NaN,0
0.02270044945,0.01716179028,NaN,NaN,0
0.02270044945,0.01701862738,NaN,NaN,0
0.02270044945,0.01687546261,NaN,NaN,0
0.02270044945,0.01673229784,NaN,NaN,0
0.02270044945,0.01658913493,NaN,NaN,0
0.02270044945,0.01644597016,NaN,NaN,0
0.02270044945,0.01630280726,NaN,NaN,0
0.02270044945,0.01615964249,NaN,NaN,0
0.02270044945,0.01601647772,NaN,NaN,0
0.02270044945,0.01587331481,NaN,NaN,0
0.02270044945,0.01573015004,NaN,NaN,0
0.02270044945,0.01558698621,NaN,NaN,0
0.02270044945,0.01544382237,NaN,NaN,0
0.02270044945,0.0153006576,NaN,NaN,0
0.02270044945,0.01515749376,NaN,NaN,0
0.02270044945,0.01501432993,NaN,NaN,0
0.02270044945,0.01487116609,NaN,NaN,0
0.02270044945,0.01472800132,NaN,NaN,0
0.02270044945,0.01458483748,NaN,NaN,0
0.02270044945,0.01444167364,NaN,NaN,0
0.02270044945,0.01429850981,NaN,NaN,0
0.02270044945,0.01415534597,NaN,NaN,0
0.02270044945,0.0140121812,NaN,NaN,0
0.02270044945,0.01386901736,NaN,NaN,0
0.02270044945,0.01372585353,NaN,NaN,0
0.02270044945,0.01358268969,NaN,NaN,0
0.02270044945,0.01343952492,NaN,NaN,0
0.02270044945,0.01329636108,NaN,NaN,0
0.02270044945,0.01315319724,NaN,NaN,0
0.02270044945,0.01301003341,NaN,NaN,0
0.02270044945,0.01286686864,NaN,NaN,0
0.02270044945,0.0127237048,NaN,NaN,0
0.02270044945,0.01258054096,NaN,NaN,0
0.02270044945,0.01243737713,NaN,NaN,0
0.02270044945,0.01229421329,NaN,NaN,0
0.02270044945,0.01215104852,NaN,NaN,0
0.02270044945,0.01200788468,NaN,NaN,0
0.02270044945,0.01186472084,NaN,NaN,0
0.02270044945,0.01172155701,NaN,NaN,0
0.02270044945,0.01157839224,NaN,NaN,0
0.02270044945,0.0114352284,NaN,NaN,0
0.02270044945,0.01129206456,NaN,NaN,0
0.02270044945,0.01114890072,NaN,NaN,0
0.02270044945,0.01100573689,NaN,NaN,0
0.02270044945,0.01086257212,NaN,NaN,0
0.02270044945,0.01071940828,NaN,NaN,0
0.02270044945,0.01057624444,NaN,NaN,0
0.02270044945,0.01043308061,NaN,NaN,0
0.02270044945,0.01028991584,NaN,NaN,0
0.02270044945,0.010146752,NaN,NaN,0
0.02270044945,0.01000358816,NaN,NaN,0
0.02270044945,0.009860424325,NaN,NaN,0
0.02270044945,0.009717259556,NaN,NaN,0
0.02270044945,0.009574095719,NaN,NaN,0
0.02270044945,0.009430931881,NaN,NaN,0
0.02270044945,0.009287768044,NaN,NaN,0
0.02270044945,0.009144604206,NaN,NaN,0
0.02270044945,0.009001439437,NaN,NaN,0
0.02270044945,0.0088582756,NaN,NaN,0
0.02270044945,0.008715111762,NaN,NaN,0
0.02270044945,0.008571947925,NaN,NaN,0
0.02270044945,0.008428783156,NaN,NaN,0
0.02270044945,0.008285619318,NaN,NaN,0
0.02270044945,0.008142455481,NaN,NaN,0
0.02270044945,0.007999291644,NaN,NaN,0
0.02270044945,0.007856126875,NaN,NaN,0
0.02270044945,0.007712963037,NaN,NaN,0
0.02270044945,0.0075697992,NaN,NaN,0
0.02270044945,0.007426635362,NaN,NaN,0
0.02270044945,0.007283471059,NaN,NaN,0
0.02270044945,0.007140307222,NaN,NaN,0
0.02270044945,0.006997142918,NaN,NaN,0
0.02270044945,0.006853979081,NaN,NaN,0
0.02270044945,0.006710814778,NaN,NaN,0
0.02270044945,0.00656765094,NaN,NaN,0
0.02270044945,0.006424486637,NaN,NaN,0
0.02270044945,0.0062813228,NaN,NaN,0
0.02270044945,0.006138158496,NaN,NaN,0
0.02270044945,0.005994994659,NaN,NaN,0
0.02270044945,0.005851830821,NaN,NaN,0
0.02270044945,0.005708666518,NaN,NaN,0
0.02270044945,0.005565502681,NaN,NaN,0
0.02270044945,0.005422338378,NaN,NaN,0
0.02270044945,0.00527917454,NaN,NaN,0
0.02270044945,0.005136010237,NaN,NaN,0
0.02270044945,0.0049928464,NaN,NaN,0
0.02270044945,0.004849682096,NaN,NaN,0
0.02270044945,0.004706518259,NaN,NaN,0
0.02270044945,0.004563353956,NaN,NaN,0
0.02270044945,0.004420190118,NaN,NaN,0
0.02270044945,0.004277025815,NaN,NaN,0
0.02270044945,0.004133861978,NaN,NaN,0
0.02270044945,0.00399069814,NaN,NaN,0
0.02270044945,0.003847533837,NaN,NaN,0
0.02270044945,0.003704369767,NaN,NaN,0
0.02270044945,0.003561205696,NaN,NaN,0
0.02270044945,0.003418041626,NaN,NaN,0
0.02270044945,0.003274877556,NaN,NaN,0
0.02270044945,0.003131713718,NaN,NaN,0
0.02270044945,0.002988549648,NaN,NaN,0
0.02270044945,0.002845385578,NaN,NaN,0
0.02270044945,0.002702221507,NaN,NaN,0
0.02270044945,0.002559057437,NaN,NaN,0
0.02270044945,0.002415893367,NaN,NaN,0
0.02270044945,0.002272729296,NaN,NaN,0
0.02270044945,0.002129565226,NaN,NaN,0
0.02270044945,0.001986401156,NaN,NaN,0
0.02270044945,0.001843237202,NaN,NaN,0
0.02270044945,0.001700073131,NaN,NaN,0
0.02270044945,0.001556909061,NaN,NaN,0
0.02270044945,0.001413744991,NaN,NaN,0
0.02270044945,0.00127058092,NaN,NaN,0
0.02270044945,0.00112741685,NaN,NaN,0
0.02270044945,0.0009842528962,NaN,NaN,0
0.02270044945,0.0008410888258,NaN,NaN,0
0.02270044945,0.0006979247555,NaN,NaN,0
0.02270044945,0.0005547606852,NaN,NaN,0
0.02270044945,0.000411596644,NaN,NaN,0
0.02270044945,0.0002684326028,NaN,NaN,0
0.02270044945,0.000125268547,NaN,NaN,0
0.02284361422,0.01916608773,NaN,NaN,0
0.02284361422,0.01902292296,NaN,NaN,0
0.02284361422,0.01887976006,NaN,NaN,0
0.02284361422,0.01873659529,NaN,NaN,0
0.02284361422,0.01859343052,NaN,NaN,0
0.02284361422,0.01845026761,NaN,NaN,0
0.02284361422,0.01830710284,NaN,NaN,0
0.02284361422,0.01816393808,NaN,NaN,0
0.02284361422,0.01802077517,NaN,NaN,0
0.02284361422,0.0178776104,NaN,NaN,0
0.02284361422,0.01773444749,NaN,NaN,0
0.02284361422,0.01759128273,NaN,NaN,0
0.02284361422,0.01744811796,NaN,NaN,0
0.02284361422,0.01730495505,NaN,NaN,0
0.02284361422,0.01716179028,NaN,NaN,0
0.02284361422,0.01701862738,NaN,NaN,0
0.02284361422,0.01687546261,NaN,NaN,0
0.02284361422,0.01673229784,NaN,NaN,0
0.02284361422,0.01658913493,NaN,NaN,0
0.02284361422,0.01644597016,NaN,NaN,0
0.02284361422,0.01630280726,NaN,NaN,0
0.02284361422,0.01615964249,NaN,NaN,0
0.02284361422,0.01601647772,NaN,NaN,0
0.02284361422,0.01587331481,NaN,NaN,0
0.02284361422,0.01573015004,NaN,NaN,0
0.02284361422,0.01558698621,NaN,NaN,0
0.02284361422,0.01544382237,NaN,NaN,0
0.02284361422,0.0153006576,NaN,NaN,0
0.02284361422,0.01515749376,NaN,NaN,0
0.02284361422,0.01501432993,NaN,NaN,0
0.02284361422,0.01487116609,NaN,NaN,0
0.02284361422,0.01472800132,NaN,NaN,0
0.02284361422,0.01458483748,NaN,NaN,0
0.02284361422,0.01444167364,NaN,NaN,0
0.02284361422,0.01429850981,NaN,NaN,0
0.02284361422,0.01415534597,NaN,NaN,0
0.02284361422,0.0140121812,NaN,NaN,0
0.02284361422,0.01386901736,NaN,NaN,0
0.02284361422,0.01372585353,NaN,NaN,0
0.02284361422,0.01358268969,NaN,NaN,0
0.02284361422,0.01343952492,NaN,NaN,0
0.02284361422,0.01329636108,NaN,NaN,0
0.02284361422,0.01315319724,NaN,NaN,0
0.02284361422,0.01301003341,NaN,NaN,0
0.02284361422,0.01286686864,NaN,NaN,0
0.02284361422,0.0127237048,NaN,NaN,0
0.02284361422,0.01258054096,NaN,NaN,0
0.02284361422,0.01243737713,NaN,NaN,0
0.02284361422,0.01229421329,NaN,NaN,0
0.02284361422,0.01215104852,NaN,NaN,0
0.02284361422,0.01200788468,NaN,NaN,0
0.02284361422,0.01186472084,NaN,NaN,0
0.02284361422,0.01172155701,NaN,NaN,0
0.02284361422,0.01157839224,NaN,NaN,0
0.02284361422,0.0114352284,NaN,NaN,0
0.02284361422,0.01129206456,NaN,NaN,0
0.02284361422,0.01114890072,NaN,NaN,0
0.02284361422,0.01100573689,NaN,NaN,0
0.02284361422,0.01086257212,NaN,NaN,0
0.02284361422,0.01071940828,NaN,NaN,0
0.02284361422,0.01057624444,NaN,NaN,0
0.02284361422,0.01043308061,NaN,NaN,0
0.02284361422,0.01028991584,NaN,NaN,0
0.02284361422,0.010146752,NaN,NaN,0
0.02284361422,0.01000358816,NaN,NaN,0
0.02284361422,0.009860424325,NaN,NaN,0
0.02284361422,0.009717259556,NaN,NaN,0
0.02284361422,0.009574095719,NaN,NaN,0
0.02284361422,0.009430931881,NaN,NaN,0
0.02284361422,0.009287768044,NaN,NaN,0
0.02284361422,0.009144604206,NaN,NaN,0
0.02284361422,0.009001439437,NaN,NaN,0
0.02284361422,0.0088582756,NaN,NaN,0
0.02284361422,0.008715111762,NaN,NaN,0
0.02284361422,0.008571947925,NaN,NaN,0
0.02284361422,0.008428783156,NaN,NaN,0
0.02284361422,0.008285619318,NaN,NaN,0
0.02284361422,0.008142455481,NaN,NaN,0
0.02284361422,0.007999291644,NaN,NaN,0
0.02284361422,0.007856126875,NaN,NaN,0
0.02284361422,0.007712963037,NaN,NaN,0
0.02284361422,0.0075697992,NaN,NaN,0
0.02284361422,0.007426635362,NaN,NaN,0
0.02284361422,0.007283471059,NaN,NaN,0
0.02284361422,0.007140307222,NaN,NaN,0
0.02284361422,0.006997142918,NaN,NaN,0
0.02284361422,0.006853979081,NaN,NaN,0
0.02284361422,0.006710814778,NaN,NaN,0
0.02284361422,0.00656765094,NaN,NaN,0
0.02284361422,0.006424486637,NaN,NaN,0
0.02284361422,0.0062813228,NaN,NaN,0
0.02284361422,0.006138158496,NaN,NaN,0
0.02284361422,0.005994994659,NaN,NaN,0
0.02284361422,0.005851830821,NaN,NaN,0
0.02284361422,0.005708666518,NaN,NaN,0
0.02284361422,0.005565502681,NaN,NaN,0
0.02284361422,0.005422338378,NaN,NaN,0
0.02284361422,0.00527917454,NaN,NaN,0
0.02284361422,0.005136010237,NaN,NaN,0
0.02284361422,0.0049928464,NaN,NaN,0
0.02284361422,0.004849682096,NaN,NaN,0
0.02284361422,0.004706518259,NaN,NaN,0
0.02284361422,0.004563353956,NaN,NaN,0
0.02284361422,0.004420190118,NaN,NaN,0
0.02284361422,0.004277025815,NaN,NaN,0
0.02284361422,0.004133861978,NaN,NaN,0
0.02284361422,0.00399069814,NaN,NaN,0
0.02284361422,0.003847533837,NaN,NaN,0
0.02284361422,0.003704369767,NaN,NaN,0
0.02284361422,0.003561205696,NaN,NaN,0
0.02284361422,0.003418041626,NaN,NaN,0
0.02284361422,0.003274877556,NaN,NaN,0
0.02284361422,0.003131713718,NaN,NaN,0
0.02284361422,0.002988549648,NaN,NaN,0
0.02284361422,0.002845385578,NaN,NaN,0
0.02284361422,0.002702221507,NaN,NaN,0
0.02284361422,0.002559057437,NaN,NaN,0
0.02284361422,0.002415893367,NaN,NaN,0
0.02284361422,0.002272729296,NaN,NaN,0
0.02284361422,0.002129565226,NaN,NaN,0
0.02284361422,0.001986401156,NaN,NaN,0
0.02284361422,0.001843237202,NaN,NaN,0
0.02284361422,0.001700073131,NaN,NaN,0
0.02284361422,0.001556909061,NaN,NaN,0
0.02284361422,0.001413744991,NaN,NaN,0
0.02284361422,0.00127058092,NaN,NaN,0
0.02284361422,0.00112741685,NaN,NaN,0
0.02284361422,0.0009842528962,NaN,NaN,0
0.02284361422,0.0008410888258,NaN,NaN,0
0.02284361422,0.0006979247555,NaN,NaN,0
0.02284361422,0.0005547606852,NaN,NaN,0
0.02284361422,0.000411596644,NaN,NaN,0
0.02284361422,0.0002684326028,NaN,NaN,0
0.02284361422,0.000125268547,NaN,NaN,0
0.02298677713,0.01916608773,NaN,NaN,0
0.02298677713,0.01902292296,NaN,NaN,0
0.02298677713,0.01887976006,NaN,NaN,0
0.02298677713,0.01873659529,NaN,NaN,0
0.02298677713,0.01859343052,NaN,NaN,0
0.02298677713,0.01845026761,NaN,NaN,0
0.02298677713,0.01830710284,NaN,NaN,0
0.02298677713,0.01816393808,NaN,NaN,0
0.02298677713,0.01802077517,NaN,NaN,0
0.02298677713,0.0178776104,NaN,NaN,0
0.02298677713,0.01773444749,NaN,NaN,0
0.02298677713,0.01759128273,NaN,NaN,0
0.02298677713,0.01744811796,NaN,NaN,0
0.02298677713,0.01730495505,NaN,NaN,0
0.02298677713,0.01716179028,NaN,NaN,0
0.02298677713,0.01701862738,NaN,NaN,0
0.02298677713,0.01687546261,NaN,NaN,0
0.02298677713,0.01673229784,NaN,NaN,0
0.02298677713,0.01658913493,NaN,NaN,0
0.02298677713,0.01644597016,NaN,NaN,0
0.02298677713,0.01630280726,NaN,NaN,0
0.02298677713,0.01615964249,NaN,NaN,0
0.02298677713,0.01601647772,NaN,NaN,0
0.02298677713,0.01587331481,NaN,NaN,0
0.02298677713,0.01573015004,NaN,NaN,0
0.02298677713,0.01558698621,NaN,NaN,0
0.02298677713,0.01544382237,NaN,NaN,0
0.02298677713,0.0153006576,NaN,NaN,0
0.02298677713,0.01515749376,NaN,NaN,0
0.02298677713,0.01501432993,NaN,NaN,0
0.02298677713,0.01487116609,NaN,NaN,0
0.02298677713,0.01472800132,NaN,NaN,0
0.02298677713,0.01458483748,NaN,NaN,0
0.02298677713,0.01444167364,NaN,NaN,0
0.02298677713,0.01429850981,NaN,NaN,0
0.02298677713,0.01415534597,NaN,NaN,0
0.02298677713,0.0140121812,NaN,NaN,0
0.02298677713,0.01386901736,NaN,NaN,0
0.02298677713,0.01372585353,NaN,NaN,0
0.02298677713,0.01358268969,NaN,NaN,0
0.02298677713,0.01343952492,NaN,NaN,0
0.02298677713,0.01329636108,NaN,NaN,0
0.02298677713,0.01315319724,NaN,NaN,0
0.02298677713,0.01301003341,NaN,NaN,0
0.02298677713,0.01286686864,NaN,NaN,0
0.02298677713,0.0127237048,NaN,NaN,0
0.02298677713,0.01258054096,NaN,NaN,0
0.02298677713,0.01243737713,NaN,NaN,0
0.02298677713,0.01229421329,NaN,NaN,0
0.02298677713,0.01215104852,NaN,NaN,0
0.02298677713,0.01200788468,NaN,NaN,0
0.02298677713,0.01186472084,NaN,NaN,0
0.02298677713,0.01172155701,NaN,NaN,0
0.02298677713,0.01157839224,NaN,NaN,0
0.02298677713,0.0114352284,NaN,NaN,0
0.02298677713,0.01129206456,NaN,NaN,0
0.02298677713,0.01114890072,NaN,NaN,0
0.02298677713,0.01100573689,NaN,NaN,0
0.02298677713,0.01086257212,NaN,NaN,0
0.02298677713,0.01071940828,NaN,NaN,0
0.02298677713,0.01057624444,NaN,NaN,0
0.02298677713,0.01043308061,NaN,NaN,0
0.02298677713,0.01028991584,NaN,NaN,0
0.02298677713,0.010146752,NaN,NaN,0
0.02298677713,0.01000358816,NaN,NaN,0
0.02298677713,0.009860424325,NaN,NaN,0
0.02298677713,0.009717259556,NaN,NaN,0
0.02298677713,0.009574095719,NaN,NaN,0
0.02298677713,0.009430931881,NaN,NaN,0
0.02298677713,0.009287768044,NaN,NaN,0
0.02298677713,0.009144604206,NaN,NaN,0
0.02298677713,0.009001439437,NaN,NaN,0
0.02298677713,0.0088582756,NaN,NaN,0
0.02298677713,0.008715111762,NaN,NaN,0
0.02298677713,0.008571947925,NaN,NaN,0
0.02298677713,0.008428783156,NaN,NaN,0
0.02298677713,0.008285619318,NaN,NaN,0
0.02298677713,0.008142455481,NaN,NaN,0
0.02298677713,0.007999291644,NaN,NaN,0
0.02298677713,0.007856126875,NaN,NaN,0
0.02298677713,0.007712963037,NaN,NaN,0
0.02298677713,0.0075697992,NaN,NaN,0
0.02298677713,0.007426635362,NaN,NaN,0
0.02298677713,0.007283471059,NaN,NaN,0
0.02298677713,0.007140307222,NaN,NaN,0
0.02298677713,0.006997142918,NaN,NaN,0
0.02298677713,0.006853979081,NaN,NaN,0
0.02298677713,0.006710814778,NaN,NaN,0
0.02298677713,0.00656765094,NaN,NaN,0
0.02298677713,0.006424486637,NaN,NaN,0
0.02298677713,0.0062813228,NaN,NaN,0
0.02298677713,0.006138158496,NaN,NaN,0
0.02298677713,0.005994994659,NaN,NaN,0
0.02298677713,0.005851830821,NaN,NaN,0
0.02298677713,0.005708666518,NaN,NaN,0
0.02298677713,0.005565502681,NaN,NaN,0
0.02298677713,0.005422338378,NaN,NaN,0
0.02298677713,0.00527917454,NaN,NaN,0
0.02298677713,0.005136010237,NaN,NaN,0
0.02298677713,0.0049928464,NaN,NaN,0
0.02298677713,0.004849682096,NaN,NaN,0
0.02298677713,0.004706518259,NaN,NaN,0
0.02298677713,0.004563353956,NaN,NaN,0
0.02298677713,0.004420190118,NaN,NaN,0
0.02298677713,0.004277025815,NaN,NaN,0
0.02298677713,0.004133861978,NaN,NaN,0
0.02298677713,0.00399069814,NaN,NaN,0
0.02298677713,0.003847533837,NaN,NaN,0
0.02298677713,0.003704369767,NaN,NaN,0
0.02298677713,0.003561205696,NaN,NaN,0
0.02298677713,0.003418041626,NaN,NaN,0
0.02298677713,0.003274877556,NaN,NaN,0
0.02298677713,0.003131713718,NaN,NaN,0
0.02298677713,0.002988549648,NaN,NaN,0
0.02298677713,0.002845385578,NaN,NaN,0
0.02298677713,0.002702221507,NaN,NaN,0
0.02298677713,0.002559057437,NaN,NaN,0
0.02298677713,0.002415893367,NaN,NaN,0
0.02298677713,0.002272729296,NaN,NaN,0
0.02298677713,0.002129565226,NaN,NaN,0
0.02298677713,0.001986401156,NaN,NaN,0
0.02298677713,0.001843237202,NaN,NaN,0
0.02298677713,0.001700073131,NaN,NaN,0
0.02298677713,0.001556909061,NaN,NaN,0
0.02298677713,0.001413744991,NaN,NaN,0
0.02298677713,0.00127058092,NaN,NaN,0
0.02298677713,0.00112741685,NaN,NaN,0
0.02298677713,0.0009842528962,NaN,NaN,0
0.02298677713,0.0008410888258,NaN,NaN,0
0.02298677713,0.0006979247555,NaN,NaN,0
0.02298677713,0.0005547606852,NaN,NaN,0
0.02298677713,0.000411596644,NaN,NaN,0
0.02298677713,0.0002684326028,NaN,NaN,0
0.02298677713,0.000125268547,NaN,NaN,0
0.0231299419,0.01916608773,NaN,NaN,0
0.0231299419,0.01902292296,NaN,NaN,0
0.0231299419,0.01887976006,NaN,NaN,0
0.0231299419,0.01873659529,NaN,NaN,0
0.0231299419,0.01859343052,NaN,NaN,0
0.0231299419,0.01845026761,NaN,NaN,0
0.0231299419,0.01830710284,NaN,NaN,0
0.0231299419,0.01816393808,NaN,NaN,0
0.0231299419,0.01802077517,NaN,NaN,0
0.0231299419,0.0178776104,NaN,NaN,0
0.0231299419,0.01773444749,NaN,NaN,0
0.0231299419,0.01759128273,NaN,NaN,0
0.0231299419,0.01744811796,NaN,NaN,0
0.0231299419,0.01730495505,NaN,NaN,0
0.0231299419,0.01716179028,NaN,NaN,0
0.0231299419,0.01701862738,NaN,NaN,0
0.0231299419,0.01687546261,NaN,NaN,0
0.0231299419,0.01673229784,NaN,NaN,0
0.0231299419,0.01658913493,NaN,NaN,0
0.0231299419,0.01644597016,NaN,NaN,0
0.0231299419,0.01630280726,NaN,NaN,0
0.0231299419,0.01615964249,NaN,NaN,0
0.0231299419,0.01601647772,NaN,NaN,0
0.0231299419,0.01587331481,NaN,NaN,0
0.0231299419,0.01573015004,NaN,NaN,0
0.0231299419,0.01558698621,NaN,NaN,0
0.0231299419,0.01544382237,NaN,NaN,0
0.0231299419,0.0153006576,NaN,NaN,0
0.0231299419,0.01515749376,NaN,NaN,0
0.0231299419,0.01501432993,NaN,NaN,0
0.0231299419,0.01487116609,NaN,NaN,0
0.0231299419,0.01472800132,NaN,NaN,0
0.0231299419,0.01458483748,NaN,NaN,0
0.0231299419,0.01444167364,NaN,NaN,0
0.0231299419,0.01429850981,NaN,NaN,0
0.0231299419,0.01415534597,NaN,NaN,0
0.0231299419,0.0140121812,NaN,NaN,0
0.0231299419,0.01386901736,NaN,NaN,0
0.0231299419,0.01372585353,NaN,NaN,0
0.0231299419,0.01358268969,NaN,NaN,0
0.0231299419,0.01343952492,NaN,NaN,0
0.0231299419,0.01329636108,NaN,NaN,0
0.0231299419,0.01315319724,NaN,NaN,0
0.0231299419,0.01301003341,NaN,NaN,0
0.0231299419,0.01286686864,NaN,NaN,0
0.0231299419,0.0127237048,NaN,NaN,0
0.0231299419,0.01258054096,NaN,NaN,0
0.0231299419,0.01243737713,NaN,NaN,0
0.0231299419,0.01229421329,NaN,NaN,0
0.0231299419,0.01215104852,NaN,NaN,0
0.0231299419,0.01200788468,NaN,NaN,0
0.0231299419,0.01186472084,NaN,NaN,0
0.0231299419,0.01172155701,NaN,NaN,0
0.0231299419,0.01157839224,NaN,NaN,0
0.0231299419,0.0114352284,NaN,NaN,0
0.0231299419,0.01129206456,NaN,NaN,0
0.0231299419,0.01114890072,NaN,NaN,0
0.0231299419,0.01100573689,NaN,NaN,0
0.0231299419,0.01086257212,NaN,NaN,0
0.0231299419,0.01071940828,NaN,NaN,0
0.0231299419,0.01057624444,NaN,NaN,0
0.0231299419,0.01043308061,NaN,NaN,0
0.0231299419,0.01028991584,NaN,NaN,0
0.0231299419,0.010146752,NaN,NaN,0
0.0231299419,0.01000358816,NaN,NaN,0
0.0231299419,0.009860424325,NaN,NaN,0
0.0231299419,0.009717259556,NaN,NaN,0
0.0231299419,0.009574095719,NaN,NaN,0
0.0231299419,0.009430931881,NaN,NaN,0
0.0231299419,0.009287768044,NaN,NaN,0
0.0231299419,0.009144604206,NaN,NaN,0
0.0231299419,0.009001439437,NaN,NaN,0
0.0231299419,0.0088582756,NaN,NaN,0
0.0231299419,0.008715111762,NaN,NaN,0
0.0231299419,0.008571947925,NaN,NaN,0
0.0231299419,0.008428783156,NaN,NaN,0
0.0231299419,0.008285619318,NaN,NaN,0
0.0231299419,0.008142455481,NaN,NaN,0
0.0231299419,0.007999291644,NaN,NaN,0
0.0231299419,0.007856126875,NaN,NaN,0
0.0231299419,0.007712963037,NaN,NaN,0
0.0231299419,0.0075697992,NaN,NaN,0
0.0231299419,0.007426635362,NaN,NaN,0
0.0231299419,0.007283471059,NaN,NaN,0
0.0231299419,0.007140307222,NaN,NaN,0
0.0231299419,0.006997142918,NaN,NaN,0
0.0231299419,0.006853979081,NaN,NaN,0
0.0231299419,0.006710814778,NaN,NaN,0
0.0231299419,0.00656765094,NaN,NaN,0
0.0231299419,0.006424486637,NaN,NaN,0
0.0231299419,0.0062813228,NaN,NaN,0
0.0231299419,0.006138158496,NaN,NaN,0
0.0231299419,0.005994994659,NaN,NaN,0
0.0231299419,0.005851830821,NaN,NaN,0
0.0231299419,0.005708666518,NaN,NaN,0
0.0231299419,0.005565502681,NaN,NaN,0
0.0231299419,0.005422338378,NaN,NaN,0
0.0231299419,0.00527917454,NaN,NaN,0
0.0231299419,0.005136010237,NaN,NaN,0
0.0231299419,0.0049928464,NaN,NaN,0
0.0231299419,0.004849682096,NaN,NaN,0
0.0231299419,0.004706518259,NaN,NaN,0
0.0231299419,0.004563353956,NaN,NaN,0
0.0231299419,0.004420190118,NaN,NaN,0
0.0231299419,0.004277025815,NaN,NaN,0
0.0231299419,0.004133861978,NaN,NaN,0
0.0231299419,0.00399069814,NaN,NaN,0
0.0231299419,0.003847533837,NaN,NaN,0
0.0231299419,0.003704369767,NaN,NaN,0
0.0231299419,0.003561205696,NaN,NaN,0
0.0231299419,0.003418041626,NaN,NaN,0
0.0231299419,0.003274877556,NaN,NaN,0
0.0231299419,0.003131713718,NaN,NaN,0
0.0231299419,0.002988549648,NaN,NaN,0
0.0231299419,0.002845385578,NaN,NaN,0
0.0231299419,0.002702221507,NaN,NaN,0
0.0231299419,0.002559057437,NaN,NaN,0
0.0231299419,0.002415893367,NaN,NaN,0
0.0231299419,0.002272729296,NaN,NaN,0
0.0231299419,0.002129565226,NaN,NaN,0
0.0231299419,0.001986401156,NaN,NaN,0
0.0231299419,0.001843237202,NaN,NaN,0
0.0231299419,0.001700073131,NaN,NaN,0
0.0231299419,0.001556909061,NaN,NaN,0
0.0231299419,0.001413744991,NaN,NaN,0
0.0231299419,0.00127058092,NaN,NaN,0
0.0231299419,0.00112741685,NaN,NaN,0
0.0231299419,0.0009842528962,NaN,NaN,0
0.0231299419,0.0008410888258,NaN,NaN,0
0.0231299419,0.0006979247555,NaN,NaN,0
0.0231299419,0.0005547606852,NaN,NaN,0
0.0231299419,0.000411596644,NaN,NaN,0
0.0231299419,0.0002684326028,NaN,NaN,0
0.0231299419,0.000125268547,NaN,NaN,0
0.02327310666,0.01916608773,NaN,NaN,0
0.02327310666,0.01902292296,NaN,NaN,0
0.02327310666,0.01887976006,NaN,NaN,0
0.02327310666,0.01873659529,NaN,NaN,0
0.02327310666,0.01859343052,NaN,NaN,0
0.02327310666,0.01845026761,NaN,NaN,0
0.02327310666,0.01830710284,NaN,NaN,0
0.02327310666,0.01816393808,NaN,NaN,0
0.02327310666,0.01802077517,NaN,NaN,0
0.02327310666,0.0178776104,NaN,NaN,0
0.02327310666,0.01773444749,NaN,NaN,0
0.02327310666,0.01759128273,NaN,NaN,0
0.02327310666,0.01744811796,NaN,NaN,0
0.02327310666,0.01730495505,NaN,NaN,0
0.02327310666,0.01716179028,NaN,NaN,0
0.02327310666,0.01701862738,NaN,NaN,0
0.02327310666,0.01687546261,NaN,NaN,0
0.02327310666,0.01673229784,NaN,NaN,0
0.02327310666,0.01658913493,NaN,NaN,0
0.02327310666,0.01644597016,NaN,NaN,0
0.02327310666,0.01630280726,NaN,NaN,0
0.02327310666,0.01615964249,NaN,NaN,0
0.02327310666,0.01601647772,NaN,NaN,0
0.02327310666,0.01587331481,NaN,NaN,0
0.02327310666,0.01573015004,NaN,NaN,0
0.02327310666,0.01558698621,NaN,NaN,0
0.02327310666,0.01544382237,NaN,NaN,0
0.02327310666,0.0153006576,NaN,NaN,0
0.02327310666,0.01515749376,NaN,NaN,0
0.02327310666,0.01501432993,NaN,NaN,0
0.02327310666,0.01487116609,NaN,NaN,0
0.02327310666,0.01472800132,NaN,NaN,0
0.02327310666,0.01458483748,NaN,NaN,0
0.02327310666,0.01444167364,NaN,NaN,0
0.02327310666,0.01429850981,NaN,NaN,0
0.02327310666,0.01415534597,NaN,NaN,0
0.02327310666,0.0140121812,NaN,NaN,0
0.02327310666,0.01386901736,NaN,NaN,0
0.02327310666,0.01372585353,NaN,NaN,0
0.02327310666,0.01358268969,NaN,NaN,0
0.02327310666,0.01343952492,NaN,NaN,0
0.02327310666,0.01329636108,NaN,NaN,0
0.02327310666,0.01315319724,NaN,NaN,0
0.02327310666,0.01301003341,NaN,NaN,0
0.02327310666,0.01286686864,NaN,NaN,0
0.02327310666,0.0127237048,NaN,NaN,0
0.02327310666,0.01258054096,NaN,NaN,0
0.02327310666,0.01243737713,NaN,NaN,0
0.02327310666,0.01229421329,NaN,NaN,0
0.02327310666,0.01215104852,NaN,NaN,0
0.02327310666,0.01200788468,NaN,NaN,0
0.02327310666,0.01186472084,NaN,NaN,0
0.02327310666,0.01172155701,NaN,NaN,0
0.02327310666,0.01157839224,NaN,NaN,0
0.02327310666,0.0114352284,NaN,NaN,0
0.02327310666,0.01129206456,NaN,NaN,0
0.02327310666,0.01114890072,NaN,NaN,0
0.02327310666,0.01100573689,NaN,NaN,0
0.02327310666,0.01086257212,NaN,NaN,0
0.02327310666,0.01071940828,NaN,NaN,0
0.02327310666,0.01057624444,NaN,NaN,0
0.02327310666,0.01043308061,NaN,NaN,0
0.02327310666,0.01028991584,NaN,NaN,0
0.02327310666,0.010146752,NaN,NaN,0
0.02327310666,0.01000358816,NaN,NaN,0
0.02327310666,0.009860424325,NaN,NaN,0
0.02327310666,0.009717259556,NaN,NaN,0
0.02327310666,0.009574095719,NaN,NaN,0
0.02327310666,0.009430931881,NaN,NaN,0
0.02327310666,0.009287768044,NaN,NaN,0
0.02327310666,0.009144604206,NaN,NaN,0
0.02327310666,0.009001439437,NaN,NaN,0
0.02327310666,0.0088582756,NaN,NaN,0
0.02327310666,0.008715111762,NaN,NaN,0
0.02327310666,0.008571947925,NaN,NaN,0
0.02327310666,0.008428783156,NaN,NaN,0
0.02327310666,0.008285619318,NaN,NaN,0
0.02327310666,0.008142455481,NaN,NaN,0
0.02327310666,0.007999291644,NaN,NaN,0
0.02327310666,0.007856126875,NaN,NaN,0
0.02327310666,0.007712963037,NaN,NaN,0
0.02327310666,0.0075697992,NaN,NaN,0
0.02327310666,0.007426635362,NaN,NaN,0
0.02327310666,0.007283471059,NaN,NaN,0
0.02327310666,0.007140307222,NaN,NaN,0
0.02327310666,0.006997142918,NaN,NaN,0
0.02327310666,0.006853979081,NaN,NaN,0
0.02327310666,0.006710814778,NaN,NaN,0
0.02327310666,0.00656765094,NaN,NaN,0
0.02327310666,0.006424486637,NaN,NaN,0
0.02327310666,0.0062813228,NaN,NaN,0
0.02327310666,0.006138158496,NaN,NaN,0
0.02327310666,0.005994994659,NaN,NaN,0
0.02327310666,0.005851830821,NaN,NaN,0
0.02327310666,0.005708666518,NaN,NaN,0
0.02327310666,0.005565502681,NaN,NaN,0
0.02327310666,0.005422338378,NaN,NaN,0
0.02327310666,0.00527917454,NaN,NaN,0
0.02327310666,0.005136010237,NaN,NaN,0
0.02327310666,0.0049928464,NaN,NaN,0
0.02327310666,0.004849682096,NaN,NaN,0
0.02327310666,0.004706518259,NaN,NaN,0
0.02327310666,0.004563353956,NaN,NaN,0
0.02327310666,0.004420190118,NaN,NaN,0
0.02327310666,0.004277025815,NaN,NaN,0
0.02327310666,0.004133861978,NaN,NaN,0
0.02327310666,0.00399069814,NaN,NaN,0
0.02327310666,0.003847533837,NaN,NaN,0
0.02327310666,0.003704369767,NaN,NaN,0
0.02327310666,0.003561205696,NaN,NaN,0
0.02327310666,0.003418041626,NaN,NaN,0
0.02327310666,0.003274877556,NaN,NaN,0
0.02327310666,0.003131713718,NaN,NaN,0
0.02327310666,0.002988549648,NaN,NaN,0
0.02327310666,0.002845385578,NaN,NaN,0
0.02327310666,0.002702221507,NaN,NaN,0
0.02327310666,0.002559057437,NaN,NaN,0
0.02327310666,0.002415893367,NaN,NaN,0
0.02327310666,0.002272729296,NaN,NaN,0
0.02327310666,0.002129565226,NaN,NaN,0
0.02327310666,0.001986401156,NaN,NaN,0
0.02327310666,0.001843237202,NaN,NaN,0
0.02327310666,0.001700073131,NaN,NaN,0
0.02327310666,0.001556909061,NaN,NaN,0
0.02327310666,0.001413744991,NaN,NaN,0
0.02327310666,0.00127058092,NaN,NaN,0
0.02327310666,0.00112741685,NaN,NaN,0
0.02327310666,0.0009842528962,NaN,NaN,0
0.02327310666,0.0008410888258,NaN,NaN,0
0.02327310666,0.0006979247555,NaN,NaN,0
0.02327310666,0.0005547606852,NaN,NaN,0
0.02327310666,0.000411596644,NaN,NaN,0
0.02327310666,0.0002684326028,NaN,NaN,0
0.02327310666,0.000125268547,NaN,NaN,0
0.02341626957,0.01916608773,NaN,NaN,0
0.02341626957,0.01902292296,NaN,NaN,0
0.02341626957,0.01887976006,NaN,NaN,0
0.02341626957,0.01873659529,NaN,NaN,0
0.02341626957,0.01859343052,NaN,NaN,0
0.02341626957,0.01845026761,NaN,NaN,0
0.02341626957,0.01830710284,NaN,NaN,0
0.02341626957,0.01816393808,NaN,NaN,0
0.02341626957,0.01802077517,NaN,NaN,0
0.02341626957,0.0178776104,NaN,NaN,0
0.02341626957,0.01773444749,NaN,NaN,0
0.02341626957,0.01759128273,NaN,NaN,0
0.02341626957,0.01744811796,NaN,NaN,0
0.02341626957,0.01730495505,NaN,NaN,0
0.02341626957,0.01716179028,NaN,NaN,0
0.02341626957,0.01701862738,NaN,NaN,0
0.02341626957,0.01687546261,NaN,NaN,0
0.02341626957,0.01673229784,NaN,NaN,0
0.02341626957,0.01658913493,NaN,NaN,0
0.02341626957,0.01644597016,NaN,NaN,0
0.02341626957,0.01630280726,NaN,NaN,0
0.02341626957,0.01615964249,NaN,NaN,0
0.02341626957,0.01601647772,NaN,NaN,0
0.02341626957,0.01587331481,NaN,NaN,0
0.02341626957,0.01573015004,NaN,NaN,0
0.02341626957,0.01558698621,NaN,NaN,0
0.02341626957,0.01544382237,NaN,NaN,0
0.02341626957,0.0153006576,NaN,NaN,0
0.02341626957,0.01515749376,NaN,NaN,0
0.02341626957,0.01501432993,NaN,NaN,0
0.02341626957,0.01487116609,NaN,NaN,0
0.02341626957,0.01472800132,NaN,NaN,0
0.02341626957,0.01458483748,NaN,NaN,0
0.02341626957,0.01444167364,NaN,NaN,0
0.02341626957,0.01429850981,NaN,NaN,0
0.02341626957,0.01415534597,NaN,NaN,0
0.02341626957,0.0140121812,NaN,NaN,0
0.02341626957,0.01386901736,NaN,NaN,0
0.02341626957,0.01372585353,NaN,NaN,0
0.02341626957,0.01358268969,NaN,NaN,0
0.02341626957,0.01343952492,NaN,NaN,0
0.02341626957,0.01329636108,NaN,NaN,0
0.02341626957,0.01315319724,NaN,NaN,0
0.02341626957,0.01301003341,NaN,NaN,0
0.02341626957,0.01286686864,NaN,NaN,0
0.02341626957,0.0127237048,NaN,NaN,0
0.02341626957,0.01258054096,NaN,NaN,0
0.02341626957,0.01243737713,NaN,NaN,0
0.02341626957,0.01229421329,NaN,NaN,0
0.02341626957,0.01215104852,NaN,NaN,0
0.02341626957,0.01200788468,NaN,NaN,0
0.02341626957,0.01186472084,NaN,NaN,0
0.02341626957,0.01172155701,NaN,NaN,0
0.02341626957,0.01157839224,NaN,NaN,0
0.02341626957,0.0114352284,NaN,NaN,0
0.02341626957,0.01129206456,NaN,NaN,0
0.02341626957,0.01114890072,NaN,NaN,0
0.02341626957,0.01100573689,NaN,NaN,0
0.02341626957,0.01086257212,NaN,NaN,0
0.02341626957,0.01071940828,NaN,NaN,0
0.02341626957,0.01057624444,NaN,NaN,0
0.02341626957,0.01043308061,NaN,NaN,0
0.02341626957,0.01028991584,NaN,NaN,0
0.02341626957,0.010146752,NaN,NaN,0
0.02341626957,0.01000358816,NaN,NaN,0
0.02341626957,0.009860424325,NaN,NaN,0
0.02341626957,0.009717259556,NaN,NaN,0
0.02341626957,0.009574095719,NaN,NaN,0
0.02341626957,0.009430931881,NaN,NaN,0
0.02341626957,0.009287768044,NaN,NaN,0
0.02341626957,0.009144604206,NaN,NaN,0
0.02341626957,0.009001439437,NaN,NaN,0
0.02341626957,0.0088582756,NaN,NaN,0
0.02341626957,0.008715111762,NaN,NaN,0
0.02341626957,0.008571947925,NaN,NaN,0
0.02341626957,0.008428783156,NaN,NaN,0
0.02341626957,0.008285619318,NaN,NaN,0
0.02341626957,0.008142455481,NaN,NaN,0
0.02341626957,0.007999291644,NaN,NaN,0
0.02341626957,0.007856126875,NaN,NaN,0
0.02341626957,0.007712963037,NaN,NaN,0
0.02341626957,0.0075697992,NaN,NaN,0
0.02341626957,0.007426635362,NaN,NaN,0
0.02341626957,0.007283471059,NaN,NaN,0
0.02341626957,0.007140307222,NaN,NaN,0
0.02341626957,0.006997142918,NaN,NaN,0
0.02341626957,0.006853979081,NaN,NaN,0
0.02341626957,0.006710814778,NaN,NaN,0
0.02341626957,0.00656765094,NaN,NaN,0
0.02341626957,0.006424486637,NaN,NaN,0
0.02341626957,0.0062813228,NaN,NaN,0
0.02341626957,0.006138158496,NaN,NaN,0
0.02341626957,0.005994994659,NaN,NaN,0
0.02341626957,0.005851830821,NaN,NaN,0
0.02341626957,0.005708666518,NaN,NaN,0
0.02341626957,0.005565502681,NaN,NaN,0
0.02341626957,0.005422338378,NaN,NaN,0
0.02341626957,0.00527917454,NaN,NaN,0
0.02341626957,0.005136010237,NaN,NaN,0
0.02341626957,0.0049928464,NaN,NaN,0
0.02341626957,0.004849682096,NaN,NaN,0
0.02341626957,0.004706518259,NaN,NaN,0
0.02341626957,0.004563353956,NaN,NaN,0
0.02341626957,0.004420190118,NaN,NaN,0
0.02341626957,0.004277025815,NaN,NaN,0
0.02341626957,0.004133861978,NaN,NaN,0
0.02341626957,0.00399069814,NaN,NaN,0
0.02341626957,0.003847533837,NaN,NaN,0
0.02341626957,0.003704369767,NaN,NaN,0
0.02341626957,0.003561205696,NaN,NaN,0
0.02341626957,0.003418041626,NaN,NaN,0
0.02341626957,0.003274877556,NaN,NaN,0
0.02341626957,0.003131713718,NaN,NaN,0
0.02341626957,0.002988549648,NaN,NaN,0
0.02341626957,0.002845385578,NaN,NaN,0
0.02341626957,0.002702221507,NaN,NaN,0
0.02341626957,0.002559057437,NaN,NaN,0
0.02341626957,0.002415893367,NaN,NaN,0
0.02341626957,0.002272729296,NaN,NaN,0
0.02341626957,0.002129565226,NaN,NaN,0
0.02341626957,0.001986401156,NaN,NaN,0
0.02341626957,0.001843237202,NaN,NaN,0
0.02341626957,0.001700073131,NaN,NaN,0
0.02341626957,0.001556909061,NaN,NaN,0
0.02341626957,0.001413744991,NaN,NaN,0
0.02341626957,0.00127058092,NaN,NaN,0
0.02341626957,0.00112741685,NaN,NaN,0
0.02341626957,0.0009842528962,NaN,NaN,0
0.02341626957,0.0008410888258,NaN,NaN,0
0.02341626957,0.0006979247555,NaN,NaN,0
0.02341626957,0.0005547606852,NaN,NaN,0
0.02341626957,0.000411596644,NaN,NaN,0
0.02341626957,0.0002684326028,NaN,NaN,0
0.02341626957,0.000125268547,NaN,NaN,0
0.02355943434,0.01916608773,NaN,NaN,0
0.02355943434,0.01902292296,NaN,NaN,0
0.02355943434,0.01887976006,NaN,NaN,0
0.02355943434,0.01873659529,NaN,NaN,0
0.02355943434,0.01859343052,NaN,NaN,0
0.02355943434,0.01845026761,NaN,NaN,0
0.02355943434,0.01830710284,NaN,NaN,0
0.02355943434,0.01816393808,NaN,NaN,0
0.02355943434,0.01802077517,NaN,NaN,0
0.02355943434,0.0178776104,NaN,NaN,0
0.02355943434,0.01773444749,NaN,NaN,0
0.02355943434,0.01759128273,NaN,NaN,0
0.02355943434,0.01744811796,NaN,NaN,0
0.02355943434,0.01730495505,NaN,NaN,0
0.02355943434,0.01716179028,NaN,NaN,0
0.02355943434,0.01701862738,NaN,NaN,0
0.02355943434,0.01687546261,NaN,NaN,0
0.02355943434,0.01673229784,NaN,NaN,0
0.02355943434,0.01658913493,NaN,NaN,0
0.02355943434,0.01644597016,NaN,NaN,0
0.02355943434,0.01630280726,NaN,NaN,0
0.02355943434,0.01615964249,NaN,NaN,0
0.02355943434,0.01601647772,NaN,NaN,0
0.02355943434,0.01587331481,NaN,NaN,0
0.02355943434,0.01573015004,NaN,NaN,0
0.02355943434,0.01558698621,NaN,NaN,0
0.02355943434,0.01544382237,NaN,NaN,0
0.02355943434,0.0153006576,NaN,NaN,0
0.02355943434,0.01515749376,NaN,NaN,0
0.02355943434,0.01501432993,NaN,NaN,0
0.02355943434,0.01487116609,NaN,NaN,0
0.02355943434,0.01472800132,NaN,NaN,0
0.02355943434,0.01458483748,NaN,NaN,0
0.02355943434,0.01444167364,NaN,NaN,0
0.02355943434,0.01429850981,NaN,NaN,0
0.02355943434,0.01415534597,NaN,NaN,0
0.02355943434,0.0140121812,NaN,NaN,0
0.02355943434,0.01386901736,NaN,NaN,0
0.02355943434,0.01372585353,NaN,NaN,0
0.02355943434,0.01358268969,NaN,NaN,0
0.02355943434,0.01343952492,NaN,NaN,0
0.02355943434,0.01329636108,NaN,NaN,0
0.02355943434,0.01315319724,NaN,NaN,0
0.02355943434,0.01301003341,NaN,NaN,0
0.02355943434,0.01286686864,NaN,NaN,0
0.02355943434,0.0127237048,NaN,NaN,0
0.02355943434,0.01258054096,NaN,NaN,0
0.02355943434,0.01243737713,NaN,NaN,0
0.02355943434,0.01229421329,NaN,NaN,0
0.02355943434,0.01215104852,NaN,NaN,0
0.02355943434,0.01200788468,NaN,NaN,0
0.02355943434,0.01186472084,NaN,NaN,0
0.02355943434,0.01172155701,NaN,NaN,0
0.02355943434,0.01157839224,NaN,NaN,0
0.02355943434,0.0114352284,NaN,NaN,0
0.02355943434,0.01129206456,NaN,NaN,0
0.02355943434,0.01114890072,NaN,NaN,0
0.02355943434,0.01100573689,NaN,NaN,0
0.02355943434,0.01086257212,NaN,NaN,0
0.02355943434,0.01071940828,NaN,NaN,0
0.02355943434,0.01057624444,NaN,NaN,0
0.02355943434,0.01043308061,NaN,NaN,0
0.02355943434,0.01028991584,NaN,NaN,0
0.02355943434,0.010146752,NaN,NaN,0
0.02355943434,0.01000358816,NaN,NaN,0
0.02355943434,0.009860424325,NaN,NaN,0
0.02355943434,0.009717259556,NaN,NaN,0
0.02355943434,0.009574095719,NaN,NaN,0
0.02355943434,0.009430931881,NaN,NaN,0
0.02355943434,0.009287768044,NaN,NaN,0
0.02355943434,0.009144604206,NaN,NaN,0
0.02355943434,0.009001439437,NaN,NaN,0
0.02355943434,0.0088582756,NaN,NaN,0
0.02355943434,0.008715111762,NaN,NaN,0
0.02355943434,0.008571947925,NaN,NaN,0
0.02355943434,0.008428783156,NaN,NaN,0
0.02355943434,0.008285619318,NaN,NaN,0
0.02355943434,0.008142455481,NaN,NaN,0
0.02355943434,0.007999291644,NaN,NaN,0
0.02355943434,0.007856126875,NaN,NaN,0
0.02355943434,0.007712963037,NaN,NaN,0
0.02355943434,0.0075697992,NaN,NaN,0
0.02355943434,0.007426635362,NaN,NaN,0
0.02355943434,0.007283471059,NaN,NaN,0
0.02355943434,0.007140307222,NaN,NaN,0
0.02355943434,0.006997142918,NaN,NaN,0
0.02355943434,0.006853979081,NaN,NaN,0
0.02355943434,0.006710814778,NaN,NaN,0
0.02355943434,0.00656765094,NaN,NaN,0
0.02355943434,0.006424486637,NaN,NaN,0
0.02355943434,0.0062813228,NaN,NaN,0
0.02355943434,0.006138158496,NaN,NaN,0
0.02355943434,0.005994994659,NaN,NaN,0
0.02355943434,0.005851830821,NaN,NaN,0
0.02355943434,0.005708666518,NaN,NaN,0
0.02355943434,0.005565502681,NaN,NaN,0
0.02355943434,0.005422338378,NaN,NaN,0
0.02355943434,0.00527917454,NaN,NaN,0
0.02355943434,0.005136010237,NaN,NaN,0
0.02355943434,0.0049928464,NaN,NaN,0
0.02355943434,0.004849682096,NaN,NaN,0
0.02355943434,0.004706518259,NaN,NaN,0
0.02355943434,0.004563353956,NaN,NaN,0
0.02355943434,0.004420190118,NaN,NaN,0
0.02355943434,0.004277025815,NaN,NaN,0
0.02355943434,0.004133861978,NaN,NaN,0
0.02355943434,0.00399069814,NaN,NaN,0
0.02355943434,0.003847533837,NaN,NaN,0
0.02355943434,0.003704369767,NaN,NaN,0
0.02355943434,0.003561205696,NaN,NaN,0
0.02355943434,0.003418041626,NaN,NaN,0
0.02355943434,0.003274877556,NaN,NaN,0
0.02355943434,0.003131713718,NaN,NaN,0
0.02355943434,0.002988549648,NaN,NaN,0
0.02355943434,0.002845385578,NaN,NaN,0
0.02355943434,0.002702221507,NaN,NaN,0
0.02355943434,0.002559057437,NaN,NaN,0
0.02355943434,0.002415893367,NaN,NaN,0
0.02355943434,0.002272729296,NaN,NaN,0
0.02355943434,0.002129565226,NaN,NaN,0
0.02355943434,0.001986401156,NaN,NaN,0
0.02355943434,0.001843237202,NaN,NaN,0
0.02355943434,0.001700073131,NaN,NaN,0
0.02355943434,0.001556909061,NaN,NaN,0
0.02355943434,0.001413744991,NaN,NaN,0
0.02355943434,0.00127058092,NaN,NaN,0
0.02355943434,0.00112741685,NaN,NaN,0
0.02355943434,0.0009842528962,NaN,NaN,0
0.02355943434,0.0008410888258,NaN,NaN,0
0.02355943434,0.0006979247555,NaN,NaN,0
0.02355943434,0.0005547606852,NaN,NaN,0
0.02355943434,0.000411596644,NaN,NaN,0
0.02355943434,0.0002684326028,NaN,NaN,0
0.02355943434,0.000125268547,NaN,NaN,0
0.02370259911,0.01916608773,NaN,NaN,0
0.02370259911,0.01902292296,NaN,NaN,0
0.02370259911,0.01887976006,NaN,NaN,0
0.02370259911,0.01873659529,NaN,NaN,0
0.02370259911,0.01859343052,NaN,NaN,0
0.02370259911,0.01845026761,NaN,NaN,0
0.02370259911,0.01830710284,NaN,NaN,0
0.02370259911,0.01816393808,NaN,NaN,0
0.02370259911,0.01802077517,NaN,NaN,0
0.02370259911,0.0178776104,NaN,NaN,0
0.02370259911,0.01773444749,NaN,NaN,0
0.02370259911,0.01759128273,NaN,NaN,0
0.02370259911,0.01744811796,NaN,NaN,0
0.02370259911,0.01730495505,NaN,NaN,0
0.02370259911,0.01716179028,NaN,NaN,0
0.02370259911,0.01701862738,NaN,NaN,0
0.02370259911,0.01687546261,NaN,NaN,0
0.02370259911,0.01673229784,NaN,NaN,0
0.02370259911,0.01658913493,NaN,NaN,0
0.02370259911,0.01644597016,NaN,NaN,0
0.02370259911,0.01630280726,NaN,NaN,0
0.02370259911,0.01615964249,NaN,NaN,0
0.02370259911,0.01601647772,NaN,NaN,0
0.02370259911,0.01587331481,NaN,NaN,0
0.02370259911,0.01573015004,NaN,NaN,0
0.02370259911,0.01558698621,NaN,NaN,0
0.02370259911,0.01544382237,NaN,NaN,0
0.02370259911,0.0153006576,NaN,NaN,0
0.02370259911,0.01515749376,NaN,NaN,0
0.02370259911,0.01501432993,NaN,NaN,0
0.02370259911,0.01487116609,NaN,NaN,0
0.02370259911,0.01472800132,NaN,NaN,0
0.02370259911,0.01458483748,NaN,NaN,0
0.02370259911,0.01444167364,NaN,NaN,0
0.02370259911,0.01429850981,NaN,NaN,0
0.02370259911,0.01415534597,NaN,NaN,0
0.02370259911,0.0140121812,NaN,NaN,0
0.02370259911,0.01386901736,NaN,NaN,0
0.02370259911,0.01372585353,NaN,NaN,0
0.02370259911,0.01358268969,NaN,NaN,0
0.02370259911,0.01343952492,NaN,NaN,0
0.02370259911,0.01329636108,NaN,NaN,0
0.02370259911,0.01315319724,NaN,NaN,0
0.02370259911,0.01301003341,NaN,NaN,0
0.02370259911,0.01286686864,NaN,NaN,0
0.02370259911,0.0127237048,NaN,NaN,0
0.02370259911,0.01258054096,NaN,NaN,0
0.02370259911,0.01243737713,NaN,NaN,0
0.02370259911,0.01229421329,NaN,NaN,0
0.02370259911,0.01215104852,NaN,NaN,0
0.02370259911,0.01200788468,NaN,NaN,0
0.02370259911,0.01186472084,NaN,NaN,0
0.02370259911,0.01172155701,NaN,NaN,0
0.02370259911,0.01157839224,NaN,NaN,0
0.02370259911,0.0114352284,NaN,NaN,0
0.02370259911,0.01129206456,NaN,NaN,0
0.02370259911,0.01114890072,NaN,NaN,0
0.02370259911,0.01100573689,NaN,NaN,0
0.02370259911,0.01086257212,NaN,NaN,0
0.02370259911,0.01071940828,NaN,NaN,0
0.02370259911,0.01057624444,NaN,NaN,0
0.02370259911,0.01043308061,NaN,NaN,0
0.02370259911,0.01028991584,NaN,NaN,0
0.02370259911,0.010146752,NaN,NaN,0
0.02370259911,0.01000358816,NaN,NaN,0
0.02370259911,0.009860424325,NaN,NaN,0
0.02370259911,0.009717259556,NaN,NaN,0
0.02370259911,0.009574095719,NaN,NaN,0
0.02370259911,0.009430931881,NaN,NaN,0
0.02370259911,0.009287768044,NaN,NaN,0
0.02370259911,0.009144604206,NaN,NaN,0
0.02370259911,0.009001439437,NaN,NaN,0
0.02370259911,0.0088582756,NaN,NaN,0
0.02370259911,0.008715111762,NaN,NaN,0
0.02370259911,0.008571947925,NaN,NaN,0
0.02370259911,0.008428783156,NaN,NaN,0
0.02370259911,0.008285619318,NaN,NaN,0
0.02370259911,0.008142455481,NaN,NaN,0
0.02370259911,0.007999291644,NaN,NaN,0
0.02370259911,0.007856126875,NaN,NaN,0
0.02370259911,0.007712963037,NaN,NaN,0
0.02370259911,0.0075697992,NaN,NaN,0
0.02370259911,0.007426635362,NaN,NaN,0
0.02370259911,0.007283471059,NaN,NaN,0
0.02370259911,0.007140307222,NaN,NaN,0
0.02370259911,0.006997142918,NaN,NaN,0
0.02370259911,0.006853979081,NaN,NaN,0
0.02370259911,0.006710814778,NaN,NaN,0
0.02370259911,0.00656765094,NaN,NaN,0
0.02370259911,0.006424486637,NaN,NaN,0
0.02370259911,0.0062813228,NaN,NaN,0
0.02370259911,0.006138158496,NaN,NaN,0
0.02370259911,0.005994994659,NaN,NaN,0
0.02370259911,0.005851830821,NaN,NaN,0
0.02370259911,0.005708666518,NaN,NaN,0
0.02370259911,0.005565502681,NaN,NaN,0
0.02370259911,0.005422338378,NaN,NaN,0
0.02370259911,0.00527917454,NaN,NaN,0
0.02370259911,0.005136010237,NaN,NaN,0
0.02370259911,0.0049928464,NaN,NaN,0
0.02370259911,0.004849682096,NaN,NaN,0
0.02370259911,0.004706518259,NaN,NaN,0
0.02370259911,0.004563353956,NaN,NaN,0
0.02370259911,0.004420190118,NaN,NaN,0
0.02370259911,0.004277025815,NaN,NaN,0
0.02370259911,0.004133861978,NaN,NaN,0
0.02370259911,0.00399069814,NaN,NaN,0
0.02370259911,0.003847533837,NaN,NaN,0
0.02370259911,0.003704369767,NaN,NaN,0
0.02370259911,0.003561205696,NaN,NaN,0
0.02370259911,0.003418041626,NaN,NaN,0
0.02370259911,0.003274877556,NaN,NaN,0
0.02370259911,0.003131713718,NaN,NaN,0
0.02370259911,0.002988549648,NaN,NaN,0
0.02370259911,0.002845385578,NaN,NaN,0
0.02370259911,0.002702221507,NaN,NaN,0
0.02370259911,0.002559057437,NaN,NaN,0
0.02370259911,0.002415893367,NaN,NaN,0
0.02370259911,0.002272729296,NaN,NaN,0
0.02370259911,0.002129565226,NaN,NaN,0
0.02370259911,0.001986401156,NaN,NaN,0
0.02370259911,0.001843237202,NaN,NaN,0
0.02370259911,0.001700073131,NaN,NaN,0
0.02370259911,0.001556909061,NaN,NaN,0
0.02370259911,0.001413744991,NaN,NaN,0
0.02370259911,0.00127058092,NaN,NaN,0
0.02370259911,0.00112741685,NaN,NaN,0
0.02370259911,0.0009842528962,NaN,NaN,0
0.02370259911,0.0008410888258,NaN,NaN,0
0.02370259911,0.0006979247555,NaN,NaN,0
0.02370259911,0.0005547606852,NaN,NaN,0
0.02370259911,0.000411596644,NaN,NaN,0
0.02370259911,0.0002684326028,NaN,NaN,0
0.02370259911,0.000125268547,NaN,NaN,0
0.02384576201,0.01916608773,NaN,NaN,0
0.02384576201,0.01902292296,NaN,NaN,0
0.02384576201,0.01887976006,NaN,NaN,0
0.02384576201,0.01873659529,NaN,NaN,0
0.02384576201,0.01859343052,NaN,NaN,0
0.02384576201,0.01845026761,NaN,NaN,0
0.02384576201,0.01830710284,NaN,NaN,0
0.02384576201,0.01816393808,NaN,NaN,0
0.02384576201,0.01802077517,NaN,NaN,0
0.02384576201,0.0178776104,NaN,NaN,0
0.02384576201,0.01773444749,NaN,NaN,0
0.02384576201,0.01759128273,NaN,NaN,0
0.02384576201,0.01744811796,NaN,NaN,0
0.02384576201,0.01730495505,NaN,NaN,0
0.02384576201,0.01716179028,NaN,NaN,0
0.02384576201,0.01701862738,NaN,NaN,0
0.02384576201,0.01687546261,NaN,NaN,0
0.02384576201,0.01673229784,NaN,NaN,0
0.02384576201,0.01658913493,NaN,NaN,0
0.02384576201,0.01644597016,NaN,NaN,0
0.02384576201,0.01630280726,NaN,NaN,0
0.02384576201,0.01615964249,NaN,NaN,0
0.02384576201,0.01601647772,NaN,NaN,0
0.02384576201,0.01587331481,NaN,NaN,0
0.02384576201,0.01573015004,NaN,NaN,0
0.02384576201,0.01558698621,NaN,NaN,0
0.02384576201,0.01544382237,NaN,NaN,0
0.02384576201,0.0153006576,NaN,NaN,0
0.02384576201,0.01515749376,NaN,NaN,0
0.02384576201,0.01501432993,NaN,NaN,0
0.02384576201,0.01487116609,NaN,NaN,0
0.02384576201,0.01472800132,NaN,NaN,0
0.02384576201,0.01458483748,NaN,NaN,0
0.02384576201,0.01444167364,NaN,NaN,0
0.02384576201,0.01429850981,NaN,NaN,0
0.02384576201,0.01415534597,NaN,NaN,0
0.02384576201,0.0140121812,NaN,NaN,0
0.02384576201,0.01386901736,NaN,NaN,0
0.02384576201,0.01372585353,NaN,NaN,0
0.02384576201,0.01358268969,NaN,NaN,0
0.02384576201,0.01343952492,NaN,NaN,0
0.02384576201,0.01329636108,NaN,NaN,0
0.02384576201,0.01315319724,NaN,NaN,0
0.02384576201,0.01301003341,NaN,NaN,0
0.02384576201,0.01286686864,NaN,NaN,0
0.02384576201,0.0127237048,NaN,NaN,0
0.02384576201,0.01258054096,NaN,NaN,0
0.02384576201,0.01243737713,NaN,NaN,0
0.02384576201,0.01229421329,NaN,NaN,0
0.02384576201,0.01215104852,NaN,NaN,0
0.02384576201,0.01200788468,NaN,NaN,0
0.02384576201,0.01186472084,NaN,NaN,0
0.02384576201,0.01172155701,NaN,NaN,0
0.02384576201,0.01157839224,NaN,NaN,0
0.02384576201,0.0114352284,NaN,NaN,0
0.02384576201,0.01129206456,NaN,NaN,0
0.02384576201,0.01114890072,NaN,NaN,0
0.02384576201,0.01100573689,NaN,NaN,0
0.02384576201,0.01086257212,NaN,NaN,0
0.02384576201,0.01071940828,NaN,NaN,0
0.02384576201,0.01057624444,NaN,NaN,0
0.02384576201,0.01043308061,NaN,NaN,0
0.02384576201,0.01028991584,NaN,NaN,0
0.02384576201,0.010146752,NaN,NaN,0
0.02384576201,0.01000358816,NaN,NaN,0
0.02384576201,0.009860424325,NaN,NaN,0
0.02384576201,0.009717259556,NaN,NaN,0
0.02384576201,0.009574095719,NaN,NaN,0
0.02384576201,0.009430931881,NaN,NaN,0
0.02384576201,0.009287768044,NaN,NaN,0
0.02384576201,0.009144604206,NaN,NaN,0
0.02384576201,0.009001439437,NaN,NaN,0
0.02384576201,0.0088582756,NaN,NaN,0
0.02384576201,0.008715111762,NaN,NaN,0
0.02384576201,0.008571947925,NaN,NaN,0
0.02384576201,0.008428783156,NaN,NaN,0
0.02384576201,0.008285619318,NaN,NaN,0
0.02384576201,0.008142455481,NaN,NaN,0
0.02384576201,0.007999291644,NaN,NaN,0
0.02384576201,0.007856126875,NaN,NaN,0
0.02384576201,0.007712963037,NaN,NaN,0
0.02384576201,0.0075697992,NaN,NaN,0
0.02384576201,0.007426635362,NaN,NaN,0
0.02384576201,0.007283471059,NaN,NaN,0
0.02384576201,0.007140307222,NaN,NaN,0
0.02384576201,0.006997142918,NaN,NaN,0
0.02384576201,0.006853979081,NaN,NaN,0
0.02384576201,0.006710814778,NaN,NaN,0
0.02384576201,0.00656765094,NaN,NaN,0
0.02384576201,0.006424486637,NaN,NaN,0
0.02384576201,0.0062813228,NaN,NaN,0
0.02384576201,0.006138158496,NaN,NaN,0
0.02384576201,0.005994994659,NaN,NaN,0
0.02384576201,0.005851830821,NaN,NaN,0
0.02384576201,0.005708666518,NaN,NaN,0
0.02384576201,0.005565502681,NaN,NaN,0
0.02384576201,0.005422338378,NaN,NaN,0
0.02384576201,0.00527917454,NaN,NaN,0
0.02384576201,0.005136010237,NaN,NaN,0
0.02384576201,0.0049928464,NaN,NaN,0
0.02384576201,0.004849682096,NaN,NaN,0
0.02384576201,0.004706518259,NaN,NaN,0
0.02384576201,0.004563353956,NaN,NaN,0
0.02384576201,0.004420190118,NaN,NaN,0
0.02384576201,0.004277025815,NaN,NaN,0
0.02384576201,0.004133861978,NaN,NaN,0
0.02384576201,0.00399069814,NaN,NaN,0
0.02384576201,0.003847533837,NaN,NaN,0
0.02384576201,0.003704369767,NaN,NaN,0
0.02384576201,0.003561205696,NaN,NaN,0
0.02384576201,0.003418041626,NaN,NaN,0
0.02384576201,0.003274877556,NaN,NaN,0
0.02384576201,0.003131713718,NaN,NaN,0
0.02384576201,0.002988549648,NaN,NaN,0
0.02384576201,0.002845385578,NaN,NaN,0
0.02384576201,0.002702221507,NaN,NaN,0
0.02384576201,0.002559057437,NaN,NaN,0
0.02384576201,0.002415893367,NaN,NaN,0
0.02384576201,0.002272729296,NaN,NaN,0
0.02384576201,0.002129565226,NaN,NaN,0
0.02384576201,0.001986401156,NaN,NaN,0
0.02384576201,0.001843237202,NaN,NaN,0
0.02384576201,0.001700073131,NaN,NaN,0
0.02384576201,0.001556909061,NaN,NaN,0
0.02384576201,0.001413744991,NaN,NaN,0
0.02384576201,0.00127058092,NaN,NaN,0
0.02384576201,0.00112741685,NaN,NaN,0
0.02384576201,0.0009842528962,NaN,NaN,0
0.02384576201,0.0008410888258,NaN,NaN,0
0.02384576201,0.0006979247555,NaN,NaN,0
0.02384576201,0.0005547606852,NaN,NaN,0
0.02384576201,0.000411596644,NaN,NaN,0
0.02384576201,0.0002684326028,NaN,NaN,0
0.02384576201,0.000125268547,NaN,NaN,0
0.02398892678,0.01916608773,NaN,NaN,0
0.02398892678,0.01902292296,NaN,NaN,0
0.02398892678,0.01887976006,NaN,NaN,0
0.02398892678,0.01873659529,NaN,NaN,0
0.02398892678,0.01859343052,NaN,NaN,0
0.02398892678,0.01845026761,NaN,NaN,0
0.02398892678,0.01830710284,NaN,NaN,0
0.02398892678,0.01816393808,NaN,NaN,0
0.02398892678,0.01802077517,NaN,NaN,0
0.02398892678,0.0178776104,NaN,NaN,0
0.02398892678,0.01773444749,NaN,NaN,0
0.02398892678,0.01759128273,NaN,NaN,0
0.02398892678,0.01744811796,NaN,NaN,0
0.02398892678,0.01730495505,NaN,NaN,0
0.02398892678,0.01716179028,NaN,NaN,0
0.02398892678,0.01701862738,NaN,NaN,0
0.02398892678,0.01687546261,NaN,NaN,0
0.02398892678,0.01673229784,NaN,NaN,0
0.02398892678,0.01658913493,NaN,NaN,0
0.02398892678,0.01644597016,NaN,NaN,0
0.02398892678,0.01630280726,NaN,NaN,0
0.02398892678,0.01615964249,NaN,NaN,0
0.02398892678,0.01601647772,NaN,NaN,0
0.02398892678,0.01587331481,NaN,NaN,0
0.02398892678,0.01573015004,NaN,NaN,0
0.02398892678,0.01558698621,NaN,NaN,0
0.02398892678,0.01544382237,NaN,NaN,0
0.02398892678,0.0153006576,NaN,NaN,0
0.02398892678,0.01515749376,NaN,NaN,0
0.02398892678,0.01501432993,NaN,NaN,0
0.02398892678,0.01487116609,NaN,NaN,0
0.02398892678,0.01472800132,NaN,NaN,0
0.02398892678,0.01458483748,NaN,NaN,0
0.02398892678,0.01444167364,NaN,NaN,0
0.02398892678,0.01429850981,NaN,NaN,0
0.02398892678,0.01415534597,NaN,NaN,0
0.02398892678,0.0140121812,NaN,NaN,0
0.02398892678,0.01386901736,NaN,NaN,0
0.02398892678,0.01372585353,NaN,NaN,0
0.02398892678,0.01358268969,NaN,NaN,0
0.02398892678,0.01343952492,NaN,NaN,0
0.02398892678,0.01329636108,NaN,NaN,0
0.02398892678,0.01315319724,NaN,NaN,0
0.02398892678,0.01301003341,NaN,NaN,0
0.02398892678,0.01286686864,NaN,NaN,0
0.02398892678,0.0127237048,NaN,NaN,0
0.02398892678,0.01258054096,NaN,NaN,0
0.02398892678,0.01243737713,NaN,NaN,0
0.02398892678,0.01229421329,NaN,NaN,0
0.02398892678,0.01215104852,NaN,NaN,0
0.02398892678,0.01200788468,NaN,NaN,0
0.02398892678,0.01186472084,NaN,NaN,0
0.02398892678,0.01172155701,NaN,NaN,0
0.02398892678,0.01157839224,NaN,NaN,0
0.02398892678,0.0114352284,NaN,NaN,0
0.02398892678,0.01129206456,NaN,NaN,0
0.02398892678,0.01114890072,NaN,NaN,0
0.02398892678,0.01100573689,NaN,NaN,0
0.02398892678,0.01086257212,NaN,NaN,0
0.02398892678,0.01071940828,NaN,NaN,0
0.02398892678,0.01057624444,NaN,NaN,0
0.02398892678,0.01043308061,NaN,NaN,0
0.02398892678,0.01028991584,NaN,NaN,0
0.02398892678,0.010146752,NaN,NaN,0
0.02398892678,0.01000358816,NaN,NaN,0
0.02398892678,0.009860424325,NaN,NaN,0
0.02398892678,0.009717259556,NaN,NaN,0
0.02398892678,0.009574095719,NaN,NaN,0
0.02398892678,0.009430931881,NaN,NaN,0
0.02398892678,0.009287768044,NaN,NaN,0
0.02398892678,0.009144604206,NaN,NaN,0
0.02398892678,0.009001439437,NaN,NaN,0
0.02398892678,0.0088582756,NaN,NaN,0
0.02398892678,0.008715111762,NaN,NaN,0
0.02398892678,0.008571947925,NaN,NaN,0
0.02398892678,0.008428783156,NaN,NaN,0
0.02398892678,0.008285619318,NaN,NaN,0
0.02398892678,0.008142455481,NaN,NaN,0
0.02398892678,0.007999291644,NaN,NaN,0
0.02398892678,0.007856126875,NaN,NaN,0
0.02398892678,0.007712963037,NaN,NaN,0
0.02398892678,0.0075697992,NaN,NaN,0
0.02398892678,0.007426635362,NaN,NaN,0
0.02398892678,0.007283471059,NaN,NaN,0
0.02398892678,0.007140307222,NaN,NaN,0
0.02398892678,0.006997142918,NaN,NaN,0
0.02398892678,0.006853979081,NaN,NaN,0
0.02398892678,0.006710814778,NaN,NaN,0
0.02398892678,0.00656765094,NaN,NaN,0
0.02398892678,0.006424486637,NaN,NaN,0
0.02398892678,0.0062813228,NaN,NaN,0
0.02398892678,0.006138158496,NaN,NaN,0
0.02398892678,0.005994994659,NaN,NaN,0
0.02398892678,0.005851830821,NaN,NaN,0
0.02398892678,0.005708666518,NaN,NaN,0
0.02398892678,0.005565502681,NaN,NaN,0
0.02398892678,0.005422338378,NaN,NaN,0
0.02398892678,0.00527917454,NaN,NaN,0
0.02398892678,0.005136010237,NaN,NaN,0
0.02398892678,0.0049928464,NaN,NaN,0
0.02398892678,0.004849682096,NaN,NaN,0
0.02398892678,0.004706518259,NaN,NaN,0
0.02398892678,0.004563353956,NaN,NaN,0
0.02398892678,0.004420190118,NaN,NaN,0
0.02398892678,0.004277025815,NaN,NaN,0
0.02398892678,0.004133861978,NaN,NaN,0
0.02398892678,0.00399069814,NaN,NaN,0
0.02398892678,0.003847533837,NaN,NaN,0
0.02398892678,0.003704369767,NaN,NaN,0
0.02398892678,0.003561205696,NaN,NaN,0
0.02398892678,0.003418041626,NaN,NaN,0
0.02398892678,0.003274877556,NaN,NaN,0
0.02398892678,0.003131713718,NaN,NaN,0
0.02398892678,0.002988549648,NaN,NaN,0
0.02398892678,0.002845385578,NaN,NaN,0
0.02398892678,0.002702221507,NaN,NaN,0
0.02398892678,0.002559057437,NaN,NaN,0
0.02398892678,0.002415893367,NaN,NaN,0
0.02398892678,0.002272729296,NaN,NaN,0
0.02398892678,0.002129565226,NaN,NaN,0
0.02398892678,0.001986401156,NaN,NaN,0
0.02398892678,0.001843237202,NaN,NaN,0
0.02398892678,0.001700073131,NaN,NaN,0
0.02398892678,0.001556909061,NaN,NaN,0
0.02398892678,0.001413744991,NaN,NaN,0
0.02398892678,0.00127058092,NaN,NaN,0
0.02398892678,0.00112741685,NaN,NaN,0
0.02398892678,0.0009842528962,NaN,NaN,0
0.02398892678,0.0008410888258,NaN,NaN,0
0.02398892678,0.0006979247555,NaN,NaN,0
0.02398892678,0.0005547606852,NaN,NaN,0
0.02398892678,0.000411596644,NaN,NaN,0
0.02398892678,0.0002684326028,NaN,NaN,0
0.02398892678,0.000125268547,NaN,NaN,0
0.02413208969,0.01916608773,NaN,NaN,0
0.02413208969,0.01902292296,NaN,NaN,0
0.02413208969,0.01887976006,NaN,NaN,0
0.02413208969,0.01873659529,NaN,NaN,0
0.02413208969,0.01859343052,NaN,NaN,0
0.02413208969,0.01845026761,NaN,NaN,0
0.02413208969,0.01830710284,NaN,NaN,0
0.02413208969,0.01816393808,NaN,NaN,0
0.02413208969,0.01802077517,NaN,NaN,0
0.02413208969,0.0178776104,NaN,NaN,0
0.02413208969,0.01773444749,NaN,NaN,0
0.02413208969,0.01759128273,NaN,NaN,0
0.02413208969,0.01744811796,NaN,NaN,0
0.02413208969,0.01730495505,NaN,NaN,0
0.02413208969,0.01716179028,NaN,NaN,0
0.02413208969,0.01701862738,NaN,NaN,0
0.02413208969,0.01687546261,NaN,NaN,0
0.02413208969,0.01673229784,NaN,NaN,0
0.02413208969,0.01658913493,NaN,NaN,0
0.02413208969,0.01644597016,NaN,NaN,0
0.02413208969,0.01630280726,NaN,NaN,0
0.02413208969,0.01615964249,NaN,NaN,0
0.02413208969,0.01601647772,NaN,NaN,0
0.02413208969,0.01587331481,NaN,NaN,0
0.02413208969,0.01573015004,NaN,NaN,0
0.02413208969,0.01558698621,NaN,NaN,0
0.02413208969,0.01544382237,NaN,NaN,0
0.02413208969,0.0153006576,NaN,NaN,0
0.02413208969,0.01515749376,NaN,NaN,0
0.02413208969,0.01501432993,NaN,NaN,0
0.02413208969,0.01487116609,NaN,NaN,0
0.02413208969,0.01472800132,NaN,NaN,0
0.02413208969,0.01458483748,NaN,NaN,0
0.02413208969,0.01444167364,NaN,NaN,0
0.02413208969,0.01429850981,NaN,NaN,0
0.02413208969,0.01415534597,NaN,NaN,0
0.02413208969,0.0140121812,NaN,NaN,0
0.02413208969,0.01386901736,NaN,NaN,0
0.02413208969,0.01372585353,NaN,NaN,0
0.02413208969,0.01358268969,NaN,NaN,0
0.02413208969,0.01343952492,NaN,NaN,0
0.02413208969,0.01329636108,NaN,NaN,0
0.02413208969,0.01315319724,NaN,NaN,0
0.02413208969,0.01301003341,NaN,NaN,0
0.02413208969,0.01286686864,NaN,NaN,0
0.02413208969,0.0127237048,NaN,NaN,0
0.02413208969,0.01258054096,NaN,NaN,0
0.02413208969,0.01243737713,NaN,NaN,0
0.02413208969,0.01229421329,NaN,NaN,0
0.02413208969,0.01215104852,NaN,NaN,0
0.02413208969,0.01200788468,NaN,NaN,0
0.02413208969,0.01186472084,NaN,NaN,0
0.02413208969,0.01172155701,NaN,NaN,0
0.02413208969,0.01157839224,NaN,NaN,0
0.02413208969,0.0114352284,NaN,NaN,0
0.02413208969,0.01129206456,NaN,NaN,0
0.02413208969,0.01114890072,NaN,NaN,0
0.02413208969,0.01100573689,NaN,NaN,0
0.02413208969,0.01086257212,NaN,NaN,0
0.02413208969,0.01071940828,NaN,NaN,0
0.02413208969,0.01057624444,NaN,NaN,0
0.02413208969,0.01043308061,NaN,NaN,0
0.02413208969,0.01028991584,NaN,NaN,0
0.02413208969,0.010146752,NaN,NaN,0
0.02413208969,0.01000358816,NaN,NaN,0
0.02413208969,0.009860424325,NaN,NaN,0
0.02413208969,0.009717259556,NaN,NaN,0
0.02413208969,0.009574095719,NaN,NaN,0
0.02413208969,0.009430931881,NaN,NaN,0
0.02413208969,0.009287768044,NaN,NaN,0
0.02413208969,0.009144604206,NaN,NaN,0
0.02413208969,0.009001439437,NaN,NaN,0
0.02413208969,0.0088582756,NaN,NaN,0
0.02413208969,0.008715111762,NaN,NaN,0
0.02413208969,0.008571947925,NaN,NaN,0
0.02413208969,0.008428783156,NaN,NaN,0
0.02413208969,0.008285619318,NaN,NaN,0
0.02413208969,0.008142455481,NaN,NaN,0
0.02413208969,0.007999291644,NaN,NaN,0
0.02413208969,0.007856126875,NaN,NaN,0
0.02413208969,0.007712963037,NaN,NaN,0
0.02413208969,0.0075697992,NaN,NaN,0
0.02413208969,0.007426635362,NaN,NaN,0
0.02413208969,0.007283471059,NaN,NaN,0
0.02413208969,0.007140307222,NaN,NaN,0
0.02413208969,0.006997142918,NaN,NaN,0
0.02413208969,0.006853979081,NaN,NaN,0
0.02413208969,0.006710814778,NaN,NaN,0
0.02413208969,0.00656765094,NaN,NaN,0
0.02413208969,0.006424486637,NaN,NaN,0
0.02413208969,0.0062813228,NaN,NaN,0
0.02413208969,0.006138158496,NaN,NaN,0
0.02413208969,0.005994994659,NaN,NaN,0
0.02413208969,0.005851830821,NaN,NaN,0
0.02413208969,0.005708666518,NaN,NaN,0
0.02413208969,0.005565502681,NaN,NaN,0
0.02413208969,0.005422338378,NaN,NaN,0
0.02413208969,0.00527917454,NaN,NaN,0
0.02413208969,0.005136010237,NaN,NaN,0
0.02413208969,0.0049928464,NaN,NaN,0
0.02413208969,0.004849682096,NaN,NaN,0
0.02413208969,0.004706518259,NaN,NaN,0
0.02413208969,0.004563353956,NaN,NaN,0
0.02413208969,0.004420190118,NaN,NaN,0
0.02413208969,0.004277025815,NaN,NaN,0
0.02413208969,0.004133861978,NaN,NaN,0
0.02413208969,0.00399069814,NaN,NaN,0
0.02413208969,0.003847533837,NaN,NaN,0
0.02413208969,0.003704369767,NaN,NaN,0
0.02413208969,0.003561205696,NaN,NaN,0
0.02413208969,0.003418041626,NaN,NaN,0
0.02413208969,0.003274877556,NaN,NaN,0
0.02413208969,0.003131713718,NaN,NaN,0
0.02413208969,0.002988549648,NaN,NaN,0
0.02413208969,0.002845385578,NaN,NaN,0
0.02413208969,0.002702221507,NaN,NaN,0
0.02413208969,0.002559057437,NaN,NaN,0
0.02413208969,0.002415893367,NaN,NaN,0
0.02413208969,0.002272729296,NaN,NaN,0
0.02413208969,0.002129565226,NaN,NaN,0
0.02413208969,0.001986401156,NaN,NaN,0
0.02413208969,0.001843237202,NaN,NaN,0
0.02413208969,0.001700073131,NaN,NaN,0
0.02413208969,0.001556909061,NaN,NaN,0
0.02413208969,0.001413744991,NaN,NaN,0
0.02413208969,0.00127058092,NaN,NaN,0
0.02413208969,0.00112741685,NaN,NaN,0
0.02413208969,0.0009842528962,NaN,NaN,0
0.02413208969,0.0008410888258,NaN,NaN,0
0.02413208969,0.0006979247555,NaN,NaN,0
0.02413208969,0.0005547606852,NaN,NaN,0
0.02413208969,0.000411596644,NaN,NaN,0
0.02413208969,0.0002684326028,NaN,NaN,0
0.02413208969,0.000125268547,NaN,NaN,0
0.02427525446,0.01916608773,NaN,NaN,0
0.02427525446,0.01902292296,NaN,NaN,0
0.02427525446,0.01887976006,NaN,NaN,0
0.02427525446,0.01873659529,NaN,NaN,0
0.02427525446,0.01859343052,NaN,NaN,0
0.02427525446,0.01845026761,NaN,NaN,0
0.02427525446,0.01830710284,NaN,NaN,0
0.02427525446,0.01816393808,NaN,NaN,0
0.02427525446,0.01802077517,NaN,NaN,0
0.02427525446,0.0178776104,NaN,NaN,0
0.02427525446,0.01773444749,NaN,NaN,0
0.02427525446,0.01759128273,NaN,NaN,0
0.02427525446,0.01744811796,NaN,NaN,0
0.02427525446,0.01730495505,NaN,NaN,0
0.02427525446,0.01716179028,NaN,NaN,0
0.02427525446,0.01701862738,NaN,NaN,0
0.02427525446,0.01687546261,NaN,NaN,0
0.02427525446,0.01673229784,NaN,NaN,0
0.02427525446,0.01658913493,NaN,NaN,0
0.02427525446,0.01644597016,NaN,NaN,0
0.02427525446,0.01630280726,NaN,NaN,0
0.02427525446,0.01615964249,NaN,NaN,0
0.02427525446,0.01601647772,NaN,NaN,0
0.02427525446,0.01587331481,NaN,NaN,0
0.02427525446,0.01573015004,NaN,NaN,0
0.02427525446,0.01558698621,NaN,NaN,0
0.02427525446,0.01544382237,NaN,NaN,0
0.02427525446,0.0153006576,NaN,NaN,0
0.02427525446,0.01515749376,NaN,NaN,0
0.02427525446,0.01501432993,NaN,NaN,0
0.02427525446,0.01487116609,NaN,NaN,0
0.02427525446,0.01472800132,NaN,NaN,0
0.02427525446,0.01458483748,NaN,NaN,0
0.02427525446,0.01444167364,NaN,NaN,0
0.02427525446,0.01429850981,NaN,NaN,0
0.02427525446,0.01415534597,NaN,NaN,0
0.02427525446,0.0140121812,NaN,NaN,0
0.02427525446,0.01386901736,NaN,NaN,0
0.02427525446,0.01372585353,NaN,NaN,0
0.02427525446,0.01358268969,NaN,NaN,0
0.02427525446,0.01343952492,NaN,NaN,0
0.02427525446,0.01329636108,NaN,NaN,0
0.02427525446,0.01315319724,NaN,NaN,0
0.02427525446,0.01301003341,NaN,NaN,0
0.02427525446,0.01286686864,NaN,NaN,0
0.02427525446,0.0127237048,NaN,NaN,0
0.02427525446,0.01258054096,NaN,NaN,0
0.02427525446,0.01243737713,NaN,NaN,0
0.02427525446,0.01229421329,NaN,NaN,0
0.02427525446,0.01215104852,NaN,NaN,0
0.02427525446,0.01200788468,NaN,NaN,0
0.02427525446,0.01186472084,NaN,NaN,0
0.02427525446,0.01172155701,NaN,NaN,0
0.02427525446,0.01157839224,NaN,NaN,0
0.02427525446,0.0114352284,NaN,NaN,0
0.02427525446,0.01129206456,NaN,NaN,0
0.02427525446,0.01114890072,NaN,NaN,0
0.02427525446,0.01100573689,NaN,NaN,0
0.02427525446,0.01086257212,NaN,NaN,0
0.02427525446,0.01071940828,NaN,NaN,0
0.02427525446,0.01057624444,NaN,NaN,0
0.02427525446,0.01043308061,NaN,NaN,0
0.02427525446,0.01028991584,NaN,NaN,0
0.02427525446,0.010146752,NaN,NaN,0
0.02427525446,0.01000358816,NaN,NaN,0
0.02427525446,0.009860424325,NaN,NaN,0
0.02427525446,0.009717259556,NaN,NaN,0
0.02427525446,0.009574095719,NaN,NaN,0
0.02427525446,0.009430931881,NaN,NaN,0
0.02427525446,0.009287768044,NaN,NaN,0
0.02427525446,0.009144604206,NaN,NaN,0
0.02427525446,0.009001439437,NaN,NaN,0
0.02427525446,0.0088582756,NaN,NaN,0
0.02427525446,0.008715111762,NaN,NaN,0
0.02427525446,0.008571947925,NaN,NaN,0
0.02427525446,0.008428783156,NaN,NaN,0
0.02427525446,0.008285619318,NaN,NaN,0
0.02427525446,0.008142455481,NaN,NaN,0
0.02427525446,0.007999291644,NaN,NaN,0
0.02427525446,0.007856126875,NaN,NaN,0
0.02427525446,0.007712963037,NaN,NaN,0
0.02427525446,0.0075697992,NaN,NaN,0
0.02427525446,0.007426635362,NaN,NaN,0
0.02427525446,0.007283471059,NaN,NaN,0
0.02427525446,0.007140307222,NaN,NaN,0
0.02427525446,0.006997142918,NaN,NaN,0
0.02427525446,0.006853979081,NaN,NaN,0
0.02427525446,0.006710814778,NaN,NaN,0
0.02427525446,0.00656765094,NaN,NaN,0
0.02427525446,0.006424486637,NaN,NaN,0
0.02427525446,0.0062813228,NaN,NaN,0
0.02427525446,0.006138158496,NaN,NaN,0
0.02427525446,0.005994994659,NaN,NaN,0
0.02427525446,0.005851830821,NaN,NaN,0
0.02427525446,0.005708666518,NaN,NaN,0
0.02427525446,0.005565502681,NaN,NaN,0
0.02427525446,0.005422338378,NaN,NaN,0
0.02427525446,0.00527917454,NaN,NaN,0
0.02427525446,0.005136010237,NaN,NaN,0
0.02427525446,0.0049928464,NaN,NaN,0
0.02427525446,0.004849682096,NaN,NaN,0
0.02427525446,0.004706518259,NaN,NaN,0
0.02427525446,0.004563353956,NaN,NaN,0
0.02427525446,0.004420190118,NaN,NaN,0
0.02427525446,0.004277025815,NaN,NaN,0
0.02427525446,0.004133861978,NaN,NaN,0
0.02427525446,0.00399069814,NaN,NaN,0
0.02427525446,0.003847533837,NaN,NaN,0
0.02427525446,0.003704369767,NaN,NaN,0
0.02427525446,0.003561205696,NaN,NaN,0
0.02427525446,0.003418041626,NaN,NaN,0
0.02427525446,0.003274877556,NaN,NaN,0
0.02427525446,0.003131713718,NaN,NaN,0
0.02427525446,0.002988549648,NaN,NaN,0
0.02427525446,0.002845385578,NaN,NaN,0
0.02427525446,0.002702221507,NaN,NaN,0
0.02427525446,0.002559057437,NaN,NaN,0
0.02427525446,0.002415893367,NaN,NaN,0
0.02427525446,0.002272729296,NaN,NaN,0
0.02427525446,0.002129565226,NaN,NaN,0
0.02427525446,0.001986401156,NaN,NaN,0
0.02427525446,0.001843237202,NaN,NaN,0
0.02427525446,0.001700073131,NaN,NaN,0
0.02427525446,0.001556909061,NaN,NaN,0
0.02427525446,0.001413744991,NaN,NaN,0
0.02427525446,0.00127058092,NaN,NaN,0
0.02427525446,0.00112741685,NaN,NaN,0
0.02427525446,0.0009842528962,NaN,NaN,0
0.02427525446,0.0008410888258,NaN,NaN,0
0.02427525446,0.0006979247555,NaN,NaN,0
0.02427525446,0.0005547606852,NaN,NaN,0
0.02427525446,0.000411596644,NaN,NaN,0
0.02427525446,0.0002684326028,NaN,NaN,0
0.02427525446,0.000125268547,NaN,NaN,0
0.02441841923,0.01916608773,NaN,NaN,0
0.02441841923,0.01902292296,NaN,NaN,0
0.02441841923,0.01887976006,NaN,NaN,0
0.02441841923,0.01873659529,NaN,NaN,0
0.02441841923,0.01859343052,NaN,NaN,0
0.02441841923,0.01845026761,NaN,NaN,0
0.02441841923,0.01830710284,NaN,NaN,0
0.02441841923,0.01816393808,NaN,NaN,0
0.02441841923,0.01802077517,NaN,NaN,0
0.02441841923,0.0178776104,NaN,NaN,0
0.02441841923,0.01773444749,NaN,NaN,0
0.02441841923,0.01759128273,NaN,NaN,0
0.02441841923,0.01744811796,NaN,NaN,0
0.02441841923,0.01730495505,NaN,NaN,0
0.02441841923,0.01716179028,NaN,NaN,0
0.02441841923,0.01701862738,NaN,NaN,0
0.02441841923,0.01687546261,NaN,NaN,0
0.02441841923,0.01673229784,NaN,NaN,0
0.02441841923,0.01658913493,NaN,NaN,0
0.02441841923,0.01644597016,NaN,NaN,0
0.02441841923,0.01630280726,NaN,NaN,0
0.02441841923,0.01615964249,NaN,NaN,0
0.02441841923,0.01601647772,NaN,NaN,0
0.02441841923,0.01587331481,NaN,NaN,0
0.02441841923,0.01573015004,NaN,NaN,0
0.02441841923,0.01558698621,NaN,NaN,0
0.02441841923,0.01544382237,NaN,NaN,0
0.02441841923,0.0153006576,NaN,NaN,0
0.02441841923,0.01515749376,NaN,NaN,0
0.02441841923,0.01501432993,NaN,NaN,0
0.02441841923,0.01487116609,NaN,NaN,0
0.02441841923,0.01472800132,NaN,NaN,0
0.02441841923,0.01458483748,NaN,NaN,0
0.02441841923,0.01444167364,NaN,NaN,0
0.02441841923,0.01429850981,NaN,NaN,0
0.02441841923,0.01415534597,NaN,NaN,0
0.02441841923,0.0140121812,NaN,NaN,0
0.02441841923,0.01386901736,NaN,NaN,0
0.02441841923,0.01372585353,NaN,NaN,0
0.02441841923,0.01358268969,NaN,NaN,0
0.02441841923,0.01343952492,NaN,NaN,0
0.02441841923,0.01329636108,NaN,NaN,0
0.02441841923,0.01315319724,NaN,NaN,0
0.02441841923,0.01301003341,NaN,NaN,0
0.02441841923,0.01286686864,NaN,NaN,0
0.02441841923,0.0127237048,NaN,NaN,0
0.02441841923,0.01258054096,NaN,NaN,0
0.02441841923,0.01243737713,NaN,NaN,0
0.02441841923,0.01229421329,NaN,NaN,0
0.02441841923,0.01215104852,NaN,NaN,0
0.02441841923,0.01200788468,NaN,NaN,0
0.02441841923,0.01186472084,NaN,NaN,0
0.02441841923,0.01172155701,NaN,NaN,0
0.02441841923,0.01157839224,NaN,NaN,0
0.02441841923,0.0114352284,NaN,NaN,0
0.02441841923,0.01129206456,NaN,NaN,0
0.02441841923,0.01114890072,NaN,NaN,0
0.02441841923,0.01100573689,NaN,NaN,0
0.02441841923,0.01086257212,NaN,NaN,0
0.02441841923,0.01071940828,NaN,NaN,0
0.02441841923,0.01057624444,NaN,NaN,0
0.02441841923,0.01043308061,NaN,NaN,0
0.02441841923,0.01028991584,NaN,NaN,0
0.02441841923,0.010146752,NaN,NaN,0
0.02441841923,0.01000358816,NaN,NaN,0
0.02441841923,0.009860424325,NaN,NaN,0
0.02441841923,0.009717259556,NaN,NaN,0
0.02441841923,0.009574095719,NaN,NaN,0
0.02441841923,0.009430931881,NaN,NaN,0
0.02441841923,0.009287768044,NaN,NaN,0
0.02441841923,0.009144604206,NaN,NaN,0
0.02441841923,0.009001439437,NaN,NaN,0
0.02441841923,0.0088582756,NaN,NaN,0
0.02441841923,0.008715111762,NaN,NaN,0
0.02441841923,0.008571947925,NaN,NaN,0
0.02441841923,0.008428783156,NaN,NaN,0
0.02441841923,0.008285619318,NaN,NaN,0
0.02441841923,0.008142455481,NaN,NaN,0
0.02441841923,0.007999291644,NaN,NaN,0
0.02441841923,0.007856126875,NaN,NaN,0
0.02441841923,0.007712963037,NaN,NaN,0
0.02441841923,0.0075697992,NaN,NaN,0
0.02441841923,0.007426635362,NaN,NaN,0
0.02441841923,0.007283471059,NaN,NaN,0
0.02441841923,0.007140307222,NaN,NaN,0
0.02441841923,0.006997142918,NaN,NaN,0
0.02441841923,0.006853979081,NaN,NaN,0
0.02441841923,0.006710814778,NaN,NaN,0
0.02441841923,0.00656765094,NaN,NaN,0
0.02441841923,0.006424486637,NaN,NaN,0
0.02441841923,0.0062813228,NaN,NaN,0
0.02441841923,0.006138158496,NaN,NaN,0
0.02441841923,0.005994994659,NaN,NaN,0
0.02441841923,0.005851830821,NaN,NaN,0
0.02441841923,0.005708666518,NaN,NaN,0
0.02441841923,0.005565502681,NaN,NaN,0
0.02441841923,0.005422338378,NaN,NaN,0
0.02441841923,0.00527917454,NaN,NaN,0
0.02441841923,0.005136010237,NaN,NaN,0
0.02441841923,0.0049928464,NaN,NaN,0
0.02441841923,0.004849682096,NaN,NaN,0
0.02441841923,0.004706518259,NaN,NaN,0
0.02441841923,0.004563353956,NaN,NaN,0
0.02441841923,0.004420190118,NaN,NaN,0
0.02441841923,0.004277025815,NaN,NaN,0
0.02441841923,0.004133861978,NaN,NaN,0
0.02441841923,0.00399069814,NaN,NaN,0
0.02441841923,0.003847533837,NaN,NaN,0
0.02441841923,0.003704369767,NaN,NaN,0
0.02441841923,0.003561205696,NaN,NaN,0
0.02441841923,0.003418041626,NaN,NaN,0
0.02441841923,0.003274877556,NaN,NaN,0
0.02441841923,0.003131713718,NaN,NaN,0
0.02441841923,0.002988549648,NaN,NaN,0
0.02441841923,0.002845385578,NaN,NaN,0
0.02441841923,0.002702221507,NaN,NaN,0
0.02441841923,0.002559057437,NaN,NaN,0
0.02441841923,0.002415893367,NaN,NaN,0
0.02441841923,0.002272729296,NaN,NaN,0
0.02441841923,0.002129565226,NaN,NaN,0
0.02441841923,0.001986401156,NaN,NaN,0
0.02441841923,0.001843237202,NaN,NaN,0
0.02441841923,0.001700073131,NaN,NaN,0
0.02441841923,0.001556909061,NaN,NaN,0
0.02441841923,0.001413744991,NaN,NaN,0
0.02441841923,0.00127058092,NaN,NaN,0
0.02441841923,0.00112741685,NaN,NaN,0
0.02441841923,0.0009842528962,NaN,NaN,0
0.02441841923,0.0008410888258,NaN,NaN,0
0.02441841923,0.0006979247555,NaN,NaN,0
0.02441841923,0.0005547606852,NaN,NaN,0
0.02441841923,0.000411596644,NaN,NaN,0
0.02441841923,0.0002684326028,NaN,NaN,0
0.02441841923,0.000125268547,NaN,NaN,0
0.02456158213,0.01916608773,NaN,NaN,0
0.02456158213,0.01902292296,NaN,NaN,0
0.02456158213,0.01887976006,NaN,NaN,0
0.02456158213,0.01873659529,NaN,NaN,0
0.02456158213,0.01859343052,NaN,NaN,0
0.02456158213,0.01845026761,NaN,NaN,0
0.02456158213,0.01830710284,NaN,NaN,0
0.02456158213,0.01816393808,NaN,NaN,0
0.02456158213,0.01802077517,NaN,NaN,0
0.02456158213,0.0178776104,NaN,NaN,0
0.02456158213,0.01773444749,NaN,NaN,0
0.02456158213,0.01759128273,NaN,NaN,0
0.02456158213,0.01744811796,NaN,NaN,0
0.02456158213,0.01730495505,NaN,NaN,0
0.02456158213,0.01716179028,NaN,NaN,0
0.02456158213,0.01701862738,NaN,NaN,0
0.02456158213,0.01687546261,NaN,NaN,0
0.02456158213,0.01673229784,NaN,NaN,0
0.02456158213,0.01658913493,NaN,NaN,0
0.02456158213,0.01644597016,NaN,NaN,0
0.02456158213,0.01630280726,NaN,NaN,0
0.02456158213,0.01615964249,NaN,NaN,0
0.02456158213,0.01601647772,NaN,NaN,0
0.02456158213,0.01587331481,NaN,NaN,0
0.02456158213,0.01573015004,NaN,NaN,0
0.02456158213,0.01558698621,NaN,NaN,0
0.02456158213,0.01544382237,NaN,NaN,0
0.02456158213,0.0153006576,NaN,NaN,0
0.02456158213,0.01515749376,NaN,NaN,0
0.02456158213,0.01501432993,NaN,NaN,0
0.02456158213,0.01487116609,NaN,NaN,0
0.02456158213,0.01472800132,NaN,NaN,0
0.02456158213,0.01458483748,NaN,NaN,0
0.02456158213,0.01444167364,NaN,NaN,0
0.02456158213,0.01429850981,NaN,NaN,0
0.02456158213,0.01415534597,NaN,NaN,0
0.02456158213,0.0140121812,NaN,NaN,0
0.02456158213,0.01386901736,NaN,NaN,0
0.02456158213,0.01372585353,NaN,NaN,0
0.02456158213,0.01358268969,NaN,NaN,0
0.02456158213,0.01343952492,NaN,NaN,0
0.02456158213,0.01329636108,NaN,NaN,0
0.02456158213,0.01315319724,NaN,NaN,0
0.02456158213,0.01301003341,NaN,NaN,0
0.02456158213,0.01286686864,NaN,NaN,0
0.02456158213,0.0127237048,NaN,NaN,0
0.02456158213,0.01258054096,NaN,NaN,0
0.02456158213,0.01243737713,NaN,NaN,0
0.02456158213,0.01229421329,NaN,NaN,0
0.02456158213,0.01215104852,NaN,NaN,0
0.02456158213,0.01200788468,NaN,NaN,0
0.02456158213,0.01186472084,NaN,NaN,0
0.02456158213,0.01172155701,NaN,NaN,0
0.02456158213,0.01157839224,NaN,NaN,0
0.02456158213,0.0114352284,NaN,NaN,0
0.02456158213,0.01129206456,NaN,NaN,0
0.02456158213,0.01114890072,NaN,NaN,0
0.02456158213,0.01100573689,NaN,NaN,0
0.02456158213,0.01086257212,NaN,NaN,0
0.02456158213,0.01071940828,NaN,NaN,0
0.02456158213,0.01057624444,NaN,NaN,0
0.02456158213,0.01043308061,NaN,NaN,0
0.02456158213,0.01028991584,NaN,NaN,0
0.02456158213,0.010146752,NaN,NaN,0
0.02456158213,0.01000358816,NaN,NaN,0
0.02456158213,0.009860424325,NaN,NaN,0
0.02456158213,0.009717259556,NaN,NaN,0
0.02456158213,0.009574095719,NaN,NaN,0
0.02456158213,0.009430931881,NaN,NaN,0
0.02456158213,0.009287768044,NaN,NaN,0
0.02456158213,0.009144604206,NaN,NaN,0
0.02456158213,0.009001439437,NaN,NaN,0
0.02456158213,0.0088582756,NaN,NaN,0
0.02456158213,0.008715111762,NaN,NaN,0
0.02456158213,0.008571947925,NaN,NaN,0
0.02456158213,0.008428783156,NaN,NaN,0
0.02456158213,0.008285619318,NaN,NaN,0
0.02456158213,0.008142455481,NaN,NaN,0
0.02456158213,0.007999291644,NaN,NaN,0
0.02456158213,0.007856126875,NaN,NaN,0
0.02456158213,0.007712963037,NaN,NaN,0
0.02456158213,0.0075697992,NaN,NaN,0
0.02456158213,0.007426635362,NaN,NaN,0
0.02456158213,0.007283471059,NaN,NaN,0
0.02456158213,0.007140307222,NaN,NaN,0
0.02456158213,0.006997142918,NaN,NaN,0
0.02456158213,0.006853979081,NaN,NaN,0
0.02456158213,0.006710814778,NaN,NaN,0
0.02456158213,0.00656765094,NaN,NaN,0
0.02456158213,0.006424486637,NaN,NaN,0
0.02456158213,0.0062813228,NaN,NaN,0
0.02456158213,0.006138158496,NaN,NaN,0
0.02456158213,0.005994994659,NaN,NaN,0
0.02456158213,0.005851830821,NaN,NaN,0
0.02456158213,0.005708666518,NaN,NaN,0
0.02456158213,0.005565502681,NaN,NaN,0
0.02456158213,0.005422338378,NaN,NaN,0
0.02456158213,0.00527917454,NaN,NaN,0
0.02456158213,0.005136010237,NaN,NaN,0
0.02456158213,0.0049928464,NaN,NaN,0
0.02456158213,0.004849682096,NaN,NaN,0
0.02456158213,0.004706518259,NaN,NaN,0
0.02456158213,0.004563353956,NaN,NaN,0
0.02456158213,0.004420190118,NaN,NaN,0
0.02456158213,0.004277025815,NaN,NaN,0
0.02456158213,0.004133861978,NaN,NaN,0
0.02456158213,0.00399069814,NaN,NaN,0
0.02456158213,0.003847533837,NaN,NaN,0
0.02456158213,0.003704369767,NaN,NaN,0
0.02456158213,0.003561205696,NaN,NaN,0
0.02456158213,0.003418041626,NaN,NaN,0
0.02456158213,0.003274877556,NaN,NaN,0
0.02456158213,0.003131713718,NaN,NaN,0
0.02456158213,0.002988549648,NaN,NaN,0
0.02456158213,0.002845385578,NaN,NaN,0
0.02456158213,0.002702221507,NaN,NaN,0
0.02456158213,0.002559057437,NaN,NaN,0
0.02456158213,0.002415893367,NaN,NaN,0
0.02456158213,0.002272729296,NaN,NaN,0
0.02456158213,0.002129565226,NaN,NaN,0
0.02456158213,0.001986401156,NaN,NaN,0
0.02456158213,0.001843237202,NaN,NaN,0
0.02456158213,0.001700073131,NaN,NaN,0
0.02456158213,0.001556909061,NaN,NaN,0
0.02456158213,0.001413744991,NaN,NaN,0
0.02456158213,0.00127058092,NaN,NaN,0
0.02456158213,0.00112741685,NaN,NaN,0
0.02456158213,0.0009842528962,NaN,NaN,0
0.02456158213,0.0008410888258,NaN,NaN,0
0.02456158213,0.0006979247555,NaN,NaN,0
0.02456158213,0.0005547606852,NaN,NaN,0
0.02456158213,0.000411596644,NaN,NaN,0
0.02456158213,0.0002684326028,NaN,NaN,0
0.02456158213,0.000125268547,NaN,NaN,0
0.0247047469,0.01916608773,NaN,NaN,0
0.0247047469,0.01902292296,NaN,NaN,0
0.0247047469,0.01887976006,NaN,NaN,0
0.0247047469,0.01873659529,NaN,NaN,0
0.0247047469,0.01859343052,NaN,NaN,0
0.0247047469,0.01845026761,NaN,NaN,0
0.0247047469,0.01830710284,NaN,NaN,0
0.0247047469,0.01816393808,NaN,NaN,0
0.0247047469,0.01802077517,NaN,NaN,0
0.0247047469,0.0178776104,NaN,NaN,0
0.0247047469,0.01773444749,NaN,NaN,0
0.0247047469,0.01759128273,NaN,NaN,0
0.0247047469,0.01744811796,NaN,NaN,0
0.0247047469,0.01730495505,NaN,NaN,0
0.0247047469,0.01716179028,NaN,NaN,0
0.0247047469,0.01701862738,NaN,NaN,0
0.0247047469,0.01687546261,NaN,NaN,0
0.0247047469,0.01673229784,NaN,NaN,0
0.0247047469,0.01658913493,NaN,NaN,0
0.0247047469,0.01644597016,NaN,NaN,0
0.0247047469,0.01630280726,NaN,NaN,0
0.0247047469,0.01615964249,NaN,NaN,0
0.0247047469,0.01601647772,NaN,NaN,0
0.0247047469,0.01587331481,NaN,NaN,0
0.0247047469,0.01573015004,NaN,NaN,0
0.0247047469,0.01558698621,NaN,NaN,0
0.0247047469,0.01544382237,NaN,NaN,0
0.0247047469,0.0153006576,NaN,NaN,0
0.0247047469,0.01515749376,NaN,NaN,0
0.0247047469,0.01501432993,NaN,NaN,0
0.0247047469,0.01487116609,NaN,NaN,0
0.0247047469,0.01472800132,NaN,NaN,0
0.0247047469,0.01458483748,NaN,NaN,0
0.0247047469,0.01444167364,NaN,NaN,0
0.0247047469,0.01429850981,NaN,NaN,0
0.0247047469,0.01415534597,NaN,NaN,0
0.0247047469,0.0140121812,NaN,NaN,0
0.0247047469,0.01386901736,NaN,NaN,0
0.0247047469,0.01372585353,NaN,NaN,0
0.0247047469,0.01358268969,NaN,NaN,0
0.0247047469,0.01343952492,NaN,NaN,0
0.0247047469,0.01329636108,NaN,NaN,0
0.0247047469,0.01315319724,NaN,NaN,0
0.0247047469,0.01301003341,NaN,NaN,0
0.0247047469,0.01286686864,NaN,NaN,0
0.0247047469,0.0127237048,NaN,NaN,0
0.0247047469,0.01258054096,NaN,NaN,0
0.0247047469,0.01243737713,NaN,NaN,0
0.0247047469,0.01229421329,NaN,NaN,0
0.0247047469,0.01215104852,NaN,NaN,0
0.0247047469,0.01200788468,NaN,NaN,0
0.0247047469,0.01186472084,NaN,NaN,0
0.0247047469,0.01172155701,NaN,NaN,0
0.0247047469,0.01157839224,NaN,NaN,0
0.0247047469,0.0114352284,NaN,NaN,0
0.0247047469,0.01129206456,NaN,NaN,0
0.0247047469,0.01114890072,NaN,NaN,0
0.0247047469,0.01100573689,NaN,NaN,0
0.0247047469,0.01086257212,NaN,NaN,0
0.0247047469,0.01071940828,NaN,NaN,0
0.0247047469,0.01057624444,NaN,NaN,0
0.0247047469,0.01043308061,NaN,NaN,0
0.0247047469,0.01028991584,NaN,NaN,0
0.0247047469,0.010146752,NaN,NaN,0
0.0247047469,0.01000358816,NaN,NaN,0
0.0247047469,0.009860424325,NaN,NaN,0
0.0247047469,0.009717259556,NaN,NaN,0
0.0247047469,0.009574095719,NaN,NaN,0
0.0247047469,0.009430931881,NaN,NaN,0
0.0247047469,0.009287768044,NaN,NaN,0
0.0247047469,0.009144604206,NaN,NaN,0
0.0247047469,0.009001439437,NaN,NaN,0
0.0247047469,0.0088582756,NaN,NaN,0
0.0247047469,0.008715111762,NaN,NaN,0
0.0247047469,0.008571947925,NaN,NaN,0
0.0247047469,0.008428783156,NaN,NaN,0
0.0247047469,0.008285619318,NaN,NaN,0
0.0247047469,0.008142455481,NaN,NaN,0
0.0247047469,0.007999291644,NaN,NaN,0
0.0247047469,0.007856126875,NaN,NaN,0
0.0247047469,0.007712963037,NaN,NaN,0
0.0247047469,0.0075697992,NaN,NaN,0
0.0247047469,0.007426635362,NaN,NaN,0
0.0247047469,0.007283471059,NaN,NaN,0
0.0247047469,0.007140307222,NaN,NaN,0
0.0247047469,0.006997142918,NaN,NaN,0
0.0247047469,0.006853979081,NaN,NaN,0
0.0247047469,0.006710814778,NaN,NaN,0
0.0247047469,0.00656765094,NaN,NaN,0
0.0247047469,0.006424486637,NaN,NaN,0
0.0247047469,0.0062813228,NaN,NaN,0
0.0247047469,0.006138158496,NaN,NaN,0
0.0247047469,0.005994994659,NaN,NaN,0
0.0247047469,0.005851830821,NaN,NaN,0
0.0247047469,0.005708666518,NaN,NaN,0
0.0247047469,0.005565502681,NaN,NaN,0
0.0247047469,0.005422338378,NaN,NaN,0
0.0247047469,0.00527917454,NaN,NaN,0
0.0247047469,0.005136010237,NaN,NaN,0
0.0247047469,0.0049928464,NaN,NaN,0
0.0247047469,0.004849682096,NaN,NaN,0
0.0247047469,0.004706518259,NaN,NaN,0
0.0247047469,0.004563353956,NaN,NaN,0
0.0247047469,0.004420190118,NaN,NaN,0
0.0247047469,0.004277025815,NaN,NaN,0
0.0247047469,0.004133861978,NaN,NaN,0
0.0247047469,0.00399069814,NaN,NaN,0
0.0247047469,0.003847533837,NaN,NaN,0
0.0247047469,0.003704369767,NaN,NaN,0
0.0247047469,0.003561205696,NaN,NaN,0
0.0247047469,0.003418041626,NaN,NaN,0
0.0247047469,0.003274877556,NaN,NaN,0
0.0247047469,0.003131713718,NaN,NaN,0
0.0247047469,0.002988549648,NaN,NaN,0
0.0247047469,0.002845385578,NaN,NaN,0
0.0247047469,0.002702221507,NaN,NaN,0
0.0247047469,0.002559057437,NaN,NaN,0
0.0247047469,0.002415893367,NaN,NaN,0
0.0247047469,0.002272729296,NaN,NaN,0
0.0247047469,0.002129565226,NaN,NaN,0
0.0247047469,0.001986401156,NaN,NaN,0
0.0247047469,0.001843237202,NaN,NaN,0
0.0247047469,0.001700073131,NaN,NaN,0
0.0247047469,0.001556909061,NaN,NaN,0
0.0247047469,0.001413744991,NaN,NaN,0
0.0247047469,0.00127058092,NaN,NaN,0
0.0247047469,0.00112741685,NaN,NaN,0
0.0247047469,0.0009842528962,NaN,NaN,0
0.0247047469,0.0008410888258,NaN,NaN,0
0.0247047469,0.0006979247555,NaN,NaN,0
0.0247047469,0.0005547606852,NaN,NaN,0
0.0247047469,0.000411596644,NaN,NaN,0
0.0247047469,0.0002684326028,NaN,NaN,0
0.0247047469,0.000125268547,NaN,NaN,0
0.02484790981,0.01916608773,NaN,NaN,0
0.02484790981,0.01902292296,NaN,NaN,0
0.02484790981,0.01887976006,NaN,NaN,0
0.02484790981,0.01873659529,NaN,NaN,0
0.02484790981,0.01859343052,NaN,NaN,0
0.02484790981,0.01845026761,NaN,NaN,0
0.02484790981,0.01830710284,NaN,NaN,0
0.02484790981,0.01816393808,NaN,NaN,0
0.02484790981,0.01802077517,NaN,NaN,0
0.02484790981,0.0178776104,NaN,NaN,0
0.02484790981,0.01773444749,NaN,NaN,0
0.02484790981,0.01759128273,NaN,NaN,0
0.02484790981,0.01744811796,NaN,NaN,0
0.02484790981,0.01730495505,NaN,NaN,0
0.02484790981,0.01716179028,NaN,NaN,0
0.02484790981,0.01701862738,NaN,NaN,0
0.02484790981,0.01687546261,NaN,NaN,0
0.02484790981,0.01673229784,NaN,NaN,0
0.02484790981,0.01658913493,NaN,NaN,0
0.02484790981,0.01644597016,NaN,NaN,0
0.02484790981,0.01630280726,NaN,NaN,0
0.02484790981,0.01615964249,NaN,NaN,0
0.02484790981,0.01601647772,NaN,NaN,0
0.02484790981,0.01587331481,NaN,NaN,0
0.02484790981,0.01573015004,NaN,NaN,0
0.02484790981,0.01558698621,NaN,NaN,0
0.02484790981,0.01544382237,NaN,NaN,0
0.02484790981,0.0153006576,NaN,NaN,0
0.02484790981,0.01515749376,NaN,NaN,0
0.02484790981,0.01501432993,NaN,NaN,0
0.02484790981,0.01487116609,NaN,NaN,0
0.02484790981,0.01472800132,NaN,NaN,0
0.02484790981,0.01458483748,NaN,NaN,0
0.02484790981,0.01444167364,NaN,NaN,0
0.02484790981,0.01429850981,NaN,NaN,0
0.02484790981,0.01415534597,NaN,NaN,0
0.02484790981,0.0140121812,NaN,NaN,0
0.02484790981,0.01386901736,NaN,NaN,0
0.02484790981,0.01372585353,NaN,NaN,0
0.02484790981,0.01358268969,NaN,NaN,0
0.02484790981,0.01343952492,NaN,NaN,0
0.02484790981,0.01329636108,NaN,NaN,0
0.02484790981,0.01315319724,NaN,NaN,0
0.02484790981,0.01301003341,NaN,NaN,0
0.02484790981,0.01286686864,NaN,NaN,0
0.02484790981,0.0127237048,NaN,NaN,0
0.02484790981,0.01258054096,NaN,NaN,0
0.02484790981,0.01243737713,NaN,NaN,0
0.02484790981,0.01229421329,NaN,NaN,0
0.02484790981,0.01215104852,NaN,NaN,0
0.02484790981,0.01200788468,NaN,NaN,0
0.02484790981,0.01186472084,NaN,NaN,0
0.02484790981,0.01172155701,NaN,NaN,0
0.02484790981,0.01157839224,NaN,NaN,0
0.02484790981,0.0114352284,NaN,NaN,0
0.02484790981,0.01129206456,NaN,NaN,0
0.02484790981,0.01114890072,NaN,NaN,0
0.02484790981,0.01100573689,NaN,NaN,0
0.02484790981,0.01086257212,NaN,NaN,0
0.02484790981,0.01071940828,NaN,NaN,0
0.02484790981,0.01057624444,NaN,NaN,0
0.02484790981,0.01043308061,NaN,NaN,0
0.02484790981,0.01028991584,NaN,NaN,0
0.02484790981,0.010146752,NaN,NaN,0
0.02484790981,0.01000358816,NaN,NaN,0
0.02484790981,0.009860424325,NaN,NaN,0
0.02484790981,0.009717259556,NaN,NaN,0
0.02484790981,0.009574095719,NaN,NaN,0
0.02484790981,0.009430931881,NaN,NaN,0
0.02484790981,0.009287768044,NaN,NaN,0
0.02484790981,0.009144604206,NaN,NaN,0
0.02484790981,0.009001439437,NaN,NaN,0
0.02484790981,0.0088582756,NaN,NaN,0
0.02484790981,0.008715111762,NaN,NaN,0
0.02484790981,0.008571947925,NaN,NaN,0
0.02484790981,0.008428783156,NaN,NaN,0
0.02484790981,0.008285619318,NaN,NaN,0
0.02484790981,0.008142455481,NaN,NaN,0
0.02484790981,0.007999291644,NaN,NaN,0
0.02484790981,0.007856126875,NaN,NaN,0
0.02484790981,0.007712963037,NaN,NaN,0
0.02484790981,0.0075697992,NaN,NaN,0
0.02484790981,0.007426635362,NaN,NaN,0
0.02484790981,0.007283471059,NaN,NaN,0
0.02484790981,0.007140307222,NaN,NaN,0
0.02484790981,0.006997142918,NaN,NaN,0
0.02484790981,0.006853979081,NaN,NaN,0
0.02484790981,0.006710814778,NaN,NaN,0
0.02484790981,0.00656765094,NaN,NaN,0
0.02484790981,0.006424486637,NaN,NaN,0
0.02484790981,0.0062813228,NaN,NaN,0
0.02484790981,0.006138158496,NaN,NaN,0
0.02484790981,0.005994994659,NaN,NaN,0
0.02484790981,0.005851830821,NaN,NaN,0
0.02484790981,0.005708666518,NaN,NaN,0
0.02484790981,0.005565502681,NaN,NaN,0
0.02484790981,0.005422338378,NaN,NaN,0
0.02484790981,0.00527917454,NaN,NaN,0
0.02484790981,0.005136010237,NaN,NaN,0
0.02484790981,0.0049928464,NaN,NaN,0
0.02484790981,0.004849682096,NaN,NaN,0
0.02484790981,0.004706518259,NaN,NaN,0
0.02484790981,0.004563353956,NaN,NaN,0
0.02484790981,0.004420190118,NaN,NaN,0
0.02484790981,0.004277025815,NaN,NaN,0
0.02484790981,0.004133861978,NaN,NaN,0
0.02484790981,0.00399069814,NaN,NaN,0
0.02484790981,0.003847533837,NaN,NaN,0
0.02484790981,0.003704369767,NaN,NaN,0
0.02484790981,0.003561205696,NaN,NaN,0
0.02484790981,0.003418041626,NaN,NaN,0
0.02484790981,0.003274877556,NaN,NaN,0
0.02484790981,0.003131713718,NaN,NaN,0
0.02484790981,0.002988549648,NaN,NaN,0
0.02484790981,0.002845385578,NaN,NaN,0
0.02484790981,0.002702221507,NaN,NaN,0
0.02484790981,0.002559057437,NaN,NaN,0
0.02484790981,0.002415893367,NaN,NaN,0
0.02484790981,0.002272729296,NaN,NaN,0
0.02484790981,0.002129565226,NaN,NaN,0
0.02484790981,0.001986401156,NaN,NaN,0
0.02484790981,0.001843237202,NaN,NaN,0
0.02484790981,0.001700073131,NaN,NaN,0
0.02484790981,0.001556909061,NaN,NaN,0
0.02484790981,0.001413744991,NaN,NaN,0
0.02484790981,0.00127058092,NaN,NaN,0
0.02484790981,0.00112741685,NaN,NaN,0
0.02484790981,0.0009842528962,NaN,NaN,0
0.02484790981,0.0008410888258,NaN,NaN,0
0.02484790981,0.0006979247555,NaN,NaN,0
0.02484790981,0.0005547606852,NaN,NaN,0
0.02484790981,0.000411596644,NaN,NaN,0
0.02484790981,0.0002684326028,NaN,NaN,0
0.02484790981,0.000125268547,NaN,NaN,0
0.02499107458,0.01916608773,NaN,NaN,0
0.02499107458,0.01902292296,NaN,NaN,0
0.02499107458,0.01887976006,NaN,NaN,0
0.02499107458,0.01873659529,NaN,NaN,0
0.02499107458,0.01859343052,NaN,NaN,0
0.02499107458,0.01845026761,NaN,NaN,0
0.02499107458,0.01830710284,NaN,NaN,0
0.02499107458,0.01816393808,NaN,NaN,0
0.02499107458,0.01802077517,NaN,NaN,0
0.02499107458,0.0178776104,NaN,NaN,0
0.02499107458,0.01773444749,NaN,NaN,0
0.02499107458,0.01759128273,NaN,NaN,0
0.02499107458,0.01744811796,NaN,NaN,0
0.02499107458,0.01730495505,NaN,NaN,0
0.02499107458,0.01716179028,NaN,NaN,0
0.02499107458,0.01701862738,NaN,NaN,0
0.02499107458,0.01687546261,NaN,NaN,0
0.02499107458,0.01673229784,NaN,NaN,0
0.02499107458,0.01658913493,NaN,NaN,0
0.02499107458,0.01644597016,NaN,NaN,0
0.02499107458,0.01630280726,NaN,NaN,0
0.02499107458,0.01615964249,NaN,NaN,0
0.02499107458,0.01601647772,NaN,NaN,0
0.02499107458,0.01587331481,NaN,NaN,0
0.02499107458,0.01573015004,NaN,NaN,0
0.02499107458,0.01558698621,NaN,NaN,0
0.02499107458,0.01544382237,NaN,NaN,0
0.02499107458,0.0153006576,NaN,NaN,0
0.02499107458,0.01515749376,NaN,NaN,0
0.02499107458,0.01501432993,NaN,NaN,0
0.02499107458,0.01487116609,NaN,NaN,0
0.02499107458,0.01472800132,NaN,NaN,0
0.02499107458,0.01458483748,NaN,NaN,0
0.02499107458,0.01444167364,NaN,NaN,0
0.02499107458,0.01429850981,NaN,NaN,0
0.02499107458,0.01415534597,NaN,NaN,0
0.02499107458,0.0140121812,NaN,NaN,0
0.02499107458,0.01386901736,NaN,NaN,0
0.02499107458,0.01372585353,NaN,NaN,0
0.02499107458,0.01358268969,NaN,NaN,0
0.02499107458,0.01343952492,NaN,NaN,0
0.02499107458,0.01329636108,NaN,NaN,0
0.02499107458,0.01315319724,NaN,NaN,0
0.02499107458,0.01301003341,NaN,NaN,0
0.02499107458,0.01286686864,NaN,NaN,0
0.02499107458,0.0127237048,NaN,NaN,0
0.02499107458,0.01258054096,NaN,NaN,0
0.02499107458,0.01243737713,NaN,NaN,0
0.02499107458,0.01229421329,NaN,NaN,0
0.02499107458,0.01215104852,NaN,NaN,0
0.02499107458,0.01200788468,NaN,NaN,0
0.02499107458,0.01186472084,NaN,NaN,0
0.02499107458,0.01172155701,NaN,NaN,0
0.02499107458,0.01157839224,NaN,NaN,0
0.02499107458,0.0114352284,NaN,NaN,0
0.02499107458,0.01129206456,NaN,NaN,0
0.02499107458,0.01114890072,NaN,NaN,0
0.02499107458,0.01100573689,NaN,NaN,0
0.02499107458,0.01086257212,NaN,NaN,0
0.02499107458,0.01071940828,NaN,NaN,0
0.02499107458,0.01057624444,NaN,NaN,0
0.02499107458,0.01043308061,NaN,NaN,0
0.02499107458,0.01028991584,NaN,NaN,0
0.02499107458,0.010146752,NaN,NaN,0
0.02499107458,0.01000358816,NaN,NaN,0
0.02499107458,0.009860424325,NaN,NaN,0
0.02499107458,0.009717259556,NaN,NaN,0
0.02499107458,0.009574095719,NaN,NaN,0
0.02499107458,0.009430931881,NaN,NaN,0
0.02499107458,0.009287768044,NaN,NaN,0
0.02499107458,0.009144604206,NaN,NaN,0
0.02499107458,0.009001439437,NaN,NaN,0
0.02499107458,0.0088582756,NaN,NaN,0
0.02499107458,0.008715111762,NaN,NaN,0
0.02499107458,0.008571947925,NaN,NaN,0
0.02499107458,0.008428783156,NaN,NaN,0
0.02499107458,0.008285619318,NaN,NaN,0
0.02499107458,0.008142455481,NaN,NaN,0
0.02499107458,0.007999291644,NaN,NaN,0
0.02499107458,0.007856126875,NaN,NaN,0
0.02499107458,0.007712963037,NaN,NaN,0
0.02499107458,0.0075697992,NaN,NaN,0
0.02499107458,0.007426635362,NaN,NaN,0
0.02499107458,0.007283471059,NaN,NaN,0
0.02499107458,0.007140307222,NaN,NaN,0
0.02499107458,0.006997142918,NaN,NaN,0
0.02499107458,0.006853979081,NaN,NaN,0
0.02499107458,0.006710814778,NaN,NaN,0
0.02499107458,0.00656765094,NaN,NaN,0
0.02499107458,0.006424486637,NaN,NaN,0
0.02499107458,0.0062813228,NaN,NaN,0
0.02499107458,0.006138158496,NaN,NaN,0
0.02499107458,0.005994994659,NaN,NaN,0
0.02499107458,0.005851830821,NaN,NaN,0
0.02499107458,0.005708666518,NaN,NaN,0
0.02499107458,0.005565502681,NaN,NaN,0
0.02499107458,0.005422338378,NaN,NaN,0
0.02499107458,0.00527917454,NaN,NaN,0
0.02499107458,0.005136010237,NaN,NaN,0
0.02499107458,0.0049928464,NaN,NaN,0
0.02499107458,0.004849682096,NaN,NaN,0
0.02499107458,0.004706518259,NaN,NaN,0
0.02499107458,0.004563353956,NaN,NaN,0
0.02499107458,0.004420190118,NaN,NaN,0
0.02499107458,0.004277025815,NaN,NaN,0
0.02499107458,0.004133861978,NaN,NaN,0
0.02499107458,0.00399069814,NaN,NaN,0
0.02499107458,0.003847533837,NaN,NaN,0
0.02499107458,0.003704369767,NaN,NaN,0
0.02499107458,0.003561205696,NaN,NaN,0
0.02499107458,0.003418041626,NaN,NaN,0
0.02499107458,0.003274877556,NaN,NaN,0
0.02499107458,0.003131713718,NaN,NaN,0
0.02499107458,0.002988549648,NaN,NaN,0
0.02499107458,0.002845385578,NaN,NaN,0
0.02499107458,0.002702221507,NaN,NaN,0
0.02499107458,0.002559057437,NaN,NaN,0
0.02499107458,0.002415893367,NaN,NaN,0
0.02499107458,0.002272729296,NaN,NaN,0
0.02499107458,0.002129565226,NaN,NaN,0
0.02499107458,0.001986401156,NaN,NaN,0
0.02499107458,0.001843237202,NaN,NaN,0
0.02499107458,0.001700073131,NaN,NaN,0
0.02499107458,0.001556909061,NaN,NaN,0
0.02499107458,0.001413744991,NaN,NaN,0
0.02499107458,0.00127058092,NaN,NaN,0
0.02499107458,0.00112741685,NaN,NaN,0
0.02499107458,0.0009842528962,NaN,NaN,0
0.02499107458,0.0008410888258,NaN,NaN,0
0.02499107458,0.0006979247555,NaN,NaN,0
0.02499107458,0.0005547606852,NaN,NaN,0
0.02499107458,0.000411596644,NaN,NaN,0
0.02499107458,0.0002684326028,NaN,NaN,0
0.02499107458,0.000125268547,NaN,NaN,0
0.02513423935,0.01916608773,NaN,NaN,0
0.02513423935,0.01902292296,NaN,NaN,0
0.02513423935,0.01887976006,NaN,NaN,0
0.02513423935,0.01873659529,NaN,NaN,0
0.02513423935,0.01859343052,NaN,NaN,0
0.02513423935,0.01845026761,NaN,NaN,0
0.02513423935,0.01830710284,NaN,NaN,0
0.02513423935,0.01816393808,NaN,NaN,0
0.02513423935,0.01802077517,NaN,NaN,0
0.02513423935,0.0178776104,NaN,NaN,0
0.02513423935,0.01773444749,NaN,NaN,0
0.02513423935,0.01759128273,NaN,NaN,0
0.02513423935,0.01744811796,NaN,NaN,0
0.02513423935,0.01730495505,NaN,NaN,0
0.02513423935,0.01716179028,NaN,NaN,0
0.02513423935,0.01701862738,NaN,NaN,0
0.02513423935,0.01687546261,NaN,NaN,0
0.02513423935,0.01673229784,NaN,NaN,0
0.02513423935,0.01658913493,NaN,NaN,0
0.02513423935,0.01644597016,NaN,NaN,0
0.02513423935,0.01630280726,NaN,NaN,0
0.02513423935,0.01615964249,NaN,NaN,0
0.02513423935,0.01601647772,NaN,NaN,0
0.02513423935,0.01587331481,NaN,NaN,0
0.02513423935,0.01573015004,NaN,NaN,0
0.02513423935,0.01558698621,NaN,NaN,0
0.02513423935,0.01544382237,NaN,NaN,0
0.02513423935,0.0153006576,NaN,NaN,0
0.02513423935,0.01515749376,NaN,NaN,0
0.02513423935,0.01501432993,NaN,NaN,0
0.02513423935,0.01487116609,NaN,NaN,0
0.02513423935,0.01472800132,NaN,NaN,0
0.02513423935,0.01458483748,NaN,NaN,0
0.02513423935,0.01444167364,NaN,NaN,0
0.02513423935,0.01429850981,NaN,NaN,0
0.02513423935,0.01415534597,NaN,NaN,0
0.02513423935,0.0140121812,NaN,NaN,0
0.02513423935,0.01386901736,NaN,NaN,0
0.02513423935,0.01372585353,NaN,NaN,0
0.02513423935,0.01358268969,NaN,NaN,0
0.02513423935,0.01343952492,NaN,NaN,0
0.02513423935,0.01329636108,NaN,NaN,0
0.02513423935,0.01315319724,NaN,NaN,0
0.02513423935,0.01301003341,NaN,NaN,0
0.02513423935,0.01286686864,NaN,NaN,0
0.02513423935,0.0127237048,NaN,NaN,0
0.02513423935,0.01258054096,NaN,NaN,0
0.02513423935,0.01243737713,NaN,NaN,0
0.02513423935,0.01229421329,NaN,NaN,0
0.02513423935,0.01215104852,NaN,NaN,0
0.02513423935,0.01200788468,NaN,NaN,0
0.02513423935,0.01186472084,NaN,NaN,0
0.02513423935,0.01172155701,NaN,NaN,0
0.02513423935,0.01157839224,NaN,NaN,0
0.02513423935,0.0114352284,NaN,NaN,0
0.02513423935,0.01129206456,NaN,NaN,0
0.02513423935,0.01114890072,NaN,NaN,0
0.02513423935,0.01100573689,NaN,NaN,0
0.02513423935,0.01086257212,NaN,NaN,0
0.02513423935,0.01071940828,NaN,NaN,0
0.02513423935,0.01057624444,NaN,NaN,0
0.02513423935,0.01043308061,NaN,NaN,0
0.02513423935,0.01028991584,NaN,NaN,0
0.02513423935,0.010146752,NaN,NaN,0
0.02513423935,0.01000358816,NaN,NaN,0
0.02513423935,0.009860424325,NaN,NaN,0
0.02513423935,0.009717259556,NaN,NaN,0
0.02513423935,0.009574095719,NaN,NaN,0
0.02513423935,0.009430931881,NaN,NaN,0
0.02513423935,0.009287768044,NaN,NaN,0
0.02513423935,0.009144604206,NaN,NaN,0
0.02513423935,0.009001439437,NaN,NaN,0
0.02513423935,0.0088582756,NaN,NaN,0
0.02513423935,0.008715111762,NaN,NaN,0
0.02513423935,0.008571947925,NaN,NaN,0
0.02513423935,0.008428783156,NaN,NaN,0
0.02513423935,0.008285619318,NaN,NaN,0
0.02513423935,0.008142455481,NaN,NaN,0
0.02513423935,0.007999291644,NaN,NaN,0
0.02513423935,0.007856126875,NaN,NaN,0
0.02513423935,0.007712963037,NaN,NaN,0
0.02513423935,0.0075697992,NaN,NaN,0
0.02513423935,0.007426635362,NaN,NaN,0
0.02513423935,0.007283471059,NaN,NaN,0
0.02513423935,0.007140307222,NaN,NaN,0
0.02513423935,0.006997142918,NaN,NaN,0
0.02513423935,0.006853979081,NaN,NaN,0
0.02513423935,0.006710814778,NaN,NaN,0
0.02513423935,0.00656765094,NaN,NaN,0
0.02513423935,0.006424486637,NaN,NaN,0
0.02513423935,0.0062813228,NaN,NaN,0
0.02513423935,0.006138158496,NaN,NaN,0
0.02513423935,0.005994994659,NaN,NaN,0
0.02513423935,0.005851830821,NaN,NaN,0
0.02513423935,0.005708666518,NaN,NaN,0
0.02513423935,0.005565502681,NaN,NaN,0
0.02513423935,0.005422338378,NaN,NaN,0
0.02513423935,0.00527917454,NaN,NaN,0
0.02513423935,0.005136010237,NaN,NaN,0
0.02513423935,0.0049928464,NaN,NaN,0
0.02513423935,0.004849682096,NaN,NaN,0
0.02513423935,0.004706518259,NaN,NaN,0
0.02513423935,0.004563353956,NaN,NaN,0
0.02513423935,0.004420190118,NaN,NaN,0
0.02513423935,0.004277025815,NaN,NaN,0
0.02513423935,0.004133861978,NaN,NaN,0
0.02513423935,0.00399069814,NaN,NaN,0
0.02513423935,0.003847533837,NaN,NaN,0
0.02513423935,0.003704369767,NaN,NaN,0
0.02513423935,0.003561205696,NaN,NaN,0
0.02513423935,0.003418041626,NaN,NaN,0
0.02513423935,0.003274877556,NaN,NaN,0
0.02513423935,0.003131713718,NaN,NaN,0
0.02513423935,0.002988549648,NaN,NaN,0
0.02513423935,0.002845385578,NaN,NaN,0
0.02513423935,0.002702221507,NaN,NaN,0
0.02513423935,0.002559057437,NaN,NaN,0
0.02513423935,0.002415893367,NaN,NaN,0
0.02513423935,0.002272729296,NaN,NaN,0
0.02513423935,0.002129565226,NaN,NaN,0
0.02513423935,0.001986401156,NaN,NaN,0
0.02513423935,0.001843237202,NaN,NaN,0
0.02513423935,0.001700073131,NaN,NaN,0
0.02513423935,0.001556909061,NaN,NaN,0
0.02513423935,0.001413744991,NaN,NaN,0
0.02513423935,0.00127058092,NaN,NaN,0
0.02513423935,0.00112741685,NaN,NaN,0
0.02513423935,0.0009842528962,NaN,NaN,0
0.02513423935,0.0008410888258,NaN,NaN,0
0.02513423935,0.0006979247555,NaN,NaN,0
0.02513423935,0.0005547606852,NaN,NaN,0
0.02513423935,0.000411596644,NaN,NaN,0
0.02513423935,0.0002684326028,NaN,NaN,0
0.02513423935,0.000125268547,NaN,NaN,0
0.02527740225,0.01916608773,NaN,NaN,0
0.02527740225,0.01902292296,NaN,NaN,0
0.02527740225,0.01887976006,NaN,NaN,0
0.02527740225,0.01873659529,NaN,NaN,0
0.02527740225,0.01859343052,NaN,NaN,0
0.02527740225,0.01845026761,NaN,NaN,0
0.02527740225,0.01830710284,NaN,NaN,0
0.02527740225,0.01816393808,NaN,NaN,0
0.02527740225,0.01802077517,NaN,NaN,0
0.02527740225,0.0178776104,NaN,NaN,0
0.02527740225,0.01773444749,NaN,NaN,0
0.02527740225,0.01759128273,NaN,NaN,0
0.02527740225,0.01744811796,NaN,NaN,0
0.02527740225,0.01730495505,NaN,NaN,0
0.02527740225,0.01716179028,NaN,NaN,0
0.02527740225,0.01701862738,NaN,NaN,0
0.02527740225,0.01687546261,NaN,NaN,0
0.02527740225,0.01673229784,NaN,NaN,0
0.02527740225,0.01658913493,NaN,NaN,0
0.02527740225,0.01644597016,NaN,NaN,0
0.02527740225,0.01630280726,NaN,NaN,0
0.02527740225,0.01615964249,NaN,NaN,0
0.02527740225,0.01601647772,NaN,NaN,0
0.02527740225,0.01587331481,NaN,NaN,0
0.02527740225,0.01573015004,NaN,NaN,0
0.02527740225,0.01558698621,NaN,NaN,0
0.02527740225,0.01544382237,NaN,NaN,0
0.02527740225,0.0153006576,NaN,NaN,0
0.02527740225,0.01515749376,NaN,NaN,0
0.02527740225,0.01501432993,NaN,NaN,0
0.02527740225,0.01487116609,NaN,NaN,0
0.02527740225,0.01472800132,NaN,NaN,0
0.02527740225,0.01458483748,NaN,NaN,0
0.02527740225,0.01444167364,NaN,NaN,0
0.02527740225,0.01429850981,NaN,NaN,0
0.02527740225,0.01415534597,NaN,NaN,0
0.02527740225,0.0140121812,NaN,NaN,0
0.02527740225,0.01386901736,NaN,NaN,0
0.02527740225,0.01372585353,NaN,NaN,0
0.02527740225,0.01358268969,NaN,NaN,0
0.02527740225,0.01343952492,NaN,NaN,0
0.02527740225,0.01329636108,NaN,NaN,0
0.02527740225,0.01315319724,NaN,NaN,0
0.02527740225,0.01301003341,NaN,NaN,0
0.02527740225,0.01286686864,NaN,NaN,0
0.02527740225,0.0127237048,NaN,NaN,0
0.02527740225,0.01258054096,NaN,NaN,0
0.02527740225,0.01243737713,NaN,NaN,0
0.02527740225,0.01229421329,NaN,NaN,0
0.02527740225,0.01215104852,NaN,NaN,0
0.02527740225,0.01200788468,NaN,NaN,0
0.02527740225,0.01186472084,NaN,NaN,0
0.02527740225,0.01172155701,NaN,NaN,0
0.02527740225,0.01157839224,NaN,NaN,0
0.02527740225,0.0114352284,NaN,NaN,0
0.02527740225,0.01129206456,NaN,NaN,0
0.02527740225,0.01114890072,NaN,NaN,0
0.02527740225,0.01100573689,NaN,NaN,0
0.02527740225,0.01086257212,NaN,NaN,0
0.02527740225,0.01071940828,NaN,NaN,0
0.02527740225,0.01057624444,NaN,NaN,0
0.02527740225,0.01043308061,NaN,NaN,0
0.02527740225,0.01028991584,NaN,NaN,0
0.02527740225,0.010146752,NaN,NaN,0
0.02527740225,0.01000358816,NaN,NaN,0
0.02527740225,0.009860424325,NaN,NaN,0
0.02527740225,0.009717259556,NaN,NaN,0
0.02527740225,0.009574095719,NaN,NaN,0
0.02527740225,0.009430931881,NaN,NaN,0
0.02527740225,0.009287768044,NaN,NaN,0
0.02527740225,0.009144604206,NaN,NaN,0
0.02527740225,0.009001439437,NaN,NaN,0
0.02527740225,0.0088582756,NaN,NaN,0
0.02527740225,0.008715111762,NaN,NaN,0
0.02527740225,0.008571947925,NaN,NaN,0
0.02527740225,0.008428783156,NaN,NaN,0
0.02527740225,0.008285619318,NaN,NaN,0
0.02527740225,0.008142455481,NaN,NaN,0
0.02527740225,0.007999291644,NaN,NaN,0
0.02527740225,0.007856126875,NaN,NaN,0
0.02527740225,0.007712963037,NaN,NaN,0
0.02527740225,0.0075697992,NaN,NaN,0
0.02527740225,0.007426635362,NaN,NaN,0
0.02527740225,0.007283471059,NaN,NaN,0
0.02527740225,0.007140307222,NaN,NaN,0
0.02527740225,0.006997142918,NaN,NaN,0
0.02527740225,0.006853979081,NaN,NaN,0
0.02527740225,0.006710814778,NaN,NaN,0
0.02527740225,0.00656765094,NaN,NaN,0
0.02527740225,0.006424486637,NaN,NaN,0
0.02527740225,0.0062813228,NaN,NaN,0
0.02527740225,0.006138158496,NaN,NaN,0
0.02527740225,0.005994994659,NaN,NaN,0
0.02527740225,0.005851830821,NaN,NaN,0
0.02527740225,0.005708666518,NaN,NaN,0
0.02527740225,0.005565502681,NaN,NaN,0
0.02527740225,0.005422338378,NaN,NaN,0
0.02527740225,0.00527917454,NaN,NaN,0
0.02527740225,0.005136010237,NaN,NaN,0
0.02527740225,0.0049928464,NaN,NaN,0
0.02527740225,0.004849682096,NaN,NaN,0
0.02527740225,0.004706518259,NaN,NaN,0
0.02527740225,0.004563353956,NaN,NaN,0
0.02527740225,0.004420190118,NaN,NaN,0
0.02527740225,0.004277025815,NaN,NaN,0
0.02527740225,0.004133861978,NaN,NaN,0
0.02527740225,0.00399069814,NaN,NaN,0
0.02527740225,0.003847533837,NaN,NaN,0
0.02527740225,0.003704369767,NaN,NaN,0
0.02527740225,0.003561205696,NaN,NaN,0
0.02527740225,0.003418041626,NaN,NaN,0
0.02527740225,0.003274877556,NaN,NaN,0
0.02527740225,0.003131713718,NaN,NaN,0
0.02527740225,0.002988549648,NaN,NaN,0
0.02527740225,0.002845385578,NaN,NaN,0
0.02527740225,0.002702221507,NaN,NaN,0
0.02527740225,0.002559057437,NaN,NaN,0
0.02527740225,0.002415893367,NaN,NaN,0
0.02527740225,0.002272729296,NaN,NaN,0
0.02527740225,0.002129565226,NaN,NaN,0
0.02527740225,0.001986401156,NaN,NaN,0
0.02527740225,0.001843237202,NaN,NaN,0
0.02527740225,0.001700073131,NaN,NaN,0
0.02527740225,0.001556909061,NaN,NaN,0
0.02527740225,0.001413744991,NaN,NaN,0
0.02527740225,0.00127058092,NaN,NaN,0
0.02527740225,0.00112741685,NaN,NaN,0
0.02527740225,0.0009842528962,NaN,NaN,0
0.02527740225,0.0008410888258,NaN,NaN,0
0.02527740225,0.0006979247555,NaN,NaN,0
0.02527740225,0.0005547606852,NaN,NaN,0
0.02527740225,0.000411596644,NaN,NaN,0
0.02527740225,0.0002684326028,NaN,NaN,0
0.02527740225,0.000125268547,NaN,NaN,0
0.02542056702,0.01916608773,NaN,NaN,0
0.02542056702,0.01902292296,NaN,NaN,0
0.02542056702,0.01887976006,NaN,NaN,0
0.02542056702,0.01873659529,NaN,NaN,0
0.02542056702,0.01859343052,NaN,NaN,0
0.02542056702,0.01845026761,NaN,NaN,0
0.02542056702,0.01830710284,NaN,NaN,0
0.02542056702,0.01816393808,NaN,NaN,0
0.02542056702,0.01802077517,NaN,NaN,0
0.02542056702,0.0178776104,NaN,NaN,0
0.02542056702,0.01773444749,NaN,NaN,0
0.02542056702,0.01759128273,NaN,NaN,0
0.02542056702,0.01744811796,NaN,NaN,0
0.02542056702,0.01730495505,NaN,NaN,0
0.02542056702,0.01716179028,NaN,NaN,0
0.02542056702,0.01701862738,NaN,NaN,0
0.02542056702,0.01687546261,NaN,NaN,0
0.02542056702,0.01673229784,NaN,NaN,0
0.02542056702,0.01658913493,NaN,NaN,0
0.02542056702,0.01644597016,NaN,NaN,0
0.02542056702,0.01630280726,NaN,NaN,0
0.02542056702,0.01615964249,NaN,NaN,0
0.02542056702,0.01601647772,NaN,NaN,0
0.02542056702,0.01587331481,NaN,NaN,0
0.02542056702,0.01573015004,NaN,NaN,0
0.02542056702,0.01558698621,NaN,NaN,0
0.02542056702,0.01544382237,NaN,NaN,0
0.02542056702,0.0153006576,NaN,NaN,0
0.02542056702,0.01515749376,NaN,NaN,0
0.02542056702,0.01501432993,NaN,NaN,0
0.02542056702,0.01487116609,NaN,NaN,0
0.02542056702,0.01472800132,NaN,NaN,0
0.02542056702,0.01458483748,NaN,NaN,0
0.02542056702,0.01444167364,NaN,NaN,0
0.02542056702,0.01429850981,NaN,NaN,0
0.02542056702,0.01415534597,NaN,NaN,0
0.02542056702,0.0140121812,NaN,NaN,0
0.02542056702,0.01386901736,NaN,NaN,0
0.02542056702,0.01372585353,NaN,NaN,0
0.02542056702,0.01358268969,NaN,NaN,0
0.02542056702,0.01343952492,NaN,NaN,0
0.02542056702,0.01329636108,NaN,NaN,0
0.02542056702,0.01315319724,NaN,NaN,0
0.02542056702,0.01301003341,NaN,NaN,0
0.02542056702,0.01286686864,NaN,NaN,0
0.02542056702,0.0127237048,NaN,NaN,0
0.02542056702,0.01258054096,NaN,NaN,0
0.02542056702,0.01243737713,NaN,NaN,0
0.02542056702,0.01229421329,NaN,NaN,0
0.02542056702,0.01215104852,NaN,NaN,0
0.02542056702,0.01200788468,NaN,NaN,0
0.02542056702,0.01186472084,NaN,NaN,0
0.02542056702,0.01172155701,NaN,NaN,0
0.02542056702,0.01157839224,NaN,NaN,0
0.02542056702,0.0114352284,NaN,NaN,0
0.02542056702,0.01129206456,NaN,NaN,0
0.02542056702,0.01114890072,NaN,NaN,0
0.02542056702,0.01100573689,NaN,NaN,0
0.02542056702,0.01086257212,NaN,NaN,0
0.02542056702,0.01071940828,NaN,NaN,0
0.02542056702,0.01057624444,NaN,NaN,0
0.02542056702,0.01043308061,NaN,NaN,0
0.02542056702,0.01028991584,NaN,NaN,0
0.02542056702,0.010146752,NaN,NaN,0
0.02542056702,0.01000358816,NaN,NaN,0
0.02542056702,0.009860424325,NaN,NaN,0
0.02542056702,0.009717259556,NaN,NaN,0
0.02542056702,0.009574095719,NaN,NaN,0
0.02542056702,0.009430931881,NaN,NaN,0
0.02542056702,0.009287768044,NaN,NaN,0
0.02542056702,0.009144604206,NaN,NaN,0
0.02542056702,0.009001439437,NaN,NaN,0
0.02542056702,0.0088582756,NaN,NaN,0
0.02542056702,0.008715111762,NaN,NaN,0
0.02542056702,0.008571947925,NaN,NaN,0
0.02542056702,0.008428783156,NaN,NaN,0
0.02542056702,0.008285619318,NaN,NaN,0
0.02542056702,0.008142455481,NaN,NaN,0
0.02542056702,0.007999291644,NaN,NaN,0
0.02542056702,0.007856126875,NaN,NaN,0
0.02542056702,0.007712963037,NaN,NaN,0
0.02542056702,0.0075697992,NaN,NaN,0
0.02542056702,0.007426635362,NaN,NaN,0
0.02542056702,0.007283471059,NaN,NaN,0
0.02542056702,0.007140307222,NaN,NaN,0
0.02542056702,0.006997142918,NaN,NaN,0
0.02542056702,0.006853979081,NaN,NaN,0
0.02542056702,0.006710814778,NaN,NaN,0
0.02542056702,0.00656765094,NaN,NaN,0
0.02542056702,0.006424486637,NaN,NaN,0
0.02542056702,0.0062813228,NaN,NaN,0
0.02542056702,0.006138158496,NaN,NaN,0
0.02542056702,0.005994994659,NaN,NaN,0
0.02542056702,0.005851830821,NaN,NaN,0
0.02542056702,0.005708666518,NaN,NaN,0
0.02542056702,0.005565502681,NaN,NaN,0
0.02542056702,0.005422338378,NaN,NaN,0
0.02542056702,0.00527917454,NaN,NaN,0
0.02542056702,0.005136010237,NaN,NaN,0
0.02542056702,0.0049928464,NaN,NaN,0
0.02542056702,0.004849682096,NaN,NaN,0
0.02542056702,0.004706518259,NaN,NaN,0
0.02542056702,0.004563353956,NaN,NaN,0
0.02542056702,0.004420190118,NaN,NaN,0
0.02542056702,0.004277025815,NaN,NaN,0
0.02542056702,0.004133861978,NaN,NaN,0
0.02542056702,0.00399069814,NaN,NaN,0
0.02542056702,0.003847533837,NaN,NaN,0
0.02542056702,0.003704369767,NaN,NaN,0
0.02542056702,0.003561205696,NaN,NaN,0
0.02542056702,0.003418041626,NaN,NaN,0
0.02542056702,0.003274877556,NaN,NaN,0
0.02542056702,0.003131713718,NaN,NaN,0
0.02542056702,0.002988549648,NaN,NaN,0
0.02542056702,0.002845385578,NaN,NaN,0
0.02542056702,0.002702221507,NaN,NaN,0
0.02542056702,0.002559057437,NaN,NaN,0
0.02542056702,0.002415893367,NaN,NaN,0
0.02542056702,0.002272729296,NaN,NaN,0
0.02542056702,0.002129565226,NaN,NaN,0
0.02542056702,0.001986401156,NaN,NaN,0
0.02542056702,0.001843237202,NaN,NaN,0
0.02542056702,0.001700073131,NaN,NaN,0
0.02542056702,0.001556909061,NaN,NaN,0
0.02542056702,0.001413744991,NaN,NaN,0
0.02542056702,0.00127058092,NaN,NaN,0
0.02542056702,0.00112741685,NaN,NaN,0
0.02542056702,0.0009842528962,NaN,NaN,0
0.02542056702,0.0008410888258,NaN,NaN,0
0.02542056702,0.0006979247555,NaN,NaN,0
0.02542056702,0.0005547606852,NaN,NaN,0
0.02542056702,0.000411596644,NaN,NaN,0
0.02542056702,0.0002684326028,NaN,NaN,0
0.02542056702,0.000125268547,NaN,NaN,0
0.02556373179,0.01916608773,NaN,NaN,0
0.02556373179,0.01902292296,NaN,NaN,0
0.02556373179,0.01887976006,NaN,NaN,0
0.02556373179,0.01873659529,NaN,NaN,0
0.02556373179,0.01859343052,NaN,NaN,0
0.02556373179,0.01845026761,NaN,NaN,0
0.02556373179,0.01830710284,NaN,NaN,0
0.02556373179,0.01816393808,NaN,NaN,0
0.02556373179,0.01802077517,NaN,NaN,0
0.02556373179,0.0178776104,NaN,NaN,0
0.02556373179,0.01773444749,NaN,NaN,0
0.02556373179,0.01759128273,NaN,NaN,0
0.02556373179,0.01744811796,NaN,NaN,0
0.02556373179,0.01730495505,NaN,NaN,0
0.02556373179,0.01716179028,NaN,NaN,0
0.02556373179,0.01701862738,NaN,NaN,0
0.02556373179,0.01687546261,NaN,NaN,0
0.02556373179,0.01673229784,NaN,NaN,0
0.02556373179,0.01658913493,NaN,NaN,0
0.02556373179,0.01644597016,NaN,NaN,0
0.02556373179,0.01630280726,NaN,NaN,0
0.02556373179,0.01615964249,NaN,NaN,0
0.02556373179,0.01601647772,NaN,NaN,0
0.02556373179,0.01587331481,NaN,NaN,0
0.02556373179,0.01573015004,NaN,NaN,0
0.02556373179,0.01558698621,NaN,NaN,0
0.02556373179,0.01544382237,NaN,NaN,0
0.02556373179,0.0153006576,NaN,NaN,0
0.02556373179,0.01515749376,NaN,NaN,0
0.02556373179,0.01501432993,NaN,NaN,0
0.02556373179,0.01487116609,NaN,NaN,0
0.02556373179,0.01472800132,NaN,NaN,0
0.02556373179,0.01458483748,NaN,NaN,0
0.02556373179,0.01444167364,NaN,NaN,0
0.02556373179,0.01429850981,NaN,NaN,0
0.02556373179,0.01415534597,NaN,NaN,0
0.02556373179,0.0140121812,NaN,NaN,0
0.02556373179,0.01386901736,NaN,NaN,0
0.02556373179,0.01372585353,NaN,NaN,0
0.02556373179,0.01358268969,NaN,NaN,0
0.02556373179,0.01343952492,NaN,NaN,0
0.02556373179,0.01329636108,NaN,NaN,0
0.02556373179,0.01315319724,NaN,NaN,0
0.02556373179,0.01301003341,NaN,NaN,0
0.02556373179,0.01286686864,NaN,NaN,0
0.02556373179,0.0127237048,NaN,NaN,0
0.02556373179,0.01258054096,NaN,NaN,0
0.02556373179,0.01243737713,NaN,NaN,0
0.02556373179,0.01229421329,NaN,NaN,0
0.02556373179,0.01215104852,NaN,NaN,0
0.02556373179,0.01200788468,NaN,NaN,0
0.02556373179,0.01186472084,NaN,NaN,0
0.02556373179,0.01172155701,NaN,NaN,0
0.02556373179,0.01157839224,NaN,NaN,0
0.02556373179,0.0114352284,NaN,NaN,0
0.02556373179,0.01129206456,NaN,NaN,0
0.02556373179,0.01114890072,NaN,NaN,0
0.02556373179,0.01100573689,NaN,NaN,0
0.02556373179,0.01086257212,NaN,NaN,0
0.02556373179,0.01071940828,NaN,NaN,0
0.02556373179,0.01057624444,NaN,NaN,0
0.02556373179,0.01043308061,NaN,NaN,0
0.02556373179,0.01028991584,NaN,NaN,0
0.02556373179,0.010146752,NaN,NaN,0
0.02556373179,0.01000358816,NaN,NaN,0
0.02556373179,0.009860424325,NaN,NaN,0
0.02556373179,0.009717259556,NaN,NaN,0
0.02556373179,0.009574095719,NaN,NaN,0
0.02556373179,0.009430931881,NaN,NaN,0
0.02556373179,0.009287768044,NaN,NaN,0
0.02556373179,0.009144604206,NaN,NaN,0
0.02556373179,0.009001439437,NaN,NaN,0
0.02556373179,0.0088582756,NaN,NaN,0
0.02556373179,0.008715111762,NaN,NaN,0
0.02556373179,0.008571947925,NaN,NaN,0
0.02556373179,0.008428783156,NaN,NaN,0
0.02556373179,0.008285619318,NaN,NaN,0
0.02556373179,0.008142455481,NaN,NaN,0
0.02556373179,0.007999291644,NaN,NaN,0
0.02556373179,0.007856126875,NaN,NaN,0
0.02556373179,0.007712963037,NaN,NaN,0
0.02556373179,0.0075697992,NaN,NaN,0
0.02556373179,0.007426635362,NaN,NaN,0
0.02556373179,0.007283471059,NaN,NaN,0
0.02556373179,0.007140307222,NaN,NaN,0
0.02556373179,0.006997142918,NaN,NaN,0
0.02556373179,0.006853979081,NaN,NaN,0
0.02556373179,0.006710814778,NaN,NaN,0
0.02556373179,0.00656765094,NaN,NaN,0
0.02556373179,0.006424486637,NaN,NaN,0
0.02556373179,0.0062813228,NaN,NaN,0
0.02556373179,0.006138158496,NaN,NaN,0
0.02556373179,0.005994994659,NaN,NaN,0
0.02556373179,0.005851830821,NaN,NaN,0
0.02556373179,0.005708666518,NaN,NaN,0
0.02556373179,0.005565502681,NaN,NaN,0
0.02556373179,0.005422338378,NaN,NaN,0
0.02556373179,0.00527917454,NaN,NaN,0
0.02556373179,0.005136010237,NaN,NaN,0
0.02556373179,0.0049928464,NaN,NaN,0
0.02556373179,0.004849682096,NaN,NaN,0
0.02556373179,0.004706518259,NaN,NaN,0
0.02556373179,0.004563353956,NaN,NaN,0
0.02556373179,0.004420190118,NaN,NaN,0
0.02556373179,0.004277025815,NaN,NaN,0
0.02556373179,0.004133861978,NaN,NaN,0
0.02556373179,0.00399069814,NaN,NaN,0
0.02556373179,0.003847533837,NaN,NaN,0
0.02556373179,0.003704369767,NaN,NaN,0
0.02556373179,0.003561205696,NaN,NaN,0
0.02556373179,0.003418041626,NaN,NaN,0
0.02556373179,0.003274877556,NaN,NaN,0
0.02556373179,0.003131713718,NaN,NaN,0
0.02556373179,0.002988549648,NaN,NaN,0
0.02556373179,0.002845385578,NaN,NaN,0
0.02556373179,0.002702221507,NaN,NaN,0
0.02556373179,0.002559057437,NaN,NaN,0
0.02556373179,0.002415893367,NaN,NaN,0
0.02556373179,0.002272729296,NaN,NaN,0
0.02556373179,0.002129565226,NaN,NaN,0
0.02556373179,0.001986401156,NaN,NaN,0
0.02556373179,0.001843237202,NaN,NaN,0
0.02556373179,0.001700073131,NaN,NaN,0
0.02556373179,0.001556909061,NaN,NaN,0
0.02556373179,0.001413744991,NaN,NaN,0
0.02556373179,0.00127058092,NaN,NaN,0
0.02556373179,0.00112741685,NaN,NaN,0
0.02556373179,0.0009842528962,NaN,NaN,0
0.02556373179,0.0008410888258,NaN,NaN,0
0.02556373179,0.0006979247555,NaN,NaN,0
0.02556373179,0.0005547606852,NaN,NaN,0
0.02556373179,0.000411596644,NaN,NaN,0
0.02556373179,0.0002684326028,NaN,NaN,0
0.02556373179,0.000125268547,NaN,NaN,0
0.0257068947,0.01916608773,NaN,NaN,0
0.0257068947,0.01902292296,NaN,NaN,0
0.0257068947,0.01887976006,NaN,NaN,0
0.0257068947,0.01873659529,NaN,NaN,0
0.0257068947,0.01859343052,NaN,NaN,0
0.0257068947,0.01845026761,NaN,NaN,0
0.0257068947,0.01830710284,NaN,NaN,0
0.0257068947,0.01816393808,NaN,NaN,0
0.0257068947,0.01802077517,NaN,NaN,0
0.0257068947,0.0178776104,NaN,NaN,0
0.0257068947,0.01773444749,NaN,NaN,0
0.0257068947,0.01759128273,NaN,NaN,0
0.0257068947,0.01744811796,NaN,NaN,0
0.0257068947,0.01730495505,NaN,NaN,0
0.0257068947,0.01716179028,NaN,NaN,0
0.0257068947,0.01701862738,NaN,NaN,0
0.0257068947,0.01687546261,NaN,NaN,0
0.0257068947,0.01673229784,NaN,NaN,0
0.0257068947,0.01658913493,NaN,NaN,0
0.0257068947,0.01644597016,NaN,NaN,0
0.0257068947,0.01630280726,NaN,NaN,0
0.0257068947,0.01615964249,NaN,NaN,0
0.0257068947,0.01601647772,NaN,NaN,0
0.0257068947,0.01587331481,NaN,NaN,0
0.0257068947,0.01573015004,NaN,NaN,0
0.0257068947,0.01558698621,NaN,NaN,0
0.0257068947,0.01544382237,NaN,NaN,0
0.0257068947,0.0153006576,NaN,NaN,0
0.0257068947,0.01515749376,NaN,NaN,0
0.0257068947,0.01501432993,NaN,NaN,0
0.0257068947,0.01487116609,NaN,NaN,0
0.0257068947,0.01472800132,NaN,NaN,0
0.0257068947,0.01458483748,NaN,NaN,0
0.0257068947,0.01444167364,NaN,NaN,0
0.0257068947,0.01429850981,NaN,NaN,0
0.0257068947,0.01415534597,NaN,NaN,0
0.0257068947,0.0140121812,NaN,NaN,0
0.0257068947,0.01386901736,NaN,NaN,0
0.0257068947,0.01372585353,NaN,NaN,0
0.0257068947,0.01358268969,NaN,NaN,0
0.0257068947,0.01343952492,NaN,NaN,0
0.0257068947,0.01329636108,NaN,NaN,0
0.0257068947,0.01315319724,NaN,NaN,0
0.0257068947,0.01301003341,NaN,NaN,0
0.0257068947,0.01286686864,NaN,NaN,0
0.0257068947,0.0127237048,NaN,NaN,0
0.0257068947,0.01258054096,NaN,NaN,0
0.0257068947,0.01243737713,NaN,NaN,0
0.0257068947,0.01229421329,NaN,NaN,0
0.0257068947,0.01215104852,NaN,NaN,0
0.0257068947,0.01200788468,NaN,NaN,0
0.0257068947,0.01186472084,NaN,NaN,0
0.0257068947,0.01172155701,NaN,NaN,0
0.0257068947,0.01157839224,NaN,NaN,0
0.0257068947,0.0114352284,NaN,NaN,0
0.0257068947,0.01129206456,NaN,NaN,0
0.0257068947,0.01114890072,NaN,NaN,0
0.0257068947,0.01100573689,NaN,NaN,0
0.0257068947,0.01086257212,NaN,NaN,0
0.0257068947,0.01071940828,NaN,NaN,0
0.0257068947,0.01057624444,NaN,NaN,0
0.0257068947,0.01043308061,NaN,NaN,0
0.0257068947,0.01028991584,NaN,NaN,0
0.0257068947,0.010146752,NaN,NaN,0
0.0257068947,0.01000358816,NaN,NaN,0
0.0257068947,0.009860424325,NaN,NaN,0
0.0257068947,0.009717259556,NaN,NaN,0
0.0257068947,0.009574095719,NaN,NaN,0
0.0257068947,0.009430931881,NaN,NaN,0
0.0257068947,0.009287768044,NaN,NaN,0
0.0257068947,0.009144604206,NaN,NaN,0
0.0257068947,0.009001439437,NaN,NaN,0
0.0257068947,0.0088582756,NaN,NaN,0
0.0257068947,0.008715111762,NaN,NaN,0
0.0257068947,0.008571947925,NaN,NaN,0
0.0257068947,0.008428783156,NaN,NaN,0
0.0257068947,0.008285619318,NaN,NaN,0
0.0257068947,0.008142455481,NaN,NaN,0
0.0257068947,0.007999291644,NaN,NaN,0
0.0257068947,0.007856126875,NaN,NaN,0
0.0257068947,0.007712963037,NaN,NaN,0
0.0257068947,0.0075697992,NaN,NaN,0
0.0257068947,0.007426635362,NaN,NaN,0
0.0257068947,0.007283471059,NaN,NaN,0
0.0257068947,0.007140307222,NaN,NaN,0
0.0257068947,0.006997142918,NaN,NaN,0
0.0257068947,0.006853979081,NaN,NaN,0
0.0257068947,0.006710814778,NaN,NaN,0
0.0257068947,0.00656765094,NaN,NaN,0
0.0257068947,0.006424486637,NaN,NaN,0
0.0257068947,0.0062813228,NaN,NaN,0
0.0257068947,0.006138158496,NaN,NaN,0
0.0257068947,0.005994994659,NaN,NaN,0
0.0257068947,0.005851830821,NaN,NaN,0
0.0257068947,0.005708666518,NaN,NaN,0
0.0257068947,0.005565502681,NaN,NaN,0
0.0257068947,0.005422338378,NaN,NaN,0
0.0257068947,0.00527917454,NaN,NaN,0
0.0257068947,0.005136010237,NaN,NaN,0
0.0257068947,0.0049928464,NaN,NaN,0
0.0257068947,0.004849682096,NaN,NaN,0
0.0257068947,0.004706518259,NaN,NaN,0
0.0257068947,0.004563353956,NaN,NaN,0
0.0257068947,0.004420190118,NaN,NaN,0
0.0257068947,0.004277025815,NaN,NaN,0
0.0257068947,0.004133861978,NaN,NaN,0
0.0257068947,0.00399069814,NaN,NaN,0
0.0257068947,0.003847533837,NaN,NaN,0
0.0257068947,0.003704369767,NaN,NaN,0
0.0257068947,0.003561205696,NaN,NaN,0
0.0257068947,0.003418041626,NaN,NaN,0
0.0257068947,0.003274877556,NaN,NaN,0
0.0257068947,0.003131713718,NaN,NaN,0
0.0257068947,0.002988549648,NaN,NaN,0
0.0257068947,0.002845385578,NaN,NaN,0
0.0257068947,0.002702221507,NaN,NaN,0
0.0257068947,0.002559057437,NaN,NaN,0
0.0257068947,0.002415893367,NaN,NaN,0
0.0257068947,0.002272729296,NaN,NaN,0
0.0257068947,0.002129565226,NaN,NaN,0
0.0257068947,0.001986401156,NaN,NaN,0
0.0257068947,0.001843237202,NaN,NaN,0
0.0257068947,0.001700073131,NaN,NaN,0
0.0257068947,0.001556909061,NaN,NaN,0
0.0257068947,0.001413744991,NaN,NaN,0
0.0257068947,0.00127058092,NaN,NaN,0
0.0257068947,0.00112741685,NaN,NaN,0
0.0257068947,0.0009842528962,NaN,NaN,0
0.0257068947,0.0008410888258,NaN,NaN,0
0.0257068947,0.0006979247555,NaN,NaN,0
0.0257068947,0.0005547606852,NaN,NaN,0
0.0257068947,0.000411596644,NaN,NaN,0
0.0257068947,0.0002684326028,NaN,NaN,0
0.0257068947,0.000125268547,NaN,NaN,0
0.02585005946,0.01916608773,NaN,NaN,0
0.02585005946,0.01902292296,NaN,NaN,0
0.02585005946,0.01887976006,NaN,NaN,0
0.02585005946,0.01873659529,NaN,NaN,0
0.02585005946,0.01859343052,NaN,NaN,0
0.02585005946,0.01845026761,NaN,NaN,0
0.02585005946,0.01830710284,NaN,NaN,0
0.02585005946,0.01816393808,NaN,NaN,0
0.02585005946,0.01802077517,NaN,NaN,0
0.02585005946,0.0178776104,NaN,NaN,0
0.02585005946,0.01773444749,NaN,NaN,0
0.02585005946,0.01759128273,NaN,NaN,0
0.02585005946,0.01744811796,NaN,NaN,0
0.02585005946,0.01730495505,NaN,NaN,0
0.02585005946,0.01716179028,NaN,NaN,0
0.02585005946,0.01701862738,NaN,NaN,0
0.02585005946,0.01687546261,NaN,NaN,0
0.02585005946,0.01673229784,NaN,NaN,0
0.02585005946,0.01658913493,NaN,NaN,0
0.02585005946,0.01644597016,NaN,NaN,0
0.02585005946,0.01630280726,NaN,NaN,0
0.02585005946,0.01615964249,NaN,NaN,0
0.02585005946,0.01601647772,NaN,NaN,0
0.02585005946,0.01587331481,NaN,NaN,0
0.02585005946,0.01573015004,NaN,NaN,0
0.02585005946,0.01558698621,NaN,NaN,0
0.02585005946,0.01544382237,NaN,NaN,0
0.02585005946,0.0153006576,NaN,NaN,0
0.02585005946,0.01515749376,NaN,NaN,0
0.02585005946,0.01501432993,NaN,NaN,0
0.02585005946,0.01487116609,NaN,NaN,0
0.02585005946,0.01472800132,NaN,NaN,0
0.02585005946,0.01458483748,NaN,NaN,0
0.02585005946,0.01444167364,NaN,NaN,0
0.02585005946,0.01429850981,NaN,NaN,0
0.02585005946,0.01415534597,NaN,NaN,0
0.02585005946,0.0140121812,NaN,NaN,0
0.02585005946,0.01386901736,NaN,NaN,0
0.02585005946,0.01372585353,NaN,NaN,0
0.02585005946,0.01358268969,NaN,NaN,0
0.02585005946,0.01343952492,NaN,NaN,0
0.02585005946,0.01329636108,NaN,NaN,0
0.02585005946,0.01315319724,NaN,NaN,0
0.02585005946,0.01301003341,NaN,NaN,0
0.02585005946,0.01286686864,NaN,NaN,0
0.02585005946,0.0127237048,NaN,NaN,0
0.02585005946,0.01258054096,NaN,NaN,0
0.02585005946,0.01243737713,NaN,NaN,0
0.02585005946,0.01229421329,NaN,NaN,0
0.02585005946,0.01215104852,NaN,NaN,0
0.02585005946,0.01200788468,NaN,NaN,0
0.02585005946,0.01186472084,NaN,NaN,0
0.02585005946,0.01172155701,NaN,NaN,0
0.02585005946,0.01157839224,NaN,NaN,0
0.02585005946,0.0114352284,NaN,NaN,0
0.02585005946,0.01129206456,NaN,NaN,0
0.02585005946,0.01114890072,NaN,NaN,0
0.02585005946,0.01100573689,NaN,NaN,0
0.02585005946,0.01086257212,NaN,NaN,0
0.02585005946,0.01071940828,NaN,NaN,0
0.02585005946,0.01057624444,NaN,NaN,0
0.02585005946,0.01043308061,NaN,NaN,0
0.02585005946,0.01028991584,NaN,NaN,0
0.02585005946,0.010146752,NaN,NaN,0
0.02585005946,0.01000358816,NaN,NaN,0
0.02585005946,0.009860424325,NaN,NaN,0
0.02585005946,0.009717259556,NaN,NaN,0
0.02585005946,0.009574095719,NaN,NaN,0
0.02585005946,0.009430931881,NaN,NaN,0
0.02585005946,0.009287768044,NaN,NaN,0
0.02585005946,0.009144604206,NaN,NaN,0
0.02585005946,0.009001439437,NaN,NaN,0
0.02585005946,0.0088582756,NaN,NaN,0
0.02585005946,0.008715111762,NaN,NaN,0
0.02585005946,0.008571947925,NaN,NaN,0
0.02585005946,0.008428783156,NaN,NaN,0
0.02585005946,0.008285619318,NaN,NaN,0
0.02585005946,0.008142455481,NaN,NaN,0
0.02585005946,0.007999291644,NaN,NaN,0
0.02585005946,0.007856126875,NaN,NaN,0
0.02585005946,0.007712963037,NaN,NaN,0
0.02585005946,0.0075697992,NaN,NaN,0
0.02585005946,0.007426635362,NaN,NaN,0
0.02585005946,0.007283471059,NaN,NaN,0
0.02585005946,0.007140307222,NaN,NaN,0
0.02585005946,0.006997142918,NaN,NaN,0
0.02585005946,0.006853979081,NaN,NaN,0
0.02585005946,0.006710814778,NaN,NaN,0
0.02585005946,0.00656765094,NaN,NaN,0
0.02585005946,0.006424486637,NaN,NaN,0
0.02585005946,0.0062813228,NaN,NaN,0
0.02585005946,0.006138158496,NaN,NaN,0
0.02585005946,0.005994994659,NaN,NaN,0
0.02585005946,0.005851830821,NaN,NaN,0
0.02585005946,0.005708666518,NaN,NaN,0
0.02585005946,0.005565502681,NaN,NaN,0
0.02585005946,0.005422338378,NaN,NaN,0
0.02585005946,0.00527917454,NaN,NaN,0
0.02585005946,0.005136010237,NaN,NaN,0
0.02585005946,0.0049928464,NaN,NaN,0
0.02585005946,0.004849682096,NaN,NaN,0
0.02585005946,0.004706518259,NaN,NaN,0
0.02585005946,0.004563353956,NaN,NaN,0
0.02585005946,0.004420190118,NaN,NaN,0
0.02585005946,0.004277025815,NaN,NaN,0
0.02585005946,0.004133861978,NaN,NaN,0
0.02585005946,0.00399069814,NaN,NaN,0
0.02585005946,0.003847533837,NaN,NaN,0
0.02585005946,0.003704369767,NaN,NaN,0
0.02585005946,0.003561205696,NaN,NaN,0
0.02585005946,0.003418041626,NaN,NaN,0
0.02585005946,0.003274877556,NaN,NaN,0
0.02585005946,0.003131713718,NaN,NaN,0
0.02585005946,0.002988549648,NaN,NaN,0
0.02585005946,0.002845385578,NaN,NaN,0
0.02585005946,0.002702221507,NaN,NaN,0
0.02585005946,0.002559057437,NaN,NaN,0
0.02585005946,0.002415893367,NaN,NaN,0
0.02585005946,0.002272729296,NaN,NaN,0
0.02585005946,0.002129565226,NaN,NaN,0
0.02585005946,0.001986401156,NaN,NaN,0
0.02585005946,0.001843237202,NaN,NaN,0
0.02585005946,0.001700073131,NaN,NaN,0
0.02585005946,0.001556909061,NaN,NaN,0
0.02585005946,0.001413744991,NaN,NaN,0
0.02585005946,0.00127058092,NaN,NaN,0
0.02585005946,0.00112741685,NaN,NaN,0
0.02585005946,0.0009842528962,NaN,NaN,0
0.02585005946,0.0008410888258,NaN,NaN,0
0.02585005946,0.0006979247555,NaN,NaN,0
0.02585005946,0.0005547606852,NaN,NaN,0
0.02585005946,0.000411596644,NaN,NaN,0
0.02585005946,0.0002684326028,NaN,NaN,0
0.02585005946,0.000125268547,NaN,NaN,0
0.02599322237,0.01916608773,NaN,NaN,0
0.02599322237,0.01902292296,NaN,NaN,0
0.02599322237,0.01887976006,NaN,NaN,0
0.02599322237,0.01873659529,NaN,NaN,0
0.02599322237,0.01859343052,NaN,NaN,0
0.02599322237,0.01845026761,NaN,NaN,0
0.02599322237,0.01830710284,NaN,NaN,0
0.02599322237,0.01816393808,NaN,NaN,0
0.02599322237,0.01802077517,NaN,NaN,0
0.02599322237,0.0178776104,NaN,NaN,0
0.02599322237,0.01773444749,NaN,NaN,0
0.02599322237,0.01759128273,NaN,NaN,0
0.02599322237,0.01744811796,NaN,NaN,0
0.02599322237,0.01730495505,NaN,NaN,0
0.02599322237,0.01716179028,NaN,NaN,0
0.02599322237,0.01701862738,NaN,NaN,0
0.02599322237,0.01687546261,NaN,NaN,0
0.02599322237,0.01673229784,NaN,NaN,0
0.02599322237,0.01658913493,NaN,NaN,0
0.02599322237,0.01644597016,NaN,NaN,0
0.02599322237,0.01630280726,NaN,NaN,0
0.02599322237,0.01615964249,NaN,NaN,0
0.02599322237,0.01601647772,NaN,NaN,0
0.02599322237,0.01587331481,NaN,NaN,0
0.02599322237,0.01573015004,NaN,NaN,0
0.02599322237,0.01558698621,NaN,NaN,0
0.02599322237,0.01544382237,NaN,NaN,0
0.02599322237,0.0153006576,NaN,NaN,0
0.02599322237,0.01515749376,NaN,NaN,0
0.02599322237,0.01501432993,NaN,NaN,0
0.02599322237,0.01487116609,NaN,NaN,0
0.02599322237,0.01472800132,NaN,NaN,0
0.02599322237,0.01458483748,NaN,NaN,0
0.02599322237,0.01444167364,NaN,NaN,0
0.02599322237,0.01429850981,NaN,NaN,0
0.02599322237,0.01415534597,NaN,NaN,0
0.02599322237,0.0140121812,NaN,NaN,0
0.02599322237,0.01386901736,NaN,NaN,0
0.02599322237,0.01372585353,NaN,NaN,0
0.02599322237,0.01358268969,NaN,NaN,0
0.02599322237,0.01343952492,NaN,NaN,0
0.02599322237,0.01329636108,NaN,NaN,0
0.02599322237,0.01315319724,NaN,NaN,0
0.02599322237,0.01301003341,NaN,NaN,0
0.02599322237,0.01286686864,NaN,NaN,0
0.02599322237,0.0127237048,NaN,NaN,0
0.02599322237,0.01258054096,NaN,NaN,0
0.02599322237,0.01243737713,NaN,NaN,0
0.02599322237,0.01229421329,NaN,NaN,0
0.02599322237,0.01215104852,NaN,NaN,0
0.02599322237,0.01200788468,NaN,NaN,0
0.02599322237,0.01186472084,NaN,NaN,0
0.02599322237,0.01172155701,NaN,NaN,0
0.02599322237,0.01157839224,NaN,NaN,0
0.02599322237,0.0114352284,NaN,NaN,0
0.02599322237,0.01129206456,NaN,NaN,0
0.02599322237,0.01114890072,NaN,NaN,0
0.02599322237,0.01100573689,NaN,NaN,0
0.02599322237,0.01086257212,NaN,NaN,0
0.02599322237,0.01071940828,NaN,NaN,0
0.02599322237,0.01057624444,NaN,NaN,0
0.02599322237,0.01043308061,NaN,NaN,0
0.02599322237,0.01028991584,NaN,NaN,0
0.02599322237,0.010146752,NaN,NaN,0
0.02599322237,0.01000358816,NaN,NaN,0
0.02599322237,0.009860424325,NaN,NaN,0
0.02599322237,0.009717259556,NaN,NaN,0
0.02599322237,0.009574095719,NaN,NaN,0
0.02599322237,0.009430931881,NaN,NaN,0
0.02599322237,0.009287768044,NaN,NaN,0
0.02599322237,0.009144604206,NaN,NaN,0
0.02599322237,0.009001439437,NaN,NaN,0
0.02599322237,0.0088582756,NaN,NaN,0
0.02599322237,0.008715111762,NaN,NaN,0
0.02599322237,0.008571947925,NaN,NaN,0
0.02599322237,0.008428783156,NaN,NaN,0
0.02599322237,0.008285619318,NaN,NaN,0
0.02599322237,0.008142455481,NaN,NaN,0
0.02599322237,0.007999291644,NaN,NaN,0
0.02599322237,0.007856126875,NaN,NaN,0
0.02599322237,0.007712963037,NaN,NaN,0
0.02599322237,0.0075697992,NaN,NaN,0
0.02599322237,0.007426635362,NaN,NaN,0
0.02599322237,0.007283471059,NaN,NaN,0
0.02599322237,0.007140307222,NaN,NaN,0
0.02599322237,0.006997142918,NaN,NaN,0
0.02599322237,0.006853979081,NaN,NaN,0
0.02599322237,0.006710814778,NaN,NaN,0
0.02599322237,0.00656765094,NaN,NaN,0
0.02599322237,0.006424486637,NaN,NaN,0
0.02599322237,0.0062813228,NaN,NaN,0
0.02599322237,0.006138158496,NaN,NaN,0
0.02599322237,0.005994994659,NaN,NaN,0
0.02599322237,0.005851830821,NaN,NaN,0
0.02599322237,0.005708666518,NaN,NaN,0
0.02599322237,0.005565502681,NaN,NaN,0
0.02599322237,0.005422338378,NaN,NaN,0
0.02599322237,0.00527917454,NaN,NaN,0
0.02599322237,0.005136010237,NaN,NaN,0
0.02599322237,0.0049928464,NaN,NaN,0
0.02599322237,0.004849682096,NaN,NaN,0
0.02599322237,0.004706518259,NaN,NaN,0
0.02599322237,0.004563353956,NaN,NaN,0
0.02599322237,0.004420190118,NaN,NaN,0
0.02599322237,0.004277025815,NaN,NaN,0
0.02599322237,0.004133861978,NaN,NaN,0
0.02599322237,0.00399069814,NaN,NaN,0
0.02599322237,0.003847533837,NaN,NaN,0
0.02599322237,0.003704369767,NaN,NaN,0
0.02599322237,0.003561205696,NaN,NaN,0
0.02599322237,0.003418041626,NaN,NaN,0
0.02599322237,0.003274877556,NaN,NaN,0
0.02599322237,0.003131713718,NaN,NaN,0
0.02599322237,0.002988549648,NaN,NaN,0
0.02599322237,0.002845385578,NaN,NaN,0
0.02599322237,0.002702221507,NaN,NaN,0
0.02599322237,0.002559057437,NaN,NaN,0
0.02599322237,0.002415893367,NaN,NaN,0
0.02599322237,0.002272729296,NaN,NaN,0
0.02599322237,0.002129565226,NaN,NaN,0
0.02599322237,0.001986401156,NaN,NaN,0
0.02599322237,0.001843237202,NaN,NaN,0
0.02599322237,0.001700073131,NaN,NaN,0
0.02599322237,0.001556909061,NaN,NaN,0
0.02599322237,0.001413744991,NaN,NaN,0
0.02599322237,0.00127058092,NaN,NaN,0
0.02599322237,0.00112741685,NaN,NaN,0
0.02599322237,0.0009842528962,NaN,NaN,0
0.02599322237,0.0008410888258,NaN,NaN,0
0.02599322237,0.0006979247555,NaN,NaN,0
0.02599322237,0.0005547606852,NaN,NaN,0
0.02599322237,0.000411596644,NaN,NaN,0
0.02599322237,0.0002684326028,NaN,NaN,0
0.02599322237,0.000125268547,NaN,NaN,0
0.02613638714,0.01916608773,NaN,NaN,0
0.02613638714,0.01902292296,NaN,NaN,0
0.02613638714,0.01887976006,NaN,NaN,0
0.02613638714,0.01873659529,NaN,NaN,0
0.02613638714,0.01859343052,NaN,NaN,0
0.02613638714,0.01845026761,NaN,NaN,0
0.02613638714,0.01830710284,NaN,NaN,0
0.02613638714,0.01816393808,NaN,NaN,0
0.02613638714,0.01802077517,NaN,NaN,0
0.02613638714,0.0178776104,NaN,NaN,0
0.02613638714,0.01773444749,NaN,NaN,0
0.02613638714,0.01759128273,NaN,NaN,0
0.02613638714,0.01744811796,NaN,NaN,0
0.02613638714,0.01730495505,NaN,NaN,0
0.02613638714,0.01716179028,NaN,NaN,0
0.02613638714,0.01701862738,NaN,NaN,0
0.02613638714,0.01687546261,NaN,NaN,0
0.02613638714,0.01673229784,NaN,NaN,0
0.02613638714,0.01658913493,NaN,NaN,0
0.02613638714,0.01644597016,NaN,NaN,0
0.02613638714,0.01630280726,NaN,NaN,0
0.02613638714,0.01615964249,NaN,NaN,0
0.02613638714,0.01601647772,NaN,NaN,0
0.02613638714,0.01587331481,NaN,NaN,0
0.02613638714,0.01573015004,NaN,NaN,0
0.02613638714,0.01558698621,NaN,NaN,0
0.02613638714,0.01544382237,NaN,NaN,0
0.02613638714,0.0153006576,NaN,NaN,0
0.02613638714,0.01515749376,NaN,NaN,0
0.02613638714,0.01501432993,NaN,NaN,0
0.02613638714,0.01487116609,NaN,NaN,0
0.02613638714,0.01472800132,NaN,NaN,0
0.02613638714,0.01458483748,NaN,NaN,0
0.02613638714,0.01444167364,NaN,NaN,0
0.02613638714,0.01429850981,NaN,NaN,0
0.02613638714,0.01415534597,NaN,NaN,0
0.02613638714,0.0140121812,NaN,NaN,0
0.02613638714,0.01386901736,NaN,NaN,0
0.02613638714,0.01372585353,NaN,NaN,0
0.02613638714,0.01358268969,NaN,NaN,0
0.02613638714,0.01343952492,NaN,NaN,0
0.02613638714,0.01329636108,NaN,NaN,0
0.02613638714,0.01315319724,NaN,NaN,0
0.02613638714,0.01301003341,NaN,NaN,0
0.02613638714,0.01286686864,NaN,NaN,0
0.02613638714,0.0127237048,NaN,NaN,0
0.02613638714,0.01258054096,NaN,NaN,0
0.02613638714,0.01243737713,NaN,NaN,0
0.02613638714,0.01229421329,NaN,NaN,0
0.02613638714,0.01215104852,NaN,NaN,0
0.02613638714,0.01200788468,NaN,NaN,0
0.02613638714,0.01186472084,NaN,NaN,0
0.02613638714,0.01172155701,NaN,NaN,0
0.02613638714,0.01157839224,NaN,NaN,0
0.02613638714,0.0114352284,NaN,NaN,0
0.02613638714,0.01129206456,NaN,NaN,0
0.02613638714,0.01114890072,NaN,NaN,0
0.02613638714,0.01100573689,NaN,NaN,0
0.02613638714,0.01086257212,NaN,NaN,0
0.02613638714,0.01071940828,NaN,NaN,0
0.02613638714,0.01057624444,NaN,NaN,0
0.02613638714,0.01043308061,NaN,NaN,0
0.02613638714,0.01028991584,NaN,NaN,0
0.02613638714,0.010146752,NaN,NaN,0
0.02613638714,0.01000358816,NaN,NaN,0
0.02613638714,0.009860424325,NaN,NaN,0
0.02613638714,0.009717259556,NaN,NaN,0
0.02613638714,0.009574095719,NaN,NaN,0
0.02613638714,0.009430931881,NaN,NaN,0
0.02613638714,0.009287768044,NaN,NaN,0
0.02613638714,0.009144604206,NaN,NaN,0
0.02613638714,0.009001439437,NaN,NaN,0
0.02613638714,0.0088582756,NaN,NaN,0
0.02613638714,0.008715111762,NaN,NaN,0
0.02613638714,0.008571947925,NaN,NaN,0
0.02613638714,0.008428783156,NaN,NaN,0
0.02613638714,0.008285619318,NaN,NaN,0
0.02613638714,0.008142455481,NaN,NaN,0
0.02613638714,0.007999291644,NaN,NaN,0
0.02613638714,0.007856126875,NaN,NaN,0
0.02613638714,0.007712963037,NaN,NaN,0
0.02613638714,0.0075697992,NaN,NaN,0
0.02613638714,0.007426635362,NaN,NaN,0
0.02613638714,0.007283471059,NaN,NaN,0
0.02613638714,0.007140307222,NaN,NaN,0
0.02613638714,0.006997142918,NaN,NaN,0
0.02613638714,0.006853979081,NaN,NaN,0
0.02613638714,0.006710814778,NaN,NaN,0
0.02613638714,0.00656765094,NaN,NaN,0
0.02613638714,0.006424486637,NaN,NaN,0
0.02613638714,0.0062813228,NaN,NaN,0
0.02613638714,0.006138158496,NaN,NaN,0
0.02613638714,0.005994994659,NaN,NaN,0
0.02613638714,0.005851830821,NaN,NaN,0
0.02613638714,0.005708666518,NaN,NaN,0
0.02613638714,0.005565502681,NaN,NaN,0
0.02613638714,0.005422338378,NaN,NaN,0
0.02613638714,0.00527917454,NaN,NaN,0
0.02613638714,0.005136010237,NaN,NaN,0
0.02613638714,0.0049928464,NaN,NaN,0
0.02613638714,0.004849682096,NaN,NaN,0
0.02613638714,0.004706518259,NaN,NaN,0
0.02613638714,0.004563353956,NaN,NaN,0
0.02613638714,0.004420190118,NaN,NaN,0
0.02613638714,0.004277025815,NaN,NaN,0
0.02613638714,0.004133861978,NaN,NaN,0
0.02613638714,0.00399069814,NaN,NaN,0
0.02613638714,0.003847533837,NaN,NaN,0
0.02613638714,0.003704369767,NaN,NaN,0
0.02613638714,0.003561205696,NaN,NaN,0
0.02613638714,0.003418041626,NaN,NaN,0
0.02613638714,0.003274877556,NaN,NaN,0
0.02613638714,0.003131713718,NaN,NaN,0
0.02613638714,0.002988549648,NaN,NaN,0
0.02613638714,0.002845385578,NaN,NaN,0
0.02613638714,0.002702221507,NaN,NaN,0
0.02613638714,0.002559057437,NaN,NaN,0
0.02613638714,0.002415893367,NaN,NaN,0
0.02613638714,0.002272729296,NaN,NaN,0
0.02613638714,0.002129565226,NaN,NaN,0
0.02613638714,0.001986401156,NaN,NaN,0
0.02613638714,0.001843237202,NaN,NaN,0
0.02613638714,0.001700073131,NaN,NaN,0
0.02613638714,0.001556909061,NaN,NaN,0
0.02613638714,0.001413744991,NaN,NaN,0
0.02613638714,0.00127058092,NaN,NaN,0
0.02613638714,0.00112741685,NaN,NaN,0
0.02613638714,0.0009842528962,NaN,NaN,0
0.02613638714,0.0008410888258,NaN,NaN,0
0.02613638714,0.0006979247555,NaN,NaN,0
0.02613638714,0.0005547606852,NaN,NaN,0
0.02613638714,0.000411596644,NaN,NaN,0
0.02613638714,0.0002684326028,NaN,NaN,0
0.02613638714,0.000125268547,NaN,NaN,0
0.02627955191,0.01916608773,NaN,NaN,0
0.02627955191,0.01902292296,NaN,NaN,0
0.02627955191,0.01887976006,NaN,NaN,0
0.02627955191,0.01873659529,NaN,NaN,0
0.02627955191,0.01859343052,NaN,NaN,0
0.02627955191,0.01845026761,NaN,NaN,0
0.02627955191,0.01830710284,NaN,NaN,0
0.02627955191,0.01816393808,NaN,NaN,0
0.02627955191,0.01802077517,NaN,NaN,0
0.02627955191,0.0178776104,NaN,NaN,0
0.02627955191,0.01773444749,NaN,NaN,0
0.02627955191,0.01759128273,NaN,NaN,0
0.02627955191,0.01744811796,NaN,NaN,0
0.02627955191,0.01730495505,NaN,NaN,0
0.02627955191,0.01716179028,NaN,NaN,0
0.02627955191,0.01701862738,NaN,NaN,0
0.02627955191,0.01687546261,NaN,NaN,0
0.02627955191,0.01673229784,NaN,NaN,0
0.02627955191,0.01658913493,NaN,NaN,0
0.02627955191,0.01644597016,NaN,NaN,0
0.02627955191,0.01630280726,NaN,NaN,0
0.02627955191,0.01615964249,NaN,NaN,0
0.02627955191,0.01601647772,NaN,NaN,0
0.02627955191,0.01587331481,NaN,NaN,0
0.02627955191,0.01573015004,NaN,NaN,0
0.02627955191,0.01558698621,NaN,NaN,0
0.02627955191,0.01544382237,NaN,NaN,0
0.02627955191,0.0153006576,NaN,NaN,0
0.02627955191,0.01515749376,NaN,NaN,0
0.02627955191,0.01501432993,NaN,NaN,0
0.02627955191,0.01487116609,NaN,NaN,0
0.02627955191,0.01472800132,NaN,NaN,0
0.02627955191,0.01458483748,NaN,NaN,0
0.02627955191,0.01444167364,NaN,NaN,0
0.02627955191,0.01429850981,NaN,NaN,0
0.02627955191,0.01415534597,NaN,NaN,0
0.02627955191,0.0140121812,NaN,NaN,0
0.02627955191,0.01386901736,NaN,NaN,0
0.02627955191,0.01372585353,NaN,NaN,0
0.02627955191,0.01358268969,NaN,NaN,0
0.02627955191,0.01343952492,NaN,NaN,0
0.02627955191,0.01329636108,NaN,NaN,0
0.02627955191,0.01315319724,NaN,NaN,0
0.02627955191,0.01301003341,NaN,NaN,0
0.02627955191,0.01286686864,NaN,NaN,0
0.02627955191,0.0127237048,NaN,NaN,0
0.02627955191,0.01258054096,NaN,NaN,0
0.02627955191,0.01243737713,NaN,NaN,0
0.02627955191,0.01229421329,NaN,NaN,0
0.02627955191,0.01215104852,NaN,NaN,0
0.02627955191,0.01200788468,NaN,NaN,0
0.02627955191,0.01186472084,NaN,NaN,0
0.02627955191,0.01172155701,NaN,NaN,0
0.02627955191,0.01157839224,NaN,NaN,0
0.02627955191,0.0114352284,NaN,NaN,0
0.02627955191,0.01129206456,NaN,NaN,0
0.02627955191,0.01114890072,NaN,NaN,0
0.02627955191,0.01100573689,NaN,NaN,0
0.02627955191,0.01086257212,NaN,NaN,0
0.02627955191,0.01071940828,NaN,NaN,0
0.02627955191,0.01057624444,NaN,NaN,0
0.02627955191,0.01043308061,NaN,NaN,0
0.02627955191,0.01028991584,NaN,NaN,0
0.02627955191,0.010146752,NaN,NaN,0
0.02627955191,0.01000358816,NaN,NaN,0
0.02627955191,0.009860424325,NaN,NaN,0
0.02627955191,0.009717259556,NaN,NaN,0
0.02627955191,0.009574095719,NaN,NaN,0
0.02627955191,0.009430931881,NaN,NaN,0
0.02627955191,0.009287768044,NaN,NaN,0
0.02627955191,0.009144604206,NaN,NaN,0
0.02627955191,0.009001439437,NaN,NaN,0
0.02627955191,0.0088582756,NaN,NaN,0
0.02627955191,0.008715111762,NaN,NaN,0
0.02627955191,0.008571947925,NaN,NaN,0
0.02627955191,0.008428783156,NaN,NaN,0
0.02627955191,0.008285619318,NaN,NaN,0
0.02627955191,0.008142455481,NaN,NaN,0
0.02627955191,0.007999291644,NaN,NaN,0
0.02627955191,0.007856126875,NaN,NaN,0
0.02627955191,0.007712963037,NaN,NaN,0
0.02627955191,0.0075697992,NaN,NaN,0
0.02627955191,0.007426635362,NaN,NaN,0
0.02627955191,0.007283471059,NaN,NaN,0
0.02627955191,0.007140307222,NaN,NaN,0
0.02627955191,0.006997142918,NaN,NaN,0
0.02627955191,0.006853979081,NaN,NaN,0
0.02627955191,0.006710814778,NaN,NaN,0
0.02627955191,0.00656765094,NaN,NaN,0
0.02627955191,0.006424486637,NaN,NaN,0
0.02627955191,0.0062813228,NaN,NaN,0
0.02627955191,0.006138158496,NaN,NaN,0
0.02627955191,0.005994994659,NaN,NaN,0
0.02627955191,0.005851830821,NaN,NaN,0
0.02627955191,0.005708666518,NaN,NaN,0
0.02627955191,0.005565502681,NaN,NaN,0
0.02627955191,0.005422338378,NaN,NaN,0
0.02627955191,0.00527917454,NaN,NaN,0
0.02627955191,0.005136010237,NaN,NaN,0
0.02627955191,0.0049928464,NaN,NaN,0
0.02627955191,0.004849682096,NaN,NaN,0
0.02627955191,0.004706518259,NaN,NaN,0
0.02627955191,0.004563353956,NaN,NaN,0
0.02627955191,0.004420190118,NaN,NaN,0
0.02627955191,0.004277025815,NaN,NaN,0
0.02627955191,0.004133861978,NaN,NaN,0
0.02627955191,0.00399069814,NaN,NaN,0
0.02627955191,0.003847533837,NaN,NaN,0
0.02627955191,0.003704369767,NaN,NaN,0
0.02627955191,0.003561205696,NaN,NaN,0
0.02627955191,0.003418041626,NaN,NaN,0
0.02627955191,0.003274877556,NaN,NaN,0
0.02627955191,0.003131713718,NaN,NaN,0
0.02627955191,0.002988549648,NaN,NaN,0
0.02627955191,0.002845385578,NaN,NaN,0
0.02627955191,0.002702221507,NaN,NaN,0
0.02627955191,0.002559057437,NaN,NaN,0
0.02627955191,0.002415893367,NaN,NaN,0
0.02627955191,0.002272729296,NaN,NaN,0
0.02627955191,0.002129565226,NaN,NaN,0
0.02627955191,0.001986401156,NaN,NaN,0
0.02627955191,0.001843237202,NaN,NaN,0
0.02627955191,0.001700073131,NaN,NaN,0
0.02627955191,0.001556909061,NaN,NaN,0
0.02627955191,0.001413744991,NaN,NaN,0
0.02627955191,0.00127058092,NaN,NaN,0
0.02627955191,0.00112741685,NaN,NaN,0
0.02627955191,0.0009842528962,NaN,NaN,0
0.02627955191,0.0008410888258,NaN,NaN,0
0.02627955191,0.0006979247555,NaN,NaN,0
0.02627955191,0.0005547606852,NaN,NaN,0
0.02627955191,0.000411596644,NaN,NaN,0
0.02627955191,0.0002684326028,NaN,NaN,0
0.02627955191,0.000125268547,NaN,NaN,0
0.02642271481,0.01916608773,NaN,NaN,0
0.02642271481,0.01902292296,NaN,NaN,0
0.02642271481,0.01887976006,NaN,NaN,0
0.02642271481,0.01873659529,NaN,NaN,0
0.02642271481,0.01859343052,NaN,NaN,0
0.02642271481,0.01845026761,NaN,NaN,0
0.02642271481,0.01830710284,NaN,NaN,0
0.02642271481,0.01816393808,NaN,NaN,0
0.02642271481,0.01802077517,NaN,NaN,0
0.02642271481,0.0178776104,NaN,NaN,0
0.02642271481,0.01773444749,NaN,NaN,0
0.02642271481,0.01759128273,NaN,NaN,0
0.02642271481,0.01744811796,NaN,NaN,0
0.02642271481,0.01730495505,NaN,NaN,0
0.02642271481,0.01716179028,NaN,NaN,0
0.02642271481,0.01701862738,NaN,NaN,0
0.02642271481,0.01687546261,NaN,NaN,0
0.02642271481,0.01673229784,NaN,NaN,0
0.02642271481,0.01658913493,NaN,NaN,0
0.02642271481,0.01644597016,NaN,NaN,0
0.02642271481,0.01630280726,NaN,NaN,0
0.02642271481,0.01615964249,NaN,NaN,0
0.02642271481,0.01601647772,NaN,NaN,0
0.02642271481,0.01587331481,NaN,NaN,0
0.02642271481,0.01573015004,NaN,NaN,0
0.02642271481,0.01558698621,NaN,NaN,0
0.02642271481,0.01544382237,NaN,NaN,0
0.02642271481,0.0153006576,NaN,NaN,0
0.02642271481,0.01515749376,NaN,NaN,0
0.02642271481,0.01501432993,NaN,NaN,0
0.02642271481,0.01487116609,NaN,NaN,0
0.02642271481,0.01472800132,NaN,NaN,0
0.02642271481,0.01458483748,NaN,NaN,0
0.02642271481,0.01444167364,NaN,NaN,0
0.02642271481,0.01429850981,NaN,NaN,0
0.02642271481,0.01415534597,NaN,NaN,0
0.02642271481,0.0140121812,NaN,NaN,0
0.02642271481,0.01386901736,NaN,NaN,0
0.02642271481,0.01372585353,NaN,NaN,0
0.02642271481,0.01358268969,NaN,NaN,0
0.02642271481,0.01343952492,NaN,NaN,0
0.02642271481,0.01329636108,NaN,NaN,0
0.02642271481,0.01315319724,NaN,NaN,0
0.02642271481,0.01301003341,NaN,NaN,0
0.02642271481,0.01286686864,NaN,NaN,0
0.02642271481,0.0127237048,NaN,NaN,0
0.02642271481,0.01258054096,NaN,NaN,0
0.02642271481,0.01243737713,NaN,NaN,0
0.02642271481,0.01229421329,NaN,NaN,0
0.02642271481,0.01215104852,NaN,NaN,0
0.02642271481,0.01200788468,NaN,NaN,0
0.02642271481,0.01186472084,NaN,NaN,0
0.02642271481,0.01172155701,NaN,NaN,0
0.02642271481,0.01157839224,NaN,NaN,0
0.02642271481,0.0114352284,NaN,NaN,0
0.02642271481,0.01129206456,NaN,NaN,0
0.02642271481,0.01114890072,NaN,NaN,0
0.02642271481,0.01100573689,NaN,NaN,0
0.02642271481,0.01086257212,NaN,NaN,0
0.02642271481,0.01071940828,NaN,NaN,0
0.02642271481,0.01057624444,NaN,NaN,0
0.02642271481,0.01043308061,NaN,NaN,0
0.02642271481,0.01028991584,NaN,NaN,0
0.02642271481,0.010146752,NaN,NaN,0
0.02642271481,0.01000358816,NaN,NaN,0
0.02642271481,0.009860424325,NaN,NaN,0
0.02642271481,0.009717259556,NaN,NaN,0
0.02642271481,0.009574095719,NaN,NaN,0
0.02642271481,0.009430931881,NaN,NaN,0
0.02642271481,0.009287768044,NaN,NaN,0
0.02642271481,0.009144604206,NaN,NaN,0
0.02642271481,0.009001439437,NaN,NaN,0
0.02642271481,0.0088582756,NaN,NaN,0
0.02642271481,0.008715111762,NaN,NaN,0
0.02642271481,0.008571947925,NaN,NaN,0
0.02642271481,0.008428783156,NaN,NaN,0
0.02642271481,0.008285619318,NaN,NaN,0
0.02642271481,0.008142455481,NaN,NaN,0
0.02642271481,0.007999291644,NaN,NaN,0
0.02642271481,0.007856126875,NaN,NaN,0
0.02642271481,0.007712963037,NaN,NaN,0
0.02642271481,0.0075697992,NaN,NaN,0
0.02642271481,0.007426635362,NaN,NaN,0
0.02642271481,0.007283471059,NaN,NaN,0
0.02642271481,0.007140307222,NaN,NaN,0
0.02642271481,0.006997142918,NaN,NaN,0
0.02642271481,0.006853979081,NaN,NaN,0
0.02642271481,0.006710814778,NaN,NaN,0
0.02642271481,0.00656765094,NaN,NaN,0
0.02642271481,0.006424486637,NaN,NaN,0
0.02642271481,0.0062813228,NaN,NaN,0
0.02642271481,0.006138158496,NaN,NaN,0
0.02642271481,0.005994994659,NaN,NaN,0
0.02642271481,0.005851830821,NaN,NaN,0
0.02642271481,0.005708666518,NaN,NaN,0
0.02642271481,0.005565502681,NaN,NaN,0
0.02642271481,0.005422338378,NaN,NaN,0
0.02642271481,0.00527917454,NaN,NaN,0
0.02642271481,0.005136010237,NaN,NaN,0
0.02642271481,0.0049928464,NaN,NaN,0
0.02642271481,0.004849682096,NaN,NaN,0
0.02642271481,0.004706518259,NaN,NaN,0
0.02642271481,0.004563353956,NaN,NaN,0
0.02642271481,0.004420190118,NaN,NaN,0
0.02642271481,0.004277025815,NaN,NaN,0
0.02642271481,0.004133861978,NaN,NaN,0
0.02642271481,0.00399069814,NaN,NaN,0
0.02642271481,0.003847533837,NaN,NaN,0
0.02642271481,0.003704369767,NaN,NaN,0
0.02642271481,0.003561205696,NaN,NaN,0
0.02642271481,0.003418041626,NaN,NaN,0
0.02642271481,0.003274877556,NaN,NaN,0
0.02642271481,0.003131713718,NaN,NaN,0
0.02642271481,0.002988549648,NaN,NaN,0
0.02642271481,0.002845385578,NaN,NaN,0
0.02642271481,0.002702221507,NaN,NaN,0
0.02642271481,0.002559057437,NaN,NaN,0
0.02642271481,0.002415893367,NaN,NaN,0
0.02642271481,0.002272729296,NaN,NaN,0
0.02642271481,0.002129565226,NaN,NaN,0
0.02642271481,0.001986401156,NaN,NaN,0
0.02642271481,0.001843237202,NaN,NaN,0
0.02642271481,0.001700073131,NaN,NaN,0
0.02642271481,0.001556909061,NaN,NaN,0
0.02642271481,0.001413744991,NaN,NaN,0
0.02642271481,0.00127058092,NaN,NaN,0
0.02642271481,0.00112741685,NaN,NaN,0
0.02642271481,0.0009842528962,NaN,NaN,0
0.02642271481,0.0008410888258,NaN,NaN,0
0.02642271481,0.0006979247555,NaN,NaN,0
0.02642271481,0.0005547606852,NaN,NaN,0
0.02642271481,0.000411596644,NaN,NaN,0
0.02642271481,0.0002684326028,NaN,NaN,0
0.02642271481,0.000125268547,NaN,NaN,0
0.02656587958,0.01916608773,NaN,NaN,0
0.02656587958,0.01902292296,NaN,NaN,0
0.02656587958,0.01887976006,NaN,NaN,0
0.02656587958,0.01873659529,NaN,NaN,0
0.02656587958,0.01859343052,NaN,NaN,0
0.02656587958,0.01845026761,NaN,NaN,0
0.02656587958,0.01830710284,NaN,NaN,0
0.02656587958,0.01816393808,NaN,NaN,0
0.02656587958,0.01802077517,NaN,NaN,0
0.02656587958,0.0178776104,NaN,NaN,0
0.02656587958,0.01773444749,NaN,NaN,0
0.02656587958,0.01759128273,NaN,NaN,0
0.02656587958,0.01744811796,NaN,NaN,0
0.02656587958,0.01730495505,NaN,NaN,0
0.02656587958,0.01716179028,NaN,NaN,0
0.02656587958,0.01701862738,NaN,NaN,0
0.02656587958,0.01687546261,NaN,NaN,0
0.02656587958,0.01673229784,NaN,NaN,0
0.02656587958,0.01658913493,NaN,NaN,0
0.02656587958,0.01644597016,NaN,NaN,0
0.02656587958,0.01630280726,NaN,NaN,0
0.02656587958,0.01615964249,NaN,NaN,0
0.02656587958,0.01601647772,NaN,NaN,0
0.02656587958,0.01587331481,NaN,NaN,0
0.02656587958,0.01573015004,NaN,NaN,0
0.02656587958,0.01558698621,NaN,NaN,0
0.02656587958,0.01544382237,NaN,NaN,0
0.02656587958,0.0153006576,NaN,NaN,0
0.02656587958,0.01515749376,NaN,NaN,0
0.02656587958,0.01501432993,NaN,NaN,0
0.02656587958,0.01487116609,NaN,NaN,0
0.02656587958,0.01472800132,NaN,NaN,0
0.02656587958,0.01458483748,NaN,NaN,0
0.02656587958,0.01444167364,NaN,NaN,0
0.02656587958,0.01429850981,NaN,NaN,0
0.02656587958,0.01415534597,NaN,NaN,0
0.02656587958,0.0140121812,NaN,NaN,0
0.02656587958,0.01386901736,NaN,NaN,0
0.02656587958,0.01372585353,NaN,NaN,0
0.02656587958,0.01358268969,NaN,NaN,0
0.02656587958,0.01343952492,NaN,NaN,0
0.02656587958,0.01329636108,NaN,NaN,0
0.02656587958,0.01315319724,NaN,NaN,0
0.02656587958,0.01301003341,NaN,NaN,0
0.02656587958,0.01286686864,NaN,NaN,0
0.02656587958,0.0127237048,NaN,NaN,0
0.02656587958,0.01258054096,NaN,NaN,0
0.02656587958,0.01243737713,NaN,NaN,0
0.02656587958,0.01229421329,NaN,NaN,0
0.02656587958,0.01215104852,NaN,NaN,0
0.02656587958,0.01200788468,NaN,NaN,0
0.02656587958,0.01186472084,NaN,NaN,0
0.02656587958,0.01172155701,NaN,NaN,0
0.02656587958,0.01157839224,NaN,NaN,0
0.02656587958,0.0114352284,NaN,NaN,0
0.02656587958,0.01129206456,NaN,NaN,0
0.02656587958,0.01114890072,NaN,NaN,0
0.02656587958,0.01100573689,NaN,NaN,0
0.02656587958,0.01086257212,NaN,NaN,0
0.02656587958,0.01071940828,NaN,NaN,0
0.02656587958,0.01057624444,NaN,NaN,0
0.02656587958,0.01043308061,NaN,NaN,0
0.02656587958,0.01028991584,NaN,NaN,0
0.02656587958,0.010146752,NaN,NaN,0
0.02656587958,0.01000358816,NaN,NaN,0
0.02656587958,0.009860424325,NaN,NaN,0
0.02656587958,0.009717259556,NaN,NaN,0
0.02656587958,0.009574095719,NaN,NaN,0
0.02656587958,0.009430931881,NaN,NaN,0
0.02656587958,0.009287768044,NaN,NaN,0
0.02656587958,0.009144604206,NaN,NaN,0
0.02656587958,0.009001439437,NaN,NaN,0
0.02656587958,0.0088582756,NaN,NaN,0
0.02656587958,0.008715111762,NaN,NaN,0
0.02656587958,0.008571947925,NaN,NaN,0
0.02656587958,0.008428783156,NaN,NaN,0
0.02656587958,0.008285619318,NaN,NaN,0
0.02656587958,0.008142455481,NaN,NaN,0
0.02656587958,0.007999291644,NaN,NaN,0
0.02656587958,0.007856126875,NaN,NaN,0
0.02656587958,0.007712963037,NaN,NaN,0
0.02656587958,0.0075697992,NaN,NaN,0
0.02656587958,0.007426635362,NaN,NaN,0
0.02656587958,0.007283471059,NaN,NaN,0
0.02656587958,0.007140307222,NaN,NaN,0
0.02656587958,0.006997142918,NaN,NaN,0
0.02656587958,0.006853979081,NaN,NaN,0
0.02656587958,0.006710814778,NaN,NaN,0
0.02656587958,0.00656765094,NaN,NaN,0
0.02656587958,0.006424486637,NaN,NaN,0
0.02656587958,0.0062813228,NaN,NaN,0
0.02656587958,0.006138158496,NaN,NaN,0
0.02656587958,0.005994994659,NaN,NaN,0
0.02656587958,0.005851830821,NaN,NaN,0
0.02656587958,0.005708666518,NaN,NaN,0
0.02656587958,0.005565502681,NaN,NaN,0
0.02656587958,0.005422338378,NaN,NaN,0
0.02656587958,0.00527917454,NaN,NaN,0
0.02656587958,0.005136010237,NaN,NaN,0
0.02656587958,0.0049928464,NaN,NaN,0
0.02656587958,0.004849682096,NaN,NaN,0
0.02656587958,0.004706518259,NaN,NaN,0
0.02656587958,0.004563353956,NaN,NaN,0
0.02656587958,0.004420190118,NaN,NaN,0
0.02656587958,0.004277025815,NaN,NaN,0
0.02656587958,0.004133861978,NaN,NaN,0
0.02656587958,0.00399069814,NaN,NaN,0
0.02656587958,0.003847533837,NaN,NaN,0
0.02656587958,0.003704369767,NaN,NaN,0
0.02656587958,0.003561205696,NaN,NaN,0
0.02656587958,0.003418041626,NaN,NaN,0
0.02656587958,0.003274877556,NaN,NaN,0
0.02656587958,0.003131713718,NaN,NaN,0
0.02656587958,0.002988549648,NaN,NaN,0
0.02656587958,0.002845385578,NaN,NaN,0
0.02656587958,0.002702221507,NaN,NaN,0
0.02656587958,0.002559057437,NaN,NaN,0
0.02656587958,0.002415893367,NaN,NaN,0
0.02656587958,0.002272729296,NaN,NaN,0
0.02656587958,0.002129565226,NaN,NaN,0
0.02656587958,0.001986401156,NaN,NaN,0
0.02656587958,0.001843237202,NaN,NaN,0
0.02656587958,0.001700073131,NaN,NaN,0
0.02656587958,0.001556909061,NaN,NaN,0
0.02656587958,0.001413744991,NaN,NaN,0
0.02656587958,0.00127058092,NaN,NaN,0
0.02656587958,0.00112741685,NaN,NaN,0
0.02656587958,0.0009842528962,NaN,NaN,0
0.02656587958,0.0008410888258,NaN,NaN,0
0.02656587958,0.0006979247555,NaN,NaN,0
0.02656587958,0.0005547606852,NaN,NaN,0
0.02656587958,0.000411596644,NaN,NaN,0
0.02656587958,0.0002684326028,NaN,NaN,0
0.02656587958,0.000125268547,NaN,NaN,0
0.02670904249,0.01916608773,NaN,NaN,0
0.02670904249,0.01902292296,NaN,NaN,0
0.02670904249,0.01887976006,NaN,NaN,0
0.02670904249,0.01873659529,NaN,NaN,0
0.02670904249,0.01859343052,NaN,NaN,0
0.02670904249,0.01845026761,NaN,NaN,0
0.02670904249,0.01830710284,NaN,NaN,0
0.02670904249,0.01816393808,NaN,NaN,0
0.02670904249,0.01802077517,NaN,NaN,0
0.02670904249,0.0178776104,NaN,NaN,0
0.02670904249,0.01773444749,NaN,NaN,0
0.02670904249,0.01759128273,NaN,NaN,0
0.02670904249,0.01744811796,NaN,NaN,0
0.02670904249,0.01730495505,NaN,NaN,0
0.02670904249,0.01716179028,NaN,NaN,0
0.02670904249,0.01701862738,NaN,NaN,0
0.02670904249,0.01687546261,NaN,NaN,0
0.02670904249,0.01673229784,NaN,NaN,0
0.02670904249,0.01658913493,NaN,NaN,0
0.02670904249,0.01644597016,NaN,NaN,0
0.02670904249,0.01630280726,NaN,NaN,0
0.02670904249,0.01615964249,NaN,NaN,0
0.02670904249,0.01601647772,NaN,NaN,0
0.02670904249,0.01587331481,NaN,NaN,0
0.02670904249,0.01573015004,NaN,NaN,0
0.02670904249,0.01558698621,NaN,NaN,0
0.02670904249,0.01544382237,NaN,NaN,0
0.02670904249,0.0153006576,NaN,NaN,0
0.02670904249,0.01515749376,NaN,NaN,0
0.02670904249,0.01501432993,NaN,NaN,0
0.02670904249,0.01487116609,NaN,NaN,0
0.02670904249,0.01472800132,NaN,NaN,0
0.02670904249,0.01458483748,NaN,NaN,0
0.02670904249,0.01444167364,NaN,NaN,0
0.02670904249,0.01429850981,NaN,NaN,0
0.02670904249,0.01415534597,NaN,NaN,0
0.02670904249,0.0140121812,NaN,NaN,0
0.02670904249,0.01386901736,NaN,NaN,0
0.02670904249,0.01372585353,NaN,NaN,0
0.02670904249,0.01358268969,NaN,NaN,0
0.02670904249,0.01343952492,NaN,NaN,0
0.02670904249,0.01329636108,NaN,NaN,0
0.02670904249,0.01315319724,NaN,NaN,0
0.02670904249,0.01301003341,NaN,NaN,0
0.02670904249,0.01286686864,NaN,NaN,0
0.02670904249,0.0127237048,NaN,NaN,0
0.02670904249,0.01258054096,NaN,NaN,0
0.02670904249,0.01243737713,NaN,NaN,0
0.02670904249,0.01229421329,NaN,NaN,0
0.02670904249,0.01215104852,NaN,NaN,0
0.02670904249,0.01200788468,NaN,NaN,0
0.02670904249,0.01186472084,NaN,NaN,0
0.02670904249,0.01172155701,NaN,NaN,0
0.02670904249,0.01157839224,NaN,NaN,0
0.02670904249,0.0114352284,NaN,NaN,0
0.02670904249,0.01129206456,NaN,NaN,0
0.02670904249,0.01114890072,NaN,NaN,0
0.02670904249,0.01100573689,NaN,NaN,0
0.02670904249,0.01086257212,NaN,NaN,0
0.02670904249,0.01071940828,NaN,NaN,0
0.02670904249,0.01057624444,NaN,NaN,0
0.02670904249,0.01043308061,NaN,NaN,0
0.02670904249,0.01028991584,NaN,NaN,0
0.02670904249,0.010146752,NaN,NaN,0
0.02670904249,0.01000358816,NaN,NaN,0
0.02670904249,0.009860424325,NaN,NaN,0
0.02670904249,0.009717259556,NaN,NaN,0
0.02670904249,0.009574095719,NaN,NaN,0
0.02670904249,0.009430931881,NaN,NaN,0
0.02670904249,0.009287768044,NaN,NaN,0
0.02670904249,0.009144604206,NaN,NaN,0
0.02670904249,0.009001439437,NaN,NaN,0
0.02670904249,0.0088582756,NaN,NaN,0
0.02670904249,0.008715111762,NaN,NaN,0
0.02670904249,0.008571947925,NaN,NaN,0
0.02670904249,0.008428783156,NaN,NaN,0
0.02670904249,0.008285619318,NaN,NaN,0
0.02670904249,0.008142455481,NaN,NaN,0
0.02670904249,0.007999291644,NaN,NaN,0
0.02670904249,0.007856126875,NaN,NaN,0
0.02670904249,0.007712963037,NaN,NaN,0
0.02670904249,0.0075697992,NaN,NaN,0
0.02670904249,0.007426635362,NaN,NaN,0
0.02670904249,0.007283471059,NaN,NaN,0
0.02670904249,0.007140307222,NaN,NaN,0
0.02670904249,0.006997142918,NaN,NaN,0
0.02670904249,0.006853979081,NaN,NaN,0
0.02670904249,0.006710814778,NaN,NaN,0
0.02670904249,0.00656765094,NaN,NaN,0
0.02670904249,0.006424486637,NaN,NaN,0
0.02670904249,0.0062813228,NaN,NaN,0
0.02670904249,0.006138158496,NaN,NaN,0
0.02670904249,0.005994994659,NaN,NaN,0
0.02670904249,0.005851830821,NaN,NaN,0
0.02670904249,0.005708666518,NaN,NaN,0
0.02670904249,0.005565502681,NaN,NaN,0
0.02670904249,0.005422338378,NaN,NaN,0
0.02670904249,0.00527917454,NaN,NaN,0
0.02670904249,0.005136010237,NaN,NaN,0
0.02670904249,0.0049928464,NaN,NaN,0
0.02670904249,0.004849682096,NaN,NaN,0
0.02670904249,0.004706518259,NaN,NaN,0
0.02670904249,0.004563353956,NaN,NaN,0
0.02670904249,0.004420190118,NaN,NaN,0
0.02670904249,0.004277025815,NaN,NaN,0
0.02670904249,0.004133861978,NaN,NaN,0
0.02670904249,0.00399069814,NaN,NaN,0
0.02670904249,0.003847533837,NaN,NaN,0
0.02670904249,0.003704369767,NaN,NaN,0
0.02670904249,0.003561205696,NaN,NaN,0
0.02670904249,0.003418041626,NaN,NaN,0
0.02670904249,0.003274877556,NaN,NaN,0
0.02670904249,0.003131713718,NaN,NaN,0
0.02670904249,0.002988549648,NaN,NaN,0
0.02670904249,0.002845385578,NaN,NaN,0
0.02670904249,0.002702221507,NaN,NaN,0
0.02670904249,0.002559057437,NaN,NaN,0
0.02670904249,0.002415893367,NaN,NaN,0
0.02670904249,0.002272729296,NaN,NaN,0
0.02670904249,0.002129565226,NaN,NaN,0
0.02670904249,0.001986401156,NaN,NaN,0
0.02670904249,0.001843237202,NaN,NaN,0
0.02670904249,0.001700073131,NaN,NaN,0
0.02670904249,0.001556909061,NaN,NaN,0
0.02670904249,0.001413744991,NaN,NaN,0
0.02670904249,0.00127058092,NaN,NaN,0
0.02670904249,0.00112741685,NaN,NaN,0
0.02670904249,0.0009842528962,NaN,NaN,0
0.02670904249,0.0008410888258,NaN,NaN,0
0.02670904249,0.0006979247555,NaN,NaN,0
0.02670904249,0.0005547606852,NaN,NaN,0
0.02670904249,0.000411596644,NaN,NaN,0
0.02670904249,0.0002684326028,NaN,NaN,0
0.02670904249,0.000125268547,NaN,NaN,0
