x [m],y [m],u [m/s],v [m/s],Vector type [-]
0.02647239529,0.04838907719,-0.01578225195,-0.003536275821,1
0.02647239529,0.050359115,-0.0375206992,-0.007857965305,1
0.02647239529,0.05232915282,-0.02699558251,-0.004213595297,1
0.02647239529,0.05429919064,-0.03171841055,-0.007675016299,1
0.02647239529,0.05626922846,-0.0410140045,-0.007994577289,1
0.02647239529,0.05823927,-0.0434622094,-0.004820768256,1
0.02647239529,0.06020930782,-0.05217944086,-0.00767480256,1
0.02647239529,0.06217934564,-0.05433410034,-0.01241616067,1
0.02647239529,0.06414938718,-0.05564066768,-0.01331838313,1
0.02647239529,0.066119425,-0.06265374273,-0.01417518593,1
0.02647239529,0.06808946282,-0.06048791856,-0.008399819955,1
0.02647239529,0.07005950063,-0.05837470293,-0.008358912542,1
0.02647239529,0.07202953845,-0.0549656488,-0.004787828308,1
0.02647239529,0.07399957627,-0.05265015736,-0.0003504386987,1
0.02647239529,0.07596961409,-0.04785627872,0.004737556446,1
0.02647239529,0.07793965936,-0.04821475223,0.003779366612,1
0.02647239529,0.07990969718,-0.05289644375,0.003525462933,1
0.02647239529,0.08187973499,-0.05203877762,0.000745222962,1
0.02647239529,0.08384977281,-0.04932814837,0.001339939539,1
0.02647239529,0.08581981063,-0.04589785263,0.002438206458,1
0.02647239529,0.08778984845,-0.04716292024,0.005087592639,1
0.02647239529,0.08975988626,-0.04204919189,-0.004602366593,1
0.02647239529,0.09172992408,-0.03761133552,-0.003609494772,1
0.02647239529,0.0936999619,-0.04095960781,-0.001377530629,1
0.02647239529,0.09567000717,-0.03678810969,0.003890239866,1
0.02647239529,0.09764004499,-0.0381568931,0.003925464582,2
0.02647239529,0.09961008281,-0.03782531619,0.006258317269,1
0.02647239529,0.1015801206,-0.04288254306,0.003945599776,1
0.02647239529,0.1035501584,-0.04446828365,0.001912920503,1
0.02647239529,0.1055201963,-0.04462660849,0.004447406158,1
0.02647239529,0.1074902341,-0.04469870403,0.008342279121,1
0.02647239529,0.1094602719,-0.0421048291,0.008163262159,1
0.02647239529,0.1114303172,-0.04051334783,0.008812237531,1
0.02647239529,0.113400355,-0.03704299405,0.009319999255,1
0.02647239529,0.1153703928,-0.0271897614,0.005105177406,2
0.02647239529,0.1173404306,-0.01589521766,0.007222270127,1
0.0284424331,0.04838907719,-0.0194175709,-0.00895634573,1
0.0284424331,0.050359115,-0.02093232237,-0.004150819499,1
0.0284424331,0.05232915282,-0.02221156284,-0.001661327668,1
0.0284424331,0.05429919064,-0.0285390988,-8.790466381e-05,1
0.0284424331,0.05626922846,-0.03398929536,0.004224401433,1
0.0284424331,0.05823927,-0.04132469743,0.003679256421,1
0.0284424331,0.06020930782,-0.04782154039,0.002286510775,1
0.0284424331,0.06217934564,-0.05142787844,0.0003048995568,1
0.0284424331,0.06414938718,-0.05034441873,-0.01262006816,1
0.0284424331,0.066119425,-0.05337809399,-0.008539362811,1
0.0284424331,0.06808946282,-0.0550201647,-0.004995175172,1
0.0284424331,0.07005950063,-0.05649811774,-0.003111515893,1
0.0284424331,0.07202953845,-0.05591430143,0.0005437316722,1
0.0284424331,0.07399957627,-0.05249280483,0.001208319794,1
0.0284424331,0.07596961409,-0.05081599206,-0.0001036616814,1
0.0284424331,0.07793965936,-0.0495053418,-0.002249556128,1
0.0284424331,0.07990969718,-0.04985393956,-0.00444379868,1
0.0284424331,0.08187973499,-0.04932464287,-0.003408050165,1
0.0284424331,0.08384977281,-0.04791651666,-0.003592303488,1
0.0284424331,0.08581981063,-0.04258198664,-0.002952156356,1
0.0284424331,0.08778984845,-0.04297498241,-0.001194194076,1
0.0284424331,0.08975988626,-0.04678484052,-0.002504785545,1
0.0284424331,0.09172992408,-0.03108889982,-0.005844623782,1
0.0284424331,0.0936999619,-0.03016765416,-0.00481563434,1
0.0284424331,0.09567000717,-0.03441744298,-0.002248944715,1
0.0284424331,0.09764004499,-0.03985724971,0.00162783626,1
0.0284424331,0.09961008281,-0.04006883129,0.004657659214,1
0.0284424331,0.1015801206,-0.04179600999,0.00689353887,1
0.0284424331,0.1035501584,-0.04288810119,0.005846622866,1
0.0284424331,0.1055201963,-0.03995689005,0.007272042334,1
0.0284424331,0.1074902341,-0.03732625023,0.008045611903,1
0.0284424331,0.1094602719,-0.03854552284,-0.001316111884,1
0.0284424331,0.1114303172,-0.03720057383,-0.00227231835,1
0.0284424331,0.113400355,-0.03507750109,-0.0006159552722,1
0.0284424331,0.1153703928,-0.02863107435,-0.00122673728,1
0.0284424331,0.1173404306,-0.01369389612,-0.004899118561,1
0.03041247278,0.04838907719,-0.01749321818,-0.009584770538,1
0.03041247278,0.050359115,-0.02383634634,-0.002990244422,1
0.03041247278,0.05232915282,-0.02665615454,0.002330192598,1
0.03041247278,0.05429919064,-0.03032893315,0.0039452645,1
0.03041247278,0.05626922846,-0.03616018221,0.002563199494,1
0.03041247278,0.05823927,-0.04303017631,0.002745229518,1
0.03041247278,0.06020930782,-0.04564544559,0.00354623585,1
0.03041247278,0.06217934564,-0.04421991482,0.003626312828,1
0.03041247278,0.06414938718,-0.04936142266,0.005000165198,1
0.03041247278,0.066119425,-0.05158759654,0.002116526244,1
0.03041247278,0.06808946282,-0.05174009874,-0.001632509055,1
0.03041247278,0.07005950063,-0.05429118499,-1.142480505e-05,1
0.03041247278,0.07202953845,-0.05537680909,0.002059073653,1
0.03041247278,0.07399957627,-0.05300317705,0.001688165939,1
0.03041247278,0.07596961409,-0.04718143493,-0.004347960465,1
0.03041247278,0.07793965936,-0.04983979464,-0.007377505768,1
0.03041247278,0.07990969718,-0.04705390334,-0.007598772179,1
0.03041247278,0.08187973499,-0.04668821022,-0.005449598189,1
0.03041247278,0.08384977281,-0.04641447589,-0.005284606013,1
0.03041247278,0.08581981063,-0.0423076041,-0.005815524142,1
0.03041247278,0.08778984845,-0.04343963414,-0.004186301026,1
0.03041247278,0.08975988626,-0.04478609189,-0.004711294547,1
0.03041247278,0.09172992408,-0.03395580128,-0.006218453404,1
0.03041247278,0.0936999619,-0.0286305733,-0.005599534139,1
0.03041247278,0.09567000717,-0.03307976201,-0.00255376054,1
0.03041247278,0.09764004499,-0.03667350113,0.0004506668192,1
0.03041247278,0.09961008281,-0.03948751464,0.002970393747,1
0.03041247278,0.1015801206,-0.0391090773,0.003445671871,1
0.03041247278,0.1035501584,-0.04332083836,0.006678584963,1
0.03041247278,0.1055201963,-0.04462768137,0.01053136121,1
0.03041247278,0.1074902341,-0.03982436284,0.01039960235,1
0.03041247278,0.1094602719,-0.03329536691,-0.00237167161,1
0.03041247278,0.1114303172,-0.03368762508,-0.005597624928,1
0.03041247278,0.113400355,-0.0328533724,-0.005262780003,1
0.03041247278,0.1153703928,-0.02775127441,-0.003820898477,1
0.03041247278,0.1173404306,-0.02555840276,0.0001791507384,1
0.0323825106,0.04838907719,-0.02416923642,-0.01174831297,1
0.0323825106,0.050359115,-0.02955614403,-0.005205251276,1
0.0323825106,0.05232915282,-0.02926575579,0.003573660739,1
0.0323825106,0.05429919064,-0.03195171058,0.005200175568,1
0.0323825106,0.05626922846,-0.03584452718,0.001675768988,1
0.0323825106,0.05823927,-0.04030237347,0.002450729255,1
0.0323825106,0.06020930782,-0.04287510365,0.003123936942,1
0.0323825106,0.06217934564,-0.0429938361,0.004345821217,1
0.0323825106,0.06414938718,-0.0485014841,0.006133308169,1
0.0323825106,0.066119425,-0.05114298686,0.004839749075,1
0.0323825106,0.06808946282,-0.05135615543,-3.292758777e-07,1
0.0323825106,0.07005950063,-0.05222297087,0.0003508026712,1
0.0323825106,0.07202953845,-0.04812323675,0.001707124058,1
0.0323825106,0.07399957627,-0.05313871056,-0.001925181248,1
0.0323825106,0.07596961409,-0.05163532868,-0.004243985284,1
0.0323825106,0.07793965936,-0.05045883358,-0.006942927837,1
0.0323825106,0.07990969718,-0.04884871468,-0.01070370805,1
0.0323825106,0.08187973499,-0.04687540606,-0.009143170901,1
0.0323825106,0.08384977281,-0.04558027536,-0.007488125004,1
0.0323825106,0.08581981063,-0.04277313501,-0.006067876238,1
0.0323825106,0.08778984845,-0.04056485742,-0.002536219079,1
0.0323825106,0.08975988626,-0.04128748924,-0.006297231186,1
0.0323825106,0.09172992408,-0.03834791854,-0.006128935143,1
0.0323825106,0.0936999619,-0.03085234761,-0.006031462923,1
0.0323825106,0.09567000717,-0.03278399631,-0.003812858835,1
0.0323825106,0.09764004499,-0.03983230516,-0.002511904109,1
0.0323825106,0.09961008281,-0.04458777234,-0.00219735154,1
0.0323825106,0.1015801206,-0.03804122657,0.003632354084,1
0.0323825106,0.1035501584,-0.04100775346,0.005502154119,1
0.0323825106,0.1055201963,-0.04074594751,0.008171187714,1
0.0323825106,0.1074902341,-0.03408675641,0.003137514461,1
0.0323825106,0.1094602719,-0.03297930211,-0.003389064223,1
0.0323825106,0.1114303172,-0.03934076801,-0.001168270595,1
0.0323825106,0.113400355,-0.03949672729,-0.001315717935,1
0.0323825106,0.1153703928,-0.03286325186,-0.001971030608,1
0.0323825106,0.1173404306,-0.02889522724,0.004016719293,1
0.03435254842,0.04838907719,-0.01888102107,-0.009614230134,1
0.03435254842,0.050359115,-0.02459172159,-0.01444222499,1
0.03435254842,0.05232915282,-0.02573952638,7.092631131e-05,1
0.03435254842,0.05429919064,-0.02818471193,0.001654585358,1
0.03435254842,0.05626922846,-0.03246846795,-0.001139247208,1
0.03435254842,0.05823927,-0.0370368883,-0.0002338715858,1
0.03435254842,0.06020930782,-0.0426053293,-1.215898828e-05,1
0.03435254842,0.06217934564,-0.04610097781,-6.724097329e-05,1
0.03435254842,0.06414938718,-0.04611050338,-0.00182307302,1
0.03435254842,0.066119425,-0.05631342158,0.00382325612,1
0.03435254842,0.06808946282,-0.05825488269,0.0013006425,1
0.03435254842,0.07005950063,-0.05443602428,-0.002237827051,1
0.03435254842,0.07202953845,-0.05328948423,-0.003509574337,1
0.03435254842,0.07399957627,-0.055137638,-0.001997683197,1
0.03435254842,0.07596961409,-0.053698387,-0.001646327786,1
0.03435254842,0.07793965936,-0.04692561552,-0.002633137861,1
0.03435254842,0.07990969718,-0.04761740565,-0.009882477112,1
0.03435254842,0.08187973499,-0.04569987208,-0.01015313156,1
0.03435254842,0.08384977281,-0.04273539409,-0.008492678404,1
0.03435254842,0.08581981063,-0.04006544501,-0.004679651,2
0.03435254842,0.08778984845,-0.03688585013,-0.001471156487,1
0.03435254842,0.08975988626,-0.03620058671,-0.00215832144,1
0.03435254842,0.09172992408,-0.03555145487,-0.0008039131644,1
0.03435254842,0.0936999619,-0.03328560293,-0.00274176267,1
0.03435254842,0.09567000717,-0.03548510745,-0.001715987921,1
0.03435254842,0.09764004499,-0.04160632193,-0.001904119272,1
0.03435254842,0.09961008281,-0.04350988939,-0.002977533266,1
0.03435254842,0.1015801206,-0.04120732844,0.003391605103,1
0.03435254842,0.1035501584,-0.04268734157,0.003379199188,1
0.03435254842,0.1055201963,-0.03965083882,0.00437512435,1
0.03435254842,0.1074902341,-0.03302665427,0.001468237722,1
0.03435254842,0.1094602719,-0.03282023966,-0.002337165177,1
0.03435254842,0.1114303172,-0.03736850992,0.00369798718,1
0.03435254842,0.113400355,-0.03493151069,0.0003148317919,1
0.03435254842,0.1153703928,-0.03030670434,-0.0006140615442,1
0.03435254842,0.1173404306,-0.02296194248,0.002391656628,1
0.03632258996,0.04838907719,-0.02247866616,-0.0138267437,1
0.03632258996,0.050359115,-0.03638297692,-0.01920447499,1
0.03632258996,0.05232915282,-0.02801162191,-0.006788764615,1
0.03632258996,0.05429919064,-0.02767709829,-0.004271782003,1
0.03632258996,0.05626922846,-0.03402055055,-0.007504283451,1
0.03632258996,0.05823927,-0.04339465871,-0.003474758938,1
0.03632258996,0.06020930782,-0.0494953841,0.0003965225769,1
0.03632258996,0.06217934564,-0.04805885255,0.001343010343,1
0.03632258996,0.06414938718,-0.04665822536,0.002998854965,1
0.03632258996,0.066119425,-0.05671659485,0.004025245551,1
0.03632258996,0.06808946282,-0.05509881303,0.003230371978,1
0.03632258996,0.07005950063,-0.05240510032,-0.001251585665,1
0.03632258996,0.07202953845,-0.05444226786,-0.002765539102,1
0.03632258996,0.07399957627,-0.05490757152,-0.0006260746741,1
0.03632258996,0.07596961409,-0.05263386667,0.001132142148,1
0.03632258996,0.07793965936,-0.04791631177,0.001104778145,1
0.03632258996,0.07990969718,-0.0457755439,-0.003477015533,1
0.03632258996,0.08187973499,-0.04569805413,-0.004966301378,1
0.03632258996,0.08384977281,-0.04259973392,-0.003822823521,1
0.03632258996,0.08581981063,-0.03786739334,-0.002686892869,1
0.03632258996,0.08778984845,-0.03903016821,-3.733466656e-05,1
0.03632258996,0.08975988626,-0.0374263227,0.002237847541,1
0.03632258996,0.09172992408,-0.03710073605,0.003843247425,1
0.03632258996,0.0936999619,-0.03769702837,0.002651583171,1
0.03632258996,0.09567000717,-0.0394266434,0.007851376198,1
0.03632258996,0.09764004499,-0.04117581993,0.005025577731,1
0.03632258996,0.09961008281,-0.04257803783,0.002260793,1
0.03632258996,0.1015801206,-0.04343426973,0.001870699576,1
0.03632258996,0.1035501584,-0.04628481716,0.00147079071,1
0.03632258996,0.1055201963,-0.04633064196,0.001609600731,1
0.03632258996,0.1074902341,-0.0399998799,0.01198600885,1
0.03632258996,0.1094602719,-0.03171397373,0.009309638292,1
0.03632258996,0.1114303172,-0.03730190173,0.0004248898476,1
0.03632258996,0.113400355,-0.03468731046,5.301044439e-05,1
0.03632258996,0.1153703928,-0.02551721223,0.006550871301,1
0.03632258996,0.1173404306,-0.01668609492,0.005148100201,1
0.03829262778,0.04838907719,-0.02448379435,-0.009478337131,1
0.03829262778,0.050359115,-0.03435121849,-0.01503671985,1
0.03829262778,0.05232915282,-0.03432339802,-0.01095556188,1
0.03829262778,0.05429919064,-0.03141358122,-0.007524592802,1
0.03829262778,0.05626922846,-0.03635436296,-0.006548594218,1
0.03829262778,0.05823927,-0.05005321652,-0.002895384561,1
0.03829262778,0.06020930782,-0.05237213895,-0.0015791693,1
0.03829262778,0.06217934564,-0.04945253581,0.0008784811362,1
0.03829262778,0.06414938718,-0.04772471264,0.003453524783,1
0.03829262778,0.066119425,-0.05547768995,0.004092089832,1
0.03829262778,0.06808946282,-0.05192772299,0.004152772948,1
0.03829262778,0.07005950063,-0.04940157384,0.002971435199,1
0.03829262778,0.07202953845,-0.05304316059,0.001785975648,1
0.03829262778,0.07399957627,-0.0535813421,0.00185866782,1
0.03829262778,0.07596961409,-0.0523943156,0.002192223212,1
0.03829262778,0.07793965936,-0.04869660363,0.002082719002,1
0.03829262778,0.07990969718,-0.04626346752,0.001474963967,1
0.03829262778,0.08187973499,-0.05324594676,0.005533221643,1
0.03829262778,0.08384977281,-0.04508509487,0.002833113773,2
0.03829262778,0.08581981063,-0.04049408063,0.004287805874,1
0.03829262778,0.08778984845,-0.03408522159,0.0003280613746,1
0.03829262778,0.08975988626,-0.03544191644,0.003034191672,1
0.03829262778,0.09172992408,-0.03631771728,0.007205597591,1
0.03829262778,0.0936999619,-0.04095069692,0.007400692441,1
0.03829262778,0.09567000717,-0.04120561853,0.01003245357,1
0.03829262778,0.09764004499,-0.04156526551,0.0136993425,1
0.03829262778,0.09961008281,-0.04443537816,0.01049014181,1
0.03829262778,0.1015801206,-0.04805059731,0.001579323784,1
0.03829262778,0.1035501584,-0.051375743,0.001133220736,1
0.03829262778,0.1055201963,-0.04981096834,0.002185527701,1
0.03829262778,0.1074902341,-0.03468094394,0.01283529866,1
0.03829262778,0.1094602719,-0.03093898855,0.01141633466,1
0.03829262778,0.1114303172,-0.0383448191,0.003817680292,1
0.03829262778,0.113400355,-0.03657408804,0.00416545989,1
0.03829262778,0.1153703928,-0.02995765023,0.007813347504,1
0.03829262778,0.1173404306,-0.01672254317,0.00493903039,1
0.0402626656,0.04838907719,-0.02065588906,-0.01191796176,1
0.0402626656,0.050359115,-0.0291794166,-0.005177631509,1
0.0402626656,0.05232915282,-0.03195560724,-0.0007489149575,1
0.0402626656,0.05429919064,-0.03825331107,-0.0003782619024,1
0.0402626656,0.05626922846,-0.04149180651,-0.0003989176766,1
0.0402626656,0.05823927,-0.05142042786,-0.003262606682,1
0.0402626656,0.06020930782,-0.05173123628,-0.005514213815,1
0.0402626656,0.06217934564,-0.05154952034,-0.003467309056,1
0.0402626656,0.06414938718,-0.05046031997,0.0008514865185,1
0.0402626656,0.066119425,-0.05620452389,0.004830148537,1
0.0402626656,0.06808946282,-0.05296698958,0.005445519928,1
0.0402626656,0.07005950063,-0.0523141101,0.006897775456,1
0.0402626656,0.07202953845,-0.05465692654,0.007997588255,1
0.0402626656,0.07399957627,-0.0521049127,0.002431302564,1
0.0402626656,0.07596961409,-0.05378115922,0.003676503664,1
0.0402626656,0.07793965936,-0.05075221881,0.004765351303,1
0.0402626656,0.07990969718,-0.04746693745,0.005321916658,1
0.0402626656,0.08187973499,-0.04901007563,0.005931642372,2
0.0402626656,0.08384977281,-0.04400060698,0.005334251095,2
0.0402626656,0.08581981063,-0.03695311397,0.005894888658,1
0.0402626656,0.08778984845,-0.03630340099,0.006014226004,1
0.0402626656,0.08975988626,-0.04295570403,0.002425915329,1
0.0402626656,0.09172992408,-0.04291922227,0.003102342831,1
0.0402626656,0.0936999619,-0.04215048626,0.008322518319,1
0.0402626656,0.09567000717,-0.04233450443,0.009042312391,1
0.0402626656,0.09764004499,-0.04498493671,0.009936371818,1
0.0402626656,0.09961008281,-0.04652038589,0.01087056659,1
0.0402626656,0.1015801206,-0.04512375593,0.008349763229,1
0.0402626656,0.1035501584,-0.04446056485,0.004761939403,1
0.0402626656,0.1055201963,-0.04259575158,0.003573158756,1
0.0402626656,0.1074902341,-0.03746464476,0.005893460941,1
0.0402626656,0.1094602719,-0.03627020493,0.007669214159,1
0.0402626656,0.1114303172,-0.04067990929,0.01097137947,1
0.0402626656,0.113400355,-0.0392213054,0.006532580592,1
0.0402626656,0.1153703928,-0.02749421448,0.006909857038,1
0.0402626656,0.1173404306,-0.01843624748,0.003866872517,1
0.04223270342,0.04838907719,-0.01771952398,-0.007387148682,1
0.04223270342,0.050359115,-0.02382241003,-0.00150922453,1
0.04223270342,0.05232915282,-0.03126386926,0.002172505017,1
0.04223270342,0.05429919064,-0.03972197697,0.003519873135,1
0.04223270342,0.05626922846,-0.04592742771,-0.0008742887876,1
0.04223270342,0.05823927,-0.04717544466,-0.005918950308,1
0.04223270342,0.06020930782,-0.04743264988,-0.005569665227,1
0.04223270342,0.06217934564,-0.04798412696,-0.002690002322,1
0.04223270342,0.06414938718,-0.04742089659,0.004217381123,1
0.04223270342,0.066119425,-0.05306976661,0.005945154466,1
0.04223270342,0.06808946282,-0.05555644259,0.006040117703,1
0.04223270342,0.07005950063,-0.05373356119,0.0110392198,1
0.04223270342,0.07202953845,-0.05308723822,0.01200464927,1
0.04223270342,0.07399957627,-0.05296176299,0.008884514682,1
0.04223270342,0.07596961409,-0.05361002684,0.007703457028,1
0.04223270342,0.07793965936,-0.0536031723,0.009152810089,1
0.04223270342,0.07990969718,-0.0507802777,0.009972313419,1
0.04223270342,0.08187973499,-0.05132680759,0.007537180558,1
0.04223270342,0.08384977281,-0.04495415092,0.006677359808,1
0.04223270342,0.08581981063,-0.03417892754,0.001932896324,1
0.04223270342,0.08778984845,-0.03731138259,0.004862460773,1
0.04223270342,0.08975988626,-0.04397491366,0.003135779873,1
0.04223270342,0.09172992408,-0.04237060249,0.004732145462,1
0.04223270342,0.0936999619,-0.04072130844,0.009071298875,1
0.04223270342,0.09567000717,-0.04032986239,0.01053335983,1
0.04223270342,0.09764004499,-0.0445558764,0.01347649656,1
0.04223270342,0.09961008281,-0.04585681111,0.01406757999,1
0.04223270342,0.1015801206,-0.04326492921,0.01122074388,1
0.04223270342,0.1035501584,-0.04261507839,0.005040376913,1
0.04223270342,0.1055201963,-0.04009162635,-0.000149425643,1
0.04223270342,0.1074902341,-0.03938329965,0.002979410114,1
0.04223270342,0.1094602719,-0.04002676904,0.006385116838,1
0.04223270342,0.1114303172,-0.03598335013,0.006073968485,2
0.04223270342,0.113400355,-0.03226874024,0.005206079222,1
0.04223270342,0.1153703928,-0.02660210058,0.005473366007,1
0.04223270342,0.1173404306,-0.02280946076,0.004028126597,1
0.04420274496,0.04838907719,-0.0222563874,0.001806963002,1
0.04420274496,0.050359115,-0.01900724322,0.008950592019,1
0.04420274496,0.05232915282,-0.02830828726,0.0063485438,1
0.04420274496,0.05429919064,-0.03781907633,-0.001866693958,1
0.04420274496,0.05626922846,-0.04433122277,-0.006634203251,1
0.04420274496,0.05823927,-0.05156146362,-0.008833266795,1
0.04420274496,0.06020930782,-0.05309780687,-0.008123065345,1
0.04420274496,0.06217934564,-0.05192704126,-0.00269336882,1
0.04420274496,0.06414938718,-0.04852132872,0.001958521549,1
0.04420274496,0.066119425,-0.04919865355,0.002978883451,1
0.04420274496,0.06808946282,-0.06151744723,-0.002274297876,1
0.04420274496,0.07005950063,-0.0576697439,0.01096471585,1
0.04420274496,0.07202953845,-0.05499467999,0.01270006504,1
0.04420274496,0.07399957627,-0.05343403667,0.01314613409,1
0.04420274496,0.07596961409,-0.05186072737,0.01122991461,1
0.04420274496,0.07793965936,-0.05449654907,0.01269888319,1
0.04420274496,0.07990969718,-0.052064538,0.01414253376,1
0.04420274496,0.08187973499,-0.04563233256,0.007795105688,1
0.04420274496,0.08384977281,-0.04231153056,0.008782104589,1
0.04420274496,0.08581981063,-0.0367401801,0.00624313904,1
0.04420274496,0.08778984845,-0.03806977719,0.004458922893,1
0.04420274496,0.08975988626,-0.04250700772,0.004585326184,1
0.04420274496,0.09172992408,-0.04000141472,0.005655070301,1
0.04420274496,0.0936999619,-0.03895898536,0.008006196469,1
0.04420274496,0.09567000717,-0.04000260681,0.009673411027,1
0.04420274496,0.09764004499,-0.04356187209,0.01295157522,1
0.04420274496,0.09961008281,-0.04678299651,0.01453584339,1
0.04420274496,0.1015801206,-0.044362057,0.007869591005,1
0.04420274496,0.1035501584,-0.03939609975,-0.0004099446232,1
0.04420274496,0.1055201963,-0.03658241779,-0.003531944705,1
0.04420274496,0.1074902341,-0.0358139649,0.0007693476509,1
0.04420274496,0.1094602719,-0.03255315498,0.002998522017,1
0.04420274496,0.1114303172,-0.03095797636,0.001733298064,1
0.04420274496,0.113400355,-0.03106397204,0.001372930943,1
0.04420274496,0.1153703928,-0.02818373032,0.003480815096,1
0.04420274496,0.1173404306,-0.02418989874,0.002980231075,1
0.04617278278,0.04838907719,-0.03260007128,0.009062333964,1
0.04617278278,0.050359115,-0.02152332291,0.009721124545,1
0.04617278278,0.05232915282,-0.02488626167,0.004634572193,1
0.04617278278,0.05429919064,-0.03358617052,-0.004365165718,1
0.04617278278,0.05626922846,-0.0439186357,-0.006967406254,1
0.04617278278,0.05823927,-0.05241537094,-0.009581815451,1
0.04617278278,0.06020930782,-0.05998027697,-0.005562111735,1
0.04617278278,0.06217934564,-0.05963417143,-0.003614043118,1
0.04617278278,0.06414938718,-0.05423685163,-0.004154165275,1
0.04617278278,0.066119425,-0.05464408174,-0.003813358257,1
0.04617278278,0.06808946282,-0.05904329196,-0.003580109915,1
0.04617278278,0.07005950063,-0.06408643723,0.007110934705,1
0.04617278278,0.07202953845,-0.06299039721,0.007629696745,1
0.04617278278,0.07399957627,-0.05881162733,0.01102367882,1
0.04617278278,0.07596961409,-0.0501956977,0.01484917011,1
0.04617278278,0.07793965936,-0.05302452669,0.01411684602,1
0.04617278278,0.07990969718,-0.04900364578,0.01358038001,1
0.04617278278,0.08187973499,-0.04313716665,0.01033805683,1
0.04617278278,0.08384977281,-0.04094475508,0.008641959168,1
0.04617278278,0.08581981063,-0.03777674958,0.009668504819,1
0.04617278278,0.08778984845,-0.03590076417,0.008310109377,1
0.04617278278,0.08975988626,-0.04001840204,0.003087312682,1
0.04617278278,0.09172992408,-0.04128951952,0.004070701543,1
0.04617278278,0.0936999619,-0.0422808677,0.005909254309,1
0.04617278278,0.09567000717,-0.04175819084,0.005927126855,1
0.04617278278,0.09764004499,-0.04415593296,0.007654205896,1
0.04617278278,0.09961008281,-0.04411366209,0.008320639841,1
0.04617278278,0.1015801206,-0.03969372064,-0.001190440962,1
0.04617278278,0.1035501584,-0.03486752138,-0.008491097949,1
0.04617278278,0.1055201963,-0.03242554888,-0.008529870771,1
0.04617278278,0.1074902341,-0.03027115948,-0.003269223496,1
0.04617278278,0.1094602719,-0.02750872076,-0.0006714923657,1
0.04617278278,0.1114303172,-0.03002130054,-0.002178136259,1
0.04617278278,0.113400355,-0.0315964222,-0.003347937018,1
0.04617278278,0.1153703928,-0.02609961294,-0.0008955923258,1
0.04617278278,0.1173404306,-0.02443472296,-0.001814981923,1
0.0481428206,0.04838907719,-0.03744203597,0.001017773175,1
0.0481428206,0.050359115,-0.02318814211,0.001401217422,1
0.0481428206,0.05232915282,-0.02185529843,0.001027983264,1
0.0481428206,0.05429919064,-0.03484579176,-0.004351793788,1
0.0481428206,0.05626922846,-0.04508360475,-0.005978425033,1
0.0481428206,0.05823927,-0.05022764578,-0.006171339657,1
0.0481428206,0.06020930782,-0.06041918695,-0.005026012193,1
0.0481428206,0.06217934564,-0.06184794009,-0.006339610089,1
0.0481428206,0.06414938718,-0.05963286012,-0.009444484487,1
0.0481428206,0.066119425,-0.06136669964,-0.007285295986,1
0.0481428206,0.06808946282,-0.06595043093,0.003199078841,1
0.0481428206,0.07005950063,-0.06952244043,0.006413353607,1
0.0481428206,0.07202953845,-0.0640161112,0.006773358677,1
0.0481428206,0.07399957627,-0.05636908486,0.009531470947,1
0.0481428206,0.07596961409,-0.04999566078,0.01219976135,1
0.0481428206,0.07793965936,-0.04950258881,0.008566230536,1
0.0481428206,0.07990969718,-0.0460241735,0.01205969416,1
0.0481428206,0.08187973499,-0.04206899554,0.01149643119,1
0.0481428206,0.08384977281,-0.04071243852,0.008222862147,1
0.0481428206,0.08581981063,-0.03750073165,0.009603148326,1
0.0481428206,0.08778984845,-0.03367781267,0.01157848071,1
0.0481428206,0.08975988626,-0.03644515201,0.004835771862,1
0.0481428206,0.09172992408,-0.04095236585,0.003234022064,1
0.0481428206,0.0936999619,-0.04356983677,0.003812835086,1
0.0481428206,0.09567000717,-0.04357028753,0.003629607847,1
0.0481428206,0.09764004499,-0.0450084433,0.002952578012,1
0.0481428206,0.09961008281,-0.03761382028,-0.0004393489216,1
0.0481428206,0.1015801206,-0.03628436849,-0.005011182278,2
0.0481428206,0.1035501584,-0.03272154555,-0.01014745887,1
0.0481428206,0.1055201963,-0.03298514709,-0.007598520257,1
0.0481428206,0.1074902341,-0.0335572958,-0.003534827614,1
0.0481428206,0.1094602719,-0.03043363988,-0.000907268317,1
0.0481428206,0.1114303172,-0.03032412194,-0.002735828515,1
0.0481428206,0.113400355,-0.02922417596,-0.00618672464,1
0.0481428206,0.1153703928,-0.02616366372,-0.006534737069,2
0.0481428206,0.1173404306,-0.02563667484,-0.007750076707,1
0.05011285841,0.04838907719,-0.02568969876,0.006830269936,1
0.05011285841,0.050359115,-0.02105913498,0.001812529052,1
0.05011285841,0.05232915282,-0.02464951761,-0.002685482148,1
0.05011285841,0.05429919064,-0.03468647599,-0.00320716016,1
0.05011285841,0.05626922846,-0.04149793461,-0.002902334789,1
0.05011285841,0.05823927,-0.04748403654,-0.003597513074,1
0.05011285841,0.06020930782,-0.05167472363,-0.01376456581,1
0.05011285841,0.06217934564,-0.05603305995,-0.01598005369,1
0.05011285841,0.06414938718,-0.06003528833,-0.01163680293,1
0.05011285841,0.066119425,-0.06298612803,-0.004723413847,1
0.05011285841,0.06808946282,-0.06278152019,0.001538734534,1
0.05011285841,0.07005950063,-0.06435835361,0.00471832091,1
0.05011285841,0.07202953845,-0.06744814664,0.004766026977,1
0.05011285841,0.07399957627,-0.05812656134,0.005883991718,1
0.05011285841,0.07596961409,-0.04826197028,0.007113868836,1
0.05011285841,0.07793965936,-0.0432038866,0.008000738919,1
0.05011285841,0.07990969718,-0.04428011179,0.009910211898,2
0.05011285841,0.08187973499,-0.04408193752,0.01028107852,1
0.05011285841,0.08384977281,-0.04115028679,0.008245453238,1
0.05011285841,0.08581981063,-0.03806963563,0.004534265492,1
0.05011285841,0.08778984845,-0.0344516933,0.01109953225,1
0.05011285841,0.08975988626,-0.0364838019,0.009006206878,1
0.05011285841,0.09172992408,-0.03883641586,0.005419115536,1
0.05011285841,0.0936999619,-0.04003804922,0.002254174557,1
0.05011285841,0.09567000717,-0.04430174083,0.004945834167,1
0.05011285841,0.09764004499,-0.0448647812,-0.002705021994,1
0.05011285841,0.09961008281,-0.04180805758,-0.01087797526,1
0.05011285841,0.1015801206,-0.0351083912,-0.00826748088,1
0.05011285841,0.1035501584,-0.03424021229,-0.005731605925,1
0.05011285841,0.1055201963,-0.03352703527,-0.003019431373,1
0.05011285841,0.1074902341,-0.0323671326,-0.002936799778,1
0.05011285841,0.1094602719,-0.02614102885,-0.002058047103,1
0.05011285841,0.1114303172,-0.02960626408,-0.001002093428,1
0.05011285841,0.113400355,-0.0276759807,-0.004404641688,1
0.05011285841,0.1153703928,-0.0236941874,-0.01130655594,1
0.05011285841,0.1173404306,-0.0219810605,-0.01168484241,1
0.05208289623,0.04838907719,-0.01830611564,0.01292500831,1
0.05208289623,0.050359115,-0.01736539416,0.0070424648,1
0.05208289623,0.05232915282,-0.02405071072,0.0007933588931,1
0.05208289623,0.05429919064,-0.03572059423,-0.004490512423,1
0.05208289623,0.05626922846,-0.04464574158,-0.004919291008,1
0.05208289623,0.05823927,-0.04987144098,-0.004556347616,1
0.05208289623,0.06020930782,-0.04660575464,-0.01515182853,1
0.05208289623,0.06217934564,-0.05283648148,-0.0114663858,2
0.05208289623,0.06414938718,-0.06042607129,-0.0112891579,1
0.05208289623,0.066119425,-0.06578302383,-0.007195103448,1
0.05208289623,0.06808946282,-0.06733006984,-0.002092169365,1
0.05208289623,0.07005950063,-0.06606363505,0.00427384628,1
0.05208289623,0.07202953845,-0.06311391294,-0.00046081451,1
0.05208289623,0.07399957627,-0.05857346207,-0.0009370357147,1
0.05208289623,0.07596961409,-0.04797624797,0.002460177755,1
0.05208289623,0.07793965936,-0.04109703749,0.004346712958,1
0.05208289623,0.07990969718,-0.04381044954,0.009299336001,1
0.05208289623,0.08187973499,-0.04181730747,0.008755020797,1
0.05208289623,0.08384977281,-0.03743283823,0.007769881282,1
0.05208289623,0.08581981063,-0.02910534479,0.002236262895,1
0.05208289623,0.08778984845,-0.03232878074,-0.002817779779,1
0.05208289623,0.08975988626,-0.03480327874,0.007312003989,1
0.05208289623,0.09172992408,-0.03562443703,0.008583798073,1
0.05208289623,0.0936999619,-0.03650381789,0.008585531265,1
0.05208289623,0.09567000717,-0.04282426462,0.01118437573,1
0.05208289623,0.09764004499,-0.04265246913,-0.003154163714,1
0.05208289623,0.09961008281,-0.04050992429,-0.009114666842,1
0.05208289623,0.1015801206,-0.03672711924,-0.003440315835,1
0.05208289623,0.1035501584,-0.03478317335,-0.001797000179,1
0.05208289623,0.1055201963,-0.03188755736,0.0008466106956,1
0.05208289623,0.1074902341,-0.02899329737,-0.0007730472134,1
0.05208289623,0.1094602719,-0.02414449677,0.0004855285806,1
0.05208289623,0.1114303172,-0.02723265998,-0.003799011,1
0.05208289623,0.113400355,-0.02598574385,-0.007990785874,1
0.05208289623,0.1153703928,-0.02180625871,-0.01159290038,1
0.05208289623,0.1173404306,-0.0178859029,-0.01115293149,2
0.05405293778,0.04838907719,-0.01638670452,0.00966132991,2
0.05405293778,0.050359115,-0.01846795715,0.006745292805,2
0.05405293778,0.05232915282,-0.02265461162,0.003627529135,1
0.05405293778,0.05429919064,-0.03643136099,-0.006980728824,1
0.05405293778,0.05626922846,-0.04288798571,-0.007270599715,1
0.05405293778,0.05823927,-0.04636695608,-0.006862013135,1
0.05405293778,0.06020930782,-0.04698814452,-0.00484944135,1
0.05405293778,0.06217934564,-0.04828104749,-0.003444500035,1
0.05405293778,0.06414938718,-0.05873993412,-0.008965196088,1
0.05405293778,0.066119425,-0.06496281922,-0.006206871476,1
0.05405293778,0.06808946282,-0.06729640812,-0.000366357679,1
0.05405293778,0.07005950063,-0.0661438778,0.00401380891,1
0.05405293778,0.07202953845,-0.06167894974,-4.661934508e-05,1
0.05405293778,0.07399957627,-0.05484966561,0.001653532498,1
0.05405293778,0.07596961409,-0.04820926487,0.001760906423,1
0.05405293778,0.07793965936,-0.04216084629,-0.00361429248,1
0.05405293778,0.07990969718,-0.03901876137,-0.001283884863,1
0.05405293778,0.08187973499,-0.03517606854,0.002018726431,1
0.05405293778,0.08384977281,-0.03228695318,0.004945848603,1
0.05405293778,0.08581981063,-0.03263094276,0.002204536228,1
0.05405293778,0.08778984845,-0.03346768767,0.0009557512822,1
0.05405293778,0.08975988626,-0.03660358861,0.003572221613,1
0.05405293778,0.09172992408,-0.03967886791,0.01719003543,1
0.05405293778,0.0936999619,-0.03771646693,0.02201465704,1
0.05405293778,0.09567000717,-0.03270967305,0.01417492982,1
0.05405293778,0.09764004499,-0.03321133181,0.01054144837,1
0.05405293778,0.09961008281,-0.03327600658,0.01275301818,1
0.05405293778,0.1015801206,-0.03448664397,0.004758862313,1
0.05405293778,0.1035501584,-0.03212533146,-0.0005160701112,1
0.05405293778,0.1055201963,-0.03006364591,-0.002667432884,1
0.05405293778,0.1074902341,-0.02682952024,-0.004071439151,1
0.05405293778,0.1094602719,-0.02421972528,-0.002661642851,1
0.05405293778,0.1114303172,-0.02360488661,-0.00534837367,1
0.05405293778,0.113400355,-0.02117376961,-0.0121477386,1
0.05405293778,0.1153703928,-0.01790929213,-0.01035654452,1
0.05405293778,0.1173404306,-0.009870390408,-0.01018105261,1
0.05602297559,0.04838907719,-0.01238604169,0.009313689545,1
0.05602297559,0.050359115,-0.01746512018,0.006649846677,1
0.05602297559,0.05232915282,-0.02740278468,-0.001138156862,1
0.05602297559,0.05429919064,-0.03303904086,-0.004692802671,2
0.05602297559,0.05626922846,-0.03393482417,-0.002304313239,1
0.05602297559,0.05823927,-0.04387493059,-0.004614712205,1
0.05602297559,0.06020930782,-0.0461124517,-0.004472747445,1
0.05602297559,0.06217934564,-0.04711996764,-0.004980944563,1
0.05602297559,0.06414938718,-0.04367660731,-0.007805949077,1
0.05602297559,0.066119425,-0.05611219257,-0.00932585448,1
0.05602297559,0.06808946282,-0.06467746198,-0.002944986336,1
0.05602297559,0.07005950063,-0.07055733353,0.003895647824,1
0.05602297559,0.07202953845,-0.06645812094,0.005392848514,1
0.05602297559,0.07399957627,-0.05592246726,-0.0001744244073,1
0.05602297559,0.07596961409,-0.04900763184,-0.003498782869,1
0.05602297559,0.07793965936,-0.04339393601,-0.00439965073,1
0.05602297559,0.07990969718,-0.04144366458,0.001361693256,1
0.05602297559,0.08187973499,-0.04293192551,0.005972159561,1
0.05602297559,0.08384977281,-0.04208733514,0.007119158283,1
0.05602297559,0.08581981063,-0.03701952472,0.01013165899,1
0.05602297559,0.08778984845,-0.03895717487,0.01281283144,1
0.05602297559,0.08975988626,-0.04105648026,0.01308309659,1
0.05602297559,0.09172992408,-0.04057497531,0.01537611429,2
0.05602297559,0.0936999619,-0.04322275519,0.02182260156,1
0.05602297559,0.09567000717,-0.03496742249,0.01271679811,1
0.05602297559,0.09764004499,-0.03339617327,0.01130030304,1
0.05602297559,0.09961008281,-0.03076466359,0.00827806443,1
0.05602297559,0.1015801206,-0.02960721962,0.004599678796,1
0.05602297559,0.1035501584,-0.02862645127,-7.025520608e-05,1
0.05602297559,0.1055201963,-0.0276096873,-0.007262888364,1
0.05602297559,0.1074902341,-0.02350343019,-0.006977482699,1
0.05602297559,0.1094602719,-0.02251334116,-0.004922075197,1
0.05602297559,0.1114303172,-0.02425937541,-0.00444236258,1
0.05602297559,0.113400355,-0.01559050381,-0.00739136152,1
0.05602297559,0.1153703928,-0.01441475842,-0.008753187023,1
0.05602297559,0.1173404306,-0.01113924291,-0.01059589442,1
0.05799301341,0.04838907719,-0.01808162592,0.003320608754,1
0.05799301341,0.050359115,-0.02672697417,-0.003069443163,1
0.05799301341,0.05232915282,-0.0327093415,-0.007823157124,1
0.05799301341,0.05429919064,-0.03438719735,-0.00834801048,1
0.05799301341,0.05626922846,-0.03339522704,-0.001221628278,1
0.05799301341,0.05823927,-0.04092304409,0.001196562778,1
0.05799301341,0.06020930782,-0.04193921015,0.001540494617,1
0.05799301341,0.06217934564,-0.04559361935,-0.007629266009,1
0.05799301341,0.06414938718,-0.04920607433,-0.01000430435,2
0.05799301341,0.066119425,-0.05606453866,-0.01216768846,1
0.05799301341,0.06808946282,-0.06360964477,-0.004053533077,1
0.05799301341,0.07005950063,-0.07183352858,0.003302559257,1
0.05799301341,0.07202953845,-0.07037828863,0.00468529202,1
0.05799301341,0.07399957627,-0.05615549162,-0.004133235663,1
0.05799301341,0.07596961409,-0.04919730127,-0.008347746916,1
0.05799301341,0.07793965936,-0.04329583794,-0.006392778363,1
0.05799301341,0.07990969718,-0.04190986976,0.000509451027,1
0.05799301341,0.08187973499,-0.04442019388,0.007016125601,1
0.05799301341,0.08384977281,-0.04071425274,0.008307347074,1
0.05799301341,0.08581981063,-0.03628310189,0.01332240179,1
0.05799301341,0.08778984845,-0.03812921047,0.01458249241,1
0.05799301341,0.08975988626,-0.03843766078,0.01333529688,1
0.05799301341,0.09172992408,-0.03834180161,0.009408720769,1
0.05799301341,0.0936999619,-0.03840414807,0.009729679674,1
0.05799301341,0.09567000717,-0.03886395693,0.009350791574,1
0.05799301341,0.09764004499,-0.03640434518,0.009608206339,1
0.05799301341,0.09961008281,-0.02980412543,0.005593224429,1
0.05799301341,0.1015801206,-0.02611104585,0.0006009270437,1
0.05799301341,0.1035501584,-0.02584484033,-0.003027906176,1
0.05799301341,0.1055201963,-0.02667300217,-0.01106837112,1
0.05799301341,0.1074902341,-0.02346730232,-0.008156919852,1
0.05799301341,0.1094602719,-0.02159201354,-0.004990958143,1
0.05799301341,0.1114303172,-0.0178574305,-0.002430588938,1
0.05799301341,0.113400355,-0.009793423116,-0.003723176429,1
0.05799301341,0.1153703928,-0.007269265596,-0.006571240257,1
0.05799301341,0.1173404306,-0.008458943106,-0.01143168472,1
0.05996305123,0.04838907719,-0.02612471394,-0.001767519163,2
0.05996305123,0.050359115,-0.03450850397,-0.004240319598,1
0.05996305123,0.05232915282,-0.03546268865,-0.01417343598,1
0.05996305123,0.05429919064,-0.04018613696,-0.01227244083,1
0.05996305123,0.05626922846,-0.0418981351,-0.006557007786,1
0.05996305123,0.05823927,-0.03992277756,0.0009304682608,1
0.05996305123,0.06020930782,-0.04001117498,0.002530426951,1
0.05996305123,0.06217934564,-0.045227658,-0.00168533239,1
0.05996305123,0.06414938718,-0.05148953944,-0.01241431292,1
0.05996305123,0.066119425,-0.05886186659,-0.01333458349,1
0.05996305123,0.06808946282,-0.06639172137,-0.003685039468,1
0.05996305123,0.07005950063,-0.07230459154,-0.003780788509,1
0.05996305123,0.07202953845,-0.06948490441,-0.004207690712,2
0.05996305123,0.07399957627,-0.05877114832,-0.007641265634,1
0.05996305123,0.07596961409,-0.04918281734,-0.0002007636067,1
0.05996305123,0.07793965936,-0.04427505285,-0.002882542321,1
0.05996305123,0.07990969718,-0.04120689631,-0.001727816067,1
0.05996305123,0.08187973499,-0.04148411006,0.003084874945,1
0.05996305123,0.08384977281,-0.04016726092,0.005477151368,1
0.05996305123,0.08581981063,-0.03822505474,0.008672021329,1
0.05996305123,0.08778984845,-0.04213519767,0.0142165767,1
0.05996305123,0.08975988626,-0.04340412095,0.01476273593,1
0.05996305123,0.09172992408,-0.04324803129,0.01053701527,1
0.05996305123,0.0936999619,-0.04286941141,0.008726786822,1
0.05996305123,0.09567000717,-0.03915765509,0.006754699629,1
0.05996305123,0.09764004499,-0.03781710565,0.005597560667,1
0.05996305123,0.09961008281,-0.03149006516,0.005580351222,1
0.05996305123,0.1015801206,-0.02184412628,-0.004839431494,1
0.05996305123,0.1035501584,-0.02432112396,-0.01484483574,1
0.05996305123,0.1055201963,-0.02717346884,-0.01454304717,1
0.05996305123,0.1074902341,-0.02338593826,-0.008064972237,1
0.05996305123,0.1094602719,-0.01983693242,-0.006257597823,1
0.05996305123,0.1114303172,-0.01417483669,-0.001877992298,1
0.05996305123,0.113400355,-0.008961297572,-0.002082329243,1
0.05996305123,0.1153703928,-0.004893240053,-0.004794842564,1
0.05996305123,0.1173404306,-0.003679327667,-0.01038349327,1
0.06193309277,0.04838907719,-0.02578401566,-0.004382846877,1
0.06193309277,0.050359115,-0.03932417184,-0.009202056564,1
0.06193309277,0.05232915282,-0.04031757638,-0.01195713878,2
0.06193309277,0.05429919064,-0.04245083779,-0.01083909906,1
0.06193309277,0.05626922846,-0.04338270798,-0.006600416731,1
0.06193309277,0.05823927,-0.03816397488,0.001207793597,1
0.06193309277,0.06020930782,-0.03788279742,0.003294741036,1
0.06193309277,0.06217934564,-0.04703558609,0.004951232579,1
0.06193309277,0.06414938718,-0.05378513411,-0.001988368342,1
0.06193309277,0.066119425,-0.06408274919,-0.005543850362,1
0.06193309277,0.06808946282,-0.06928099692,-0.003145396477,1
0.06193309277,0.07005950063,-0.07161758095,-0.004726966377,1
0.06193309277,0.07202953845,-0.07648558915,-0.01009400096,1
0.06193309277,0.07399957627,-0.0652891174,-0.008791093715,1
0.06193309277,0.07596961409,-0.05513026565,0.00393834617,1
0.06193309277,0.07793965936,-0.04789729789,0.009493695572,1
0.06193309277,0.07990969718,-0.04443766177,-0.001207496389,1
0.06193309277,0.08187973499,-0.04381993413,0.000173064589,1
0.06193309277,0.08384977281,-0.04985690117,0.000723889505,1
0.06193309277,0.08581981063,-0.0541584529,0.003361442359,1
0.06193309277,0.08778984845,-0.05188023672,0.01112021506,1
0.06193309277,0.08975988626,-0.04953236133,0.01219112054,1
0.06193309277,0.09172992408,-0.04791333154,0.01111081056,1
0.06193309277,0.0936999619,-0.04585798457,0.01221718546,1
0.06193309277,0.09567000717,-0.04080025107,0.01125156321,1
0.06193309277,0.09764004499,-0.0374719575,0.009617583826,1
0.06193309277,0.09961008281,-0.03389735147,0.005649825558,1
0.06193309277,0.1015801206,-0.02309878916,-0.0004037288891,1
0.06193309277,0.1035501584,-0.02274815552,-0.0083523551,1
0.06193309277,0.1055201963,-0.02497404069,-0.0141041996,1
0.06193309277,0.1074902341,-0.01869929582,-0.007540694904,1
0.06193309277,0.1094602719,-0.01627151482,-0.006428731605,1
0.06193309277,0.1114303172,-0.01324293856,-0.001262244419,1
0.06193309277,0.113400355,-0.01128880121,0.002357706893,1
0.06193309277,0.1153703928,-0.007815259509,0.001773302676,1
0.06193309277,0.1173404306,-0.005045926664,-0.003207456321,1
0.06390313059,0.04838907719,-0.02987764031,-0.008784875274,2
0.06390313059,0.050359115,-0.04094543681,-0.01115973573,1
0.06390313059,0.05232915282,-0.04403260723,-0.01361396536,1
0.06390313059,0.05429919064,-0.04510238022,-0.01205351949,1
0.06390313059,0.05626922846,-0.04318281636,-0.008100157604,1
0.06390313059,0.05823927,-0.03453051299,0.001686661039,1
0.06390313059,0.06020930782,-0.04234359786,0.003882612567,1
0.06390313059,0.06217934564,-0.04929019883,0.009173619561,1
0.06390313059,0.06414938718,-0.05590502545,0.003531984519,2
0.06390313059,0.066119425,-0.06266574562,-0.0003678214853,2
0.06390313059,0.06808946282,-0.06857039034,-0.0001607173472,1
0.06390313059,0.07005950063,-0.06553204358,-0.0005461170804,1
0.06390313059,0.07202953845,-0.07047094405,-0.005192622077,1
0.06390313059,0.07399957627,-0.06597355753,-0.007254228462,1
0.06390313059,0.07596961409,-0.05738991126,0.0005343277007,1
0.06390313059,0.07793965936,-0.05204388127,0.006879066583,1
0.06390313059,0.07990969718,-0.04831513762,-0.008451686241,1
0.06390313059,0.08187973499,-0.04681364074,-0.003227528417,1
0.06390313059,0.08384977281,-0.04959343374,0.0003491196258,1
0.06390313059,0.08581981063,-0.05359454453,0.003062803298,1
0.06390313059,0.08778984845,-0.05672983453,0.005221347325,1
0.06390313059,0.08975988626,-0.0525502041,0.004816383589,1
0.06390313059,0.09172992408,-0.04795622826,0.008543413132,1
0.06390313059,0.0936999619,-0.04446210712,0.01133642346,1
0.06390313059,0.09567000717,-0.04105408862,0.01134908944,1
0.06390313059,0.09764004499,-0.0354800038,0.01105870027,1
0.06390313059,0.09961008281,-0.02851074375,0.008893028833,1
0.06390313059,0.1015801206,-0.02611674182,0.008732221089,1
0.06390313059,0.1035501584,-0.02342935465,0.003608117811,1
0.06390313059,0.1055201963,-0.01933152229,-0.005795944016,1
0.06390313059,0.1074902341,-0.01669337973,-0.007860280573,1
0.06390313059,0.1094602719,-0.01603996009,-0.00733025698,1
0.06390313059,0.1114303172,-0.01133799367,-0.01091062278,1
0.06390313059,0.113400355,-0.0131040737,0.0008796597249,2
0.06390313059,0.1153703928,-0.0175867267,0.009246041998,1
0.06390313059,0.1173404306,-0.01134595554,0.001297718845,1
0.06587316841,0.04838907719,-0.02290346101,-0.01081204414,1
0.06587316841,0.050359115,-0.04601900652,-0.01459414978,1
0.06587316841,0.05232915282,-0.04384731129,-0.01634264924,1
0.06587316841,0.05429919064,-0.03851121664,-0.01266292576,1
0.06587316841,0.05626922846,-0.03764919564,-0.005910208449,1
0.06587316841,0.05823927,-0.03598249704,0.003247096203,1
0.06587316841,0.06020930782,-0.04083516076,0.008780364878,1
0.06587316841,0.06217934564,-0.05079331994,0.01302433666,1
0.06587316841,0.06414938718,-0.05787902698,0.007310508285,1
0.06587316841,0.066119425,-0.06210482121,0.0007012973074,1
0.06587316841,0.06808946282,-0.06317456067,-0.0005495771766,1
0.06587316841,0.07005950063,-0.06616599113,-0.001384204952,1
0.06587316841,0.07202953845,-0.07000957429,-0.002538497094,1
0.06587316841,0.07399957627,-0.06257659197,-0.002531406702,1
0.06587316841,0.07596961409,-0.05589241907,-0.001091215061,1
0.06587316841,0.07793965936,-0.05176553875,-0.003210875206,1
0.06587316841,0.07990969718,-0.04987024888,-0.006879878696,1
0.06587316841,0.08187973499,-0.04879843816,-0.00707161054,1
0.06587316841,0.08384977281,-0.05467808619,0.004041386768,1
0.06587316841,0.08581981063,-0.05580802634,0.005153983366,1
0.06587316841,0.08778984845,-0.05982328579,0.003133591264,1
0.06587316841,0.08975988626,-0.05870874971,0.001262236154,1
0.06587316841,0.09172992408,-0.05052940547,0.003936359193,1
0.06587316841,0.0936999619,-0.04392068461,0.007245063316,1
0.06587316841,0.09567000717,-0.0427945964,0.01007880364,1
0.06587316841,0.09764004499,-0.03649756312,0.005264472216,1
0.06587316841,0.09961008281,-0.02906158753,0.005595601629,1
0.06587316841,0.1015801206,-0.01972680911,0.007293653209,1
0.06587316841,0.1035501584,-0.01425088011,0.000439554482,1
0.06587316841,0.1055201963,-0.01676210947,-0.007152260281,1
0.06587316841,0.1074902341,-0.01497332565,-0.01042407751,1
0.06587316841,0.1094602719,-0.01473395899,-0.008475748822,1
0.06587316841,0.1114303172,-0.0141665861,-0.003385684686,1
0.06587316841,0.113400355,-0.01220277511,0.002825513249,1
0.06587316841,0.1153703928,-0.01142808143,0.009004903026,1
0.06587316841,0.1173404306,-0.01261781622,0.003378644818,1
0.06784320623,0.04838907719,-0.0410502702,-0.00595732592,1
0.06784320623,0.050359115,-0.04015172273,-0.0150443241,2
0.06784320623,0.05232915282,-0.04155203328,-0.02135068923,1
0.06784320623,0.05429919064,-0.04042112082,-0.01234680414,1
0.06784320623,0.05626922846,-0.0366563201,-0.004978627432,1
0.06784320623,0.05823927,-0.03349075839,0.003066201927,1
0.06784320623,0.06020930782,-0.03961924464,0.003313459223,1
0.06784320623,0.06217934564,-0.04909206554,-0.0002000977984,1
0.06784320623,0.06414938718,-0.05625293404,-0.004726270214,1
0.06784320623,0.066119425,-0.0607964918,-0.006726210937,1
0.06784320623,0.06808946282,-0.06847778708,-0.007385028061,1
0.06784320623,0.07005950063,-0.06732171774,-0.00324077229,1
0.06784320623,0.07202953845,-0.06520468742,-0.002677841811,1
0.06784320623,0.07399957627,-0.06295951456,-0.005066605285,1
0.06784320623,0.07596961409,-0.05717141554,-0.005010043737,1
0.06784320623,0.07793965936,-0.05339702219,-0.00523135718,1
0.06784320623,0.07990969718,-0.05686433613,-0.003509829054,1
0.06784320623,0.08187973499,-0.05461914465,0.006732072681,1
0.06784320623,0.08384977281,-0.05674324185,0.005560674705,1
0.06784320623,0.08581981063,-0.05787820742,0.006955278106,1
0.06784320623,0.08778984845,-0.06179771945,0.004090249073,1
0.06784320623,0.08975988626,-0.06310939789,5.201303793e-05,1
0.06784320623,0.09172992408,-0.05742542446,0.002451322041,1
0.06784320623,0.0936999619,-0.05422678962,0.004974187352,1
0.06784320623,0.09567000717,-0.04482838139,0.005581196863,1
0.06784320623,0.09764004499,-0.03489199653,0.00311209145,1
0.06784320623,0.09961008281,-0.02433581837,0.0001674579835,1
0.06784320623,0.1015801206,-0.01584703103,0.002269284334,1
0.06784320623,0.1035501584,-0.01105023175,-0.001095195301,1
0.06784320623,0.1055201963,-0.01586805284,-0.007202144247,1
0.06784320623,0.1074902341,-0.01436845865,-0.01207923982,1
0.06784320623,0.1094602719,-0.01263556629,-0.008819298819,1
0.06784320623,0.1114303172,-0.01274184696,-0.00193236745,1
0.06784320623,0.113400355,-0.01168652531,0.003566396656,1
0.06784320623,0.1153703928,-0.01042980049,0.00290615228,1
0.06784320623,0.1173404306,-0.01420921925,-0.0006491803215,1
0.06981324404,0.04838907719,-0.02744511887,-0.01259478461,1
0.06981324404,0.050359115,-0.03198558465,-0.0182751324,1
0.06981324404,0.05232915282,-0.03828633204,-0.01598819532,1
0.06981324404,0.05429919064,-0.04457915202,-0.0128085902,1
0.06981324404,0.05626922846,-0.03186327592,-0.004191266838,1
0.06981324404,0.05823927,-0.03361618891,-0.001499959733,2
0.06981324404,0.06020930782,-0.0395796299,-0.001389672165,1
0.06981324404,0.06217934564,-0.05174747482,-0.005514025223,1
0.06981324404,0.06414938718,-0.05811052397,-0.01060365327,1
0.06981324404,0.066119425,-0.0616850853,-0.01187280379,1
0.06981324404,0.06808946282,-0.06713288277,-0.01014757622,1
0.06981324404,0.07005950063,-0.07090675831,-0.009186101146,1
0.06981324404,0.07202953845,-0.07178963721,-0.007721756585,1
0.06981324404,0.07399957627,-0.06330174953,-0.007641702425,1
0.06981324404,0.07596961409,-0.05579480529,-0.005336634815,1
0.06981324404,0.07793965936,-0.0572027266,-0.002831643447,1
0.06981324404,0.07990969718,-0.05541736633,0.003646973521,1
0.06981324404,0.08187973499,-0.05502062291,0.009324299172,1
0.06981324404,0.08384977281,-0.05736898258,0.007356971502,1
0.06981324404,0.08581981063,-0.06329924613,0.002589255571,1
0.06981324404,0.08778984845,-0.06452778727,0.001584942336,1
0.06981324404,0.08975988626,-0.06138107926,0.01145360153,1
0.06981324404,0.09172992408,-0.05992045999,0.01010280289,1
0.06981324404,0.0936999619,-0.05486638099,0.005777825601,1
0.06981324404,0.09567000717,-0.03975915164,0.003504021093,1
0.06981324404,0.09764004499,-0.02840063721,0.001136636129,1
0.06981324404,0.09961008281,-0.01777424105,-0.001216702047,1
0.06981324404,0.1015801206,-0.01313145272,0.001281036297,1
0.06981324404,0.1035501584,-0.01377800386,-0.001600605203,1
0.06981324404,0.1055201963,-0.01726746187,-0.005715396721,1
0.06981324404,0.1074902341,-0.01520616002,-0.009331153706,1
0.06981324404,0.1094602719,-0.007027989719,-0.01153496932,1
0.06981324404,0.1114303172,-0.007796555292,-0.003622124903,1
0.06981324404,0.113400355,-0.008747195825,0.003133822931,1
0.06981324404,0.1153703928,-0.00988006033,0.002703901613,1
0.06981324404,0.1173404306,-0.01303402334,8.474334754e-05,1
0.07178328186,0.04838907719,-0.0230083596,-0.01045077201,2
0.07178328186,0.050359115,-0.02666608058,-0.009963379242,1
0.07178328186,0.05232915282,-0.03320933133,-0.01278627384,1
0.07178328186,0.05429919064,-0.0308298301,-0.01543368958,1
0.07178328186,0.05626922846,-0.0278039705,-0.006395144854,1
0.07178328186,0.05823927,-0.02953109331,-0.003485101741,1
0.07178328186,0.06020930782,-0.04226341844,-0.002508852864,1
0.07178328186,0.06217934564,-0.05578639358,-0.008147719316,1
0.07178328186,0.06414938718,-0.06079149619,-0.008927319199,1
0.07178328186,0.066119425,-0.06765811145,-0.01129189786,1
0.07178328186,0.06808946282,-0.06341462582,-0.01049970463,1
0.07178328186,0.07005950063,-0.06531118602,-0.009653383866,1
0.07178328186,0.07202953845,-0.07583720982,-0.008167583495,1
0.07178328186,0.07399957627,-0.07316148281,-0.005103797186,1
0.07178328186,0.07596961409,-0.06662464887,-0.00143471593,1
0.07178328186,0.07793965936,-0.06692652404,0.0009883407038,1
0.07178328186,0.07990969718,-0.06054480374,0.005840864033,1
0.07178328186,0.08187973499,-0.05534469336,0.01063066255,1
0.07178328186,0.08384977281,-0.05641701818,0.007143531926,1
0.07178328186,0.08581981063,-0.06431285292,-0.0003525766369,1
0.07178328186,0.08778984845,-0.06753069162,-0.001878532232,1
0.07178328186,0.08975988626,-0.06585434824,0.01021984406,1
0.07178328186,0.09172992408,-0.05764573067,0.01222174708,1
0.07178328186,0.0936999619,-0.04711886123,0.01074443664,1
0.07178328186,0.09567000717,-0.03571336716,0.007924418896,1
0.07178328186,0.09764004499,-0.02671214193,0.005572003312,1
0.07178328186,0.09961008281,-0.0114469761,0.001320129028,1
0.07178328186,0.1015801206,-0.008890319616,0.001786430716,1
0.07178328186,0.1035501584,-0.01284614112,0.002001540735,1
0.07178328186,0.1055201963,-0.01735562086,-0.0001012764988,1
0.07178328186,0.1074902341,-0.01477410924,-0.008123494685,1
0.07178328186,0.1094602719,-0.008143909276,-0.01115163788,1
0.07178328186,0.1114303172,-0.005820903461,-0.006629669573,1
0.07178328186,0.113400355,-0.006067529321,-0.0001546211715,1
0.07178328186,0.1153703928,-0.01006043516,0.002049574163,1
0.07178328186,0.1173404306,-0.01330361608,-0.0003498550213,1
0.07375332713,0.04838907719,-0.01491388027,-0.008794153109,1
0.07375332713,0.050359115,-0.02441293187,-0.01005857531,1
0.07375332713,0.05232915282,-0.03026904911,-0.01665589213,1
0.07375332713,0.05429919064,-0.03191055357,-0.02728680708,1
0.07375332713,0.05626922846,-0.03603810817,-0.0175702963,1
0.07375332713,0.05823927,-0.03903697431,-0.008932148106,1
0.07375332713,0.06020930782,-0.0578144826,-0.008512459695,1
0.07375332713,0.06217934564,-0.06729013473,-0.009782784618,1
0.07375332713,0.06414938718,-0.06386442482,-0.006871014368,1
0.07375332713,0.066119425,-0.0714019835,-0.0104710171,1
0.07375332713,0.06808946282,-0.06431186199,-0.01001279149,1
0.07375332713,0.07005950063,-0.06352537125,-0.00672695972,1
0.07375332713,0.07202953845,-0.07274640352,-0.004481491633,1
0.07375332713,0.07399957627,-0.07999585569,-0.0007980984519,1
0.07375332713,0.07596961409,-0.08081694692,0.003270107787,1
0.07375332713,0.07793965936,-0.07696784288,0.003699099645,1
0.07375332713,0.07990969718,-0.06960400939,0.003803178901,1
0.07375332713,0.08187973499,-0.05964294448,0.0009850283386,1
0.07375332713,0.08384977281,-0.06132318452,0.002175234724,2
0.07375332713,0.08581981063,-0.06425628066,-0.003368592123,1
0.07375332713,0.08778984845,-0.07179443538,-0.001394583611,1
0.07375332713,0.08975988626,-0.07515300065,0.001982470741,1
0.07375332713,0.09172992408,-0.06998171657,0.002206632635,1
0.07375332713,0.0936999619,-0.04487551004,0.005723098759,1
0.07375332713,0.09567000717,-0.03254749998,0.006169462111,1
0.07375332713,0.09764004499,-0.02408920601,0.00348654855,1
0.07375332713,0.09961008281,-0.01953094639,-0.003066207515,1
0.07375332713,0.1015801206,-0.0193597544,-0.004721229896,1
0.07375332713,0.1035501584,-0.01640592329,0.005275317933,1
0.07375332713,0.1055201963,-0.01598524861,0.002276482526,1
0.07375332713,0.1074902341,-0.01595804654,-0.005927241873,1
0.07375332713,0.1094602719,-0.01039746404,-0.006034802645,1
0.07375332713,0.1114303172,-0.009357044473,-0.008423464373,1
0.07375332713,0.113400355,-0.009405210614,-0.004852909595,1
0.07375332713,0.1153703928,-0.01135126688,-0.002373718889,1
0.07375332713,0.1173404306,-0.01503340155,-9.377592505e-05,1
0.07572336495,0.04838907719,-0.03038177267,-0.0005449911114,1
0.07572336495,0.050359115,-0.02365954779,-0.02677636407,1
0.07572336495,0.05232915282,-0.02754722536,-0.02937071957,1
0.07572336495,0.05429919064,-0.03703854233,-0.02551113255,1
0.07572336495,0.05626922846,-0.04041185975,-0.01590508968,2
0.07572336495,0.05823927,-0.046879109,-0.006045551039,1
0.07572336495,0.06020930782,-0.06240208447,0.001101209084,1
0.07572336495,0.06217934564,-0.06432998925,-0.003220786108,2
0.07572336495,0.06414938718,-0.06811184436,-0.005989943631,2
0.07572336495,0.066119425,-0.07219586521,-0.01348018553,1
0.07572336495,0.06808946282,-0.07526496798,-0.01295911614,1
0.07572336495,0.07005950063,-0.06550235301,0.001928877202,1
0.07572336495,0.07202953845,-0.07556656003,0.00110319152,1
0.07572336495,0.07399957627,-0.08277946711,0.003914100584,1
0.07572336495,0.07596961409,-0.08216440678,0.00542465644,1
0.07572336495,0.07793965936,-0.080015935,0.004828276113,1
0.07572336495,0.07990969718,-0.07425883412,0.004267249722,1
0.07572336495,0.08187973499,-0.06591495126,0.0007096523768,1
0.07572336495,0.08384977281,-0.06497650594,0.003940971568,2
0.07572336495,0.08581981063,-0.06701594591,0.000515498512,1
0.07572336495,0.08778984845,-0.07225972414,0.001543731429,1
0.07572336495,0.08975988626,-0.0745953396,0.002755791415,1
0.07572336495,0.09172992408,-0.06871695071,0.00274150027,1
0.07572336495,0.0936999619,-0.04377423599,-0.001421179972,1
0.07572336495,0.09567000717,-0.02676307596,-0.003735272912,1
0.07572336495,0.09764004499,-0.01748290658,-0.004986847751,1
0.07572336495,0.09961008281,-0.01629961655,-0.00864081271,1
0.07572336495,0.1015801206,-0.01466206182,-0.011526905,1
0.07572336495,0.1035501584,-0.01319440268,-0.009040652774,1
0.07572336495,0.1055201963,-0.01459143497,-0.004494833294,1
0.07572336495,0.1074902341,-0.01421978418,-0.005060057156,1
0.07572336495,0.1094602719,-0.01396495476,-0.008442595601,1
0.07572336495,0.1114303172,-0.01322516147,-0.009276218712,1
0.07572336495,0.113400355,-0.01187680755,-0.00636561634,1
0.07572336495,0.1153703928,-0.01059093978,-0.003959258087,1
0.07572336495,0.1173404306,-0.009291787632,-0.002883549547,1
0.07769340277,0.04838907719,-0.01789114811,-0.01277039573,2
0.07769340277,0.050359115,-0.01821469888,-0.02382778749,1
0.07769340277,0.05232915282,-0.02742095105,-0.02163520642,1
0.07769340277,0.05429919064,-0.03904043138,-0.01742942072,1
0.07769340277,0.05626922846,-0.04169167578,-0.01449338067,2
0.07769340277,0.05823927,-0.05160468072,-0.008163761348,2
0.07769340277,0.06020930782,-0.06168532744,-0.005594595335,1
0.07769340277,0.06217934564,-0.05951588228,0.001788374269,1
0.07769340277,0.06414938718,-0.0720571056,-0.0003877894487,1
0.07769340277,0.066119425,-0.07166255265,-0.009523484856,1
0.07769340277,0.06808946282,-0.07195799798,-0.006528517231,1
0.07769340277,0.07005950063,-0.07476469874,-0.005413981155,1
0.07769340277,0.07202953845,-0.08011554927,0.003661344526,1
0.07769340277,0.07399957627,-0.08357845992,0.01225099154,1
0.07769340277,0.07596961409,-0.08407491446,0.01126688998,1
0.07769340277,0.07793965936,-0.08211456239,0.006182130892,1
0.07769340277,0.07990969718,-0.0744164139,0.004370745271,1
0.07769340277,0.08187973499,-0.065873757,0.004067978822,1
0.07769340277,0.08384977281,-0.06565193832,0.01236349996,1
0.07769340277,0.08581981063,-0.06806491315,0.01512514707,1
0.07769340277,0.08778984845,-0.06637180597,0.01148713008,1
0.07769340277,0.08975988626,-0.06186782196,0.01074123755,1
0.07769340277,0.09172992408,-0.05666147918,0.003697537119,2
0.07769340277,0.0936999619,-0.04309972748,-0.002535429783,1
0.07769340277,0.09567000717,-0.02557819709,-0.009154977277,1
0.07769340277,0.09764004499,-0.0177162867,-0.009751366451,1
0.07769340277,0.09961008281,-0.01904487237,-0.01313516125,1
0.07769340277,0.1015801206,-0.0149255069,-0.01466641389,1
0.07769340277,0.1035501584,-0.01119728014,-0.01307519246,1
0.07769340277,0.1055201963,-0.01497267466,-0.006311318837,1
0.07769340277,0.1074902341,-0.01589535177,-0.006044959184,1
0.07769340277,0.1094602719,-0.01117316261,-0.007528194692,1
0.07769340277,0.1114303172,-0.008761076257,-0.008378443308,1
0.07769340277,0.113400355,-0.009060109966,-0.009618837386,1
0.07769340277,0.1153703928,-0.007309024688,-0.008406993002,1
0.07769340277,0.1173404306,-0.002768532606,-0.009060637094,1
0.07966344059,0.04838907719,-0.005076975562,-0.01393840555,1
0.07966344059,0.050359115,-0.002406793414,-0.01350920927,1
0.07966344059,0.05232915282,-0.02090179361,-0.008390340954,1
0.07966344059,0.05429919064,-0.02924031392,-0.01584071852,1
0.07966344059,0.05626922846,-0.03570973501,-0.01647524908,1
0.07966344059,0.05823927,-0.05616261438,-0.006521521136,1
0.07966344059,0.06020930782,-0.05964858085,-0.0059217792,1
0.07966344059,0.06217934564,-0.06112711132,-0.005941262934,1
0.07966344059,0.06414938718,-0.06903369725,-0.008415950462,1
0.07966344059,0.066119425,-0.07363478839,-0.009150619619,1
0.07966344059,0.06808946282,-0.07126053423,-0.006589108147,1
0.07966344059,0.07005950063,-0.07377073169,-0.008733712137,1
0.07966344059,0.07202953845,-0.07650540769,-0.0007277487312,1
0.07966344059,0.07399957627,-0.08335200697,0.008553732187,1
0.07966344059,0.07596961409,-0.08695231378,0.00790661294,1
0.07966344059,0.07793965936,-0.0853112787,0.008372971788,1
0.07966344059,0.07990969718,-0.07458350062,0.005865813699,1
0.07966344059,0.08187973499,-0.06717345864,0.004547980148,1
0.07966344059,0.08384977281,-0.06927911192,0.01315523218,1
0.07966344059,0.08581981063,-0.07153403014,0.01632925123,1
0.07966344059,0.08778984845,-0.06409560889,0.01141568553,1
0.07966344059,0.08975988626,-0.05287380144,0.005101122893,1
0.07966344059,0.09172992408,-0.05296141654,0.003842840437,1
0.07966344059,0.0936999619,-0.03708944097,-0.005601190031,3
0.07966344059,0.09567000717,-0.02559391968,-0.009460885078,1
0.07966344059,0.09764004499,-0.02035316452,-0.01044289116,1
0.07966344059,0.09961008281,-0.01905487478,-0.01443540957,1
0.07966344059,0.1015801206,-0.01568699069,-0.01577345096,1
0.07966344059,0.1035501584,-0.01210205164,-0.01341955643,1
0.07966344059,0.1055201963,-0.01553060487,-0.007738666143,1
0.07966344059,0.1074902341,-0.02050558664,-0.005494765472,1
0.07966344059,0.1094602719,-0.00842332188,-0.007535194512,1
0.07966344059,0.1114303172,-0.007286063395,-0.008496898226,1
0.07966344059,0.113400355,-0.006741189398,-0.009009476751,1
0.07966344059,0.1153703928,-0.004670401569,-0.008450703695,1
0.07966344059,0.1173404306,-0.0003931173123,-0.01116077788,1
0.0816334784,0.04838907719,-0.001127556898,-0.01092390623,1
0.0816334784,0.050359115,0.005651668645,-0.01314987987,1
0.0816334784,0.05232915282,-0.01341861859,-0.01049908437,1
0.0816334784,0.05429919064,-0.01619314961,-0.01165854931,1
0.0816334784,0.05626922846,-0.03094796836,-0.002429358428,1
0.0816334784,0.05823927,-0.04680366814,0.0009739845409,1
0.0816334784,0.06020930782,-0.05933427811,-0.0005335836904,1
0.0816334784,0.06217934564,-0.06325856596,-0.002338029677,1
0.0816334784,0.06414938718,-0.07021632046,-0.007567906752,1
0.0816334784,0.066119425,-0.07244634628,-0.008429619484,2
0.0816334784,0.06808946282,-0.07236852497,-0.01562228333,1
0.0816334784,0.07005950063,-0.07189165056,-0.01372663677,1
0.0816334784,0.07202953845,-0.07260214537,-0.00578612322,1
0.0816334784,0.07399957627,-0.07843164355,-0.001277831732,1
0.0816334784,0.07596961409,-0.08265382051,0.0007204547292,1
0.0816334784,0.07793965936,-0.08373591304,0.005980945192,1
0.0816334784,0.07990969718,-0.07796985656,0.004908951465,1
0.0816334784,0.08187973499,-0.07238635421,0.006009007804,1
0.0816334784,0.08384977281,-0.07657895237,0.00980760064,1
0.0816334784,0.08581981063,-0.07326126844,0.004215962254,1
0.0816334784,0.08778984845,-0.05901375785,-0.004166580271,2
0.0816334784,0.08975988626,-0.04886577651,-0.01486082096,1
0.0816334784,0.09172992408,-0.038133692,-0.01531656552,1
0.0816334784,0.0936999619,-0.03147948533,-0.01214064751,1
0.0816334784,0.09567000717,-0.0260368064,-0.0116134407,1
0.0816334784,0.09764004499,-0.01939095929,-0.01235773321,1
0.0816334784,0.09961008281,-0.01639296487,-0.01533860993,1
0.0816334784,0.1015801206,-0.01545190997,-0.01901602373,1
0.0816334784,0.1035501584,-0.01845103689,-0.01379315928,1
0.0816334784,0.1055201963,-0.02170098387,-0.007694373373,1
0.0816334784,0.1074902341,-0.01107513998,-0.01135865226,1
0.0816334784,0.1094602719,-0.009664732963,-0.008606262505,1
0.0816334784,0.1114303172,-0.008172024041,-0.008489334024,1
0.0816334784,0.113400355,-0.006897999905,-0.008799917996,1
0.0816334784,0.1153703928,-0.003441006644,-0.008839027025,1
0.0816334784,0.1173404306,-0.0020788447,-0.008296369575,1
0.08360351622,0.04838907719,0.002700506942,-0.006463435013,1
0.08360351622,0.050359115,0.00533754658,-0.006730257999,1
0.08360351622,0.05232915282,-0.006681441329,-0.007489616051,1
0.08360351622,0.05429919064,-0.01665644348,-0.0004832642735,1
0.08360351622,0.05626922846,-0.02709976025,0.006570944563,1
0.08360351622,0.05823927,-0.04434437677,0.009294361807,1
0.08360351622,0.06020930782,-0.05735781416,0.00829576049,1
0.08360351622,0.06217934564,-0.06298682094,0.00570909027,1
0.08360351622,0.06414938718,-0.0679313764,0.003330827458,1
0.08360351622,0.066119425,-0.07356575876,-0.001377668232,1
0.08360351622,0.06808946282,-0.07623574883,-0.005578255281,1
0.08360351622,0.07005950063,-0.075999327,-0.007462100126,1
0.08360351622,0.07202953845,-0.07147103548,-0.007147192955,1
0.08360351622,0.07399957627,-0.07347372174,-0.003878245829,1
0.08360351622,0.07596961409,-0.07488337904,-0.00370711484,1
0.08360351622,0.07793965936,-0.06983007491,-0.0065146056,1
0.08360351622,0.07990969718,-0.07202491909,-0.0008133772644,1
0.08360351622,0.08187973499,-0.07320117205,0.001831397414,1
0.08360351622,0.08384977281,-0.06885200739,0.003425570903,1
0.08360351622,0.08581981063,-0.0623107776,-0.007789152209,1
0.08360351622,0.08778984845,-0.04983238503,-0.01743714698,1
0.08360351622,0.08975988626,-0.04502497613,-0.02048736997,1
0.08360351622,0.09172992408,-0.03807866573,-0.01818262599,1
0.08360351622,0.0936999619,-0.03165131435,-0.01517591253,1
0.08360351622,0.09567000717,-0.02593198046,-0.01378713548,1
0.08360351622,0.09764004499,-0.01869663782,-0.01241720188,1
0.08360351622,0.09961008281,-0.01717181131,-0.01506413799,1
0.08360351622,0.1015801206,-0.02194265835,-0.01652126759,1
0.08360351622,0.1035501584,-0.03057987615,-0.009728280827,1
0.08360351622,0.1055201963,-0.02683561668,-0.00724950619,1
0.08360351622,0.1074902341,-0.0166023206,-0.009052259848,1
0.08360351622,0.1094602719,-0.01264296751,-0.007608247921,1
0.08360351622,0.1114303172,-0.008188309148,-0.00692722667,1
0.08360351622,0.113400355,-0.00651518954,-0.007673454937,1
0.08360351622,0.1153703928,-0.004589065444,-0.008351231925,1
0.08360351622,0.1173404306,-0.008873945102,-0.006965605076,1
0.08557355404,0.04838907719,-0.02510348707,0.01022369042,1
0.08557355404,0.050359115,0.002335493686,0.001969276927,1
0.08557355404,0.05232915282,-0.002871336415,0.003218250582,1
0.08557355404,0.05429919064,-0.00906580966,0.005983255804,1
0.08557355404,0.05626922846,-0.0185389556,0.007679824252,1
0.08557355404,0.05823927,-0.04146356881,0.01605607569,1
0.08557355404,0.06020930782,-0.05653101206,0.01544699352,1
0.08557355404,0.06217934564,-0.06153927743,0.01369479112,1
0.08557355404,0.06414938718,-0.06326621026,0.01387767028,1
0.08557355404,0.066119425,-0.06772788614,0.007705939002,1
0.08557355404,0.06808946282,-0.07331792265,-0.0007583954721,1
0.08557355404,0.07005950063,-0.07301770896,-0.003161094617,1
0.08557355404,0.07202953845,-0.07005102932,-0.002107052132,1
0.08557355404,0.07399957627,-0.07083968818,-0.0009463188471,1
0.08557355404,0.07596961409,-0.0708354488,-0.005224159453,1
0.08557355404,0.07793965936,-0.0708296746,-0.008333065547,1
0.08557355404,0.07990969718,-0.07286914438,-0.004398054443,1
0.08557355404,0.08187973499,-0.07392506301,-0.002851567697,1
0.08557355404,0.08384977281,-0.07093155384,-0.001746247639,1
0.08557355404,0.08581981063,-0.06667489558,-0.01224249788,1
0.08557355404,0.08778984845,-0.05660492182,-0.02257876843,1
0.08557355404,0.08975988626,-0.04430294409,-0.02198545448,1
0.08557355404,0.09172992408,-0.03938004375,-0.02044120058,1
0.08557355404,0.0936999619,-0.03324758261,-0.0194645226,1
0.08557355404,0.09567000717,-0.02567141689,-0.0181599576,1
0.08557355404,0.09764004499,-0.01829049923,-0.01278016903,1
0.08557355404,0.09961008281,-0.01916382462,-0.0156474933,1
0.08557355404,0.1015801206,-0.03431340307,-0.01290441863,1
0.08557355404,0.1035501584,-0.03922396898,-0.006501538213,1
0.08557355404,0.1055201963,-0.03160506114,-0.006142320111,1
0.08557355404,0.1074902341,-0.02229175344,-0.007004492916,1
0.08557355404,0.1094602719,-0.01655537263,-0.00603388669,1
0.08557355404,0.1114303172,-0.008531233296,-0.006673699711,1
0.08557355404,0.113400355,-0.005406179931,-0.005994532257,1
0.08557355404,0.1153703928,-0.006003651302,-0.005722605623,1
0.08557355404,0.1173404306,-0.005553422961,-0.002681329148,1
0.08754359186,0.04838907719,-0.01942563429,0.0100520188,2
0.08754359186,0.050359115,-0.01417340804,0.01054170728,1
0.08754359186,0.05232915282,-0.006591242738,0.006857130211,1
0.08754359186,0.05429919064,-0.01323821954,0.006335621234,1
0.08754359186,0.05626922846,-0.02823327668,0.00778488256,1
0.08754359186,0.05823927,-0.04425989091,0.01335285977,1
0.08754359186,0.06020930782,-0.05162355304,0.01740065776,1
0.08754359186,0.06217934564,-0.05727086216,0.0176312197,1
0.08754359186,0.06414938718,-0.06071997434,0.01584733278,1
0.08754359186,0.066119425,-0.06228087097,0.008519740775,1
0.08754359186,0.06808946282,-0.06780521572,-0.003215196775,1
0.08754359186,0.07005950063,-0.07234190404,-0.003623409895,1
0.08754359186,0.07202953845,-0.07143282145,-0.005616524722,1
0.08754359186,0.07399957627,-0.06764122844,-0.0005381779047,3
0.08754359186,0.07596961409,-0.06683435291,0.003172253724,1
0.08754359186,0.07793965936,-0.0711767152,-0.003228724003,1
0.08754359186,0.07990969718,-0.07381634414,-0.003100544447,1
0.08754359186,0.08187973499,-0.07340395451,-0.005702789873,1
0.08754359186,0.08384977281,-0.06999227405,-0.007471188903,1
0.08754359186,0.08581981063,-0.06100831181,-0.01408844162,2
0.08754359186,0.08778984845,-0.05364858359,-0.01963524334,2
0.08754359186,0.08975988626,-0.04808264226,-0.02045472525,1
0.08754359186,0.09172992408,-0.04094461352,-0.01964605041,1
0.08754359186,0.0936999619,-0.03224378824,-0.02063392662,1
0.08754359186,0.09567000717,-0.02223610505,-0.0228189081,1
0.08754359186,0.09764004499,-0.01401199959,-0.01758290082,1
0.08754359186,0.09961008281,-0.01644318178,-0.01426375471,1
0.08754359186,0.1015801206,-0.03799758852,-0.01089498308,1
0.08754359186,0.1035501584,-0.03460369259,-0.008395900019,2
0.08754359186,0.1055201963,-0.03095792048,-0.011774146,1
0.08754359186,0.1074902341,-0.02608091198,-0.009213843383,1
0.08754359186,0.1094602719,-0.02011483721,-0.00788033288,1
0.08754359186,0.1114303172,-0.01352117117,-0.006894956343,1
0.08754359186,0.113400355,-0.007714945823,-0.004055498634,1
0.08754359186,0.1153703928,-0.00549443299,-0.004119026475,1
0.08754359186,0.1173404306,-0.006213630084,-0.004123265855,1
0.08951362967,0.04838907719,-0.01900000498,0.00939065963,2
0.08951362967,0.050359115,-0.01669116318,0.01216078829,1
0.08951362967,0.05232915282,-0.01085698884,0.0110279806,1
0.08951362967,0.05429919064,-0.01971362345,0.009308191016,1
0.08951362967,0.05626922846,-0.03129934147,0.01336912718,1
0.08951362967,0.05823927,-0.0400130488,0.01473627519,1
0.08951362967,0.06020930782,-0.04274762794,0.01559788082,1
0.08951362967,0.06217934564,-0.05097365379,0.01073486824,1
0.08951362967,0.06414938718,-0.06089330092,-0.001579558128,1
0.08951362967,0.066119425,-0.06488959491,-0.001055457862,1
0.08951362967,0.06808946282,-0.07569748163,0.001632666565,1
0.08951362967,0.07005950063,-0.0752087459,-0.0025211256,1
0.08951362967,0.07202953845,-0.06780137867,-0.009557429701,1
0.08951362967,0.07399957627,-0.06184073165,-0.002196852351,2
0.08951362967,0.07596961409,-0.05705687776,0.006828199141,1
0.08951362967,0.07793965936,-0.06146654859,0.007240543142,1
0.08951362967,0.07990969718,-0.06847617775,0.001363708521,1
0.08951362967,0.08187973499,-0.0694444105,-0.006441086065,1
0.08951362967,0.08384977281,-0.06569682807,-0.009233300574,1
0.08951362967,0.08581981063,-0.05371752009,-0.01700483449,1
0.08951362967,0.08778984845,-0.04889845103,-0.021419039,1
0.08951362967,0.08975988626,-0.05663917214,-0.0154975038,1
0.08951362967,0.09172992408,-0.04576783627,-0.01582402177,1
0.08951362967,0.0936999619,-0.03446747363,-0.0184217114,1
0.08951362967,0.09567000717,-0.02479573525,-0.02067730017,1
0.08951362967,0.09764004499,-0.02230422385,-0.01732980832,1
0.08951362967,0.09961008281,-0.02472808957,-0.01300298143,1
0.08951362967,0.1015801206,-0.03106875159,-0.0084655229,1
0.08951362967,0.1035501584,-0.03023530357,-0.004412929527,1
0.08951362967,0.1055201963,-0.02718462981,-0.006187344436,1
0.08951362967,0.1074902341,-0.02620464191,-0.009277293459,1
0.08951362967,0.1094602719,-0.02188421413,-0.007732337341,1
0.08951362967,0.1114303172,-0.01382034831,-0.006809564773,1
0.08951362967,0.113400355,-0.007788294461,-0.003612376051,1
0.08951362967,0.1153703928,-0.004714122042,-0.002791796578,1
0.08951362967,0.1173404306,0.001156148734,-0.003499663901,1
0.09148367494,0.04838907719,-0.02088321932,0.005959169939,1
0.09148367494,0.050359115,-0.01517289877,0.008378908038,1
0.09148367494,0.05232915282,-0.01599265076,0.01176359504,1
0.09148367494,0.05429919064,-0.0226826109,0.01285517495,1
0.09148367494,0.05626922846,-0.03266010806,0.01532933582,1
0.09148367494,0.05823927,-0.03791121021,0.01406282932,1
0.09148367494,0.06020930782,-0.0445837453,0.01353975572,1
0.09148367494,0.06217934564,-0.05230239406,-0.006171199493,1
0.09148367494,0.06414938718,-0.05959746987,-0.008697296493,1
0.09148367494,0.066119425,-0.07652179152,0.005397142377,1
0.09148367494,0.06808946282,-0.08152184635,0.003392731305,1
0.09148367494,0.07005950063,-0.07975082844,-0.002471014392,1
0.09148367494,0.07202953845,-0.0576630272,-0.008357003331,1
0.09148367494,0.07399957627,-0.05486343056,-0.005520000588,1
0.09148367494,0.07596961409,-0.05842241645,0.0121469358,1
0.09148367494,0.07793965936,-0.05828464776,0.013701858,1
0.09148367494,0.07990969718,-0.05881595612,0.006836802699,1
0.09148367494,0.08187973499,-0.05704020709,0.0005487794988,1
0.09148367494,0.08384977281,-0.05155315995,-0.006662070751,1
0.09148367494,0.08581981063,-0.06001160294,-0.004706017673,1
0.09148367494,0.08778984845,-0.05664459243,-0.004928969312,1
0.09148367494,0.08975988626,-0.04692230374,-0.01248336025,1
0.09148367494,0.09172992408,-0.04114940763,-0.01587565057,1
0.09148367494,0.0936999619,-0.0386855118,-0.01681814529,1
0.09148367494,0.09567000717,-0.03163292259,-0.01797891036,1
0.09148367494,0.09764004499,-0.02847647108,-0.01884458773,1
0.09148367494,0.09961008281,-0.02819075808,-0.0139091555,1
0.09148367494,0.1015801206,-0.02883858979,-0.00907960441,1
0.09148367494,0.1035501584,-0.02727610804,-0.005032745656,1
0.09148367494,0.1055201963,-0.0252032727,-0.00144399947,1
0.09148367494,0.1074902341,-0.02416152321,0.0002362142113,1
0.09148367494,0.1094602719,-0.02245499194,-0.002096703276,1
0.09148367494,0.1114303172,-0.01744741574,-0.002070303541,1
0.09148367494,0.113400355,-0.00898466073,-0.003105862997,1
0.09148367494,0.1153703928,-0.004264997784,-0.003345830133,1
0.09148367494,0.1173404306,0.0009038201533,-0.00553501118,1
0.09345371276,0.04838907719,-0.01176258828,0.0008230906096,1
0.09345371276,0.050359115,-0.01207241137,0.00310012023,1
0.09345371276,0.05232915282,-0.02107273974,0.007096074522,1
0.09345371276,0.05429919064,-0.02573047951,0.004860471468,1
0.09345371276,0.05626922846,-0.03135843948,0.006956839468,1
0.09345371276,0.05823927,-0.03471438214,0.01198121347,1
0.09345371276,0.06020930782,-0.04037953168,0.012081163,1
0.09345371276,0.06217934564,-0.04607090354,0.0170240514,1
0.09345371276,0.06414938718,-0.05875844508,0.01371185575,1
0.09345371276,0.066119425,-0.07332074642,0.008082774468,1
0.09345371276,0.06808946282,-0.07742016762,-0.006535707042,1
0.09345371276,0.07005950063,-0.07104546577,-0.0100414753,1
0.09345371276,0.07202953845,-0.06414887309,-0.008148450404,1
0.09345371276,0.07399957627,-0.05277309939,0.002126787324,1
0.09345371276,0.07596961409,-0.05660970882,0.008190740831,1
0.09345371276,0.07793965936,-0.05619002134,0.01355885342,1
0.09345371276,0.07990969718,-0.0550984256,0.006451168563,1
0.09345371276,0.08187973499,-0.05647817627,0.001863032812,1
0.09345371276,0.08384977281,-0.05934238061,-0.004007632844,1
0.09345371276,0.08581981063,-0.06132969633,-0.004258390982,1
0.09345371276,0.08778984845,-0.06035194919,-0.00291830278,1
0.09345371276,0.08975988626,-0.04674227536,-0.01085846033,1
0.09345371276,0.09172992408,-0.04098032787,-0.0162465293,1
0.09345371276,0.0936999619,-0.03803870082,-0.01767803356,1
0.09345371276,0.09567000717,-0.03325239569,-0.01701061241,1
0.09345371276,0.09764004499,-0.02986062877,-0.01583093591,1
0.09345371276,0.09961008281,-0.02907540835,-0.012998024,1
0.09345371276,0.1015801206,-0.02824247628,-0.0100709172,1
0.09345371276,0.1035501584,-0.02596083842,-0.006267588586,1
0.09345371276,0.1055201963,-0.0251385197,-0.0008319239132,1
0.09345371276,0.1074902341,-0.0239189472,0.001057244721,1
0.09345371276,0.1094602719,-0.02371137403,0.001316629234,1
0.09345371276,0.1114303172,-0.01926613413,0.003475143109,1
0.09345371276,0.113400355,-0.01005269773,-0.0005828874419,1
0.09345371276,0.1153703928,-0.005364247598,-0.005951995961,1
0.09345371276,0.1173404306,0.001214674674,-0.006766898558,1
0.09542375058,0.04838907719,-0.01165002957,-0.001288188854,1
0.09542375058,0.050359115,-0.01104721986,0.002234450076,1
0.09542375058,0.05232915282,-0.02075574175,0.001737211947,1
0.09542375058,0.05429919064,-0.02608103678,0.0005997039843,1
0.09542375058,0.05626922846,-0.03232043236,0.004708870314,1
0.09542375058,0.05823927,-0.03690264374,0.006663566921,1
0.09542375058,0.06020930782,-0.04206578434,0.007164400537,1
0.09542375058,0.06217934564,-0.0500132665,0.009977977723,2
0.09542375058,0.06414938718,-0.05846566334,0.01194840763,1
0.09542375058,0.066119425,-0.06710998714,0.0007598329103,1
0.09542375058,0.06808946282,-0.07046084106,-0.01286951546,1
0.09542375058,0.07005950063,-0.06718672812,-0.01157804299,1
0.09542375058,0.07202953845,-0.06489360332,-0.009318158962,1
0.09542375058,0.07399957627,-0.06012455001,-0.00083133718,1
0.09542375058,0.07596961409,-0.06667339802,0.003379520727,1
0.09542375058,0.07793965936,-0.06592030078,0.003512686817,1
0.09542375058,0.07990969718,-0.05706659332,0.0008468661108,1
0.09542375058,0.08187973499,-0.05505236238,-0.0005677911686,1
0.09542375058,0.08384977281,-0.0528386943,-0.003557029413,1
0.09542375058,0.08581981063,-0.05629038438,0.0009666372789,1
0.09542375058,0.08778984845,-0.05526918918,0.00276429113,1
0.09542375058,0.08975988626,-0.05022505671,-0.006181878969,1
0.09542375058,0.09172992408,-0.04504996911,-0.01599581912,1
0.09542375058,0.0936999619,-0.03889739886,-0.01830651797,1
0.09542375058,0.09567000717,-0.03657833859,-0.01097551174,1
0.09542375058,0.09764004499,-0.03445672989,-0.008716866374,1
0.09542375058,0.09961008281,-0.03176386282,-0.007434937172,1
0.09542375058,0.1015801206,-0.02475416102,-0.009603979997,1
0.09542375058,0.1035501584,-0.02264146134,-0.00478265062,1
0.09542375058,0.1055201963,-0.02468544804,-0.0008906598669,1
0.09542375058,0.1074902341,-0.02325787768,0.001297647716,1
0.09542375058,0.1094602719,-0.02219621278,0.002483765129,1
0.09542375058,0.1114303172,-0.01296368241,0.001653424231,1
0.09542375058,0.113400355,-0.006115099881,-0.001844464568,1
0.09542375058,0.1153703928,-0.00794161763,-0.005704871845,1
0.09542375058,0.1173404306,-0.00315778004,-0.001414869563,1
0.0973937884,0.04838907719,-0.01346934121,0.005648904014,1
0.0973937884,0.050359115,-0.01811527647,0.005629921798,1
0.0973937884,0.05232915282,-0.0231235493,0.006416282617,1
0.0973937884,0.05429919064,-0.02297855541,0.001077061286,1
0.0973937884,0.05626922846,-0.02829416655,-0.001269039116,1
0.0973937884,0.05823927,-0.04007193446,-0.001543928287,1
0.0973937884,0.06020930782,-0.04742901772,0.001235772274,1
0.0973937884,0.06217934564,-0.05345071107,0.003775049932,1
0.0973937884,0.06414938718,-0.05792396888,0.002342511201,1
0.0973937884,0.066119425,-0.06219780818,-0.008263068274,1
0.0973937884,0.06808946282,-0.06425952166,-0.01361478213,1
0.0973937884,0.07005950063,-0.06403431296,-0.01047704741,1
0.0973937884,0.07202953845,-0.06336992979,-0.009341784753,1
0.0973937884,0.07399957627,-0.06103071198,-0.004464437719,1
0.0973937884,0.07596961409,-0.0650665015,-0.0002400122903,1
0.0973937884,0.07793965936,-0.05487120897,-0.002032418968,1
0.0973937884,0.07990969718,-0.04987864941,-0.001394470921,1
0.0973937884,0.08187973499,-0.05025279894,0.002598235616,1
0.0973937884,0.08384977281,-0.05117393285,0.004027842078,1
0.0973937884,0.08581981063,-0.05361096188,0.0002637344587,1
0.0973937884,0.08778984845,-0.05172394216,0.005280353129,1
0.0973937884,0.08975988626,-0.05298222229,-0.006287613418,1
0.0973937884,0.09172992408,-0.05262662843,-0.0161710009,1
0.0973937884,0.0936999619,-0.04774542898,-0.008916066028,1
0.0973937884,0.09567000717,-0.04420983046,-0.006667228416,1
0.0973937884,0.09764004499,-0.04058429971,-0.005259196274,1
0.0973937884,0.09961008281,-0.03607573733,-0.00390615291,1
0.0973937884,0.1015801206,-0.02355103381,-0.007543758024,1
0.0973937884,0.1035501584,-0.02068022266,-0.005231233779,1
0.0973937884,0.1055201963,-0.0238083154,-0.003094007494,1
0.0973937884,0.1074902341,-0.02264661156,-0.002726108069,1
0.0973937884,0.1094602719,-0.01744397171,-0.003627827158,1
0.0973937884,0.1114303172,-0.01075299922,-0.002761493204,1
0.0973937884,0.113400355,-0.007274594624,-0.002677440178,1
0.0973937884,0.1153703928,-0.005938338581,-0.001154943253,1
0.0973937884,0.1173404306,-0.005679611582,-0.001071088016,1
0.09936382622,0.04838907719,-0.009249024093,0.006922015455,1
0.09936382622,0.050359115,-0.01536624692,0.004709193017,1
0.09936382622,0.05232915282,-0.02214123309,0.00381887448,1
0.09936382622,0.05429919064,-0.02137887478,-0.005364359822,1
0.09936382622,0.05626922846,-0.0335553214,-0.005716864951,1
0.09936382622,0.05823927,-0.04417938739,-0.006528803147,1
0.09936382622,0.06020930782,-0.0527710095,-0.005713006482,1
0.09936382622,0.06217934564,-0.05759335309,-0.003784529865,1
0.09936382622,0.06414938718,-0.05771225691,-0.006640921347,1
0.09936382622,0.066119425,-0.05770046636,-0.01363751665,1
0.09936382622,0.06808946282,-0.0584086068,-0.01236237586,1
0.09936382622,0.07005950063,-0.06214762107,-0.0115865171,1
0.09936382622,0.07202953845,-0.06136710942,-0.01168304589,1
0.09936382622,0.07399957627,-0.05634414405,-0.008863014169,1
0.09936382622,0.07596961409,-0.05417952687,0.0007102962118,1
0.09936382622,0.07793965936,-0.04599392787,-0.005475220736,1
0.09936382622,0.07990969718,-0.04558566585,-0.004155154806,1
0.09936382622,0.08187973499,-0.04826562479,0.002622221829,1
0.09936382622,0.08384977281,-0.05329679325,0.005588721484,1
0.09936382622,0.08581981063,-0.05400045216,0.003251528367,1
0.09936382622,0.08778984845,-0.05171084031,0.001314061577,1
0.09936382622,0.08975988626,-0.0555761978,-0.005164020229,1
0.09936382622,0.09172992408,-0.05281320587,-0.006519716233,1
0.09936382622,0.0936999619,-0.05249214172,-0.00097345619,1
0.09936382622,0.09567000717,-0.05595786497,-0.000300950458,1
0.09936382622,0.09764004499,-0.04042836651,-0.003296672599,1
0.09936382622,0.09961008281,-0.03206185997,-0.003553008894,1
0.09936382622,0.1015801206,-0.02398542687,-0.006257365923,1
0.09936382622,0.1035501584,-0.01882083528,-0.005943674129,1
0.09936382622,0.1055201963,-0.02093762159,-0.004113944247,1
0.09936382622,0.1074902341,-0.01914286241,-0.005731657147,1
0.09936382622,0.1094602719,-0.01575678028,-0.005340253003,1
0.09936382622,0.1114303172,-0.01437573321,-0.004756739829,1
0.09936382622,0.113400355,-0.01057272684,-0.0032317359,1
0.09936382622,0.1153703928,-0.006393367425,-0.002944892971,1
0.09936382622,0.1173404306,-0.005957308225,-0.004249395337,1
0.101333864,0.04838907719,-0.02082909644,-0.00588331325,1
0.101333864,0.050359115,-0.01249020826,0.001133304439,1
0.101333864,0.05232915282,-0.01489840075,-0.001102159964,1
0.101333864,0.05429919064,-0.01194065716,-0.002071757801,1
0.101333864,0.05626922846,-0.0323327817,-0.003973460291,1
0.101333864,0.05823927,-0.04058198258,-0.002437170828,2
0.101333864,0.06020930782,-0.04914563149,-0.004598906729,2
0.101333864,0.06217934564,-0.05669608712,-0.007402180694,1
0.101333864,0.06414938718,-0.05667601898,-0.004222703166,1
0.101333864,0.066119425,-0.05615281314,-0.007781637833,1
0.101333864,0.06808946282,-0.05471479893,-0.009919868782,1
0.101333864,0.07005950063,-0.06117587164,-0.00892164465,1
0.101333864,0.07202953845,-0.0561681129,-0.01998265088,1
0.101333864,0.07399957627,-0.05273571238,-0.02124327421,1
0.101333864,0.07596961409,-0.0492807962,-0.01266961917,2
0.101333864,0.07793965936,-0.04253925011,-0.01379972883,3
0.101333864,0.07990969718,-0.04760888964,-0.01218568813,1
0.101333864,0.08187973499,-0.05195355788,-0.005473762285,1
0.101333864,0.08384977281,-0.05754878372,0.001867526677,1
0.101333864,0.08581981063,-0.05274201185,0.005289026536,1
0.101333864,0.08778984845,-0.04945236817,0.005152697675,1
0.101333864,0.08975988626,-0.05561228096,8.774222806e-05,1
0.101333864,0.09172992408,-0.05226448551,0.001410877681,1
0.101333864,0.0936999619,-0.05292238668,0.004057652783,1
0.101333864,0.09567000717,-0.05459304899,0.0004640682891,1
0.101333864,0.09764004499,-0.04641839117,-0.0009322713013,1
0.101333864,0.09961008281,-0.03797503561,-0.002073138021,1
0.101333864,0.1015801206,-0.03068668209,-0.002152231289,1
0.101333864,0.1035501584,-0.02576117031,-0.002157746116,1
0.101333864,0.1055201963,-0.01913618296,-0.006529626437,1
0.101333864,0.1074902341,-0.0159763135,-0.006607579533,1
0.101333864,0.1094602719,-0.01448913198,-0.005705359858,1
0.101333864,0.1114303172,-0.01326204278,-0.005031057168,1
0.101333864,0.113400355,-0.01041571144,-0.003832411952,1
0.101333864,0.1153703928,-0.007246754598,-0.003917934839,1
0.101333864,0.1173404306,-0.006431781221,-0.002187149599,1
0.1033039019,0.04838907719,-0.01793646626,-0.001645881217,2
0.1033039019,0.050359115,-0.01641431078,-0.001783276326,1
0.1033039019,0.05232915282,-0.009584041312,0.00482163392,1
0.1033039019,0.05429919064,-0.01350966375,0.007093814667,2
0.1033039019,0.05626922846,-0.02124108747,0.01494603138,1
0.1033039019,0.05823927,-0.03667012975,0.005352487788,2
0.1033039019,0.06020930782,-0.04653344303,-0.002843269613,2
0.1033039019,0.06217934564,-0.05622924864,-0.003863064107,1
0.1033039019,0.06414938718,-0.05498199165,-0.004483471625,1
0.1033039019,0.066119425,-0.05411751941,-0.007246572059,1
0.1033039019,0.06808946282,-0.05502991378,-0.01057315711,1
0.1033039019,0.07005950063,-0.06134329364,-0.01409001555,1
0.1033039019,0.07202953845,-0.05466693267,-0.01992032863,1
0.1033039019,0.07399957627,-0.05300517753,-0.02155518532,1
0.1033039019,0.07596961409,-0.04766869545,-0.0163457673,1
0.1033039019,0.07793965936,-0.05253268778,-0.02557516471,1
0.1033039019,0.07990969718,-0.05500681698,-0.02218058333,1
0.1033039019,0.08187973499,-0.05439444631,-0.01142592356,1
0.1033039019,0.08384977281,-0.05661255121,-0.009328909218,1
0.1033039019,0.08581981063,-0.05060394481,0.005556180142,1
0.1033039019,0.08778984845,-0.04947294667,0.004635624588,1
0.1033039019,0.08975988626,-0.05179486424,-0.0005258697784,1
0.1033039019,0.09172992408,-0.05296361074,0.007587284315,1
0.1033039019,0.0936999619,-0.04923643917,0.006789242849,1
0.1033039019,0.09567000717,-0.04587541148,0.001989490353,1
0.1033039019,0.09764004499,-0.04457728937,0.003952931147,1
0.1033039019,0.09961008281,-0.04617813975,0.006953095086,1
0.1033039019,0.1015801206,-0.04009841755,0.005656896625,1
0.1033039019,0.1035501584,-0.0273336675,-0.0006559952744,1
0.1033039019,0.1055201963,-0.01893486269,-0.005586757325,1
0.1033039019,0.1074902341,-0.01589377411,-0.005177944899,1
0.1033039019,0.1094602719,-0.01470049191,-0.002520141657,1
0.1033039019,0.1114303172,-0.01290669572,-0.003060312709,1
0.1033039019,0.113400355,-0.01051912736,-0.003269584617,1
0.1033039019,0.1153703928,-0.008873208426,-0.002722824225,1
0.1033039019,0.1173404306,-0.008319088258,-0.001715784776,1
0.1052739397,0.04838907719,-0.01656599157,0.002728946041,2
0.1052739397,0.050359115,-0.02005712502,0.002613353543,1
0.1052739397,0.05232915282,-0.006698027253,0.01203422714,1
0.1052739397,0.05429919064,-0.01127286814,0.0106793521,1
0.1052739397,0.05626922846,-0.02237206511,0.01638109423,1
0.1052739397,0.05823927,-0.03832401708,0.01174435951,1
0.1052739397,0.06020930782,-0.04408875853,-0.008263594471,1
0.1052739397,0.06217934564,-0.04603968188,-0.007195396814,1
0.1052739397,0.06414938718,-0.049694594,-0.005300171673,1
0.1052739397,0.066119425,-0.05200139061,0.003837737255,1
0.1052739397,0.06808946282,-0.05297321826,-0.002441923134,1
0.1052739397,0.07005950063,-0.05286775902,-0.006810809486,1
0.1052739397,0.07202953845,-0.05352437124,-0.01234647539,1
0.1052739397,0.07399957627,-0.05521923304,-0.02211871371,1
0.1052739397,0.07596961409,-0.05675400421,-0.02222396433,1
0.1052739397,0.07793965936,-0.05821832642,-0.02294236235,1
0.1052739397,0.07990969718,-0.06091281399,-0.02416581847,1
0.1052739397,0.08187973499,-0.06105561182,-0.01357097179,2
0.1052739397,0.08384977281,-0.06169827655,-0.009173391387,2
0.1052739397,0.08581981063,-0.05957656726,-0.00148023176,2
0.1052739397,0.08778984845,-0.05754947662,0.009615823627,1
0.1052739397,0.08975988626,-0.05410834774,0.007021396887,1
0.1052739397,0.09172992408,-0.04739077017,0.007847590372,1
0.1052739397,0.0936999619,-0.04321023077,0.003167141695,1
0.1052739397,0.09567000717,-0.04419201985,0.001381025999,1
0.1052739397,0.09764004499,-0.04754586518,0.01010776032,1
0.1052739397,0.09961008281,-0.04466883466,0.01062191837,2
0.1052739397,0.1015801206,-0.03812741116,0.009881611913,1
0.1052739397,0.1035501584,-0.02386974543,-0.0004023708461,1
0.1052739397,0.1055201963,-0.02003898285,-0.004121984821,1
0.1052739397,0.1074902341,-0.02005056478,-0.002019625856,1
0.1052739397,0.1094602719,-0.01558869798,-0.001238328754,1
0.1052739397,0.1114303172,-0.01355279516,-0.001394313062,1
0.1052739397,0.113400355,-0.01073008124,-0.001864097547,1
0.1052739397,0.1153703928,-0.01017467026,-0.001168656629,1
0.1052739397,0.1173404306,-0.01168607362,-0.00200773566,1
0.1072439849,0.04838907719,-0.01170438156,0.007219365798,2
0.1072439849,0.050359115,-0.009425562806,0.00889735017,2
0.1072439849,0.05232915282,-0.007692990825,0.01262655947,1
0.1072439849,0.05429919064,-0.007170897443,0.008119321428,1
0.1072439849,0.05626922846,-0.01863000728,0.004475274123,1
0.1072439849,0.05823927,-0.03467427567,-0.006081021857,1
0.1072439849,0.06020930782,-0.04025271907,-0.01311299112,1
0.1072439849,0.06217934564,-0.04457861558,-0.004580139183,2
0.1072439849,0.06414938718,-0.04825033247,-0.0006613374571,1
0.1072439849,0.066119425,-0.0511498265,0.006879085675,1
0.1072439849,0.06808946282,-0.0536056757,-0.001062493073,1
0.1072439849,0.07005950063,-0.05453372747,-0.0074224337,1
0.1072439849,0.07202953845,-0.05550732836,-0.01338048745,1
0.1072439849,0.07399957627,-0.05564590544,-0.02157893218,1
0.1072439849,0.07596961409,-0.05679216608,-0.02607603557,1
0.1072439849,0.07793965936,-0.0599221997,-0.02059622109,1
0.1072439849,0.07990969718,-0.06282586604,-0.01472138893,1
0.1072439849,0.08187973499,-0.06721689552,-0.009518752806,1
0.1072439849,0.08384977281,-0.0695483759,-0.01231345348,1
0.1072439849,0.08581981063,-0.06845457107,-0.01191953942,1
0.1072439849,0.08778984845,-0.06082542241,0.0003822225844,2
0.1072439849,0.08975988626,-0.05649091303,0.001601813827,1
0.1072439849,0.09172992408,-0.04555198178,0.001715158578,1
0.1072439849,0.0936999619,-0.03861149773,0.008393703029,1
0.1072439849,0.09567000717,-0.05219877139,0.003539629746,1
0.1072439849,0.09764004499,-0.05445542932,0.01156756002,1
0.1072439849,0.09961008281,-0.04682392254,0.01554520335,1
0.1072439849,0.1015801206,-0.03279061988,0.01028987672,1
0.1072439849,0.1035501584,-0.02284995653,0.003750251606,1
0.1072439849,0.1055201963,-0.01913015917,0.001571378321,1
0.1072439849,0.1074902341,-0.01597706974,-0.0003951779508,1
0.1072439849,0.1094602719,-0.01313670911,-0.00127789157,1
0.1072439849,0.1114303172,-0.01337889209,0.001142630936,1
0.1072439849,0.113400355,-0.01008907147,0.0005066720187,1
0.1072439849,0.1153703928,-0.007595987525,-0.0005422771792,1
0.1072439849,0.1173404306,-0.005386074539,-0.004135084804,1
0.1092140228,0.04838907719,-0.009121592157,0.01003180072,1
0.1092140228,0.050359115,0.001752248849,0.01313012093,1
0.1092140228,0.05232915282,-0.007127084304,0.009928140789,1
0.1092140228,0.05429919064,-0.008786174469,0.005721305031,1
0.1092140228,0.05626922846,-0.0186239332,0.001525052241,1
0.1092140228,0.05823927,-0.03444195166,-0.003323798766,1
0.1092140228,0.06020930782,-0.0443963781,-0.006315936334,1
0.1092140228,0.06217934564,-0.04377172142,0.002649167785,1
0.1092140228,0.06414938718,-0.04772200063,0.002077319659,1
0.1092140228,0.066119425,-0.05086845532,-0.004322039429,1
0.1092140228,0.06808946282,-0.05267370865,-0.004343994427,1
0.1092140228,0.07005950063,-0.05520519242,-0.009368862957,1
0.1092140228,0.07202953845,-0.05864486098,-0.01926714741,1
0.1092140228,0.07399957627,-0.05709943548,-0.01925519668,1
0.1092140228,0.07596961409,-0.05508303642,-0.02304842696,2
0.1092140228,0.07793965936,-0.05437574163,-0.0239081271,1
0.1092140228,0.07990969718,-0.06129693985,-0.008367273025,1
0.1092140228,0.08187973499,-0.06200069934,-0.0058586183,1
0.1092140228,0.08384977281,-0.06221650913,-0.007110740524,1
0.1092140228,0.08581981063,-0.06286226958,-0.002855111379,1
0.1092140228,0.08778984845,-0.06080672145,0.002230792306,1
0.1092140228,0.08975988626,-0.05374420062,-0.002237299457,1
0.1092140228,0.09172992408,-0.04213025421,-0.003833481111,1
0.1092140228,0.0936999619,-0.0374953337,0.007126936223,1
0.1092140228,0.09567000717,-0.05055487156,0.001363120857,1
0.1092140228,0.09764004499,-0.05826217309,0.003156510182,1
0.1092140228,0.09961008281,-0.04995490611,-0.0004819022433,1
0.1092140228,0.1015801206,-0.03911385313,-0.0072522345,1
0.1092140228,0.1035501584,-0.02535229549,0.006634060759,1
0.1092140228,0.1055201963,-0.02133012004,0.005910441279,1
0.1092140228,0.1074902341,-0.01485637855,0.001733331708,1
0.1092140228,0.1094602719,-0.01126202196,0.0006964729982,1
0.1092140228,0.1114303172,-0.009978124872,0.005657487549,1
0.1092140228,0.113400355,-0.007754239719,0.002573504811,1
0.1092140228,0.1153703928,-0.004687612876,0.0005089499755,1
0.1092140228,0.1173404306,-0.004112680443,-0.001083258772,2
0.1111840606,0.04838907719,-0.02036614902,0.002913910896,1
0.1111840606,0.050359115,-0.008057472296,0.006597618107,2
0.1111840606,0.05232915282,-0.006187697407,0.007248530164,1
0.1111840606,0.05429919064,-0.009503320791,0.006503341254,1
0.1111840606,0.05626922846,-0.01861512661,0.00512535451,1
0.1111840606,0.05823927,-0.03390674666,0.0005354994792,1
0.1111840606,0.06020930782,-0.0473362729,0.001825783751,1
0.1111840606,0.06217934564,-0.04906041175,0.003421776928,1
0.1111840606,0.06414938718,-0.04815923423,-0.0002202456089,1
0.1111840606,0.066119425,-0.05285287648,-0.008626352064,1
0.1111840606,0.06808946282,-0.04887014627,-0.007960050367,1
0.1111840606,0.07005950063,-0.05327020213,-0.0126552349,2
0.1111840606,0.07202953845,-0.05739143118,-0.01721494086,1
0.1111840606,0.07399957627,-0.05786151066,-0.01819061115,1
0.1111840606,0.07596961409,-0.05206479877,-0.0229543522,1
0.1111840606,0.07793965936,-0.05223077908,-0.01590357907,1
0.1111840606,0.07990969718,-0.06377687305,-0.01062797848,1
0.1111840606,0.08187973499,-0.06202499196,-0.005298903678,1
0.1111840606,0.08384977281,-0.06165752932,-0.007691284642,1
0.1111840606,0.08581981063,-0.05988458917,0.0004865013179,1
0.1111840606,0.08778984845,-0.05501502007,0.003657384077,1
0.1111840606,0.08975988626,-0.0489602536,0.0004007088137,1
0.1111840606,0.09172992408,-0.03775980324,-0.005828839727,1
0.1111840606,0.0936999619,-0.03088858724,-0.009096609429,1
0.1111840606,0.09567000717,-0.04013836756,-0.004670973402,1
0.1111840606,0.09764004499,-0.06221381575,-0.002745458391,1
0.1111840606,0.09961008281,-0.06470499933,-0.002700898098,1
0.1111840606,0.1015801206,-0.04800893366,-0.002820475958,2
0.1111840606,0.1035501584,-0.0308340434,0.00173506618,1
0.1111840606,0.1055201963,-0.0170316305,0.003326211823,1
0.1111840606,0.1074902341,-0.009271333925,0.005390019156,1
0.1111840606,0.1094602719,-0.006538836751,0.003929444123,1
0.1111840606,0.1114303172,-0.006377026904,0.003447346622,1
0.1111840606,0.113400355,-0.006819393951,0.003797900863,1
0.1111840606,0.1153703928,-0.00471900031,0.0008041603724,1
0.1111840606,0.1173404306,-0.002264354611,0.0003763583663,2
0.1131540984,0.04838907719,-0.01151067764,0.001465214882,2
0.1131540984,0.050359115,-0.007428292185,0.003097911132,2
0.1131540984,0.05232915282,-0.008618379012,0.003049327992,1
0.1131540984,0.05429919064,-0.01114659104,0.003209260758,1
0.1131540984,0.05626922846,-0.01875084639,0.002529099816,1
0.1131540984,0.05823927,-0.03019178659,0.0006534539862,1
0.1131540984,0.06020930782,-0.03927817196,-0.001680795802,2
0.1131540984,0.06217934564,-0.04588923603,-0.00333206146,1
0.1131540984,0.06414938718,-0.04638221487,-0.01063077897,1
0.1131540984,0.066119425,-0.05226701871,-0.01292607561,1
0.1131540984,0.06808946282,-0.05520653725,-0.0125312889,1
0.1131540984,0.07005950063,-0.05161403865,-0.01607708633,1
0.1131540984,0.07202953845,-0.05186914653,-0.01845533773,1
0.1131540984,0.07399957627,-0.05002466962,-0.01690450311,1
0.1131540984,0.07596961409,-0.04518836364,-0.01562012359,1
0.1131540984,0.07793965936,-0.05769357085,-0.01122972742,1
0.1131540984,0.07990969718,-0.06673815846,-0.007400968112,1
0.1131540984,0.08187973499,-0.0643773824,-0.006326452829,1
0.1131540984,0.08384977281,-0.05824660882,-0.002282868605,2
0.1131540984,0.08581981063,-0.05854206905,0.0004044490051,2
0.1131540984,0.08778984845,-0.05076900125,0.002031331183,1
0.1131540984,0.08975988626,-0.04392094165,0.005354237277,1
0.1131540984,0.09172992408,-0.04423103854,0.001348872553,2
0.1131540984,0.0936999619,-0.04045679048,-0.005048545077,1
0.1131540984,0.09567000717,-0.04403509572,-0.00199236325,1
0.1131540984,0.09764004499,-0.05049718916,0.005801004358,1
0.1131540984,0.09961008281,-0.06458387524,0.006830713712,1
0.1131540984,0.1015801206,-0.05738284811,-0.003063837299,1
0.1131540984,0.1035501584,-0.03440621868,-0.002253391081,1
0.1131540984,0.1055201963,-0.01254616212,0.000110275163,1
0.1131540984,0.1074902341,-0.00712971855,0.005705105141,1
0.1131540984,0.1094602719,-0.005873315968,0.004638511688,1
0.1131540984,0.1114303172,-0.005189549178,0.002914076438,1
0.1131540984,0.113400355,-0.004932368174,0.002075974597,1
0.1131540984,0.1153703928,-0.003519508522,0.001124862698,1
0.1131540984,0.1173404306,0.002038617386,0.00140817347,1
0.1151241362,0.04838907719,-0.006737591699,-0.001616177149,1
0.1151241362,0.050359115,-0.001526640612,0.001279483084,1
0.1151241362,0.05232915282,-0.009640590288,0.0002539869747,1
0.1151241362,0.05429919064,-0.01499887556,0.0004522209638,1
0.1151241362,0.05626922846,-0.02152979188,0.0003126203083,1
0.1151241362,0.05823927,-0.02580255084,-0.0004146982683,1
0.1151241362,0.06020930782,-0.03369538859,-0.00587035995,1
0.1151241362,0.06217934564,-0.03385829553,-0.007712644059,1
0.1151241362,0.06414938718,-0.04336029291,-0.01397476625,1
0.1151241362,0.066119425,-0.05056178942,-0.01778489165,1
0.1151241362,0.06808946282,-0.05600582808,-0.01730254479,1
0.1151241362,0.07005950063,-0.05326933414,-0.01743208617,1
0.1151241362,0.07202953845,-0.05467574298,-0.0150333643,1
0.1151241362,0.07399957627,-0.05475564674,-0.01514906716,1
0.1151241362,0.07596961409,-0.04495301843,-0.01312026475,1
0.1151241362,0.07793965936,-0.06074555963,-0.006916216109,1
0.1151241362,0.07990969718,-0.06678768992,-0.004019647371,1
0.1151241362,0.08187973499,-0.05192241073,0.001663618837,1
0.1151241362,0.08384977281,-0.04840945825,0.004481813405,1
0.1151241362,0.08581981063,-0.06526806951,0.001382832299,1
0.1151241362,0.08778984845,-0.050746914,0.00214338582,1
0.1151241362,0.08975988626,-0.04203983024,0.007150419522,1
0.1151241362,0.09172992408,-0.05478660762,0.01091863774,3
0.1151241362,0.0936999619,-0.03770675138,-0.003648184007,1
0.1151241362,0.09567000717,-0.08370137215,0.004077315796,1
0.1151241362,0.09764004499,-0.06958332658,0.01062037889,1
0.1151241362,0.09961008281,-0.06311893463,0.01443876605,1
0.1151241362,0.1015801206,-0.05814812705,0.01307217591,1
0.1151241362,0.1035501584,-0.04261199385,0.00872967951,1
0.1151241362,0.1055201963,-0.01480048336,-0.003579599084,1
0.1151241362,0.1074902341,-0.01785641164,0.006532506552,1
0.1151241362,0.1094602719,-0.01127213705,0.007920573466,1
0.1151241362,0.1114303172,-0.004206540529,0.002250134712,1
0.1151241362,0.113400355,-0.001986346208,0.0001354238775,1
0.1151241362,0.1153703928,-0.002440347103,-0.0007841581246,1
0.1151241362,0.1173404306,0.0002208945371,0.0004630383337,2
0.117094174,0.04838907719,-0.0123614464,-0.0007116608322,1
0.117094174,0.050359115,-0.00646915473,-0.0009977853624,1
0.117094174,0.05232915282,-0.003729375778,-0.0006982319755,1
0.117094174,0.05429919064,-0.01380966976,-0.003728910815,1
0.117094174,0.05626922846,-0.02118255198,-0.003721703542,1
0.117094174,0.05823927,-0.02435948327,-0.002726539038,1
0.117094174,0.06020930782,-0.03084484674,-0.006013725419,1
0.117094174,0.06217934564,-0.02808152139,-0.0079555884,1
0.117094174,0.06414938718,-0.04230117798,-0.02129934356,1
0.117094174,0.066119425,-0.04956255853,-0.02420979552,1
0.117094174,0.06808946282,-0.05388107523,-0.02256427519,1
0.117094174,0.07005950063,-0.05089266971,-0.01567140967,1
0.117094174,0.07202953845,-0.05373298749,-0.009095225483,1
0.117094174,0.07399957627,-0.06096365675,-0.01279392466,1
0.117094174,0.07596961409,-0.06414819509,-0.007794777397,1
0.117094174,0.07793965936,-0.06814373285,-0.001966377022,1
0.117094174,0.07990969718,-0.07022199035,9.489354125e-05,1
0.117094174,0.08187973499,-0.04965253547,0.003452590201,1
0.117094174,0.08384977281,-0.04842244461,0.005521284882,1
0.117094174,0.08581981063,-0.06377184391,-0.0003412344086,1
0.117094174,0.08778984845,-0.05525090173,0.0006017298438,1
0.117094174,0.08975988626,-0.04836100712,0.002360298065,1
0.117094174,0.09172992408,-0.05107741058,0.003453502432,2
0.117094174,0.0936999619,-0.04598853737,0.001088328194,1
0.117094174,0.09567000717,-0.07082489878,0.008229404688,2
0.117094174,0.09764004499,-0.07728026807,0.01572996937,1
0.117094174,0.09961008281,-0.06425434351,0.01399543881,1
0.117094174,0.1015801206,-0.05808987468,0.002304588677,1
0.117094174,0.1035501584,-0.04891607165,-0.01098378748,1
0.117094174,0.1055201963,-0.02097401582,-0.003439699998,1
0.117094174,0.1074902341,-0.01851265319,0.00668241363,1
0.117094174,0.1094602719,-0.01244303212,0.005159787368,1
0.117094174,0.1114303172,-0.003612562548,0.0006489059888,1
0.117094174,0.113400355,-0.003336310387,-0.001108305645,1
0.117094174,0.1153703928,-0.003543326398,-0.001086605829,1
0.117094174,0.1173404306,0.00106441346,0.0007650996558,1
0.1190642118,0.04838907719,-0.007589922752,-0.0007337521529,1
0.1190642118,0.050359115,0.0004503322707,-0.001204075292,1
0.1190642118,0.05232915282,0.00395999616,-0.007897705771,1
0.1190642118,0.05429919064,-0.01068220194,-0.008226640522,2
0.1190642118,0.05626922846,-0.02067772485,-0.01057913247,1
0.1190642118,0.05823927,-0.03504224494,-0.01077288482,1
0.1190642118,0.06020930782,-0.04814313725,-0.0110667944,1
0.1190642118,0.06217934564,-0.03587368503,-0.008184201084,1
0.1190642118,0.06414938718,-0.03235529736,-0.01070815232,1
0.1190642118,0.066119425,-0.05472837016,-0.01376558561,1
0.1190642118,0.06808946282,-0.04945537075,-0.02078289352,1
0.1190642118,0.07005950063,-0.04927951097,-0.01828290522,1
0.1190642118,0.07202953845,-0.05307328701,-0.01266637538,1
0.1190642118,0.07399957627,-0.05423901975,-0.01376616769,1
0.1190642118,0.07596961409,-0.0563224107,-0.009263587184,1
0.1190642118,0.07793965936,-0.06109442562,-0.005242292304,1
0.1190642118,0.07990969718,-0.06197960302,-0.004957915749,1
0.1190642118,0.08187973499,-0.05419453606,-0.003069641767,1
0.1190642118,0.08384977281,-0.05306809768,-0.0009434287786,1
0.1190642118,0.08581981063,-0.06053901464,-0.002229139209,1
0.1190642118,0.08778984845,-0.05655056983,0.0003003294405,1
0.1190642118,0.08975988626,-0.05300593376,0.002097829711,1
0.1190642118,0.09172992408,-0.05517349765,-0.0005532540381,1
0.1190642118,0.0936999619,-0.06890358776,0.001602419536,1
0.1190642118,0.09567000717,-0.07632941008,0.01202200446,1
0.1190642118,0.09764004499,-0.07287538052,0.01470707264,1
0.1190642118,0.09961008281,-0.06628248096,0.009649902582,1
0.1190642118,0.1015801206,-0.06144664064,-0.01187645923,1
0.1190642118,0.1035501584,-0.04698287323,-0.01475988235,1
0.1190642118,0.1055201963,-0.02491387725,-0.007181165274,1
0.1190642118,0.1074902341,-0.02103059366,-0.0006596218445,1
0.1190642118,0.1094602719,-0.0135419257,-0.001396733453,1
0.1190642118,0.1114303172,-0.003014458111,0.0002553373633,1
0.1190642118,0.113400355,-0.002352287993,-0.000341435778,1
0.1190642118,0.1153703928,-0.004456578288,-0.001383177005,1
0.1190642118,0.1173404306,-0.005947061814,-0.0007387525402,1
0.1210342497,0.04838907719,-0.006847942714,-0.004637474194,2
0.1210342497,0.050359115,0.0070658857,-0.004901634529,1
0.1210342497,0.05232915282,0.00125637406,-0.01184281334,1
0.1210342497,0.05429919064,-0.01220140886,-0.01070081443,2
0.1210342497,0.05626922846,-0.02276786417,-0.01460752916,1
0.1210342497,0.05823927,-0.03870229796,-0.01230558008,1
0.1210342497,0.06020930782,-0.04616493359,-0.01094828267,2
0.1210342497,0.06217934564,-0.04651384801,-0.008748465218,1
0.1210342497,0.06414938718,-0.03702646494,-0.006828422192,1
0.1210342497,0.066119425,-0.05215333402,-0.01255446672,1
0.1210342497,0.06808946282,-0.04997171462,-0.01698534749,1
0.1210342497,0.07005950063,-0.04741670191,-0.01886245608,1
0.1210342497,0.07202953845,-0.04932450876,-0.0155728329,1
0.1210342497,0.07399957627,-0.04981676862,-0.01400323026,1
0.1210342497,0.07596961409,-0.05306344852,-0.01239794213,1
0.1210342497,0.07793965936,-0.05562819541,-0.009129515849,1
0.1210342497,0.07990969718,-0.05605985597,-0.007732522208,1
0.1210342497,0.08187973499,-0.05283132195,-0.002980403602,1
0.1210342497,0.08384977281,-0.05043281615,0.004841395188,1
0.1210342497,0.08581981063,-0.05193119496,0.002576101106,1
0.1210342497,0.08778984845,-0.05281661823,-0.00394848315,2
0.1210342497,0.08975988626,-0.053696163,-0.005711088888,2
0.1210342497,0.09172992408,-0.05662677437,-0.006449067499,1
0.1210342497,0.0936999619,-0.06563977152,-0.005538439378,1
0.1210342497,0.09567000717,-0.07237939537,-0.004260994028,1
0.1210342497,0.09764004499,-0.07168516517,-0.001737070037,1
0.1210342497,0.09961008281,-0.058659181,0.007677690126,1
0.1210342497,0.1015801206,-0.05203223601,0.01111973915,1
0.1210342497,0.1035501584,-0.04150933772,0.002389407717,1
0.1210342497,0.1055201963,-0.02846946009,-0.009023043327,1
0.1210342497,0.1074902341,-0.02217574231,-0.003304585116,2
0.1210342497,0.1094602719,-0.01506255474,-0.003639776725,1
0.1210342497,0.1114303172,-0.005080029834,0.0002729993721,1
0.1210342497,0.113400355,-0.002031284152,0.0007396482979,1
0.1210342497,0.1153703928,-0.004231297411,7.580446254e-05,1
0.1210342497,0.1173404306,-0.004738172982,-0.002283655806,1
0.1230042875,0.04838907719,-0.02001979016,-0.00827703625,1
0.1230042875,0.050359115,0.001617320348,-0.00582290953,1
0.1230042875,0.05232915282,-0.01265466213,-0.005898267962,1
0.1230042875,0.05429919064,-0.01661194302,-0.00812627282,1
0.1230042875,0.05626922846,-0.02360242605,-0.01274495199,1
0.1230042875,0.05823927,-0.03843224421,-0.01398165151,1
0.1230042875,0.06020930782,-0.05130045116,-0.0116722919,1
0.1230042875,0.06217934564,-0.05118731409,-0.01038673986,1
0.1230042875,0.06414938718,-0.03530040011,-0.002970550675,1
0.1230042875,0.066119425,-0.03283549845,-0.003057120135,1
0.1230042875,0.06808946282,-0.04431867972,-0.01368153375,1
0.1230042875,0.07005950063,-0.04001868516,-0.0124812806,1
0.1230042875,0.07202953845,-0.04102966934,-0.009208230302,1
0.1230042875,0.07399957627,-0.04820598289,-0.005884990096,1
0.1230042875,0.07596961409,-0.05602458864,-0.01178006269,1
0.1230042875,0.07793965936,-0.05909318849,-0.008541879244,1
0.1230042875,0.07990969718,-0.05313418433,-0.008789789863,1
0.1230042875,0.08187973499,-0.0449179709,0.001605888712,1
0.1230042875,0.08384977281,-0.04524693638,0.003548908513,2
0.1230042875,0.08581981063,-0.04715712368,0.0002805258846,1
0.1230042875,0.08778984845,-0.04908854142,-0.0129592726,1
0.1230042875,0.08975988626,-0.05233532563,-0.01454463601,1
0.1230042875,0.09172992408,-0.05671075732,-0.01413731091,1
0.1230042875,0.0936999619,-0.06105864048,-0.009301657788,1
0.1230042875,0.09567000717,-0.06973780692,-0.01360711083,1
0.1230042875,0.09764004499,-0.06915811449,-0.01113365218,1
0.1230042875,0.09961008281,-0.0568285957,0.006864473224,1
0.1230042875,0.1015801206,-0.04884337261,0.01112947427,1
0.1230042875,0.1035501584,-0.04100915045,0.0093406206,1
0.1230042875,0.1055201963,-0.03417022154,0.000867637631,1
0.1230042875,0.1074902341,-0.0241403617,0.0001041015712,2
0.1230042875,0.1094602719,-0.0134202661,0.0001180247054,1
0.1230042875,0.1114303172,-0.006542529911,0.0004263428564,1
0.1230042875,0.113400355,-0.003299762262,0.0006269198493,1
0.1230042875,0.1153703928,0.000924909662,0.001704463386,1
0.1230042875,0.1173404306,-0.01171512157,-0.003327727551,1
0.1249743327,0.04838907719,0.001356217661,-0.005112443585,1
0.1249743327,0.050359115,0.003763210028,-0.006619357038,1
0.1249743327,0.05232915282,-0.01461317297,-0.003330809996,1
0.1249743327,0.05429919064,-0.01725533046,-0.005351481028,1
0.1249743327,0.05626922846,-0.02620167471,-0.010523648,1
0.1249743327,0.05823927,-0.03999832645,-0.01491827425,1
0.1249743327,0.06020930782,-0.05328889191,-0.02149285749,1
0.1249743327,0.06217934564,-0.05292237923,-0.01876295917,1
0.1249743327,0.06414938718,-0.04982218519,-0.01117466297,1
0.1249743327,0.066119425,-0.04023552686,-0.008074697107,2
0.1249743327,0.06808946282,-0.03397030383,-0.01069211774,1
0.1249743327,0.07005950063,-0.03271979839,-0.01080587972,1
0.1249743327,0.07202953845,-0.037341699,-0.01267039683,1
0.1249743327,0.07399957627,-0.04774051532,-0.01174108125,1
0.1249743327,0.07596961409,-0.06150151044,-0.01052691508,1
0.1249743327,0.07793965936,-0.06589348614,-0.006584053393,1
0.1249743327,0.07990969718,-0.06014792249,0.002994579263,1
0.1249743327,0.08187973499,-0.04640172049,0.008789375424,1
0.1249743327,0.08384977281,-0.03847984597,0.0074678245,1
0.1249743327,0.08581981063,-0.04326140136,-0.001330594649,1
0.1249743327,0.08778984845,-0.04176326841,-0.002816603752,1
0.1249743327,0.08975988626,-0.04340637103,0.002060266444,1
0.1249743327,0.09172992408,-0.04474396259,-0.01487963647,3
0.1249743327,0.0936999619,-0.06767108291,-0.01305986103,1
0.1249743327,0.09567000717,-0.0841550082,-0.004088010173,1
0.1249743327,0.09764004499,-0.07084171474,-0.004393434618,2
0.1249743327,0.09961008281,-0.05583119765,-0.00506027462,1
0.1249743327,0.1015801206,-0.04755530506,-0.0006214848254,1
0.1249743327,0.1035501584,-0.03566903993,0.002159381984,1
0.1249743327,0.1055201963,-0.03269417584,0.003772666212,1
0.1249743327,0.1074902341,-0.02679521218,0.002735329093,1
0.1249743327,0.1094602719,-0.005340684205,0.004743802827,1
0.1249743327,0.1114303172,-0.004144325387,0.005203958601,1
0.1249743327,0.113400355,-0.002014813013,0.002705618739,1
0.1249743327,0.1153703928,0.001401518821,0.0021460196,1
0.1249743327,0.1173404306,-0.009697281756,-0.002213324886,1
0.1269443631,0.04838907719,-0.005524401553,-8.290486585e-05,1
0.1269443631,0.050359115,-0.00813012477,-0.0009917195421,1
0.1269443631,0.05232915282,-0.001838104916,-0.001515394775,1
0.1269443631,0.05429919064,-0.01532224659,-0.01630470902,1
0.1269443631,0.05626922846,-0.03165324032,-0.02385011129,1
0.1269443631,0.05823927,-0.04198959842,-0.01867148839,1
0.1269443631,0.06020930782,-0.0494928658,-0.01996558532,1
0.1269443631,0.06217934564,-0.05185871571,-0.01525304001,1
0.1269443631,0.06414938718,-0.05777497962,-0.006593831349,1
0.1269443631,0.066119425,-0.04431411624,-0.007374888286,2
0.1269443631,0.06808946282,-0.03906648979,-0.005938816816,1
0.1269443631,0.07005950063,-0.03762810305,-0.01176683046,1
0.1269443631,0.07202953845,-0.04402451217,-0.01475082431,1
0.1269443631,0.07399957627,-0.05493865535,-0.01198754646,1
0.1269443631,0.07596961409,-0.07135006785,-0.008958570659,1
0.1269443631,0.07793965936,-0.0798182711,-0.004758102819,1
0.1269443631,0.07990969718,-0.07023297995,0.004718106706,1
0.1269443631,0.08187973499,-0.0541697368,0.003041224787,2
0.1269443631,0.08384977281,-0.04474361986,0.002894242527,2
0.1269443631,0.08581981063,-0.04107537866,0.001663182513,1
0.1269443631,0.08778984845,-0.04070039466,2.253299499e-06,1
0.1269443631,0.08975988626,-0.04293128103,0.006539816037,1
0.1269443631,0.09172992408,-0.04634192958,-0.004014045,1
0.1269443631,0.0936999619,-0.07358660549,-0.003746505594,1
0.1269443631,0.09567000717,-0.08657281101,-0.001806410844,1
0.1269443631,0.09764004499,-0.07422251999,0.00270819827,2
0.1269443631,0.09961008281,-0.05507093295,0.00271110516,1
0.1269443631,0.1015801206,-0.04764665291,-0.001776229707,1
0.1269443631,0.1035501584,-0.03956297413,0.00287539931,1
0.1269443631,0.1055201963,-0.03451745957,0.005931468681,1
0.1269443631,0.1074902341,-0.02838990279,0.008880631067,1
0.1269443631,0.1094602719,-0.01961808093,0.007464403752,1
0.1269443631,0.1114303172,-0.002458580537,0.008511397056,1
0.1269443631,0.113400355,0.001858734293,0.005666519981,1
0.1269443631,0.1153703928,0.009945374914,0.001047234051,1
0.1269443631,0.1173404306,-0.002666469198,-0.0003149315307,1
0.1289144009,0.04838907719,-0.01439303625,0.001645349897,1
0.1289144009,0.050359115,-0.0001223748113,0.0009821366984,1
0.1289144009,0.05232915282,-0.004479659721,-0.00530268671,1
0.1289144009,0.05429919064,-0.01937966235,-0.01518002898,2
0.1289144009,0.05626922846,-0.03317785263,-0.02389778011,1
0.1289144009,0.05823927,-0.04442498088,-0.01534248982,1
0.1289144009,0.06020930782,-0.05002515018,-0.01676685922,1
0.1289144009,0.06217934564,-0.05112199113,-0.006713286974,1
0.1289144009,0.06414938718,-0.04781915247,-0.004128566943,1
0.1289144009,0.066119425,-0.04017946869,-0.008892207406,1
0.1289144009,0.06808946282,-0.03133828193,-0.006709673442,1
0.1289144009,0.07005950063,-0.03826094046,-0.01376639772,1
0.1289144009,0.07202953845,-0.04479154199,-0.009468548931,1
0.1289144009,0.07399957627,-0.05709847808,-0.004148464184,1
0.1289144009,0.07596961409,-0.07139909267,-0.003360647941,1
0.1289144009,0.07793965936,-0.07750808448,-0.005380087532,2
0.1289144009,0.07990969718,-0.07768444717,-0.004260536749,1
0.1289144009,0.08187973499,-0.05530061573,-0.004236825742,1
0.1289144009,0.08384977281,-0.04524953291,-0.0005952614592,1
0.1289144009,0.08581981063,-0.04149771482,0.005024028476,1
0.1289144009,0.08778984845,-0.03428253904,0.01090493333,1
0.1289144009,0.08975988626,-0.03748578578,0.008623464964,1
0.1289144009,0.09172992408,-0.05276019126,0.008785416372,1
0.1289144009,0.0936999619,-0.07266687602,0.008262722753,1
0.1289144009,0.09567000717,-0.08724720031,0.02109266631,1
0.1289144009,0.09764004499,-0.084404625,0.01432153303,1
0.1289144009,0.09961008281,-0.07104660571,0.009966381826,1
0.1289144009,0.1015801206,-0.03990563378,-0.001836111653,1
0.1289144009,0.1035501584,-0.03944701701,0.0007287054323,1
0.1289144009,0.1055201963,-0.03653395176,0.006278919056,1
0.1289144009,0.1074902341,-0.02305683307,0.005725282244,2
0.1289144009,0.1094602719,-0.01754372194,0.007220875937,1
0.1289144009,0.1114303172,-0.001026467537,0.006725070067,1
0.1289144009,0.113400355,0.008482209407,0.004685033578,1
0.1289144009,0.1153703928,0.01998889074,0.002855065046,1
0.1289144009,0.1173404306,-0.01309531182,-0.0009436401888,1
0.1308844388,0.04838907719,0.02230222709,0.01052815653,1
0.1308844388,0.050359115,0.01338033099,-0.005770224147,1
0.1308844388,0.05232915282,-0.01150789484,-0.01840774342,1
0.1308844388,0.05429919064,-0.02453889512,-0.01521494053,1
0.1308844388,0.05626922846,-0.0440367572,-0.01846986264,1
0.1308844388,0.05823927,-0.05142134055,-0.01257878542,1
0.1308844388,0.06020930782,-0.05601578951,-0.00433717994,1
0.1308844388,0.06217934564,-0.0575472638,-0.01060687099,1
0.1308844388,0.06414938718,-0.04705513641,-0.00379969785,1
0.1308844388,0.066119425,-0.03875238448,-0.009275228716,1
0.1308844388,0.06808946282,-0.03206266463,-0.01287219487,1
0.1308844388,0.07005950063,-0.0328518264,-0.01176858135,1
0.1308844388,0.07202953845,-0.0428407453,-0.007170119788,1
0.1308844388,0.07399957627,-0.05508000404,-0.00333328126,1
0.1308844388,0.07596961409,-0.07043795288,-0.001611969201,1
0.1308844388,0.07793965936,-0.08113051951,-0.009141063318,1
0.1308844388,0.07990969718,-0.07448168844,-0.008657031693,1
0.1308844388,0.08187973499,-0.05635970831,-0.008565375581,1
0.1308844388,0.08384977281,-0.04612439498,-0.002093569841,1
0.1308844388,0.08581981063,-0.04019828886,0.006785252132,1
0.1308844388,0.08778984845,-0.03890986368,0.01376920287,1
0.1308844388,0.08975988626,-0.04230832681,0.01371643692,1
0.1308844388,0.09172992408,-0.05485196412,0.01705345139,1
0.1308844388,0.0936999619,-0.07467964292,0.02262021601,1
0.1308844388,0.09567000717,-0.07750622183,0.01678849384,2
0.1308844388,0.09764004499,-0.07144875824,0.01257216558,1
0.1308844388,0.09961008281,-0.0572595112,0.004610802978,1
0.1308844388,0.1015801206,-0.03343100846,-0.005452597048,1
0.1308844388,0.1035501584,-0.03445191309,-0.006902557798,1
0.1308844388,0.1055201963,-0.03070980869,-0.006259374321,1
0.1308844388,0.1074902341,-0.009759757668,0.0005207028589,1
0.1308844388,0.1094602719,0.005198847968,-0.001121273031,1
0.1308844388,0.1114303172,0.006446416955,0.0004972091992,1
0.1308844388,0.113400355,0.008061924949,0.001965414966,1
0.1308844388,0.1153703928,0.01945956424,0.003126054769,1
0.1308844388,0.1173404306,-0.0120870769,-0.003732437035,1
0.1328544915,0.04838907719,0.003341840813,-0.00624864921,3
0.1328544915,0.050359115,0.0147333499,-0.009851811454,1
0.1328544915,0.05232915282,-0.004904271569,-0.01386165619,1
0.1328544915,0.05429919064,-0.0247615017,-0.007405572571,1
0.1328544915,0.05626922846,-0.04517400265,-0.01683811657,1
0.1328544915,0.05823927,-0.04786239564,-0.01363187097,1
0.1328544915,0.06020930782,-0.04811012,-0.008432275616,1
0.1328544915,0.06217934564,-0.05073650926,-0.01088220812,1
0.1328544915,0.06414938718,-0.04932179302,-0.00566310389,1
0.1328544915,0.066119425,-0.03963084146,-0.005602838472,1
0.1328544915,0.06808946282,-0.03501508385,-0.009857144207,1
0.1328544915,0.07005950063,-0.03420522064,-0.01683131605,1
0.1328544915,0.07202953845,-0.04416010529,-0.01151176542,1
0.1328544915,0.07399957627,-0.0527154617,-0.002354909666,1
0.1328544915,0.07596961409,-0.06168463454,-0.003818103112,1
0.1328544915,0.07793965936,-0.06452359259,-0.007042783778,1
0.1328544915,0.07990969718,-0.06294719875,-0.0121467812,1
0.1328544915,0.08187973499,-0.06175532565,-0.01171491761,1
0.1328544915,0.08384977281,-0.05219719931,0.0001431305864,2
0.1328544915,0.08581981063,-0.04587323591,0.01007863693,2
0.1328544915,0.08778984845,-0.03821868449,0.01712130755,1
0.1328544915,0.08975988626,-0.04297310859,0.01946096122,1
0.1328544915,0.09172992408,-0.05919399112,0.02099093609,1
0.1328544915,0.0936999619,-0.06996607035,0.01589183509,1
0.1328544915,0.09567000717,-0.0766492933,0.01086892094,1
0.1328544915,0.09764004499,-0.05528892204,-0.005157083739,1
0.1328544915,0.09961008281,-0.0401651226,-0.008390737697,1
0.1328544915,0.1015801206,-0.03239165619,-0.009152108803,1
0.1328544915,0.1035501584,-0.02338133194,-0.02449268289,1
0.1328544915,0.1055201963,-0.019221453,-0.01372060739,2
0.1328544915,0.1074902341,-0.008781531826,-0.008056449704,1
0.1328544915,0.1094602719,0.003843062324,-0.008186089806,1
0.1328544915,0.1114303172,0.001456221566,-0.002117800293,1
0.1328544915,0.113400355,0.004172595683,0.001907343627,1
0.1328544915,0.1153703928,0.009849219583,0.003141360125,1
0.1328544915,0.1173404306,-0.006144559477,-0.00103599811,1
0.1348245293,0.04838907719,-0.01312542893,-0.01590091549,1
0.1348245293,0.050359115,0.008850121871,0.01026884001,1
0.1348245293,0.05232915282,0.004529191181,0.01217243075,1
0.1348245293,0.05429919064,-0.009087142535,0.007453953382,1
0.1348245293,0.05626922846,-0.03767834231,-0.01198105514,1
0.1348245293,0.05823927,-0.03670715541,-0.01057302207,1
0.1348245293,0.06020930782,-0.04894449189,-0.01448883489,1
0.1348245293,0.06217934564,-0.05034263059,-0.01312822755,1
0.1348245293,0.06414938718,-0.04471546412,-0.008468127809,1
0.1348245293,0.066119425,-0.03503974527,-0.006546456367,1
0.1348245293,0.06808946282,-0.03392589092,-0.006022592541,1
0.1348245293,0.07005950063,-0.04125208035,-0.01110648736,1
0.1348245293,0.07202953845,-0.04260631651,-0.008942033164,1
0.1348245293,0.07399957627,-0.04995499924,-0.005911916494,1
0.1348245293,0.07596961409,-0.04901722074,-0.01276041009,1
0.1348245293,0.07793965936,-0.049265448,-0.01475039311,1
0.1348245293,0.07990969718,-0.07252532244,-0.008707129396,1
0.1348245293,0.08187973499,-0.0628670305,-0.01497565117,1
0.1348245293,0.08384977281,-0.05503583699,0.004302372225,1
0.1348245293,0.08581981063,-0.05287876353,0.01626485959,1
0.1348245293,0.08778984845,-0.04540384561,0.02446088009,1
0.1348245293,0.08975988626,-0.04977317899,0.0277543962,1
0.1348245293,0.09172992408,-0.05896342546,0.01824904047,1
0.1348245293,0.0936999619,-0.06646297127,0.007716646884,1
0.1348245293,0.09567000717,-0.06405608356,-0.000144552876,1
0.1348245293,0.09764004499,-0.05994548649,-0.004944719374,1
0.1348245293,0.09961008281,-0.04501526803,-0.001531802816,1
0.1348245293,0.1015801206,-0.02432246506,0.001227158238,1
0.1348245293,0.1035501584,-0.01452404168,-0.01799790747,1
0.1348245293,0.1055201963,-0.01401313581,-0.01607392542,1
0.1348245293,0.1074902341,-0.01428791136,-0.006396952085,1
0.1348245293,0.1094602719,-0.001412081183,-0.00215621572,1
0.1348245293,0.1114303172,-0.00932318531,0.004099982325,1
0.1348245293,0.113400355,-0.003486930626,0.001661802409,1
0.1348245293,0.1153703928,0.01289598923,0.003436382627,1
0.1348245293,0.1173404306,0.002574528335,-0.007762514055,1
0.1367945671,0.04838907719,-0.01352567039,-0.003917216789,2
0.1367945671,0.050359115,-0.01627883315,0.002748257713,1
0.1367945671,0.05232915282,0.009535082616,0.01789064705,1
0.1367945671,0.05429919064,-0.003487065667,0.007961012423,1
0.1367945671,0.05626922846,-0.02584525011,-0.005292269401,1
0.1367945671,0.05823927,-0.03809029981,-0.01456135325,1
0.1367945671,0.06020930782,-0.05470781401,-0.02081845514,1
0.1367945671,0.06217934564,-0.05435147509,-0.01768769138,1
0.1367945671,0.06414938718,-0.04427823052,-0.01052919496,2
0.1367945671,0.066119425,-0.03475505114,-0.007655933034,1
0.1367945671,0.06808946282,-0.03383943439,-0.008595874533,1
0.1367945671,0.07005950063,-0.04131129012,-0.006282899994,1
0.1367945671,0.07202953845,-0.04120213538,-0.004718494602,1
0.1367945671,0.07399957627,-0.04687605053,-0.007115172222,1
0.1367945671,0.07596961409,-0.0479313843,-0.009463398717,2
0.1367945671,0.07793965936,-0.05597358942,-0.01092574652,2
0.1367945671,0.07990969718,-0.06762076169,-0.005122702103,1
0.1367945671,0.08187973499,-0.07080589235,-0.0009669290157,1
0.1367945671,0.08384977281,-0.05706341192,0.01385701634,1
0.1367945671,0.08581981063,-0.05226168409,0.02102621831,1
0.1367945671,0.08778984845,-0.04909519479,0.02597206831,1
0.1367945671,0.08975988626,-0.05161235854,0.02816957794,1
0.1367945671,0.09172992408,-0.06544894725,0.01816194877,1
0.1367945671,0.0936999619,-0.07596752048,0.007693721913,1
0.1367945671,0.09567000717,-0.07361008972,-0.000112103633,1
0.1367945671,0.09764004499,-0.06685845554,-0.001673060353,1
0.1367945671,0.09961008281,-0.04997573048,0.007780133747,1
0.1367945671,0.1015801206,-0.02816550992,0.002520206152,1
0.1367945671,0.1035501584,-0.01101466361,-0.006583509501,1
0.1367945671,0.1055201963,-0.01264524367,-0.008139044978,1
0.1367945671,0.1074902341,-0.01198952738,-0.002714107046,1
0.1367945671,0.1094602719,-0.01741609909,-0.005796062294,1
0.1367945671,0.1114303172,-0.005190700293,-0.001831268426,1
0.1367945671,0.113400355,0.005035783164,0.0001285730395,1
0.1367945671,0.1153703928,0.003323376412,-0.0003526332148,1
0.1367945671,0.1173404306,-0.003801339539,-0.01016189903,1
0.1387646049,0.04838907719,-0.0111727491,0.001401006593,2
0.1387646049,0.050359115,-0.01505034789,0.003527192632,1
0.1387646049,0.05232915282,-0.001431615907,0.00967356842,2
0.1387646049,0.05429919064,-0.002162126591,0.008152158,1
0.1387646049,0.05626922846,-0.01856474206,-0.0005668075173,2
0.1387646049,0.05823927,-0.03964317963,-0.01498080883,1
0.1387646049,0.06020930782,-0.04830599949,-0.011027392,2
0.1387646049,0.06217934564,-0.04804037139,-0.0108635705,2
0.1387646049,0.06414938718,-0.04329092428,-0.008305026218,2
0.1387646049,0.066119425,-0.03543617949,-0.0066628512,1
0.1387646049,0.06808946282,-0.03284612298,-0.005630558357,1
0.1387646049,0.07005950063,-0.0405035466,-0.005438715685,1
0.1387646049,0.07202953845,-0.0401920937,-0.001543283346,1
0.1387646049,0.07399957627,-0.03885115683,-0.003505965229,1
0.1387646049,0.07596961409,-0.03985867649,-0.007052267436,1
0.1387646049,0.07793965936,-0.05907675996,-0.0143664917,1
0.1387646049,0.07990969718,-0.06821716577,-0.005293589085,1
0.1387646049,0.08187973499,-0.0723656863,0.003537630429,1
0.1387646049,0.08384977281,-0.06528208405,0.01250303909,1
0.1387646049,0.08581981063,-0.05266912282,0.01621423662,1
0.1387646049,0.08778984845,-0.04611077532,0.0083727194,1
0.1387646049,0.08975988626,-0.0463007167,0.003984744195,1
0.1387646049,0.09172992408,-0.0570086278,0.0156484656,1
0.1387646049,0.0936999619,-0.06749905646,0.01171792392,1
0.1387646049,0.09567000717,-0.06801024079,0.004689532332,2
0.1387646049,0.09764004499,-0.06603004783,-0.002283493755,1
0.1387646049,0.09961008281,-0.04457313195,0.0001865790982,1
0.1387646049,0.1015801206,-0.03179856762,-0.00233511487,1
0.1387646049,0.1035501584,-0.02781522274,-0.007998779416,1
0.1387646049,0.1055201963,-0.02295536734,-0.005738893989,1
0.1387646049,0.1074902341,-0.01343302242,-0.001739087049,1
0.1387646049,0.1094602719,-0.01870003156,-0.01123115979,1
0.1387646049,0.1114303172,-0.004525924567,-0.008632396348,1
0.1387646049,0.113400355,0.004666643683,-0.00366448774,1
0.1387646049,0.1153703928,0.003295615315,-0.001079634763,1
0.1387646049,0.1173404306,-0.005123791751,-0.004939106293,1
0.1407346427,0.04838907719,-0.004942229018,0.004593044054,2
0.1407346427,0.050359115,0.003576242132,0.009568946436,1
0.1407346427,0.05232915282,0.001950927777,0.009124275297,2
0.1407346427,0.05429919064,0.002853402868,0.009135773405,1
0.1407346427,0.05626922846,-0.006608417723,0.009853689931,1
0.1407346427,0.05823927,-0.02293268219,0.009703600779,1
0.1407346427,0.06020930782,-0.05083263293,0.002553262748,1
0.1407346427,0.06217934564,-0.04621309787,-0.006434169598,2
0.1407346427,0.06414938718,-0.04540891573,-0.005164489616,2
0.1407346427,0.066119425,-0.03687208518,-0.004789299332,1
0.1407346427,0.06808946282,-0.02910427935,-0.006267766934,1
0.1407346427,0.07005950063,-0.03124104813,-0.001763425884,1
0.1407346427,0.07202953845,-0.0388199538,-0.001477473066,1
0.1407346427,0.07399957627,-0.04120074585,-0.002194439759,1
0.1407346427,0.07596961409,-0.04329912737,-0.001862113597,2
0.1407346427,0.07793965936,-0.05464346334,-0.005768207833,1
0.1407346427,0.07990969718,-0.06158319861,-0.001698228414,1
0.1407346427,0.08187973499,-0.06791030616,0.005431581289,1
0.1407346427,0.08384977281,-0.06226987019,0.008738139644,1
0.1407346427,0.08581981063,-0.05318267271,0.006592065562,1
0.1407346427,0.08778984845,-0.04538685456,0.002449578373,1
0.1407346427,0.08975988626,-0.04536052421,0.0005277961027,1
0.1407346427,0.09172992408,-0.05810971558,0.0156355463,1
0.1407346427,0.0936999619,-0.0649709329,0.01593909226,1
0.1407346427,0.09567000717,-0.06490176171,0.009435802698,1
0.1407346427,0.09764004499,-0.06325352192,-0.00549869705,1
0.1407346427,0.09961008281,-0.04646910727,-0.0004211515479,1
0.1407346427,0.1015801206,-0.03630948067,0.001526957145,1
0.1407346427,0.1035501584,-0.03098771349,-0.004983189516,1
0.1407346427,0.1055201963,-0.02276785485,-0.006392990239,1
0.1407346427,0.1074902341,-0.01268067118,-0.006089191418,1
0.1407346427,0.1094602719,0.0007925277459,-0.01128427684,1
0.1407346427,0.1114303172,0.0009022954036,-0.007948386483,1
0.1407346427,0.113400355,0.0040005357,-0.004552852828,1
0.1407346427,0.1153703928,0.001097779605,-0.003855293151,1
0.1407346427,0.1173404306,-0.007123797666,-0.002446065191,1
0.1427046806,0.04838907719,-0.007230180781,0.002809179714,1
0.1427046806,0.050359115,0.0005702269846,0.008424810134,1
0.1427046806,0.05232915282,0.002805682365,0.008118812926,1
0.1427046806,0.05429919064,-0.0009328580345,0.007025102619,1
0.1427046806,0.05626922846,-0.006550325081,0.007337959483,1
0.1427046806,0.05823927,-0.006730958354,0.01173480786,1
0.1427046806,0.06020930782,-0.03124281578,-0.01094387844,1
0.1427046806,0.06217934564,-0.04057046771,-0.01226188056,1
0.1427046806,0.06414938718,-0.05525955558,-0.001129463664,1
0.1427046806,0.066119425,-0.04010286927,-0.006521136966,1
0.1427046806,0.06808946282,-0.03223647177,-0.00579543272,1
0.1427046806,0.07005950063,-0.03311735019,0.0009891949594,1
0.1427046806,0.07202953845,-0.03980530053,0.003066197969,1
0.1427046806,0.07399957627,-0.04344701767,0.004896989092,1
0.1427046806,0.07596961409,-0.03749362379,0.007566460874,1
0.1427046806,0.07793965936,-0.03722475097,0.006914424244,1
0.1427046806,0.07990969718,-0.05138334259,-0.00399197638,1
0.1427046806,0.08187973499,-0.05865298957,-0.005593829323,1
0.1427046806,0.08384977281,-0.05670308322,0.002999316435,1
0.1427046806,0.08581981063,-0.04493246973,0.01802318729,1
0.1427046806,0.08778984845,-0.0427698344,0.02074957453,1
0.1427046806,0.08975988626,-0.04079065472,0.004755015951,1
0.1427046806,0.09172992408,-0.05771173537,0.004266379401,1
0.1427046806,0.0936999619,-0.06522429734,-0.005202695262,1
0.1427046806,0.09567000717,-0.06212054566,-0.02024475299,1
0.1427046806,0.09764004499,-0.06050322205,-0.003155714599,3
0.1427046806,0.09961008281,-0.04540253803,0.001099150861,1
0.1427046806,0.1015801206,-0.03699039668,0.006758755073,1
0.1427046806,0.1035501584,-0.02759020962,-9.145778313e-05,1
0.1427046806,0.1055201963,-0.01721114106,-0.00487223221,1
0.1427046806,0.1074902341,-0.009610718116,-0.007855447941,1
0.1427046806,0.1094602719,-0.004268844146,-0.008057504892,1
0.1427046806,0.1114303172,0.0002873339981,-0.004784551449,1
0.1427046806,0.113400355,0.002071130089,-0.003836661344,1
0.1427046806,0.1153703928,0.001835194416,-0.004114233423,1
0.1427046806,0.1173404306,8.808520943e-05,-0.003354055341,1
0.1446747184,0.04838907719,0.001951856888,0.006393068004,2
0.1446747184,0.050359115,0.004363886081,0.008458006196,1
0.1446747184,0.05232915282,-0.002719252836,0.006005390082,1
0.1446747184,0.05429919064,-0.003827880602,0.007283623796,1
0.1446747184,0.05626922846,-0.002370564966,0.00880906824,1
0.1446747184,0.05823927,-0.007520429324,0.008420019411,1
0.1446747184,0.06020930782,-0.01653346047,0.003363459604,1
0.1446747184,0.06217934564,-0.0373137854,0.005581720732,1
0.1446747184,0.06414938718,-0.05472905561,0.006267900579,1
0.1446747184,0.066119425,-0.04438694566,-0.003705731826,1
0.1446747184,0.06808946282,-0.03615851328,-0.003470059019,1
0.1446747184,0.07005950063,-0.03746174276,0.003108215518,1
0.1446747184,0.07202953845,-0.04433672503,0.01001067366,1
0.1446747184,0.07399957627,-0.04979164526,0.01313262433,1
0.1446747184,0.07596961409,-0.03902278095,0.01497517899,1
0.1446747184,0.07793965936,-0.03127782419,0.01146686543,1
0.1446747184,0.07990969718,-0.04752428085,-0.01671683602,1
0.1446747184,0.08187973499,-0.0603662543,-0.0177407451,1
0.1446747184,0.08384977281,-0.07690685987,0.005838363431,1
0.1446747184,0.08581981063,-0.0501281172,0.02270362526,1
0.1446747184,0.08778984845,-0.05368126556,0.01414885558,2
0.1446747184,0.08975988626,-0.0576280728,0.005322034936,1
0.1446747184,0.09172992408,-0.05793494731,-0.0001910400169,1
0.1446747184,0.0936999619,-0.05957285315,-0.0112711126,1
0.1446747184,0.09567000717,-0.05351999775,-0.02437400632,1
0.1446747184,0.09764004499,-0.05016327649,-0.004055080935,3
0.1446747184,0.09961008281,-0.04967845231,-0.001199627994,2
0.1446747184,0.1015801206,-0.03264409676,-0.001034263289,2
0.1446747184,0.1035501584,-0.01649357378,-0.0002822234528,1
0.1446747184,0.1055201963,-0.01568075269,0.0009003140149,1
0.1446747184,0.1074902341,-0.005666942801,-0.009036536328,1
0.1446747184,0.1094602719,-0.003933958709,-0.007721119095,1
0.1446747184,0.1114303172,-0.003454503603,-0.005941835698,1
0.1446747184,0.113400355,-0.002564649098,-0.004813428037,1
0.1446747184,0.1153703928,-0.0003430815996,-0.002669224283,1
0.1446747184,0.1173404306,0.002918074373,-0.002822275972,1
0.1466447562,0.04838907719,0.008721865714,0.007912018336,1
0.1466447562,0.050359115,0.0008355397149,0.008427801542,1
0.1466447562,0.05232915282,-0.002485757926,0.006904352456,1
0.1466447562,0.05429919064,-0.002517174231,0.007972469553,1
0.1466447562,0.05626922846,-0.001966024516,0.007135285065,1
0.1466447562,0.05823927,-0.004953999538,0.00582088111,1
0.1466447562,0.06020930782,-0.01392611489,0.007368365303,1
0.1466447562,0.06217934564,-0.04179402813,0.01253921818,1
0.1466447562,0.06414938718,-0.04783924669,0.00637506973,1
0.1466447562,0.066119425,-0.04250422865,0.0009670879808,1
0.1466447562,0.06808946282,-0.03913802654,0.002084472217,1
0.1466447562,0.07005950063,-0.04139152169,0.003788559465,1
0.1466447562,0.07202953845,-0.04582950473,0.00964403525,1
0.1466447562,0.07399957627,-0.05015037954,0.01497613732,1
0.1466447562,0.07596961409,-0.05183048919,0.01990557835,1
0.1466447562,0.07793965936,-0.05066459998,0.008301428519,1
0.1466447562,0.07990969718,-0.05213999748,0.005709783174,2
0.1466447562,0.08187973499,-0.05949532241,0.0007836442092,2
0.1466447562,0.08384977281,-0.05870488659,-0.00881032832,1
0.1466447562,0.08581981063,-0.05827041343,-0.0103247771,1
0.1466447562,0.08778984845,-0.06419903785,0.007820187137,1
0.1466447562,0.08975988626,-0.06168516353,0.005738413427,1
0.1466447562,0.09172992408,-0.04502407834,-0.003878722433,1
0.1466447562,0.0936999619,-0.04765599221,-0.008957360871,2
0.1466447562,0.09567000717,-0.05942941085,-0.0121176336,2
0.1466447562,0.09764004499,-0.07876212895,0.0003996226878,1
0.1466447562,0.09961008281,-0.07050389796,-0.0008083189023,1
0.1466447562,0.1015801206,-0.02741396241,-0.009413956665,1
0.1466447562,0.1035501584,-0.01770338602,-0.008344178088,1
0.1466447562,0.1055201963,-0.009059311822,-0.01178531069,1
0.1466447562,0.1074902341,-0.003544433042,-0.01124635898,1
0.1466447562,0.1094602719,-0.003017533803,-0.008362114429,1
0.1466447562,0.1114303172,-0.003144504502,-0.006728184875,1
0.1466447562,0.113400355,-0.002078195568,-0.004681960214,1
0.1466447562,0.1153703928,-0.0004918123595,-0.002087885048,1
0.1466447562,0.1173404306,0.0006330069737,-0.0006808663602,1
0.148614794,0.04838907719,0.002394159557,0.005825534463,1
0.148614794,0.050359115,8.730346599e-05,0.006266808137,1
0.148614794,0.05232915282,-0.002257580403,0.00620325515,1
0.148614794,0.05429919064,-0.002239667112,0.006569164339,1
0.148614794,0.05626922846,-0.001941697439,0.005846048705,1
0.148614794,0.05823927,-0.003541669343,0.005585682113,1
0.148614794,0.06020930782,-0.01041487139,0.007715306245,1
0.148614794,0.06217934564,-0.0281690415,0.01350927446,1
0.148614794,0.06414938718,-0.04443511367,0.008163143881,1
0.148614794,0.066119425,-0.04009908065,0.005635578651,1
0.148614794,0.06808946282,-0.0376699008,0.005790912546,1
0.148614794,0.07005950063,-0.03540545329,0.002846871037,1
0.148614794,0.07202953845,-0.03555502743,0.003420047229,1
0.148614794,0.07399957627,-0.04295690358,0.01686824113,1
0.148614794,0.07596961409,-0.0477466993,0.02763693035,1
0.148614794,0.07793965936,-0.04665162787,0.03229823709,1
0.148614794,0.07990969718,-0.05087579414,0.03047089651,1
0.148614794,0.08187973499,-0.06677015871,0.02397586778,1
0.148614794,0.08384977281,-0.05663321912,0.001397551154,1
0.148614794,0.08581981063,-0.05532583594,-0.00797581207,1
0.148614794,0.08778984845,-0.05418454483,0.00706342468,1
0.148614794,0.08975988626,-0.05164956674,0.002707903739,1
0.148614794,0.09172992408,-0.03439534456,-0.003903294215,1
0.148614794,0.0936999619,-0.0265976321,-0.008561974391,1
0.148614794,0.09567000717,-0.05777952448,-0.0155387884,1
0.148614794,0.09764004499,-0.07157675177,0.003748496063,1
0.148614794,0.09961008281,-0.06712744385,0.0006628980627,1
0.148614794,0.1015801206,-0.03132555261,-0.009514949284,1
0.148614794,0.1035501584,-0.01863388158,-0.009498591535,1
0.148614794,0.1055201963,-0.007729722653,-0.01132422034,1
0.148614794,0.1074902341,-0.003352852771,-0.01111235842,1
0.148614794,0.1094602719,-0.002770273481,-0.00896635931,1
0.148614794,0.1114303172,-0.003097340697,-0.006252870429,1
0.148614794,0.113400355,-0.001444165711,-0.004384446889,1
0.148614794,0.1153703928,0.0001007688261,-0.002579078078,1
0.148614794,0.1173404306,-3.96150499e-05,6.037010826e-05,1
0.1505848318,0.04838907719,-0.0009990857216,0.005900787655,1
0.1505848318,0.050359115,-0.001987823285,0.006104510278,1
0.1505848318,0.05232915282,-0.002171027008,0.005646115169,1
0.1505848318,0.05429919064,-0.001555994852,0.005666868761,1
0.1505848318,0.05626922846,-0.002036662772,0.006333926227,1
0.1505848318,0.05823927,-0.0005524661392,0.007646644022,1
0.1505848318,0.06020930782,-0.005506600719,0.008968160488,1
0.1505848318,0.06217934564,-0.01996070519,0.01064697746,1
0.1505848318,0.06414938718,-0.03611630201,0.004261549097,1
0.1505848318,0.066119425,-0.03361080214,0.004637384787,2
0.1505848318,0.06808946282,-0.03646083921,0.003764434252,2
0.1505848318,0.07005950063,-0.04350901023,0.001356863882,1
0.1505848318,0.07202953845,-0.04081397504,0.0003168983676,1
0.1505848318,0.07399957627,-0.04168872535,0.01365655567,1
0.1505848318,0.07596961409,-0.03664838523,0.01841603965,1
0.1505848318,0.07793965936,-0.03223736957,0.01654454321,1
0.1505848318,0.07990969718,-0.03254885599,0.03032977507,1
0.1505848318,0.08187973499,-0.04425584525,0.02149644308,2
0.1505848318,0.08384977281,-0.05100605637,0.01859056577,1
0.1505848318,0.08581981063,-0.05429454148,0.005333475769,1
0.1505848318,0.08778984845,-0.04631109163,0.0008111168281,2
0.1505848318,0.08975988626,-0.03608421981,-0.005946355872,1
0.1505848318,0.09172992408,-0.03524369374,-0.001190525363,1
0.1505848318,0.0936999619,-0.03308536112,0.000463484379,1
0.1505848318,0.09567000717,-0.04435271397,-0.01483409479,1
0.1505848318,0.09764004499,-0.04548574984,-0.003896136768,2
0.1505848318,0.09961008281,-0.04147554561,-0.004121828824,2
0.1505848318,0.1015801206,-0.030197246,-0.01130317245,1
0.1505848318,0.1035501584,-0.0178841725,-0.01090885513,1
0.1505848318,0.1055201963,-0.008355000988,-0.008750596084,1
0.1505848318,0.1074902341,-0.004452717025,-0.008818476461,1
0.1505848318,0.1094602719,-0.002308015944,-0.007743046153,1
0.1505848318,0.1114303172,-0.00170591427,-0.004482058808,1
0.1505848318,0.113400355,-0.001634838758,-0.003355852561,1
0.1505848318,0.1153703928,-0.0006286006537,-0.002989905654,1
0.1505848318,0.1173404306,0.0002653973643,-0.00196928042,1
0.1525548697,0.04838907719,-0.002799599431,0.005825750064,1
0.1525548697,0.050359115,-0.002247726312,0.00652116444,1
0.1525548697,0.05232915282,-0.001927986392,0.005768174306,1
0.1525548697,0.05429919064,-0.002796843415,0.006603791844,1
0.1525548697,0.05626922846,-0.003202561056,0.007604345214,1
0.1525548697,0.05823927,-0.001330336207,0.009314619005,1
0.1525548697,0.06020930782,-0.003369024023,0.01025648601,1
0.1525548697,0.06217934564,-0.01224236563,0.009819155559,2
0.1525548697,0.06414938718,-0.01885537244,0.008024397306,2
0.1525548697,0.066119425,-0.02176698297,0.004887979012,2
0.1525548697,0.06808946282,-0.03105364181,0.003272574628,3
0.1525548697,0.07005950063,-0.04014394432,0.004042079207,1
0.1525548697,0.07202953845,-0.04126581922,-0.001604952151,1
0.1525548697,0.07399957627,-0.02881054953,0.002163170604,2
0.1525548697,0.07596961409,-0.03492792696,0.003158660838,1
0.1525548697,0.07793965936,-0.0262962617,0.01069570985,1
0.1525548697,0.07990969718,-0.02101838961,0.01286017336,3
0.1525548697,0.08187973499,-0.02669831552,0.01308956277,2
0.1525548697,0.08384977281,-0.02914770506,0.009874432348,2
0.1525548697,0.08581981063,-0.02928366698,0.0026006673,2
0.1525548697,0.08778984845,-0.04068106413,-0.003206077032,1
0.1525548697,0.08975988626,-0.02326033264,0.001600135583,2
0.1525548697,0.09172992408,-0.02666132897,0.002753601177,1
0.1525548697,0.0936999619,-0.02420159988,0.008003483526,1
0.1525548697,0.09567000717,-0.02584454417,0.003825154854,1
0.1525548697,0.09764004499,-0.02453800291,-0.0003771198099,2
0.1525548697,0.09961008281,-0.02309174277,-0.001950904843,2
0.1525548697,0.1015801206,-0.02032965608,-0.003973265644,2
0.1525548697,0.1035501584,-0.01643976569,-0.007647207938,1
0.1525548697,0.1055201963,-0.008301304653,-0.006969320122,1
0.1525548697,0.1074902341,-0.003659978276,-0.005950460676,1
0.1525548697,0.1094602719,-0.002128274646,-0.004775562324,1
0.1525548697,0.1114303172,-0.001899502589,-0.003631834406,1
0.1525548697,0.113400355,-0.001808026223,-0.002191567561,1
0.1525548697,0.1153703928,-0.001172812539,-0.001817795797,1
0.1525548697,0.1173404306,-1.722814159e-05,-0.002939743455,1
0.1545249075,0.04838907719,-0.002769953804,0.005404613446,1
0.1545249075,0.050359115,-0.002759055002,0.004469875246,1
0.1545249075,0.05232915282,-0.004372796975,0.004731831141,1
0.1545249075,0.05429919064,-0.00454722438,0.005528608337,1
0.1545249075,0.05626922846,-0.004813977517,0.007323306985,1
0.1545249075,0.05823927,-0.006486362312,0.01137761306,1
0.1545249075,0.06020930782,-0.007187923416,0.01002904866,1
0.1545249075,0.06217934564,-0.006784360856,0.01034875959,1
0.1545249075,0.06414938718,-0.005295841955,0.01312890649,1
0.1545249075,0.066119425,-0.00354811037,0.003617558395,1
0.1545249075,0.06808946282,-0.006604917813,0.004754628055,1
0.1545249075,0.07005950063,-0.004888989497,0.007469336037,1
0.1545249075,0.07202953845,-0.0005570551148,0.0005537929246,1
0.1545249075,0.07399957627,0.002640276914,-0.006557581946,1
0.1545249075,0.07596961409,0.004252626561,0.00195524306,1
0.1545249075,0.07793965936,0.007468150463,0.006136602256,1
0.1545249075,0.07990969718,-0.007367270533,0.008276435547,2
0.1545249075,0.08187973499,-0.01237131935,0.00812720228,2
0.1545249075,0.08384977281,-0.009602781385,0.005216933787,2
0.1545249075,0.08581981063,0.006988640409,-0.001599161886,1
0.1545249075,0.08778984845,0.009792671539,-0.0008830578299,1
0.1545249075,0.08975988626,0.01038527861,0.01279937383,1
0.1545249075,0.09172992408,-0.004695523996,0.004420966376,1
0.1545249075,0.0936999619,-0.007939646021,0.007342428435,1
0.1545249075,0.09567000717,-0.002455667593,0.003156177234,1
0.1545249075,0.09764004499,-0.003729966702,0.0005134076928,1
0.1545249075,0.09961008281,-0.006023767404,0.0006685944973,1
0.1545249075,0.1015801206,-0.01158987172,0.00500822207,1
0.1545249075,0.1035501584,-0.009253676049,0.002212738851,1
0.1545249075,0.1055201963,-0.004714466631,-0.003557590768,1
0.1545249075,0.1074902341,-0.003753125435,-0.002656137571,1
0.1545249075,0.1094602719,-0.004112982657,-0.001548150787,1
0.1545249075,0.1114303172,-0.002676019212,-0.002580800792,1
0.1545249075,0.113400355,-0.002046834445,-0.002042037901,1
0.1545249075,0.1153703928,-0.001557897893,-0.001503687934,1
0.1545249075,0.1173404306,-0.00193866936,-0.003107684432,1
0.1564949453,0.04838907719,-0.0002376059565,0.003396243323,1
0.1564949453,0.050359115,-0.003357004141,0.002518738387,1
0.1564949453,0.05232915282,-0.003621484619,0.00229803659,1
0.1564949453,0.05429919064,-0.004456510767,0.003126007505,1
0.1564949453,0.05626922846,-0.005269980058,0.00425737258,1
0.1564949453,0.05823927,-0.002876638668,0.008746511303,1
0.1564949453,0.06020930782,-0.001493564108,0.007963323034,1
0.1564949453,0.06217934564,NaN,NaN,0
0.1564949453,0.06414938718,NaN,NaN,0
0.1564949453,0.066119425,NaN,NaN,0
0.1564949453,0.06808946282,NaN,NaN,0
0.1564949453,0.07005950063,NaN,NaN,0
0.1564949453,0.07202953845,NaN,NaN,0
0.1564949453,0.07399957627,NaN,NaN,0
0.1564949453,0.07596961409,NaN,NaN,0
0.1564949453,0.07793965936,NaN,NaN,0
0.1564949453,0.07990969718,NaN,NaN,0
0.1564949453,0.08187973499,NaN,NaN,0
0.1564949453,0.08384977281,NaN,NaN,0
0.1564949453,0.08581981063,NaN,NaN,0
0.1564949453,0.08778984845,NaN,NaN,0
0.1564949453,0.08975988626,NaN,NaN,0
0.1564949453,0.09172992408,NaN,NaN,0
0.1564949453,0.0936999619,NaN,NaN,0
0.1564949453,0.09567000717,NaN,NaN,0
0.1564949453,0.09764004499,NaN,NaN,0
0.1564949453,0.09961008281,NaN,NaN,0
0.1564949453,0.1015801206,NaN,NaN,0
0.1564949453,0.1035501584,NaN,NaN,0
0.1564949453,0.1055201963,0.001020350493,-0.003023905447,1
0.1564949453,0.1074902341,-0.00315311295,-0.000813644554,1
0.1564949453,0.1094602719,-0.003743825713,-0.0002071802592,1
0.1564949453,0.1114303172,-0.002351608127,-0.0009188366821,1
0.1564949453,0.113400355,-0.002599972067,-0.001443420537,1
0.1564949453,0.1153703928,-0.003666285658,-0.0007319290889,1
0.1564949453,0.1173404306,-0.002186736558,-0.004403064959,1
0.1584649831,0.04838907719,-0.002480379771,0.0003017747949,2
0.1584649831,0.050359115,-0.004723154008,-0.002792693675,1
0.1584649831,0.05232915282,-0.007009705063,-0.001510438975,1
0.1584649831,0.05429919064,-0.007102974225,0.0004499302304,1
0.1584649831,0.05626922846,-0.003979254514,-0.0001270703215,1
0.1584649831,0.05823927,NaN,NaN,0
0.1584649831,0.06020930782,NaN,NaN,0
0.1584649831,0.06217934564,NaN,NaN,0
0.1584649831,0.06414938718,NaN,NaN,0
0.1584649831,0.066119425,NaN,NaN,0
0.1584649831,0.06808946282,NaN,NaN,0
0.1584649831,0.07005950063,NaN,NaN,0
0.1584649831,0.07202953845,NaN,NaN,0
0.1584649831,0.07399957627,NaN,NaN,0
0.1584649831,0.07596961409,NaN,NaN,0
0.1584649831,0.07793965936,NaN,NaN,0
0.1584649831,0.07990969718,NaN,NaN,0
0.1584649831,0.08187973499,NaN,NaN,0
0.1584649831,0.08384977281,NaN,NaN,0
0.1584649831,0.08581981063,NaN,NaN,0
0.1584649831,0.08778984845,NaN,NaN,0
0.1584649831,0.08975988626,NaN,NaN,0
0.1584649831,0.09172992408,NaN,NaN,0
0.1584649831,0.0936999619,NaN,NaN,0
0.1584649831,0.09567000717,NaN,NaN,0
0.1584649831,0.09764004499,NaN,NaN,0
0.1584649831,0.09961008281,NaN,NaN,0
0.1584649831,0.1015801206,NaN,NaN,0
0.1584649831,0.1035501584,NaN,NaN,0
0.1584649831,0.1055201963,NaN,NaN,0
0.1584649831,0.1074902341,NaN,NaN,0
0.1584649831,0.1094602719,-0.005421006586,0.00082595204,1
0.1584649831,0.1114303172,-0.00229874975,-0.001521789585,1
0.1584649831,0.113400355,-0.002195969224,-0.002071234398,1
0.1584649831,0.1153703928,-0.002957836725,0.0002221611503,1
0.1584649831,0.1173404306,-0.002572286641,-0.002090451773,2
