x [m],y [m],u [m/s],v [m/s],Vector type [-]
0.02647239529,0.04838907719,-0.01513830107,-0.005117646419,1
0.02647239529,0.050359115,-0.02728193998,-0.007257049903,1
0.02647239529,0.05232915282,-0.02858030424,-0.009012920782,1
0.02647239529,0.05429919064,-0.02436363697,-0.004700249527,1
0.02647239529,0.05626922846,-0.02305243537,-0.00524046924,1
0.02647239529,0.05823927,-0.02691666037,-0.003599050455,1
0.02647239529,0.06020930782,-0.0414994508,0.002451084089,1
0.02647239529,0.06217934564,-0.04575428739,0.0002243618219,1
0.02647239529,0.06414938718,-0.04274149612,-0.001180461142,1
0.02647239529,0.066119425,-0.03648409992,-0.007111010607,1
0.02647239529,0.06808946282,-0.04818508774,-0.009027200751,1
0.02647239529,0.07005950063,-0.05235820264,-0.01911447011,1
0.02647239529,0.07202953845,-0.04827768356,-0.01876809821,1
0.02647239529,0.07399957627,-0.03821735457,-0.01053187624,1
0.02647239529,0.07596961409,-0.03521291539,-0.006380991079,1
0.02647239529,0.07793965936,-0.04435002059,-0.006595721003,1
0.02647239529,0.07990969718,-0.05951747298,0.00360245863,1
0.02647239529,0.08187973499,-0.05834470317,0.008316934109,1
0.02647239529,0.08384977281,-0.06129556522,0.01686747931,1
0.02647239529,0.08581981063,-0.06496986747,0.01393525675,1
0.02647239529,0.08778984845,-0.06433477253,0.008042489178,1
0.02647239529,0.08975988626,-0.06052814797,0.008780079894,1
0.02647239529,0.09172992408,-0.05613858625,0.01045851596,1
0.02647239529,0.0936999619,-0.05164740235,0.007628810592,1
0.02647239529,0.09567000717,-0.04880326241,-0.002533223946,1
0.02647239529,0.09764004499,-0.0500831008,-0.0117332954,1
0.02647239529,0.09961008281,-0.04403104633,-0.009579238482,1
0.02647239529,0.1015801206,-0.03682644293,-0.006904138252,1
0.02647239529,0.1035501584,-0.04468263313,-0.004941621795,1
0.02647239529,0.1055201963,-0.0480273515,-0.0003891734814,1
0.02647239529,0.1074902341,-0.03743560612,0.00143479777,1
0.02647239529,0.1094602719,-0.02685575932,-0.002405654173,1
0.02647239529,0.1114303172,-0.01557836775,-0.003667674027,1
0.02647239529,0.113400355,-0.008509304374,-0.004290307872,1
0.02647239529,0.1153703928,-0.01040528715,-0.003783094697,2
0.02647239529,0.1173404306,-0.01140557975,-0.002786475001,1
0.0284424331,0.04838907719,-0.01174561959,-0.004898402374,1
0.0284424331,0.050359115,-0.01293529104,-0.007293074857,1
0.0284424331,0.05232915282,-0.02145873941,-0.008256868459,1
0.0284424331,0.05429919064,-0.01904388703,-0.002847982571,1
0.0284424331,0.05626922846,-0.02468623035,-0.004594690632,1
0.0284424331,0.05823927,-0.0312067531,-0.003491824027,1
0.0284424331,0.06020930782,-0.04778045043,0.007017054129,1
0.0284424331,0.06217934564,-0.05261245742,0.008357648738,1
0.0284424331,0.06414938718,-0.03287620097,-0.001540893572,1
0.0284424331,0.066119425,-0.03209592402,0.006097460166,1
0.0284424331,0.06808946282,-0.03398335353,0.003187579336,1
0.0284424331,0.07005950063,-0.04358653352,-0.0104037039,1
0.0284424331,0.07202953845,-0.04474055022,-0.01221285667,1
0.0284424331,0.07399957627,-0.04672321677,-0.008549494669,1
0.0284424331,0.07596961409,-0.04464721307,-0.005443655886,1
0.0284424331,0.07793965936,-0.0464804247,-0.001853930647,1
0.0284424331,0.07990969718,-0.05277004838,0.003775633872,1
0.0284424331,0.08187973499,-0.04298105836,0.005670668557,1
0.0284424331,0.08384977281,-0.05590762943,0.01430773735,1
0.0284424331,0.08581981063,-0.05940636992,0.01429118309,1
0.0284424331,0.08778984845,-0.06296566129,0.01308470964,1
0.0284424331,0.08975988626,-0.06134547666,0.01224079076,1
0.0284424331,0.09172992408,-0.05735638738,0.01305831317,1
0.0284424331,0.0936999619,-0.05597127602,0.01003065147,1
0.0284424331,0.09567000717,-0.05373134837,0.005207896698,1
0.0284424331,0.09764004499,-0.05619099736,-0.003279246623,1
0.0284424331,0.09961008281,-0.05278261378,-0.01218688767,1
0.0284424331,0.1015801206,-0.05026355758,-0.01664577611,1
0.0284424331,0.1035501584,-0.04759282619,-0.01296554692,1
0.0284424331,0.1055201963,-0.04617544264,-0.004667291883,1
0.0284424331,0.1074902341,-0.03875269368,-0.001631997642,1
0.0284424331,0.1094602719,-0.02528527938,-0.004977526609,1
0.0284424331,0.1114303172,-0.01841220446,-0.005466258153,1
0.0284424331,0.113400355,-0.01371473726,-0.006044686306,1
0.0284424331,0.1153703928,-0.01130097825,-0.00427250145,2
0.0284424331,0.1173404306,-0.01144542452,-0.002203723416,1
0.03041247278,0.04838907719,-0.0286734812,-0.008395768702,1
0.03041247278,0.050359115,-0.002241172129,-0.006907268427,1
0.03041247278,0.05232915282,-0.009814983234,-0.002542300383,1
0.03041247278,0.05429919064,-0.01757680252,-0.001821370795,1
0.03041247278,0.05626922846,-0.01998877712,-0.00260481541,1
0.03041247278,0.05823927,-0.0319846198,-0.0001701630827,1
0.03041247278,0.06020930782,-0.05019864812,0.006450300105,1
0.03041247278,0.06217934564,-0.05529161915,0.009590240195,1
0.03041247278,0.06414938718,-0.04035879672,0.01119219046,1
0.03041247278,0.066119425,-0.03339938447,0.01081963722,1
0.03041247278,0.06808946282,-0.03211398795,0.006902733818,1
0.03041247278,0.07005950063,-0.04280052707,-0.0005724435323,1
0.03041247278,0.07202953845,-0.03644517064,-0.009144434705,1
0.03041247278,0.07399957627,-0.04414996505,-0.007253307384,1
0.03041247278,0.07596961409,-0.05029030889,-0.001385590294,1
0.03041247278,0.07793965936,-0.04966267571,0.001544207917,1
0.03041247278,0.07990969718,-0.04854441434,0.002400495345,1
0.03041247278,0.08187973499,-0.04777063057,0.006476261187,1
0.03041247278,0.08384977281,-0.05585791543,0.01661951654,1
0.03041247278,0.08581981063,-0.05699785426,0.01748322323,1
0.03041247278,0.08778984845,-0.05679613724,0.01858130284,1
0.03041247278,0.08975988626,-0.05774210393,0.01674086973,1
0.03041247278,0.09172992408,-0.05943437666,0.01364882942,1
0.03041247278,0.0936999619,-0.05821828172,0.0109183155,1
0.03041247278,0.09567000717,-0.04885033146,0.01066335663,1
0.03041247278,0.09764004499,-0.04957259819,0.009614596143,1
0.03041247278,0.09961008281,-0.0555552654,0.007197622675,1
0.03041247278,0.1015801206,-0.05559352413,-0.004887735471,1
0.03041247278,0.1035501584,-0.0457942225,-0.01370781474,1
0.03041247278,0.1055201963,-0.03621125594,-0.01086436957,1
0.03041247278,0.1074902341,-0.03159068152,-0.007329411805,1
0.03041247278,0.1094602719,-0.02398841456,-0.007567512337,1
0.03041247278,0.1114303172,-0.01795013249,-0.004268926103,1
0.03041247278,0.113400355,-0.01445359364,-0.003862274112,1
0.03041247278,0.1153703928,-0.009638462216,-0.005058501381,1
0.03041247278,0.1173404306,-0.005670411512,-0.003840994556,1
0.0323825106,0.04838907719,-0.03516349941,-0.01030236669,1
0.0323825106,0.050359115,-0.0004356649006,-0.00388314086,1
0.0323825106,0.05232915282,-0.01141333487,0.006317914464,1
0.0323825106,0.05429919064,-0.00399766583,0.006311396603,1
0.0323825106,0.05626922846,-0.0152783636,0.004695063923,1
0.0323825106,0.05823927,-0.03567138687,0.002433540067,1
0.0323825106,0.06020930782,-0.0488945432,0.003541514743,1
0.0323825106,0.06217934564,-0.05001123995,0.006241056137,1
0.0323825106,0.06414938718,-0.04526659846,0.0141855441,1
0.0323825106,0.066119425,-0.03840867803,0.009952372871,1
0.0323825106,0.06808946282,-0.03630943969,0.004030647688,1
0.0323825106,0.07005950063,-0.04011170939,-0.0002849377925,1
0.0323825106,0.07202953845,-0.03905222937,-0.003519226098,1
0.0323825106,0.07399957627,-0.04401770234,-0.003614449641,1
0.0323825106,0.07596961409,-0.0512749739,-0.0005532008945,1
0.0323825106,0.07793965936,-0.04985116795,0.002544360934,1
0.0323825106,0.07990969718,-0.04745673388,0.002723901765,1
0.0323825106,0.08187973499,-0.04912220687,0.008478318341,1
0.0323825106,0.08384977281,-0.05032134056,0.01529178582,1
0.0323825106,0.08581981063,-0.04884685203,0.01673983224,1
0.0323825106,0.08778984845,-0.05014683306,0.02651984058,1
0.0323825106,0.08975988626,-0.051878158,0.02043087035,1
0.0323825106,0.09172992408,-0.05658955127,0.01881563663,1
0.0323825106,0.0936999619,-0.05934984237,0.01582385227,1
0.0323825106,0.09567000717,-0.05553871393,0.01317451894,1
0.0323825106,0.09764004499,-0.05211841315,0.01122208033,1
0.0323825106,0.09961008281,-0.05338158458,0.01085999608,1
0.0323825106,0.1015801206,-0.05242820084,0.005020549521,1
0.0323825106,0.1035501584,-0.04336212575,-0.002775326138,1
0.0323825106,0.1055201963,-0.0338665098,-0.009399116971,1
0.0323825106,0.1074902341,-0.02971704304,-0.008218522184,1
0.0323825106,0.1094602719,-0.0273224283,-0.007453684695,1
0.0323825106,0.1114303172,-0.02279109135,-0.003578133415,1
0.0323825106,0.113400355,-0.01523210388,-0.002478172304,1
0.0323825106,0.1153703928,-0.00880985707,-0.005064666737,1
0.0323825106,0.1173404306,-0.009838247672,-0.01224966533,1
0.03435254842,0.04838907719,-0.02160508372,-0.001117281732,2
0.03435254842,0.050359115,-0.007219655905,0.001570670982,1
0.03435254842,0.05232915282,-0.001374587533,0.009437174536,1
0.03435254842,0.05429919064,-0.002838037908,0.008697095327,1
0.03435254842,0.05626922846,-0.008609666489,0.007495658472,1
0.03435254842,0.05823927,-0.04848376662,0.007723542862,1
0.03435254842,0.06020930782,-0.05259083211,0.002377488418,1
0.03435254842,0.06217934564,-0.05048535392,0.002986646723,1
0.03435254842,0.06414938718,-0.04701388255,0.003165929578,1
0.03435254842,0.066119425,-0.04172660783,0.003988594748,1
0.03435254842,0.06808946282,-0.03751062602,0.0007453892031,1
0.03435254842,0.07005950063,-0.03678153828,-0.003242037259,1
0.03435254842,0.07202953845,-0.04096750915,-0.002177767456,1
0.03435254842,0.07399957627,-0.04859573022,-0.0005140384892,1
0.03435254842,0.07596961409,-0.05178860575,0.001704579452,1
0.03435254842,0.07793965936,-0.05112085491,0.005177773535,1
0.03435254842,0.07990969718,-0.0507032685,0.007098642644,1
0.03435254842,0.08187973499,-0.05163309723,0.01105970982,1
0.03435254842,0.08384977281,-0.0507010445,0.01163151208,1
0.03435254842,0.08581981063,-0.04974117503,0.01427539904,1
0.03435254842,0.08778984845,-0.04802649468,0.01604549028,1
0.03435254842,0.08975988626,-0.04950132221,0.02129450813,1
0.03435254842,0.09172992408,-0.05089532584,0.02191370912,1
0.03435254842,0.0936999619,-0.05369543284,0.02018763125,1
0.03435254842,0.09567000717,-0.05358126014,0.01480147801,1
0.03435254842,0.09764004499,-0.05219962075,0.01224216633,1
0.03435254842,0.09961008281,-0.05013105273,0.007535917684,1
0.03435254842,0.1015801206,-0.04827214405,0.005476028658,1
0.03435254842,0.1035501584,-0.04500069097,0.003249266185,1
0.03435254842,0.1055201963,-0.03833821043,-0.005745951086,1
0.03435254842,0.1074902341,-0.02964128181,-0.009232075885,1
0.03435254842,0.1094602719,-0.02662415616,-0.007080240641,1
0.03435254842,0.1114303172,-0.0205900725,0.000180862844,1
0.03435254842,0.113400355,-0.01342116296,-0.0002836250933,1
0.03435254842,0.1153703928,-0.01137096342,-0.003685749369,1
0.03435254842,0.1173404306,-0.006980512291,-0.008592708968,1
0.03632258996,0.04838907719,-0.02243209444,0.005379850976,2
0.03632258996,0.050359115,-0.02236305363,0.006496499293,1
0.03632258996,0.05232915282,0.0002510590421,0.0111258775,1
0.03632258996,0.05429919064,-0.00247018598,0.01077795681,1
0.03632258996,0.05626922846,-0.01488707773,0.0103674233,1
0.03632258996,0.05823927,-0.03966097161,0.006260427181,1
0.03632258996,0.06020930782,-0.05191041902,0.001114991959,1
0.03632258996,0.06217934564,-0.05016088858,-0.000126781888,1
0.03632258996,0.06414938718,-0.04857382923,-0.000623928383,1
0.03632258996,0.066119425,-0.04507616535,-0.001329288003,1
0.03632258996,0.06808946282,-0.03989224508,-0.0008828600985,1
0.03632258996,0.07005950063,-0.03851975501,-0.003314393573,1
0.03632258996,0.07202953845,-0.04071896523,-0.004239139613,1
0.03632258996,0.07399957627,-0.0476090461,0.0006598469336,1
0.03632258996,0.07596961409,-0.05155650899,0.00187249959,1
0.03632258996,0.07793965936,-0.05239816755,0.004116731696,1
0.03632258996,0.07990969718,-0.05013024062,0.008237960748,1
0.03632258996,0.08187973499,-0.05105436966,0.009688637219,1
0.03632258996,0.08384977281,-0.05135444924,0.008179446682,1
0.03632258996,0.08581981063,-0.05149619281,0.01016464923,1
0.03632258996,0.08778984845,-0.05193268135,0.01422182564,1
0.03632258996,0.08975988626,-0.04960623756,0.01974969916,1
0.03632258996,0.09172992408,-0.04925993457,0.0201323498,1
0.03632258996,0.0936999619,-0.04798253253,0.01905895583,1
0.03632258996,0.09567000717,-0.04778666422,0.01953557879,1
0.03632258996,0.09764004499,-0.04993269965,0.01185309514,1
0.03632258996,0.09961008281,-0.05012109503,0.003315833863,1
0.03632258996,0.1015801206,-0.04560754076,0.00218963786,1
0.03632258996,0.1035501584,-0.04438581318,-0.003136120038,1
0.03632258996,0.1055201963,-0.03985805437,-0.005535646342,1
0.03632258996,0.1074902341,-0.03140129521,-0.006361132953,1
0.03632258996,0.1094602719,-0.02559997886,-0.005271895789,1
0.03632258996,0.1114303172,-0.01782617159,-0.003548449138,2
0.03632258996,0.113400355,-0.01030901074,-0.002534803469,1
0.03632258996,0.1153703928,-0.009174342267,-0.004253651481,1
0.03632258996,0.1173404306,-0.001461046049,-0.001430120785,1
0.03829262778,0.04838907719,-0.02332814969,0.01076033525,2
0.03829262778,0.050359115,-0.02635133825,0.01356297079,1
0.03829262778,0.05232915282,0.0008784062229,0.01291064639,1
0.03829262778,0.05429919064,-0.0008276703302,0.009090592153,1
0.03829262778,0.05626922846,-0.01235888898,0.009964413941,1
0.03829262778,0.05823927,-0.03211804852,0.002939934842,1
0.03829262778,0.06020930782,-0.04778755829,-0.001838793047,1
0.03829262778,0.06217934564,-0.04814232886,-0.0009180597262,1
0.03829262778,0.06414938718,-0.04596760124,-0.000427170773,1
0.03829262778,0.066119425,-0.04452210292,-0.000678301265,1
0.03829262778,0.06808946282,-0.04383293539,0.0003408833873,1
0.03829262778,0.07005950063,-0.04239040241,0.0008121929131,1
0.03829262778,0.07202953845,-0.04385387897,-0.001134520047,1
0.03829262778,0.07399957627,-0.04613367096,-0.000808392535,1
0.03829262778,0.07596961409,-0.04775799438,0.001822379651,1
0.03829262778,0.07793965936,-0.04945429415,0.002130283508,1
0.03829262778,0.07990969718,-0.04979798943,0.001981206005,1
0.03829262778,0.08187973499,-0.05228461325,0.007301275153,1
0.03829262778,0.08384977281,-0.05399548635,0.007541108411,1
0.03829262778,0.08581981063,-0.05312277004,0.008919069543,1
0.03829262778,0.08778984845,-0.05152972788,0.01256738324,1
0.03829262778,0.08975988626,-0.05454660952,0.01668473706,1
0.03829262778,0.09172992408,-0.04860889539,0.0149647072,1
0.03829262778,0.0936999619,-0.04572771117,0.0150477374,1
0.03829262778,0.09567000717,-0.04682898894,0.01857157424,1
0.03829262778,0.09764004499,-0.04813026264,0.01174972765,1
0.03829262778,0.09961008281,-0.04666242376,0.004104068037,1
0.03829262778,0.1015801206,-0.04120891914,0.003787123598,1
0.03829262778,0.1035501584,-0.04029737413,0.001225127606,1
0.03829262778,0.1055201963,-0.03769101202,-0.0008360187057,1
0.03829262778,0.1074902341,-0.03119835071,-0.002008797834,1
0.03829262778,0.1094602719,-0.02684123069,-0.005755460355,1
0.03829262778,0.1114303172,-0.0148056224,-0.006567959674,1
0.03829262778,0.113400355,-0.01009361353,-0.00601816969,1
0.03829262778,0.1153703928,-0.01202919986,-0.005454954226,1
0.03829262778,0.1173404306,-0.0002666423388,-0.00179656758,1
0.0402626656,0.04838907719,-0.02120102011,0.01333818305,2
0.0402626656,0.050359115,-0.02683091722,0.01465144567,1
0.0402626656,0.05232915282,0.0003582669015,0.009829066694,1
0.0402626656,0.05429919064,-0.0005163977039,0.006035152357,1
0.0402626656,0.05626922846,-0.0122694755,0.005387495272,1
0.0402626656,0.05823927,-0.03376305848,0.0003798084508,1
0.0402626656,0.06020930782,-0.04951608554,-0.002889373107,1
0.0402626656,0.06217934564,-0.04913987592,-0.002261678921,1
0.0402626656,0.06414938718,-0.04324929416,0.0004479281488,1
0.0402626656,0.066119425,-0.04262440279,0.0005788850831,1
0.0402626656,0.06808946282,-0.04179862514,0.001029632054,1
0.0402626656,0.07005950063,-0.03937123343,-0.001161635155,1
0.0402626656,0.07202953845,-0.04246798158,-0.003212817479,1
0.0402626656,0.07399957627,-0.04584535211,-0.001667334465,1
0.0402626656,0.07596961409,-0.04650210589,0.001295245253,1
0.0402626656,0.07793965936,-0.04825480282,0.0007999065565,1
0.0402626656,0.07990969718,-0.05349643528,0.002178392373,1
0.0402626656,0.08187973499,-0.05458121002,0.008643624373,1
0.0402626656,0.08384977281,-0.05365514383,0.01316455193,1
0.0402626656,0.08581981063,-0.05234604329,0.0137839159,1
0.0402626656,0.08778984845,-0.05019912496,0.0119593339,1
0.0402626656,0.08975988626,-0.05324637145,0.01281293388,1
0.0402626656,0.09172992408,-0.05328414589,0.01342715789,1
0.0402626656,0.0936999619,-0.04772358388,0.01503512915,1
0.0402626656,0.09567000717,-0.04715939611,0.01684245467,1
0.0402626656,0.09764004499,-0.04711550474,0.01312704943,1
0.0402626656,0.09961008281,-0.04162240028,0.006402288098,1
0.0402626656,0.1015801206,-0.03947543725,0.004035269842,1
0.0402626656,0.1035501584,-0.04024101049,0.002168103354,1
0.0402626656,0.1055201963,-0.03838891163,0.0007503599627,1
0.0402626656,0.1074902341,-0.03446952626,0.001552069676,1
0.0402626656,0.1094602719,-0.02792915329,-0.003459084313,1
0.0402626656,0.1114303172,-0.0194894094,-0.009129899554,1
0.0402626656,0.113400355,-0.01378595456,-0.00542630814,1
0.0402626656,0.1153703928,-0.009783150628,-0.003057175083,1
0.0402626656,0.1173404306,-0.008665114641,-0.0002697098535,1
0.04223270342,0.04838907719,-0.01344399247,0.0146027673,2
0.04223270342,0.050359115,-0.007409054786,0.01870239712,1
0.04223270342,0.05232915282,-0.004263370298,0.005168630276,1
0.04223270342,0.05429919064,-0.001705309958,0.00678220531,1
0.04223270342,0.05626922846,-0.01059737895,0.01053294912,1
0.04223270342,0.05823927,-0.02704968676,0.006336905062,1
0.04223270342,0.06020930782,-0.04189870507,0.001799903228,1
0.04223270342,0.06217934564,-0.04397336394,-0.0004610495234,1
0.04223270342,0.06414938718,-0.0416424945,0.001447965042,1
0.04223270342,0.066119425,-0.03821178526,0.002884249203,1
0.04223270342,0.06808946282,-0.03437003866,0.0001841236808,1
0.04223270342,0.07005950063,-0.03384902701,-0.003471523989,1
0.04223270342,0.07202953845,-0.04165133834,-0.00609467458,1
0.04223270342,0.07399957627,-0.04774875939,-0.002763421508,1
0.04223270342,0.07596961409,-0.05110426247,-0.0009274471668,1
0.04223270342,0.07793965936,-0.05048603565,0.0004389343376,1
0.04223270342,0.07990969718,-0.05117602274,0.007898650132,1
0.04223270342,0.08187973499,-0.05383351073,0.01220542565,1
0.04223270342,0.08384977281,-0.05176793411,0.01569075324,1
0.04223270342,0.08581981063,-0.04852364585,0.01684570126,1
0.04223270342,0.08778984845,-0.04712861031,0.01340627763,1
0.04223270342,0.08975988626,-0.04854442924,0.01245432626,1
0.04223270342,0.09172992408,-0.05140268803,0.01435202826,1
0.04223270342,0.0936999619,-0.04970780015,0.01588625833,1
0.04223270342,0.09567000717,-0.04571225867,0.0173585359,1
0.04223270342,0.09764004499,-0.04296620935,0.01383562386,1
0.04223270342,0.09961008281,-0.0436453037,0.006332787219,1
0.04223270342,0.1015801206,-0.04332774505,0.002730514156,2
0.04223270342,0.1035501584,-0.04870125651,-0.004174009431,1
0.04223270342,0.1055201963,-0.04045979306,-0.0002115175885,1
0.04223270342,0.1074902341,-0.03611761332,-4.420751793e-05,1
0.04223270342,0.1094602719,-0.02873608097,-0.002054889454,1
0.04223270342,0.1114303172,-0.01903351396,-0.00931218639,1
0.04223270342,0.113400355,-0.00736663444,-0.005335819907,1
0.04223270342,0.1153703928,-0.005290164147,-0.002272286685,1
0.04223270342,0.1173404306,-0.01413778123,0.0007827610825,1
0.04420274496,0.04838907719,-0.0117219016,0.01176772173,2
0.04420274496,0.050359115,-0.0008367407718,0.01967505552,1
0.04420274496,0.05232915282,-0.009365049191,0.003842459992,1
0.04420274496,0.05429919064,-0.00510215247,0.00782516785,1
0.04420274496,0.05626922846,-0.009953318164,0.009666939266,1
0.04420274496,0.05823927,-0.02013546042,0.007656192873,1
0.04420274496,0.06020930782,-0.03931279108,0.001223251689,1
0.04420274496,0.06217934564,-0.04251504317,0.003386698663,1
0.04420274496,0.06414938718,-0.04090402275,0.005435296334,1
0.04420274496,0.066119425,-0.0363445729,0.004412278067,1
0.04420274496,0.06808946282,-0.03089833818,0.0008188614738,1
0.04420274496,0.07005950063,-0.03158443794,-0.003822358558,1
0.04420274496,0.07202953845,-0.05101432651,-0.005348620471,1
0.04420274496,0.07399957627,-0.05401953682,-0.003020121017,1
0.04420274496,0.07596961409,-0.06092777476,-0.0008106483729,1
0.04420274496,0.07793965936,-0.05778490379,0.001915757661,1
0.04420274496,0.07990969718,-0.05365817249,0.006932498422,1
0.04420274496,0.08187973499,-0.05264071003,0.01538308058,1
0.04420274496,0.08384977281,-0.04792487249,0.01566127129,1
0.04420274496,0.08581981063,-0.04465008155,0.0172993578,1
0.04420274496,0.08778984845,-0.04553079233,0.01737821102,1
0.04420274496,0.08975988626,-0.04446975887,0.01654891297,1
0.04420274496,0.09172992408,-0.04598353803,0.0171391964,1
0.04420274496,0.0936999619,-0.04601186141,0.0167524498,1
0.04420274496,0.09567000717,-0.04366665334,0.01334894449,2
0.04420274496,0.09764004499,-0.04403182492,0.005234169308,1
0.04420274496,0.09961008281,-0.03764747456,0.01441228017,1
0.04420274496,0.1015801206,-0.04148899019,0.004728009924,2
0.04420274496,0.1035501584,-0.04867160693,-0.004821846262,1
0.04420274496,0.1055201963,-0.04168527946,-0.002567495452,1
0.04420274496,0.1074902341,-0.03342696279,-0.008898469619,1
0.04420274496,0.1094602719,-0.0255369693,-0.01127987262,3
0.04420274496,0.1114303172,-0.02451144718,-0.005010202993,1
0.04420274496,0.113400355,-0.01807980984,-0.00614148844,1
0.04420274496,0.1153703928,-0.02213811688,-0.001558688818,1
0.04420274496,0.1173404306,-0.01087488048,-0.001348160906,1
0.04617278278,0.04838907719,-0.02088497207,0.001025341335,1
0.04617278278,0.050359115,-0.01574652456,0.01234555244,1
0.04617278278,0.05232915282,-0.01085067354,0.007785041817,1
0.04617278278,0.05429919064,-0.008710481226,0.005491869058,1
0.04617278278,0.05626922846,-0.01223602518,0.00484404061,1
0.04617278278,0.05823927,-0.0317899175,0.001494648284,1
0.04617278278,0.06020930782,-0.03796623275,-0.003090706887,1
0.04617278278,0.06217934564,-0.03815158457,0.004807712976,1
0.04617278278,0.06414938718,-0.03532452881,0.009765708819,1
0.04617278278,0.066119425,-0.03280940652,0.007731659338,1
0.04617278278,0.06808946282,-0.02865025215,0.002376792952,1
0.04617278278,0.07005950063,-0.03084745072,-0.003441844368,1
0.04617278278,0.07202953845,-0.05440259725,-0.007660762873,1
0.04617278278,0.07399957627,-0.05959131196,-0.0003051800595,1
0.04617278278,0.07596961409,-0.07049226761,0.001782729523,1
0.04617278278,0.07793965936,-0.0658391118,0.004802932497,1
0.04617278278,0.07990969718,-0.05528093129,0.008899290115,1
0.04617278278,0.08187973499,-0.04663306475,0.01408663392,1
0.04617278278,0.08384977281,-0.04328562319,0.01628913917,1
0.04617278278,0.08581981063,-0.04063115269,0.01818100736,1
0.04617278278,0.08778984845,-0.04165634885,0.02031459846,1
0.04617278278,0.08975988626,-0.0412343964,0.01859679259,1
0.04617278278,0.09172992408,-0.04262837023,0.01566582732,1
0.04617278278,0.0936999619,-0.03794042766,0.01944074221,1
0.04617278278,0.09567000717,-0.03891066089,0.01405062061,1
0.04617278278,0.09764004499,-0.04305809364,0.007127790712,1
0.04617278278,0.09961008281,-0.04013871402,0.01074933913,1
0.04617278278,0.1015801206,-0.03630911931,0.006591090467,1
0.04617278278,0.1035501584,-0.04117396846,0.00148797466,1
0.04617278278,0.1055201963,-0.04319651052,0.0009358538082,1
0.04617278278,0.1074902341,-0.03792839125,-0.0007812150288,1
0.04617278278,0.1094602719,-0.02945115231,-0.003608689178,1
0.04617278278,0.1114303172,-0.01761805825,-0.008081292734,1
0.04617278278,0.113400355,-0.01584319212,-0.007821067236,1
0.04617278278,0.1153703928,-0.01968427561,-0.005201981869,1
0.04617278278,0.1173404306,-0.01702021435,0.00259429845,1
0.0481428206,0.04838907719,-0.02152111381,0.0007854604628,1
0.0481428206,0.050359115,-0.01945808716,0.01046476886,1
0.0481428206,0.05232915282,-0.01275919843,0.008761609904,1
0.0481428206,0.05429919064,-0.006269262172,0.004132014699,1
0.0481428206,0.05626922846,-0.00778436102,0.002441878663,1
0.0481428206,0.05823927,-0.03658941761,0.001726402552,1
0.0481428206,0.06020930782,-0.03640675917,-0.0003287285217,1
0.0481428206,0.06217934564,-0.03223368898,0.003693332197,1
0.0481428206,0.06414938718,-0.03537801281,0.006641409826,1
0.0481428206,0.066119425,-0.03622207046,0.008025306277,1
0.0481428206,0.06808946282,-0.02872631699,0.003605716396,1
0.0481428206,0.07005950063,-0.03092575632,0.0007648846367,1
0.0481428206,0.07202953845,-0.04649981484,0.003888362087,1
0.0481428206,0.07399957627,-0.06567081064,0.003081715666,1
0.0481428206,0.07596961409,-0.0756239295,0.007179246284,1
0.0481428206,0.07793965936,-0.07285103947,0.01281038392,1
0.0481428206,0.07990969718,-0.05322315916,0.01458601002,1
0.0481428206,0.08187973499,-0.04457272589,0.01616200618,1
0.0481428206,0.08384977281,-0.0395299904,0.0177574195,1
0.0481428206,0.08581981063,-0.03861101717,0.019648524,1
0.0481428206,0.08778984845,-0.03081646003,0.01742471568,1
0.0481428206,0.08975988626,-0.03138111532,0.01784540527,1
0.0481428206,0.09172992408,-0.03672266006,0.0187412519,1
0.0481428206,0.0936999619,-0.038112849,0.02140427753,1
0.0481428206,0.09567000717,-0.03709581867,0.02061225288,1
0.0481428206,0.09764004499,-0.04021518305,0.01688610017,1
0.0481428206,0.09961008281,-0.04002745822,0.01359188277,1
0.0481428206,0.1015801206,-0.03803786263,0.01073840912,1
0.0481428206,0.1035501584,-0.03788565472,0.007019155193,1
0.0481428206,0.1055201963,-0.04262445867,0.006537935231,1
0.0481428206,0.1074902341,-0.03725467995,0.001999114873,1
0.0481428206,0.1094602719,-0.02775457315,-0.003567760112,1
0.0481428206,0.1114303172,-0.01896862313,-0.01053361688,1
0.0481428206,0.113400355,-0.01557083055,-0.008440401405,1
0.0481428206,0.1153703928,-0.01866963692,-0.006230927538,1
0.0481428206,0.1173404306,-0.02134333551,0.00332818809,1
0.05011285841,0.04838907719,-0.01780666225,0.000705672428,1
0.05011285841,0.050359115,-0.02534777112,0.006282455754,1
0.05011285841,0.05232915282,-0.01511489134,0.006006026175,1
0.05011285841,0.05429919064,-0.01087060105,0.003775910707,1
0.05011285841,0.05626922846,-0.01473100763,0.001365162665,1
0.05011285841,0.05823927,-0.02597815543,0.00105015107,1
0.05011285841,0.06020930782,-0.02999404073,0.00135624106,1
0.05011285841,0.06217934564,-0.02979118191,0.003410439473,1
0.05011285841,0.06414938718,-0.03445946053,0.00591835333,1
0.05011285841,0.066119425,-0.039468389,0.007711539511,1
0.05011285841,0.06808946282,-0.03041777015,0.006197897717,1
0.05011285841,0.07005950063,-0.03259256855,0.005315233953,1
0.05011285841,0.07202953845,-0.04526146874,0.006555819884,1
0.05011285841,0.07399957627,-0.06374443322,0.004676012788,1
0.05011285841,0.07596961409,-0.07437714189,0.008987590671,1
0.05011285841,0.07793965936,-0.07625904679,0.01414390095,1
0.05011285841,0.07990969718,-0.06405229867,0.02284197323,1
0.05011285841,0.08187973499,-0.04704850167,0.01876468584,1
0.05011285841,0.08384977281,-0.03679202497,0.01932260022,1
0.05011285841,0.08581981063,-0.03811812773,0.02102259174,1
0.05011285841,0.08778984845,-0.0347908996,0.02058447897,1
0.05011285841,0.08975988626,-0.02968516573,0.01641569845,1
0.05011285841,0.09172992408,-0.03832408413,0.01746631786,1
0.05011285841,0.0936999619,-0.04095049948,0.01972166263,1
0.05011285841,0.09567000717,-0.03596206754,0.02557900548,1
0.05011285841,0.09764004499,-0.03605302796,0.02593513206,1
0.05011285841,0.09961008281,-0.03849682584,0.01940885186,1
0.05011285841,0.1015801206,-0.03918561339,0.01486301702,1
0.05011285841,0.1035501584,-0.04154938832,0.01332193986,1
0.05011285841,0.1055201963,-0.04267885908,0.01006898284,1
0.05011285841,0.1074902341,-0.03886719048,0.004351885989,1
0.05011285841,0.1094602719,-0.03163722157,0.0002267860982,1
0.05011285841,0.1114303172,-0.01723215729,-0.006730731577,1
0.05011285841,0.113400355,-0.02661592327,-0.003053038148,1
0.05011285841,0.1153703928,-0.0226561632,-0.004965801258,1
0.05011285841,0.1173404306,-0.01209774055,-0.003465484362,1
0.05208289623,0.04838907719,-0.0150633594,0.01364284754,1
0.05208289623,0.050359115,-0.02169616707,0.004623730667,1
0.05208289623,0.05232915282,-0.01658667065,0.0006624788512,1
0.05208289623,0.05429919064,-0.01420771983,0.001838012948,1
0.05208289623,0.05626922846,-0.01292717736,-0.0001842857309,1
0.05208289623,0.05823927,-0.02130123228,0.000850895769,1
0.05208289623,0.06020930782,-0.02967190556,0.001837854856,1
0.05208289623,0.06217934564,-0.02978578582,0.003893669462,1
0.05208289623,0.06414938718,-0.03183246776,0.01027121674,1
0.05208289623,0.066119425,-0.03333486989,0.01081262436,1
0.05208289623,0.06808946282,-0.03137618676,0.006515373476,1
0.05208289623,0.07005950063,-0.03240437061,0.004422884434,1
0.05208289623,0.07202953845,-0.04240969568,0.00414355332,1
0.05208289623,0.07399957627,-0.07868371904,0.00352797471,1
0.05208289623,0.07596961409,-0.07139722258,0.01105409674,1
0.05208289623,0.07793965936,-0.07532684505,0.01492966432,1
0.05208289623,0.07990969718,-0.06447760761,0.01423503924,1
0.05208289623,0.08187973499,-0.05556099117,0.01521580666,1
0.05208289623,0.08384977281,-0.0429183729,0.01611989364,1
0.05208289623,0.08581981063,-0.03714707121,0.01791329868,1
0.05208289623,0.08778984845,-0.02963553555,0.01878746413,1
0.05208289623,0.08975988626,-0.02602900192,0.01411059033,1
0.05208289623,0.09172992408,-0.02970911004,0.01350463461,1
0.05208289623,0.0936999619,-0.03603681922,0.01563485153,1
0.05208289623,0.09567000717,-0.03311893716,0.0243791379,1
0.05208289623,0.09764004499,-0.03242409974,0.02563526109,1
0.05208289623,0.09961008281,-0.03579391167,0.01857630722,1
0.05208289623,0.1015801206,-0.03884094954,0.01920470223,1
0.05208289623,0.1035501584,-0.04186610505,0.01749631017,1
0.05208289623,0.1055201963,-0.04208256304,0.01092395186,1
0.05208289623,0.1074902341,-0.0429061763,0.008843149059,1
0.05208289623,0.1094602719,-0.03999416903,0.005154713057,1
0.05208289623,0.1114303172,-0.03053621016,-0.003802322084,1
0.05208289623,0.113400355,-0.02619390376,-0.007369566243,1
0.05208289623,0.1153703928,-0.01876338944,-0.009903528728,1
0.05208289623,0.1173404306,-0.01210672129,-0.005996572785,2
0.05405293778,0.04838907719,-0.01696185209,0.004766413011,2
0.05405293778,0.050359115,-0.01993275248,0.001205281704,1
0.05405293778,0.05232915282,-0.01447543502,0.000484873337,1
0.05405293778,0.05429919064,-0.01273629628,0.0005957245594,1
0.05405293778,0.05626922846,-0.01132494677,-0.0003930247331,1
0.05405293778,0.05823927,-0.01811158657,0.001755786594,1
0.05405293778,0.06020930782,-0.02597261779,0.003256902797,1
0.05405293778,0.06217934564,-0.02672374807,0.005195330828,1
0.05405293778,0.06414938718,-0.02734343708,0.01324377488,1
0.05405293778,0.066119425,-0.03117942996,0.01116312668,1
0.05405293778,0.06808946282,-0.03310304508,0.005541000515,1
0.05405293778,0.07005950063,-0.03591810912,0.002630624687,1
0.05405293778,0.07202953845,-0.04581969604,0.002560453722,1
0.05405293778,0.07399957627,-0.08336242288,0.0003020029108,1
0.05405293778,0.07596961409,-0.07339308411,0.007171960548,1
0.05405293778,0.07793965936,-0.06680881232,0.01179226022,1
0.05405293778,0.07990969718,-0.05521688983,0.01189549174,1
0.05405293778,0.08187973499,-0.04987498,0.009538161568,1
0.05405293778,0.08384977281,-0.0433858633,0.01096102968,1
0.05405293778,0.08581981063,-0.03653131053,0.01292386279,1
0.05405293778,0.08778984845,-0.02827055939,0.01470723841,1
0.05405293778,0.08975988626,-0.02499928512,0.01333412342,1
0.05405293778,0.09172992408,-0.0262369737,0.01552301645,1
0.05405293778,0.0936999619,-0.03036212176,0.01833624393,1
0.05405293778,0.09567000717,-0.02845398337,0.01678957231,1
0.05405293778,0.09764004499,-0.03058365732,0.02420686744,1
0.05405293778,0.09961008281,-0.03339888528,0.02476254292,1
0.05405293778,0.1015801206,-0.03643255308,0.02472556196,1
0.05405293778,0.1035501584,-0.03813357651,0.01736770757,1
0.05405293778,0.1055201963,-0.04192997888,0.009615081362,1
0.05405293778,0.1074902341,-0.04314250872,0.009700524621,1
0.05405293778,0.1094602719,-0.04035311565,0.008568165824,1
0.05405293778,0.1114303172,-0.0298769176,8.857312059e-05,1
0.05405293778,0.113400355,-0.0253386721,-0.003571475623,1
0.05405293778,0.1153703928,-0.01736466028,-0.004856495652,1
0.05405293778,0.1173404306,-0.005459033884,-0.004620705731,1
0.05602297559,0.04838907719,-0.01588944532,-0.0005488889292,1
0.05602297559,0.050359115,-0.01705631986,0.000375065254,1
0.05602297559,0.05232915282,-0.01237227488,0.001349700615,1
0.05602297559,0.05429919064,-0.01065056957,-0.0001106846976,1
0.05602297559,0.05626922846,-0.01489618327,-0.0006407706533,1
0.05602297559,0.05823927,-0.0175166782,0.002759091789,1
0.05602297559,0.06020930782,-0.02469689213,0.005236301571,1
0.05602297559,0.06217934564,-0.0209985394,0.008967297152,1
0.05602297559,0.06414938718,-0.02272317745,0.01079369243,2
0.05602297559,0.066119425,-0.02637840807,0.008175002411,1
0.05602297559,0.06808946282,-0.03540036082,0.00310209766,1
0.05602297559,0.07005950063,-0.04515303671,0.0008354278398,1
0.05602297559,0.07202953845,-0.06088523939,0.0004732232774,1
0.05602297559,0.07399957627,-0.06933584064,-0.001738523366,1
0.05602297559,0.07596961409,-0.06731982529,-0.001116480213,1
0.05602297559,0.07793965936,-0.05414264649,0.001801578328,1
0.05602297559,0.07990969718,-0.04274194688,0.0006989059621,1
0.05602297559,0.08187973499,-0.03994630277,0.0009182655485,1
0.05602297559,0.08384977281,-0.03765141219,0.003613502486,1
0.05602297559,0.08581981063,-0.03801060095,0.004983606748,1
0.05602297559,0.08778984845,-0.03351793066,0.00908149872,1
0.05602297559,0.08975988626,-0.02979988419,0.01198038366,1
0.05602297559,0.09172992408,-0.02975166962,0.01619600132,1
0.05602297559,0.0936999619,-0.03296226263,0.0145066129,1
0.05602297559,0.09567000717,-0.03084432147,0.01609085873,1
0.05602297559,0.09764004499,-0.02981827967,0.02123152278,1
0.05602297559,0.09961008281,-0.03231127188,0.02423773333,1
0.05602297559,0.1015801206,-0.03483333811,0.02579234727,1
0.05602297559,0.1035501584,-0.03970910236,0.01883834414,1
0.05602297559,0.1055201963,-0.04408083856,0.01238777861,1
0.05602297559,0.1074902341,-0.04413643479,0.01089272741,1
0.05602297559,0.1094602719,-0.03937026486,0.01210443117,1
0.05602297559,0.1114303172,-0.03403417021,0.01252054702,1
0.05602297559,0.113400355,-0.02884960361,0.0145208519,1
0.05602297559,0.1153703928,-0.02445683628,0.01526161097,1
0.05602297559,0.1173404306,-0.0114745833,0.003559961217,1
0.05799301341,0.04838907719,-0.008843141608,0.003460946027,1
0.05799301341,0.050359115,-0.01443123538,0.001526120584,1
0.05799301341,0.05232915282,-0.009557892568,-0.002783619799,1
0.05799301341,0.05429919064,-0.009964929894,-0.005460483022,1
0.05799301341,0.05626922846,-0.01502672024,-0.002667267574,1
0.05799301341,0.05823927,-0.01787360571,0.003038870869,1
0.05799301341,0.06020930782,-0.02588469535,0.004845845979,1
0.05799301341,0.06217934564,-0.01836969145,0.009940680116,1
0.05799301341,0.06414938718,-0.01617232524,0.01278869342,1
0.05799301341,0.066119425,-0.02438727953,0.003226438072,1
0.05799301341,0.06808946282,-0.03996085003,0.001322245458,2
0.05799301341,0.07005950063,-0.05605763197,9.445336218e-06,2
0.05799301341,0.07202953845,-0.0761378929,-0.001194561133,1
0.05799301341,0.07399957627,-0.08089266717,-0.007216491736,1
0.05799301341,0.07596961409,-0.07502716035,-0.007395768538,1
0.05799301341,0.07793965936,-0.05595589802,-0.004217957146,1
0.05799301341,0.07990969718,-0.03989558294,-0.004254080355,1
0.05799301341,0.08187973499,-0.03477628529,-7.899802586e-05,1
0.05799301341,0.08384977281,-0.03463862836,-0.001150021446,1
0.05799301341,0.08581981063,-0.03543372825,-0.001379188616,1
0.05799301341,0.08778984845,-0.0357699208,0.00245478726,1
0.05799301341,0.08975988626,-0.03683566302,0.007502493914,1
0.05799301341,0.09172992408,-0.03326973319,0.01233660243,1
0.05799301341,0.0936999619,-0.03635803983,0.01126208156,1
0.05799301341,0.09567000717,-0.03313027322,0.01257128362,1
0.05799301341,0.09764004499,-0.03154462576,0.01566342637,1
0.05799301341,0.09961008281,-0.03353750706,0.02127732337,1
0.05799301341,0.1015801206,-0.03516177833,0.02518667467,1
0.05799301341,0.1035501584,-0.03938316554,0.02221861109,1
0.05799301341,0.1055201963,-0.04261934757,0.01500329003,1
0.05799301341,0.1074902341,-0.04249272868,0.01316979248,1
0.05799301341,0.1094602719,-0.03736196458,0.01552571915,1
0.05799301341,0.1114303172,-0.03169996291,0.01662012935,1
0.05799301341,0.113400355,-0.02717333473,0.01709747128,1
0.05799301341,0.1153703928,-0.02578417771,0.01325065829,1
0.05799301341,0.1173404306,-0.02029824629,0.008156225085,1
0.05996305123,0.04838907719,-0.007650865708,0.002931731986,1
0.05996305123,0.050359115,-0.01550184656,-5.562186197e-05,1
0.05996305123,0.05232915282,-0.009650955908,-0.003107920056,1
0.05996305123,0.05429919064,-0.01418401022,-0.00427340297,1
0.05996305123,0.05626922846,-0.01691657677,-0.002045515459,1
0.05996305123,0.05823927,-0.01806979254,0.002411334775,1
0.05996305123,0.06020930782,-0.01432599314,0.008514884859,1
0.05996305123,0.06217934564,-0.01760889404,0.009847905487,1
0.05996305123,0.06414938718,-0.01765324548,0.009742585011,1
0.05996305123,0.066119425,-0.02573174238,-0.001946116216,1
0.05996305123,0.06808946282,-0.04399811849,-0.001048999256,2
0.05996305123,0.07005950063,-0.06297875196,-0.0009253308526,1
0.05996305123,0.07202953845,-0.0793351233,-0.001002622535,1
0.05996305123,0.07399957627,-0.08049634844,-0.007598510943,2
0.05996305123,0.07596961409,-0.08087743074,-0.0126683116,1
0.05996305123,0.07793965936,-0.07767473906,-0.009908730164,1
0.05996305123,0.07990969718,-0.05110692978,-0.01315226313,1
0.05996305123,0.08187973499,-0.03795743734,-0.01162708364,1
0.05996305123,0.08384977281,-0.03306946903,-0.002386524575,1
0.05996305123,0.08581981063,-0.03154513985,-0.004361781292,1
0.05996305123,0.08778984845,-0.03357871249,-0.002035686281,1
0.05996305123,0.08975988626,-0.04182770848,0.01261120755,1
0.05996305123,0.09172992408,-0.0386274308,0.01317436062,1
0.05996305123,0.0936999619,-0.03677022085,0.01338548772,1
0.05996305123,0.09567000717,-0.0382983014,0.007491440978,1
0.05996305123,0.09764004499,-0.03722791746,0.0113390116,1
0.05996305123,0.09961008281,-0.03522011265,0.01895901747,1
0.05996305123,0.1015801206,-0.03437269107,0.02084018476,1
0.05996305123,0.1035501584,-0.03614079207,0.01913499832,1
0.05996305123,0.1055201963,-0.03696912527,0.01757442951,1
0.05996305123,0.1074902341,-0.0384115316,0.01695086248,1
0.05996305123,0.1094602719,-0.03439733386,0.01724932343,1
0.05996305123,0.1114303172,-0.03075741418,0.01504032873,1
0.05996305123,0.113400355,-0.0290738754,0.012885754,1
0.05996305123,0.1153703928,-0.0281156376,0.0106964279,1
0.05996305123,0.1173404306,-0.01960963942,0.008082054555,1
0.06193309277,0.04838907719,-0.01043646317,0.001145064132,1
0.06193309277,0.050359115,-0.01408053562,-0.0009848980699,1
0.06193309277,0.05232915282,-0.01660812274,-0.00137703435,1
0.06193309277,0.05429919064,-0.01657894626,-0.001532585477,1
0.06193309277,0.05626922846,-0.01621574722,-0.0009258323116,1
0.06193309277,0.05823927,-0.01619716361,0.002799076494,1
0.06193309277,0.06020930782,-0.01632880233,0.009531535208,1
0.06193309277,0.06217934564,-0.01723522879,0.01048471313,1
0.06193309277,0.06414938718,-0.01694676094,0.01070508175,1
0.06193309277,0.066119425,-0.02418328635,0.006152196322,1
0.06193309277,0.06808946282,-0.04732113332,-0.002646795008,1
0.06193309277,0.07005950063,-0.06604082137,0.004327666014,1
0.06193309277,0.07202953845,-0.07904390246,-0.004252897575,1
0.06193309277,0.07399957627,-0.08088018745,-0.009506616741,1
0.06193309277,0.07596961409,-0.07982137054,-0.009967075661,1
0.06193309277,0.07793965936,-0.07701127231,-0.01127303205,1
0.06193309277,0.07990969718,-0.05887205899,-0.01306773908,1
0.06193309277,0.08187973499,-0.04439207539,-0.00931324251,2
0.06193309277,0.08384977281,-0.03722914308,-0.003710509511,1
0.06193309277,0.08581981063,-0.04174331576,0.0009691971936,1
0.06193309277,0.08778984845,-0.04759787768,0.003857149277,1
0.06193309277,0.08975988626,-0.04749561101,0.008079446852,1
0.06193309277,0.09172992408,-0.04416215047,0.009671679698,1
0.06193309277,0.0936999619,-0.04029610753,0.0114101572,1
0.06193309277,0.09567000717,-0.04794387147,0.01302012056,1
0.06193309277,0.09764004499,-0.04460741952,0.01450617705,1
0.06193309277,0.09961008281,-0.03826183453,0.01539683901,1
0.06193309277,0.1015801206,-0.03424636647,0.01559445076,1
0.06193309277,0.1035501584,-0.03033008985,0.01632203162,1
0.06193309277,0.1055201963,-0.02718710527,0.0175985992,1
0.06193309277,0.1074902341,-0.02954189852,0.008137713186,1
0.06193309277,0.1094602719,-0.03139593452,0.01655773073,1
0.06193309277,0.1114303172,-0.03067678958,0.01402382925,1
0.06193309277,0.113400355,-0.02985134907,0.01090140175,1
0.06193309277,0.1153703928,-0.02722337656,0.008387224749,1
0.06193309277,0.1173404306,-0.01536387205,0.007780267391,1
0.06390313059,0.04838907719,-0.01183754671,0.003361247247,1
0.06390313059,0.050359115,-0.01303177327,0.0006248028949,1
0.06390313059,0.05232915282,-0.0165081881,8.794142923e-05,1
0.06390313059,0.05429919064,-0.01550305821,0.0004727883206,1
0.06390313059,0.05626922846,-0.01394319162,0.0006252190215,1
0.06390313059,0.05823927,-0.01409825124,0.004435877781,1
0.06390313059,0.06020930782,-0.01378568541,0.00877974648,1
0.06390313059,0.06217934564,-0.01525188796,0.01016181149,1
0.06390313059,0.06414938718,-0.01771856844,0.008888923563,1
0.06390313059,0.066119425,-0.03408065438,0.01220569201,1
0.06390313059,0.06808946282,-0.05446150154,0.008583967574,1
0.06390313059,0.07005950063,-0.06729888171,0.00346019771,2
0.06390313059,0.07202953845,-0.07829201221,-0.001829535584,1
0.06390313059,0.07399957627,-0.07830370963,-0.006075079553,1
0.06390313059,0.07596961409,-0.07957535982,-0.009542169049,1
0.06390313059,0.07793965936,-0.08476335555,-0.008368791081,1
0.06390313059,0.07990969718,-0.07272679359,-0.004426615313,1
0.06390313059,0.08187973499,-0.04350966588,-0.008847636171,1
0.06390313059,0.08384977281,-0.04535262287,-0.003765214467,1
0.06390313059,0.08581981063,-0.04702431709,-0.0003793522483,1
0.06390313059,0.08778984845,-0.05192928016,-0.0007126745186,1
0.06390313059,0.08975988626,-0.05463917926,-8.064760186e-05,1
0.06390313059,0.09172992408,-0.05307669565,0.004297123756,1
0.06390313059,0.0936999619,-0.04924072325,0.008994789794,1
0.06390313059,0.09567000717,-0.05078255758,0.01186677627,1
0.06390313059,0.09764004499,-0.0474963598,0.0131052332,1
0.06390313059,0.09961008281,-0.04235544428,0.01078442577,1
0.06390313059,0.1015801206,-0.03592648357,0.009438460693,1
0.06390313059,0.1035501584,-0.02594402805,0.01457996573,1
0.06390313059,0.1055201963,-0.02094303258,0.01826649159,1
0.06390313059,0.1074902341,-0.02392681502,0.01585258171,1
0.06390313059,0.1094602719,-0.02739798836,0.01278810948,1
0.06390313059,0.1114303172,-0.02940467,0.009654852562,1
0.06390313059,0.113400355,-0.03121132962,0.005975924432,1
0.06390313059,0.1153703928,-0.02272455394,0.001898323535,1
0.06390313059,0.1173404306,-0.01843875833,0.003945447039,2
0.06587316841,0.04838907719,-0.0125296507,0.009014517069,1
0.06587316841,0.050359115,-0.01455674227,0.006088487338,1
0.06587316841,0.05232915282,-0.01553264074,0.002513707848,1
0.06587316841,0.05429919064,-0.01456325687,0.002142472891,1
0.06587316841,0.05626922846,-0.01361874864,0.001527096378,1
0.06587316841,0.05823927,-0.01270501968,0.003139818553,1
0.06587316841,0.06020930782,-0.01206836104,0.00726883579,1
0.06587316841,0.06217934564,-0.0150262583,0.008530362509,1
0.06587316841,0.06414938718,-0.02420405857,0.003999904729,1
0.06587316841,0.066119425,-0.04344758391,0.007549771108,1
0.06587316841,0.06808946282,-0.06230841205,0.007027181797,1
0.06587316841,0.07005950063,-0.07040119916,0.00275869295,2
0.06587316841,0.07202953845,-0.08164716512,0.004386154469,1
0.06587316841,0.07399957627,-0.07838883251,-0.002269173507,1
0.06587316841,0.07596961409,-0.07607726008,-0.01118504349,1
0.06587316841,0.07793965936,-0.07836421579,-0.009355518036,1
0.06587316841,0.07990969718,-0.07239545137,-0.005218244623,1
0.06587316841,0.08187973499,-0.05237178132,-0.004300049506,1
0.06587316841,0.08384977281,-0.04659936577,0.003382126568,1
0.06587316841,0.08581981063,-0.05124190077,0.001800921978,1
0.06587316841,0.08778984845,-0.05731837824,0.002131033456,1
0.06587316841,0.08975988626,-0.05962098017,0.002733714413,1
0.06587316841,0.09172992408,-0.05865749344,0.005980656482,1
0.06587316841,0.0936999619,-0.05390353128,0.008666091599,1
0.06587316841,0.09567000717,-0.04886585847,0.006213020068,1
0.06587316841,0.09764004499,-0.04897738248,0.006776723545,1
0.06587316841,0.09961008281,-0.04318423942,0.007660080213,1
0.06587316841,0.1015801206,-0.03435207903,0.007573291659,1
0.06587316841,0.1035501584,-0.02509138361,0.01389226038,1
0.06587316841,0.1055201963,-0.02165641822,0.01509843674,1
0.06587316841,0.1074902341,-0.02331157401,0.01400878746,1
0.06587316841,0.1094602719,-0.02411940694,0.003624002216,1
0.06587316841,0.1114303172,-0.02784634195,0.001023020013,1
0.06587316841,0.113400355,-0.02626008354,0.003085108707,1
0.06587316841,0.1153703928,-0.0182430502,0.0009342486737,1
0.06587316841,0.1173404306,-0.01722784899,0.002157749841,2
0.06784320623,0.04838907719,-0.01236996707,0.01003074553,1
0.06784320623,0.050359115,-0.01183086727,0.008586061187,1
0.06784320623,0.05232915282,-0.00906416215,0.006641545799,1
0.06784320623,0.05429919064,-0.01403544936,0.003350319574,1
0.06784320623,0.05626922846,-0.01342666522,0.00298315566,1
0.06784320623,0.05823927,-0.01266217791,0.003751194105,1
0.06784320623,0.06020930782,-0.01086547412,0.008619020693,1
0.06784320623,0.06217934564,-0.01637347601,0.005530673079,1
0.06784320623,0.06414938718,-0.02743589878,0.0004591424658,1
0.06784320623,0.066119425,-0.04436459765,-0.003579967422,1
0.06784320623,0.06808946282,-0.0639339909,-0.0007131532184,1
0.06784320623,0.07005950063,-0.07035031915,-0.003838762641,1
0.06784320623,0.07202953845,-0.07824248075,-0.0008065471193,1
0.06784320623,0.07399957627,-0.07994113863,-0.002492656466,1
0.06784320623,0.07596961409,-0.07421366125,-0.007874300703,1
0.06784320623,0.07793965936,-0.07260998338,-0.006949470844,1
0.06784320623,0.07990969718,-0.0664518401,-0.004021239467,1
0.06784320623,0.08187973499,-0.06002016738,-0.0009896126576,1
0.06784320623,0.08384977281,-0.05428468436,0.002704186132,1
0.06784320623,0.08581981063,-0.05804166943,0.00334845949,1
0.06784320623,0.08778984845,-0.06127082929,0.001426313422,1
0.06784320623,0.08975988626,-0.06135924533,-7.48221355e-05,1
0.06784320623,0.09172992408,-0.0626521185,0.001237832708,1
0.06784320623,0.0936999619,-0.0617509149,0.002227215795,1
0.06784320623,0.09567000717,-0.04794919118,0.002476793248,1
0.06784320623,0.09764004499,-0.04838676006,0.003054177621,1
0.06784320623,0.09961008281,-0.03954409808,0.005360865034,1
0.06784320623,0.1015801206,-0.02814814448,0.009650734253,1
0.06784320623,0.1035501584,-0.01903971471,0.0109717641,1
0.06784320623,0.1055201963,-0.01759812795,0.01040360611,1
0.06784320623,0.1074902341,-0.02314646915,0.01020153426,1
0.06784320623,0.1094602719,-0.02890015207,-0.0003321496479,1
0.06784320623,0.1114303172,-0.03108952381,0.007068919949,1
0.06784320623,0.113400355,-0.02794267982,0.005408909637,1
0.06784320623,0.1153703928,-0.02123753168,0.00207677763,1
0.06784320623,0.1173404306,-0.01500173938,0.001593553461,1
0.06981324404,0.04838907719,-0.008276250213,0.009626840241,1
0.06981324404,0.050359115,-0.01178030763,0.003245067783,1
0.06981324404,0.05232915282,-0.01069110259,0.003632311709,1
0.06981324404,0.05429919064,-0.01058135927,0.003756595077,1
0.06981324404,0.05626922846,-0.01108637732,0.004502788652,1
0.06981324404,0.05823927,-0.01139762625,0.005325713661,1
0.06981324404,0.06020930782,-0.01066780556,0.004547759891,1
0.06981324404,0.06217934564,-0.0149183888,0.002895920072,1
0.06981324404,0.06414938718,-0.0277096387,0.000584958645,1
0.06981324404,0.066119425,-0.04857610166,0.007463536225,1
0.06981324404,0.06808946282,-0.06202281639,0.0003948250087,1
0.06981324404,0.07005950063,-0.06770732999,-0.006856238469,1
0.06981324404,0.07202953845,-0.07436934114,-0.008529008366,1
0.06981324404,0.07399957627,-0.07671945542,-0.008746759035,1
0.06981324404,0.07596961409,-0.0748469308,-0.005187214818,1
0.06981324404,0.07793965936,-0.07367577404,-0.004612138029,1
0.06981324404,0.07990969718,-0.06989011914,-0.003421222093,1
0.06981324404,0.08187973499,-0.06405670941,-0.002440725686,1
0.06981324404,0.08384977281,-0.0590864867,7.982479292e-05,1
0.06981324404,0.08581981063,-0.06134425104,0.001393314335,1
0.06981324404,0.08778984845,-0.0639417842,-0.003088411875,1
0.06981324404,0.08975988626,-0.06234547868,-0.005688147619,1
0.06981324404,0.09172992408,-0.06300415844,-0.004176555201,1
0.06981324404,0.0936999619,-0.0641893968,-0.003548061242,1
0.06981324404,0.09567000717,-0.05988275632,0.001414370607,1
0.06981324404,0.09764004499,-0.0515733622,0.0004625589645,1
0.06981324404,0.09961008281,-0.04109258577,0.004569728859,1
0.06981324404,0.1015801206,-0.03319898248,0.01174256019,1
0.06981324404,0.1035501584,-0.01952998713,0.006153442431,1
0.06981324404,0.1055201963,-0.01536657754,0.005702691153,1
0.06981324404,0.1074902341,-0.01759385876,0.00485625118,1
0.06981324404,0.1094602719,-0.02156419493,0.005489855073,1
0.06981324404,0.1114303172,-0.02939189784,0.01217513904,1
0.06981324404,0.113400355,-0.02922280319,0.009868392721,1
0.06981324404,0.1153703928,-0.02713531442,0.0053036795,1
0.06981324404,0.1173404306,-0.0245138444,0.001881689532,1
0.07178328186,0.04838907719,-0.01387865469,0.004592137877,1
0.07178328186,0.050359115,-0.01106775459,0.002965171589,1
0.07178328186,0.05232915282,-0.008289425634,0.004871284589,1
0.07178328186,0.05429919064,-0.007589130197,0.00497254869,1
0.07178328186,0.05626922846,-0.009660626762,0.004580559209,1
0.07178328186,0.05823927,-0.009645359591,0.004003183451,1
0.07178328186,0.06020930782,-0.00908873789,0.001003657933,1
0.07178328186,0.06217934564,-0.01463904791,-0.0009044551407,1
0.07178328186,0.06414938718,-0.04525399953,-0.005466529168,1
0.07178328186,0.066119425,-0.06445616484,-0.003115294967,1
0.07178328186,0.06808946282,-0.06171059236,-0.002479336224,1
0.07178328186,0.07005950063,-0.06536383182,-0.009067564271,1
0.07178328186,0.07202953845,-0.06627386063,-0.009309709072,1
0.07178328186,0.07399957627,-0.07042065263,-0.01021480002,1
0.07178328186,0.07596961409,-0.074798204,-0.006889059674,1
0.07178328186,0.07793965936,-0.06911927462,-0.005502621643,1
0.07178328186,0.07990969718,-0.06394647807,-0.00585101312,1
0.07178328186,0.08187973499,-0.06685394049,-0.004846306052,1
0.07178328186,0.08384977281,-0.06359695643,-0.004441589117,1
0.07178328186,0.08581981063,-0.06149000674,-0.005523309112,1
0.07178328186,0.08778984845,-0.06271787733,-0.002997740405,1
0.07178328186,0.08975988626,-0.06257134676,-0.005267303903,1
0.07178328186,0.09172992408,-0.06579408795,-0.002797282999,1
0.07178328186,0.0936999619,-0.06592642516,-0.001362177311,1
0.07178328186,0.09567000717,-0.06223870069,0.0006068450166,1
0.07178328186,0.09764004499,-0.05418603867,0.000321075815,1
0.07178328186,0.09961008281,-0.04342745617,0.003288565204,1
0.07178328186,0.1015801206,-0.03694610298,0.006985437125,1
0.07178328186,0.1035501584,-0.02002453618,0.005272797775,1
0.07178328186,0.1055201963,-0.0164871905,0.005329066422,1
0.07178328186,0.1074902341,-0.01572725736,0.004873523023,1
0.07178328186,0.1094602719,-0.02153164521,0.004938562401,1
0.07178328186,0.1114303172,-0.02659880742,0.007769778371,1
0.07178328186,0.113400355,-0.02225626819,0.006998855155,1
0.07178328186,0.1153703928,-0.02395298332,0.006265284959,1
0.07178328186,0.1173404306,-0.02355552837,0.00335734128,1
0.07375332713,0.04838907719,-0.002528389683,0.004163325764,1
0.07375332713,0.050359115,-0.006883933675,0.005494573154,1
0.07375332713,0.05232915282,-0.007249468472,0.005322418641,1
0.07375332713,0.05429919064,-0.005275539588,0.004923776723,1
0.07375332713,0.05626922846,-0.006059557665,0.004294826649,1
0.07375332713,0.05823927,-0.006440343335,0.002835455583,1
0.07375332713,0.06020930782,-0.009597853757,-0.0001680155838,1
0.07375332713,0.06217934564,-0.02428614907,-0.005095050205,1
0.07375332713,0.06414938718,-0.05119277909,-0.008454724215,1
0.07375332713,0.066119425,-0.06613950431,-0.01030497067,1
0.07375332713,0.06808946282,-0.06334684044,-0.01661694422,1
0.07375332713,0.07005950063,-0.07145270705,-0.01235773042,1
0.07375332713,0.07202953845,-0.06276177615,-0.005498026963,1
0.07375332713,0.07399957627,-0.06618738174,-0.007548361085,1
0.07375332713,0.07596961409,-0.07035124302,-0.01000393089,1
0.07375332713,0.07793965936,-0.06471218169,-0.006740699057,1
0.07375332713,0.07990969718,-0.0610929653,-0.01069363486,1
0.07375332713,0.08187973499,-0.06485110521,-0.007528087124,1
0.07375332713,0.08384977281,-0.06447783113,-0.006714494433,1
0.07375332713,0.08581981063,-0.06365289539,-0.004494013265,1
0.07375332713,0.08778984845,-0.0614306666,0.0006525164936,1
0.07375332713,0.08975988626,-0.0607612133,0.003931788262,1
0.07375332713,0.09172992408,-0.0669638589,0.00135840592,1
0.07375332713,0.0936999619,-0.06784634292,-0.0002106157917,1
0.07375332713,0.09567000717,-0.06433233619,-0.0006224457757,1
0.07375332713,0.09764004499,-0.05196289346,0.0014874388,1
0.07375332713,0.09961008281,-0.04318006337,0.004660675302,1
0.07375332713,0.1015801206,-0.03915025294,0.00474805804,1
0.07375332713,0.1035501584,-0.02728397772,0.003735856153,1
0.07375332713,0.1055201963,-0.01808068156,0.005448365584,1
0.07375332713,0.1074902341,-0.01575682685,0.005678997375,1
0.07375332713,0.1094602719,-0.02223972604,0.005311185028,1
0.07375332713,0.1114303172,-0.02283141389,0.005747147836,1
0.07375332713,0.113400355,-0.01873507537,0.006948270369,1
0.07375332713,0.1153703928,-0.02126410231,0.00833865907,1
0.07375332713,0.1173404306,-0.01859397255,0.004429379944,1
0.07572336495,0.04838907719,-0.001909578219,0.005504836794,2
0.07572336495,0.050359115,-0.001897409442,0.005990774836,1
0.07572336495,0.05232915282,-0.006317253225,0.003727828851,1
0.07572336495,0.05429919064,-0.003903451841,0.002502773656,1
0.07572336495,0.05626922846,-0.005576734431,0.003451723373,1
0.07572336495,0.05823927,-0.004143726546,0.002430978231,1
0.07572336495,0.06020930782,-0.01045535505,3.517009827e-05,1
0.07572336495,0.06217934564,-0.03506156057,-0.002318019746,1
0.07572336495,0.06414938718,-0.04968947172,-0.00948904641,2
0.07572336495,0.066119425,-0.05982270092,-0.0158257708,2
0.07572336495,0.06808946282,-0.0651909709,-0.02265538462,1
0.07572336495,0.07005950063,-0.06465152651,-0.008805272169,1
0.07572336495,0.07202953845,-0.06558296829,-0.006304132286,1
0.07572336495,0.07399957627,-0.07045546919,-0.004201444797,1
0.07572336495,0.07596961409,-0.06956018507,-0.003946373239,1
0.07572336495,0.07793965936,-0.06926236302,-0.003442216897,1
0.07572336495,0.07990969718,-0.06686390191,-0.00330505101,1
0.07572336495,0.08187973499,-0.06618015468,-0.006797486451,1
0.07572336495,0.08384977281,-0.0671852082,-0.009803169407,1
0.07572336495,0.08581981063,-0.06370645761,-0.00637097517,1
0.07572336495,0.08778984845,-0.06195250526,4.716901822e-05,1
0.07572336495,0.08975988626,-0.06219228357,0.006493865512,1
0.07572336495,0.09172992408,-0.06398485601,0.007047852967,1
0.07572336495,0.0936999619,-0.06756236404,0.004732074682,1
0.07572336495,0.09567000717,-0.06357040256,0.002884797985,1
0.07572336495,0.09764004499,-0.04414416105,0.004422378261,1
0.07572336495,0.09961008281,-0.04243648797,0.007208232302,1
0.07572336495,0.1015801206,-0.03940545022,0.00400889758,1
0.07572336495,0.1035501584,-0.03185359389,0.002874798607,1
0.07572336495,0.1055201963,-0.02316197939,0.004754639231,2
0.07572336495,0.1074902341,-0.01627643779,0.005450556986,2
0.07572336495,0.1094602719,-0.01079788897,0.00570677314,1
0.07572336495,0.1114303172,-0.01649388112,0.008247724734,1
0.07572336495,0.113400355,-0.01661532,0.007931507193,1
0.07572336495,0.1153703928,-0.01605625823,0.00826258678,1
0.07572336495,0.1173404306,-0.01409981586,0.001702664769,1
0.07769340277,0.04838907719,-0.001302935532,0.006360409781,2
0.07769340277,0.050359115,-0.002932845615,0.005803133827,1
0.07769340277,0.05232915282,-0.007765012793,0.003814053489,1
0.07769340277,0.05429919064,-0.004514609929,0.005253991112,1
0.07769340277,0.05626922846,-0.004952748772,0.002681509126,1
0.07769340277,0.05823927,-0.004641169216,0.00126385258,1
0.07769340277,0.06020930782,-0.01609438471,-0.003154930193,1
0.07769340277,0.06217934564,-0.04023301974,-0.00997986272,1
0.07769340277,0.06414938718,-0.05268085003,-0.01135767251,1
0.07769340277,0.066119425,-0.05827085301,-0.02085367404,1
0.07769340277,0.06808946282,-0.06128852069,-0.02171438374,1
0.07769340277,0.07005950063,-0.06534858793,-0.01290121581,1
0.07769340277,0.07202953845,-0.07069271803,-0.01090122946,1
0.07769340277,0.07399957627,-0.07421674579,-0.005943951663,1
0.07769340277,0.07596961409,-0.0744471401,-0.0003422628506,1
0.07769340277,0.07793965936,-0.06813447922,0.0001187163434,1
0.07769340277,0.07990969718,-0.06383185089,-0.001694947132,1
0.07769340277,0.08187973499,-0.06408724934,-0.006529270206,1
0.07769340277,0.08384977281,-0.06528283656,-0.009946167469,1
0.07769340277,0.08581981063,-0.06483966857,-0.006541701965,1
0.07769340277,0.08778984845,-0.06222771853,-0.000757549773,1
0.07769340277,0.08975988626,-0.06041276082,0.006813746877,1
0.07769340277,0.09172992408,-0.0632071197,0.01053011511,1
0.07769340277,0.0936999619,-0.06655621529,0.01311869454,1
0.07769340277,0.09567000717,-0.06537783146,0.01037472207,1
0.07769340277,0.09764004499,-0.04944584891,0.003428551368,1
0.07769340277,0.09961008281,-0.04242299125,0.002946206136,1
0.07769340277,0.1015801206,-0.03710085899,0.002824452473,1
0.07769340277,0.1035501584,-0.03555874527,-0.001137511572,1
0.07769340277,0.1055201963,-0.02643720806,0.005244835746,1
0.07769340277,0.1074902341,-0.01538905874,0.005661819596,1
0.07769340277,0.1094602719,-0.01501714345,0.006240698509,1
0.07769340277,0.1114303172,-0.01474632416,0.008569080383,1
0.07769340277,0.113400355,-0.01455583517,0.008546411991,1
0.07769340277,0.1153703928,-0.01189708058,0.003802869469,1
0.07769340277,0.1173404306,-0.006669030059,-0.003308760002,1
0.07966344059,0.04838907719,0.000933617237,0.007773258723,1
0.07966344059,0.050359115,-0.00492252456,0.006773876026,1
0.07966344059,0.05232915282,-0.005596819799,0.004792070016,1
0.07966344059,0.05429919064,-0.003416555934,0.004460771102,1
0.07966344059,0.05626922846,-0.003728575306,0.001424263348,1
0.07966344059,0.05823927,-0.007130306214,-0.00175909372,1
0.07966344059,0.06020930782,-0.02196321636,-0.006387419533,1
0.07966344059,0.06217934564,-0.04100439325,-0.01024857629,1
0.07966344059,0.06414938718,-0.05149998143,-0.008424311876,1
0.07966344059,0.066119425,-0.05690676346,-0.005464367103,1
0.07966344059,0.06808946282,-0.06074002758,-0.009986533783,1
0.07966344059,0.07005950063,-0.06496441364,-0.01435901597,1
0.07966344059,0.07202953845,-0.06814449281,-0.008813698776,1
0.07966344059,0.07399957627,-0.07560422271,-0.002841394395,1
0.07966344059,0.07596961409,-0.07245031744,-0.0001353850093,2
0.07966344059,0.07793965936,-0.06785090268,0.0005993560771,1
0.07966344059,0.07990969718,-0.05802287161,-0.002235546941,1
0.07966344059,0.08187973499,-0.05949695036,-0.00685240468,1
0.07966344059,0.08384977281,-0.06226868927,-0.008358708583,1
0.07966344059,0.08581981063,-0.06598833948,-0.006129438989,1
0.07966344059,0.08778984845,-0.06421754509,-0.0004684172454,1
0.07966344059,0.08975988626,-0.06141722947,0.008786493912,1
0.07966344059,0.09172992408,-0.06566230208,0.01617667824,1
0.07966344059,0.0936999619,-0.06933693588,0.02217848413,1
0.07966344059,0.09567000717,-0.0655298382,0.01804394834,1
0.07966344059,0.09764004499,-0.05828495696,0.01220713556,1
0.07966344059,0.09961008281,-0.05145582929,0.009785256349,1
0.07966344059,0.1015801206,-0.03720426187,-0.001422884874,1
0.07966344059,0.1035501584,-0.03481394053,-0.004863038659,1
0.07966344059,0.1055201963,-0.02987038344,-0.004072418436,1
0.07966344059,0.1074902341,-0.02200873941,0.005420338362,1
0.07966344059,0.1094602719,-0.01704868115,0.007270084228,1
0.07966344059,0.1114303172,-0.01394912414,0.008941588923,1
0.07966344059,0.113400355,-0.01265927684,0.01234416384,1
0.07966344059,0.1153703928,-0.007033689413,0.001065734075,1
0.07966344059,0.1173404306,-0.0008085148293,-0.007723456249,1
0.0816334784,0.04838907719,0.002187915146,0.004071142059,1
0.0816334784,0.050359115,-0.002456217771,0.006113989279,1
0.0816334784,0.05232915282,-0.003652194515,0.006528444123,1
0.0816334784,0.05429919064,-0.003141400171,0.004707328044,1
0.0816334784,0.05626922846,-0.003521864302,0.002193381544,1
0.0816334784,0.05823927,-0.01180346496,-0.002799010137,2
0.0816334784,0.06020930782,-0.02626715973,-0.008617877029,1
0.0816334784,0.06217934564,-0.04168317467,-0.006584144663,1
0.0816334784,0.06414938718,-0.05977700651,-0.004276531283,1
0.0816334784,0.066119425,-0.05993914977,0.001677124295,2
0.0816334784,0.06808946282,-0.0620248504,0.007647444028,1
0.0816334784,0.07005950063,-0.05863540247,-0.002441909164,1
0.0816334784,0.07202953845,-0.06659338623,-0.003698049346,1
0.0816334784,0.07399957627,-0.07652758807,0.0001359717862,1
0.0816334784,0.07596961409,-0.07189900428,0.002042761073,2
0.0816334784,0.07793965936,-0.06816866249,0.008605447598,1
0.0816334784,0.07990969718,-0.06231660396,0.001817597542,1
0.0816334784,0.08187973499,-0.05931102857,-0.006481031422,1
0.0816334784,0.08384977281,-0.06240466237,-0.007915993221,1
0.0816334784,0.08581981063,-0.06325467676,-0.006669005845,1
0.0816334784,0.08778984845,-0.06505667418,-0.002664949046,1
0.0816334784,0.08975988626,-0.06800527871,0.003180899657,1
0.0816334784,0.09172992408,-0.06708538532,0.01127006207,1
0.0816334784,0.0936999619,-0.06133036315,0.009401171468,1
0.0816334784,0.09567000717,-0.06035485864,0.0118842395,1
0.0816334784,0.09764004499,-0.06073162705,0.01884291507,1
0.0816334784,0.09961008281,-0.04558907822,0.010984906,2
0.0816334784,0.1015801206,-0.03556766361,-0.0004179955286,1
0.0816334784,0.1035501584,-0.03416392952,-0.00485721929,1
0.0816334784,0.1055201963,-0.03219205141,-0.003757229075,1
0.0816334784,0.1074902341,-0.0246850457,0.004052422941,1
0.0816334784,0.1094602719,-0.01658779569,0.005037155002,1
0.0816334784,0.1114303172,-0.01275115181,0.004726680461,1
0.0816334784,0.113400355,-0.0080467714,0.003754671663,1
0.0816334784,0.1153703928,-0.002254291205,0.001150330063,1
0.0816334784,0.1173404306,0.00362724578,-0.001551163965,1
0.08360351622,0.04838907719,0.003424914787,0.0008529027109,1
0.08360351622,0.050359115,-0.00197776244,0.005172311794,1
0.08360351622,0.05232915282,-0.003442864167,0.00677977968,1
0.08360351622,0.05429919064,-0.00252387207,0.005254587159,1
0.08360351622,0.05626922846,-0.002501362236,0.003343246877,1
0.08360351622,0.05823927,-0.01029453054,-0.003012451809,1
0.08360351622,0.06020930782,-0.026249066,-0.004902053159,1
0.08360351622,0.06217934564,-0.05066316202,-0.005269327201,1
0.08360351622,0.06414938718,-0.05820594355,0.002594240243,2
0.08360351622,0.066119425,-0.0610479787,0.008801951073,1
0.08360351622,0.06808946282,-0.05904408172,0.01262964215,1
0.08360351622,0.07005950063,-0.06151651964,0.008231811225,1
0.08360351622,0.07202953845,-0.06658350676,0.004716292955,1
0.08360351622,0.07399957627,-0.0687256828,0.001065713819,1
0.08360351622,0.07596961409,-0.07044944912,-0.0004349896335,2
0.08360351622,0.07793965936,-0.06739748269,0.00500028627,1
0.08360351622,0.07990969718,-0.06777258962,-0.007409562822,1
0.08360351622,0.08187973499,-0.06331794709,-0.007137858775,2
0.08360351622,0.08384977281,-0.06019223109,-0.001474343473,1
0.08360351622,0.08581981063,-0.06084061787,-0.00377271953,1
0.08360351622,0.08778984845,-0.06380905211,-0.004876721185,1
0.08360351622,0.08975988626,-0.06414728612,-0.0007738130516,1
0.08360351622,0.09172992408,-0.0624666512,0.008001239039,1
0.08360351622,0.0936999619,-0.06207724288,0.0137249995,1
0.08360351622,0.09567000717,-0.06434690952,0.01511962246,1
0.08360351622,0.09764004499,-0.05719967932,0.01346177794,1
0.08360351622,0.09961008281,-0.03460119665,0.01572944783,1
0.08360351622,0.1015801206,-0.0303757973,0.004113021772,1
0.08360351622,0.1035501584,-0.03103366494,0.003790252842,1
0.08360351622,0.1055201963,-0.02949242294,0.003136546584,1
0.08360351622,0.1074902341,-0.02527594194,-0.003330104984,1
0.08360351622,0.1094602719,-0.01338750031,-0.007318567485,1
0.08360351622,0.1114303172,-0.006394627038,-0.002556999912,1
0.08360351622,0.113400355,-0.00705776969,-0.003499391256,1
0.08360351622,0.1153703928,-0.0004028463154,-0.001141504734,1
0.08360351622,0.1173404306,0.002591317287,0.004928144161,1
0.08557355404,0.04838907719,-0.01923522912,0.003337437287,1
0.08557355404,0.050359115,-0.002705550054,0.004384011962,1
0.08557355404,0.05232915282,0.001571300556,0.004065592773,1
0.08557355404,0.05429919064,0.002022420289,0.004485344514,1
0.08557355404,0.05626922846,-0.003098732326,0.005056807306,1
0.08557355404,0.05823927,-0.008012378588,0.005740129855,1
0.08557355404,0.06020930782,-0.01802895777,0.01061678492,1
0.08557355404,0.06217934564,-0.0454929769,0.01243132725,1
0.08557355404,0.06414938718,-0.06133562699,0.01112086792,1
0.08557355404,0.066119425,-0.05802009627,0.008408559486,1
0.08557355404,0.06808946282,-0.05515716225,0.008744750172,1
0.08557355404,0.07005950063,-0.06128676608,0.007439111825,1
0.08557355404,0.07202953845,-0.06406592578,0.003280040575,1
0.08557355404,0.07399957627,-0.0670170784,-0.007334280759,1
0.08557355404,0.07596961409,-0.07377564162,-0.009848719463,1
0.08557355404,0.07793965936,-0.07006433606,-0.004927989095,1
0.08557355404,0.07990969718,-0.06768862158,-0.01087232959,1
0.08557355404,0.08187973499,-0.06599593163,-0.01318649668,1
0.08557355404,0.08384977281,-0.05921327695,-0.002066172194,1
0.08557355404,0.08581981063,-0.05966385454,-0.002326513873,1
0.08557355404,0.08778984845,-0.06220662221,-0.005944109056,1
0.08557355404,0.08975988626,-0.06297776103,-0.001836040174,1
0.08557355404,0.09172992408,-0.06394781172,0.005860126112,1
0.08557355404,0.0936999619,-0.06468101591,0.01121008955,1
0.08557355404,0.09567000717,-0.06414542347,0.01075298525,1
0.08557355404,0.09764004499,-0.04681009799,0.006702336948,1
0.08557355404,0.09961008281,-0.03573962674,0.0007622168632,1
0.08557355404,0.1015801206,-0.0291856043,-0.00563148316,1
0.08557355404,0.1035501584,-0.02974565327,0.00307065947,1
0.08557355404,0.1055201963,-0.02723634988,0.002733089263,1
0.08557355404,0.1074902341,-0.02249299735,-0.006498981733,1
0.08557355404,0.1094602719,-0.01688111201,-0.01146561,1
0.08557355404,0.1114303172,-0.009844449349,-0.01087197755,1
0.08557355404,0.113400355,-0.005260180216,-0.007649295032,1
0.08557355404,0.1153703928,-0.002662204904,-0.002829168923,1
0.08557355404,0.1173404306,-0.002008941723,-0.0004536314227,1
0.08754359186,0.04838907719,-0.00297727529,0.0004046786053,2
0.08754359186,0.050359115,0.003318720497,-0.0004844340729,1
0.08754359186,0.05232915282,0.002109354828,-0.0006660359213,2
0.08754359186,0.05429919064,0.00809277501,-0.002104315907,1
0.08754359186,0.05626922846,-0.003118167631,0.003708268749,1
0.08754359186,0.05823927,-0.01189145166,0.007330429275,1
0.08754359186,0.06020930782,-0.02280397899,0.0164087601,1
0.08754359186,0.06217934564,-0.0402681455,0.02086902969,1
0.08754359186,0.06414938718,-0.05611784384,0.02080464736,1
0.08754359186,0.066119425,-0.06098011509,0.0179636348,1
0.08754359186,0.06808946282,-0.05992785469,-0.0005584439496,1
0.08754359186,0.07005950063,-0.05770765245,-0.004003345966,1
0.08754359186,0.07202953845,-0.05764132738,-0.004853192251,1
0.08754359186,0.07399957627,-0.07007943094,-0.01007611211,1
0.08754359186,0.07596961409,-0.0741122812,-0.007034920156,1
0.08754359186,0.07793965936,-0.07289980352,-0.002026208909,1
0.08754359186,0.07990969718,-0.06529786438,-0.005431747995,1
0.08754359186,0.08187973499,-0.06243588775,-0.006880706176,1
0.08754359186,0.08384977281,-0.06100047007,-0.000748444174,1
0.08754359186,0.08581981063,-0.06049313769,-0.004109885078,1
0.08754359186,0.08778984845,-0.06315366924,-0.006671928801,1
0.08754359186,0.08975988626,-0.06333283335,-0.0007313541137,1
0.08754359186,0.09172992408,-0.0622221306,0.006164999679,1
0.08754359186,0.0936999619,-0.06255963445,0.008753837086,1
0.08754359186,0.09567000717,-0.05596443266,0.003661870724,1
0.08754359186,0.09764004499,-0.04388634115,0.001179312356,1
0.08754359186,0.09961008281,-0.03540538624,-0.002851533005,1
0.08754359186,0.1015801206,-0.03041905165,-0.008112270385,1
0.08754359186,0.1035501584,-0.02859270945,-0.006503280718,1
0.08754359186,0.1055201963,-0.02461979911,-0.008390797302,1
0.08754359186,0.1074902341,-0.02190307342,-0.007198290899,1
0.08754359186,0.1094602719,-0.0230167862,-0.01135695539,1
0.08754359186,0.1114303172,-0.01436574664,-0.01101824362,2
0.08754359186,0.113400355,-0.00642490387,-0.01130833104,1
0.08754359186,0.1153703928,-0.005970559549,-0.007517680991,1
0.08754359186,0.1173404306,-0.006188646425,-0.002751898719,1
0.08951362967,0.04838907719,0.006984681822,-0.001638967427,2
0.08951362967,0.050359115,0.01790005527,-0.004250988364,1
0.08951362967,0.05232915282,-0.00454537617,-0.004140986595,1
0.08951362967,0.05429919064,-0.001345194876,-0.004065457731,1
0.08951362967,0.05626922846,-0.00767542934,0.002560754772,1
0.08951362967,0.05823927,-0.01537523326,0.01250680909,1
0.08951362967,0.06020930782,-0.03624599427,0.01371149067,1
0.08951362967,0.06217934564,-0.04442280158,0.02067889832,1
0.08951362967,0.06414938718,-0.05095632747,0.01871099137,1
0.08951362967,0.066119425,-0.05937478319,0.005654131062,1
0.08951362967,0.06808946282,-0.06384951621,0.0008359043277,1
0.08951362967,0.07005950063,-0.06008018553,-0.003607537365,1
0.08951362967,0.07202953845,-0.06198169664,-0.003564840415,1
0.08951362967,0.07399957627,-0.06879522651,0.001981909852,1
0.08951362967,0.07596961409,-0.07403781265,0.007655226626,1
0.08951362967,0.07793965936,-0.07580413669,0.01054042391,1
0.08951362967,0.07990969718,-0.0629145503,0.008261166513,1
0.08951362967,0.08187973499,-0.06067546085,0.003223423148,1
0.08951362967,0.08384977281,-0.0608398281,0.002306507202,1
0.08951362967,0.08581981063,-0.05846689641,-0.0003389553458,1
0.08951362967,0.08778984845,-0.05426687747,-0.00508117117,1
0.08951362967,0.08975988626,-0.06202067435,0.007314663846,1
0.08951362967,0.09172992408,-0.0581995286,0.006431867834,1
0.08951362967,0.0936999619,-0.05393189564,0.005098031834,1
0.08951362967,0.09567000717,-0.04698412865,-0.0027330101,1
0.08951362967,0.09764004499,-0.03962787986,-0.008623873815,1
0.08951362967,0.09961008281,-0.03370045871,-0.012595715,1
0.08951362967,0.1015801206,-0.02787723765,-0.009803010151,1
0.08951362967,0.1035501584,-0.02381011657,-0.007988706231,1
0.08951362967,0.1055201963,-0.02435710654,-0.01141260006,1
0.08951362967,0.1074902341,-0.02381016128,-0.007621998433,1
0.08951362967,0.1094602719,-0.02128941752,-0.0081006689,1
0.08951362967,0.1114303172,-0.01817684621,-0.01053571142,1
0.08951362967,0.113400355,-0.008207681589,-0.00859458372,1
0.08951362967,0.1153703928,-0.005178919993,-0.006956702098,1
0.08951362967,0.1173404306,-0.004615855403,-0.003957604058,1
0.09148367494,0.04838907719,0.006031265017,-0.001070592436,1
0.09148367494,0.050359115,0.00952530466,-0.003175728023,1
0.09148367494,0.05232915282,-0.0111030601,0.002290125005,1
0.09148367494,0.05429919064,-0.01807238907,0.003552907379,1
0.09148367494,0.05626922846,-0.01763462648,0.008381160907,1
0.09148367494,0.05823927,-0.02943033539,0.01525033079,1
0.09148367494,0.06020930782,-0.03842229396,0.01665672474,1
0.09148367494,0.06217934564,-0.04158496484,0.01769885421,1
0.09148367494,0.06414938718,-0.04177332297,0.01554338913,1
0.09148367494,0.066119425,-0.04654037207,0.01334281825,1
0.09148367494,0.06808946282,-0.05147752538,0.009148164652,1
0.09148367494,0.07005950063,-0.05111735687,0.003516162746,1
0.09148367494,0.07202953845,-0.05359150469,0.007947603241,1
0.09148367494,0.07399957627,-0.07113600522,0.008069239557,1
0.09148367494,0.07596961409,-0.0705133751,0.01613965817,1
0.09148367494,0.07793965936,-0.07125257701,0.0146005312,1
0.09148367494,0.07990969718,-0.0726165697,0.007045342587,1
0.09148367494,0.08187973499,-0.07208414376,-0.001015518559,1
0.09148367494,0.08384977281,-0.0607605502,0.002529577352,1
0.09148367494,0.08581981063,-0.05984541401,-0.002624377375,1
0.09148367494,0.08778984845,-0.05648429692,-0.005011949688,1
0.09148367494,0.08975988626,-0.05286828056,-0.007852692157,1
0.09148367494,0.09172992408,-0.05500008538,-0.002645212924,1
0.09148367494,0.0936999619,-0.05313153192,-0.0003057098074,1
0.09148367494,0.09567000717,-0.04557267576,-0.006331215147,1
0.09148367494,0.09764004499,-0.03376617655,-0.01699481905,1
0.09148367494,0.09961008281,-0.02860204875,-0.02082458697,1
0.09148367494,0.1015801206,-0.02084803209,-0.01299885008,1
0.09148367494,0.1035501584,-0.02173600532,-0.01203054283,1
0.09148367494,0.1055201963,-0.02237487584,-0.01186305564,1
0.09148367494,0.1074902341,-0.02153675817,-0.007962551899,1
0.09148367494,0.1094602719,-0.01606690139,-0.007476459257,1
0.09148367494,0.1114303172,-0.008277850226,-0.007404803764,1
0.09148367494,0.113400355,-0.006180044264,-0.005726646166,1
0.09148367494,0.1153703928,-0.007365575992,-0.003331089625,1
0.09148367494,0.1173404306,-0.008286573924,-0.001946094679,1
0.09345371276,0.04838907719,0.01526108943,-0.0009346011793,1
0.09345371276,0.050359115,0.009765457362,-0.0007499334752,1
0.09345371276,0.05232915282,-0.01363484748,0.005588075146,1
0.09345371276,0.05429919064,-0.01761511154,0.003874526126,1
0.09345371276,0.05626922846,-0.02028207295,0.006142612547,1
0.09345371276,0.05823927,-0.026996281,0.01376872417,1
0.09345371276,0.06020930782,-0.03303125873,0.01379167661,1
0.09345371276,0.06217934564,-0.03715426102,0.0129040163,1
0.09345371276,0.06414938718,-0.03743521497,0.007788519841,1
0.09345371276,0.066119425,-0.04003647715,0.01068115234,1
0.09345371276,0.06808946282,-0.04280598462,0.01479421742,1
0.09345371276,0.07005950063,-0.04255753011,0.01231201366,1
0.09345371276,0.07202953845,-0.04942887276,0.01419415697,1
0.09345371276,0.07399957627,-0.06564753503,0.01142759807,1
0.09345371276,0.07596961409,-0.06414788961,0.01673900709,1
0.09345371276,0.07793965936,-0.06817761809,0.01645823382,1
0.09345371276,0.07990969718,-0.06667602062,0.007618438452,1
0.09345371276,0.08187973499,-0.06361179799,0.002286935225,1
0.09345371276,0.08384977281,-0.06456615776,-0.0003009505162,1
0.09345371276,0.08581981063,-0.06100445241,-0.004438410979,1
0.09345371276,0.08778984845,-0.05416377634,-0.006212691311,1
0.09345371276,0.08975988626,-0.0496914871,-0.009003760293,1
0.09345371276,0.09172992408,-0.0536031723,-0.009015364572,1
0.09345371276,0.0936999619,-0.04972893,-0.004993965849,1
0.09345371276,0.09567000717,-0.03647164255,-0.01229461096,1
0.09345371276,0.09764004499,-0.03023573756,-0.01663116738,1
0.09345371276,0.09961008281,-0.02803745866,-0.02095988393,1
0.09345371276,0.1015801206,-0.02445727773,-0.02235905081,1
0.09345371276,0.1035501584,-0.02191247605,-0.01944335923,1
0.09345371276,0.1055201963,-0.02208308317,-0.01495433133,1
0.09345371276,0.1074902341,-0.02040181682,-0.01230760757,1
0.09345371276,0.1094602719,-0.01346878894,-0.00805808045,1
0.09345371276,0.1114303172,-0.007624187972,-0.005668103229,1
0.09345371276,0.113400355,-0.004671772476,-0.003922367003,1
0.09345371276,0.1153703928,-0.008176329546,-0.002244692761,1
0.09345371276,0.1173404306,-0.009311084636,-0.0006344215944,1
0.09542375058,0.04838907719,0.01162062772,-0.002734076232,1
0.09542375058,0.050359115,-0.004378415179,-0.001786377863,1
0.09542375058,0.05232915282,-0.02340543084,0.002278423635,1
0.09542375058,0.05429919064,-0.02521820739,0.004545838106,1
0.09542375058,0.05626922846,-0.02252359688,0.00389717333,1
0.09542375058,0.05823927,-0.0176915247,0.007389156148,1
0.09542375058,0.06020930782,-0.02423332818,0.008751848713,1
0.09542375058,0.06217934564,-0.03030620515,0.009031961672,1
0.09542375058,0.06414938718,-0.03594788164,0.005579838064,1
0.09542375058,0.066119425,-0.03998460248,0.008047563024,1
0.09542375058,0.06808946282,-0.04338772222,0.01613176242,1
0.09542375058,0.07005950063,-0.03586053476,0.01373616606,1
0.09542375058,0.07202953845,-0.05512841046,0.01339582354,1
0.09542375058,0.07399957627,-0.06373916566,0.01126375142,1
0.09542375058,0.07596961409,-0.06485842168,0.0190212857,1
0.09542375058,0.07793965936,-0.06683079898,0.01977054216,1
0.09542375058,0.07990969718,-0.05751198903,0.008569259197,1
0.09542375058,0.08187973499,-0.05803894997,0.00602702098,1
0.09542375058,0.08384977281,-0.05906768516,0.001374464948,1
0.09542375058,0.08581981063,-0.05785414204,-0.005216085818,1
0.09542375058,0.08778984845,-0.0524363406,-0.008365075104,1
0.09542375058,0.08975988626,-0.05057438463,-0.01096881088,1
0.09542375058,0.09172992408,-0.05362741277,-0.01095325127,1
0.09542375058,0.0936999619,-0.05092504993,-0.008895389736,1
0.09542375058,0.09567000717,-0.03490337357,-0.01546134893,1
0.09542375058,0.09764004499,-0.02791418135,-0.01848958433,1
0.09542375058,0.09961008281,-0.02715900727,-0.02149951644,1
0.09542375058,0.1015801206,-0.02381389961,-0.02098282985,1
0.09542375058,0.1035501584,-0.01914319396,-0.01592608355,1
0.09542375058,0.1055201963,-0.01830304973,-0.01165965572,1
0.09542375058,0.1074902341,-0.01886542141,-0.01214823965,1
0.09542375058,0.1094602719,-0.01413629297,-0.006660074461,1
0.09542375058,0.1114303172,-0.008259676397,-0.005919730291,1
0.09542375058,0.113400355,-0.005060384981,-0.006444013678,1
0.09542375058,0.1153703928,-0.005630747415,-0.00441317074,1
0.09542375058,0.1173404306,-0.006462963298,-0.004083076492,1
0.0973937884,0.04838907719,0.0080860015,-0.008346127346,1
0.0973937884,0.050359115,-0.0174362082,-0.005285663065,1
0.0973937884,0.05232915282,-0.02393752895,0.0006181982462,1
0.0973937884,0.05429919064,-0.02379561402,0.004308189265,2
0.0973937884,0.05626922846,-0.02961189114,0.008804091252,1
0.0973937884,0.05823927,-0.01753033325,0.006215757225,1
0.0973937884,0.06020930782,-0.02165825665,0.01191783603,1
0.0973937884,0.06217934564,-0.02777920477,0.01474614907,1
0.0973937884,0.06414938718,-0.03153359517,0.01418744493,1
0.0973937884,0.066119425,-0.03418508917,0.01209696382,2
0.0973937884,0.06808946282,-0.0386865288,0.0131486319,2
0.0973937884,0.07005950063,-0.04546817765,0.011687316,1
0.0973937884,0.07202953845,-0.05144085363,0.01090459898,1
0.0973937884,0.07399957627,-0.05778837204,0.006715714,1
0.0973937884,0.07596961409,-0.06583373994,0.008946292102,1
0.0973937884,0.07793965936,-0.0658922717,0.01098267362,1
0.0973937884,0.07990969718,-0.06256770343,0.005576555617,1
0.0973937884,0.08187973499,-0.05436627567,0.005633194,1
0.0973937884,0.08384977281,-0.04911200702,0.003872863483,1
0.0973937884,0.08581981063,-0.04768856242,-0.004678191151,1
0.0973937884,0.08778984845,-0.05087506026,-0.01178469323,1
0.0973937884,0.08975988626,-0.05110777169,-0.0145127736,1
0.0973937884,0.09172992408,-0.04906537011,-0.01116295066,1
0.0973937884,0.0936999619,-0.04513604566,-0.01345324144,1
0.0973937884,0.09567000717,-0.03909822181,-0.01592060551,1
0.0973937884,0.09764004499,-0.03031975962,-0.0170922149,1
0.0973937884,0.09961008281,-0.02852681465,-0.0172481183,1
0.0973937884,0.1015801206,-0.02652549185,-0.01555346604,1
0.0973937884,0.1035501584,-0.02066989616,-0.01090213191,1
0.0973937884,0.1055201963,-0.01625325717,-0.006759381387,1
0.0973937884,0.1074902341,-0.01600524038,-0.006587507203,1
0.0973937884,0.1094602719,-0.0135583831,-0.004668809008,1
0.0973937884,0.1114303172,-0.008482801728,-0.00849109143,1
0.0973937884,0.113400355,-0.005081678741,-0.008684306405,1
0.0973937884,0.1153703928,-0.003330254694,-0.005516116973,1
0.0973937884,0.1173404306,-0.000772670377,-0.004449849948,1
0.09936382622,0.04838907719,0.003895395901,-0.00320691755,1
0.09936382622,0.050359115,-0.01366099436,-0.002266887343,1
0.09936382622,0.05232915282,-0.01161359251,-0.0001570655877,1
0.09936382622,0.05429919064,-0.01641482674,0.003264629282,1
0.09936382622,0.05626922846,-0.02045535669,0.01139772404,1
0.09936382622,0.05823927,-0.01875656843,0.009259431623,1
0.09936382622,0.06020930782,-0.01487403456,0.01123936754,1
0.09936382622,0.06217934564,-0.02259943262,0.01237448119,1
0.09936382622,0.06414938718,-0.02827468887,0.01810321212,1
0.09936382622,0.066119425,-0.02653563023,0.01300421637,1
0.09936382622,0.06808946282,-0.03170512617,0.01267848443,1
0.09936382622,0.07005950063,-0.04105294496,0.01231802069,1
0.09936382622,0.07202953845,-0.04869501665,0.009713077918,1
0.09936382622,0.07399957627,-0.05682926625,0.003882747609,1
0.09936382622,0.07596961409,-0.06241280213,0.001005337108,1
0.09936382622,0.07793965936,-0.06275242567,0.0004656993551,1
0.09936382622,0.07990969718,-0.05947925895,0.0007256082026,1
0.09936382622,0.08187973499,-0.05572395772,-0.0009526982903,1
0.09936382622,0.08384977281,-0.04674049094,-0.0009041210869,1
0.09936382622,0.08581981063,-0.04385058954,-0.001956727123,1
0.09936382622,0.08778984845,-0.04665000737,-0.01206945442,1
0.09936382622,0.08975988626,-0.04417104647,-0.01605351269,1
0.09936382622,0.09172992408,-0.0420502387,-0.01464593876,1
0.09936382622,0.0936999619,-0.04362102225,-0.01457415149,1
0.09936382622,0.09567000717,-0.03890193626,-0.01521687582,1
0.09936382622,0.09764004499,-0.03369212896,-0.01569132693,1
0.09936382622,0.09961008281,-0.03140081093,-0.0126821138,1
0.09936382622,0.1015801206,-0.03077410534,-0.01144849882,1
0.09936382622,0.1035501584,-0.0227683764,-0.009047018364,1
0.09936382622,0.1055201963,-0.01610040106,-0.007021954749,1
0.09936382622,0.1074902341,-0.01477248594,-0.007194752339,1
0.09936382622,0.1094602719,-0.01278401166,-0.005798660219,1
0.09936382622,0.1114303172,-0.009313315153,-0.007790449541,1
0.09936382622,0.113400355,-0.005801733583,-0.008146477863,1
0.09936382622,0.1153703928,-0.006172297522,-0.006905575283,1
0.09936382622,0.1173404306,0.00132402766,-0.007016606163,1
0.101333864,0.04838907719,0.01192424912,0.005457947962,1
0.101333864,0.050359115,-0.003004782367,0.005291336682,1
0.101333864,0.05232915282,-0.009892058559,0.004059938714,1
0.101333864,0.05429919064,-0.01404748671,0.00580271706,1
0.101333864,0.05626922846,-0.01640464365,0.01254441496,1
0.101333864,0.05823927,-0.01481562946,0.01143170148,1
0.101333864,0.06020930782,-0.01243226416,0.008717071265,1
0.101333864,0.06217934564,-0.01973379403,0.01252234075,1
0.101333864,0.06414938718,-0.02695233561,0.01944173686,1
0.101333864,0.066119425,-0.02759436704,0.01310172956,1
0.101333864,0.06808946282,-0.03281991929,0.01320937183,1
0.101333864,0.07005950063,-0.03556549177,0.0122727761,1
0.101333864,0.07202953845,-0.04505787417,0.009382942691,1
0.101333864,0.07399957627,-0.05468897894,0.00380931003,1
0.101333864,0.07596961409,-0.06006087735,0.0004257756227,1
0.101333864,0.07793965936,-0.06011348218,-0.001460451051,1
0.101333864,0.07990969718,-0.0539643392,-0.001080652466,1
0.101333864,0.08187973499,-0.04866156727,-0.001037195674,1
0.101333864,0.08384977281,-0.04413947836,-0.002590046963,1
0.101333864,0.08581981063,-0.04114128649,-0.00259874831,1
0.101333864,0.08778984845,-0.04236842319,-0.009805794805,1
0.101333864,0.08975988626,-0.0362103954,-0.01479052007,1
0.101333864,0.09172992408,-0.03309161589,-0.01252935734,1
0.101333864,0.0936999619,-0.03923512623,-0.01151016168,1
0.101333864,0.09567000717,-0.0390327163,-0.01256930735,1
0.101333864,0.09764004499,-0.03652565181,-0.01117864344,1
0.101333864,0.09961008281,-0.03270062432,-0.008082220331,1
0.101333864,0.1015801206,-0.02964391373,-0.008136882447,1
0.101333864,0.1035501584,-0.02779489383,-0.006868993863,1
0.101333864,0.1055201963,-0.02138420008,-0.005745831877,1
0.101333864,0.1074902341,-0.01326299831,-0.009091025218,1
0.101333864,0.1094602719,-0.01095166802,-0.007327854633,1
0.101333864,0.1114303172,-0.0112284245,-0.003987935837,1
0.101333864,0.113400355,-0.003794379765,-0.007937638089,1
0.101333864,0.1153703928,-0.004051886033,-0.00875852257,1
0.101333864,0.1173404306,-0.001912300475,-0.00682067452,1
0.1033039019,0.04838907719,0.01015887968,0.00668549398,1
0.1033039019,0.050359115,-0.003304246347,0.005964490119,1
0.1033039019,0.05232915282,-0.00997874327,0.01109783072,1
0.1033039019,0.05429919064,-0.0118869422,0.01076772995,1
0.1033039019,0.05626922846,-0.01079138741,0.01233982109,1
0.1033039019,0.05823927,-0.008503179997,0.01321051456,1
0.1033039019,0.06020930782,-0.01107838191,0.01175684854,1
0.1033039019,0.06217934564,-0.01806221157,0.0129738776,1
0.1033039019,0.06414938718,-0.03081211634,0.0171611011,1
0.1033039019,0.066119425,-0.03103606775,0.01197525673,1
0.1033039019,0.06808946282,-0.03155761957,0.01326348726,1
0.1033039019,0.07005950063,-0.03541280702,0.01311542746,1
0.1033039019,0.07202953845,-0.0449991487,0.01191756874,1
0.1033039019,0.07399957627,-0.04884324595,0.01188249886,1
0.1033039019,0.07596961409,-0.05984799936,-4.306501432e-05,1
0.1033039019,0.07793965936,-0.06094612181,-0.0019033344,1
0.1033039019,0.07990969718,-0.05525389314,0.001239591977,1
0.1033039019,0.08187973499,-0.04635968432,-0.002061267383,1
0.1033039019,0.08384977281,-0.0438301079,-0.003837498371,1
0.1033039019,0.08581981063,-0.0423091501,-0.005739522632,1
0.1033039019,0.08778984845,-0.03336483613,-0.0116612846,1
0.1033039019,0.08975988626,-0.03454928473,-0.007892415859,1
0.1033039019,0.09172992408,-0.03805209324,-0.006609996315,1
0.1033039019,0.0936999619,-0.0360667333,-0.009433041327,1
0.1033039019,0.09567000717,-0.03596322238,-0.01097027492,1
0.1033039019,0.09764004499,-0.03509288281,-0.008851629682,1
0.1033039019,0.09961008281,-0.03314751759,-0.007729595993,1
0.1033039019,0.1015801206,-0.03118416853,-0.006014709361,1
0.1033039019,0.1035501584,-0.0291897431,-0.005006504711,1
0.1033039019,0.1055201963,-0.02323851921,-0.006029810756,1
0.1033039019,0.1074902341,-0.01402394753,-0.007550236303,1
0.1033039019,0.1094602719,-0.009109668434,-0.006561903283,1
0.1033039019,0.1114303172,-0.008020610549,-0.005441776942,1
0.1033039019,0.113400355,-0.005350386258,-0.005412196275,1
0.1033039019,0.1153703928,-0.004490953404,-0.006141249556,1
0.1033039019,0.1173404306,-0.006254251581,-0.005212656222,1
0.1052739397,0.04838907719,0.001920069219,0.0123134926,1
0.1052739397,0.050359115,-0.009270426817,0.00421553012,1
0.1052739397,0.05232915282,-0.01123081613,0.00882046856,1
0.1052739397,0.05429919064,-0.009096572176,0.010995063,1
0.1052739397,0.05626922846,-0.007377516478,0.01216904446,1
0.1052739397,0.05823927,-0.007190937176,0.01374004222,1
0.1052739397,0.06020930782,-0.01093797944,0.01293785404,1
0.1052739397,0.06217934564,-0.02488694526,0.01004699804,1
0.1052739397,0.06414938718,-0.03373936191,0.008669900708,1
0.1052739397,0.066119425,-0.03046663851,0.01774988137,1
0.1052739397,0.06808946282,-0.03208510578,0.01600438543,1
0.1052739397,0.07005950063,-0.0378110297,0.01409340743,1
0.1052739397,0.07202953845,-0.04825276136,0.01578026451,1
0.1052739397,0.07399957627,-0.0514662303,0.006844028831,2
0.1052739397,0.07596961409,-0.05910917372,-0.001097359695,1
0.1052739397,0.07793965936,-0.05953794718,-0.001819386962,1
0.1052739397,0.07990969718,-0.05565750226,-0.002115523675,1
0.1052739397,0.08187973499,-0.04672764614,-0.006211742759,1
0.1052739397,0.08384977281,-0.04569007084,-0.007270002738,1
0.1052739397,0.08581981063,-0.04276262969,-0.009912359528,1
0.1052739397,0.08778984845,-0.03630167991,-0.01199327037,1
0.1052739397,0.08975988626,-0.03932499513,-0.007696694229,1
0.1052739397,0.09172992408,-0.03990096599,-0.007215885911,1
0.1052739397,0.0936999619,-0.03395046294,-0.008814681321,1
0.1052739397,0.09567000717,-0.03012333997,-0.009039583616,1
0.1052739397,0.09764004499,-0.03119456023,-0.00578778889,1
0.1052739397,0.09961008281,-0.02992214821,-0.005132050253,1
0.1052739397,0.1015801206,-0.03586816788,-0.009011333808,1
0.1052739397,0.1035501584,-0.02994716726,-0.01083658449,1
0.1052739397,0.1055201963,-0.01985081099,-0.01144258119,1
0.1052739397,0.1074902341,-0.01609032229,-0.007799232844,1
0.1052739397,0.1094602719,-0.0093110241,-0.00722181052,1
0.1052739397,0.1114303172,-0.008039383218,-0.006284455769,1
0.1052739397,0.113400355,-0.00838599354,-0.005005318206,1
0.1052739397,0.1153703928,-0.008124574088,-0.004187946673,1
0.1052739397,0.1173404306,-0.006567737088,-0.007285267115,1
0.1072439849,0.04838907719,-0.0002458936651,0.009909083135,1
0.1072439849,0.050359115,-0.009969049133,0.006544399075,1
0.1072439849,0.05232915282,-0.01193876565,0.005505521782,1
0.1072439849,0.05429919064,-0.003554277122,0.01120641828,1
0.1072439849,0.05626922846,-0.009032598697,0.01148632076,1
0.1072439849,0.05823927,-0.01123719942,0.01234137546,1
0.1072439849,0.06020930782,-0.01390575431,0.01203628909,1
0.1072439849,0.06217934564,-0.02799437381,0.008476886898,1
0.1072439849,0.06414938718,-0.03002678975,0.01462384313,1
0.1072439849,0.066119425,-0.0314049758,0.01931418292,1
0.1072439849,0.06808946282,-0.03505655006,0.01812413335,1
0.1072439849,0.07005950063,-0.04183020815,0.01441383455,1
0.1072439849,0.07202953845,-0.04952384531,0.01105007622,1
0.1072439849,0.07399957627,-0.04965973645,0.0008107104804,1
0.1072439849,0.07596961409,-0.05536771193,-0.003688737983,1
0.1072439849,0.07793965936,-0.05626966059,-0.004557134118,1
0.1072439849,0.07990969718,-0.05143687129,-0.008167477325,1
0.1072439849,0.08187973499,-0.04488736764,-0.01079486497,1
0.1072439849,0.08384977281,-0.04295693338,-0.009907986037,1
0.1072439849,0.08581981063,-0.04242726043,-0.01392751653,1
0.1072439849,0.08778984845,-0.03756165877,-0.007620893884,1
0.1072439849,0.08975988626,-0.03792171925,-0.004679623526,1
0.1072439849,0.09172992408,-0.04165715352,-0.009041447192,1
0.1072439849,0.0936999619,-0.03141574934,-0.01050366461,1
0.1072439849,0.09567000717,-0.03088303097,-0.01108543854,1
0.1072439849,0.09764004499,-0.03159807622,-0.004172956571,1
0.1072439849,0.09961008281,-0.03168648854,-0.001215869328,1
0.1072439849,0.1015801206,-0.03015628271,-0.006760855205,2
0.1072439849,0.1035501584,-0.02557356656,-0.01104275417,1
0.1072439849,0.1055201963,-0.01576094702,-0.0105435634,1
0.1072439849,0.1074902341,-0.01513458602,-0.007261513732,1
0.1072439849,0.1094602719,-0.009887226857,-0.007177844178,1
0.1072439849,0.1114303172,-0.00861560367,-0.006563542411,1
0.1072439849,0.113400355,-0.009331965819,-0.006917536724,1
0.1072439849,0.1153703928,-0.008316707797,-0.005652820226,1
0.1072439849,0.1173404306,-0.002268733922,-0.00794504676,1
0.1092140228,0.04838907719,-0.003244113643,0.007557514589,1
0.1092140228,0.050359115,-0.007359524257,0.007231934927,1
0.1092140228,0.05232915282,-0.009830533527,0.006659628823,1
0.1092140228,0.05429919064,-0.009935337119,0.008057717234,1
0.1092140228,0.05626922846,-0.0102474764,0.009871790186,1
0.1092140228,0.05823927,-0.01397430338,0.01016919781,1
0.1092140228,0.06020930782,-0.01885057427,0.009719069116,1
0.1092140228,0.06217934564,-0.02576188184,0.01156400982,1
0.1092140228,0.06414938718,-0.03042143211,0.01570101269,1
0.1092140228,0.066119425,-0.03389639407,0.01525173336,1
0.1092140228,0.06808946282,-0.03512047231,0.01318576001,1
0.1092140228,0.07005950063,-0.04325953126,0.003346497193,1
0.1092140228,0.07202953845,-0.05158335716,-0.006776264403,1
0.1092140228,0.07399957627,-0.05314026773,-0.006478793453,1
0.1092140228,0.07596961409,-0.0561946407,-0.008201442659,1
0.1092140228,0.07793965936,-0.05896016583,-0.01151405927,1
0.1092140228,0.07990969718,-0.05529166013,-0.009410229512,1
0.1092140228,0.08187973499,-0.04851707444,-0.009193303995,1
0.1092140228,0.08384977281,-0.04183476791,-0.01204122044,1
0.1092140228,0.08581981063,-0.03980894387,-0.01155699883,1
0.1092140228,0.08778984845,-0.03972736001,-0.006115502212,1
0.1092140228,0.08975988626,-0.03727581352,-0.00541675929,1
0.1092140228,0.09172992408,-0.03824746236,-0.01780485921,1
0.1092140228,0.0936999619,-0.03015000187,-0.01889858209,1
0.1092140228,0.09567000717,-0.0249149818,-0.01651436277,1
0.1092140228,0.09764004499,-0.02318223566,-0.008634837344,1
0.1092140228,0.09961008281,-0.0251793135,-0.00537971314,1
0.1092140228,0.1015801206,-0.02749690786,-0.005773464218,1
0.1092140228,0.1035501584,-0.02087388746,-0.009718221612,1
0.1092140228,0.1055201963,-0.01525938138,-0.007794056088,1
0.1092140228,0.1074902341,-0.01289517339,-0.006184452679,1
0.1092140228,0.1094602719,-0.01038938109,-0.007129509002,1
0.1092140228,0.1114303172,-0.008788207546,-0.006529844832,1
0.1092140228,0.113400355,-0.007447049487,-0.006884872448,1
0.1092140228,0.1153703928,-0.005743486341,-0.004746994935,1
0.1092140228,0.1173404306,0.0005083602155,-0.005453769583,1
0.1111840606,0.04838907719,-0.00490621198,0.007420167793,1
0.1111840606,0.050359115,-0.00504569849,0.006257192697,1
0.1111840606,0.05232915282,-0.006120526697,0.006607922725,1
0.1111840606,0.05429919064,-0.007826328278,0.009551469237,1
0.1111840606,0.05626922846,-0.0103165051,0.008317367174,1
0.1111840606,0.05823927,-0.01352429762,0.006268603262,1
0.1111840606,0.06020930782,-0.01965571567,0.006103745196,1
0.1111840606,0.06217934564,-0.02612552792,0.001986270538,1
0.1111840606,0.06414938718,-0.03121096641,0.00279683643,1
0.1111840606,0.066119425,-0.0296429731,0.008063859306,1
0.1111840606,0.06808946282,-0.03135688975,0.005329729989,1
0.1111840606,0.07005950063,-0.04206361622,-0.002055919264,1
0.1111840606,0.07202953845,-0.04773987085,-0.007006329484,1
0.1111840606,0.07399957627,-0.05311854184,-0.008437921293,1
0.1111840606,0.07596961409,-0.05952791497,-0.01064964384,1
0.1111840606,0.07793965936,-0.06210701913,-0.01190922409,1
0.1111840606,0.07990969718,-0.05789804459,-0.006831950508,1
0.1111840606,0.08187973499,-0.04989825189,-0.007844462991,2
0.1111840606,0.08384977281,-0.04498840496,-0.008963755332,1
0.1111840606,0.08581981063,-0.04362335429,-0.009534152225,1
0.1111840606,0.08778984845,-0.04162590578,-0.008502327837,1
0.1111840606,0.08975988626,-0.03582435101,-0.007124596741,1
0.1111840606,0.09172992408,-0.03029581532,-0.01595894434,1
0.1111840606,0.0936999619,-0.02128225192,-0.01948357187,1
0.1111840606,0.09567000717,-0.01355462056,-0.01981418394,1
0.1111840606,0.09764004499,-0.01782753877,-0.02427317575,1
0.1111840606,0.09961008281,-0.02559205703,-0.01376552228,1
0.1111840606,0.1015801206,-0.02623552084,-0.007728364319,1
0.1111840606,0.1035501584,-0.02160622925,-0.006580070592,1
0.1111840606,0.1055201963,-0.01530721225,-0.007369941566,1
0.1111840606,0.1074902341,-0.01068177074,-0.006410098169,1
0.1111840606,0.1094602719,-0.00870315358,-0.005532953888,1
0.1111840606,0.1114303172,-0.007386321668,-0.004587348085,1
0.1111840606,0.113400355,-0.005911160726,-0.00483366102,1
0.1111840606,0.1153703928,-0.004919306375,-0.004456123337,1
0.1111840606,0.1173404306,-0.002971325768,-0.003655639943,1
0.1131540984,0.04838907719,-0.0008440088131,0.008565414697,1
0.1131540984,0.050359115,-0.0008706792141,0.006562870927,1
0.1131540984,0.05232915282,-0.003435167717,0.006125651766,1
0.1131540984,0.05429919064,-0.006611956749,0.01024097297,1
0.1131540984,0.05626922846,-0.008998176083,0.007155087776,1
0.1131540984,0.05823927,-0.01175372861,0.001754476572,1
0.1131540984,0.06020930782,-0.01917611249,-0.001865634229,1
0.1131540984,0.06217934564,-0.02614654414,-0.005179871805,1
0.1131540984,0.06414938718,-0.02602920309,-0.0007148997975,2
0.1131540984,0.066119425,-0.02426154166,0.004956015386,1
0.1131540984,0.06808946282,-0.02894916944,0.01038793009,1
0.1131540984,0.07005950063,-0.03988240287,0.003950961865,1
0.1131540984,0.07202953845,-0.04494506866,-0.0006681977538,1
0.1131540984,0.07399957627,-0.04611241072,-0.006832957733,1
0.1131540984,0.07596961409,-0.05285896733,-0.008680222556,1
0.1131540984,0.07793965936,-0.05495823547,-0.007638608571,1
0.1131540984,0.07990969718,-0.05046055838,-0.006506560836,1
0.1131540984,0.08187973499,-0.04818947613,-0.006388843525,1
0.1131540984,0.08384977281,-0.04603727907,-0.007273264229,1
0.1131540984,0.08581981063,-0.0463244915,-0.004499938805,1
0.1131540984,0.08778984845,-0.04481467977,-0.002259577159,1
0.1131540984,0.08975988626,-0.03404352814,-0.006356742233,1
0.1131540984,0.09172992408,-0.02549728565,-0.0116361985,1
0.1131540984,0.0936999619,-0.01922966912,-0.01414745301,1
0.1131540984,0.09567000717,-0.01593834721,-0.01821245626,1
0.1131540984,0.09764004499,-0.02093443833,-0.02398519218,1
0.1131540984,0.09961008281,-0.02132210322,-0.01839564368,1
0.1131540984,0.1015801206,-0.02104182541,-0.008271133527,1
0.1131540984,0.1035501584,-0.01979974285,-0.003608784406,1
0.1131540984,0.1055201963,-0.01310249977,-0.007616013288,1
0.1131540984,0.1074902341,-0.009400133975,-0.005746077746,1
0.1131540984,0.1094602719,-0.007235029712,-0.003380557289,1
0.1131540984,0.1114303172,-0.005585961509,-0.003204507055,1
0.1131540984,0.113400355,-0.005207050592,-0.003983672243,1
0.1131540984,0.1153703928,-0.005409461912,-0.004232633393,1
0.1131540984,0.1173404306,-0.00530406367,-0.003820152488,1
0.1151241362,0.04838907719,0.0006299841334,0.008129987866,1
0.1151241362,0.050359115,-0.001196334255,0.006800123025,1
0.1151241362,0.05232915282,-0.004049533512,0.006738329772,1
0.1151241362,0.05429919064,-0.005267149303,0.00791935157,1
0.1151241362,0.05626922846,-0.006869504694,0.007482717279,1
0.1151241362,0.05823927,-0.01247649733,0.00136444089,1
0.1151241362,0.06020930782,-0.01928682067,-0.00251338142,1
0.1151241362,0.06217934564,-0.02323789708,0.001513196272,1
0.1151241362,0.06414938718,-0.02249776199,-0.005432579201,1
0.1151241362,0.066119425,-0.02910975739,-0.00555403484,1
0.1151241362,0.06808946282,-0.03904028609,0.004541975912,1
0.1151241362,0.07005950063,-0.04355668277,0.006274654064,1
0.1151241362,0.07202953845,-0.04594867304,0.004038681742,1
0.1151241362,0.07399957627,-0.04347446188,0.0003226181434,1
0.1151241362,0.07596961409,-0.04699009284,-0.0002412628965,1
0.1151241362,0.07793965936,-0.04618550092,0.001018031617,1
0.1151241362,0.07990969718,-0.04605490714,-0.008650080301,1
0.1151241362,0.08187973499,-0.04277453944,-0.007397667039,1
0.1151241362,0.08384977281,-0.04051165655,-0.007696498651,1
0.1151241362,0.08581981063,-0.04252876341,-0.006074908655,1
0.1151241362,0.08778984845,-0.0409489572,-0.003023501718,1
0.1151241362,0.08975988626,-0.03520319983,-0.005381435622,1
0.1151241362,0.09172992408,-0.03001329117,-0.004333109595,1
0.1151241362,0.0936999619,-0.03005622327,-0.001881989883,1
0.1151241362,0.09567000717,-0.03031132743,-0.002319558058,1
0.1151241362,0.09764004499,-0.03294430301,0.002645772649,1
0.1151241362,0.09961008281,-0.02570671774,-0.006518718321,1
0.1151241362,0.1015801206,-0.02023935132,-0.005395445041,1
0.1151241362,0.1035501584,-0.01747348905,-0.003501418745,1
0.1151241362,0.1055201963,-0.0128233498,-0.004400041886,1
0.1151241362,0.1074902341,-0.01036298554,-0.003687646007,1
0.1151241362,0.1094602719,-0.007474372629,-0.00439455919,1
0.1151241362,0.1114303172,-0.004072859418,-0.002661947161,1
0.1151241362,0.113400355,-0.003964367788,-0.002158234594,1
0.1151241362,0.1153703928,-0.00514838146,-0.002629171824,1
0.1151241362,0.1173404306,-0.005586874206,-0.001799806138,1
0.117094174,0.04838907719,0.003170584794,0.007748218253,1
0.117094174,0.050359115,-0.001240890357,0.00555849215,1
0.117094174,0.05232915282,-0.004236597568,0.006868042517,1
0.117094174,0.05429919064,-0.004147792701,0.00765850395,1
0.117094174,0.05626922846,-0.00123684213,0.008668051101,1
0.117094174,0.05823927,-0.00435077725,0.00638064649,1
0.117094174,0.06020930782,-0.01845444925,0.00773725519,1
0.117094174,0.06217934564,-0.02516491897,0.007558946498,1
0.117094174,0.06414938718,-0.02932257392,0.00433949288,1
0.117094174,0.066119425,-0.03247268498,0.001323436736,2
0.117094174,0.06808946282,-0.04005170986,0.002302820096,2
0.117094174,0.07005950063,-0.04618185014,-0.001332991756,1
0.117094174,0.07202953845,-0.04397794232,0.0009272516472,1
0.117094174,0.07399957627,-0.04327406734,0.007912779227,1
0.117094174,0.07596961409,-0.0456914939,3.547064262e-05,2
0.117094174,0.07793965936,-0.0464335084,-0.002315817634,1
0.117094174,0.07990969718,-0.04471424595,-0.007904134691,1
0.117094174,0.08187973499,-0.04312744737,-0.007939350791,1
0.117094174,0.08384977281,-0.04249484465,-0.009346834384,1
0.117094174,0.08581981063,-0.04017467424,-0.009805575944,1
0.117094174,0.08778984845,-0.04023862258,-0.006390235852,1
0.117094174,0.08975988626,-0.0350131914,-0.005840414204,1
0.117094174,0.09172992408,-0.02697744779,-0.01009199303,1
0.117094174,0.0936999619,-0.03104404733,-0.004982487764,1
0.117094174,0.09567000717,-0.03304155916,-0.001229948364,1
0.117094174,0.09764004499,-0.03144654259,0.0005928665632,1
0.117094174,0.09961008281,-0.02501238696,0.003371347673,1
0.117094174,0.1015801206,-0.01772680879,-0.003894428955,1
0.117094174,0.1035501584,-0.01559133828,-0.002740733558,1
0.117094174,0.1055201963,-0.01010891981,-0.003723792033,1
0.117094174,0.1074902341,-0.008536139503,-0.002882118104,1
0.117094174,0.1094602719,-0.006477640942,-0.002657111268,1
0.117094174,0.1114303172,-0.003025824437,-0.001146896859,1
0.117094174,0.113400355,-0.003242050065,-0.0002046404989,1
0.117094174,0.1153703928,-0.004598706029,-0.0002083372819,1
0.117094174,0.1173404306,-0.004454069771,0.000239587127,1
0.1190642118,0.04838907719,0.004628402181,0.006800444797,1
0.1190642118,0.050359115,-0.0004375969584,0.004483003635,1
0.1190642118,0.05232915282,-0.003558220575,0.005071485415,1
0.1190642118,0.05429919064,-0.004295244813,0.005588311236,1
0.1190642118,0.05626922846,0.0004022357462,0.006830814295,1
0.1190642118,0.05823927,-0.001271160785,0.009326646104,1
0.1190642118,0.06020930782,-0.01636749133,0.01309647411,1
0.1190642118,0.06217934564,-0.02541530877,0.01156996097,1
0.1190642118,0.06414938718,-0.0223661866,0.005815897603,1
0.1190642118,0.066119425,-0.03140669689,0.004205468576,2
0.1190642118,0.06808946282,-0.04251201078,0.004678859841,1
0.1190642118,0.07005950063,-0.04223962128,0.0008823180106,1
0.1190642118,0.07202953845,-0.04101239145,-0.003914430272,1
0.1190642118,0.07399957627,-0.04364040866,-0.0048799715,1
0.1190642118,0.07596961409,-0.04606831819,-0.005213816185,1
0.1190642118,0.07793965936,-0.04834136739,-0.00645258883,1
0.1190642118,0.07990969718,-0.0464425534,-0.0075742146,1
0.1190642118,0.08187973499,-0.04295690358,-0.006399023812,1
0.1190642118,0.08384977281,-0.04362955689,-0.01261886675,1
0.1190642118,0.08581981063,-0.0364437364,-0.01064777095,1
0.1190642118,0.08778984845,-0.03771181032,-0.00566253392,1
0.1190642118,0.08975988626,-0.03460577503,-0.006405988242,1
0.1190642118,0.09172992408,-0.03147632629,-0.0048388578,1
0.1190642118,0.0936999619,-0.03235892579,-0.0009291617316,1
0.1190642118,0.09567000717,-0.03400069848,-0.0006068718503,1
0.1190642118,0.09764004499,-0.03081946447,-0.001771595445,1
0.1190642118,0.09961008281,-0.02076344751,-0.005640442017,1
0.1190642118,0.1015801206,-0.007498418912,-0.01126906741,1
0.1190642118,0.1035501584,-0.003750815755,-0.00701653678,1
0.1190642118,0.1055201963,-0.005752615165,-0.002870525233,1
0.1190642118,0.1074902341,-0.006857556291,-0.003551101312,1
0.1190642118,0.1094602719,-0.00719078118,-0.001389372046,1
0.1190642118,0.1114303172,-0.003882391378,-0.001384090516,1
0.1190642118,0.113400355,-0.002909537638,0.0006373964134,1
0.1190642118,0.1153703928,-0.003093541134,-9.323912673e-05,1
0.1190642118,0.1173404306,-0.00642479118,0.0008403798565,1
0.1210342497,0.04838907719,0.001048636739,0.006422229577,1
0.1210342497,0.050359115,-0.0007759131258,0.006001404487,1
0.1210342497,0.05232915282,-0.002045405563,0.002658944111,1
0.1210342497,0.05429919064,-0.002798529575,0.003114162479,1
0.1210342497,0.05626922846,-0.002270961413,0.005519548431,1
0.1210342497,0.05823927,-0.005530096591,0.008970020339,1
0.1210342497,0.06020930782,-0.01349068061,0.01415724773,1
0.1210342497,0.06217934564,-0.014908446,0.02442263253,1
0.1210342497,0.06414938718,-0.02216144092,0.01245044824,1
0.1210342497,0.066119425,-0.02827590518,0.005003680475,1
0.1210342497,0.06808946282,-0.04185286164,-0.002325460082,1
0.1210342497,0.07005950063,-0.04344441369,-0.003674594685,1
0.1210342497,0.07202953845,-0.04085512087,-0.007080394309,1
0.1210342497,0.07399957627,-0.04247562215,-0.01292957552,1
0.1210342497,0.07596961409,-0.04696350545,-0.01423906535,1
0.1210342497,0.07793965936,-0.0553850159,-0.004790078383,1
0.1210342497,0.07990969718,-0.05601753294,-0.002411880763,1
0.1210342497,0.08187973499,-0.05195477605,-0.001665226184,1
0.1210342497,0.08384977281,-0.04661555588,-0.007356342394,1
0.1210342497,0.08581981063,-0.03703289106,-0.01295558177,1
0.1210342497,0.08778984845,-0.03425745666,-0.01228577364,1
0.1210342497,0.08975988626,-0.03523411974,-0.01011878345,1
0.1210342497,0.09172992408,-0.03359111771,-0.001042437041,1
0.1210342497,0.0936999619,-0.03245568275,0.0004179776006,1
0.1210342497,0.09567000717,-0.03569695354,-0.001542458544,1
0.1210342497,0.09764004499,-0.02793225832,-0.007821790874,1
0.1210342497,0.09961008281,-0.01630273089,-0.01088863425,1
0.1210342497,0.1015801206,-0.006680079736,-0.01197156031,1
0.1210342497,0.1035501584,-0.005652389489,-0.00808155071,2
0.1210342497,0.1055201963,-0.005345942918,-0.003834263654,1
0.1210342497,0.1074902341,-0.00606153952,-0.002665245906,1
0.1210342497,0.1094602719,-0.005263005849,-0.0004714835377,1
0.1210342497,0.1114303172,-0.003574444214,0.0003798992548,1
0.1210342497,0.113400355,-0.003090134822,0.0009443181916,1
0.1210342497,0.1153703928,-0.001628920203,0.0002114485105,1
0.1210342497,0.1173404306,-0.004538412206,-0.0003794728254,1
0.1230042875,0.04838907719,-0.0002246148069,0.007961613126,1
0.1230042875,0.050359115,0.0002590166987,0.004440687597,1
0.1230042875,0.05232915282,-0.000282987894,0.002551386366,1
0.1230042875,0.05429919064,-0.001102465671,0.002977292519,1
0.1230042875,0.05626922846,-0.003259966848,0.006387333851,1
0.1230042875,0.05823927,-0.006742955185,0.005730054807,1
0.1230042875,0.06020930782,-0.01204705611,0.01090641692,1
0.1230042875,0.06217934564,-0.01382575464,0.01918398216,1
0.1230042875,0.06414938718,-0.01879607141,0.01450238097,1
0.1230042875,0.066119425,-0.02766858414,0.004174887203,1
0.1230042875,0.06808946282,-0.0367545262,-0.004529994447,1
0.1230042875,0.07005950063,-0.03901685774,-0.01238027681,1
0.1230042875,0.07202953845,-0.03899766132,-0.0148241194,1
0.1230042875,0.07399957627,-0.04059435055,-0.01201679837,1
0.1230042875,0.07596961409,-0.0433778353,-0.01182968356,1
0.1230042875,0.07793965936,-0.05464020371,-0.005025038496,1
0.1230042875,0.07990969718,-0.0588414073,-0.002505614422,1
0.1230042875,0.08187973499,-0.0548322089,-0.003223460866,1
0.1230042875,0.08384977281,-0.0477848202,-0.006750199944,1
0.1230042875,0.08581981063,-0.03621682152,-0.01265296247,1
0.1230042875,0.08778984845,-0.03480870649,-0.01185179781,1
0.1230042875,0.08975988626,-0.03758733347,-0.01076387521,1
0.1230042875,0.09172992408,-0.03316840529,-0.005706604104,1
0.1230042875,0.0936999619,-0.04024199769,0.001584083657,1
0.1230042875,0.09567000717,-0.03061763383,-0.00404559914,2
0.1230042875,0.09764004499,-0.02284605056,-0.009798742831,1
0.1230042875,0.09961008281,-0.01684288122,-0.01056565437,1
0.1230042875,0.1015801206,-0.01183428057,-0.01082163583,1
0.1230042875,0.1035501584,-0.006832720712,-0.009503842331,1
0.1230042875,0.1055201963,-0.006396947894,-0.004037105478,1
0.1230042875,0.1074902341,-0.008090989664,-0.002737897914,1
0.1230042875,0.1094602719,-0.00556653738,-0.0006487229257,1
0.1230042875,0.1114303172,-0.004578127526,-0.0001381278707,1
0.1230042875,0.113400355,-0.003497874597,-0.0002684331557,1
0.1230042875,0.1153703928,-0.001661825343,0.0009951104876,1
0.1230042875,0.1173404306,-0.0037131235,-0.002537179273,1
0.1249743327,0.04838907719,-0.004485511221,0.004958924372,1
0.1249743327,0.050359115,-9.941445751e-05,0.002476187656,1
0.1249743327,0.05232915282,-0.0001576997602,0.002986896085,1
0.1249743327,0.05429919064,-0.001442018664,0.003363287076,1
0.1249743327,0.05626922846,-0.003491959767,0.003426220035,1
0.1249743327,0.05823927,-0.003511579474,0.003828736255,1
0.1249743327,0.06020930782,-0.009799267165,0.006922563538,1
0.1249743327,0.06217934564,-0.01606480405,0.01251757238,1
0.1249743327,0.06414938718,-0.01931693777,0.008818724193,2
0.1249743327,0.066119425,-0.02310929634,0.00583674619,1
0.1249743327,0.06808946282,-0.03374937177,-0.004162160214,1
0.1249743327,0.07005950063,-0.03789521009,-0.01382335369,1
0.1249743327,0.07202953845,-0.04253719002,-0.01550969295,1
0.1249743327,0.07399957627,-0.04416878521,-0.01108670421,1
0.1249743327,0.07596961409,-0.04346068203,-0.008627978154,1
0.1249743327,0.07793965936,-0.0536419265,-0.01201038901,1
0.1249743327,0.07990969718,-0.05772230402,-0.01509473566,1
0.1249743327,0.08187973499,-0.05934781209,-0.008743252605,1
0.1249743327,0.08384977281,-0.05137246102,-0.008975859731,1
0.1249743327,0.08581981063,-0.02890474536,-0.01079771109,1
0.1249743327,0.08778984845,-0.03632090241,-0.008837432601,1
0.1249743327,0.08975988626,-0.04106872156,-0.009088974446,1
0.1249743327,0.09172992408,-0.02799860761,-0.008274490945,1
0.1249743327,0.0936999619,-0.0279404521,-0.008089388721,1
0.1249743327,0.09567000717,-0.02368553542,-0.006425277796,1
0.1249743327,0.09764004499,-0.02614157833,-0.006079352461,1
0.1249743327,0.09961008281,-0.02448989078,-0.007744116243,1
0.1249743327,0.1015801206,-0.01603511535,-0.009288611822,1
0.1249743327,0.1035501584,-0.01194084249,-0.007564186584,1
0.1249743327,0.1055201963,-0.01052787434,-0.004689520691,1
0.1249743327,0.1074902341,-0.009309393354,-0.004343952518,1
0.1249743327,0.1094602719,-0.006475246977,-0.0009828865295,1
0.1249743327,0.1114303172,-0.005361428019,-0.0007419766625,1
0.1249743327,0.113400355,-0.003508374793,-0.000349404756,1
0.1249743327,0.1153703928,0.001288876287,0.001398962224,1
0.1249743327,0.1173404306,-0.002327694092,-0.001826162101,1
0.1269443631,0.04838907719,-0.004426073283,0.003853032831,1
0.1269443631,0.050359115,-5.423133189e-05,0.002487532562,1
0.1269443631,0.05232915282,-0.0007063085213,0.002521347255,1
0.1269443631,0.05429919064,-0.001549597597,0.002380387159,1
0.1269443631,0.05626922846,-0.002484037774,0.003571051871,1
0.1269443631,0.05823927,-0.004384974483,0.005492882803,1
0.1269443631,0.06020930782,-0.009122484364,0.003496451071,1
0.1269443631,0.06217934564,-0.01976640895,-0.002410293324,1
0.1269443631,0.06414938718,-0.01929757744,0.002418200253,1
0.1269443631,0.066119425,-0.02004759014,0.005216692574,1
0.1269443631,0.06808946282,-0.02522011474,-0.007273830473,1
0.1269443631,0.07005950063,-0.04040561989,-0.01145208627,1
0.1269443631,0.07202953845,-0.048659347,-0.01243655197,1
0.1269443631,0.07399957627,-0.04890374467,-0.00976671651,1
0.1269443631,0.07596961409,-0.0537654385,-0.005850775633,1
0.1269443631,0.07793965936,-0.05516847968,-0.008340994827,1
0.1269443631,0.07990969718,-0.05586114898,-0.008762679994,1
0.1269443631,0.08187973499,-0.05516548455,-0.004981631879,1
0.1269443631,0.08384977281,-0.04381868988,-0.006098489743,1
0.1269443631,0.08581981063,-0.02741196938,-0.01233745553,1
0.1269443631,0.08778984845,-0.02787754871,-0.01223395765,1
0.1269443631,0.08975988626,-0.03981807828,-0.001394662424,1
0.1269443631,0.09172992408,-0.03813578561,-0.005942713935,1
0.1269443631,0.0936999619,-0.02917473763,-0.009429728612,1
0.1269443631,0.09567000717,-0.02306899056,-0.007586919703,1
0.1269443631,0.09764004499,-0.02543578669,-0.003066200297,1
0.1269443631,0.09961008281,-0.02169280499,-0.006151237991,1
0.1269443631,0.1015801206,-0.01463057939,-0.005749341566,1
0.1269443631,0.1035501584,-0.01194878574,-0.005798301194,1
0.1269443631,0.1055201963,-0.01338842977,-0.004504193086,1
0.1269443631,0.1074902341,-0.01033761166,-0.003047783393,1
0.1269443631,0.1094602719,-0.006386795081,0.0002482513373,1
0.1269443631,0.1114303172,-0.004514168017,0.002164079575,1
0.1269443631,0.113400355,-0.003755710786,0.002703775186,1
0.1269443631,0.1153703928,0.00122320652,0.001986057265,1
0.1269443631,0.1173404306,-0.004278188106,-0.001684026676,1
0.1289144009,0.04838907719,0.002271953737,0.0002502519928,1
0.1289144009,0.050359115,0.001278437092,0.002657126402,1
0.1289144009,0.05232915282,-0.001056879526,0.002212887397,1
0.1289144009,0.05429919064,-0.002465414582,0.003006253392,1
0.1289144009,0.05626922846,-0.006063803565,0.005075629801,1
0.1289144009,0.05823927,-0.008210486732,0.005655577406,1
0.1289144009,0.06020930782,-0.01116452087,-0.0004477539915,1
0.1289144009,0.06217934564,-0.01766286045,-0.005296536256,1
0.1289144009,0.06414938718,-0.02982519567,-0.01098054834,1
0.1289144009,0.066119425,-0.02784529701,-0.004359343555,1
0.1289144009,0.06808946282,-0.02532925829,-0.001165995258,1
0.1289144009,0.07005950063,-0.03618011251,-0.008899006061,1
0.1289144009,0.07202953845,-0.04960642383,-0.01222240366,1
0.1289144009,0.07399957627,-0.05263409391,-0.009934557602,1
0.1289144009,0.07596961409,-0.05195336789,-0.005368644372,1
0.1289144009,0.07793965936,-0.05440931395,-0.008099660277,1
0.1289144009,0.07990969718,-0.05559252203,-0.00633360818,1
0.1289144009,0.08187973499,-0.05179234594,-0.0007981801755,1
0.1289144009,0.08384977281,-0.03657820448,-0.00236954377,1
0.1289144009,0.08581981063,-0.03554273397,-0.003377988935,2
0.1289144009,0.08778984845,-0.03397927433,-0.004035021178,1
0.1289144009,0.08975988626,-0.04770510644,0.0003408885095,1
0.1289144009,0.09172992408,-0.05477470532,0.001845853403,1
0.1289144009,0.0936999619,-0.05388677865,0.001407547272,1
0.1289144009,0.09567000717,-0.03327520564,-0.004880391061,1
0.1289144009,0.09764004499,-0.03179122135,0.001371279592,1
0.1289144009,0.09961008281,-0.02176344395,-0.003839839483,1
0.1289144009,0.1015801206,-0.01834796555,-0.003556162119,1
0.1289144009,0.1035501584,-0.01695485599,-0.0008578316192,1
0.1289144009,0.1055201963,-0.01500079408,-0.001169901807,1
0.1289144009,0.1074902341,-0.01041872706,0.0003355976369,1
0.1289144009,0.1094602719,-0.006235504057,0.003086969256,1
0.1289144009,0.1114303172,-0.003946360201,0.00419819029,1
0.1289144009,0.113400355,-0.003737014951,0.004075618461,1
0.1289144009,0.1153703928,-0.005595653784,0.0008766011451,1
0.1289144009,0.1173404306,-0.005672226194,0.0003659390204,1
0.1308844388,0.04838907719,0.008240638301,-0.0009995417204,1
0.1308844388,0.050359115,0.0005129323108,0.0001494515018,1
0.1308844388,0.05232915282,-0.001277487143,0.001206755289,1
0.1308844388,0.05429919064,-0.0009330401663,0.0009988689562,1
0.1308844388,0.05626922846,-0.01073295902,0.002281531692,1
0.1308844388,0.05823927,-0.01333746687,7.118810026e-05,1
0.1308844388,0.06020930782,-0.01633402519,-0.004947126377,1
0.1308844388,0.06217934564,-0.016450122,-0.004583400674,1
0.1308844388,0.06414938718,-0.02394444868,-0.007286034524,1
0.1308844388,0.066119425,-0.03019932471,-0.005626994651,1
0.1308844388,0.06808946282,-0.02298320457,-0.002551097888,1
0.1308844388,0.07005950063,-0.02420766652,-0.007589190267,1
0.1308844388,0.07202953845,-0.03611433133,-0.004342338536,1
0.1308844388,0.07399957627,-0.05322769284,-0.004890873563,1
0.1308844388,0.07596961409,-0.05813735723,-0.007498939987,1
0.1308844388,0.07793965936,-0.06169604883,-0.005671881139,1
0.1308844388,0.07990969718,-0.06176454201,-0.00490055792,1
0.1308844388,0.08187973499,-0.05352636054,-0.002987221116,1
0.1308844388,0.08384977281,-0.04618366808,-0.0001788980444,2
0.1308844388,0.08581981063,-0.04420148581,0.005230064504,2
0.1308844388,0.08778984845,-0.0465096496,0.008878573775,1
0.1308844388,0.08975988626,-0.05382557213,0.005582502112,1
0.1308844388,0.09172992408,-0.05882947892,0.002064795699,1
0.1308844388,0.0936999619,-0.04496279731,-0.01850444637,1
0.1308844388,0.09567000717,-0.036093086,-0.02099554427,1
0.1308844388,0.09764004499,-0.03811621293,-0.01135069784,1
0.1308844388,0.09961008281,-0.03605889156,-0.005420002155,1
0.1308844388,0.1015801206,-0.03054832295,0.00112921244,2
0.1308844388,0.1035501584,-0.02300036512,0.002069052309,1
0.1308844388,0.1055201963,-0.0156401936,-0.000179539129,1
0.1308844388,0.1074902341,-0.00766682066,0.003281748155,1
0.1308844388,0.1094602719,-0.004689876921,0.005301743746,1
0.1308844388,0.1114303172,-0.003578330623,0.005049671512,1
0.1308844388,0.113400355,-0.003398605855,0.003952139523,1
0.1308844388,0.1153703928,-0.003266725456,0.004224617966,1
0.1308844388,0.1173404306,-0.005110395141,0.001049038605,1
0.1328544915,0.04838907719,0.008333789185,0.0005222290056,1
0.1328544915,0.050359115,0.002027342096,0.0003244580003,1
0.1328544915,0.05232915282,-0.0003757605737,0.001686382224,1
0.1328544915,0.05429919064,-0.0003823656007,0.003267240478,1
0.1328544915,0.05626922846,-0.008190490305,-0.001848729444,1
0.1328544915,0.05823927,-0.01013091765,-0.002459499985,2
0.1328544915,0.06020930782,-0.0131862117,-0.003566214815,2
0.1328544915,0.06217934564,-0.01920522191,-0.00349744386,2
0.1328544915,0.06414938718,-0.02939937823,-0.004639301449,1
0.1328544915,0.066119425,-0.0280355569,-0.007804229856,1
0.1328544915,0.06808946282,-0.02502054535,-0.01064891182,1
0.1328544915,0.07005950063,-0.02455902845,-0.01000692695,1
0.1328544915,0.07202953845,-0.03214724734,-0.004947781563,1
0.1328544915,0.07399957627,-0.04690373316,-0.005115699954,1
0.1328544915,0.07596961409,-0.05562690273,-0.006146270782,1
0.1328544915,0.07793965936,-0.06534071267,-0.004652948584,1
0.1328544915,0.07990969718,-0.06162755936,-0.00611420162,2
0.1328544915,0.08187973499,-0.0561340265,-0.009697676636,1
0.1328544915,0.08384977281,-0.05042861402,-0.0005888919113,1
0.1328544915,0.08581981063,-0.04856989905,0.01559857093,1
0.1328544915,0.08778984845,-0.04779437557,0.01617873646,1
0.1328544915,0.08975988626,-0.05078515783,0.008807860315,1
0.1328544915,0.09172992408,-0.05215321481,-0.01060489658,1
0.1328544915,0.0936999619,-0.03616742045,-0.02196756378,1
0.1328544915,0.09567000717,-0.03714514151,-0.02478727512,1
0.1328544915,0.09764004499,-0.04686004296,-0.01458096039,1
0.1328544915,0.09961008281,-0.05576089397,0.00478160521,1
0.1328544915,0.1015801206,-0.04478606209,0.01142396126,3
0.1328544915,0.1035501584,-0.03233296052,0.006353040691,2
0.1328544915,0.1055201963,-0.02013280801,0.005319997668,2
0.1328544915,0.1074902341,-0.007149254903,0.009114734828,1
0.1328544915,0.1094602719,-0.004590946715,0.009267469868,1
0.1328544915,0.1114303172,-0.004291039426,0.007121880539,1
0.1328544915,0.113400355,-0.003612525994,0.00381732895,1
0.1328544915,0.1153703928,-0.002321570413,0.004646833986,1
0.1328544915,0.1173404306,-0.0005223334883,0.002229630481,1
0.1348245293,0.04838907719,0.00730844494,0.002425329061,1
0.1348245293,0.050359115,0.002660305938,0.002103046747,1
0.1348245293,0.05232915282,0.003390438389,0.002445320133,1
0.1348245293,0.05429919064,0.00323290308,0.001768716378,1
0.1348245293,0.05626922846,-0.001146276598,-0.0002178829891,1
0.1348245293,0.05823927,-0.005809501745,-0.004494243301,1
0.1348245293,0.06020930782,-0.007074681576,-0.003360789269,1
0.1348245293,0.06217934564,-0.01778517663,-0.001200858038,1
0.1348245293,0.06414938718,-0.02777501941,-0.003674953943,1
0.1348245293,0.066119425,-0.03005595133,-0.005715216976,1
0.1348245293,0.06808946282,-0.02861953527,-0.007612152025,1
0.1348245293,0.07005950063,-0.03427837789,-0.007458128966,1
0.1348245293,0.07202953845,-0.03929019719,-0.01006382983,1
0.1348245293,0.07399957627,-0.0458436422,-0.004133028444,1
0.1348245293,0.07596961409,-0.05156314,0.0001662271825,1
0.1348245293,0.07793965936,-0.0627413094,-0.005889739376,1
0.1348245293,0.07990969718,-0.06327095628,-0.005205623806,1
0.1348245293,0.08187973499,-0.05859412625,-0.006803557277,1
0.1348245293,0.08384977281,-0.05149947107,-0.003959503956,1
0.1348245293,0.08581981063,-0.04563010484,0.006684741937,1
0.1348245293,0.08778984845,-0.04485964403,0.01334466413,1
0.1348245293,0.08975988626,-0.04688647017,0.008655464277,1
0.1348245293,0.09172992408,-0.04708052054,-0.009744466282,1
0.1348245293,0.0936999619,-0.03350320086,-0.01616689749,1
0.1348245293,0.09567000717,-0.03586603701,-0.02155314386,1
0.1348245293,0.09764004499,-0.04363629967,-0.01796808466,1
0.1348245293,0.09961008281,-0.06701673567,0.01687633619,1
0.1348245293,0.1015801206,-0.05220966414,0.01587233879,1
0.1348245293,0.1035501584,-0.04141261056,0.006599151995,2
0.1348245293,0.1055201963,-0.02540882491,0.005991754122,2
0.1348245293,0.1074902341,-0.005394472275,0.0113421157,1
0.1348245293,0.1094602719,-0.002758453367,0.01135654282,1
0.1348245293,0.1114303172,-0.003083507065,0.009863587096,1
0.1348245293,0.113400355,-0.003277393756,0.005558891222,1
0.1348245293,0.1153703928,-0.004309262615,0.003823779989,1
0.1348245293,0.1173404306,0.003481146414,0.003073534695,1
0.1367945671,0.04838907719,0.005331617314,0.005074082874,1
0.1367945671,0.050359115,0.004304675385,0.002668975154,1
0.1367945671,0.05232915282,0.00402737828,0.0004132014874,1
0.1367945671,0.05429919064,0.002672754461,0.002499661176,1
0.1367945671,0.05626922846,0.0006752405898,0.003031064291,1
0.1367945671,0.05823927,-0.002836938947,-0.002826148411,1
0.1367945671,0.06020930782,-0.01084551215,-0.001865728409,1
0.1367945671,0.06217934564,-0.02419410087,0.002877531806,1
0.1367945671,0.06414938718,-0.0258803498,0.003760912688,1
0.1367945671,0.066119425,-0.03018923104,0.002188667655,1
0.1367945671,0.06808946282,-0.03266060352,-0.0003697379434,1
0.1367945671,0.07005950063,-0.04187389091,-0.01102203224,1
0.1367945671,0.07202953845,-0.04164478928,-0.006501153577,1
0.1367945671,0.07399957627,-0.04579504579,-0.00406245701,1
0.1367945671,0.07596961409,-0.05417944118,0.001243783394,1
0.1367945671,0.07793965936,-0.06236295775,0.0008853318286,1
0.1367945671,0.07990969718,-0.06292880327,-0.001575823408,1
0.1367945671,0.08187973499,-0.06083470583,-0.003648715327,1
0.1367945671,0.08384977281,-0.05338209867,-0.003460544394,1
0.1367945671,0.08581981063,-0.04389995337,-0.004557417706,1
0.1367945671,0.08778984845,-0.037915878,-0.008203627542,1
0.1367945671,0.08975988626,-0.04434311762,0.01026811451,1
0.1367945671,0.09172992408,-0.04523458332,0.002007864648,1
0.1367945671,0.0936999619,-0.02677302063,0.003646511352,1
0.1367945671,0.09567000717,-0.03725659102,0.0002035759389,1
0.1367945671,0.09764004499,-0.0612279959,0.007248546928,1
0.1367945671,0.09961008281,-0.06417179853,0.01647481881,1
0.1367945671,0.1015801206,-0.0575383082,0.01197047997,2
0.1367945671,0.1035501584,-0.05569898337,-0.001820525969,1
0.1367945671,0.1055201963,-0.03469541296,0.0007057508337,1
0.1367945671,0.1074902341,-0.003995494451,0.01475423295,1
0.1367945671,0.1094602719,-0.001053442829,0.009196150117,1
0.1367945671,0.1114303172,-0.001141939429,0.008151562884,1
0.1367945671,0.113400355,-0.002190665342,0.005696722772,1
0.1367945671,0.1153703928,-0.007945432328,0.002404882107,1
0.1367945671,0.1173404306,0.003810042748,0.002477820497,1
0.1387646049,0.04838907719,0.001128047472,0.004475839902,1
0.1387646049,0.050359115,0.00387922884,0.004048003815,1
0.1387646049,0.05232915282,0.00432500476,0.0021983427,1
0.1387646049,0.05429919064,-0.003643710632,0.002798192436,1
0.1387646049,0.05626922846,-0.006554793101,0.007379327435,1
0.1387646049,0.05823927,-0.007541541941,0.006444338709,1
0.1387646049,0.06020930782,-0.01689928025,0.004494371824,1
0.1387646049,0.06217934564,-0.02736334689,0.005862414371,1
0.1387646049,0.06414938718,-0.02703538164,0.0006815821398,1
0.1387646049,0.066119425,-0.02676422335,-0.007058617193,1
0.1387646049,0.06808946282,-0.0272760503,-0.008288780227,1
0.1387646049,0.07005950063,-0.04328440875,-0.00998853147,1
0.1387646049,0.07202953845,-0.04606015608,-0.01024983265,1
0.1387646049,0.07399957627,-0.04697418585,-0.00970898103,1
0.1387646049,0.07596961409,-0.06244987622,-0.007047732361,1
0.1387646049,0.07793965936,-0.06846344471,-0.00591028668,1
0.1387646049,0.07990969718,-0.06840975583,-0.005142943934,1
0.1387646049,0.08187973499,-0.06091161072,-0.009181502275,1
0.1387646049,0.08384977281,-0.0576364696,-0.009682407603,1
0.1387646049,0.08581981063,-0.04116167128,-0.0150866136,1
0.1387646049,0.08778984845,-0.03929404169,-0.007049391046,1
0.1387646049,0.08975988626,-0.04021123424,0.0005393444444,1
0.1387646049,0.09172992408,-0.03363903984,0.001562752761,1
0.1387646049,0.0936999619,-0.05572683737,-0.00132859149,3
0.1387646049,0.09567000717,-0.07732055336,0.008779735304,1
0.1387646049,0.09764004499,-0.07693073153,0.01498680841,1
0.1387646049,0.09961008281,-0.07036264241,0.0172080677,1
0.1387646049,0.1015801206,-0.0580727905,0.01735528745,1
0.1387646049,0.1035501584,-0.0634272173,0.001500154962,1
0.1387646049,0.1055201963,-0.02068776079,0.01249628514,1
0.1387646049,0.1074902341,-0.002806534525,0.01229535788,1
0.1387646049,0.1094602719,0.001066197292,0.005692523438,1
0.1387646049,0.1114303172,0.000799447298,0.004192224704,1
0.1387646049,0.113400355,-0.0003766136651,0.003724619979,1
0.1387646049,0.1153703928,-0.003529147012,0.002589810174,1
0.1387646049,0.1173404306,0.001054065069,0.003649954218,1
0.1407346427,0.04838907719,0.001160819316,0.003166573588,1
0.1407346427,0.050359115,0.003914059605,0.005528456066,1
0.1407346427,0.05232915282,0.002617445774,0.008390633389,1
0.1407346427,0.05429919064,-0.001890576794,0.007890392095,1
0.1407346427,0.05626922846,-0.006032678299,0.005918756127,1
0.1407346427,0.05823927,-0.009563407861,0.01048995648,1
0.1407346427,0.06020930782,-0.01499018446,0.006444984116,2
0.1407346427,0.06217934564,-0.02317108959,0.008731986396,1
0.1407346427,0.06414938718,-0.02241300792,-0.003721558489,1
0.1407346427,0.066119425,-0.02470613457,-0.00731068803,1
0.1407346427,0.06808946282,-0.03060915507,-0.009296861477,1
0.1407346427,0.07005950063,-0.04025869817,-0.01185693499,1
0.1407346427,0.07202953845,-0.04817133769,-0.01833932102,1
0.1407346427,0.07399957627,-0.05612492561,-0.01252547,2
0.1407346427,0.07596961409,-0.06917469203,-0.01520215813,1
0.1407346427,0.07793965936,-0.07472462207,-0.0152699016,1
0.1407346427,0.07990969718,-0.07470247149,-0.01420335658,1
0.1407346427,0.08187973499,-0.05720166862,-0.01136809494,1
0.1407346427,0.08384977281,-0.05368672311,-0.01275463682,1
0.1407346427,0.08581981063,-0.05047276244,-0.01205036137,1
0.1407346427,0.08778984845,-0.04598367959,-0.005325600505,1
0.1407346427,0.08975988626,-0.04286015406,-0.0008943224675,1
0.1407346427,0.09172992408,-0.04864454642,0.003843709594,2
0.1407346427,0.0936999619,-0.06323552877,0.00594468601,2
0.1407346427,0.09567000717,-0.07804269344,0.00623803027,2
0.1407346427,0.09764004499,-0.08605741709,0.01038746629,1
0.1407346427,0.09961008281,-0.07731085271,0.00670101773,1
0.1407346427,0.1015801206,-0.0761288479,0.0288335178,1
0.1407346427,0.1035501584,-0.05943510309,0.02120677568,1
0.1407346427,0.1055201963,-0.01295301132,0.01461009122,1
0.1407346427,0.1074902341,0.005714327097,0.009669794701,1
0.1407346427,0.1094602719,0.004588290118,0.003584045684,1
0.1407346427,0.1114303172,0.0003075400309,0.00326289935,1
0.1407346427,0.113400355,-0.002697325312,0.003797921585,1
0.1407346427,0.1153703928,0.005058760755,0.001784706372,1
0.1407346427,0.1173404306,1.373557097e-05,0.002343766857,1
0.1427046806,0.04838907719,0.004393802956,0.003972442355,1
0.1427046806,0.050359115,0.002236865228,0.004946773406,1
0.1427046806,0.05232915282,0.001192363561,0.008069764823,1
0.1427046806,0.05429919064,-0.0005768140545,0.007889194414,1
0.1427046806,0.05626922846,-0.002659359481,0.005658473819,1
0.1427046806,0.05823927,-0.004833914805,0.0049222745,1
0.1427046806,0.06020930782,-0.01032696012,0.002063622698,1
0.1427046806,0.06217934564,-0.01794034615,-0.0004293513193,1
0.1427046806,0.06414938718,-0.02084118314,-0.003728927113,1
0.1427046806,0.066119425,-0.02422611974,-0.008183529601,1
0.1427046806,0.06808946282,-0.02999185771,-0.01127860975,1
0.1427046806,0.07005950063,-0.03679973632,-0.01424160507,1
0.1427046806,0.07202953845,-0.04241162539,-0.0195350796,1
0.1427046806,0.07399957627,-0.06017948687,-0.006851417944,1
0.1427046806,0.07596961409,-0.06904911995,-0.004802668467,1
0.1427046806,0.07793965936,-0.07382903993,-0.01075290143,2
0.1427046806,0.07990969718,-0.07694269717,-0.01812325791,1
0.1427046806,0.08187973499,-0.06439631432,-0.01379816327,1
0.1427046806,0.08384977281,-0.05570875108,-0.01254170388,1
0.1427046806,0.08581981063,-0.05159712955,-0.003095291089,1
0.1427046806,0.08778984845,-0.04604619741,-0.003362994641,1
0.1427046806,0.08975988626,-0.03929769993,0.001493883668,1
0.1427046806,0.09172992408,-0.05484346673,0.008761722594,2
0.1427046806,0.0936999619,-0.0705280304,0.01502559427,1
0.1427046806,0.09567000717,-0.08555725962,-0.0001597662922,1
0.1427046806,0.09764004499,-0.08264584094,0.006240796763,1
0.1427046806,0.09961008281,-0.07901708782,0.003005226841,1
0.1427046806,0.1015801206,-0.07579284906,0.0122919213,2
0.1427046806,0.1035501584,-0.06608132273,0.0114741493,1
0.1427046806,0.1055201963,-0.01301132888,0.01042249519,1
0.1427046806,0.1074902341,0.01089018397,0.007966303267,1
0.1427046806,0.1094602719,0.007069111336,0.002722365549,1
0.1427046806,0.1114303172,-0.001202236745,0.003035832429,1
0.1427046806,0.113400355,-0.006528520491,0.004395382013,1
0.1427046806,0.1153703928,0.008579514921,0.0009334250353,1
0.1427046806,0.1173404306,0.007983244956,0.001782219391,1
0.1446747184,0.04838907719,0.003759533865,0.003071562154,1
0.1446747184,0.050359115,-0.001056485693,0.00356742437,1
0.1446747184,0.05232915282,0.000248921162,0.004716546275,1
0.1446747184,0.05429919064,-0.0005951466737,0.005470709875,1
0.1446747184,0.05626922846,-0.001130441902,0.004684890155,1
0.1446747184,0.05823927,-0.002939194674,0.003551285714,1
0.1446747184,0.06020930782,-0.007913385518,-0.001797482721,1
0.1446747184,0.06217934564,-0.01818388887,-0.005257238634,1
0.1446747184,0.06414938718,-0.0226268284,-0.005616688635,1
0.1446747184,0.066119425,-0.02481455915,-0.01055398118,1
0.1446747184,0.06808946282,-0.02933281474,-0.01207680255,1
0.1446747184,0.07005950063,-0.0340202637,-0.01175363082,1
0.1446747184,0.07202953845,-0.04102056101,-0.002503643977,1
0.1446747184,0.07399957627,-0.04979653284,0.005587500986,1
0.1446747184,0.07596961409,-0.06309092045,0.002350596478,1
0.1446747184,0.07793965936,-0.07459970564,-0.004815776832,1
0.1446747184,0.07990969718,-0.07599328458,-0.007047146559,1
0.1446747184,0.08187973499,-0.07260787487,-0.0116812475,1
0.1446747184,0.08384977281,-0.06060887873,-0.01023140457,1
0.1446747184,0.08581981063,-0.05365496129,0.0002678762248,1
0.1446747184,0.08778984845,-0.05094445869,0.001696280902,1
0.1446747184,0.08975988626,-0.04756969586,0.005396036431,1
0.1446747184,0.09172992408,-0.060903579,0.01468370203,1
0.1446747184,0.0936999619,-0.07374110818,0.0005759956548,1
0.1446747184,0.09567000717,-0.07920196652,-0.003331184154,1
0.1446747184,0.09764004499,-0.06786581129,0.01554702129,1
0.1446747184,0.09961008281,-0.05150055513,0.01501761004,1
0.1446747184,0.1015801206,-0.08194412291,0.00585479429,1
0.1446747184,0.1035501584,-0.05923693627,0.002081178594,1
0.1446747184,0.1055201963,-0.01938302256,0.001391797559,1
0.1446747184,0.1074902341,0.00799356401,0.002719930373,1
0.1446747184,0.1094602719,0.006877114065,0.001853130292,1
0.1446747184,0.1114303172,-0.00171118218,0.002216557274,1
0.1446747184,0.113400355,-0.01072066557,0.003220911836,1
0.1446747184,0.1153703928,0.00500588119,-0.002162921941,1
0.1446747184,0.1173404306,0.002189243678,0.001738867257,1
0.1466447562,0.04838907719,0.006989758927,0.002157184761,1
0.1466447562,0.050359115,0.0002749236883,0.002401166596,1
0.1466447562,0.05232915282,-0.000827393611,0.002906993264,1
0.1466447562,0.05429919064,-0.001561127254,0.004540878814,1
0.1466447562,0.05626922846,-0.001584698097,0.002195702633,1
0.1466447562,0.05823927,-0.003016770352,0.001020923839,1
0.1466447562,0.06020930782,-0.00765606435,-0.003681615228,1
0.1466447562,0.06217934564,-0.01709785685,-0.007879890501,1
0.1466447562,0.06414938718,-0.02381049655,-0.009612936527,1
0.1466447562,0.066119425,-0.02488958463,-0.01041825581,1
0.1466447562,0.06808946282,-0.02833702601,-0.008539406583,1
0.1466447562,0.07005950063,-0.04130703583,-0.0007173850317,1
0.1466447562,0.07202953845,-0.04292355478,0.007770983037,1
0.1466447562,0.07399957627,-0.04409695417,0.01491197199,1
0.1466447562,0.07596961409,-0.05743723363,0.007019453216,1
0.1466447562,0.07793965936,-0.06141146645,0.001745647052,3
0.1466447562,0.07990969718,-0.07561971992,-3.524462954e-05,2
0.1466447562,0.08187973499,-0.08418601006,0.003088740865,1
0.1466447562,0.08384977281,-0.06016464159,0.007477995008,1
0.1466447562,0.08581981063,-0.05617465079,0.001644209377,1
0.1466447562,0.08778984845,-0.05682943761,0.003805224318,1
0.1466447562,0.08975988626,-0.06230720505,0.006180291995,3
0.1466447562,0.09172992408,-0.06703393906,0.0196773354,1
0.1466447562,0.0936999619,-0.06767998636,0.01435297541,2
0.1466447562,0.09567000717,-0.06737984717,0.01439256221,1
0.1466447562,0.09764004499,-0.0686083734,0.01178163104,1
0.1466447562,0.09961008281,-0.06628660113,0.0135817267,1
0.1466447562,0.1015801206,-0.06337444484,0.00721908547,2
0.1466447562,0.1035501584,-0.04764850438,0.002944889711,2
0.1466447562,0.1055201963,-0.0111771021,-0.006300702691,1
0.1466447562,0.1074902341,0.009622499347,-0.001208634232,1
0.1466447562,0.1094602719,0.006414899603,6.400237908e-05,1
0.1466447562,0.1114303172,-0.001101000584,0.00100212032,1
0.1466447562,0.113400355,-0.009139524773,0.002198650269,1
0.1466447562,0.1153703928,0.001362409093,-0.0007397948066,1
0.1466447562,0.1173404306,-0.009364897385,0.001525162254,1
0.148614794,0.04838907719,0.00569408806,0.002523011528,1
0.148614794,0.050359115,0.001952576218,0.002798404545,1
0.148614794,0.05232915282,-0.0006788710016,0.002478097333,1
0.148614794,0.05429919064,-0.0007919233758,0.002714516362,1
0.148614794,0.05626922846,-0.001654218417,0.002059215447,1
0.148614794,0.05823927,-0.001891527092,0.002192428336,1
0.148614794,0.06020930782,-0.005789237563,0.0002744228113,1
0.148614794,0.06217934564,-0.01479053777,-0.004799864255,1
0.148614794,0.06414938718,-0.0211680755,-0.003904500743,1
0.148614794,0.066119425,-0.02423892915,-0.002880851505,1
0.148614794,0.06808946282,-0.01711843535,0.00040433713,1
0.148614794,0.07005950063,-0.03930062056,0.006617247127,1
0.148614794,0.07202953845,-0.04011200368,0.01359235868,1
0.148614794,0.07399957627,-0.03713672236,0.02135974355,1
0.148614794,0.07596961409,-0.04507892579,0.01753241569,1
0.148614794,0.07793965936,-0.05782750994,0.00780543359,2
0.148614794,0.07990969718,-0.08088810742,0.002071780153,1
0.148614794,0.08187973499,-0.07280798256,0.001089293743,1
0.148614794,0.08384977281,-0.06547085941,0.009813942946,1
0.148614794,0.08581981063,-0.05087086186,0.0009028077475,1
0.148614794,0.08778984845,-0.04455602169,0.0007110623992,1
0.148614794,0.08975988626,-0.0494158715,0.008466709405,2
0.148614794,0.09172992408,-0.05380381644,0.01753971912,2
0.148614794,0.0936999619,-0.06256507337,0.02276600897,1
0.148614794,0.09567000717,-0.07345448434,0.003606498009,1
0.148614794,0.09764004499,-0.06931328773,0.008117327467,1
0.148614794,0.09961008281,-0.06213894859,0.01228166465,3
0.148614794,0.1015801206,-0.05761856958,0.006494931877,2
0.148614794,0.1035501584,-0.05680553988,0.008779997937,1
0.148614794,0.1055201963,-0.02077139728,-0.003098908579,1
0.148614794,0.1074902341,0.004193246365,-0.005546321627,1
0.148614794,0.1094602719,0.003867324209,-0.002383766463,1
0.148614794,0.1114303172,-0.0008640746237,-0.0003165498783,1
0.148614794,0.113400355,-0.004210785963,0.0005032042391,1
0.148614794,0.1153703928,0.00450650556,-0.0009244208341,1
0.148614794,0.1173404306,0.01379427966,-0.0005195123376,1
0.1505848318,0.04838907719,0.003506532172,0.004723937251,1
0.1505848318,0.050359115,0.001295169466,0.005983208306,1
0.1505848318,0.05232915282,-3.50235714e-05,0.00421612896,1
0.1505848318,0.05429919064,-0.001910843304,0.003752058838,1
0.1505848318,0.05626922846,-0.00191867596,0.003304068232,1
0.1505848318,0.05823927,-0.002077351557,0.003001412144,1
0.1505848318,0.06020930782,-0.006205068436,0.002792027313,1
0.1505848318,0.06217934564,-0.01529008616,0.0009783304995,1
0.1505848318,0.06414938718,-0.02072614804,-0.001326320809,1
0.1505848318,0.066119425,-0.02656935155,-0.001124504721,1
0.1505848318,0.06808946282,-0.03090645187,0.001374954591,1
0.1505848318,0.07005950063,-0.02594998106,0.01268485654,1
0.1505848318,0.07202953845,-0.02828564122,0.0189333763,1
0.1505848318,0.07399957627,-0.04428130388,0.01989051327,1
0.1505848318,0.07596961409,-0.05409435555,0.02026631497,1
0.1505848318,0.07793965936,-0.04393153265,0.0098718917,2
0.1505848318,0.07990969718,-0.04723518342,0.003228294663,2
0.1505848318,0.08187973499,-0.04858313873,-0.0008339268388,2
0.1505848318,0.08384977281,-0.0559078753,-0.002812810009,1
0.1505848318,0.08581981063,-0.04805802181,0.007393077947,1
0.1505848318,0.08778984845,-0.04294700176,0.006238760427,2
0.1505848318,0.08975988626,-0.03699643165,0.009435765445,2
0.1505848318,0.09172992408,-0.03620038554,0.01924881712,1
0.1505848318,0.0936999619,-0.05529495701,0.007932891138,1
0.1505848318,0.09567000717,-0.06716518849,0.004358164035,1
0.1505848318,0.09764004499,-0.07004135847,0.006773839239,1
0.1505848318,0.09961008281,-0.07058338821,-0.007207729854,1
0.1505848318,0.1015801206,-0.04815533757,-0.00230102241,2
0.1505848318,0.1035501584,-0.03367829323,-0.003125861054,2
0.1505848318,0.1055201963,-0.01004553679,-0.01412750315,1
0.1505848318,0.1074902341,-0.001614164328,-0.007662713528,1
0.1505848318,0.1094602719,-0.0001666992466,-0.004305030685,1
0.1505848318,0.1114303172,-0.002355815144,-0.001245235442,1
0.1505848318,0.113400355,-0.002842559945,-9.385182784e-05,1
0.1505848318,0.1153703928,0.002198181115,-0.001902820077,1
0.1505848318,0.1173404306,0.001714998274,-0.0004679784179,1
0.1525548697,0.04838907719,0.006574619561,0.008245122619,1
0.1525548697,0.050359115,0.002709642984,0.004972821102,1
0.1525548697,0.05232915282,0.002037945902,0.00337539427,1
0.1525548697,0.05429919064,0.0003252025344,0.004295003135,1
0.1525548697,0.05626922846,-0.001370218582,0.003840599908,1
0.1525548697,0.05823927,-0.004105937202,0.003445393872,1
0.1525548697,0.06020930782,-0.007860684767,0.003281233832,1
0.1525548697,0.06217934564,-0.01663563587,-0.001729587093,1
0.1525548697,0.06414938718,-0.02342718467,-0.003625129117,1
0.1525548697,0.066119425,-0.02876222692,-0.001663601492,1
0.1525548697,0.06808946282,-0.02910990454,0.002704876242,1
0.1525548697,0.07005950063,-0.02067985386,0.01337164361,1
0.1525548697,0.07202953845,-0.01957563311,0.01926888525,1
0.1525548697,0.07399957627,-0.02044065483,0.01622840017,2
0.1525548697,0.07596961409,-0.02145158499,0.01392901782,2
0.1525548697,0.07793965936,-0.01656908356,0.008187523112,2
0.1525548697,0.07990969718,-0.01553796045,0.001803433639,2
0.1525548697,0.08187973499,-0.0183815062,-0.004840485752,2
0.1525548697,0.08384977281,-0.02473702841,-0.002977832919,2
0.1525548697,0.08581981063,-0.02662808076,0.0025270693,2
0.1525548697,0.08778984845,-0.04217753187,0.007415135391,1
0.1525548697,0.08975988626,-0.01942247525,0.00378877623,2
0.1525548697,0.09172992408,-0.02188881114,0.004642314278,2
0.1525548697,0.0936999619,-0.04925787821,-0.004973273724,1
0.1525548697,0.09567000717,-0.06324645132,-0.003579042386,1
0.1525548697,0.09764004499,-0.05334544927,-0.002412156435,1
0.1525548697,0.09961008281,-0.04818426073,-0.01225106698,1
0.1525548697,0.1015801206,-0.03074110299,-0.005365430377,2
0.1525548697,0.1035501584,-0.01970675029,-0.004854916129,2
0.1525548697,0.1055201963,-0.005220576655,-0.006189011503,1
0.1525548697,0.1074902341,0.0009104171186,-0.005338108167,1
0.1525548697,0.1094602719,-3.15121215e-05,-0.004325872287,1
0.1525548697,0.1114303172,-0.002001392189,-0.001833432587,1
0.1525548697,0.113400355,-0.001384476782,9.818792751e-05,1
0.1525548697,0.1153703928,-0.009584844112,0.000192196545,1
0.1525548697,0.1173404306,0.00373052503,-0.002938421443,1
0.1545249075,0.04838907719,0.004241236951,0.007067074534,1
0.1545249075,0.050359115,0.002535389503,0.005104485899,1
0.1545249075,0.05232915282,0.001760095125,0.003602702636,1
0.1545249075,0.05429919064,0.0006323792622,0.003292936832,1
0.1545249075,0.05626922846,-0.001033662236,0.003078382462,1
0.1545249075,0.05823927,-0.003454679856,0.004264108837,1
0.1545249075,0.06020930782,-0.002352312906,0.00365678966,1
0.1545249075,0.06217934564,-0.007228441071,0.0006103676278,1
0.1545249075,0.06414938718,-0.01281199045,-0.001154194819,1
0.1545249075,0.066119425,-0.0123296408,-0.0004964784603,1
0.1545249075,0.06808946282,-0.008155117743,0.004279769491,1
0.1545249075,0.07005950063,0.0003530136892,0.01198113617,1
0.1545249075,0.07202953845,0.005036082584,0.00561802648,1
0.1545249075,0.07399957627,0.003545905231,0.01182518341,1
0.1545249075,0.07596961409,0.005297755823,0.01103383116,1
0.1545249075,0.07793965936,0.01464474574,0.007145749405,1
0.1545249075,0.07990969718,0.02003392763,0.000638402882,1
0.1545249075,0.08187973499,0.0153321065,-0.01735361665,1
0.1545249075,0.08384977281,0.00196934212,-0.006785105914,2
0.1545249075,0.08581981063,0.008460259065,-0.001722102985,1
0.1545249075,0.08778984845,0.01758063026,0.003048914019,1
0.1545249075,0.08975988626,0.02337287925,-0.006338110659,1
0.1545249075,0.09172992408,0.01732549258,0.0005049367901,1
0.1545249075,0.0936999619,-0.005452440586,-0.009531836957,1
0.1545249075,0.09567000717,-0.01922538131,-0.008859313093,1
0.1545249075,0.09764004499,-0.01255529094,-0.004062238615,1
0.1545249075,0.09961008281,-0.008093076758,-0.02021944709,1
0.1545249075,0.1015801206,-0.006918056402,-0.002054715296,1
0.1545249075,0.1035501584,-0.009187032469,-0.004739361815,1
0.1545249075,0.1055201963,-0.005377145018,-0.006314469036,1
0.1545249075,0.1074902341,-0.0007888910477,-0.005504697561,1
0.1545249075,0.1094602719,-0.0007956328918,-0.003519998631,1
0.1545249075,0.1114303172,-0.001944811898,-0.002337597078,1
0.1545249075,0.113400355,-0.001213515876,-0.0008188273059,1
0.1545249075,0.1153703928,-0.01031013299,0.0002580127621,1
0.1545249075,0.1173404306,0.004002467729,-0.002271271776,1
0.1564949453,0.04838907719,3.401658614e-05,0.003468967043,1
0.1564949453,0.050359115,0.002087777713,0.003624684177,1
0.1564949453,0.05232915282,0.001262167003,0.004010794219,1
0.1564949453,0.05429919064,-0.001034057932,0.003448826261,1
0.1564949453,0.05626922846,-0.002409238135,0.002032447839,1
0.1564949453,0.05823927,9.117738227e-05,0.005136635154,1
0.1564949453,0.06020930782,0.004269670229,0.005007886328,1
0.1564949453,0.06217934564,NaN,NaN,0
0.1564949453,0.06414938718,NaN,NaN,0
0.1564949453,0.066119425,NaN,NaN,0
0.1564949453,0.06808946282,NaN,NaN,0
0.1564949453,0.07005950063,NaN,NaN,0
0.1564949453,0.07202953845,NaN,NaN,0
0.1564949453,0.07399957627,NaN,NaN,0
0.1564949453,0.07596961409,NaN,NaN,0
0.1564949453,0.07793965936,NaN,NaN,0
0.1564949453,0.07990969718,NaN,NaN,0
0.1564949453,0.08187973499,NaN,NaN,0
0.1564949453,0.08384977281,NaN,NaN,0
0.1564949453,0.08581981063,NaN,NaN,0
0.1564949453,0.08778984845,NaN,NaN,0
0.1564949453,0.08975988626,NaN,NaN,0
0.1564949453,0.09172992408,NaN,NaN,0
0.1564949453,0.0936999619,NaN,NaN,0
0.1564949453,0.09567000717,NaN,NaN,0
0.1564949453,0.09764004499,NaN,NaN,0
0.1564949453,0.09961008281,NaN,NaN,0
0.1564949453,0.1015801206,NaN,NaN,0
0.1564949453,0.1035501584,NaN,NaN,0
0.1564949453,0.1055201963,-0.0005171615048,-0.005754762329,1
0.1564949453,0.1074902341,0.002118712524,-0.003330514533,1
0.1564949453,0.1094602719,-5.410406811e-05,-0.001934643602,1
0.1564949453,0.1114303172,-0.003300536657,-0.00289669144,1
0.1564949453,0.113400355,-0.002711549867,-0.0005152117228,1
0.1564949453,0.1153703928,-0.001634408836,0.0004335431731,1
0.1564949453,0.1173404306,0.01003312971,0.002392784692,1
0.1584649831,0.04838907719,0.0001656978711,0.00215555774,2
0.1584649831,0.050359115,0.0002973791561,0.0008421483217,1
0.1584649831,0.05232915282,-0.0003198513878,0.001713603619,1
0.1584649831,0.05429919064,-0.003836423624,0.002167166909,1
0.1584649831,0.05626922846,-0.003976352513,0.0001275020913,1
0.1584649831,0.05823927,NaN,NaN,0
0.1584649831,0.06020930782,NaN,NaN,0
0.1584649831,0.06217934564,NaN,NaN,0
0.1584649831,0.06414938718,NaN,NaN,0
0.1584649831,0.066119425,NaN,NaN,0
0.1584649831,0.06808946282,NaN,NaN,0
0.1584649831,0.07005950063,NaN,NaN,0
0.1584649831,0.07202953845,NaN,NaN,0
0.1584649831,0.07399957627,NaN,NaN,0
0.1584649831,0.07596961409,NaN,NaN,0
0.1584649831,0.07793965936,NaN,NaN,0
0.1584649831,0.07990969718,NaN,NaN,0
0.1584649831,0.08187973499,NaN,NaN,0
0.1584649831,0.08384977281,NaN,NaN,0
0.1584649831,0.08581981063,NaN,NaN,0
0.1584649831,0.08778984845,NaN,NaN,0
0.1584649831,0.08975988626,NaN,NaN,0
0.1584649831,0.09172992408,NaN,NaN,0
0.1584649831,0.0936999619,NaN,NaN,0
0.1584649831,0.09567000717,NaN,NaN,0
0.1584649831,0.09764004499,NaN,NaN,0
0.1584649831,0.09961008281,NaN,NaN,0
0.1584649831,0.1015801206,NaN,NaN,0
0.1584649831,0.1035501584,NaN,NaN,0
0.1584649831,0.1055201963,NaN,NaN,0
0.1584649831,0.1074902341,NaN,NaN,0
0.1584649831,0.1094602719,0.001631599269,1.365168373e-05,1
0.1584649831,0.1114303172,-0.004380929284,-0.002472455148,1
0.1584649831,0.113400355,-0.004420006648,-0.0001110460071,1
0.1584649831,0.1153703928,0.002101590391,0.001572597306,1
0.1584649831,0.1173404306,0.00606735982,0.001982690999,2
