x [m],y [m],u [m/s],v [m/s],Vector type [-]
0.02647239529,0.04838907719,-0.01230918989,0.008304218762,2
0.02647239529,0.050359115,-0.02144180052,0.001339441864,3
0.02647239529,0.05232915282,-0.01519825961,-0.003274876857,1
0.02647239529,0.05429919064,-0.0178102646,-0.0001789834059,2
0.02647239529,0.05626922846,-0.01883798465,0.0006995849544,1
0.02647239529,0.05823927,-0.01884094439,0.008314489387,1
0.02647239529,0.06020930782,-0.03011622466,0.007460591383,1
0.02647239529,0.06217934564,-0.04120285064,0.002814302687,1
0.02647239529,0.06414938718,-0.03372026607,0.005331553053,1
0.02647239529,0.066119425,-0.0262250714,0.006691400427,1
0.02647239529,0.06808946282,-0.02745204419,0.004199706484,1
0.02647239529,0.07005950063,-0.03038804978,0.000398638047,1
0.02647239529,0.07202953845,-0.03532798588,-0.005330252461,1
0.02647239529,0.07399957627,-0.04031480476,-0.01502833888,1
0.02647239529,0.07596961409,-0.04953093827,-0.01780027896,1
0.02647239529,0.07793965936,-0.05106510594,-0.01631392539,1
0.02647239529,0.07990969718,-0.04743032157,-0.01094853692,1
0.02647239529,0.08187973499,-0.0475724563,-0.006509116385,1
0.02647239529,0.08384977281,-0.04647969455,-0.004836039618,1
0.02647239529,0.08581981063,-0.04211012274,-0.01033284515,1
0.02647239529,0.08778984845,-0.02878284082,-0.002319570864,1
0.02647239529,0.08975988626,-0.02429070324,-0.003121222137,1
0.02647239529,0.09172992408,-0.02217644267,0.0005619729636,1
0.02647239529,0.0936999619,-0.02490932494,0.005175957922,1
0.02647239529,0.09567000717,-0.02855627425,0.001262866659,1
0.02647239529,0.09764004499,-0.03762993589,-0.001831004163,1
0.02647239529,0.09961008281,-0.04682549462,-0.0006673844182,1
0.02647239529,0.1015801206,-0.03376751393,-0.001079513226,1
0.02647239529,0.1035501584,-0.02497117594,-0.003955611028,1
0.02647239529,0.1055201963,-0.02314309776,-0.004350440111,1
0.02647239529,0.1074902341,-0.02046401985,-0.001610470819,1
0.02647239529,0.1094602719,-0.02489170432,0.0003596509632,1
0.02647239529,0.1114303172,-0.02064233646,0.001160550979,1
0.02647239529,0.113400355,-0.0154015068,0.0003245428379,1
0.02647239529,0.1153703928,-0.01241991669,-0.003588905092,1
0.02647239529,0.1173404306,-0.01068769582,-0.007285874803,1
0.0284424331,0.04838907719,-0.003176579718,0.0152689945,1
0.0284424331,0.050359115,-0.0116072325,0.004723260179,1
0.0284424331,0.05232915282,-0.01812584512,-0.0004596300423,1
0.0284424331,0.05429919064,-0.01939454488,0.002038341714,1
0.0284424331,0.05626922846,-0.02010990493,0.006430621725,1
0.0284424331,0.05823927,-0.02293865941,0.005775132217,1
0.0284424331,0.06020930782,-0.03325677291,0.0008768331609,1
0.0284424331,0.06217934564,-0.041712448,-0.001793434843,1
0.0284424331,0.06414938718,-0.03690683097,0.0008953723591,1
0.0284424331,0.066119425,-0.03575215116,-1.336875448e-05,1
0.0284424331,0.06808946282,-0.03103077225,0.001822958235,1
0.0284424331,0.07005950063,-0.03281608969,-0.00267618848,1
0.0284424331,0.07202953845,-0.0364924334,-0.006103828084,1
0.0284424331,0.07399957627,-0.04027535394,-0.009561030194,1
0.0284424331,0.07596961409,-0.04938114807,-0.0122800637,1
0.0284424331,0.07793965936,-0.05549874157,-0.01330418885,1
0.0284424331,0.07990969718,-0.05134784058,-0.01245863549,1
0.0284424331,0.08187973499,-0.04905865714,-0.009920900688,1
0.0284424331,0.08384977281,-0.04285369441,-0.009290998802,1
0.0284424331,0.08581981063,-0.03737613931,-0.007207591087,1
0.0284424331,0.08778984845,-0.03264346719,-0.005957272835,1
0.0284424331,0.08975988626,-0.03161536902,-0.004495998845,1
0.0284424331,0.09172992408,-0.03052495234,-0.0003374472435,1
0.0284424331,0.0936999619,-0.03012787737,0.002670191694,1
0.0284424331,0.09567000717,-0.0322034955,0.00569593301,1
0.0284424331,0.09764004499,-0.03767569736,0.01036892086,1
0.0284424331,0.09961008281,-0.03744157031,0.009207686409,1
0.0284424331,0.1015801206,-0.0335084796,0.0006158076576,1
0.0284424331,0.1035501584,-0.02173583023,-0.004969899543,1
0.0284424331,0.1055201963,-0.01799215004,-0.00385477487,1
0.0284424331,0.1074902341,-0.01763997413,-0.002348309616,1
0.0284424331,0.1094602719,-0.02164341882,-0.001233428833,1
0.0284424331,0.1114303172,-0.01808327995,-0.00135404116,1
0.0284424331,0.113400355,-0.01554091834,-0.00174457836,1
0.0284424331,0.1153703928,-0.01373831835,-0.003199231811,1
0.0284424331,0.1173404306,-0.01336560305,-0.002492262749,1
0.03041247278,0.04838907719,-0.02287250571,-0.00327402167,1
0.03041247278,0.050359115,-0.01816648245,0.001288185362,1
0.03041247278,0.05232915282,-0.01959667541,0.002858448541,1
0.03041247278,0.05429919064,-0.01951675117,0.006287571508,1
0.03041247278,0.05626922846,-0.02021065168,0.008053006604,1
0.03041247278,0.05823927,-0.02538681403,0.005257303827,1
0.03041247278,0.06020930782,-0.03349794447,-0.0001178731181,1
0.03041247278,0.06217934564,-0.0380724743,-0.006194800604,1
0.03041247278,0.06414938718,-0.04201331362,-0.009000388905,1
0.03041247278,0.066119425,-0.04033499211,-0.009519117884,1
0.03041247278,0.06808946282,-0.03325228393,-0.005526035558,1
0.03041247278,0.07005950063,-0.03055571951,-0.002492191968,1
0.03041247278,0.07202953845,-0.03238612041,-0.00436819857,1
0.03041247278,0.07399957627,-0.04162463546,-0.006095344666,1
0.03041247278,0.07596961409,-0.04830737785,-0.007377867121,1
0.03041247278,0.07793965936,-0.05171917379,-0.01144110318,1
0.03041247278,0.07990969718,-0.05524878204,-0.01253073476,1
0.03041247278,0.08187973499,-0.0532406047,-0.01279182546,1
0.03041247278,0.08384977281,-0.04348854348,-0.01223912369,1
0.03041247278,0.08581981063,-0.04102115706,-0.01211091317,1
0.03041247278,0.08778984845,-0.03296065331,-0.007580600679,1
0.03041247278,0.08975988626,-0.0292307362,-0.003170875367,1
0.03041247278,0.09172992408,-0.03358991817,-0.0010221306,1
0.03041247278,0.0936999619,-0.03756458312,0.001631786232,1
0.03041247278,0.09567000717,-0.03951475024,0.00507144304,1
0.03041247278,0.09764004499,-0.03661226109,0.00691396324,2
0.03041247278,0.09961008281,-0.03193478286,0.005970737897,2
0.03041247278,0.1015801206,-0.02485824004,0.001513950061,1
0.03041247278,0.1035501584,-0.02161717042,-0.002041284461,1
0.03041247278,0.1055201963,-0.01729517989,-0.002069880487,1
0.03041247278,0.1074902341,-0.01590249501,-0.001351305982,1
0.03041247278,0.1094602719,-0.01559441816,-0.0005010236055,1
0.03041247278,0.1114303172,-0.01582560502,-0.001987393713,1
0.03041247278,0.113400355,-0.01332940813,-0.002353467979,1
0.03041247278,0.1153703928,-0.01191766839,-0.003670769744,1
0.03041247278,0.1173404306,-0.01325762831,-0.002419363009,1
0.0323825106,0.04838907719,-0.02639953606,-0.006126533262,1
0.0323825106,0.050359115,-0.01934749261,0.002478286158,1
0.0323825106,0.05232915282,-0.01691727713,0.005782298744,1
0.0323825106,0.05429919064,-0.01715107821,0.008192055859,1
0.0323825106,0.05626922846,-0.02061927319,0.007041564677,1
0.0323825106,0.05823927,-0.02797974832,0.005199358799,1
0.0323825106,0.06020930782,-0.03545324132,0.002244270639,1
0.0323825106,0.06217934564,-0.03929590806,-0.002749947831,1
0.0323825106,0.06414938718,-0.04097612575,-0.009709770791,1
0.0323825106,0.066119425,-0.03916846588,-0.01202546526,1
0.0323825106,0.06808946282,-0.03135742247,-0.007678510156,1
0.0323825106,0.07005950063,-0.03222016245,-0.003736036597,1
0.0323825106,0.07202953845,-0.03232995793,-0.004938930273,1
0.0323825106,0.07399957627,-0.04147205129,-0.005328841973,1
0.0323825106,0.07596961409,-0.05062591657,-0.005988729186,1
0.0323825106,0.07793965936,-0.06017400324,-0.006902934052,1
0.0323825106,0.07990969718,-0.06207337976,-0.01114146784,1
0.0323825106,0.08187973499,-0.05864476785,-0.01021929178,1
0.0323825106,0.08384977281,-0.04563174397,-0.01011045836,1
0.0323825106,0.08581981063,-0.04377191514,-0.01101783663,1
0.0323825106,0.08778984845,-0.04022320732,-0.007725355215,1
0.0323825106,0.08975988626,-0.03805617988,-0.001649390091,1
0.0323825106,0.09172992408,-0.04258620366,-0.0021112205,1
0.0323825106,0.0936999619,-0.04637032375,-0.0004440474149,1
0.0323825106,0.09567000717,-0.04529100284,0.001826419611,1
0.0323825106,0.09764004499,-0.03732381389,0.006244749296,1
0.0323825106,0.09961008281,-0.02882706001,0.00624735374,1
0.0323825106,0.1015801206,-0.02097141929,0.0006397572579,1
0.0323825106,0.1035501584,-0.01602848247,-0.001987412106,1
0.0323825106,0.1055201963,-0.0139564639,-0.002040822525,1
0.0323825106,0.1074902341,-0.01433690451,-0.001454619342,1
0.0323825106,0.1094602719,-0.01470353641,-0.001524009858,1
0.0323825106,0.1114303172,-0.01471949555,-0.00300794025,1
0.0323825106,0.113400355,-0.01182231214,-0.002418247983,1
0.0323825106,0.1153703928,-0.01060385164,-0.003331849584,1
0.0323825106,0.1173404306,-0.01018006634,-0.00165189174,1
0.03435254842,0.04838907719,-0.02143785544,-0.001823803526,1
0.03435254842,0.050359115,-0.01789816655,0.004574579187,1
0.03435254842,0.05232915282,-0.01693914644,0.006320581306,1
0.03435254842,0.05429919064,-0.01843483932,0.009682754986,1
0.03435254842,0.05626922846,-0.02171177417,0.007561357692,1
0.03435254842,0.05823927,-0.02964284644,0.00230971002,1
0.03435254842,0.06020930782,-0.03424090147,0.002562390873,1
0.03435254842,0.06217934564,-0.04201139137,-3.487748108e-05,1
0.03435254842,0.06414938718,-0.04085730389,-0.01041767653,1
0.03435254842,0.066119425,-0.03319057077,-0.01615185477,1
0.03435254842,0.06808946282,-0.03340714797,-0.009851851501,1
0.03435254842,0.07005950063,-0.0300413426,-0.007679169998,1
0.03435254842,0.07202953845,-0.03086296469,-0.007568724919,1
0.03435254842,0.07399957627,-0.03568002209,-0.006644268986,1
0.03435254842,0.07596961409,-0.04846456274,-0.005408680066,1
0.03435254842,0.07793965936,-0.0548430942,-0.00613515079,1
0.03435254842,0.07990969718,-0.05574996024,-0.01109143905,1
0.03435254842,0.08187973499,-0.05192637444,-0.00718430616,1
0.03435254842,0.08384977281,-0.04688686505,-0.007340015844,1
0.03435254842,0.08581981063,-0.04533849657,-0.009839385748,1
0.03435254842,0.08778984845,-0.04574638978,-0.008795744739,1
0.03435254842,0.08975988626,-0.04611190408,-0.007718218956,1
0.03435254842,0.09172992408,-0.05017644539,-0.002343140775,1
0.03435254842,0.0936999619,-0.0517725125,-0.0007902603829,1
0.03435254842,0.09567000717,-0.04685601965,0.0008866463904,1
0.03435254842,0.09764004499,-0.04029849172,0.001373011852,1
0.03435254842,0.09961008281,-0.03161887079,0.0008339688648,1
0.03435254842,0.1015801206,-0.02139908262,-0.0004887396353,1
0.03435254842,0.1035501584,-0.01419804804,-0.002786380937,1
0.03435254842,0.1055201963,-0.01054178178,-0.004262325354,1
0.03435254842,0.1074902341,-0.01268501487,-0.00316734612,1
0.03435254842,0.1094602719,-0.01515592262,-0.002094027353,1
0.03435254842,0.1114303172,-0.01683646254,-0.001906658174,1
0.03435254842,0.113400355,-0.01561191399,-0.00113470736,1
0.03435254842,0.1153703928,-0.01071762666,0.0006555408472,1
0.03435254842,0.1173404306,-0.007750302088,-0.00282460195,1
0.03632258996,0.04838907719,-0.01413288806,0.001311685424,1
0.03632258996,0.050359115,-0.01430397853,0.003131246893,1
0.03632258996,0.05232915282,-0.01697421446,0.00372284255,1
0.03632258996,0.05429919064,-0.02168863453,0.001233514748,1
0.03632258996,0.05626922846,-0.02667347156,-0.0007544514956,1
0.03632258996,0.05823927,-0.03099342249,-0.0006732743932,1
0.03632258996,0.06020930782,-0.03370041773,-0.001553875627,1
0.03632258996,0.06217934564,-0.0410037078,-0.003989688586,1
0.03632258996,0.06414938718,-0.04289292544,-0.0106807081,1
0.03632258996,0.066119425,-0.03773453087,-0.01474896912,1
0.03632258996,0.06808946282,-0.03572140634,-0.00958679989,1
0.03632258996,0.07005950063,-0.03019453399,-0.009653018788,1
0.03632258996,0.07202953845,-0.03169956058,-0.01116519887,1
0.03632258996,0.07399957627,-0.03515103832,-0.01064770389,1
0.03632258996,0.07596961409,-0.04554923624,-0.006779285613,1
0.03632258996,0.07793965936,-0.05412231386,-0.005567300133,1
0.03632258996,0.07990969718,-0.05909341946,-0.008852675557,1
0.03632258996,0.08187973499,-0.05103414878,-0.009814067744,1
0.03632258996,0.08384977281,-0.05068518221,-0.007695137989,1
0.03632258996,0.08581981063,-0.0504648909,-0.004472523928,1
0.03632258996,0.08778984845,-0.04909615219,-0.003067401471,1
0.03632258996,0.08975988626,-0.04937160388,-0.002646008041,1
0.03632258996,0.09172992408,-0.05753710121,-0.001499161241,1
0.03632258996,0.0936999619,-0.05554077402,-0.0001484160166,1
0.03632258996,0.09567000717,-0.04850769788,0.0001463668159,1
0.03632258996,0.09764004499,-0.04264067858,-0.0005985143362,1
0.03632258996,0.09961008281,-0.03053118102,-0.006000345107,1
0.03632258996,0.1015801206,-0.02055614814,-0.007193662226,1
0.03632258996,0.1035501584,-0.01451824605,-0.008165824227,1
0.03632258996,0.1055201963,-0.01127955131,-0.007670437451,1
0.03632258996,0.1074902341,-0.01169769187,-0.006339585874,1
0.03632258996,0.1094602719,-0.01684971713,-0.001659468515,1
0.03632258996,0.1114303172,-0.01793964393,-0.0004687892215,1
0.03632258996,0.113400355,-0.01578703895,0.0001202995845,1
0.03632258996,0.1153703928,-0.008874747902,-0.0005949507467,1
0.03632258996,0.1173404306,-0.004123341292,-0.003672983497,1
0.03829262778,0.04838907719,-0.01070261747,0.002664915752,1
0.03829262778,0.050359115,-0.0136722289,0.0005204683403,1
0.03829262778,0.05232915282,-0.01713239215,0.0004442040517,1
0.03829262778,0.05429919064,-0.02825746313,-0.007328764535,1
0.03829262778,0.05626922846,-0.03184009343,-0.005673791282,1
0.03829262778,0.05823927,-0.03436590731,-0.001731270691,1
0.03829262778,0.06020930782,-0.03701305389,-0.003803774249,1
0.03829262778,0.06217934564,-0.03907744586,-0.007310756017,1
0.03829262778,0.06414938718,-0.04124202952,-0.009180267341,1
0.03829262778,0.066119425,-0.04351851717,-0.006114414893,1
0.03829262778,0.06808946282,-0.03624470532,-0.01410873048,1
0.03829262778,0.07005950063,-0.03438453004,-0.02018381469,1
0.03829262778,0.07202953845,-0.0391266793,-0.009974041954,1
0.03829262778,0.07399957627,-0.04180186614,-0.005841171369,1
0.03829262778,0.07596961409,-0.04803175479,-0.008517849259,1
0.03829262778,0.07793965936,-0.05462500826,-0.007941633463,1
0.03829262778,0.07990969718,-0.05684254691,-0.006826067343,1
0.03829262778,0.08187973499,-0.05232701823,-0.01219349913,1
0.03829262778,0.08384977281,-0.05592328683,-0.007538054138,1
0.03829262778,0.08581981063,-0.05525757372,-0.00161450298,1
0.03829262778,0.08778984845,-0.05249142647,-0.0005604442558,1
0.03829262778,0.08975988626,-0.05371950939,-0.0004371597024,1
0.03829262778,0.09172992408,-0.05631596968,-0.001508938964,1
0.03829262778,0.0936999619,-0.05157581344,-0.004310621414,1
0.03829262778,0.09567000717,-0.04696167633,-0.002215309069,1
0.03829262778,0.09764004499,-0.03877219185,-0.001147744479,1
0.03829262778,0.09961008281,-0.02040827274,0.001800058177,1
0.03829262778,0.1015801206,-0.01743599772,-0.008985731751,1
0.03829262778,0.1035501584,-0.01421789359,-0.01003478467,1
0.03829262778,0.1055201963,-0.01527174935,-0.007998435758,1
0.03829262778,0.1074902341,-0.01628397219,-0.003862466663,1
0.03829262778,0.1094602719,-0.01868899539,0.001134057413,1
0.03829262778,0.1114303172,-0.02019331232,0.00251291832,1
0.03829262778,0.113400355,-0.01265177503,-0.0026114434,1
0.03829262778,0.1153703928,-0.009627548978,-0.00271651824,1
0.03829262778,0.1173404306,-0.004764162935,-0.002317562699,1
0.0402626656,0.04838907719,-0.008133162744,0.001540795318,1
0.0402626656,0.050359115,-0.01939651556,-0.002730283886,1
0.0402626656,0.05232915282,-0.02440333739,-0.002779338742,2
0.0402626656,0.05429919064,-0.03447396308,-0.003763871035,2
0.0402626656,0.05626922846,-0.04551072791,-0.001623546937,1
0.0402626656,0.05823927,-0.03809550405,-0.000185066252,1
0.0402626656,0.06020930782,-0.03912848234,-0.001522075152,1
0.0402626656,0.06217934564,-0.03614543751,-0.009244577028,1
0.0402626656,0.06414938718,-0.03969924524,-0.01063373778,1
0.0402626656,0.066119425,-0.03678517789,-0.01634482853,1
0.0402626656,0.06808946282,-0.03333921731,-0.0199275054,1
0.0402626656,0.07005950063,-0.03902001679,-0.02354244143,1
0.0402626656,0.07202953845,-0.04419498518,-0.01503195707,1
0.0402626656,0.07399957627,-0.04699381068,-0.006742480677,1
0.0402626656,0.07596961409,-0.05076000839,-0.007422635332,1
0.0402626656,0.07793965936,-0.05348056927,-0.008623780683,1
0.0402626656,0.07990969718,-0.05607135221,-0.01183121372,1
0.0402626656,0.08187973499,-0.05460737273,-0.01366378367,1
0.0402626656,0.08384977281,-0.05494234711,-0.007320775185,1
0.0402626656,0.08581981063,-0.05503600463,-0.00300542335,1
0.0402626656,0.08778984845,-0.05103605613,-0.001678250614,1
0.0402626656,0.08975988626,-0.05368902162,-0.001746344729,1
0.0402626656,0.09172992408,-0.05193896964,-0.003766787006,1
0.0402626656,0.0936999619,-0.04609847814,-0.007377312053,1
0.0402626656,0.09567000717,-0.03931091726,-0.005486098584,1
0.0402626656,0.09764004499,-0.03267966956,-0.003597859992,1
0.0402626656,0.09961008281,-0.01983352005,-0.00741700409,1
0.0402626656,0.1015801206,-0.01522085723,-0.008215328678,1
0.0402626656,0.1035501584,-0.014151996,-0.008502679877,1
0.0402626656,0.1055201963,-0.01521351002,-0.007545992266,1
0.0402626656,0.1074902341,-0.01569594443,-0.003526448971,1
0.0402626656,0.1094602719,-0.01690022089,-0.002381435363,1
0.0402626656,0.1114303172,-0.01638448611,-0.001835925621,1
0.0402626656,0.113400355,-0.01097264048,-0.004239776637,1
0.0402626656,0.1153703928,-0.01410182007,-0.002814701758,1
0.0402626656,0.1173404306,-0.01233025175,-0.001281058649,1
0.04223270342,0.04838907719,-0.004048574716,-0.005116107874,1
0.04223270342,0.050359115,-0.0163952671,-0.009679663926,1
0.04223270342,0.05232915282,-0.02661048248,-0.005067403894,2
0.04223270342,0.05429919064,-0.0397243239,-0.003323834157,1
0.04223270342,0.05626922846,-0.03759782016,-0.001189297414,1
0.04223270342,0.05823927,-0.03580807149,0.01146071777,1
0.04223270342,0.06020930782,-0.03758788854,0.00609814655,1
0.04223270342,0.06217934564,-0.03931451961,0.002756064525,1
0.04223270342,0.06414938718,-0.03841276467,-0.006908719428,1
0.04223270342,0.066119425,-0.03660345078,-0.0185775198,1
0.04223270342,0.06808946282,-0.03885243833,-0.02487684414,1
0.04223270342,0.07005950063,-0.04476957023,-0.02392250113,1
0.04223270342,0.07202953845,-0.05326947197,-0.01841921359,1
0.04223270342,0.07399957627,-0.05572849885,-0.01149225421,1
0.04223270342,0.07596961409,-0.05532095581,-0.008153784089,1
0.04223270342,0.07793965936,-0.05133929849,-0.01078624837,1
0.04223270342,0.07990969718,-0.05824045092,-0.01245447062,1
0.04223270342,0.08187973499,-0.06003872678,-0.01075851545,1
0.04223270342,0.08384977281,-0.0563811101,-0.006271799095,1
0.04223270342,0.08581981063,-0.05309783667,-0.00378561765,1
0.04223270342,0.08778984845,-0.04995598271,-0.0008852325263,1
0.04223270342,0.08975988626,-0.04935212806,-0.001319059869,1
0.04223270342,0.09172992408,-0.0494017899,-0.003832915798,1
0.04223270342,0.0936999619,-0.04502672702,-0.006313297898,1
0.04223270342,0.09567000717,-0.04031612352,-0.006554953288,2
0.04223270342,0.09764004499,-0.03309525922,-0.01142497268,1
0.04223270342,0.09961008281,-0.02446467616,-0.01259251684,1
0.04223270342,0.1015801206,-0.01966086961,-0.008611272089,1
0.04223270342,0.1035501584,-0.01685955003,-0.006063667126,1
0.04223270342,0.1055201963,-0.01488872152,-0.004488173872,1
0.04223270342,0.1074902341,-0.0163088683,-0.005288286135,1
0.04223270342,0.1094602719,-0.01617018692,-0.00618192507,1
0.04223270342,0.1114303172,-0.01460632961,-0.005172888748,1
0.04223270342,0.113400355,-0.01339905802,-0.002847724594,1
0.04223270342,0.1153703928,-0.01304519735,-0.001481918036,1
0.04223270342,0.1173404306,-0.01151881926,0.001207128633,1
0.04420274496,0.04838907719,-0.0172943715,-0.005103761796,1
0.04420274496,0.050359115,-0.01283885911,-0.01121823583,1
0.04420274496,0.05232915282,-0.02591899782,-0.004486778751,1
0.04420274496,0.05429919064,-0.03078763001,-0.001236699056,1
0.04420274496,0.05626922846,-0.03411821648,-0.002067724941,1
0.04420274496,0.05823927,-0.03488316759,0.007402115501,1
0.04420274496,0.06020930782,-0.03381290659,0.002570261713,1
0.04420274496,0.06217934564,-0.03403631598,6.759854296e-05,1
0.04420274496,0.06414938718,-0.03214393184,-0.003621871816,1
0.04420274496,0.066119425,-0.03347854689,-0.01773459464,1
0.04420274496,0.06808946282,-0.04271618277,-0.02577087097,1
0.04420274496,0.07005950063,-0.04531397298,-0.01782687195,1
0.04420274496,0.07202953845,-0.05443336442,-0.01639642566,1
0.04420274496,0.07399957627,-0.05735576525,-0.01352060866,1
0.04420274496,0.07596961409,-0.05577771738,-0.01024134923,1
0.04420274496,0.07793965936,-0.05071108043,-0.009583178908,1
0.04420274496,0.07990969718,-0.05374667794,-0.008974618278,1
0.04420274496,0.08187973499,-0.05313048512,-0.004205688369,1
0.04420274496,0.08384977281,-0.05090379715,-0.00165530853,1
0.04420274496,0.08581981063,-0.05663126707,-0.0005351511645,1
0.04420274496,0.08778984845,-0.05349650607,0.001825599233,1
0.04420274496,0.08975988626,-0.04632146657,0.002294666832,1
0.04420274496,0.09172992408,-0.04375763983,0.001381088514,1
0.04420274496,0.0936999619,-0.04328199476,-0.001839348697,1
0.04420274496,0.09567000717,-0.04383159056,-0.002995444695,1
0.04420274496,0.09764004499,-0.0401770249,-0.00373559841,1
0.04420274496,0.09961008281,-0.03671111539,-0.009686183184,1
0.04420274496,0.1015801206,-0.02229441889,-0.004551028833,1
0.04420274496,0.1035501584,-0.02269985527,-0.0080025075,1
0.04420274496,0.1055201963,-0.02086356096,-0.008784322068,1
0.04420274496,0.1074902341,-0.01884605549,-0.005284717306,1
0.04420274496,0.1094602719,-0.01761226915,-0.006809135899,1
0.04420274496,0.1114303172,-0.01574931107,-0.005659824703,1
0.04420274496,0.113400355,-0.01404903177,-0.002806390403,1
0.04420274496,0.1153703928,-0.01336105354,-0.001552958391,1
0.04420274496,0.1173404306,-0.01139895897,0.001107734279,1
0.04617278278,0.04838907719,0.0009641585057,-0.004236621317,1
0.04617278278,0.050359115,-0.01444947906,-0.001442030189,1
0.04617278278,0.05232915282,-0.01200777758,0.003847631393,1
0.04617278278,0.05429919064,-0.02338974364,-0.001452140161,2
0.04617278278,0.05626922846,-0.03065197542,-0.00542581873,1
0.04617278278,0.05823927,-0.03270990774,-0.006997160148,1
0.04617278278,0.06020930782,-0.03157321736,-0.008066602051,1
0.04617278278,0.06217934564,-0.02923974395,-0.005217507016,1
0.04617278278,0.06414938718,-0.02863582596,-0.006996780634,1
0.04617278278,0.066119425,-0.03067674115,-0.01394104678,1
0.04617278278,0.06808946282,-0.03704337403,-0.01532572135,1
0.04617278278,0.07005950063,-0.04157781973,-0.01567096449,1
0.04617278278,0.07202953845,-0.0490796864,-0.01610998251,1
0.04617278278,0.07399957627,-0.05179965496,-0.01454518549,1
0.04617278278,0.07596961409,-0.04447899386,-0.01052225567,1
0.04617278278,0.07793965936,-0.0440572761,-0.006721461657,1
0.04617278278,0.07990969718,-0.04567974061,-0.005008361302,1
0.04617278278,0.08187973499,-0.04549934343,-0.003038886702,1
0.04617278278,0.08384977281,-0.04550775513,-0.001023480552,1
0.04617278278,0.08581981063,-0.05410335585,0.001194272074,1
0.04617278278,0.08778984845,-0.05453431979,0.003858811222,1
0.04617278278,0.08975988626,-0.04588710144,0.003786794608,1
0.04617278278,0.09172992408,-0.04293193668,0.003311543958,1
0.04617278278,0.0936999619,-0.04209997132,0.0001402603521,1
0.04617278278,0.09567000717,-0.04343135282,-0.001434959471,1
0.04617278278,0.09764004499,-0.04113822058,-0.002359705744,1
0.04617278278,0.09961008281,-0.02684152871,-0.004589581396,1
0.04617278278,0.1015801206,-0.02050261013,-0.004989673384,1
0.04617278278,0.1035501584,-0.03198852763,-0.006025723647,1
0.04617278278,0.1055201963,-0.0313853249,-0.005593209527,1
0.04617278278,0.1074902341,-0.02639164589,-0.003834531875,1
0.04617278278,0.1094602719,-0.02134450525,-0.004160334822,1
0.04617278278,0.1114303172,-0.01949690841,-0.003274431219,1
0.04617278278,0.113400355,-0.01655946858,-0.0008019076777,1
0.04617278278,0.1153703928,-0.01364345755,-0.0007311598165,1
0.04617278278,0.1173404306,-0.01067643985,0.0001700639987,1
0.0481428206,0.04838907719,0.005172465928,0.0003154174483,1
0.0481428206,0.050359115,-0.02766785771,0.0005114430678,1
0.0481428206,0.05232915282,-0.008017911576,0.0006120413891,1
0.0481428206,0.05429919064,-0.02011159249,-0.00299367425,1
0.0481428206,0.05626922846,-0.0300994385,-0.007723512594,1
0.0481428206,0.05823927,-0.03072959371,-0.01077407505,1
0.0481428206,0.06020930782,-0.03097810596,-0.009498197585,1
0.0481428206,0.06217934564,-0.03070735373,-0.01058950927,1
0.0481428206,0.06414938718,-0.03217669204,-0.009981850162,1
0.0481428206,0.066119425,-0.03943635896,-0.01446397416,1
0.0481428206,0.06808946282,-0.03574621677,-0.01095246989,1
0.0481428206,0.07005950063,-0.03706517816,-0.01438284852,1
0.0481428206,0.07202953845,-0.03646501899,-0.01793761924,1
0.0481428206,0.07399957627,-0.03685470298,-0.0125362156,1
0.0481428206,0.07596961409,-0.03951719776,-0.01122152247,1
0.0481428206,0.07793965936,-0.04418854788,-0.009210113436,1
0.0481428206,0.07990969718,-0.04695785418,-0.0029483533,1
0.0481428206,0.08187973499,-0.04859323055,-0.003380512353,1
0.0481428206,0.08384977281,-0.0476007387,-0.002065103035,1
0.0481428206,0.08581981063,-0.04734621197,0.0005162563757,1
0.0481428206,0.08778984845,-0.04975432158,0.001840885379,1
0.0481428206,0.08975988626,-0.04650188237,0.005851507653,1
0.0481428206,0.09172992408,-0.04497300833,0.005352384411,1
0.0481428206,0.0936999619,-0.04504453018,-0.001493755495,1
0.0481428206,0.09567000717,-0.04195833579,-0.001952924766,1
0.0481428206,0.09764004499,-0.04026979581,-0.002566669369,1
0.0481428206,0.09961008281,-0.02745926939,-0.002876116429,1
0.0481428206,0.1015801206,-0.0272049848,-0.0001536759519,1
0.0481428206,0.1035501584,-0.03565833718,0.001074170112,1
0.0481428206,0.1055201963,-0.03680762649,-0.0008286749944,1
0.0481428206,0.1074902341,-0.03658783808,-0.001285223989,1
0.0481428206,0.1094602719,-0.02595372312,-0.00396829797,1
0.0481428206,0.1114303172,-0.02357412688,-0.003048736602,1
0.0481428206,0.113400355,-0.02499015257,0.002973255236,1
0.0481428206,0.1153703928,-0.01855567098,0.003086951561,1
0.0481428206,0.1173404306,-0.01413589343,0.004046061542,1
0.05011285841,0.04838907719,0.005972651765,0.003970662132,1
0.05011285841,0.050359115,-0.03000621684,0.002804096555,1
0.05011285841,0.05232915282,-0.03246822953,0.002190255793,1
0.05011285841,0.05429919064,-0.03950576484,-0.001064560725,1
0.05011285841,0.05626922846,-0.03517993167,-0.007670927327,1
0.05011285841,0.05823927,-0.03198366985,-0.007659845985,1
0.05011285841,0.06020930782,-0.03032747842,-0.008471075445,1
0.05011285841,0.06217934564,-0.03139020503,-0.009857903235,1
0.05011285841,0.06414938718,-0.03643351421,-0.007601005025,1
0.05011285841,0.066119425,-0.03986113146,-0.007818144746,1
0.05011285841,0.06808946282,-0.03966640308,-0.009949835949,1
0.05011285841,0.07005950063,-0.03437687829,-0.01563544758,1
0.05011285841,0.07202953845,-0.03330569714,-0.01662089303,1
0.05011285841,0.07399957627,-0.03394095972,-0.010236484,1
0.05011285841,0.07596961409,-0.03948998824,-0.009447515011,1
0.05011285841,0.07793965936,-0.04596072435,-0.007763011847,1
0.05011285841,0.07990969718,-0.05123856291,-0.003589840373,1
0.05011285841,0.08187973499,-0.05886223167,-0.002905411646,1
0.05011285841,0.08384977281,-0.05521059781,0.0007075307658,1
0.05011285841,0.08581981063,-0.05036804825,0.003206418594,1
0.05011285841,0.08778984845,-0.04924124107,0.001444087364,1
0.05011285841,0.08975988626,-0.0483940579,0.003471183823,1
0.05011285841,0.09172992408,-0.04712051526,0.003368279431,1
0.05011285841,0.0936999619,-0.04477318749,-0.001940441784,1
0.05011285841,0.09567000717,-0.03847394139,-0.002296104562,1
0.05011285841,0.09764004499,-0.03376967832,0.0001361427567,1
0.05011285841,0.09961008281,-0.03313251585,0.002063217806,1
0.05011285841,0.1015801206,-0.03496015444,0.003973330837,1
0.05011285841,0.1035501584,-0.03473764285,0.003556483425,1
0.05011285841,0.1055201963,-0.03723793104,0.001953425352,1
0.05011285841,0.1074902341,-0.03664782643,0.003751024604,1
0.05011285841,0.1094602719,-0.03133960441,0.001741361455,1
0.05011285841,0.1114303172,-0.03383937478,0.004225768149,1
0.05011285841,0.113400355,-0.03391665593,0.009288637899,1
0.05011285841,0.1153703928,-0.02002364025,0.009763634764,1
0.05011285841,0.1173404306,-0.008689491078,0.008426651359,1
0.05208289623,0.04838907719,0.01158464886,0.005274188239,1
0.05208289623,0.050359115,-0.01356333587,0.006624955684,1
0.05208289623,0.05232915282,-0.04150560871,0.006601024419,1
0.05208289623,0.05429919064,-0.04405757412,0.0005129741621,1
0.05208289623,0.05626922846,-0.03445277736,-0.003836013144,1
0.05208289623,0.05823927,-0.03060713969,-0.004554205108,1
0.05208289623,0.06020930782,-0.02903446369,-0.006149206776,1
0.05208289623,0.06217934564,-0.03118833527,-0.00611942308,1
0.05208289623,0.06414938718,-0.03855080903,-0.006760307122,1
0.05208289623,0.066119425,-0.0400855802,-0.007490010466,1
0.05208289623,0.06808946282,-0.03498233855,-0.0153074963,1
0.05208289623,0.07005950063,-0.03079208918,-0.01882416941,1
0.05208289623,0.07202953845,-0.03335979208,-0.01532972883,1
0.05208289623,0.07399957627,-0.03844733536,-0.01116252784,1
0.05208289623,0.07596961409,-0.0434458293,-0.01036805008,2
0.05208289623,0.07793965936,-0.05250911042,-0.009156100452,1
0.05208289623,0.07990969718,-0.05322914198,-0.004700604361,1
0.05208289623,0.08187973499,-0.06184883416,-0.004260993563,1
0.05208289623,0.08384977281,-0.05982274935,0.002129981294,1
0.05208289623,0.08581981063,-0.05067041516,0.008698748425,1
0.05208289623,0.08778984845,-0.04861372709,0.002119459677,1
0.05208289623,0.08975988626,-0.04963513091,-0.0008506079903,1
0.05208289623,0.09172992408,-0.04647854343,-0.00107298186,1
0.05208289623,0.0936999619,-0.04328265414,-0.0001977266948,1
0.05208289623,0.09567000717,-0.04156417027,0.002092752373,1
0.05208289623,0.09764004499,-0.03498961404,0.004311923869,1
0.05208289623,0.09961008281,-0.03114781156,0.004413791467,1
0.05208289623,0.1015801206,-0.0309412349,-5.657336078e-05,1
0.05208289623,0.1035501584,-0.03613949195,0.00143827172,1
0.05208289623,0.1055201963,-0.0362646766,0.004881964996,1
0.05208289623,0.1074902341,-0.03467925638,0.007832819596,1
0.05208289623,0.1094602719,-0.03795104846,0.01065411884,1
0.05208289623,0.1114303172,-0.0396816656,0.01039536949,2
0.05208289623,0.113400355,-0.04090390354,0.01303656492,1
0.05208289623,0.1153703928,-0.01727038249,0.01444319356,1
0.05208289623,0.1173404306,-0.00574708404,0.009485868737,1
0.05405293778,0.04838907719,-0.006142268889,0.003637501271,1
0.05405293778,0.050359115,-0.02778367139,0.004175641574,1
0.05405293778,0.05232915282,-0.03818369284,0.002979321871,1
0.05405293778,0.05429919064,-0.04149063677,0.0009635367314,1
0.05405293778,0.05626922846,-0.04007674009,-0.001201597392,1
0.05405293778,0.05823927,-0.03294689953,-0.003398937872,1
0.05405293778,0.06020930782,-0.02973638847,-0.004321829416,1
0.05405293778,0.06217934564,-0.03133255616,-0.004966804758,1
0.05405293778,0.06414938718,-0.03740720451,-0.008956523612,1
0.05405293778,0.066119425,-0.03666143492,-0.009943492711,1
0.05405293778,0.06808946282,-0.02903980576,-0.01334206015,1
0.05405293778,0.07005950063,-0.03001267463,-0.01464483887,1
0.05405293778,0.07202953845,-0.03173587099,-0.01426279079,1
0.05405293778,0.07399957627,-0.03881825507,-0.01350435335,1
0.05405293778,0.07596961409,-0.04333687946,-0.01170605421,2
0.05405293778,0.07793965936,-0.05036411807,-0.01103377435,2
0.05405293778,0.07990969718,-0.05829463899,-0.009600692429,1
0.05405293778,0.08187973499,-0.05888899416,-0.003269615816,1
0.05405293778,0.08384977281,-0.05319692194,-0.004190180916,1
0.05405293778,0.08581981063,-0.04501499236,0.001936320099,1
0.05405293778,0.08778984845,-0.0452603437,0.004540180322,1
0.05405293778,0.08975988626,-0.04867195711,0.002709094901,1
0.05405293778,0.09172992408,-0.05264466628,0.005062697455,1
0.05405293778,0.0936999619,-0.0424461998,0.00532918144,1
0.05405293778,0.09567000717,-0.04039358348,0.0125057213,1
0.05405293778,0.09764004499,-0.03622948006,0.01303739846,1
0.05405293778,0.09961008281,-0.03381388262,0.008069653064,1
0.05405293778,0.1015801206,-0.03808435425,0.002866377588,1
0.05405293778,0.1035501584,-0.04269779474,0.002980786376,1
0.05405293778,0.1055201963,-0.03677560762,0.008247954771,1
0.05405293778,0.1074902341,-0.03453675658,0.01125400793,1
0.05405293778,0.1094602719,-0.04150547087,0.009773747064,1
0.05405293778,0.1114303172,-0.04603234679,0.01366502512,1
0.05405293778,0.113400355,-0.03911505267,0.01411345787,1
0.05405293778,0.1153703928,-0.02041979879,0.01107338909,1
0.05405293778,0.1173404306,-0.003662226489,0.01078538131,1
0.05602297559,0.04838907719,-0.006595860701,-0.001265116502,1
0.05602297559,0.050359115,-0.02595141344,-0.0003599550109,1
0.05602297559,0.05232915282,-0.03487107903,-0.00053224148,1
0.05602297559,0.05429919064,-0.04095594957,-0.001162311528,1
0.05602297559,0.05626922846,-0.04395797104,-0.006011676975,1
0.05602297559,0.05823927,-0.04256927222,-0.008132996038,1
0.05602297559,0.06020930782,-0.03569633514,-0.003864724888,1
0.05602297559,0.06217934564,-0.0343529731,-0.004816001747,1
0.05602297559,0.06414938718,-0.0370949544,-0.00820282381,1
0.05602297559,0.066119425,-0.03571706638,-0.009275315329,1
0.05602297559,0.06808946282,-0.03041545488,-0.01177282352,1
0.05602297559,0.07005950063,-0.02758534253,-0.01245757192,1
0.05602297559,0.07202953845,-0.02662781626,-0.01086525712,1
0.05602297559,0.07399957627,-0.03266125545,-0.009328777902,1
0.05602297559,0.07596961409,-0.04071931541,-0.01191804092,1
0.05602297559,0.07793965936,-0.04731584713,-0.01367224939,1
0.05602297559,0.07990969718,-0.05743371323,-0.007990270853,1
0.05602297559,0.08187973499,-0.0562536642,-0.004450906999,1
0.05602297559,0.08384977281,-0.04958957434,-0.003966107499,1
0.05602297559,0.08581981063,-0.04579156637,-0.0001038950722,1
0.05602297559,0.08778984845,-0.0440133363,0.009146585129,1
0.05602297559,0.08975988626,-0.04773457721,0.009805948474,1
0.05602297559,0.09172992408,-0.05586658791,0.01265928615,1
0.05602297559,0.0936999619,-0.04563993961,0.02316142619,1
0.05602297559,0.09567000717,-0.03800095618,0.0195669774,1
0.05602297559,0.09764004499,-0.03544060886,0.01860060543,1
0.05602297559,0.09961008281,-0.03547010943,0.01514672022,1
0.05602297559,0.1015801206,-0.04216697067,0.008755668998,1
0.05602297559,0.1035501584,-0.04427711666,0.007683406118,1
0.05602297559,0.1055201963,-0.04139505699,0.01107306127,1
0.05602297559,0.1074902341,-0.04030590877,0.01185136102,1
0.05602297559,0.1094602719,-0.0394516252,0.01408878341,1
0.05602297559,0.1114303172,-0.04090704024,0.01546505746,1
0.05602297559,0.113400355,-0.03805841878,0.01183852646,1
0.05602297559,0.1153703928,-0.02837041579,0.00375590194,1
0.05602297559,0.1173404306,-0.01269443147,0.01282616798,1
0.05799301341,0.04838907719,-0.01294856146,-0.00257497956,2
0.05799301341,0.050359115,-0.02203270793,-0.003677019849,2
0.05799301341,0.05232915282,-0.02693572268,-0.006472314708,1
0.05799301341,0.05429919064,-0.03546653688,-0.007011877839,1
0.05799301341,0.05626922846,-0.04102162644,-0.01099257823,1
0.05799301341,0.05823927,-0.04257449135,-0.01086076256,1
0.05799301341,0.06020930782,-0.04258239269,-0.008378935046,1
0.05799301341,0.06217934564,-0.04375427216,-0.009148542769,1
0.05799301341,0.06414938718,-0.04208444431,-0.009593946859,1
0.05799301341,0.066119425,-0.03649743646,-0.01202525292,1
0.05799301341,0.06808946282,-0.02710466832,-0.01009425242,1
0.05799301341,0.07005950063,-0.02547623031,-0.009424990974,2
0.05799301341,0.07202953845,-0.02198421955,-0.008613471873,1
0.05799301341,0.07399957627,-0.03718778118,-0.009252793156,1
0.05799301341,0.07596961409,-0.04244335368,-0.009805898182,1
0.05799301341,0.07793965936,-0.04008909687,-0.007929804735,1
0.05799301341,0.07990969718,-0.04405288398,-0.004319845699,1
0.05799301341,0.08187973499,-0.04801500961,-0.003293215763,1
0.05799301341,0.08384977281,-0.04678572714,-0.0009148265817,1
0.05799301341,0.08581981063,-0.0493667908,0.004235018976,1
0.05799301341,0.08778984845,-0.04529293999,0.01339953393,1
0.05799301341,0.08975988626,-0.05129110813,0.01488566399,2
0.05799301341,0.09172992408,-0.05021393299,0.0198131334,2
0.05799301341,0.0936999619,-0.04396266118,0.02433832921,2
0.05799301341,0.09567000717,-0.03471660614,0.02436321601,1
0.05799301341,0.09764004499,-0.03590370342,0.02054427005,1
0.05799301341,0.09961008281,-0.03582431749,0.01804105565,1
0.05799301341,0.1015801206,-0.04032190144,0.01511104498,1
0.05799301341,0.1035501584,-0.0414628908,0.0136531787,1
0.05799301341,0.1055201963,-0.04250909388,0.01264653448,1
0.05799301341,0.1074902341,-0.04615634307,0.01412665658,1
0.05799301341,0.1094602719,-0.0464357473,0.01727032289,1
0.05799301341,0.1114303172,-0.04053440318,0.01686854847,1
0.05799301341,0.113400355,-0.03747219965,0.01211769879,1
0.05799301341,0.1153703928,-0.03369226307,0.004925569054,1
0.05799301341,0.1173404306,-0.02248412929,0.008211104199,1
0.05996305123,0.04838907719,-0.01021711528,-0.002782802097,2
0.05996305123,0.050359115,-0.02229513414,-0.00530083105,2
0.05996305123,0.05232915282,-0.03230240569,-0.009996555746,2
0.05996305123,0.05429919064,-0.03654245287,-0.01272106078,1
0.05996305123,0.05626922846,-0.04136268795,-0.009672114626,1
0.05996305123,0.05823927,-0.04312996566,-0.007849833928,1
0.05996305123,0.06020930782,-0.04266771674,-0.009510010481,1
0.05996305123,0.06217934564,-0.04489580542,-0.008473916911,1
0.05996305123,0.06414938718,-0.04423933476,-0.008389988914,1
0.05996305123,0.066119425,-0.03503803164,-0.01038543228,1
0.05996305123,0.06808946282,-0.03019171953,-0.00898706913,1
0.05996305123,0.07005950063,-0.0252306927,-0.00653466722,1
0.05996305123,0.07202953845,-0.03112261556,-0.01120303292,1
0.05996305123,0.07399957627,-0.03978331015,-0.007615527604,1
0.05996305123,0.07596961409,-0.04579269886,-0.004156938288,1
0.05996305123,0.07793965936,-0.03895001858,6.528711674e-05,1
0.05996305123,0.07990969718,-0.03871943802,0.0001817219745,1
0.05996305123,0.08187973499,-0.03197785839,0.0006451235386,1
0.05996305123,0.08384977281,-0.03121382929,0.002268096199,1
0.05996305123,0.08581981063,-0.07933661342,0.008678374812,1
0.05996305123,0.08778984845,-0.06155915186,0.01226105727,2
0.05996305123,0.08975988626,-0.06192299724,0.01652403548,1
0.05996305123,0.09172992408,-0.04973537102,0.02736925893,1
0.05996305123,0.0936999619,-0.0452801697,0.03001553752,1
0.05996305123,0.09567000717,-0.04657209665,0.02156482637,1
0.05996305123,0.09764004499,-0.03932802379,0.01533383317,1
0.05996305123,0.09961008281,-0.03928690031,0.01593465172,1
0.05996305123,0.1015801206,-0.03860625997,0.01996959932,1
0.05996305123,0.1035501584,-0.04016758129,0.01723591425,1
0.05996305123,0.1055201963,-0.04283392429,0.01466802415,1
0.05996305123,0.1074902341,-0.04608628154,0.01494536549,1
0.05996305123,0.1094602719,-0.04687613621,0.01710191555,1
0.05996305123,0.1114303172,-0.04129404947,0.01687542163,1
0.05996305123,0.113400355,-0.03617667034,0.01638852619,1
0.05996305123,0.1153703928,-0.03965490311,0.01994987205,1
0.05996305123,0.1173404306,-0.02464585379,0.01062694564,1
0.06193309277,0.04838907719,0.004592348356,-0.0004725962062,1
0.06193309277,0.050359115,-0.02462830395,-0.004746945109,1
0.06193309277,0.05232915282,-0.04343632236,-0.01549201924,1
0.06193309277,0.05429919064,-0.04313215986,-0.01045496017,1
0.06193309277,0.05626922846,-0.04252155125,-0.01000321284,1
0.06193309277,0.05823927,-0.04171719402,-0.006902177352,1
0.06193309277,0.06020930782,-0.0376592353,-0.007305004634,1
0.06193309277,0.06217934564,-0.0331319049,-0.006860439666,1
0.06193309277,0.06414938718,-0.03728448227,-0.004989376757,2
0.06193309277,0.066119425,-0.03606211022,-0.00445066439,1
0.06193309277,0.06808946282,-0.03184513375,-0.008399352431,1
0.06193309277,0.07005950063,-0.0269793421,-0.01188061107,1
0.06193309277,0.07202953845,-0.03185080737,-0.008666642942,1
0.06193309277,0.07399957627,-0.04045180976,-0.004023401067,1
0.06193309277,0.07596961409,-0.05018696189,0.001995117171,1
0.06193309277,0.07793965936,-0.05062574893,0.003367615864,1
0.06193309277,0.07990969718,-0.04356469586,0.005147343501,1
0.06193309277,0.08187973499,-0.0338383764,0.006035133731,1
0.06193309277,0.08384977281,-0.03299119696,0.005848288536,1
0.06193309277,0.08581981063,-0.06213608757,0.009679453447,2
0.06193309277,0.08778984845,-0.05968404189,0.01044228673,2
0.06193309277,0.08975988626,-0.05464759469,0.01098570973,2
0.06193309277,0.09172992408,-0.04903545976,0.01100588776,1
0.06193309277,0.0936999619,-0.04594632238,0.01128425915,1
0.06193309277,0.09567000717,-0.04192152992,0.01222960744,1
0.06193309277,0.09764004499,-0.03557014838,0.01384388842,1
0.06193309277,0.09961008281,-0.03834449872,0.01273452118,1
0.06193309277,0.1015801206,-0.03780538961,0.01862876303,1
0.06193309277,0.1035501584,-0.0391901508,0.01756183617,1
0.06193309277,0.1055201963,-0.04219955578,0.01634517312,1
0.06193309277,0.1074902341,-0.04479934275,0.0133443838,1
0.06193309277,0.1094602719,-0.04536807537,0.009961801581,1
0.06193309277,0.1114303172,-0.03472037241,0.01387105137,1
0.06193309277,0.113400355,-0.03472893685,0.02000729926,1
0.06193309277,0.1153703928,-0.03387391567,0.01972370967,1
0.06193309277,0.1173404306,-0.01789731532,0.01365103573,1
0.06390313059,0.04838907719,-0.005460507702,0.001733639394,1
0.06390313059,0.050359115,-0.02527408116,-0.0006914648111,1
0.06390313059,0.05232915282,-0.04298492521,-0.002461831551,1
0.06390313059,0.05429919064,-0.04699324816,-0.006778154057,1
0.06390313059,0.05626922846,-0.04378759861,-0.009221517481,1
0.06390313059,0.05823927,-0.03487229347,-0.003359128255,1
0.06390313059,0.06020930782,-0.0334482491,-0.004723935388,1
0.06390313059,0.06217934564,-0.03221973777,-0.007589552086,1
0.06390313059,0.06414938718,-0.03570458293,-0.0002564128954,1
0.06390313059,0.066119425,-0.03569068387,-0.0003700739471,1
0.06390313059,0.06808946282,-0.02907215245,-0.007695111446,1
0.06390313059,0.07005950063,-0.02695255168,-0.009485558607,1
0.06390313059,0.07202953845,-0.03281169012,-0.006726795342,1
0.06390313059,0.07399957627,-0.04226965085,-0.004236861132,1
0.06390313059,0.07596961409,-0.05157101899,-0.0005463223206,1
0.06390313059,0.07793965936,-0.05723951384,0.002841356443,1
0.06390313059,0.07990969718,-0.04976467416,0.006079807412,1
0.06390313059,0.08187973499,-0.04429296032,0.01223548222,1
0.06390313059,0.08384977281,-0.04895284027,0.01644818112,1
0.06390313059,0.08581981063,-0.07653250545,0.01374886371,1
0.06390313059,0.08778984845,-0.06039332971,0.008842923678,2
0.06390313059,0.08975988626,-0.04794788361,0.005970630795,1
0.06390313059,0.09172992408,-0.04465031624,0.007659040391,1
0.06390313059,0.0936999619,-0.04259970039,0.00729108369,1
0.06390313059,0.09567000717,-0.03886949643,0.007230797317,1
0.06390313059,0.09764004499,-0.03568815812,0.00798389595,1
0.06390313059,0.09961008281,-0.03675537184,0.01008636132,1
0.06390313059,0.1015801206,-0.03670001775,0.01609985158,1
0.06390313059,0.1035501584,-0.03703373298,0.01665161364,1
0.06390313059,0.1055201963,-0.03954125568,0.01657600515,1
0.06390313059,0.1074902341,-0.04553927481,0.01381960325,1
0.06390313059,0.1094602719,-0.04613534361,0.01115433872,1
0.06390313059,0.1114303172,-0.03341342509,0.01063155383,1
0.06390313059,0.113400355,-0.03226867691,0.01547093131,1
0.06390313059,0.1153703928,-0.02706289478,0.01511974633,1
0.06390313059,0.1173404306,-0.01749140956,0.004964822438,1
0.06587316841,0.04838907719,-0.01696684398,0.002634211211,2
0.06587316841,0.050359115,-0.03113616817,0.005305002909,1
0.06587316841,0.05232915282,-0.0454415679,0.0006535995053,1
0.06587316841,0.05429919064,-0.04682670534,-0.004961335566,1
0.06587316841,0.05626922846,-0.04560257867,-0.01067435089,1
0.06587316841,0.05823927,-0.03556545451,-0.005426853895,2
0.06587316841,0.06020930782,-0.03271328658,-0.002825110918,1
0.06587316841,0.06217934564,-0.03211189434,-0.005043293815,1
0.06587316841,0.06414938718,-0.03426583856,-0.0007633361383,1
0.06587316841,0.066119425,-0.03664108738,-0.001692114747,1
0.06587316841,0.06808946282,-0.0308311265,-0.003641196061,1
0.06587316841,0.07005950063,-0.02765185758,-0.004873455036,1
0.06587316841,0.07202953845,-0.03648985922,-0.005135394633,1
0.06587316841,0.07399957627,-0.04426138103,-0.003474421799,1
0.06587316841,0.07596961409,-0.05036207661,-0.001806410961,1
0.06587316841,0.07793965936,-0.05469787493,0.002271966543,1
0.06587316841,0.07990969718,-0.05235464871,0.005375239532,1
0.06587316841,0.08187973499,-0.05303061381,0.01016644295,1
0.06587316841,0.08384977281,-0.05685270205,0.01214279886,1
0.06587316841,0.08581981063,-0.06393204629,0.008201116696,1
0.06587316841,0.08778984845,-0.05740889534,0.00520991534,1
0.06587316841,0.08975988626,-0.05220933259,0.002754487563,1
0.06587316841,0.09172992408,-0.04587407038,0.00420061592,1
0.06587316841,0.0936999619,-0.04215057194,0.004462832585,1
0.06587316841,0.09567000717,-0.03852169961,0.004563605413,1
0.06587316841,0.09764004499,-0.03944559023,0.005236447789,1
0.06587316841,0.09961008281,-0.0399049297,0.009944628924,1
0.06587316841,0.1015801206,-0.03706587479,0.01532262471,1
0.06587316841,0.1035501584,-0.03712803125,0.01729829237,1
0.06587316841,0.1055201963,-0.03868994489,0.01586927287,1
0.06587316841,0.1074902341,-0.04595059529,0.01404543966,1
0.06587316841,0.1094602719,-0.04590261728,0.01277451217,1
0.06587316841,0.1114303172,-0.03590380028,0.009093151428,1
0.06587316841,0.113400355,-0.0253370069,0.0107282605,1
0.06587316841,0.1153703928,-0.01901847683,0.01236198749,1
0.06587316841,0.1173404306,-0.0127096381,0.01218030043,1
0.06784320623,0.04838907719,-0.0143038556,0.000863991736,1
0.06784320623,0.050359115,-0.03215947747,0.007667029276,1
0.06784320623,0.05232915282,-0.04320132732,0.00472023664,1
0.06784320623,0.05429919064,-0.04396019876,3.28373153e-06,1
0.06784320623,0.05626922846,-0.04036287963,-0.001916357898,1
0.06784320623,0.05823927,-0.02907367051,-0.00484882528,1
0.06784320623,0.06020930782,-0.03141646087,0.0004009452823,1
0.06784320623,0.06217934564,-0.0338193886,0.001845145598,1
0.06784320623,0.06414938718,-0.03391462937,0.001537233591,1
0.06784320623,0.066119425,-0.03559844941,-0.0007349754451,1
0.06784320623,0.06808946282,-0.02825133875,-0.001149301184,1
0.06784320623,0.07005950063,-0.02306245826,-0.003051453969,1
0.06784320623,0.07202953845,-0.03182454035,-0.005013815127,1
0.06784320623,0.07399957627,-0.0452158004,-0.003520760918,1
0.06784320623,0.07596961409,-0.05389365926,-0.004657905549,1
0.06784320623,0.07793965936,-0.05921404436,-0.002998633776,1
0.06784320623,0.07990969718,-0.05808698758,-0.001529947855,1
0.06784320623,0.08187973499,-0.06045308337,0.001950852689,1
0.06784320623,0.08384977281,-0.06067406386,0.005571315996,1
0.06784320623,0.08581981063,-0.05721765757,-0.0005271937116,1
0.06784320623,0.08778984845,-0.0573641248,0.003897963325,1
0.06784320623,0.08975988626,-0.05431712046,0.003081251634,1
0.06784320623,0.09172992408,-0.05066536367,0.001891665393,1
0.06784320623,0.0936999619,-0.04710387066,0.001652147155,1
0.06784320623,0.09567000717,-0.04371919483,0.004639637191,1
0.06784320623,0.09764004499,-0.04515296966,0.006861383561,1
0.06784320623,0.09961008281,-0.04581643641,0.01278597116,1
0.06784320623,0.1015801206,-0.04126922786,0.01419909857,1
0.06784320623,0.1035501584,-0.04357300699,0.01719016954,1
0.06784320623,0.1055201963,-0.04525659978,0.01563393138,1
0.06784320623,0.1074902341,-0.04448980466,0.0111805182,1
0.06784320623,0.1094602719,-0.04381317273,0.008713485673,1
0.06784320623,0.1114303172,-0.03843932226,0.008767760359,1
0.06784320623,0.113400355,-0.02704659663,0.009854719974,1
0.06784320623,0.1153703928,-0.01969798841,0.00997842662,1
0.06784320623,0.1173404306,-0.01880502887,0.0114599755,1
0.06981324404,0.04838907719,-0.007130491082,0.01061713602,1
0.06981324404,0.050359115,-0.02919653617,0.003466696246,1
0.06981324404,0.05232915282,-0.03864164278,0.001220884733,1
0.06981324404,0.05429919064,-0.03894459456,-0.0006793399225,1
0.06981324404,0.05626922846,-0.03625731543,-0.001296536764,1
0.06981324404,0.05823927,-0.03270130605,-0.001952197752,1
0.06981324404,0.06020930782,-0.03139353916,0.0001183319109,1
0.06981324404,0.06217934564,-0.03380713612,0.002294722013,1
0.06981324404,0.06414938718,-0.03360849246,0.002438146621,1
0.06981324404,0.066119425,-0.03269127384,-0.0004277541884,1
0.06981324404,0.06808946282,-0.02230389975,0.0007633917267,1
0.06981324404,0.07005950063,-0.01866739057,-0.001601652009,1
0.06981324404,0.07202953845,-0.0238061212,-0.006843291223,1
0.06981324404,0.07399957627,-0.03691381216,-0.01001040544,1
0.06981324404,0.07596961409,-0.05569375306,-0.006470981054,1
0.06981324404,0.07793965936,-0.06466390193,-0.004597679246,1
0.06981324404,0.07990969718,-0.06605566293,-0.006511500571,1
0.06981324404,0.08187973499,-0.06450574845,-0.004507705104,1
0.06981324404,0.08384977281,-0.06284993142,0.0008369354182,1
0.06981324404,0.08581981063,-0.06244717538,0.005581488367,1
0.06981324404,0.08778984845,-0.06032466888,0.00737730274,1
0.06981324404,0.08975988626,-0.04780014977,0.004358044825,1
0.06981324404,0.09172992408,-0.04139814898,0.00629108306,1
0.06981324404,0.0936999619,-0.04799054563,0.004716721363,1
0.06981324404,0.09567000717,-0.0525893569,0.007352652494,1
0.06981324404,0.09764004499,-0.05328692496,0.01201110613,1
0.06981324404,0.09961008281,-0.05037333071,0.01336398814,1
0.06981324404,0.1015801206,-0.04546063766,0.01219907496,1
0.06981324404,0.1035501584,-0.0438246727,0.01354623865,1
0.06981324404,0.1055201963,-0.04580202699,0.01313351747,1
0.06981324404,0.1074902341,-0.04390574247,0.01020972896,1
0.06981324404,0.1094602719,-0.0385129638,0.007485225797,1
0.06981324404,0.1114303172,-0.038750384,0.009087452665,1
0.06981324404,0.113400355,-0.03482870385,0.008767491207,1
0.06981324404,0.1153703928,-0.02877157182,0.006378162187,1
0.06981324404,0.1173404306,-0.0182832852,0.01219159085,1
0.07178328186,0.04838907719,-0.009842080995,0.008157175034,1
0.07178328186,0.050359115,-0.0240637511,0.001299623167,1
0.07178328186,0.05232915282,-0.03402493894,-0.004192301538,1
0.07178328186,0.05429919064,-0.03359667957,-0.004214183427,1
0.07178328186,0.05626922846,-0.0320880115,-0.001304368256,1
0.07178328186,0.05823927,-0.03210809454,0.0005352401058,1
0.07178328186,0.06020930782,-0.0313658379,0.001107547781,1
0.07178328186,0.06217934564,-0.03441362455,0.001786839799,1
0.07178328186,0.06414938718,-0.04110804573,0.003949332517,1
0.07178328186,0.066119425,-0.0321700573,0.003458440769,1
0.07178328186,0.06808946282,-0.02027690597,0.002321760869,1
0.07178328186,0.07005950063,-0.01554681733,-0.0003425400646,1
0.07178328186,0.07202953845,-0.02083680406,-0.005665847566,1
0.07178328186,0.07399957627,-0.03908545524,-0.007709314581,1
0.07178328186,0.07596961409,-0.05768831074,-0.00535818655,1
0.07178328186,0.07793965936,-0.06719850749,-0.002487397054,1
0.07178328186,0.07990969718,-0.06712836027,-0.001882106415,2
0.07178328186,0.08187973499,-0.06571362913,-0.002397250151,1
0.07178328186,0.08384977281,-0.0647245124,-5.7719609e-07,1
0.07178328186,0.08581981063,-0.06445233524,0.006799895782,1
0.07178328186,0.08778984845,-0.06384968758,0.01081520692,1
0.07178328186,0.08975988626,-0.0483648181,0.005828294437,1
0.07178328186,0.09172992408,-0.04708465934,0.01100236643,1
0.07178328186,0.0936999619,-0.05016942695,0.0106100738,1
0.07178328186,0.09567000717,-0.05402356014,0.01015185751,1
0.07178328186,0.09764004499,-0.05491358042,0.01226135623,1
0.07178328186,0.09961008281,-0.05214881152,0.01265794691,1
0.07178328186,0.1015801206,-0.04583219439,0.01165817212,1
0.07178328186,0.1035501584,-0.04262178019,0.01241638605,1
0.07178328186,0.1055201963,-0.0425959602,0.01114245318,1
0.07178328186,0.1074902341,-0.04153805599,0.006870063953,1
0.07178328186,0.1094602719,-0.0395565331,0.008635354228,1
0.07178328186,0.1114303172,-0.03868547082,0.01063157991,1
0.07178328186,0.113400355,-0.0331093967,0.006762394216,1
0.07178328186,0.1153703928,-0.02682126872,0.001381757436,1
0.07178328186,0.1173404306,-0.02050427347,0.006546569057,1
0.07375332713,0.04838907719,0.001031410531,0.01234698761,1
0.07375332713,0.050359115,-0.01113785338,0.009334502742,1
0.07375332713,0.05232915282,-0.0245897714,-0.001578598632,1
0.07375332713,0.05429919064,-0.02794514224,-0.0002596286067,2
0.07375332713,0.05626922846,-0.02878618799,0.003549624234,1
0.07375332713,0.05823927,-0.02875969745,0.003595963353,1
0.07375332713,0.06020930782,-0.03101181611,0.005117482971,1
0.07375332713,0.06217934564,-0.03603321314,0.005195849575,1
0.07375332713,0.06414938718,-0.03732763231,0.005168554839,1
0.07375332713,0.066119425,-0.03227500618,0.0074035055,1
0.07375332713,0.06808946282,-0.01829125173,0.004690995906,1
0.07375332713,0.07005950063,-0.01572291926,0.002862702822,1
0.07375332713,0.07202953845,-0.01534590591,-0.0005988914054,1
0.07375332713,0.07399957627,-0.0379164964,-9.744408453e-05,1
0.07375332713,0.07596961409,-0.05716100708,-0.001744768,1
0.07375332713,0.07793965936,-0.06718104333,0.003186305752,1
0.07375332713,0.07990969718,-0.06954564899,0.003867722349,1
0.07375332713,0.08187973499,-0.06561838835,-0.001183014829,1
0.07375332713,0.08384977281,-0.05556275696,0.001874998794,1
0.07375332713,0.08581981063,-0.06068198383,0.005556451157,1
0.07375332713,0.08778984845,-0.06722613424,0.009055291303,1
0.07375332713,0.08975988626,-0.07023958862,0.01021829247,1
0.07375332713,0.09172992408,-0.06183492765,0.01058107149,1
0.07375332713,0.0936999619,-0.04883052781,0.01440824382,1
0.07375332713,0.09567000717,-0.05052398145,0.01299354341,1
0.07375332713,0.09764004499,-0.05040957406,0.01219272055,1
0.07375332713,0.09961008281,-0.04827693477,0.01256980933,1
0.07375332713,0.1015801206,-0.04607363418,0.008254244924,1
0.07375332713,0.1035501584,-0.04530563951,0.01216122694,1
0.07375332713,0.1055201963,-0.04344437271,0.01378975809,1
0.07375332713,0.1074902341,-0.04064393044,0.008048976772,1
0.07375332713,0.1094602719,-0.0401112549,0.008391250856,1
0.07375332713,0.1114303172,-0.03518844768,0.009820925072,1
0.07375332713,0.113400355,-0.02688209713,0.005361782853,1
0.07375332713,0.1153703928,-0.02633228339,0.006105457898,1
0.07375332713,0.1173404306,-0.02834805474,0.008620182984,2
0.07572336495,0.04838907719,0.001306054182,0.01149417181,1
0.07572336495,0.050359115,-0.006611433346,0.01238721795,1
0.07572336495,0.05232915282,-0.01750236191,0.003985704854,1
0.07572336495,0.05429919064,-0.02480793372,0.001204643515,1
0.07572336495,0.05626922846,-0.02347326279,0.003198741004,1
0.07572336495,0.05823927,-0.02634701319,0.004802220501,2
0.07572336495,0.06020930782,-0.03034876101,0.008492833003,1
0.07572336495,0.06217934564,-0.03611818328,0.005271148868,1
0.07572336495,0.06414938718,-0.03554491699,0.003591728862,1
0.07572336495,0.066119425,-0.03198054805,0.004316997714,1
0.07572336495,0.06808946282,-0.01869878173,0.006279234774,1
0.07572336495,0.07005950063,-0.01494416781,0.005686277058,1
0.07572336495,0.07202953845,-0.0159352757,0.006554082502,1
0.07572336495,0.07399957627,-0.03663806245,0.01541261934,1
0.07572336495,0.07596961409,-0.05255246162,0.01369273104,1
0.07572336495,0.07793965936,-0.06102099642,0.01286166441,1
0.07572336495,0.07990969718,-0.06795288622,0.005809722003,1
0.07572336495,0.08187973499,-0.06976766139,-0.0003347992606,1
0.07572336495,0.08384977281,-0.06266973168,0.002804441378,1
0.07572336495,0.08581981063,-0.06000680476,0.007300591562,1
0.07572336495,0.08778984845,-0.06408379227,0.009897666983,1
0.07572336495,0.08975988626,-0.0687263757,0.01017523557,1
0.07572336495,0.09172992408,-0.06728066504,0.009121656418,1
0.07572336495,0.0936999619,-0.05063786358,0.01812388748,1
0.07572336495,0.09567000717,-0.04920112714,0.01282718778,1
0.07572336495,0.09764004499,-0.04665853828,0.01307363715,1
0.07572336495,0.09961008281,-0.04487351328,0.01368850656,1
0.07572336495,0.1015801206,-0.04712555557,0.008363500237,1
0.07572336495,0.1035501584,-0.04622373357,0.01127609238,1
0.07572336495,0.1055201963,-0.04316367209,0.01587255113,1
0.07572336495,0.1074902341,-0.0403229408,0.0148097463,1
0.07572336495,0.1094602719,-0.0394885242,0.002717693103,1
0.07572336495,0.1114303172,-0.03408481926,0.00310851261,1
0.07572336495,0.113400355,-0.03123705275,0.005936543457,1
0.07572336495,0.1153703928,-0.03089122288,0.00658043148,1
0.07572336495,0.1173404306,-0.03820760548,0.01320852339,1
0.07769340277,0.04838907719,0.002524852753,0.01457209699,1
0.07769340277,0.050359115,-0.01276535261,0.006279668305,1
0.07769340277,0.05232915282,-0.0217424538,0.002198169474,1
0.07769340277,0.05429919064,-0.02241907269,0.003226520028,1
0.07769340277,0.05626922846,-0.02161442675,0.003296665149,1
0.07769340277,0.05823927,-0.02280633338,0.003921345342,1
0.07769340277,0.06020930782,-0.02796121687,0.003815012518,1
0.07769340277,0.06217934564,-0.03946475312,-0.002052179771,1
0.07769340277,0.06414938718,-0.03728869557,-0.0003869356005,1
0.07769340277,0.066119425,-0.03339375556,0.002931988332,1
0.07769340277,0.06808946282,-0.02380634099,0.007028333843,1
0.07769340277,0.07005950063,-0.01999893785,0.009701198898,1
0.07769340277,0.07202953845,-0.02594408207,0.01318159699,1
0.07769340277,0.07399957627,-0.04091951624,0.02418176271,1
0.07769340277,0.07596961409,-0.05318830162,0.01545394212,2
0.07769340277,0.07793965936,-0.06122450158,0.009455420077,1
0.07769340277,0.07990969718,-0.06900332123,0.005524945911,1
0.07769340277,0.08187973499,-0.06928993016,0.002440585289,1
0.07769340277,0.08384977281,-0.06357431412,0.004795733839,1
0.07769340277,0.08581981063,-0.0583127439,0.009516378865,1
0.07769340277,0.08778984845,-0.05674453825,0.01048145164,1
0.07769340277,0.08975988626,-0.05661891028,0.009972296655,1
0.07769340277,0.09172992408,-0.05803060159,0.01218347903,1
0.07769340277,0.0936999619,-0.05269749835,0.01465550344,1
0.07769340277,0.09567000717,-0.04931141064,0.01222842932,1
0.07769340277,0.09764004499,-0.04658681154,0.01199375186,1
0.07769340277,0.09961008281,-0.04562194273,0.01273946371,1
0.07769340277,0.1015801206,-0.0485345237,0.01352047268,1
0.07769340277,0.1035501584,-0.03992907703,0.01079102792,1
0.07769340277,0.1055201963,-0.03985571861,0.0164605435,1
0.07769340277,0.1074902341,-0.03666548803,0.01432129368,1
0.07769340277,0.1094602719,-0.03480895236,0.003473131452,1
0.07769340277,0.1114303172,-0.03246436268,0.002564648399,1
0.07769340277,0.113400355,-0.03119136766,0.005125633441,1
0.07769340277,0.1153703928,-0.02873252891,0.006061424967,1
0.07769340277,0.1173404306,-0.03276961297,0.01319075469,1
0.07966344059,0.04838907719,-0.002099912614,0.0105344886,1
0.07966344059,0.050359115,-0.01356391795,0.004762108438,1
0.07966344059,0.05232915282,-0.02020064555,0.000777254696,1
0.07966344059,0.05429919064,-0.02200140432,-0.004304195289,1
0.07966344059,0.05626922846,-0.02245669626,-0.002126572886,1
0.07966344059,0.05823927,-0.02272986434,0.001759742387,1
0.07966344059,0.06020930782,-0.02693080343,-0.001641699346,1
0.07966344059,0.06217934564,-0.03213876486,-0.005920162424,1
0.07966344059,0.06414938718,-0.03569805995,-0.004851826001,1
0.07966344059,0.066119425,-0.03402497247,-0.008390520699,1
0.07966344059,0.06808946282,-0.03483631834,-0.005018918775,1
0.07966344059,0.07005950063,-0.02884570323,0.01691776328,1
0.07966344059,0.07202953845,-0.03037189133,0.02638947032,1
0.07966344059,0.07399957627,-0.04289707541,0.02614201047,1
0.07966344059,0.07596961409,-0.05805672705,0.01448585745,1
0.07966344059,0.07793965936,-0.06412699074,0.005610367749,1
0.07966344059,0.07990969718,-0.06257311255,0.005044180434,1
0.07966344059,0.08187973499,-0.05957478285,0.007990764454,1
0.07966344059,0.08384977281,-0.06033976004,0.009161653928,1
0.07966344059,0.08581981063,-0.06143059582,0.0110034449,1
0.07966344059,0.08778984845,-0.06284021586,0.006759054027,1
0.07966344059,0.08975988626,-0.06185431778,0.006377451587,1
0.07966344059,0.09172992408,-0.05767325684,0.01078705583,1
0.07966344059,0.0936999619,-0.05471814796,0.01285146177,1
0.07966344059,0.09567000717,-0.05023935437,0.01318117324,1
0.07966344059,0.09764004499,-0.04499348626,0.01123520266,1
0.07966344059,0.09961008281,-0.0441929251,0.01083636377,1
0.07966344059,0.1015801206,-0.04208082333,0.007066637743,1
0.07966344059,0.1035501584,-0.03492733091,0.003316872753,1
0.07966344059,0.1055201963,-0.03227674961,0.008239482529,1
0.07966344059,0.1074902341,-0.0321749337,0.008262204006,1
0.07966344059,0.1094602719,-0.03072573617,0.005925894249,1
0.07966344059,0.1114303172,-0.02597704902,0.002965137828,1
0.07966344059,0.113400355,-0.02839826047,0.004501397256,1
0.07966344059,0.1153703928,-0.03404614329,0.0115120355,1
0.07966344059,0.1173404306,-0.03219209239,0.0114113437,1
0.0816334784,0.04838907719,-0.005456819665,0.006636185106,1
0.0816334784,0.050359115,-0.008860969916,0.00526120374,1
0.0816334784,0.05232915282,-0.0125356596,0.002225639066,1
0.0816334784,0.05429919064,-0.01825832576,-0.00458652433,1
0.0816334784,0.05626922846,-0.02178678848,-0.006652903277,1
0.0816334784,0.05823927,-0.02207908407,-0.01045846101,1
0.0816334784,0.06020930782,-0.02431877889,-0.005523711443,1
0.0816334784,0.06217934564,-0.02852968313,-0.007716736291,1
0.0816334784,0.06414938718,-0.03272627667,-0.01044513006,1
0.0816334784,0.066119425,-0.03992367163,-0.007903421298,1
0.0816334784,0.06808946282,-0.04703690857,-0.007831177674,1
0.0816334784,0.07005950063,-0.03653931245,0.02044923045,1
0.0816334784,0.07202953845,-0.03990756348,0.02523159422,1
0.0816334784,0.07399957627,-0.04753180593,0.02040862292,1
0.0816334784,0.07596961409,-0.06306445599,0.008211266249,1
0.0816334784,0.07793965936,-0.06550090015,0.005746191833,1
0.0816334784,0.07990969718,-0.06121294945,0.005344759207,1
0.0816334784,0.08187973499,-0.05905178934,0.007541182451,1
0.0816334784,0.08384977281,-0.06048288196,0.007657494396,1
0.0816334784,0.08581981063,-0.0621605441,0.009222168475,1
0.0816334784,0.08778984845,-0.06470344961,0.004141944461,1
0.0816334784,0.08975988626,-0.06581544131,0.004209195264,1
0.0816334784,0.09172992408,-0.06666819006,0.009501596913,1
0.0816334784,0.0936999619,-0.05555608496,0.01377603319,1
0.0816334784,0.09567000717,-0.04907117039,0.01306626573,1
0.0816334784,0.09764004499,-0.04422611371,0.01254873443,1
0.0816334784,0.09961008281,-0.04199967161,0.008812213317,1
0.0816334784,0.1015801206,-0.03651141375,0.001227352885,1
0.0816334784,0.1035501584,-0.03163014725,-0.0006415381795,1
0.0816334784,0.1055201963,-0.02752870508,0.004243739415,1
0.0816334784,0.1074902341,-0.02754926868,0.006058133673,1
0.0816334784,0.1094602719,-0.02699832991,0.007192563731,1
0.0816334784,0.1114303172,-0.02642987296,0.01023133751,1
0.0816334784,0.113400355,-0.03642214835,0.009499768727,1
0.0816334784,0.1153703928,-0.03441256657,0.01309445035,1
0.0816334784,0.1173404306,-0.02419855632,0.008869347163,1
0.08360351622,0.04838907719,-0.003641990246,0.004339655861,1
0.08360351622,0.050359115,-0.005264122505,0.005144011695,1
0.08360351622,0.05232915282,-0.008510348387,0.004136529285,1
0.08360351622,0.05429919064,-0.01138229948,0.002632861724,1
0.08360351622,0.05626922846,-0.01732721925,-0.001456941827,1
0.08360351622,0.05823927,-0.0244367253,-0.00712413853,1
0.08360351622,0.06020930782,-0.02783039212,-0.003268807894,1
0.08360351622,0.06217934564,-0.03304052725,-0.004343500361,1
0.08360351622,0.06414938718,-0.03692942485,-0.01025154348,1
0.08360351622,0.066119425,-0.04592674971,-0.001086420612,1
0.08360351622,0.06808946282,-0.06005128101,0.006615919061,1
0.08360351622,0.07005950063,-0.05280274153,0.0102986712,2
0.08360351622,0.07202953845,-0.05120008066,0.010544274,1
0.08360351622,0.07399957627,-0.04665202647,0.01391084865,1
0.08360351622,0.07596961409,-0.05887636542,0.01174048986,1
0.08360351622,0.07793965936,-0.06353579462,0.007402604446,1
0.08360351622,0.07990969718,-0.05840488896,0.00727662351,1
0.08360351622,0.08187973499,-0.05773935094,0.01037064195,1
0.08360351622,0.08384977281,-0.06643194705,0.006045614369,1
0.08360351622,0.08581981063,-0.05931874365,0.004950602073,1
0.08360351622,0.08778984845,-0.05848491192,0.008200477809,1
0.08360351622,0.08975988626,-0.06370970607,0.008391340263,1
0.08360351622,0.09172992408,-0.05890239775,0.004051695578,1
0.08360351622,0.0936999619,-0.05056466162,0.00530150393,1
0.08360351622,0.09567000717,-0.0464489609,0.00789026171,1
0.08360351622,0.09764004499,-0.04347159714,0.008625203744,1
0.08360351622,0.09961008281,-0.03998068348,0.006528795697,1
0.08360351622,0.1015801206,-0.04027268291,-0.004041510168,1
0.08360351622,0.1035501584,-0.03497247025,-0.001589202788,1
0.08360351622,0.1055201963,-0.02720166929,-0.0007487412076,1
0.08360351622,0.1074902341,-0.02628695592,-0.0007389087114,1
0.08360351622,0.1094602719,-0.02755882964,0.005796062294,1
0.08360351622,0.1114303172,-0.02788011357,0.008534815162,1
0.08360351622,0.113400355,-0.03286409378,0.007493675221,1
0.08360351622,0.1153703928,-0.03297652304,0.008703277446,1
0.08360351622,0.1173404306,-0.01743168011,0.003854960669,1
0.08557355404,0.04838907719,-0.004409478512,0.004153925925,1
0.08557355404,0.050359115,-0.006283207797,0.004979290999,1
0.08557355404,0.05232915282,-0.007425958291,0.005906912964,1
0.08557355404,0.05429919064,-0.008162348531,0.004180764779,1
0.08557355404,0.05626922846,-0.01320031937,0.001578245428,1
0.08557355404,0.05823927,-0.01899741776,-0.0005787682021,1
0.08557355404,0.06020930782,-0.03051996045,-0.003514298238,1
0.08557355404,0.06217934564,-0.034406472,-0.00527080195,1
0.08557355404,0.06414938718,-0.04756654054,-0.004743934609,1
0.08557355404,0.066119425,-0.06233866513,0.002143477788,1
0.08557355404,0.06808946282,-0.06878958642,0.009211430326,1
0.08557355404,0.07005950063,-0.06342028826,0.003585261758,1
0.08557355404,0.07202953845,-0.05122141913,-0.003364824457,1
0.08557355404,0.07399957627,-0.04793137684,0.009498774074,1
0.08557355404,0.07596961409,-0.0544186011,0.006241317838,1
0.08557355404,0.07793965936,-0.05827584863,-0.001380082569,1
0.08557355404,0.07990969718,-0.05584372953,-0.0005106409662,1
0.08557355404,0.08187973499,-0.05399642885,0.006292461883,1
0.08557355404,0.08384977281,-0.06208085641,0.003096074099,1
0.08557355404,0.08581981063,-0.06301774085,0.001620784285,1
0.08557355404,0.08778984845,-0.05885217711,0.005719016772,1
0.08557355404,0.08975988626,-0.05666141957,0.005792790558,1
0.08557355404,0.09172992408,-0.05297526345,0.002444724087,1
0.08557355404,0.0936999619,-0.04973339662,0.001537245,1
0.08557355404,0.09567000717,-0.04561972991,0.002070392948,1
0.08557355404,0.09764004499,-0.04379620776,-0.004125924781,1
0.08557355404,0.09961008281,-0.03752288595,-0.002125163097,1
0.08557355404,0.1015801206,-0.03520374373,-0.0006943696062,1
0.08557355404,0.1035501584,-0.04350235686,-0.001184946741,1
0.08557355404,0.1055201963,-0.03461834416,-0.004319663625,1
0.08557355404,0.1074902341,-0.02896259539,-0.001704204245,1
0.08557355404,0.1094602719,-0.02795607597,0.004074481782,1
0.08557355404,0.1114303172,-0.02938125469,0.004787715618,1
0.08557355404,0.113400355,-0.02892622724,0.006619392429,1
0.08557355404,0.1153703928,-0.03039118275,0.008339732885,1
0.08557355404,0.1173404306,-0.01740704104,0.004490508232,1
0.08754359186,0.04838907719,0.0009124616627,0.004390040413,1
0.08754359186,0.050359115,-0.004934759345,0.005840150639,1
0.08754359186,0.05232915282,-0.007147374563,0.005577741656,1
0.08754359186,0.05429919064,-0.008225033991,0.005336101167,1
0.08754359186,0.05626922846,-0.01027240697,0.005795831792,1
0.08754359186,0.05823927,-0.01504154224,0.005056675524,1
0.08754359186,0.06020930782,-0.0220090393,-0.001654365682,1
0.08754359186,0.06217934564,-0.03199144453,-0.0003554514842,1
0.08754359186,0.06414938718,-0.04631083831,0.001176775666,1
0.08754359186,0.066119425,-0.06050275639,0.003349125152,1
0.08754359186,0.06808946282,-0.05588805303,0.008773642592,1
0.08754359186,0.07005950063,-0.04961355403,-1.109167624e-05,1
0.08754359186,0.07202953845,-0.04668853059,-0.006667866837,1
0.08754359186,0.07399957627,-0.05049349368,-0.001634617918,1
0.08754359186,0.07596961409,-0.05403904989,-0.004652147647,1
0.08754359186,0.07793965936,-0.05449018627,-0.007430487778,1
0.08754359186,0.07990969718,-0.05553563684,-0.005266076885,1
0.08754359186,0.08187973499,-0.05504565313,-0.004942915402,1
0.08754359186,0.08384977281,-0.06069726124,-0.004873422906,1
0.08754359186,0.08581981063,-0.06516696513,-0.003929321654,1
0.08754359186,0.08778984845,-0.06027046591,-0.001516322372,1
0.08754359186,0.08975988626,-0.05733478814,0.00141908112,1
0.08754359186,0.09172992408,-0.05505158752,0.001985712675,1
0.08754359186,0.0936999619,-0.05145006627,0.001426054514,1
0.08754359186,0.09567000717,-0.04690946639,-0.001274833572,1
0.08754359186,0.09764004499,-0.04241838306,-0.005219211802,1
0.08754359186,0.09961008281,-0.03500029817,-0.004759171046,1
0.08754359186,0.1015801206,-0.03433334082,-0.004317434505,1
0.08754359186,0.1035501584,-0.03600184619,0.0008251043619,1
0.08754359186,0.1055201963,-0.0354863964,-0.002695162781,1
0.08754359186,0.1074902341,-0.02936802432,0.0001570157183,1
0.08754359186,0.1094602719,-0.0276844725,0.006958125625,1
0.08754359186,0.1114303172,-0.02903194167,0.008240032941,1
0.08754359186,0.113400355,-0.02774178796,0.00672214618,1
0.08754359186,0.1153703928,-0.03061527386,0.007339772768,1
0.08754359186,0.1173404306,-0.029598983,0.007776624057,1
0.08951362967,0.04838907719,-0.0003780716797,0.004208100494,1
0.08951362967,0.050359115,-0.002768229693,0.005954199005,1
0.08951362967,0.05232915282,-0.006455027964,0.004856467713,1
0.08951362967,0.05429919064,-0.007239543367,0.005334874149,1
0.08951362967,0.05626922846,-0.009896812961,0.006252989173,1
0.08951362967,0.05823927,-0.01903045923,0.005914079957,1
0.08951362967,0.06020930782,-0.0270186346,-0.002021852881,1
0.08951362967,0.06217934564,-0.03611496463,-0.002255393425,1
0.08951362967,0.06414938718,-0.04714730009,0.00196993514,1
0.08951362967,0.066119425,-0.05730332807,0.0002212269319,1
0.08951362967,0.06808946282,-0.05264176056,0.001386675984,1
0.08951362967,0.07005950063,-0.04386179522,-0.008642178029,1
0.08951362967,0.07202953845,-0.04527853057,-0.0104464544,1
0.08951362967,0.07399957627,-0.04942430928,-0.0034804428,1
0.08951362967,0.07596961409,-0.05465348065,-0.005151612218,1
0.08951362967,0.07793965936,-0.05624732748,-0.006526237819,1
0.08951362967,0.07990969718,-0.056734588,-0.006029653363,1
0.08951362967,0.08187973499,-0.05750343576,-0.0122445412,1
0.08951362967,0.08384977281,-0.06141710281,-0.0121543631,1
0.08951362967,0.08581981063,-0.06529271603,-0.008143035695,1
0.08951362967,0.08778984845,-0.06287684292,-0.00426236866,1
0.08951362967,0.08975988626,-0.05834716931,-0.003039449686,1
0.08951362967,0.09172992408,-0.05645344779,-0.001676148968,1
0.08951362967,0.0936999619,-0.05117275566,-0.0005148606724,1
0.08951362967,0.09567000717,-0.0460289456,-0.001269601751,1
0.08951362967,0.09764004499,-0.04081780836,-0.002699719043,1
0.08951362967,0.09961008281,-0.0313924402,-0.008166369051,1
0.08951362967,0.1015801206,-0.03407208249,-0.007053362671,1
0.08951362967,0.1035501584,-0.03513441235,-0.00199565175,1
0.08951362967,0.1055201963,-0.03149439022,-0.0005989953643,1
0.08951362967,0.1074902341,-0.03392778337,0.003966614138,1
0.08951362967,0.1094602719,-0.03254419193,0.009430512786,1
0.08951362967,0.1114303172,-0.0297005251,0.01210792083,1
0.08951362967,0.113400355,-0.02249331586,0.006497159135,1
0.08951362967,0.1153703928,-0.02327013761,0.001742361928,1
0.08951362967,0.1173404306,-0.01554033812,-2.220228816e-05,1
0.09148367494,0.04838907719,-0.002010621363,0.002804514486,1
0.09148367494,0.050359115,-0.002535388572,0.004582227673,1
0.09148367494,0.05232915282,-0.004449311178,0.004151867237,1
0.09148367494,0.05429919064,-0.005800275598,0.003799149301,1
0.09148367494,0.05626922846,-0.009924579412,0.002039164305,1
0.09148367494,0.05823927,-0.01905837841,0.000407319545,1
0.09148367494,0.06020930782,-0.03222159296,-0.005490333308,1
0.09148367494,0.06217934564,-0.04402527586,-0.01229809597,1
0.09148367494,0.06414938718,-0.04778306931,-0.007970351726,1
0.09148367494,0.066119425,-0.05704887584,-0.008806651458,1
0.09148367494,0.06808946282,-0.05454223603,-0.00974464044,1
0.09148367494,0.07005950063,-0.04910346493,-0.00826754421,2
0.09148367494,0.07202953845,-0.04650666565,-0.01022172067,1
0.09148367494,0.07399957627,-0.05200469494,-0.003044967307,1
0.09148367494,0.07596961409,-0.05746798962,-0.001379465801,1
0.09148367494,0.07793965936,-0.06230263412,-0.00141555164,1
0.09148367494,0.07990969718,-0.06761480868,-0.003790477756,1
0.09148367494,0.08187973499,-0.06301368773,-0.008279962465,1
0.09148367494,0.08384977281,-0.06423581392,-0.009949075058,1
0.09148367494,0.08581981063,-0.0665313676,-0.006264635827,1
0.09148367494,0.08778984845,-0.06614097953,-0.00309638842,1
0.09148367494,0.08975988626,-0.05741624534,-0.005195871927,1
0.09148367494,0.09172992408,-0.05123877153,-0.00678602187,1
0.09148367494,0.0936999619,-0.04799940437,-0.006905309856,1
0.09148367494,0.09567000717,-0.04241880402,-0.002778200433,1
0.09148367494,0.09764004499,-0.03965527564,-0.001923624892,1
0.09148367494,0.09961008281,-0.0337354131,-0.01075858437,1
0.09148367494,0.1015801206,-0.03369050473,-0.006311984267,2
0.09148367494,0.1035501584,-0.03312022239,-0.003330525244,1
0.09148367494,0.1055201963,-0.03184686229,-0.001646160381,1
0.09148367494,0.1074902341,-0.03999806941,0.001691135811,1
0.09148367494,0.1094602719,-0.0329586491,0.002159051597,2
0.09148367494,0.1114303172,-0.02420675755,0.005358438008,1
0.09148367494,0.113400355,-0.02562864311,0.001352488296,1
0.09148367494,0.1153703928,-0.02642948925,-0.003146753181,1
0.09148367494,0.1173404306,-0.01717151329,0.002592507051,3
0.09345371276,0.04838907719,0.004685938358,0.004791039508,1
0.09345371276,0.050359115,-0.002793487627,0.003846364561,1
0.09345371276,0.05232915282,-0.003411760088,0.003382553579,1
0.09345371276,0.05429919064,-0.003760951571,0.002900004853,1
0.09345371276,0.05626922846,-0.006316604093,0.0006055298727,1
0.09345371276,0.05823927,-0.01107256953,-0.00142163795,1
0.09345371276,0.06020930782,-0.03277571872,-0.009962437674,1
0.09345371276,0.06217934564,-0.04432956502,-0.01186593808,2
0.09345371276,0.06414938718,-0.04978254437,-0.01325240172,1
0.09345371276,0.066119425,-0.04141765088,-0.01024522167,1
0.09345371276,0.06808946282,-0.04169604182,-0.007965783589,1
0.09345371276,0.07005950063,-0.05150315911,-0.004461635835,1
0.09345371276,0.07202953845,-0.05265695974,-0.005807888228,1
0.09345371276,0.07399957627,-0.05080565438,-0.005856765434,1
0.09345371276,0.07596961409,-0.05255080014,-0.00220615021,1
0.09345371276,0.07793965936,-0.06528531015,-0.0009374179645,1
0.09345371276,0.07990969718,-0.06724329293,-0.0001690333447,1
0.09345371276,0.08187973499,-0.06250872463,-0.00296537648,2
0.09345371276,0.08384977281,-0.06140989438,-0.005293224007,1
0.09345371276,0.08581981063,-0.06294718385,-0.00462476816,1
0.09345371276,0.08778984845,-0.0619267337,-0.005182316061,1
0.09345371276,0.08975988626,-0.0526778996,-0.008584812284,1
0.09345371276,0.09172992408,-0.04654728621,-0.009649944492,1
0.09345371276,0.0936999619,-0.04737013951,-0.008555063978,1
0.09345371276,0.09567000717,-0.04584033787,-0.006534537766,1
0.09345371276,0.09764004499,-0.04679811001,-0.003935467917,1
0.09345371276,0.09961008281,-0.04572724178,-0.001996866427,1
0.09345371276,0.1015801206,-0.03383430466,-0.00410546409,1
0.09345371276,0.1035501584,-0.03078588471,-0.001389255398,1
0.09345371276,0.1055201963,-0.03000620939,-0.002009322634,1
0.09345371276,0.1074902341,-0.03133952245,-0.003384485375,1
0.09345371276,0.1094602719,-0.03508557752,-0.007843879983,1
0.09345371276,0.1114303172,-0.03729914129,-0.005250420887,1
0.09345371276,0.113400355,-0.02943036892,-0.002952672308,1
0.09345371276,0.1153703928,-0.02128257789,-0.004502473865,1
0.09345371276,0.1173404306,-0.01288242638,-0.001283506164,1
0.09542375058,0.04838907719,0.002864877693,0.004875840154,2
0.09542375058,0.050359115,0.0001529795263,0.004185535945,1
0.09542375058,0.05232915282,-0.004231707193,0.002229953185,1
0.09542375058,0.05429919064,-0.002069782233,0.002302557696,1
0.09542375058,0.05626922846,1.364265609e-05,0.00421766052,1
0.09542375058,0.05823927,-0.002941108542,0.005142787937,1
0.09542375058,0.06020930782,-0.0229424499,-0.0008949604235,1
0.09542375058,0.06217934564,-0.05073472112,-0.01195081975,1
0.09542375058,0.06414938718,-0.05810990557,-0.01286178268,1
0.09542375058,0.066119425,-0.05172896385,-0.005127746146,1
0.09542375058,0.06808946282,-0.05108951032,-0.008049960248,1
0.09542375058,0.07005950063,-0.05672468245,-0.008075230755,1
0.09542375058,0.07202953845,-0.05707108602,-0.009859038517,1
0.09542375058,0.07399957627,-0.05597017333,-0.003442958929,1
0.09542375058,0.07596961409,-0.05535606667,0.003015609924,1
0.09542375058,0.07793965936,-0.06221002713,0.001976387342,1
0.09542375058,0.07990969718,-0.0639590621,0.0007055713795,1
0.09542375058,0.08187973499,-0.05836804584,0.001880714437,1
0.09542375058,0.08384977281,-0.06061221287,-0.003800183302,1
0.09542375058,0.08581981063,-0.0588142015,-0.00398430042,1
0.09542375058,0.08778984845,-0.05557462573,-0.005442622118,2
0.09542375058,0.08975988626,-0.04875026643,-0.01053057425,2
0.09542375058,0.09172992408,-0.04097991437,-0.01084275916,1
0.09542375058,0.0936999619,-0.04857033491,-0.007728124037,1
0.09542375058,0.09567000717,-0.04883345589,-0.005855352152,1
0.09542375058,0.09764004499,-0.05049215257,-0.004041069187,1
0.09542375058,0.09961008281,-0.04966814443,-0.004673395772,1
0.09542375058,0.1015801206,-0.04017035291,-0.007228059694,1
0.09542375058,0.1035501584,-0.03262531385,-0.008273725398,1
0.09542375058,0.1055201963,-0.02895030752,-0.00650121225,1
0.09542375058,0.1074902341,-0.02673592605,-0.006574138068,1
0.09542375058,0.1094602719,-0.02712182701,-0.003262258833,1
0.09542375058,0.1114303172,-0.0294096861,-0.001770525356,1
0.09542375058,0.113400355,-0.03066664748,-0.003310820088,1
0.09542375058,0.1153703928,-0.01981084608,-0.001773650758,1
0.09542375058,0.1173404306,-0.004982545041,-0.003738783533,1
0.0973937884,0.04838907719,0.00375571521,0.005650945939,1
0.0973937884,0.050359115,-0.00290237437,0.004751217552,2
0.0973937884,0.05232915282,-0.005007916596,0.003009808715,1
0.0973937884,0.05429919064,-0.001512504066,0.00169891119,1
0.0973937884,0.05626922846,0.0003634140012,0.005727963522,1
0.0973937884,0.05823927,-0.001405594405,0.0074237152,1
0.0973937884,0.06020930782,-0.02243525349,0.001443156158,1
0.0973937884,0.06217934564,-0.04879492521,-0.0112218475,1
0.0973937884,0.06414938718,-0.05998256058,-0.0110414885,1
0.0973937884,0.066119425,-0.06705484539,-0.01235845406,1
0.0973937884,0.06808946282,-0.07158582658,-0.01395329647,1
0.0973937884,0.07005950063,-0.07317603379,-0.0114587741,1
0.0973937884,0.07202953845,-0.07395589352,-0.01003894117,1
0.0973937884,0.07399957627,-0.0637506023,-0.004178072792,1
0.0973937884,0.07596961409,-0.05864582956,0.0002625206253,1
0.0973937884,0.07793965936,-0.05534116179,0.003126478055,1
0.0973937884,0.07990969718,-0.05696828663,0.000583504152,1
0.0973937884,0.08187973499,-0.05971154571,0.0008644438931,1
0.0973937884,0.08384977281,-0.05759197101,0.001315687899,1
0.0973937884,0.08581981063,-0.05740886927,0.005296425428,1
0.0973937884,0.08778984845,-0.05280730128,-0.002073297976,1
0.0973937884,0.08975988626,-0.04576862976,-0.01725210436,1
0.0973937884,0.09172992408,-0.04164564237,-0.0132771004,1
0.0973937884,0.0936999619,-0.05325078964,-0.009203263558,1
0.0973937884,0.09567000717,-0.05730521679,-0.004326351918,1
0.0973937884,0.09764004499,-0.05534404144,-0.004394201562,1
0.0973937884,0.09961008281,-0.04957916588,-0.01175093371,1
0.0973937884,0.1015801206,-0.04216917232,-0.01452858374,1
0.0973937884,0.1035501584,-0.03383136168,-0.01526447851,1
0.0973937884,0.1055201963,-0.03137090057,-0.00591136422,1
0.0973937884,0.1074902341,-0.02842573449,-0.003182674292,1
0.0973937884,0.1094602719,-0.02575886995,-0.002779937815,1
0.0973937884,0.1114303172,-0.02707633376,-0.001418975415,1
0.0973937884,0.113400355,-0.02853383683,-0.001171060023,1
0.0973937884,0.1153703928,-0.02359805815,-0.002288577147,1
0.0973937884,0.1173404306,-0.007683222648,-0.001543708262,1
0.09936382622,0.04838907719,6.056826896e-05,0.001643178868,1
0.09936382622,0.050359115,-0.01051027607,0.006158578675,1
0.09936382622,0.05232915282,-0.002826585202,0.003930571489,1
0.09936382622,0.05429919064,-0.001193677192,0.00354222185,1
0.09936382622,0.05626922846,-0.000832132122,0.005066755693,1
0.09936382622,0.05823927,-0.003602126613,0.005329616833,1
0.09936382622,0.06020930782,-0.01456085779,0.001433205092,1
0.09936382622,0.06217934564,-0.03476991877,-0.00324576837,1
0.09936382622,0.06414938718,-0.05065120012,-0.01121062133,1
0.09936382622,0.066119425,-0.06723373383,-0.01764219627,1
0.09936382622,0.06808946282,-0.0725068152,-0.01915700175,1
0.09936382622,0.07005950063,-0.07980935276,-0.01641584374,1
0.09936382622,0.07202953845,-0.07564303279,-0.01922756992,1
0.09936382622,0.07399957627,-0.06624295563,-0.0136938747,1
0.09936382622,0.07596961409,-0.06088033319,-0.007132427767,1
0.09936382622,0.07793965936,-0.05293403193,-0.00526452763,1
0.09936382622,0.07990969718,-0.057279706,-1.319437433e-05,1
0.09936382622,0.08187973499,-0.06052843109,0.005311326124,1
0.09936382622,0.08384977281,-0.05949005112,0.008983328007,1
0.09936382622,0.08581981063,-0.05449273437,-2.368232344e-05,1
0.09936382622,0.08778984845,-0.05167901516,-0.004062499385,1
0.09936382622,0.08975988626,-0.04648759589,-0.01013087947,1
0.09936382622,0.09172992408,-0.04424722865,-0.01220068987,1
0.09936382622,0.0936999619,-0.05465689301,-0.01041341666,1
0.09936382622,0.09567000717,-0.06174471974,-0.005629591178,1
0.09936382622,0.09764004499,-0.05815062672,-0.004357586149,1
0.09936382622,0.09961008281,-0.04952133447,-0.01344409771,1
0.09936382622,0.1015801206,-0.04450746253,-0.01620184444,1
0.09936382622,0.1035501584,-0.04022036493,-0.008239882067,1
0.09936382622,0.1055201963,-0.03027202934,-0.00364147732,1
0.09936382622,0.1074902341,-0.02255178429,-0.006066372618,1
0.09936382622,0.1094602719,-0.02216784284,-0.007351034321,1
0.09936382622,0.1114303172,-0.02650796063,-0.005109206308,1
0.09936382622,0.113400355,-0.02527784742,-0.001647548517,1
0.09936382622,0.1153703928,-0.02320362069,0.002472948283,1
0.09936382622,0.1173404306,-0.005953298416,0.005241093691,1
0.101333864,0.04838907719,0.009265274741,0.005445317365,1
0.101333864,0.050359115,0.001776461373,0.005662694108,1
0.101333864,0.05232915282,-0.002419401426,0.003661165945,1
0.101333864,0.05429919064,-0.001162793254,0.00361544732,1
0.101333864,0.05626922846,0.003170244396,0.001121450448,1
0.101333864,0.05823927,-0.001199623919,-0.005747818388,1
0.101333864,0.06020930782,-0.01415810362,-0.008249560371,1
0.101333864,0.06217934564,-0.02957241982,-0.003920588642,1
0.101333864,0.06414938718,-0.04305581376,-0.009612315334,1
0.101333864,0.066119425,-0.04425967112,-0.01226347871,1
0.101333864,0.06808946282,-0.0487995632,-0.01104305219,1
0.101333864,0.07005950063,-0.06603238732,-0.01561885234,2
0.101333864,0.07202953845,-0.07150968164,-0.02537454665,1
0.101333864,0.07399957627,-0.06332102418,-0.02008918673,1
0.101333864,0.07596961409,-0.05815996602,-0.0141094923,1
0.101333864,0.07793965936,-0.0556928888,-0.003490788396,1
0.101333864,0.07990969718,-0.05541047826,-0.0009417012916,1
0.101333864,0.08187973499,-0.06007708237,0.004368294496,1
0.101333864,0.08384977281,-0.05553203821,-0.00503069628,1
0.101333864,0.08581981063,-0.0519531928,-0.01252785604,1
0.101333864,0.08778984845,-0.05004721507,-0.009580385871,1
0.101333864,0.08975988626,-0.04822297022,-0.0123500796,1
0.101333864,0.09172992408,-0.05814097822,-0.01446537767,1
0.101333864,0.0936999619,-0.06416922063,-0.01076622121,1
0.101333864,0.09567000717,-0.05587788299,-0.006370673422,1
0.101333864,0.09764004499,-0.05631943047,-0.002525626915,1
0.101333864,0.09961008281,-0.05137946829,-0.00277576386,1
0.101333864,0.1015801206,-0.04981026798,-0.00946670305,1
0.101333864,0.1035501584,-0.03905943781,-0.006875680294,1
0.101333864,0.1055201963,-0.02839154378,-0.005689171143,1
0.101333864,0.1074902341,-0.02179318294,-0.006821555085,1
0.101333864,0.1094602719,-0.01977245137,-0.008005080745,1
0.101333864,0.1114303172,-0.02145222574,-0.00713112345,1
0.101333864,0.113400355,-0.02010085434,-0.004825869575,1
0.101333864,0.1153703928,-0.01978125237,0.001422557863,1
0.101333864,0.1173404306,-0.008952799253,0.008743863553,1
0.1033039019,0.04838907719,0.008405758999,0.007324976847,1
0.1033039019,0.050359115,0.003085333388,0.005753553007,1
0.1033039019,0.05232915282,-0.001736653387,0.003247821704,1
0.1033039019,0.05429919064,-0.001072899322,0.001890901593,1
0.1033039019,0.05626922846,-0.00253001973,0.002194527537,1
0.1033039019,0.05823927,-0.003974894993,-0.005690056365,1
0.1033039019,0.06020930782,-0.01174819749,-0.01120868605,1
0.1033039019,0.06217934564,-0.01984658092,-0.01650290564,1
0.1033039019,0.06414938718,-0.03675109521,-0.01687207632,1
0.1033039019,0.066119425,-0.04729956388,-0.005644305609,1
0.1033039019,0.06808946282,-0.05589322001,-0.004785852972,1
0.1033039019,0.07005950063,-0.06401095539,-0.009641963989,1
0.1033039019,0.07202953845,-0.07060030103,-0.01608635299,1
0.1033039019,0.07399957627,-0.0627137199,-0.01908230223,1
0.1033039019,0.07596961409,-0.06308341026,-0.01363028958,1
0.1033039019,0.07793965936,-0.06563217938,-0.0008517855313,1
0.1033039019,0.07990969718,-0.06112556159,-0.0009885912295,1
0.1033039019,0.08187973499,-0.0579097122,-0.005300755613,1
0.1033039019,0.08384977281,-0.05452725291,-0.01108286157,1
0.1033039019,0.08581981063,-0.0527973175,-0.01381848194,1
0.1033039019,0.08778984845,-0.04925530404,-0.008209059015,1
0.1033039019,0.08975988626,-0.05018946901,-0.01336826198,1
0.1033039019,0.09172992408,-0.05911550298,-0.01553414203,1
0.1033039019,0.0936999619,-0.06537153572,-0.009303763509,1
0.1033039019,0.09567000717,-0.06218528003,-0.01002812292,1
0.1033039019,0.09764004499,-0.05265702307,-0.009476594627,1
0.1033039019,0.09961008281,-0.0446293205,-0.007261559367,1
0.1033039019,0.1015801206,-0.03977325931,-0.00609631883,1
0.1033039019,0.1035501584,-0.02974796668,-0.01139493659,1
0.1033039019,0.1055201963,-0.02517564408,-0.01060425024,1
0.1033039019,0.1074902341,-0.02358588763,-0.007593994495,1
0.1033039019,0.1094602719,-0.02197999321,-0.00865292456,1
0.1033039019,0.1114303172,-0.0182695128,-0.008726231754,1
0.1033039019,0.113400355,-0.01281953789,-0.007337712683,1
0.1033039019,0.1153703928,-0.01539427601,-0.002987316111,1
0.1033039019,0.1173404306,-0.01088056993,0.002187969163,1
0.1052739397,0.04838907719,0.009591867216,0.006881647278,1
0.1052739397,0.050359115,0.0004677615361,0.005136230029,1
0.1052739397,0.05232915282,-0.001149190939,0.003521687351,1
0.1052739397,0.05429919064,-0.003035122994,0.001329931081,1
0.1052739397,0.05626922846,-0.002166057006,6.212250446e-05,1
0.1052739397,0.05823927,-0.0007988965954,0.002357523656,1
0.1052739397,0.06020930782,-0.002981127938,0.00244194828,1
0.1052739397,0.06217934564,-0.01626202837,-0.01230215747,1
0.1052739397,0.06414938718,-0.03121202253,-0.01244624797,1
0.1052739397,0.066119425,-0.04573080689,-0.001640691306,1
0.1052739397,0.06808946282,-0.05361514539,0.0002098397817,1
0.1052739397,0.07005950063,-0.05887535587,-0.003862337209,1
0.1052739397,0.07202953845,-0.06634038687,-0.009360225871,1
0.1052739397,0.07399957627,-0.06951594353,-0.01145945583,1
0.1052739397,0.07596961409,-0.07239159942,-0.004666593391,1
0.1052739397,0.07793965936,-0.06899701804,-0.001391529338,1
0.1052739397,0.07990969718,-0.06469555944,-0.002190587111,1
0.1052739397,0.08187973499,-0.05670363083,-0.006145340856,1
0.1052739397,0.08384977281,-0.05462257564,-0.00702903932,1
0.1052739397,0.08581981063,-0.05698892102,0.001775736455,1
0.1052739397,0.08778984845,-0.0552081503,-0.002485807287,1
0.1052739397,0.08975988626,-0.05208325759,-0.01723817363,1
0.1052739397,0.09172992408,-0.0565206036,-0.01711723953,1
0.1052739397,0.0936999619,-0.0617954582,-0.01122543123,1
0.1052739397,0.09567000717,-0.0596655719,-0.01465599332,1
0.1052739397,0.09764004499,-0.05386358127,-0.01734555885,1
0.1052739397,0.09961008281,-0.04817784205,-0.01513711922,1
0.1052739397,0.1015801206,-0.04156817868,-0.00285852165,1
0.1052739397,0.1035501584,-0.02914986573,-0.005961514078,1
0.1052739397,0.1055201963,-0.02087827027,-0.01092866156,1
0.1052739397,0.1074902341,-0.01983749121,-0.01051070821,1
0.1052739397,0.1094602719,-0.01969982497,-0.009675020352,1
0.1052739397,0.1114303172,-0.01595807821,-0.008853934705,1
0.1052739397,0.113400355,-0.009129000828,-0.005617101677,1
0.1052739397,0.1153703928,-0.00804506056,-0.00430443557,1
0.1052739397,0.1173404306,-0.005312559661,-0.002219008747,1
0.1072439849,0.04838907719,0.001480169012,0.006101502571,1
0.1072439849,0.050359115,0.004622177221,0.005912149325,1
0.1072439849,0.05232915282,-0.001345233642,0.005220070947,1
0.1072439849,0.05429919064,-0.002885826631,0.002246854361,1
0.1072439849,0.05626922846,-0.0002340932988,0.0035522955,1
0.1072439849,0.05823927,0.001853583613,0.008152254857,1
0.1072439849,0.06020930782,-0.0008363435627,0.009784727357,1
0.1072439849,0.06217934564,-0.01987398416,-0.009483660571,1
0.1072439849,0.06414938718,-0.03516535833,-0.01358387899,1
0.1072439849,0.066119425,-0.03991568461,0.0002268527023,1
0.1072439849,0.06808946282,-0.04739367589,0.004647803959,1
0.1072439849,0.07005950063,-0.05981304869,-0.0004386778164,1
0.1072439849,0.07202953845,-0.05763041973,0.009575664066,1
0.1072439849,0.07399957627,-0.05694556236,0.008392360061,1
0.1072439849,0.07596961409,-0.0574827753,0.000750394538,1
0.1072439849,0.07793965936,-0.05942357704,-0.004136746284,1
0.1072439849,0.07990969718,-0.05994517356,-0.0167382285,1
0.1072439849,0.08187973499,-0.05587406456,-0.01867847145,1
0.1072439849,0.08384977281,-0.044543311,-0.006661219988,1
0.1072439849,0.08581981063,-0.0533268936,0.007643998601,1
0.1072439849,0.08778984845,-0.0407146737,-0.02876938134,1
0.1072439849,0.08975988626,-0.04759017751,-0.02699783444,1
0.1072439849,0.09172992408,-0.05046936497,-0.02542491443,1
0.1072439849,0.0936999619,-0.05137586966,-0.02309884876,1
0.1072439849,0.09567000717,-0.05422174931,-0.01766331121,1
0.1072439849,0.09764004499,-0.04941586778,-0.01949345693,1
0.1072439849,0.09961008281,-0.04565035179,-0.01417536382,1
0.1072439849,0.1015801206,-0.04384283721,-0.003479768056,1
0.1072439849,0.1035501584,-0.032508865,-0.003354651621,1
0.1072439849,0.1055201963,-0.02081834711,-0.008336140774,1
0.1072439849,0.1074902341,-0.01908745989,-0.00879509002,1
0.1072439849,0.1094602719,-0.01804225147,-0.005030067638,1
0.1072439849,0.1114303172,-0.01657630317,-0.004002792295,1
0.1072439849,0.113400355,-0.01163850259,-0.003271881025,1
0.1072439849,0.1153703928,-0.006527957972,-0.004585744347,1
0.1072439849,0.1173404306,-0.002122629201,-0.004953745753,1
0.1092140228,0.04838907719,0.006426519249,0.006060922053,1
0.1092140228,0.050359115,0.003933025058,0.006059950683,1
0.1092140228,0.05232915282,-0.000685107836,0.006006442476,1
0.1092140228,0.05429919064,0.001068959595,0.005721604452,1
0.1092140228,0.05626922846,0.001862319652,0.007154863793,1
0.1092140228,0.05823927,0.0004479344352,0.01338014007,1
0.1092140228,0.06020930782,-0.005343335215,0.01695150137,1
0.1092140228,0.06217934564,-0.01482623816,-0.002582204528,3
0.1092140228,0.06414938718,-0.03591901064,-0.00681803748,1
0.1092140228,0.066119425,-0.04847101495,0.003647534875,1
0.1092140228,0.06808946282,-0.0579027012,0.007202320267,1
0.1092140228,0.07005950063,-0.06537745893,0.002566827228,1
0.1092140228,0.07202953845,-0.06339621544,0.003948791884,1
0.1092140228,0.07399957627,-0.05677042156,0.008474734612,1
0.1092140228,0.07596961409,-0.05572608113,0.002508553443,1
0.1092140228,0.07793965936,-0.05919331685,-0.004902548622,1
0.1092140228,0.07990969718,-0.06238809228,-0.01424371637,1
0.1092140228,0.08187973499,-0.05875745788,-0.01122353133,2
0.1092140228,0.08384977281,-0.04591008276,-0.004522170871,1
0.1092140228,0.08581981063,-0.04948454723,-0.002969466848,1
0.1092140228,0.08778984845,-0.04298697039,-0.01650427841,2
0.1092140228,0.08975988626,-0.04395853728,-0.02982599847,1
0.1092140228,0.09172992408,-0.05033784732,-0.02876908891,1
0.1092140228,0.0936999619,-0.05034659803,-0.02668711357,1
0.1092140228,0.09567000717,-0.04822329059,-0.02138516121,1
0.1092140228,0.09764004499,-0.04441458732,-0.01834865287,1
0.1092140228,0.09961008281,-0.04180245474,-0.01249192841,1
0.1092140228,0.1015801206,-0.04239926487,-0.005994103383,1
0.1092140228,0.1035501584,-0.0331454277,-0.00607063761,1
0.1092140228,0.1055201963,-0.02419245616,-0.007465774193,1
0.1092140228,0.1074902341,-0.01925906539,-0.005772477016,1
0.1092140228,0.1094602719,-0.01501216553,-0.006552406121,1
0.1092140228,0.1114303172,-0.01515271608,-0.006025480572,1
0.1092140228,0.113400355,-0.009976711124,-0.005903651472,1
0.1092140228,0.1153703928,-0.007076863665,-0.007058880292,1
0.1092140228,0.1173404306,-0.004320268519,-0.005252496805,1
0.1111840606,0.04838907719,0.001952245948,0.004548857454,1
0.1111840606,0.050359115,-0.00720001664,0.004372644704,1
0.1111840606,0.05232915282,0.001299399417,0.005311366171,1
0.1111840606,0.05429919064,0.001656417735,0.007382180076,1
0.1111840606,0.05626922846,0.001940671471,0.008534022607,1
0.1111840606,0.05823927,-0.002821581904,0.01280756388,1
0.1111840606,0.06020930782,-0.0131031815,0.0182027556,1
0.1111840606,0.06217934564,-0.02183992602,0.006380730774,2
0.1111840606,0.06414938718,-0.03791955113,0.001869785017,2
0.1111840606,0.066119425,-0.05830656737,0.00115511613,1
0.1111840606,0.06808946282,-0.06352552772,0.003534348914,1
0.1111840606,0.07005950063,-0.06289169937,0.002130017616,1
0.1111840606,0.07202953845,-0.06170741469,0.0004654969089,1
0.1111840606,0.07399957627,-0.05491622537,-0.0009206323302,1
0.1111840606,0.07596961409,-0.05226552114,0.008970212191,1
0.1111840606,0.07793965936,-0.05731221661,-0.002224860946,1
0.1111840606,0.07990969718,-0.07002796233,-0.008150408976,1
0.1111840606,0.08187973499,-0.07085758448,-0.007449764758,1
0.1111840606,0.08384977281,-0.04739973694,-0.0005640584859,1
0.1111840606,0.08581981063,-0.04323874414,0.0006113196723,1
0.1111840606,0.08778984845,-0.03779012337,-0.004452271387,1
0.1111840606,0.08975988626,-0.05302137882,-0.01144964062,1
0.1111840606,0.09172992408,-0.05270751193,-0.02034013718,1
0.1111840606,0.0936999619,-0.04654070362,-0.02368842065,1
0.1111840606,0.09567000717,-0.04368528724,-0.02243881673,1
0.1111840606,0.09764004499,-0.04225942865,-0.01656404883,1
0.1111840606,0.09961008281,-0.03839704394,-0.0114575047,2
0.1111840606,0.1015801206,-0.03334485739,-0.00989931915,1
0.1111840606,0.1035501584,-0.03141907603,-0.007091114298,1
0.1111840606,0.1055201963,-0.0265272595,-0.005058453884,1
0.1111840606,0.1074902341,-0.02032618597,-0.004984236788,1
0.1111840606,0.1094602719,-0.01639509387,-0.005539966747,1
0.1111840606,0.1114303172,-0.01269138977,-0.004774205852,1
0.1111840606,0.113400355,-0.008355604485,-0.006777031347,1
0.1111840606,0.1153703928,-0.008882891387,-0.007486629765,1
0.1111840606,0.1173404306,-0.01045879349,-0.005296947435,1
0.1131540984,0.04838907719,0.004263528157,0.004624233115,1
0.1131540984,0.050359115,-0.007390586194,0.00626247609,1
0.1131540984,0.05232915282,-0.0009754466009,0.00563972583,1
0.1131540984,0.05429919064,0.000200940849,0.007443778683,1
0.1131540984,0.05626922846,0.001866556588,0.01048449427,1
0.1131540984,0.05823927,0.0008709103568,0.01254351437,1
0.1131540984,0.06020930782,-0.008536119945,0.01140685659,1
0.1131540984,0.06217934564,-0.02151073515,0.008032585494,2
0.1131540984,0.06414938718,-0.03561269864,0.006761331111,2
0.1131540984,0.066119425,-0.04661570489,0.00803299062,2
0.1131540984,0.06808946282,-0.04964766279,0.01316979527,1
0.1131540984,0.07005950063,-0.05778842419,0.001340159681,1
0.1131540984,0.07202953845,-0.05814074352,-0.001899316325,1
0.1131540984,0.07399957627,-0.05685389414,-0.00481289532,1
0.1131540984,0.07596961409,-0.05508916453,0.005365743302,1
0.1131540984,0.07793965936,-0.06196655333,-0.002118107164,1
0.1131540984,0.07990969718,-0.06984589994,-0.006452194881,1
0.1131540984,0.08187973499,-0.0726120621,-0.004462521058,1
0.1131540984,0.08384977281,-0.04965085536,-0.001755984849,1
0.1131540984,0.08581981063,-0.04590756446,-0.003040403361,1
0.1131540984,0.08778984845,-0.05166970566,-0.0031346865,1
0.1131540984,0.08975988626,-0.05160076171,0.006526126992,1
0.1131540984,0.09172992408,-0.05451469123,0.003997721244,1
0.1131540984,0.0936999619,-0.04718800634,-0.008586102165,1
0.1131540984,0.09567000717,-0.04412888363,-0.02404878475,1
0.1131540984,0.09764004499,-0.04400466383,-0.01844464429,1
0.1131540984,0.09961008281,-0.03618143871,-0.006874723826,1
0.1131540984,0.1015801206,-0.03102357499,-0.006678630132,1
0.1131540984,0.1035501584,-0.02940220013,-0.006020077504,1
0.1131540984,0.1055201963,-0.02541903034,-0.005502621643,1
0.1131540984,0.1074902341,-0.02023099549,-0.005433664192,1
0.1131540984,0.1094602719,-0.01638883911,-0.005124304444,1
0.1131540984,0.1114303172,-0.01064855512,-0.005302783567,1
0.1131540984,0.113400355,-0.007480158936,-0.006675247103,1
0.1131540984,0.1153703928,-0.00708722882,-0.00614432618,1
0.1131540984,0.1173404306,-0.01043029781,-0.007890172303,1
0.1151241362,0.04838907719,0.01056398917,0.00511243334,1
0.1151241362,0.050359115,-0.006060196552,0.005260347854,1
0.1151241362,0.05232915282,-0.002495732391,0.0061050402,1
0.1151241362,0.05429919064,-0.0004320059379,0.007368858904,1
0.1151241362,0.05626922846,0.002866113326,0.009925332852,1
0.1151241362,0.05823927,0.002279900014,0.01219149679,1
0.1151241362,0.06020930782,-0.007302408107,0.01055853255,1
0.1151241362,0.06217934564,-0.0200541988,0.007581424899,1
0.1151241362,0.06414938718,-0.03640479967,0.0091099618,1
0.1151241362,0.066119425,-0.04289589822,0.01104572043,1
0.1151241362,0.06808946282,-0.04791332036,0.005775418133,1
0.1151241362,0.07005950063,-0.05142694339,0.004101898521,1
0.1151241362,0.07202953845,-0.0544070825,-0.002069181064,1
0.1151241362,0.07399957627,-0.05605032295,-0.004901676439,1
0.1151241362,0.07596961409,-0.05993850157,0.001225498971,1
0.1151241362,0.07793965936,-0.06354928017,-0.003303555539,1
0.1151241362,0.07990969718,-0.06381843239,-0.009370993823,1
0.1151241362,0.08187973499,-0.05882526934,-0.01390045416,1
0.1151241362,0.08384977281,-0.05628701672,-0.01180275157,1
0.1151241362,0.08581981063,-0.05747111514,-0.01145838015,1
0.1151241362,0.08778984845,-0.0503719449,-0.007188847754,1
0.1151241362,0.08975988626,-0.03940824419,0.00229695905,1
0.1151241362,0.09172992408,-0.04504580423,0.006670608651,1
0.1151241362,0.0936999619,-0.04277569801,0.003176207189,1
0.1151241362,0.09567000717,-0.05064666644,-0.01057392079,1
0.1151241362,0.09764004499,-0.05144389719,-0.008510579355,1
0.1151241362,0.09961008281,-0.0397390835,-0.00873567909,1
0.1151241362,0.1015801206,-0.03130819649,-0.009308364242,1
0.1151241362,0.1035501584,-0.02377785556,-0.004285734612,1
0.1151241362,0.1055201963,-0.01979642175,-0.007494807709,1
0.1151241362,0.1074902341,-0.01746130176,-0.007372488733,1
0.1151241362,0.1094602719,-0.01424265653,-0.006388601847,1
0.1151241362,0.1114303172,-0.009157861583,-0.004980576225,1
0.1151241362,0.113400355,-0.006576320156,-0.004962089006,1
0.1151241362,0.1153703928,-0.005383693147,-0.005274461117,1
0.1151241362,0.1173404306,-0.004334447905,-0.007525015157,1
0.117094174,0.04838907719,0.006771501154,0.004877894185,1
0.117094174,0.050359115,-0.001286723418,0.005546909291,1
0.117094174,0.05232915282,-0.0018736372,0.004525613971,1
0.117094174,0.05429919064,-0.0003416247782,0.006069946568,1
0.117094174,0.05626922846,0.0006281491951,0.008064261638,1
0.117094174,0.05823927,-0.003474059515,0.009563058615,1
0.117094174,0.06020930782,-0.01042834204,0.01109268423,1
0.117094174,0.06217934564,-0.03115014732,0.005165223032,1
0.117094174,0.06414938718,-0.04078792408,0.003723530099,1
0.117094174,0.066119425,-0.04273325577,0.00680198567,1
0.117094174,0.06808946282,-0.04642709717,0.003922650591,1
0.117094174,0.07005950063,-0.05153704807,0.003312680172,1
0.117094174,0.07202953845,-0.0547501184,6.993088755e-05,1
0.117094174,0.07399957627,-0.05234257132,-0.005335920956,1
0.117094174,0.07596961409,-0.058161553,0.002080903854,1
0.117094174,0.07793965936,-0.06052746624,-0.003409496974,1
0.117094174,0.07990969718,-0.06015905365,-0.01475330722,1
0.117094174,0.08187973499,-0.05293606594,-0.02098975331,1
0.117094174,0.08384977281,-0.05006261542,-0.01912700385,1
0.117094174,0.08581981063,-0.03619808331,-0.01445311867,1
0.117094174,0.08778984845,-0.03100367822,-0.01086467225,1
0.117094174,0.08975988626,-0.03635852411,0.001533540315,1
0.117094174,0.09172992408,-0.03755894676,0.004784057382,1
0.117094174,0.0936999619,-0.03789292276,0.0005537679535,1
0.117094174,0.09567000717,-0.0470245555,-0.0001115525229,1
0.117094174,0.09764004499,-0.04741781205,-0.00129809184,2
0.117094174,0.09961008281,-0.04282679781,0.001075796783,1
0.117094174,0.1015801206,-0.03603649512,0.003019410186,1
0.117094174,0.1035501584,-0.02560327947,0.003294649767,1
0.117094174,0.1055201963,-0.01932916231,-0.004924363457,1
0.117094174,0.1074902341,-0.01785995439,-0.006346821319,1
0.117094174,0.1094602719,-0.01468989067,-0.004937480669,1
0.117094174,0.1114303172,-0.01010016818,-0.001573425718,1
0.117094174,0.113400355,-0.007999625988,-0.001642476069,1
0.117094174,0.1153703928,-0.009303337894,-0.004847595468,1
0.117094174,0.1173404306,-0.007472061086,-0.004623987246,1
0.1190642118,0.04838907719,0.00357637601,0.00396839669,1
0.1190642118,0.050359115,0.001121997833,0.00473806262,1
0.1190642118,0.05232915282,-0.0002966929751,0.004326611292,1
0.1190642118,0.05429919064,-0.0008741231868,0.005986488424,1
0.1190642118,0.05626922846,-0.002073729411,0.007178752217,1
0.1190642118,0.05823927,7.378641749e-05,0.004252905957,1
0.1190642118,0.06020930782,-0.01655677706,-0.002039213898,1
0.1190642118,0.06217934564,-0.02868040651,-0.001778367325,2
0.1190642118,0.06414938718,-0.04196158424,-0.00818090234,1
0.1190642118,0.066119425,-0.03812614828,-0.002161884448,1
0.1190642118,0.06808946282,-0.04143375903,0.0009762868285,3
0.1190642118,0.07005950063,-0.04774669185,-0.006252652034,3
0.1190642118,0.07202953845,-0.05655936897,0.000319072511,1
0.1190642118,0.07399957627,-0.05310530961,0.001264658757,1
0.1190642118,0.07596961409,-0.05531289428,-0.001414182596,1
0.1190642118,0.07793965936,-0.05855901539,-0.01809393801,1
0.1190642118,0.07990969718,-0.05569925159,-0.01917728037,1
0.1190642118,0.08187973499,-0.04619726539,-0.0119778337,1
0.1190642118,0.08384977281,-0.05156989396,-0.007900987752,1
0.1190642118,0.08581981063,-0.03643133491,-0.01295878459,1
0.1190642118,0.08778984845,-0.03858802468,-0.005970155355,2
0.1190642118,0.08975988626,-0.03876512125,-7.315208495e-05,1
0.1190642118,0.09172992408,-0.0450604111,0.0002099309349,1
0.1190642118,0.0936999619,-0.04589307681,-0.00381257222,1
0.1190642118,0.09567000717,-0.04686989635,-0.001093497965,3
0.1190642118,0.09764004499,-0.04837600142,0.002353968099,2
0.1190642118,0.09961008281,-0.04704985395,0.0132924905,1
0.1190642118,0.1015801206,-0.03914089128,0.01272819564,1
0.1190642118,0.1035501584,-0.0275281556,0.004593069665,1
0.1190642118,0.1055201963,-0.02353321947,0.001747086062,1
0.1190642118,0.1074902341,-0.01756346039,-0.0014285699,1
0.1190642118,0.1094602719,-0.01173228584,-0.002585902577,1
0.1190642118,0.1114303172,-0.007377138827,-0.001992773497,1
0.1190642118,0.113400355,-0.007727306802,-0.001383815892,1
0.1190642118,0.1153703928,-0.006512880325,-0.003694390412,1
0.1190642118,0.1173404306,0.001048873295,-0.005283974577,1
0.1210342497,0.04838907719,-0.001993132988,0.005121032242,1
0.1210342497,0.050359115,-0.0002565856266,0.004233655985,1
0.1210342497,0.05232915282,0.0006099290331,0.004022611305,1
0.1210342497,0.05429919064,8.805433026e-06,0.004590452183,1
0.1210342497,0.05626922846,-0.002446473809,0.004504870623,1
0.1210342497,0.05823927,0.002101349412,0.00229965453,1
0.1210342497,0.06020930782,-0.01143086422,-0.0005117664696,1
0.1210342497,0.06217934564,-0.02505311184,-0.002058576327,2
0.1210342497,0.06414938718,-0.04535282031,-0.008686989546,1
0.1210342497,0.066119425,-0.03614704683,-0.002249296987,1
0.1210342497,0.06808946282,-0.04949897528,-0.002190969884,1
0.1210342497,0.07005950063,-0.04659586027,-0.002434738446,1
0.1210342497,0.07202953845,-0.0407595858,-0.002953964286,1
0.1210342497,0.07399957627,-0.04932571203,-0.001534222625,1
0.1210342497,0.07596961409,-0.05150795728,-0.004856362008,1
0.1210342497,0.07793965936,-0.05505428463,-0.01619231515,1
0.1210342497,0.07990969718,-0.05458698794,-0.01761281118,1
0.1210342497,0.08187973499,-0.04857918248,-0.01358602941,1
0.1210342497,0.08384977281,-0.045597177,-0.01122295018,1
0.1210342497,0.08581981063,-0.04976915941,-0.003168863943,1
0.1210342497,0.08778984845,-0.04815195873,1.598622839e-05,1
0.1210342497,0.08975988626,-0.04663394764,-0.000644423184,1
0.1210342497,0.09172992408,-0.04202846065,-0.001934877713,1
0.1210342497,0.0936999619,-0.0447868742,-0.0001079690483,2
0.1210342497,0.09567000717,-0.04881058633,-8.999008423e-05,2
0.1210342497,0.09764004499,-0.05216643959,-0.00148502877,1
0.1210342497,0.09961008281,-0.0485287644,0.004815206863,1
0.1210342497,0.1015801206,-0.04250409082,0.0106428992,1
0.1210342497,0.1035501584,-0.03288401291,0.006902676076,1
0.1210342497,0.1055201963,-0.02312217094,0.005898301024,1
0.1210342497,0.1074902341,-0.01367037185,0.002398730023,1
0.1210342497,0.1094602719,-0.008029384539,-0.001152607845,1
0.1210342497,0.1114303172,-0.007499034517,-0.002354810014,1
0.1210342497,0.113400355,-0.006574722007,-0.00177558593,1
0.1210342497,0.1153703928,-0.002822023584,-0.002871602774,1
0.1210342497,0.1173404306,0.001568605658,-0.003438547952,2
0.1230042875,0.04838907719,0.003113006707,0.006803958677,1
0.1230042875,0.050359115,0.001041583368,0.003195254831,1
0.1230042875,0.05232915282,0.0005430571618,0.003208405571,1
0.1230042875,0.05429919064,0.0006189831765,0.003281174228,1
0.1230042875,0.05626922846,-0.0004980243393,0.003866350045,1
0.1230042875,0.05823927,0.001874443027,0.003344981,1
0.1230042875,0.06020930782,-0.003822527826,0.003025769023,1
0.1230042875,0.06217934564,-0.01474835724,0.002742818557,1
0.1230042875,0.06414938718,-0.03639806435,-0.01073226705,1
0.1230042875,0.066119425,-0.04799517244,-0.0119842561,1
0.1230042875,0.06808946282,-0.0519101508,-0.01002599113,1
0.1230042875,0.07005950063,-0.04461545125,-0.006655799691,1
0.1230042875,0.07202953845,-0.03945074975,-0.002485210542,1
0.1230042875,0.07399957627,-0.0466161333,-0.004335999954,1
0.1230042875,0.07596961409,-0.04942117631,-0.008486234583,1
0.1230042875,0.07793965936,-0.05184280127,-0.01317872852,1
0.1230042875,0.07990969718,-0.05409603193,-0.01491696574,1
0.1230042875,0.08187973499,-0.04729770124,-0.01325618289,1
0.1230042875,0.08384977281,-0.04681804776,-0.01060054731,1
0.1230042875,0.08581981063,-0.05935011059,-0.003027551109,1
0.1230042875,0.08778984845,-0.05371016636,-0.002031758195,1
0.1230042875,0.08975988626,-0.04828603566,-0.001317786518,1
0.1230042875,0.09172992408,-0.04354930669,0.005916153081,1
0.1230042875,0.0936999619,-0.04241537675,0.005405563861,1
0.1230042875,0.09567000717,-0.05141913518,0.002326535527,1
0.1230042875,0.09764004499,-0.05238912627,-0.001910449238,1
0.1230042875,0.09961008281,-0.05660271645,0.006917749066,1
0.1230042875,0.1015801206,-0.05463607237,0.009270248003,1
0.1230042875,0.1035501584,-0.04209608957,0.006967280526,1
0.1230042875,0.1055201963,-0.01976723224,0.006127060391,1
0.1230042875,0.1074902341,-0.00950031355,0.0006782475393,1
0.1230042875,0.1094602719,-0.006389971823,-0.0009588585235,1
0.1230042875,0.1114303172,-0.005813713651,-0.001755964593,1
0.1230042875,0.113400355,-0.006660696119,-0.001495942008,1
0.1230042875,0.1153703928,-0.001846152707,-0.002497857437,1
0.1230042875,0.1173404306,0.006478967611,-0.002160066506,1
0.1249743327,0.04838907719,0.006317580584,0.007468569558,1
0.1249743327,0.050359115,0.002045389963,0.001676081447,1
0.1249743327,0.05232915282,0.002328180941,0.003420860041,1
0.1249743327,0.05429919064,0.002465102589,0.002741264645,1
0.1249743327,0.05626922846,0.002763718599,0.00179074402,1
0.1249743327,0.05823927,0.003425992094,0.003069310915,1
0.1249743327,0.06020930782,-0.001141550485,0.004254764877,1
0.1249743327,0.06217934564,-0.01066434197,0.003236655844,1
0.1249743327,0.06414938718,-0.03442898765,-0.007802642882,1
0.1249743327,0.066119425,-0.04598908871,-0.01148689445,1
0.1249743327,0.06808946282,-0.04469225928,-0.01362065133,1
0.1249743327,0.07005950063,-0.05248320848,-0.007616153918,1
0.1249743327,0.07202953845,-0.05235754326,-0.002712093526,1
0.1249743327,0.07399957627,-0.05020845309,-0.01095531043,1
0.1249743327,0.07596961409,-0.05126425996,-0.01675410382,1
0.1249743327,0.07793965936,-0.04692298919,-0.0229506027,1
0.1249743327,0.07990969718,-0.04482715949,-0.01670977101,1
0.1249743327,0.08187973499,-0.05095478147,-0.009986973368,2
0.1249743327,0.08384977281,-0.05952525139,-0.004486014135,1
0.1249743327,0.08581981063,-0.06424993277,-0.003422965761,1
0.1249743327,0.08778984845,-0.06068401411,-0.0007179208333,1
0.1249743327,0.08975988626,-0.05904767662,0.002290588804,1
0.1249743327,0.09172992408,-0.05198116601,0.009731658734,1
0.1249743327,0.0936999619,-0.04448980466,0.008820848539,1
0.1249743327,0.09567000717,-0.04613696411,0.003565101186,1
0.1249743327,0.09764004499,-0.05313974991,-0.003487297334,1
0.1249743327,0.09961008281,-0.05781840906,0.007469824515,1
0.1249743327,0.1015801206,-0.05592216551,0.004684129264,1
0.1249743327,0.1035501584,-0.04982464388,0.001745535177,1
0.1249743327,0.1055201963,-0.03733233735,-0.0005726033705,1
0.1249743327,0.1074902341,-0.01527617127,-0.0003749162133,1
0.1249743327,0.1094602719,-0.006744760554,-0.0003080684692,1
0.1249743327,0.1114303172,-0.003701325972,-0.001127389842,1
0.1249743327,0.113400355,-0.004709916189,-0.0008119562408,1
0.1249743327,0.1153703928,-0.004373836331,-0.0009179126355,1
0.1249743327,0.1173404306,-4.609994357e-05,-0.0009262223612,1
0.1269443631,0.04838907719,0.003528776579,0.005868321285,1
0.1269443631,0.050359115,0.000623016851,0.0005516682286,1
0.1269443631,0.05232915282,0.001163293491,0.002478083828,1
0.1269443631,0.05429919064,0.001043368015,0.004023824353,1
0.1269443631,0.05626922846,0.002242477378,0.002942136256,1
0.1269443631,0.05823927,0.002805770375,0.00217197556,1
0.1269443631,0.06020930782,-0.001769923372,0.009428396821,1
0.1269443631,0.06217934564,-0.01034699474,0.005199011415,1
0.1269443631,0.06414938718,-0.03334576264,-0.009064971469,1
0.1269443631,0.066119425,-0.04498992115,-0.01174673811,1
0.1269443631,0.06808946282,-0.05313851684,-0.01063659973,1
0.1269443631,0.07005950063,-0.04553851485,-0.01180603728,1
0.1269443631,0.07202953845,-0.05151060224,-0.01960393973,1
0.1269443631,0.07399957627,-0.05124229565,-0.01631147414,2
0.1269443631,0.07596961409,-0.05142508075,-0.0170272328,1
0.1269443631,0.07793965936,-0.04792540148,-0.02201494202,1
0.1269443631,0.07990969718,-0.04191176966,-0.01109849662,1
0.1269443631,0.08187973499,-0.05216900632,-0.0054959259,1
0.1269443631,0.08384977281,-0.05116007105,-0.001721374108,1
0.1269443631,0.08581981063,-0.0536085926,0.0007808373775,1
0.1269443631,0.08778984845,-0.06642698497,-0.0001269259956,1
0.1269443631,0.08975988626,-0.06723860651,0.003491847543,1
0.1269443631,0.09172992408,-0.0571769774,0.007780545857,1
0.1269443631,0.0936999619,-0.04812928289,0.005819177255,1
0.1269443631,0.09567000717,-0.0484832935,0.004853527062,1
0.1269443631,0.09764004499,-0.05376789346,0.001818097662,2
0.1269443631,0.09961008281,-0.05313485488,0.002540382324,1
0.1269443631,0.1015801206,-0.05168335885,0.0008473442867,1
0.1269443631,0.1035501584,-0.0500071086,-0.003152501537,1
0.1269443631,0.1055201963,-0.03654278442,-0.004662377294,1
0.1269443631,0.1074902341,-0.02097060531,-0.0004242722353,1
0.1269443631,0.1094602719,-0.00943460688,-0.0006041738088,1
0.1269443631,0.1114303172,-0.001951107639,-0.002230867743,1
0.1269443631,0.113400355,0.0003101941838,-0.001164411544,1
0.1269443631,0.1153703928,-0.004560647998,7.563712279e-05,1
0.1269443631,0.1173404306,-0.002987681655,-0.000501588278,2
0.1289144009,0.04838907719,0.001831545378,0.005784871988,1
0.1289144009,0.050359115,0.001542810583,0.0009960024618,1
0.1289144009,0.05232915282,0.003109275829,0.002000125824,1
0.1289144009,0.05429919064,0.004399394151,0.003772754688,1
0.1289144009,0.05626922846,0.002087599598,0.006628373172,1
0.1289144009,0.05823927,0.0005066522863,0.007174471859,1
0.1289144009,0.06020930782,-0.006459812168,0.007148556877,1
0.1289144009,0.06217934564,-0.01634281501,0.001769736875,1
0.1289144009,0.06414938718,-0.02830173075,-0.009100892581,1
0.1289144009,0.066119425,-0.03646634519,-0.01166826487,1
0.1289144009,0.06808946282,-0.04853550345,-0.01031821501,1
0.1289144009,0.07005950063,-0.03977829963,-0.01093654055,1
0.1289144009,0.07202953845,-0.0464448072,-0.01868296973,1
0.1289144009,0.07399957627,-0.05182505399,-0.01765941083,2
0.1289144009,0.07596961409,-0.05226477608,-0.01700160652,1
0.1289144009,0.07793965936,-0.04961146414,-0.0147176329,1
0.1289144009,0.07990969718,-0.04836919531,-0.01096019614,1
0.1289144009,0.08187973499,-0.05201035365,-0.004344102927,1
0.1289144009,0.08384977281,-0.0528868027,-0.002880441491,1
0.1289144009,0.08581981063,-0.05161931738,-0.0009800374974,1
0.1289144009,0.08778984845,-0.05620154366,-0.001708111144,1
0.1289144009,0.08975988626,-0.06052472442,0.0008212110843,2
0.1289144009,0.09172992408,-0.0629542321,0.003805910936,1
0.1289144009,0.0936999619,-0.05437680334,0.002308640862,1
0.1289144009,0.09567000717,-0.05016034469,-0.0008754005539,1
0.1289144009,0.09764004499,-0.06031367928,0.003365778364,1
0.1289144009,0.09961008281,-0.04522968084,-0.004552728496,1
0.1289144009,0.1015801206,-0.0417981036,-0.005380555056,1
0.1289144009,0.1035501584,-0.04413223267,-0.00894555822,1
0.1289144009,0.1055201963,-0.03571601585,-0.003519996069,2
0.1289144009,0.1074902341,-0.02667588554,0.0002217243164,1
0.1289144009,0.1094602719,-0.01421647239,-0.0003499554296,1
0.1289144009,0.1114303172,-0.001693964703,-0.001504396903,1
0.1289144009,0.113400355,0.0007263228181,-6.978315014e-06,1
0.1289144009,0.1153703928,-0.004537550732,-0.0001186769296,1
0.1289144009,0.1173404306,-0.004356296733,-0.0006541797193,1
0.1308844388,0.04838907719,0.00714130979,0.00659439154,1
0.1308844388,0.050359115,0.000354885211,0.003043584991,1
0.1308844388,0.05232915282,0.003905263497,0.002829238307,1
0.1308844388,0.05429919064,0.003909181338,0.005681936163,1
0.1308844388,0.05626922846,0.004023759626,0.009258067235,1
0.1308844388,0.05823927,0.002845651004,0.009741019458,1
0.1308844388,0.06020930782,-0.006824904587,0.004981917795,1
0.1308844388,0.06217934564,-0.02007678151,-0.0005021363031,2
0.1308844388,0.06414938718,-0.03604707494,-0.008057724684,1
0.1308844388,0.066119425,-0.03943451121,-0.002901788335,1
0.1308844388,0.06808946282,-0.03952170536,-0.005230585579,1
0.1308844388,0.07005950063,-0.03328315169,-0.005898264237,1
0.1308844388,0.07202953845,-0.04087625071,-0.01059785299,1
0.1308844388,0.07399957627,-0.05734832957,-0.01864159293,1
0.1308844388,0.07596961409,-0.05313047022,-0.01687844656,1
0.1308844388,0.07793965936,-0.05118397996,-0.01453863923,1
0.1308844388,0.07990969718,-0.050341703,-0.01111017913,1
0.1308844388,0.08187973499,-0.05066690966,-0.00555468211,1
0.1308844388,0.08384977281,-0.05180549994,-0.00732816197,2
0.1308844388,0.08581981063,-0.05009599403,-0.005657198839,1
0.1308844388,0.08778984845,-0.04940498248,-0.004962875508,1
0.1308844388,0.08975988626,-0.05570453033,-0.002304803114,1
0.1308844388,0.09172992408,-0.05528875068,-0.003545132466,2
0.1308844388,0.0936999619,-0.05403846875,-0.005451210774,1
0.1308844388,0.09567000717,-0.04833126813,-0.01395635027,1
0.1308844388,0.09764004499,-0.04881752282,-0.008148076944,1
0.1308844388,0.09961008281,-0.04011020809,-0.005528347101,1
0.1308844388,0.1015801206,-0.02955857478,-0.007838493213,1
0.1308844388,0.1035501584,-0.03382173926,-0.005791370757,1
0.1308844388,0.1055201963,-0.03551315516,-0.000693773618,1
0.1308844388,0.1074902341,-0.03215377033,0.0005844910047,1
0.1308844388,0.1094602719,-0.01207007375,0.002459963085,1
0.1308844388,0.1114303172,-0.0001123932743,0.001991853351,1
0.1308844388,0.113400355,4.30281325e-05,-0.000612897682,1
0.1308844388,0.1153703928,-0.006082152482,-0.001386809745,1
0.1308844388,0.1173404306,-0.005514502525,-8.317545871e-05,1
0.1328544915,0.04838907719,0.003148981836,0.004947158508,2
0.1328544915,0.050359115,0.0004921158543,0.004758180119,1
0.1328544915,0.05232915282,0.0009597907774,0.00487383781,1
0.1328544915,0.05429919064,0.002856716514,0.007544050924,1
0.1328544915,0.05626922846,0.004198516719,0.009522566572,1
0.1328544915,0.05823927,0.003097903682,0.01095546503,1
0.1328544915,0.06020930782,-0.006580138113,0.00666087633,1
0.1328544915,0.06217934564,-0.02109233476,-0.0007024750812,2
0.1328544915,0.06414938718,-0.03638448566,-0.007587034255,1
0.1328544915,0.066119425,-0.03725853935,-0.000110222325,1
0.1328544915,0.06808946282,-0.03463038057,-0.004619363695,1
0.1328544915,0.07005950063,-0.03126221523,-0.005076066125,1
0.1328544915,0.07202953845,-0.03651307523,-0.008679177612,1
0.1328544915,0.07399957627,-0.05065387115,-0.01130555477,1
0.1328544915,0.07596961409,-0.05735456571,-0.009793166071,1
0.1328544915,0.07793965936,-0.05727846548,-0.01347959042,1
0.1328544915,0.07990969718,-0.05156818405,-0.01226704475,1
0.1328544915,0.08187973499,-0.05346789956,-0.01389020495,1
0.1328544915,0.08384977281,-0.05357230455,-0.01522032544,1
0.1328544915,0.08581981063,-0.04970111698,-0.01180892345,1
0.1328544915,0.08778984845,-0.04971958324,-0.01144318096,1
0.1328544915,0.08975988626,-0.0508781448,-0.008103942499,1
0.1328544915,0.09172992408,-0.04845777154,-0.01023042668,1
0.1328544915,0.0936999619,-0.04656387866,-0.01168635674,1
0.1328544915,0.09567000717,-0.04930159077,-0.009227141738,1
0.1328544915,0.09764004499,-0.05005059019,-0.0009580802871,1
0.1328544915,0.09961008281,-0.04410320148,0.003209005343,1
0.1328544915,0.1015801206,-0.02868492715,-0.0007153732586,1
0.1328544915,0.1035501584,-0.02865246497,-0.004358870909,1
0.1328544915,0.1055201963,-0.02963295765,0.001044047647,1
0.1328544915,0.1074902341,-0.02507851273,0.0007316274568,1
0.1328544915,0.1094602719,-0.007843764499,0.001680717687,1
0.1328544915,0.1114303172,-0.001263696817,-0.0001384677162,1
0.1328544915,0.113400355,-0.0007975576445,-0.00126965635,1
0.1328544915,0.1153703928,-0.004896641243,-0.0007081081858,1
0.1328544915,0.1173404306,-0.008524205536,0.0004030518467,1
0.1348245293,0.04838907719,0.001813519862,0.003488903865,1
0.1348245293,0.050359115,-0.001226642169,0.003970828839,1
0.1348245293,0.05232915282,5.501510896e-05,0.0057152058,1
0.1348245293,0.05429919064,0.001616485999,0.0081070913,1
0.1348245293,0.05626922846,0.002186552621,0.0103823673,1
0.1348245293,0.05823927,0.0004850921687,0.01124423835,1
0.1348245293,0.06020930782,-0.006446535233,0.009175169282,1
0.1348245293,0.06217934564,-0.02132793143,-0.00138160598,1
0.1348245293,0.06414938718,-0.03144418821,-0.001180220279,1
0.1348245293,0.066119425,-0.03626874834,0.00385374506,1
0.1348245293,0.06808946282,-0.03052114323,-0.001771285781,1
0.1348245293,0.07005950063,-0.03062842786,-0.000872808334,1
0.1348245293,0.07202953845,-0.03434064239,-0.000681799429,1
0.1348245293,0.07399957627,-0.04127616063,-0.007590827532,1
0.1348245293,0.07596961409,-0.04712338373,-0.01087782253,1
0.1348245293,0.07793965936,-0.05066068098,-0.0118662063,1
0.1348245293,0.07990969718,-0.05796426907,-0.01348495763,1
0.1348245293,0.08187973499,-0.05263172835,-0.01853579469,1
0.1348245293,0.08384977281,-0.0473007001,-0.02009471878,1
0.1348245293,0.08581981063,-0.04567112774,-0.01773248613,1
0.1348245293,0.08778984845,-0.04967006668,-0.01785585843,1
0.1348245293,0.08975988626,-0.04718641564,-0.01762707531,1
0.1348245293,0.09172992408,-0.04569286108,-0.01641978137,1
0.1348245293,0.0936999619,-0.04706623778,-0.01018942147,1
0.1348245293,0.09567000717,-0.05584936216,-0.00357579207,1
0.1348245293,0.09764004499,-0.05264846981,0.002404714003,1
0.1348245293,0.09961008281,-0.04600957409,0.006783159915,1
0.1348245293,0.1015801206,-0.03458096832,0.006351998076,1
0.1348245293,0.1035501584,-0.02951531112,0.007211025339,1
0.1348245293,0.1055201963,-0.02413436212,0.005869938061,1
0.1348245293,0.1074902341,-0.01763920486,0.0006038671127,1
0.1348245293,0.1094602719,-0.01000895258,8.91532909e-06,1
0.1348245293,0.1114303172,-0.003911632113,-0.0004420555197,1
0.1348245293,0.113400355,-0.001448289957,-0.0005777390325,1
0.1348245293,0.1153703928,-0.000124351136,0.0007814101991,1
0.1348245293,0.1173404306,0.001053376356,0.002876103623,1
0.1367945671,0.04838907719,0.003386534285,0.003339510877,1
0.1367945671,0.050359115,-3.794411896e-05,0.005211709067,1
0.1367945671,0.05232915282,-0.0004490667779,0.00602845056,1
0.1367945671,0.05429919064,-2.960957863e-05,0.007213859353,1
0.1367945671,0.05626922846,0.0005330849672,0.009802824818,1
0.1367945671,0.05823927,-0.0003327280283,0.01115143206,1
0.1367945671,0.06020930782,-0.004651214927,0.01236250624,1
0.1367945671,0.06217934564,-0.01935730129,0.009693166241,1
0.1367945671,0.06414938718,-0.02820288576,0.006824171636,1
0.1367945671,0.066119425,-0.0299672652,0.00883191172,1
0.1367945671,0.06808946282,-0.02696826868,0.001241000835,1
0.1367945671,0.07005950063,-0.02964504063,0.0006030566292,1
0.1367945671,0.07202953845,-0.03589386865,-0.001070961938,1
0.1367945671,0.07399957627,-0.03850772604,-0.006132705603,1
0.1367945671,0.07596961409,-0.03877593204,-0.006220187061,1
0.1367945671,0.07793965936,-0.03967316449,-0.005996809807,1
0.1367945671,0.07990969718,-0.04279053584,-0.01115006953,1
0.1367945671,0.08187973499,-0.05391607061,-0.02103468031,1
0.1367945671,0.08384977281,-0.05074420944,-0.02446438931,1
0.1367945671,0.08581981063,-0.05003223941,-0.02051626518,1
0.1367945671,0.08778984845,-0.04617445543,-0.01639030501,1
0.1367945671,0.08975988626,-0.04534506053,-0.01996463351,1
0.1367945671,0.09172992408,-0.04172772169,-0.019962769,1
0.1367945671,0.0936999619,-0.03583377972,-0.008914670907,1
0.1367945671,0.09567000717,-0.05646739528,-0.002604787005,1
0.1367945671,0.09764004499,-0.05343316495,-0.001436965656,1
0.1367945671,0.09961008281,-0.04921373352,0.00570527697,1
0.1367945671,0.1015801206,-0.04027438909,0.007131900173,1
0.1367945671,0.1035501584,-0.02634423971,0.0134062469,1
0.1367945671,0.1055201963,-0.01777657121,0.01453894004,1
0.1367945671,0.1074902341,-0.01289666537,-0.001023638062,1
0.1367945671,0.1094602719,-0.006672424264,0.001306334394,1
0.1367945671,0.1114303172,-0.003088739235,0.002685009269,1
0.1367945671,0.113400355,-0.001324851532,0.002911060117,1
0.1367945671,0.1153703928,0.0001845834049,-0.0003118046734,1
0.1367945671,0.1173404306,-0.003792882897,0.0005659381859,1
0.1387646049,0.04838907719,0.00193386816,0.004537983332,1
0.1387646049,0.050359115,-0.0001102276074,0.005642076023,1
0.1387646049,0.05232915282,-0.000291233795,0.006277437322,1
0.1387646049,0.05429919064,0.000840345514,0.005595946219,1
0.1387646049,0.05626922846,0.0006325312424,0.007142356131,1
0.1387646049,0.05823927,-0.00189009239,0.01041494124,1
0.1387646049,0.06020930782,-0.005660262424,0.01284662634,1
0.1387646049,0.06217934564,-0.01719034836,0.01525279507,1
0.1387646049,0.06414938718,-0.02025447413,0.01838518679,1
0.1387646049,0.066119425,-0.02305840701,0.01374700945,1
0.1387646049,0.06808946282,-0.02648644894,0.001740358304,1
0.1387646049,0.07005950063,-0.03029385395,0.0007058631163,1
0.1387646049,0.07202953845,-0.03944476321,0.001166314352,1
0.1387646049,0.07399957627,-0.04869250581,-0.003445310285,1
0.1387646049,0.07596961409,-0.04218081012,0.001271381392,1
0.1387646049,0.07793965936,-0.03754631057,-0.003090297338,1
0.1387646049,0.07990969718,-0.03915859759,-0.007382437121,1
0.1387646049,0.08187973499,-0.03613520041,-0.004897495732,1
0.1387646049,0.08384977281,-0.05682674423,-0.02319739945,1
0.1387646049,0.08581981063,-0.05920533463,-0.02357999049,1
0.1387646049,0.08778984845,-0.06877642125,-0.0228799358,1
0.1387646049,0.08975988626,-0.05993939191,-0.01821189374,1
0.1387646049,0.09172992408,-0.05181638524,-0.01381274033,1
0.1387646049,0.0936999619,-0.03852861375,-0.007179694716,1
0.1387646049,0.09567000717,-0.03803761676,-0.003765497589,1
0.1387646049,0.09764004499,-0.05166861787,0.003792304313,1
0.1387646049,0.09961008281,-0.04974989966,0.005126488395,2
0.1387646049,0.1015801206,-0.04251864925,0.00755995512,2
0.1387646049,0.1035501584,-0.0211351309,0.01808857173,1
0.1387646049,0.1055201963,-0.01128319744,0.01178909559,1
0.1387646049,0.1074902341,-0.00518514635,-0.001177469152,1
0.1387646049,0.1094602719,-0.001526200213,-0.0003616111935,1
0.1387646049,0.1114303172,-0.001181883272,0.002727521583,1
0.1387646049,0.113400355,-0.001715521445,0.003112373408,1
0.1387646049,0.1153703928,-0.004319733009,0.0009383665747,1
0.1387646049,0.1173404306,-0.001131116762,-0.002207642421,1
0.1407346427,0.04838907719,-0.0009552743868,0.004517764319,1
0.1407346427,0.050359115,-0.0004087176931,0.005649833474,1
0.1407346427,0.05232915282,-2.615007543e-05,0.005825922359,1
0.1407346427,0.05429919064,0.0004163164995,0.005633487366,1
0.1407346427,0.05626922846,-6.241126539e-05,0.005452080164,1
0.1407346427,0.05823927,-0.002938034246,0.007881491445,1
0.1407346427,0.06020930782,-0.007008210756,0.009428195655,1
0.1407346427,0.06217934564,-0.0127125727,0.01203411352,1
0.1407346427,0.06414938718,-0.01669156179,0.01798765734,1
0.1407346427,0.066119425,-0.02124231122,0.01432475727,1
0.1407346427,0.06808946282,-0.0296240896,0.01080663223,1
0.1407346427,0.07005950063,-0.03639997542,0.01773978211,1
0.1407346427,0.07202953845,-0.03454294801,0.009602327831,1
0.1407346427,0.07399957627,-0.03510841727,0.009142681956,1
0.1407346427,0.07596961409,-0.04130458459,0.0013638807,1
0.1407346427,0.07793965936,-0.04462628439,-0.005415586289,1
0.1407346427,0.07990969718,-0.03558062762,-0.007105498575,1
0.1407346427,0.08187973499,-0.04338817298,-0.01057128143,1
0.1407346427,0.08384977281,-0.06467024982,-0.02213839628,1
0.1407346427,0.08581981063,-0.06965322793,-0.02215270326,1
0.1407346427,0.08778984845,-0.06603862345,-0.01795523055,1
0.1407346427,0.08975988626,-0.06055220217,-0.01312587038,1
0.1407346427,0.09172992408,-0.05385974422,-0.007057560142,1
0.1407346427,0.0936999619,-0.04484914616,-0.002170738298,1
0.1407346427,0.09567000717,-0.04980366677,0.004388804547,1
0.1407346427,0.09764004499,-0.05237920955,0.009545143694,1
0.1407346427,0.09961008281,-0.05559860915,0.003448417876,2
0.1407346427,0.1015801206,-0.05891517922,-0.0001071411534,1
0.1407346427,0.1035501584,-0.02103085257,0.007088738959,1
0.1407346427,0.1055201963,-0.006741118152,0.004860507324,1
0.1407346427,0.1074902341,0.001450006152,-0.004017340485,1
0.1407346427,0.1094602719,0.001738347579,-0.003897342365,1
0.1407346427,0.1114303172,-0.0006928214571,0.0002829930745,1
0.1407346427,0.113400355,-0.001177733415,0.0010163486,1
0.1407346427,0.1153703928,0.0005228566588,-0.0002440248645,1
0.1407346427,0.1173404306,0.003809642978,-0.0005322802463,1
0.1427046806,0.04838907719,-0.004552758764,0.001940049464,1
0.1427046806,0.050359115,9.931824025e-05,0.004480222706,1
0.1427046806,0.05232915282,0.00109209551,0.005514046643,1
0.1427046806,0.05429919064,0.0007025514496,0.005583432037,1
0.1427046806,0.05626922846,-0.002221894683,0.004048784729,1
0.1427046806,0.05823927,-0.005327662919,0.00505481381,1
0.1427046806,0.06020930782,-0.008609071374,0.00606283918,1
0.1427046806,0.06217934564,-0.01223162003,0.005382845644,1
0.1427046806,0.06414938718,-0.01553554367,0.005408731755,1
0.1427046806,0.066119425,-0.01973482594,0.006055028178,1
0.1427046806,0.06808946282,-0.03312287107,0.02007133327,1
0.1427046806,0.07005950063,-0.04136078805,0.01917426474,1
0.1427046806,0.07202953845,-0.03225643933,0.0140942093,1
0.1427046806,0.07399957627,-0.03256065398,0.01211602986,1
0.1427046806,0.07596961409,-0.03406330571,0.005718254484,1
0.1427046806,0.07793965936,-0.03936800361,-0.0002270107798,1
0.1427046806,0.07990969718,-0.03426763788,-0.002694207709,1
0.1427046806,0.08187973499,-0.03921121359,-0.005717192777,1
0.1427046806,0.08384977281,-0.06459672749,-0.01653692313,1
0.1427046806,0.08581981063,-0.07411010563,-0.01638574898,1
0.1427046806,0.08778984845,-0.06344731897,-0.005729519296,1
0.1427046806,0.08975988626,-0.05745949224,-0.005090767518,1
0.1427046806,0.09172992408,-0.05014566705,-0.002713326598,1
0.1427046806,0.0936999619,-0.04180609435,0.001455664053,1
0.1427046806,0.09567000717,-0.04911743477,0.01182516385,1
0.1427046806,0.09764004499,-0.04975560308,0.01331124082,1
0.1427046806,0.09961008281,-0.06135013327,-0.0007708195481,1
0.1427046806,0.1015801206,-0.05257295817,-0.005352684297,1
0.1427046806,0.1035501584,-0.02713721246,0.002024452901,1
0.1427046806,0.1055201963,-0.01089154929,0.001228419482,1
0.1427046806,0.1074902341,0.001403261907,-0.00290361722,1
0.1427046806,0.1094602719,0.002124617342,-0.002932164352,1
0.1427046806,0.1114303172,-0.0009567732341,-0.001189014176,1
0.1427046806,0.113400355,-0.001846127096,-0.0005083246506,1
0.1427046806,0.1153703928,0.001406981843,0.0008425101987,1
0.1427046806,0.1173404306,0.003617004259,0.0002941253479,2
0.1446747184,0.04838907719,-0.005003527738,0.002405006438,1
0.1446747184,0.050359115,-0.0007705457392,0.004666463006,1
0.1446747184,0.05232915282,0.001702028327,0.006562523078,1
0.1446747184,0.05429919064,0.0008374552708,0.006161486264,1
0.1446747184,0.05626922846,-0.002936759964,0.00340267946,1
0.1446747184,0.05823927,-0.005387960933,0.002752453089,1
0.1446747184,0.06020930782,-0.007064074278,0.003595910268,1
0.1446747184,0.06217934564,-0.009751347825,0.004794611596,1
0.1446747184,0.06414938718,-0.01692350209,0.007337338291,1
0.1446747184,0.066119425,-0.02146920934,0.01175533328,1
0.1446747184,0.06808946282,-0.0453299582,0.01384710055,1
0.1446747184,0.07005950063,-0.05141260847,0.01239174232,1
0.1446747184,0.07202953845,-0.03001453727,0.01552447025,1
0.1446747184,0.07399957627,-0.03109236248,0.01412329637,1
0.1446747184,0.07596961409,-0.044594381,0.003884785576,1
0.1446747184,0.07793965936,-0.03693502396,0.002156618983,1
0.1446747184,0.07990969718,-0.02755690552,-0.001479876344,1
0.1446747184,0.08187973499,-0.03144012392,-0.0006865808391,1
0.1446747184,0.08384977281,-0.05412622541,0.00563385943,1
0.1446747184,0.08581981063,-0.07001704723,0.007880507968,1
0.1446747184,0.08778984845,-0.07100936025,-0.001079151174,3
0.1446747184,0.08975988626,-0.0652737245,0.005026597995,1
0.1446747184,0.09172992408,-0.05240842327,0.008962454274,1
0.1446747184,0.0936999619,-0.04443921521,0.003932008985,1
0.1446747184,0.09567000717,-0.0580871515,0.02413002588,1
0.1446747184,0.09764004499,-0.05419483781,0.02268315293,1
0.1446747184,0.09961008281,-0.05056982115,0.01064782776,1
0.1446747184,0.1015801206,-0.04296565801,0.00283812359,2
0.1446747184,0.1035501584,-0.02672763728,0.001126174,2
0.1446747184,0.1055201963,-0.01344489399,-0.002310941927,1
0.1446747184,0.1074902341,0.0007352735847,-0.001869925065,1
0.1446747184,0.1094602719,0.001304513542,-0.0005808369024,1
0.1446747184,0.1114303172,-0.001786324428,-0.0008140921709,1
0.1446747184,0.113400355,-0.005016243551,-0.001179610263,1
0.1446747184,0.1153703928,0.002804090967,-0.0009932314279,1
0.1446747184,0.1173404306,0.005634388421,0.0005721460911,1
0.1466447562,0.04838907719,-0.001169827534,0.00373536814,1
0.1466447562,0.050359115,-0.0009517524159,0.004106935114,1
0.1466447562,0.05232915282,0.0003510915267,0.004677837249,1
0.1466447562,0.05429919064,-0.0001080260481,0.003267510096,1
0.1466447562,0.05626922846,-0.001916162786,0.001704130904,1
0.1466447562,0.05823927,-0.003499555169,0.001567615662,1
0.1466447562,0.06020930782,-0.005777752493,0.001662269467,1
0.1466447562,0.06217934564,-0.01701506414,0.002228077734,1
0.1466447562,0.06414938718,-0.02866331302,-0.002626820467,1
0.1466447562,0.066119425,-0.04545161128,0.00693512056,1
0.1466447562,0.06808946282,-0.04700961336,0.006091678515,2
0.1466447562,0.07005950063,-0.05294452235,0.001912071952,1
0.1466447562,0.07202953845,-0.04705847055,0.002243530704,1
0.1466447562,0.07399957627,-0.04632451013,0.001498055761,1
0.1466447562,0.07596961409,-0.0459526293,-0.0009846944595,1
0.1466447562,0.07793965936,-0.03226483613,0.001393431216,1
0.1466447562,0.07990969718,-0.0322653614,-0.002297176979,1
0.1466447562,0.08187973499,-0.04091696441,-0.002477624454,1
0.1466447562,0.08384977281,-0.06684571505,0.0082083093,1
0.1466447562,0.08581981063,-0.09048812836,0.01336637232,1
0.1466447562,0.08778984845,-0.0782949701,0.008061157539,2
0.1466447562,0.08975988626,-0.07383067906,0.01125001628,2
0.1466447562,0.09172992408,-0.0679493472,0.01815378852,1
0.1466447562,0.0936999619,-0.05777526274,0.01545706391,1
0.1466447562,0.09567000717,-0.05735825002,0.02644462325,1
0.1466447562,0.09764004499,-0.05417393893,0.02732455172,1
0.1466447562,0.09961008281,-0.04673355818,0.01645123772,1
0.1466447562,0.1015801206,-0.04199222848,0.004931176547,2
0.1466447562,0.1035501584,-0.02336277999,0.001953061786,2
0.1466447562,0.1055201963,-0.009415991604,-0.003437008243,1
0.1466447562,0.1074902341,0.00112602883,-0.005133933388,1
0.1466447562,0.1094602719,0.001799484715,-0.004768247716,1
0.1466447562,0.1114303172,-0.001315206755,-0.003753235564,1
0.1466447562,0.113400355,-0.003408094635,-0.002739428775,1
0.1466447562,0.1153703928,0.001605762751,-0.003374718828,1
0.1466447562,0.1173404306,0.01045407262,-0.003300789976,3
0.148614794,0.04838907719,0.0007004670915,0.003549266839,1
0.148614794,0.050359115,1.018236981e-05,0.003904256737,1
0.148614794,0.05232915282,-0.0003155790619,0.003941529896,1
0.148614794,0.05429919064,-0.0007998808869,0.00337920012,1
0.148614794,0.05626922846,-0.001484989305,0.001956631895,1
0.148614794,0.05823927,-0.001158642932,0.001870923094,1
0.148614794,0.06020930782,-0.003808570094,0.0007365409401,1
0.148614794,0.06217934564,-0.01867040992,-0.001864801976,1
0.148614794,0.06414938718,-0.03143451735,-0.005793961231,1
0.148614794,0.066119425,-0.03792254254,0.0005252796691,2
0.148614794,0.06808946282,-0.04431236535,0.001672422164,2
0.148614794,0.07005950063,-0.05246888846,0.001575440285,1
0.148614794,0.07202953845,-0.05424952507,-0.004967659246,1
0.148614794,0.07399957627,-0.04844669625,-0.004081328399,1
0.148614794,0.07596961409,-0.04083900154,-0.004701105412,1
0.148614794,0.07793965936,-0.04917931929,-0.00161721569,1
0.148614794,0.07990969718,-0.04908795655,-0.0007387194782,1
0.148614794,0.08187973499,-0.05572808161,0.000469142833,1
0.148614794,0.08384977281,-0.07193589956,0.01352238469,1
0.148614794,0.08581981063,-0.0770727396,0.01492800098,1
0.148614794,0.08778984845,-0.07785170525,0.008707391098,1
0.148614794,0.08975988626,-0.0838046819,0.01375852246,1
0.148614794,0.09172992408,-0.0635054931,-0.004357943777,1
0.148614794,0.0936999619,-0.05884234235,0.01090938319,1
0.148614794,0.09567000717,-0.04948726669,0.02170482837,1
0.148614794,0.09764004499,-0.04160631448,0.01854408719,1
0.148614794,0.09961008281,-0.06146338582,0.003260521218,1
0.148614794,0.1015801206,-0.05490691587,-0.00151771633,1
0.148614794,0.1035501584,-0.01531526353,0.005191904958,1
0.148614794,0.1055201963,-0.005584801082,-0.003944930155,1
0.148614794,0.1074902341,0.0009749659803,-0.007691286504,1
0.148614794,0.1094602719,0.0004425464431,-0.00685254531,1
0.148614794,0.1114303172,-0.001503087697,-0.00439885119,1
0.148614794,0.113400355,-0.002304461552,-0.002796344692,1
0.148614794,0.1153703928,0.001054941327,-0.002743233927,1
0.148614794,0.1173404306,-0.001839816221,-0.0009674814646,1
0.1505848318,0.04838907719,0.002122270875,0.003066604957,1
0.1505848318,0.050359115,-0.0002812254825,0.003493757453,1
0.1505848318,0.05232915282,-0.0003180489002,0.003295592731,1
0.1505848318,0.05429919064,-0.000704369857,0.003879965981,1
0.1505848318,0.05626922846,-0.0001602137927,0.003142456058,1
0.1505848318,0.05823927,-0.0004028137191,0.002018321306,1
0.1505848318,0.06020930782,-0.003425124334,0.0004084091051,1
0.1505848318,0.06217934564,-0.01296625379,-0.0008555782842,1
0.1505848318,0.06414938718,-0.02228173055,-0.0006854451494,2
0.1505848318,0.066119425,-0.03049167059,-0.0007124622934,2
0.1505848318,0.06808946282,-0.03984841704,-0.001502710395,2
0.1505848318,0.07005950063,-0.04805267975,0.001506297849,1
0.1505848318,0.07202953845,-0.04584209248,-0.001349993632,1
0.1505848318,0.07399957627,-0.03986940533,-0.0005873070913,1
0.1505848318,0.07596961409,-0.03462387621,0.001525656786,1
0.1505848318,0.07793965936,-0.03612307832,-0.004496810026,1
0.1505848318,0.07990969718,-0.03786079213,-0.001225172775,1
0.1505848318,0.08187973499,-0.04270565882,0.003208217677,2
0.1505848318,0.08384977281,-0.05263236165,0.008567488752,2
0.1505848318,0.08581981063,-0.05966406688,0.006900106091,1
0.1505848318,0.08778984845,-0.08076126873,0.009747971781,1
0.1505848318,0.08975988626,-0.08031470329,-0.002875775564,1
0.1505848318,0.09172992408,-0.05435745791,-0.005831017625,1
0.1505848318,0.0936999619,-0.07443004847,0.01346992422,1
0.1505848318,0.09567000717,-0.0805086121,0.02060080878,1
0.1505848318,0.09764004499,-0.04638625309,0.02469453774,1
0.1505848318,0.09961008281,-0.0609527491,-0.01178355236,1
0.1505848318,0.1015801206,-0.04312843457,-0.01375872828,1
0.1505848318,0.1035501584,-0.01766384579,-0.008273608051,1
0.1505848318,0.1055201963,-0.004698097706,-0.006059898529,1
0.1505848318,0.1074902341,-0.0002394442272,-0.007588378154,1
0.1505848318,0.1094602719,-0.002542108297,-0.004788571037,1
0.1505848318,0.1114303172,-0.003544217907,-0.004040934145,1
0.1505848318,0.113400355,-0.0031753066,-0.001006632112,1
0.1505848318,0.1153703928,-0.004905137233,-0.0009189067059,1
0.1505848318,0.1173404306,0.0006355423247,-0.002965262858,1
0.1525548697,0.04838907719,0.002039258601,0.001912953332,1
0.1525548697,0.050359115,-0.0008606284973,0.003042044584,1
0.1525548697,0.05232915282,-0.0008264185162,0.003917736933,1
0.1525548697,0.05429919064,-0.0002748489205,0.003822077764,1
0.1525548697,0.05626922846,0.001379341469,0.003980627283,1
0.1525548697,0.05823927,0.001098661683,0.002398923971,1
0.1525548697,0.06020930782,-0.002330174204,0.0006705637788,1
0.1525548697,0.06217934564,-0.00979283452,0.004816643894,1
0.1525548697,0.06414938718,-0.01423447393,0.004620221443,1
0.1525548697,0.066119425,-0.02191400155,-0.001186973299,2
0.1525548697,0.06808946282,-0.03653695807,-0.00847709924,1
0.1525548697,0.07005950063,-0.03567121178,-0.007809997536,1
0.1525548697,0.07202953845,-0.03436243162,-0.001738866675,1
0.1525548697,0.07399957627,-0.02586502768,0.0008498730022,1
0.1525548697,0.07596961409,-0.01811626554,-0.0004032700381,2
0.1525548697,0.07793965936,-0.0170184616,-0.001811538939,2
0.1525548697,0.07990969718,-0.01923761517,0.0003268923028,2
0.1525548697,0.08187973499,-0.02460139804,0.005021411926,2
0.1525548697,0.08384977281,-0.03622381389,0.01063924562,2
0.1525548697,0.08581981063,-0.0704600513,0.0168955829,1
0.1525548697,0.08778984845,-0.06750910729,0.01335622463,1
0.1525548697,0.08975988626,-0.05448645726,-0.007591628004,3
0.1525548697,0.09172992408,-0.04140840843,-0.008715184405,2
0.1525548697,0.0936999619,-0.0712993741,0.0004679993435,1
0.1525548697,0.09567000717,-0.0596248284,0.0116168689,2
0.1525548697,0.09764004499,-0.05584733188,0.02573262341,1
0.1525548697,0.09961008281,-0.04016738012,0.007889274508,2
0.1525548697,0.1015801206,-0.02830528095,-0.006898176391,2
0.1525548697,0.1035501584,-0.01554236747,-0.01412899513,1
0.1525548697,0.1055201963,-0.007272122893,-0.006277207751,1
0.1525548697,0.1074902341,-0.001719481894,-0.004806931131,1
0.1525548697,0.1094602719,-0.003183456836,-0.004798369016,1
0.1525548697,0.1114303172,-0.004413100891,-0.003634220688,1
0.1525548697,0.113400355,-0.004220240749,-0.001199094113,1
0.1525548697,0.1153703928,-0.002482904121,-0.004565410782,1
0.1525548697,0.1173404306,0.0007925237878,-0.00328400638,1
0.1545249075,0.04838907719,0.0002917274251,0.002057772828,1
0.1545249075,0.050359115,-0.0009485591436,0.003130441066,1
0.1545249075,0.05232915282,-0.0008644334157,0.00444769254,1
0.1545249075,0.05429919064,-0.0006460737204,0.004404318519,1
0.1545249075,0.05626922846,-0.0006998680183,0.003388222074,1
0.1545249075,0.05823927,-0.0009172488935,0.002860676497,1
0.1545249075,0.06020930782,-0.002506949473,0.004024902359,1
0.1545249075,0.06217934564,-0.004787956364,0.003353265813,1
0.1545249075,0.06414938718,-0.007201320492,-0.0001957804343,1
0.1545249075,0.066119425,-0.006392898969,-0.000178552742,1
0.1545249075,0.06808946282,-0.002247685799,0.0140095735,1
0.1545249075,0.07005950063,-0.001409611665,0.01060160436,1
0.1545249075,0.07202953845,-0.00187654444,-0.002542332513,1
0.1545249075,0.07399957627,0.001919416594,-0.001546998392,1
0.1545249075,0.07596961409,0.00504230801,-0.002177071059,1
0.1545249075,0.07793965936,0.005403107032,-0.002672967967,1
0.1545249075,0.07990969718,0.00253019738,-0.0006771314074,1
0.1545249075,0.08187973499,-0.0002385018597,0.005911293905,1
0.1545249075,0.08384977281,0.002798540751,0.01207249798,1
0.1545249075,0.08581981063,0.006793203298,0.0008881562389,1
0.1545249075,0.08778984845,0.01897566579,-0.0002640935709,1
0.1545249075,0.08975988626,-0.004973419476,-0.008994296193,2
0.1545249075,0.09172992408,0.01450965274,-0.02190609276,1
0.1545249075,0.0936999619,-0.01335578039,-0.00685870368,1
0.1545249075,0.09567000717,-0.03084401228,-0.0003339559771,1
0.1545249075,0.09764004499,-0.02621677704,0.02329885401,1
0.1545249075,0.09961008281,-0.0155641567,0.02450620383,1
0.1545249075,0.1015801206,-0.01438294351,-0.007594255265,1
0.1545249075,0.1035501584,-0.008353927173,-0.007176110055,1
0.1545249075,0.1055201963,-0.007373387925,-0.001912430744,1
0.1545249075,0.1074902341,-0.002542362548,-0.002839152934,1
0.1545249075,0.1094602719,-0.002909890609,-0.005125891883,1
0.1545249075,0.1114303172,-0.003636980196,-0.002551041078,1
0.1545249075,0.113400355,-0.005107154138,-0.001650604885,1
0.1545249075,0.1153703928,-0.003561457153,-0.00366304582,1
0.1545249075,0.1173404306,-0.002306418028,-0.002370909555,2
0.1564949453,0.04838907719,-0.002091925126,0.003928110935,1
0.1564949453,0.050359115,-0.001891572494,0.002803125652,1
0.1564949453,0.05232915282,-0.0008402883541,0.002992735012,1
0.1564949453,0.05429919064,-0.001269810251,0.004004377406,1
0.1564949453,0.05626922846,-0.002440489829,0.002712516813,1
0.1564949453,0.05823927,-0.001436603954,0.003163171001,1
0.1564949453,0.06020930782,0.0021460508,0.005745882168,1
0.1564949453,0.06217934564,NaN,NaN,0
0.1564949453,0.06414938718,NaN,NaN,0
0.1564949453,0.066119425,NaN,NaN,0
0.1564949453,0.06808946282,NaN,NaN,0
0.1564949453,0.07005950063,NaN,NaN,0
0.1564949453,0.07202953845,NaN,NaN,0
0.1564949453,0.07399957627,NaN,NaN,0
0.1564949453,0.07596961409,NaN,NaN,0
0.1564949453,0.07793965936,NaN,NaN,0
0.1564949453,0.07990969718,NaN,NaN,0
0.1564949453,0.08187973499,NaN,NaN,0
0.1564949453,0.08384977281,NaN,NaN,0
0.1564949453,0.08581981063,NaN,NaN,0
0.1564949453,0.08778984845,NaN,NaN,0
0.1564949453,0.08975988626,NaN,NaN,0
0.1564949453,0.09172992408,NaN,NaN,0
0.1564949453,0.0936999619,NaN,NaN,0
0.1564949453,0.09567000717,NaN,NaN,0
0.1564949453,0.09764004499,NaN,NaN,0
0.1564949453,0.09961008281,NaN,NaN,0
0.1564949453,0.1015801206,NaN,NaN,0
0.1564949453,0.1035501584,NaN,NaN,0
0.1564949453,0.1055201963,0.0001275393006,0.000240295878,1
0.1564949453,0.1074902341,0.0008976124809,-0.001311532105,1
0.1564949453,0.1094602719,-0.002431787318,-0.001356303575,1
0.1564949453,0.1114303172,-0.003379961243,-0.001367044752,1
0.1564949453,0.113400355,-0.004573935643,-0.002354283584,1
0.1564949453,0.1153703928,-0.004064195789,-0.001516862889,1
0.1564949453,0.1173404306,-0.004150320776,-0.0001656770764,2
0.1584649831,0.04838907719,-0.00271638087,0.007468356751,1
0.1584649831,0.050359115,-0.003306872677,0.005634120665,1
0.1584649831,0.05232915282,-0.0004850596597,0.001959332731,1
0.1584649831,0.05429919064,-0.002931939904,0.0020646872,1
0.1584649831,0.05626922846,-0.005479448475,0.0008637107676,1
0.1584649831,0.05823927,NaN,NaN,0
0.1584649831,0.06020930782,NaN,NaN,0
0.1584649831,0.06217934564,NaN,NaN,0
0.1584649831,0.06414938718,NaN,NaN,0
0.1584649831,0.066119425,NaN,NaN,0
0.1584649831,0.06808946282,NaN,NaN,0
0.1584649831,0.07005950063,NaN,NaN,0
0.1584649831,0.07202953845,NaN,NaN,0
0.1584649831,0.07399957627,NaN,NaN,0
0.1584649831,0.07596961409,NaN,NaN,0
0.1584649831,0.07793965936,NaN,NaN,0
0.1584649831,0.07990969718,NaN,NaN,0
0.1584649831,0.08187973499,NaN,NaN,0
0.1584649831,0.08384977281,NaN,NaN,0
0.1584649831,0.08581981063,NaN,NaN,0
0.1584649831,0.08778984845,NaN,NaN,0
0.1584649831,0.08975988626,NaN,NaN,0
0.1584649831,0.09172992408,NaN,NaN,0
0.1584649831,0.0936999619,NaN,NaN,0
0.1584649831,0.09567000717,NaN,NaN,0
0.1584649831,0.09764004499,NaN,NaN,0
0.1584649831,0.09961008281,NaN,NaN,0
0.1584649831,0.1015801206,NaN,NaN,0
0.1584649831,0.1035501584,NaN,NaN,0
0.1584649831,0.1055201963,NaN,NaN,0
0.1584649831,0.1074902341,NaN,NaN,0
0.1584649831,0.1094602719,-0.001524675172,0.002026216825,1
0.1584649831,0.1114303172,-0.001493681106,-0.001258653123,1
0.1584649831,0.113400355,-0.00163877767,-0.004001646768,1
0.1584649831,0.1153703928,-0.003025444457,0.001634089975,1
0.1584649831,0.1173404306,-0.006080348976,0.003390741535,1
