x [m],y [m],u [m/s],v [m/s],Vector type [-]
0.02647239529,0.04838907719,-0.01829188317,0.009799132124,2
0.02647239529,0.050359115,-0.02132525481,0.01152408775,3
0.02647239529,0.05232915282,-0.02993847989,-0.004687951412,1
0.02647239529,0.05429919064,-0.03364300355,-0.001785870874,1
0.02647239529,0.05626922846,-0.03376563266,-0.003026865888,1
0.02647239529,0.05823927,-0.03406569734,0.002735163085,1
0.02647239529,0.06020930782,-0.03901246563,0.007050022483,1
0.02647239529,0.06217934564,-0.04640733078,0.003997566178,1
0.02647239529,0.06414938718,-0.04766610265,-0.01070139278,1
0.02647239529,0.066119425,-0.05073855072,-0.01459032763,1
0.02647239529,0.06808946282,-0.05397324264,-0.008138396777,1
0.02647239529,0.07005950063,-0.06070263684,-0.0051045008,1
0.02647239529,0.07202953845,-0.0636325404,-0.002290714765,1
0.02647239529,0.07399957627,-0.06196596846,-0.001502367319,1
0.02647239529,0.07596961409,-0.05830731988,-0.00263201585,1
0.02647239529,0.07793965936,-0.05868988857,-0.01228993852,1
0.02647239529,0.07990969718,-0.06134561077,-0.006846579723,2
0.02647239529,0.08187973499,-0.06361116469,-0.001302001998,1
0.02647239529,0.08384977281,-0.05868265405,-0.005744724069,1
0.02647239529,0.08581981063,-0.05123632774,-0.009811935946,1
0.02647239529,0.08778984845,-0.04475034773,-0.01247151475,1
0.02647239529,0.08975988626,-0.04133057967,-0.01044468675,1
0.02647239529,0.09172992408,-0.03774705157,-0.0160892792,1
0.02647239529,0.0936999619,-0.03500521556,-0.01442703139,1
0.02647239529,0.09567000717,-0.03327035159,-0.005032483023,1
0.02647239529,0.09764004499,-0.02802120335,0.004119583406,1
0.02647239529,0.09961008281,-0.0295342207,0.0008027919685,1
0.02647239529,0.1015801206,-0.03484145179,-0.001088088262,1
0.02647239529,0.1035501584,-0.03429750726,-0.003380569164,1
0.02647239529,0.1055201963,-0.02528083511,-0.003682490671,1
0.02647239529,0.1074902341,-0.0217439346,-0.001591821085,1
0.02647239529,0.1094602719,-0.02785800025,0.0002106650063,1
0.02647239529,0.1114303172,-0.03034342639,-0.001838399796,1
0.02647239529,0.113400355,-0.02713719755,-0.001466115704,1
0.02647239529,0.1153703928,-0.02468761243,0.000935595308,1
0.02647239529,0.1173404306,-0.02086103335,0.0003443633323,2
0.0284424331,0.04838907719,-0.0152585106,0.008074176498,1
0.0284424331,0.050359115,-0.02874545939,0.008025412448,1
0.0284424331,0.05232915282,-0.0346211642,0.008564483374,1
0.0284424331,0.05429919064,-0.03893647343,0.009973457083,1
0.0284424331,0.05626922846,-0.03934593499,-0.002427884145,1
0.0284424331,0.05823927,-0.04103915766,-0.001072225976,1
0.0284424331,0.06020930782,-0.04316103831,-0.00105829176,1
0.0284424331,0.06217934564,-0.04652960971,-0.005537908524,1
0.0284424331,0.06414938718,-0.04977282509,-0.01080836635,1
0.0284424331,0.066119425,-0.04735904559,-0.009826336987,1
0.0284424331,0.06808946282,-0.05036523938,-0.005032738205,1
0.0284424331,0.07005950063,-0.05478749052,-0.003855608171,1
0.0284424331,0.07202953845,-0.05602381006,0.0009151514969,1
0.0284424331,0.07399957627,-0.05646009371,0.000927941408,1
0.0284424331,0.07596961409,-0.05454642326,-0.002845486626,1
0.0284424331,0.07793965936,-0.05949410796,-0.00425651297,1
0.0284424331,0.07990969718,-0.06173576787,-0.00694779912,1
0.0284424331,0.08187973499,-0.06348041445,-0.007646166719,1
0.0284424331,0.08384977281,-0.04375246167,0.001173610101,3
0.0284424331,0.08581981063,-0.05064057186,-0.004521236289,1
0.0284424331,0.08778984845,-0.04381886125,-0.003117796732,1
0.0284424331,0.08975988626,-0.04169312865,-0.006881799549,1
0.0284424331,0.09172992408,-0.03963419795,-0.01136752963,1
0.0284424331,0.0936999619,-0.03453916311,-0.01312774885,1
0.0284424331,0.09567000717,-0.03189311549,-0.006473073736,1
0.0284424331,0.09764004499,-0.03002086841,0.001489380375,1
0.0284424331,0.09961008281,-0.02840012312,-0.003744592192,1
0.0284424331,0.1015801206,-0.02743161842,-0.004252903629,1
0.0284424331,0.1035501584,-0.02427950688,-0.007182826288,1
0.0284424331,0.1055201963,-0.02182308026,-0.007456436288,1
0.0284424331,0.1074902341,-0.02100894414,-0.00132174138,1
0.0284424331,0.1094602719,-0.02428174578,-0.00124062039,1
0.0284424331,0.1114303172,-0.0292613171,-0.003304894082,1
0.0284424331,0.113400355,-0.02668947913,-0.003915300127,1
0.0284424331,0.1153703928,-0.02226334251,-0.002763983095,1
0.0284424331,0.1173404306,-0.01703445427,-0.0002468686143,1
0.03041247278,0.04838907719,-0.01123066992,0.006193145644,1
0.03041247278,0.050359115,-0.01986647956,0.01671583205,1
0.03041247278,0.05232915282,-0.02852400579,0.01295171399,1
0.03041247278,0.05429919064,-0.03136767447,0.01104933396,1
0.03041247278,0.05626922846,-0.0483963266,-0.009221121669,1
0.03041247278,0.05823927,-0.04592045024,-0.006221748888,1
0.03041247278,0.06020930782,-0.04378439859,-0.007636602502,1
0.03041247278,0.06217934564,-0.04347523674,-0.00819276087,2
0.03041247278,0.06414938718,-0.04015451297,-0.009769709781,1
0.03041247278,0.066119425,-0.04271681234,-0.001169161638,1
0.03041247278,0.06808946282,-0.046132043,-0.0001635335357,1
0.03041247278,0.07005950063,-0.04726127535,-0.0004389405949,1
0.03041247278,0.07202953845,-0.05141194165,0.001842647209,1
0.03041247278,0.07399957627,-0.05856357515,0.002084309934,1
0.03041247278,0.07596961409,-0.05758782849,0.001605266472,1
0.03041247278,0.07793965936,-0.05759836361,0.001063055475,1
0.03041247278,0.07990969718,-0.05834002048,-0.002904803026,1
0.03041247278,0.08187973499,-0.05825130269,-0.004374539945,1
0.03041247278,0.08384977281,-0.04976231232,-0.001937373425,2
0.03041247278,0.08581981063,-0.04969925433,-0.003195693949,1
0.03041247278,0.08778984845,-0.04222542793,-0.002489727223,1
0.03041247278,0.08975988626,-0.04389370605,-0.006979099475,1
0.03041247278,0.09172992408,-0.04124421999,-0.008549186401,1
0.03041247278,0.0936999619,-0.03738664836,-0.0108261425,1
0.03041247278,0.09567000717,-0.03495426476,-0.007514643017,1
0.03041247278,0.09764004499,-0.03200377524,-0.002273052465,1
0.03041247278,0.09961008281,-0.02737821266,-0.003764843335,1
0.03041247278,0.1015801206,-0.02567725256,-0.0003316419024,1
0.03041247278,0.1035501584,-0.02045373991,-0.007990630344,1
0.03041247278,0.1055201963,-0.0185997989,-0.005116680171,1
0.03041247278,0.1074902341,-0.01981606334,-0.0006469560903,1
0.03041247278,0.1094602719,-0.02431097813,-0.0006391920033,1
0.03041247278,0.1114303172,-0.02891968004,-0.002194165252,1
0.03041247278,0.113400355,-0.02501728013,-0.003492391435,1
0.03041247278,0.1153703928,-0.02386537008,-0.003557699965,1
0.03041247278,0.1173404306,-0.02057113312,-0.003723411122,1
0.0323825106,0.04838907719,-0.01833026856,-0.001444017515,1
0.0323825106,0.050359115,-0.02161117271,0.01308053359,1
0.0323825106,0.05232915282,-0.02604595199,0.007958571427,1
0.0323825106,0.05429919064,-0.02962284908,0.005120733753,1
0.0323825106,0.05626922846,-0.04102641344,-0.002188581973,1
0.0323825106,0.05823927,-0.04451968893,-0.01164452452,1
0.0323825106,0.06020930782,-0.04331097379,-0.01374892611,1
0.0323825106,0.06217934564,-0.04343242943,-0.009826822206,1
0.0323825106,0.06414938718,-0.04328580201,-0.006246221252,1
0.0323825106,0.066119425,-0.04194504023,0.0004753532703,1
0.0323825106,0.06808946282,-0.04491468892,0.005873935763,1
0.0323825106,0.07005950063,-0.04860417545,0.01092211157,1
0.0323825106,0.07202953845,-0.05361108854,0.01213503443,1
0.0323825106,0.07399957627,-0.057245031,0.00565355923,1
0.0323825106,0.07596961409,-0.05612368137,0.004922071937,1
0.0323825106,0.07793965936,-0.05301303044,0.006753600203,1
0.0323825106,0.07990969718,-0.05147549137,0.000459036557,1
0.0323825106,0.08187973499,-0.0503542982,-0.000699191296,1
0.0323825106,0.08384977281,-0.0473462306,-0.001352870138,1
0.0323825106,0.08581981063,-0.04544874281,-0.002935137134,1
0.0323825106,0.08778984845,-0.04459505528,-0.004246458877,1
0.0323825106,0.08975988626,-0.0426528044,-0.006049484946,1
0.0323825106,0.09172992408,-0.03964202851,-0.00848559197,1
0.0323825106,0.0936999619,-0.0400464721,-0.01126073301,1
0.0323825106,0.09567000717,-0.03891125321,-0.007584244013,1
0.0323825106,0.09764004499,-0.03479915112,-0.005245998502,1
0.0323825106,0.09961008281,-0.02754043229,-0.005011777859,1
0.0323825106,0.1015801206,-0.02167004719,-0.003968412522,1
0.0323825106,0.1035501584,-0.0205862876,-0.002399091143,1
0.0323825106,0.1055201963,-0.01722193509,0.0008193649701,1
0.0323825106,0.1074902341,-0.02113593742,-0.0008292659768,1
0.0323825106,0.1094602719,-0.0260839574,-0.001019472838,1
0.0323825106,0.1114303172,-0.02898451686,0.0002428247826,1
0.0323825106,0.113400355,-0.02537997998,-0.0001219175028,1
0.0323825106,0.1153703928,-0.02335844748,-0.003576258663,1
0.0323825106,0.1173404306,-0.02119456418,-0.003642603755,1
0.03435254842,0.04838907719,-0.02430363744,-0.01089383196,2
0.03435254842,0.050359115,-0.02575883456,-0.002361884108,1
0.03435254842,0.05232915282,-0.02663618512,0.001971011981,1
0.03435254842,0.05429919064,-0.0285559278,-0.0005708163953,1
0.03435254842,0.05626922846,-0.03908383846,-0.005106127355,1
0.03435254842,0.05823927,-0.04308914766,-0.0106817605,1
0.03435254842,0.06020930782,-0.04504493251,-0.0122736888,1
0.03435254842,0.06217934564,-0.04278443754,-0.01208730321,1
0.03435254842,0.06414938718,-0.04266297445,-0.006767664105,1
0.03435254842,0.066119425,-0.04441049322,0.001659708563,1
0.03435254842,0.06808946282,-0.0451348424,0.01110718306,1
0.03435254842,0.07005950063,-0.04989110678,0.01009177323,1
0.03435254842,0.07202953845,-0.05275592208,0.01316819619,1
0.03435254842,0.07399957627,-0.05109813809,0.009051960893,1
0.03435254842,0.07596961409,-0.05074220896,0.006077845115,1
0.03435254842,0.07793965936,-0.05098617449,0.0058031152,1
0.03435254842,0.07990969718,-0.05215194449,0.0005313128931,1
0.03435254842,0.08187973499,-0.05035445467,-0.0005122444127,1
0.03435254842,0.08384977281,-0.04661430418,-0.001275152434,1
0.03435254842,0.08581981063,-0.04640305787,-0.0007067355909,1
0.03435254842,0.08778984845,-0.04638683796,-0.001982657472,1
0.03435254842,0.08975988626,-0.04469623789,-0.004897011444,1
0.03435254842,0.09172992408,-0.04150624201,-0.002985256724,1
0.03435254842,0.0936999619,-0.04030340165,-0.005387919024,1
0.03435254842,0.09567000717,-0.0404820703,-0.007838699035,1
0.03435254842,0.09764004499,-0.03664661944,-0.006809333805,1
0.03435254842,0.09961008281,-0.03158938512,-0.006548428442,1
0.03435254842,0.1015801206,-0.02724810876,0.0005173222162,1
0.03435254842,0.1035501584,-0.01966563426,-0.00662319269,1
0.03435254842,0.1055201963,-0.01404474676,-0.002562866081,1
0.03435254842,0.1074902341,-0.01927075349,-0.0009455746622,1
0.03435254842,0.1094602719,-0.0279536359,-0.0007859655889,1
0.03435254842,0.1114303172,-0.02867663838,0.0005859712837,1
0.03435254842,0.113400355,-0.02360652573,-0.001030136133,1
0.03435254842,0.1153703928,-0.01955725811,-0.002369215945,1
0.03435254842,0.1173404306,-0.01441334747,-0.0004034969315,1
0.03632258996,0.04838907719,-0.02882180735,-0.02887559682,1
0.03632258996,0.050359115,-0.03361710533,-0.007596391719,1
0.03632258996,0.05232915282,-0.03746774048,-0.002556178719,1
0.03632258996,0.05429919064,-0.0361975804,-0.01328102686,1
0.03632258996,0.05626922846,-0.04334130511,-0.01455784962,1
0.03632258996,0.05823927,-0.04078803957,-0.01209289022,1
0.03632258996,0.06020930782,-0.04335259646,-0.01258073002,1
0.03632258996,0.06217934564,-0.04086962715,-0.01230952051,1
0.03632258996,0.06414938718,-0.04294484854,-0.006375326309,1
0.03632258996,0.066119425,-0.0458314456,0.002961856313,1
0.03632258996,0.06808946282,-0.04249544442,0.01164667215,1
0.03632258996,0.07005950063,-0.05362503231,0.008975389414,1
0.03632258996,0.07202953845,-0.05604450777,0.006345611066,1
0.03632258996,0.07399957627,-0.05161810666,-0.005674865097,1
0.03632258996,0.07596961409,-0.05161738023,-0.003273534123,1
0.03632258996,0.07793965936,-0.05111404881,-0.002851927187,1
0.03632258996,0.07990969718,-0.04887839779,-0.002059138147,1
0.03632258996,0.08187973499,-0.04753604159,-0.003171470249,1
0.03632258996,0.08384977281,-0.04450021312,-0.002218790585,1
0.03632258996,0.08581981063,-0.04432433471,-0.001284678583,1
0.03632258996,0.08778984845,-0.0471595265,-0.0006525294739,1
0.03632258996,0.08975988626,-0.04625563323,-0.003423801158,1
0.03632258996,0.09172992408,-0.04172251001,0.0001349348604,1
0.03632258996,0.0936999619,-0.03918208182,0.002206152771,1
0.03632258996,0.09567000717,-0.04461903498,-0.002607728122,1
0.03632258996,0.09764004499,-0.03804618865,-0.006671656389,1
0.03632258996,0.09961008281,-0.03312207013,-0.005800324958,1
0.03632258996,0.1015801206,-0.02738644369,-0.00307381223,1
0.03632258996,0.1035501584,-0.02193056047,0.001004129881,1
0.03632258996,0.1055201963,-0.02016650327,0.002637902973,1
0.03632258996,0.1074902341,-0.02345623635,0.001910349936,1
0.03632258996,0.1094602719,-0.0289593339,0.0008902275586,1
0.03632258996,0.1114303172,-0.02832949907,0.001119500608,1
0.03632258996,0.113400355,-0.0231037531,-0.003840002231,1
0.03632258996,0.1153703928,-0.01939431205,-0.001295997528,1
0.03632258996,0.1173404306,-0.01487281919,0.000479236769,1
0.03829262778,0.04838907719,-0.02402008697,-0.01826800033,1
0.03829262778,0.050359115,-0.03938943148,-0.01184822805,1
0.03829262778,0.05232915282,-0.03788742051,-0.006776123773,1
0.03829262778,0.05429919064,-0.03556859121,-0.01012334507,1
0.03829262778,0.05626922846,-0.03986665234,-0.009612036869,1
0.03829262778,0.05823927,-0.03759648651,-0.01435367297,1
0.03829262778,0.06020930782,-0.03995333239,-0.01470982563,1
0.03829262778,0.06217934564,-0.04626565054,-0.009605651721,1
0.03829262778,0.06414938718,-0.04826846719,-0.007115521934,1
0.03829262778,0.066119425,-0.04803190753,-0.0008077602834,1
0.03829262778,0.06808946282,-0.0516474545,0.003618513467,1
0.03829262778,0.07005950063,-0.05681765452,0.002361481544,1
0.03829262778,0.07202953845,-0.05345121399,-0.003836417338,1
0.03829262778,0.07399957627,-0.05319835618,-0.002997202799,1
0.03829262778,0.07596961409,-0.04939134791,-0.00048090989,1
0.03829262778,0.07793965936,-0.05038038269,-0.00162692694,1
0.03829262778,0.07990969718,-0.05549201742,-0.002471892629,1
0.03829262778,0.08187973499,-0.05113213137,-0.003090529703,1
0.03829262778,0.08384977281,-0.04231700301,-0.002364437329,1
0.03829262778,0.08581981063,-0.03883192316,-0.002898266073,1
0.03829262778,0.08778984845,-0.0398687534,-0.002511212369,1
0.03829262778,0.08975988626,-0.04015890136,-0.002344368026,1
0.03829262778,0.09172992408,-0.03953921422,-0.001049150713,1
0.03829262778,0.0936999619,-0.04018013552,-0.002861926332,1
0.03829262778,0.09567000717,-0.04209688678,-0.006248851307,1
0.03829262778,0.09764004499,-0.03656199202,-0.004162348341,1
0.03829262778,0.09961008281,-0.03297705576,-0.004494668916,1
0.03829262778,0.1015801206,-0.03144867346,-0.002519207541,1
0.03829262778,0.1035501584,-0.02938489243,0.003430735087,1
0.03829262778,0.1055201963,-0.02729539573,0.008218787611,1
0.03829262778,0.1074902341,-0.03012083285,0.00696404418,1
0.03829262778,0.1094602719,-0.03067064658,0.005083545577,1
0.03829262778,0.1114303172,-0.02800683305,0.003281245939,1
0.03829262778,0.113400355,-0.02428948507,0.002488905098,1
0.03829262778,0.1153703928,-0.02153531462,-0.002171425382,1
0.03829262778,0.1173404306,-0.02153017558,0.001118084416,1
0.0402626656,0.04838907719,-0.03279924393,-0.01170287281,2
0.0402626656,0.050359115,-0.03288627416,-0.01265764609,1
0.0402626656,0.05232915282,-0.03358983621,-0.005698380992,1
0.0402626656,0.05429919064,-0.03549682349,-0.006577939261,1
0.0402626656,0.05626922846,-0.03929867223,-0.00735247694,1
0.0402626656,0.05823927,-0.03653817251,-0.01297948323,1
0.0402626656,0.06020930782,-0.03856751323,-0.01225688681,1
0.0402626656,0.06217934564,-0.04441433772,-0.009367538616,1
0.0402626656,0.06414938718,-0.05233528465,-0.01331365667,1
0.0402626656,0.066119425,-0.06193906069,-0.01630504243,1
0.0402626656,0.06808946282,-0.06003166735,-0.006041718647,1
0.0402626656,0.07005950063,-0.0594839938,-0.004287975375,1
0.0402626656,0.07202953845,-0.05746471882,-0.002013193443,1
0.0402626656,0.07399957627,-0.05560789257,0.002803800395,1
0.0402626656,0.07596961409,-0.04837180302,-0.0004482134536,1
0.0402626656,0.07793965936,-0.04666917026,-0.001777967089,1
0.0402626656,0.07990969718,-0.04896333441,-0.0009718636284,1
0.0402626656,0.08187973499,-0.0479272902,-0.0001822112099,1
0.0402626656,0.08384977281,-0.04287299514,4.067641567e-05,1
0.0402626656,0.08581981063,-0.0383961685,-0.001180526335,1
0.0402626656,0.08778984845,-0.03746701404,-0.003936062567,1
0.0402626656,0.08975988626,-0.03836200759,-0.005498965736,1
0.0402626656,0.09172992408,-0.04077195376,-0.003383106319,1
0.0402626656,0.0936999619,-0.03500477225,-0.006056450307,1
0.0402626656,0.09567000717,-0.0327277109,-0.006646045018,1
0.0402626656,0.09764004499,-0.03729575127,-0.005200183485,1
0.0402626656,0.09961008281,-0.03708354384,-0.005799595267,1
0.0402626656,0.1015801206,-0.04205659032,-0.00541327009,1
0.0402626656,0.1035501584,-0.03648542985,0.0007976496709,1
0.0402626656,0.1055201963,-0.02984818257,0.005035151262,1
0.0402626656,0.1074902341,-0.03201538697,0.008458497934,1
0.0402626656,0.1094602719,-0.03010546602,0.008858130313,1
0.0402626656,0.1114303172,-0.02717998251,0.007410080638,1
0.0402626656,0.113400355,-0.02589997277,0.005702514667,1
0.0402626656,0.1153703928,-0.02509022504,0.004847534001,1
0.0402626656,0.1173404306,-0.02332696319,0.005891011562,1
0.04223270342,0.04838907719,-0.04149136692,-0.004182974808,1
0.04223270342,0.050359115,-0.03587497771,0.007731808815,1
0.04223270342,0.05232915282,-0.03709268197,0.003326307284,1
0.04223270342,0.05429919064,-0.0373605229,0.002418188378,1
0.04223270342,0.05626922846,-0.0369365029,-0.003546745284,1
0.04223270342,0.05823927,-0.03812495992,-0.01224865485,1
0.04223270342,0.06020930782,-0.04052491114,-0.00913895946,1
0.04223270342,0.06217934564,-0.04075428843,-0.008411558345,1
0.04223270342,0.06414938718,-0.05266252905,-0.01284010056,2
0.04223270342,0.066119425,-0.06162777171,-0.0191774331,1
0.04223270342,0.06808946282,-0.06009507924,-0.01056388579,1
0.04223270342,0.07005950063,-0.06270642579,-0.008658034727,1
0.04223270342,0.07202953845,-0.06998483092,-0.006042964291,1
0.04223270342,0.07399957627,-0.06362181157,-0.001094908919,1
0.04223270342,0.07596961409,-0.05122936517,-0.001886195736,1
0.04223270342,0.07793965936,-0.04702119529,-0.003120848909,1
0.04223270342,0.07990969718,-0.0482381992,-0.003490033094,1
0.04223270342,0.08187973499,-0.04758417979,-0.00225374545,1
0.04223270342,0.08384977281,-0.04492210224,0.001946015167,1
0.04223270342,0.08581981063,-0.03986433521,0.0004276295076,1
0.04223270342,0.08778984845,-0.03743158281,-0.002933596494,1
0.04223270342,0.08975988626,-0.03827649727,-0.003695456078,1
0.04223270342,0.09172992408,-0.04139501974,-0.002196868416,2
0.04223270342,0.0936999619,-0.03825993463,-0.003806468332,1
0.04223270342,0.09567000717,-0.03398661688,-0.004235092551,1
0.04223270342,0.09764004499,-0.0345056951,-0.006749118678,1
0.04223270342,0.09961008281,-0.0373679772,-0.007764632348,1
0.04223270342,0.1015801206,-0.04414703324,-0.001363465097,1
0.04223270342,0.1035501584,-0.03717842326,0.001937913243,1
0.04223270342,0.1055201963,-0.03134886548,0.003824756015,1
0.04223270342,0.1074902341,-0.032543201,0.005970113445,1
0.04223270342,0.1094602719,-0.02958447486,0.007487244438,1
0.04223270342,0.1114303172,-0.0273113735,0.008895307779,1
0.04223270342,0.113400355,-0.02718204074,0.006903303787,1
0.04223270342,0.1153703928,-0.02708826028,0.007827286609,1
0.04223270342,0.1173404306,-0.02507476509,0.009774717502,1
0.04420274496,0.04838907719,-0.04097902402,0.001654837397,2
0.04420274496,0.050359115,-0.0401019603,0.009835355915,1
0.04420274496,0.05232915282,-0.03751470149,0.01297904179,1
0.04420274496,0.05429919064,-0.03757574782,0.0116658574,1
0.04420274496,0.05626922846,-0.03124118224,0.001898552524,1
0.04420274496,0.05823927,-0.0364533551,-0.006403186824,1
0.04420274496,0.06020930782,-0.04060310125,-0.007279701065,1
0.04420274496,0.06217934564,-0.04630353302,-0.006396097597,1
0.04420274496,0.06414938718,-0.05593277887,-0.01045775227,1
0.04420274496,0.066119425,-0.05045762658,-0.01404341403,2
0.04420274496,0.06808946282,-0.03942231834,-0.01793510094,1
0.04420274496,0.07005950063,-0.07333154231,-0.01442998555,1
0.04420274496,0.07202953845,-0.07078566402,-0.00806196779,2
0.04420274496,0.07399957627,-0.07332194597,-0.00491030328,1
0.04420274496,0.07596961409,-0.04824529961,-0.001361466711,1
0.04420274496,0.07793965936,-0.05023967102,-0.001283406164,1
0.04420274496,0.07990969718,-0.05124961585,-0.005287155509,1
0.04420274496,0.08187973499,-0.05135677755,-0.005345075857,1
0.04420274496,0.08384977281,-0.04729765281,9.458705608e-05,1
0.04420274496,0.08581981063,-0.04390068352,0.0006293181214,1
0.04420274496,0.08778984845,-0.03876847401,-0.0006358060637,1
0.04420274496,0.08975988626,-0.04226841778,0.0006359451218,1
0.04420274496,0.09172992408,-0.04827169701,0.002097557532,1
0.04420274496,0.0936999619,-0.04418353364,-0.001091884566,1
0.04420274496,0.09567000717,-0.03565410152,-0.001032277709,1
0.04420274496,0.09764004499,-0.03314529732,-0.003207727568,1
0.04420274496,0.09961008281,-0.0376143977,-0.005567812826,1
0.04420274496,0.1015801206,-0.04680530727,0.000600263651,1
0.04420274496,0.1035501584,-0.04717562348,0.006597200874,1
0.04420274496,0.1055201963,-0.03854789957,0.003337631235,1
0.04420274496,0.1074902341,-0.03314753249,0.003724799491,1
0.04420274496,0.1094602719,-0.03111607768,0.004802942276,1
0.04420274496,0.1114303172,-0.02803759836,0.007211384363,1
0.04420274496,0.113400355,-0.02859318256,0.008075235412,1
0.04420274496,0.1153703928,-0.02803680487,0.01154472306,1
0.04420274496,0.1173404306,-0.02198518999,0.01173732243,1
0.04617278278,0.04838907719,-0.04134374857,-0.0006878688582,1
0.04617278278,0.050359115,-0.04030801356,0.006148785818,1
0.04617278278,0.05232915282,-0.03627682477,0.01102837455,1
0.04617278278,0.05429919064,-0.03401073813,0.01314699929,1
0.04617278278,0.05626922846,-0.03209062293,0.007693228777,1
0.04617278278,0.05823927,-0.03434307501,-0.000476128509,1
0.04617278278,0.06020930782,-0.03913686424,-0.003939593676,1
0.04617278278,0.06217934564,-0.05185428262,-0.003868659027,1
0.04617278278,0.06414938718,-0.0482079573,-0.006444124971,1
0.04617278278,0.066119425,-0.04484763741,-0.008603368886,2
0.04617278278,0.06808946282,-0.03890367225,-0.01036753319,1
0.04617278278,0.07005950063,-0.0644274503,-0.01080282219,1
0.04617278278,0.07202953845,-0.06650435179,-0.006864619907,2
0.04617278278,0.07399957627,-0.05630383641,-0.005790892988,1
0.04617278278,0.07596961409,-0.04961488396,-0.002647777554,1
0.04617278278,0.07793965936,-0.06295065582,0.006616972852,1
0.04617278278,0.07990969718,-0.04940283298,-0.002988660941,1
0.04617278278,0.08187973499,-0.04983580858,-0.003512329655,1
0.04617278278,0.08384977281,-0.0491153039,-0.0007425416843,1
0.04617278278,0.08581981063,-0.0473248288,-0.00360431266,1
0.04617278278,0.08778984845,-0.05903721228,-0.001939390437,1
0.04617278278,0.08975988626,-0.04958927631,-0.0001335198322,1
0.04617278278,0.09172992408,-0.04615005851,0.0004480093485,1
0.04617278278,0.0936999619,-0.04446800426,-0.001724679256,1
0.04617278278,0.09567000717,-0.03528103977,-0.000704456761,1
0.04617278278,0.09764004499,-0.03595588729,-3.589062908e-05,1
0.04617278278,0.09961008281,-0.04475239292,0.00161412009,1
0.04617278278,0.1015801206,-0.0492403917,0.0008895860519,1
0.04617278278,0.1035501584,-0.05062662438,0.003123040311,1
0.04617278278,0.1055201963,-0.04350705445,0.002656172495,1
0.04617278278,0.1074902341,-0.03506125882,0.003071112093,1
0.04617278278,0.1094602719,-0.03429306671,0.004786114674,1
0.04617278278,0.1114303172,-0.03730510175,0.01366879139,1
0.04617278278,0.113400355,-0.03601377457,0.01730794832,1
0.04617278278,0.1153703928,-0.02957837097,0.01500630192,1
0.04617278278,0.1173404306,-0.02095577307,0.009749545716,1
0.0481428206,0.04838907719,-0.03744514287,0.00633692462,1
0.0481428206,0.050359115,-0.03487750143,0.009294137359,1
0.0481428206,0.05232915282,-0.03262692317,0.01008836366,1
0.0481428206,0.05429919064,-0.02828700654,0.008326070383,1
0.0481428206,0.05626922846,-0.02703965642,0.005334279966,1
0.0481428206,0.05823927,-0.02968918905,0.004667044152,1
0.0481428206,0.06020930782,-0.03221959248,-0.008172733709,1
0.0481428206,0.06217934564,-0.04652116075,-0.005918502808,1
0.0481428206,0.06414938718,-0.04822721332,-0.003621563083,1
0.0481428206,0.066119425,-0.04182128981,-0.003558403347,1
0.0481428206,0.06808946282,-0.04595543072,-0.0007596970536,1
0.0481428206,0.07005950063,-0.05803713202,-0.002149937442,1
0.0481428206,0.07202953845,-0.074500449,-0.002802795963,1
0.0481428206,0.07399957627,-0.08099898696,-0.002816149034,1
0.0481428206,0.07596961409,-0.08351106942,0.0001779344748,1
0.0481428206,0.07793965936,-0.07196522504,0.005907933693,1
0.0481428206,0.07990969718,-0.04632871225,0.002649101662,1
0.0481428206,0.08187973499,-0.046152886,0.001739811967,1
0.0481428206,0.08384977281,-0.04922155663,-0.005068941973,1
0.0481428206,0.08581981063,-0.05136692524,-0.004476950038,1
0.0481428206,0.08778984845,-0.05552406237,-0.002008801326,1
0.0481428206,0.08975988626,-0.05325941369,-0.0006217798218,1
0.0481428206,0.09172992408,-0.04720198363,-0.000708526175,1
0.0481428206,0.0936999619,-0.03322342038,-0.001210244955,1
0.0481428206,0.09567000717,-0.02958774194,-0.0001123894181,1
0.0481428206,0.09764004499,-0.03656927496,-0.0009643747471,1
0.0481428206,0.09961008281,-0.04413949326,0.008359194733,1
0.0481428206,0.1015801206,-0.05991215259,0.01291283499,1
0.0481428206,0.1035501584,-0.04956285655,0.007172998507,2
0.0481428206,0.1055201963,-0.03866577893,0.0003011459776,1
0.0481428206,0.1074902341,-0.03498394042,0.008384981193,1
0.0481428206,0.1094602719,-0.03543796763,0.01671732403,1
0.0481428206,0.1114303172,-0.04259613156,0.02141331136,1
0.0481428206,0.113400355,-0.0387656875,0.02442715876,1
0.0481428206,0.1153703928,-0.02987708338,0.02192670107,1
0.0481428206,0.1173404306,-0.02188470773,0.006131914444,1
0.05011285841,0.04838907719,-0.03264735267,0.012729045,1
0.05011285841,0.050359115,-0.02885586768,0.01380068995,1
0.05011285841,0.05232915282,-0.02693800256,0.01258072164,1
0.05011285841,0.05429919064,-0.02445249073,0.001881036093,1
0.05011285841,0.05626922846,-0.02602738887,0.003889325308,1
0.05011285841,0.05823927,-0.03142772615,0.007665600628,1
0.05011285841,0.06020930782,-0.02969190851,-0.0009808778996,1
0.05011285841,0.06217934564,-0.03936396539,-0.003432737663,1
0.05011285841,0.06414938718,-0.05047618225,0.006831794512,1
0.05011285841,0.066119425,-0.06190626323,0.004530653358,1
0.05011285841,0.06808946282,-0.06032840535,0.005835187156,1
0.05011285841,0.07005950063,-0.06305018067,0.002831314225,2
0.05011285841,0.07202953845,-0.07410021126,-0.0001475311146,1
0.05011285841,0.07399957627,-0.07974657416,-0.001665175776,1
0.05011285841,0.07596961409,-0.07987178862,-0.0005268710083,1
0.05011285841,0.07793965936,-0.07572595775,0.002385471249,1
0.05011285841,0.07990969718,-0.03613820672,-0.0002916932863,1
0.05011285841,0.08187973499,-0.04038964212,0.003313825,1
0.05011285841,0.08384977281,-0.05110041425,-0.001895720023,1
0.05011285841,0.08581981063,-0.05365188792,-0.003076722845,1
0.05011285841,0.08778984845,-0.05401023477,-0.0005226168432,1
0.05011285841,0.08975988626,-0.05596360937,0.0004257819965,1
0.05011285841,0.09172992408,-0.04955374077,-7.977305359e-05,1
0.05011285841,0.0936999619,-0.03770117089,-0.0005280607729,1
0.05011285841,0.09567000717,-0.03581368178,0.003329383209,1
0.05011285841,0.09764004499,-0.03741760552,0.006495970301,1
0.05011285841,0.09961008281,-0.04999302328,0.01407152321,2
0.05011285841,0.1015801206,-0.06104743108,0.0199372638,1
0.05011285841,0.1035501584,-0.04904686287,0.01235497184,2
0.05011285841,0.1055201963,-0.04113046452,0.007358106319,1
0.05011285841,0.1074902341,-0.03656329587,0.01600896567,1
0.05011285841,0.1094602719,-0.0392961055,0.01746341959,1
0.05011285841,0.1114303172,-0.04060292244,0.02025122568,1
0.05011285841,0.113400355,-0.03797337413,0.02412283234,1
0.05011285841,0.1153703928,-0.03237024322,0.0231779851,1
0.05011285841,0.1173404306,-0.02086335607,0.0154479593,1
0.05208289623,0.04838907719,-0.03079836629,0.0152487224,1
0.05208289623,0.050359115,-0.02671354823,0.01492200512,1
0.05208289623,0.05232915282,-0.02433556877,0.0135324616,1
0.05208289623,0.05429919064,-0.02460908704,0.004395366181,1
0.05208289623,0.05626922846,-0.02834601514,0.007149528712,1
0.05208289623,0.05823927,-0.0325595662,0.009406567551,1
0.05208289623,0.06020930782,-0.0354086943,0.003430733224,1
0.05208289623,0.06217934564,-0.0473844856,0.007916477509,1
0.05208289623,0.06414938718,-0.05498001724,0.007850305177,1
0.05208289623,0.066119425,-0.05803600326,0.003174881684,1
0.05208289623,0.06808946282,-0.05958471075,0.004605574068,1
0.05208289623,0.07005950063,-0.05973498896,0.007787538692,1
0.05208289623,0.07202953845,-0.07278665155,0.001598933246,1
0.05208289623,0.07399957627,-0.0759979859,0.0002823044779,1
0.05208289623,0.07596961409,-0.06769159436,-0.001613251865,1
0.05208289623,0.07793965936,-0.0659108758,-0.003480105428,2
0.05208289623,0.07990969718,-0.05140337721,-0.01126772072,1
0.05208289623,0.08187973499,-0.04777747765,-0.002729452215,1
0.05208289623,0.08384977281,-0.05271442607,-0.006794061977,1
0.05208289623,0.08581981063,-0.05424601212,-0.003692136146,1
0.05208289623,0.08778984845,-0.05299749225,0.001236702083,1
0.05208289623,0.08975988626,-0.05114209279,0.001721655135,1
0.05208289623,0.09172992408,-0.04879854247,-0.0003133114369,1
0.05208289623,0.0936999619,-0.04212798923,0.001710284268,1
0.05208289623,0.09567000717,-0.0438647531,0.004987716675,1
0.05208289623,0.09764004499,-0.04842374846,0.009387447499,1
0.05208289623,0.09961008281,-0.0573675707,0.02149366587,1
0.05208289623,0.1015801206,-0.05007926747,0.01636516303,1
0.05208289623,0.1035501584,-0.0444467105,0.01495151967,1
0.05208289623,0.1055201963,-0.03286547586,0.01239007711,1
0.05208289623,0.1074902341,-0.03593282029,0.0096034538,1
0.05208289623,0.1094602719,-0.04012351483,0.01371303014,1
0.05208289623,0.1114303172,-0.04243660718,0.01594698802,1
0.05208289623,0.113400355,-0.04387002066,0.01338305604,1
0.05208289623,0.1153703928,-0.03459602594,0.008530394174,1
0.05208289623,0.1173404306,-0.02195442468,0.01261903904,1
0.05405293778,0.04838907719,-0.02871141583,0.01061937958,2
0.05405293778,0.050359115,-0.02842589281,0.01341200806,1
0.05405293778,0.05232915282,-0.0258318875,0.009865615517,1
0.05405293778,0.05429919064,-0.02033702284,0.005595014431,1
0.05405293778,0.05626922846,-0.02895766869,0.00842837058,1
0.05405293778,0.05823927,-0.03306389973,0.008586163633,1
0.05405293778,0.06020930782,-0.03578870744,0.00762788672,2
0.05405293778,0.06217934564,-0.04123855382,0.01252858806,1
0.05405293778,0.06414938718,-0.05155278742,0.009250178002,1
0.05405293778,0.066119425,-0.05683609471,0.001298229443,1
0.05405293778,0.06808946282,-0.05984548479,0.003020792967,1
0.05405293778,0.07005950063,-0.06541562825,0.004763289355,1
0.05405293778,0.07202953845,-0.07678429782,0.003681354923,1
0.05405293778,0.07399957627,-0.07525984943,0.005039446056,1
0.05405293778,0.07596961409,-0.06594347209,-0.001776647638,1
0.05405293778,0.07793965936,-0.06882256269,-0.003424920142,2
0.05405293778,0.07990969718,-0.06034605205,-0.0148903504,1
0.05405293778,0.08187973499,-0.06082001701,-0.009311442263,1
0.05405293778,0.08384977281,-0.06167024747,-0.004669322632,2
0.05405293778,0.08581981063,-0.06281795353,-0.003510547569,1
0.05405293778,0.08778984845,-0.05346396565,0.002292468911,1
0.05405293778,0.08975988626,-0.0499047786,0.00478055561,1
0.05405293778,0.09172992408,-0.04974136129,0.004035212565,1
0.05405293778,0.0936999619,-0.04731385037,0.004373764619,1
0.05405293778,0.09567000717,-0.05054673553,0.004839996342,1
0.05405293778,0.09764004499,-0.06082675979,0.008341867477,1
0.05405293778,0.09961008281,-0.05426169932,0.0129572209,1
0.05405293778,0.1015801206,-0.05133261159,0.02128345706,1
0.05405293778,0.1035501584,-0.04790060595,0.02469419129,1
0.05405293778,0.1055201963,-0.03993364796,0.01835007407,1
0.05405293778,0.1074902341,-0.03911064938,0.014869418,1
0.05405293778,0.1094602719,-0.03775754198,0.00876029674,1
0.05405293778,0.1114303172,-0.0423855409,0.007864415646,2
0.05405293778,0.113400355,-0.04399145022,0.004209762439,1
0.05405293778,0.1153703928,-0.03003999963,0.002883619163,1
0.05405293778,0.1173404306,-0.01817003824,0.009058054537,1
0.05602297559,0.04838907719,-0.02690998837,0.003197407816,1
0.05602297559,0.050359115,-0.02760804817,0.005177592859,1
0.05602297559,0.05232915282,-0.02356815711,0.003488077549,1
0.05602297559,0.05429919064,-0.0190193858,0.0004925491521,1
0.05602297559,0.05626922846,-0.0237234775,0.006299563218,1
0.05602297559,0.05823927,-0.02876879089,0.008504335769,1
0.05602297559,0.06020930782,-0.03344368562,0.005966061261,1
0.05602297559,0.06217934564,-0.03979942203,0.006831104401,1
0.05602297559,0.06414938718,-0.04723656923,0.004727884196,1
0.05602297559,0.066119425,-0.05039054155,0.0005584362661,1
0.05602297559,0.06808946282,-0.06177042425,-0.001546234475,1
0.05602297559,0.07005950063,-0.06747825444,0.0007708349149,2
0.05602297559,0.07202953845,-0.07712269574,-0.0005793785094,1
0.05602297559,0.07399957627,-0.07303564996,0.003046091646,1
0.05602297559,0.07596961409,-0.06032610685,0.01049706805,1
0.05602297559,0.07793965936,-0.08308985829,0.006447422784,1
0.05602297559,0.07990969718,-0.07696519792,0.001607082901,1
0.05602297559,0.08187973499,-0.07214811444,-0.002791722538,1
0.05602297559,0.08384977281,-0.07032859325,0.0009387614555,1
0.05602297559,0.08581981063,-0.06816097349,-0.000938716461,1
0.05602297559,0.08778984845,-0.05520098284,0.002488873899,1
0.05602297559,0.08975988626,-0.04861451313,0.007810370065,1
0.05602297559,0.09172992408,-0.04574168101,0.005604723934,1
0.05602297559,0.0936999619,-0.05140466616,0.006740801502,1
0.05602297559,0.09567000717,-0.06261501461,0.005009660497,1
0.05602297559,0.09764004499,-0.05426068604,0.004334222525,1
0.05602297559,0.09961008281,-0.05166441947,0.008530120365,1
0.05602297559,0.1015801206,-0.0507783182,0.02087760717,1
0.05602297559,0.1035501584,-0.0486022681,0.02142995782,1
0.05602297559,0.1055201963,-0.04313218966,0.01708624326,1
0.05602297559,0.1074902341,-0.03895502165,0.01806132868,1
0.05602297559,0.1094602719,-0.03790659457,0.01314333081,1
0.05602297559,0.1114303172,-0.04535657167,0.002540617483,1
0.05602297559,0.113400355,-0.03722202778,0.0006924384506,1
0.05602297559,0.1153703928,-0.02835104987,0.000333372067,1
0.05602297559,0.1173404306,-0.01765232906,0.0008721004124,1
0.05799301341,0.04838907719,-0.0386919342,0.002366450615,1
0.05799301341,0.050359115,-0.03636639193,-0.002442695899,1
0.05799301341,0.05232915282,-0.0222964175,0.0006119383615,1
0.05799301341,0.05429919064,-0.01794414409,-0.0009463448077,1
0.05799301341,0.05626922846,-0.02191042341,0.002947225468,1
0.05799301341,0.05823927,-0.02579051256,0.005230365787,1
0.05799301341,0.06020930782,-0.03244840354,0.005510259885,1
0.05799301341,0.06217934564,-0.04058619589,0.003615572117,1
0.05799301341,0.06414938718,-0.04588423669,0.001488320413,1
0.05799301341,0.066119425,-0.0474804379,-0.0004593908961,1
0.05799301341,0.06808946282,-0.0613338165,-0.003375174711,1
0.05799301341,0.07005950063,-0.06560427696,0.0004456632887,2
0.05799301341,0.07202953845,-0.07254487276,-0.0008298189496,1
0.05799301341,0.07399957627,-0.06754620373,0.002506942721,1
0.05799301341,0.07596961409,-0.057391949,0.01326914877,1
0.05799301341,0.07793965936,-0.07287936658,0.007562766317,1
0.05799301341,0.07990969718,-0.0747327283,0.003588774707,1
0.05799301341,0.08187973499,-0.07218046486,-2.433151712e-05,1
0.05799301341,0.08384977281,-0.06898933649,0.001073168591,1
0.05799301341,0.08581981063,-0.06588210166,-0.0001976144122,1
0.05799301341,0.08778984845,-0.05759628117,-0.002657841193,1
0.05799301341,0.08975988626,-0.05004289374,-0.001117039588,1
0.05799301341,0.09172992408,-0.05251277238,0.004020787776,1
0.05799301341,0.0936999619,-0.05825648084,0.004894765094,1
0.05799301341,0.09567000717,-0.06244334951,0.004613029771,1
0.05799301341,0.09764004499,-0.05383740366,0.005791226402,1
0.05799301341,0.09961008281,-0.05056267604,0.007285960484,1
0.05799301341,0.1015801206,-0.05173242837,0.01446926128,1
0.05799301341,0.1035501584,-0.05033091828,0.01211443171,1
0.05799301341,0.1055201963,-0.04439215735,0.008970976807,1
0.05799301341,0.1074902341,-0.03781016916,0.01559679024,1
0.05799301341,0.1094602719,-0.03627454489,0.01230406575,1
0.05799301341,0.1114303172,-0.03910292685,0.006737805903,1
0.05799301341,0.113400355,-0.03322648257,0.001146648894,1
0.05799301341,0.1153703928,-0.02715162374,-0.005197482649,1
0.05799301341,0.1173404306,-0.01612921804,-0.01043092459,1
0.05996305123,0.04838907719,-0.0370631665,0.008960637264,1
0.05996305123,0.050359115,-0.03206178918,-0.0001571752364,1
0.05996305123,0.05232915282,-0.02134575881,0.003465302987,1
0.05996305123,0.05429919064,-0.01884680055,0.0004208469472,1
0.05996305123,0.05626922846,-0.02148697153,0.001219242695,1
0.05996305123,0.05823927,-0.02492939495,0.003675182117,1
0.05996305123,0.06020930782,-0.02745502815,0.009506380185,1
0.05996305123,0.06217934564,-0.0360108912,0.005688247271,1
0.05996305123,0.06414938718,-0.04543126002,-0.001625055447,1
0.05996305123,0.066119425,-0.04850601032,-0.001679598237,1
0.05996305123,0.06808946282,-0.05251706764,0.003636177862,1
0.05996305123,0.07005950063,-0.0610601753,0.005216811784,1
0.05996305123,0.07202953845,-0.06961537153,0.002277519321,1
0.05996305123,0.07399957627,-0.06943399459,-0.001410411554,1
0.05996305123,0.07596961409,-0.05698349699,0.002612459939,1
0.05996305123,0.07793965936,-0.06182955205,0.004214555025,1
0.05996305123,0.07990969718,-0.07286907732,0.005362855271,1
0.05996305123,0.08187973499,-0.07381983846,-0.00306232064,1
0.05996305123,0.08384977281,-0.06088319421,-0.01040017139,1
0.05996305123,0.08581981063,-0.06353401393,-0.003854437266,1
0.05996305123,0.08778984845,-0.06236958131,-0.002012089826,1
0.05996305123,0.08975988626,-0.05908198655,-0.0009492688114,1
0.05996305123,0.09172992408,-0.0593255572,0.004032368306,1
0.05996305123,0.0936999619,-0.06032974273,0.007963684388,1
0.05996305123,0.09567000717,-0.0606995225,0.00886549335,1
0.05996305123,0.09764004499,-0.06088645011,0.009291072376,1
0.05996305123,0.09961008281,-0.05015851557,0.01088266633,1
0.05996305123,0.1015801206,-0.04624969512,0.01360812038,1
0.05996305123,0.1035501584,-0.04489439353,0.01011576783,1
0.05996305123,0.1055201963,-0.03974222392,0.007031884044,1
0.05996305123,0.1074902341,-0.03623016924,0.007622364908,1
0.05996305123,0.1094602719,-0.03517428041,0.006007112563,1
0.05996305123,0.1114303172,-0.03982306272,0.009394650348,1
0.05996305123,0.113400355,-0.03736175597,0.009223055094,1
0.05996305123,0.1153703928,-0.02104574069,0.0004610025208,1
0.05996305123,0.1173404306,-0.0126432199,-0.01133770403,1
0.06193309277,0.04838907719,-0.0273883082,0.004595027771,1
0.06193309277,0.050359115,-0.0241667591,-0.006255936809,1
0.06193309277,0.05232915282,-0.02048681304,-0.001349983504,2
0.06193309277,0.05429919064,-0.01902229898,-0.001183038345,1
0.06193309277,0.05626922846,-0.02042609639,-0.0006367964088,1
0.06193309277,0.05823927,-0.02384358831,0.0002635277051,1
0.06193309277,0.06020930782,-0.02827489004,0.004548923112,2
0.06193309277,0.06217934564,-0.03589064255,0.001389893354,2
0.06193309277,0.06414938718,-0.04300721735,-0.003283092054,1
0.06193309277,0.066119425,-0.04768286645,-0.002508387202,1
0.06193309277,0.06808946282,-0.05322099105,0.003016108181,1
0.06193309277,0.07005950063,-0.0588395074,0.003204517299,1
0.06193309277,0.07202953845,-0.0640720427,-0.0006338787498,1
0.06193309277,0.07399957627,-0.06161089614,-0.00161591731,1
0.06193309277,0.07596961409,-0.05690491945,0.0005567803164,1
0.06193309277,0.07793965936,-0.0600121282,0.002991997637,1
0.06193309277,0.07990969718,-0.06325301528,0.004042990506,1
0.06193309277,0.08187973499,-0.07082992047,-0.004822915886,1
0.06193309277,0.08384977281,-0.05755927786,-0.007634656969,1
0.06193309277,0.08581981063,-0.05457532406,-0.00365681015,1
0.06193309277,0.08778984845,-0.0642985478,-0.001315670786,1
0.06193309277,0.08975988626,-0.06632962078,0.0004296284169,1
0.06193309277,0.09172992408,-0.06851692498,0.00510706706,1
0.06193309277,0.0936999619,-0.06432615966,0.01094188448,1
0.06193309277,0.09567000717,-0.06381412596,0.01191060152,1
0.06193309277,0.09764004499,-0.061848104,0.009351378307,1
0.06193309277,0.09961008281,-0.05233775079,0.009686504491,1
0.06193309277,0.1015801206,-0.0438375175,0.01583615877,1
0.06193309277,0.1035501584,-0.04253128916,0.01219512336,1
0.06193309277,0.1055201963,-0.03999058157,0.01137064304,1
0.06193309277,0.1074902341,-0.04020404443,0.01147964504,1
0.06193309277,0.1094602719,-0.03326166421,0.003674332285,1
0.06193309277,0.1114303172,-0.03868033737,0.007437383756,1
0.06193309277,0.113400355,-0.03722300008,0.007448337041,1
0.06193309277,0.1153703928,-0.0245532468,0.00066122727,1
0.06193309277,0.1173404306,-0.01213923842,-0.01028046571,1
0.06390313059,0.04838907719,-0.01973828487,0.006380339153,1
0.06390313059,0.050359115,-0.01715501584,0.0002972567454,1
0.06390313059,0.05232915282,-0.01741243713,-0.001426261151,2
0.06390313059,0.05429919064,-0.01779482141,-0.0008632204263,1
0.06390313059,0.05626922846,-0.01964513958,-0.002072852338,1
0.06390313059,0.05823927,-0.0224388428,-0.0007037767209,1
0.06390313059,0.06020930782,-0.025910303,0.007035891991,1
0.06390313059,0.06217934564,-0.03626956791,-0.00139450538,2
0.06390313059,0.06414938718,-0.04715104029,-0.01021679025,1
0.06390313059,0.066119425,-0.04573114589,-0.008931196295,1
0.06390313059,0.06808946282,-0.05440593883,-0.0008821946103,1
0.06390313059,0.07005950063,-0.06188922003,-0.0023368455,1
0.06390313059,0.07202953845,-0.06404089928,-0.004002470989,1
0.06390313059,0.07399957627,-0.06451450288,-0.003245920409,1
0.06390313059,0.07596961409,-0.06079255417,-0.001740327687,1
0.06390313059,0.07793965936,-0.05971663445,0.001894818968,1
0.06390313059,0.07990969718,-0.05838965625,0.002568874741,1
0.06390313059,0.08187973499,-0.05537199974,0.001474603545,1
0.06390313059,0.08384977281,-0.06181749701,-0.003262910759,1
0.06390313059,0.08581981063,-0.06156104803,-0.0009751172038,1
0.06390313059,0.08778984845,-0.05804638937,0.0005254796124,1
0.06390313059,0.08975988626,-0.06414723396,0.00264674169,1
0.06390313059,0.09172992408,-0.07453221828,0.007978577167,1
0.06390313059,0.0936999619,-0.07022200525,0.009887519293,2
0.06390313059,0.09567000717,-0.06685753912,0.01012490969,1
0.06390313059,0.09764004499,-0.05865734816,0.00898663979,1
0.06390313059,0.09961008281,-0.05070794374,0.008428514004,1
0.06390313059,0.1015801206,-0.0474890396,0.01357961912,1
0.06390313059,0.1035501584,-0.04601976275,0.009645483457,1
0.06390313059,0.1055201963,-0.04001791403,0.004938248545,1
0.06390313059,0.1074902341,-0.03443187475,0.004657550249,1
0.06390313059,0.1094602719,-0.03788203374,0.002030536765,1
0.06390313059,0.1114303172,-0.04242435843,0.003520576749,1
0.06390313059,0.113400355,-0.03734674677,0.006429567933,1
0.06390313059,0.1153703928,-0.03031148203,0.003996689338,1
0.06390313059,0.1173404306,-0.01460127532,0.003764518769,1
0.06587316841,0.04838907719,-0.00983619038,0.01536750793,1
0.06587316841,0.050359115,-0.0118008703,0.0114978319,1
0.06587316841,0.05232915282,-0.01421309635,-0.003789097769,1
0.06587316841,0.05429919064,-0.009938579053,-0.0001352134423,1
0.06587316841,0.05626922846,-0.01233634818,-0.001447217539,1
0.06587316841,0.05823927,-0.01992610842,-0.003037672257,1
0.06587316841,0.06020930782,-0.02097799629,-0.00638801232,1
0.06587316841,0.06217934564,-0.03612627462,-0.003787016962,2
0.06587316841,0.06414938718,-0.05040010065,-0.002763784491,1
0.06587316841,0.066119425,-0.05969711021,-0.005666848738,1
0.06587316841,0.06808946282,-0.0617216602,-0.0002748610277,1
0.06587316841,0.07005950063,-0.06651753187,-0.003118326422,1
0.06587316841,0.07202953845,-0.06792104244,-0.00424106,1
0.06587316841,0.07399957627,-0.07317458838,-0.007064056583,1
0.06587316841,0.07596961409,-0.0685781911,-0.004770012572,1
0.06587316841,0.07793965936,-0.05681547523,0.0021758941,1
0.06587316841,0.07990969718,-0.05612203851,-8.798260387e-05,1
0.06587316841,0.08187973499,-0.05602168292,-0.005269813351,1
0.06587316841,0.08384977281,-0.06396024674,-0.001204121276,1
0.06587316841,0.08581981063,-0.06692749262,0.0002452329209,1
0.06587316841,0.08778984845,-0.05146334693,0.006032740232,1
0.06587316841,0.08975988626,-0.05801781267,0.006629331037,1
0.06587316841,0.09172992408,-0.08065827936,0.01104612835,1
0.06587316841,0.0936999619,-0.07517208904,0.01050470676,2
0.06587316841,0.09567000717,-0.07089520991,0.005050403532,1
0.06587316841,0.09764004499,-0.06034967303,0.004671786912,1
0.06587316841,0.09961008281,-0.04910379276,0.008425619453,1
0.06587316841,0.1015801206,-0.0447941497,0.008539051749,1
0.06587316841,0.1035501584,-0.04201448336,0.003181252861,1
0.06587316841,0.1055201963,-0.03693865985,-0.0003371677012,1
0.06587316841,0.1074902341,-0.03065862879,-0.0009185119416,1
0.06587316841,0.1094602719,-0.03645013273,-0.0007334618713,1
0.06587316841,0.1114303172,-0.04195557162,0.0001084866599,1
0.06587316841,0.113400355,-0.03787031025,0.005322906189,1
0.06587316841,0.1153703928,-0.02699935995,0.004573642276,1
0.06587316841,0.1173404306,-0.009266240522,-0.004162870347,1
0.06784320623,0.04838907719,-0.01059335005,0.00891525019,1
0.06784320623,0.050359115,-0.009484515525,0.004250294529,1
0.06784320623,0.05232915282,-0.006365041249,0.006312634796,1
0.06784320623,0.05429919064,-0.007130797487,0.003713527462,1
0.06784320623,0.05626922846,-0.01127284579,0.005598295014,1
0.06784320623,0.05823927,-0.01927999221,0.001974757062,1
0.06784320623,0.06020930782,-0.02285156026,-0.009908366948,1
0.06784320623,0.06217934564,-0.03685743362,-0.004601764958,2
0.06784320623,0.06414938718,-0.04860435799,-0.002548151184,1
0.06784320623,0.066119425,-0.06172625348,-0.00616045855,1
0.06784320623,0.06808946282,-0.060587883,-0.00270105619,1
0.06784320623,0.07005950063,-0.05683772266,0.002010972705,1
0.06784320623,0.07202953845,-0.075897865,-0.003084146418,1
0.06784320623,0.07399957627,-0.07708712667,-0.00526141841,1
0.06784320623,0.07596961409,-0.07221588492,-0.004360633902,1
0.06784320623,0.07793965936,-0.05385671929,0.001348967664,1
0.06784320623,0.07990969718,-0.05511683598,-0.009749176912,1
0.06784320623,0.08187973499,-0.05619452149,-0.003346887417,1
0.06784320623,0.08384977281,-0.05666441843,0.007193338592,1
0.06784320623,0.08581981063,-0.06020272151,0.006670874543,1
0.06784320623,0.08778984845,-0.04763503,0.005341270007,1
0.06784320623,0.08975988626,-0.06101052463,0.009361419827,1
0.06784320623,0.09172992408,-0.07722759247,0.01307204552,1
0.06784320623,0.0936999619,-0.07891286165,0.01603477634,1
0.06784320623,0.09567000717,-0.07052122802,0.004968012217,1
0.06784320623,0.09764004499,-0.06102985144,0.001053888933,1
0.06784320623,0.09961008281,-0.05379753187,0.01012482867,1
0.06784320623,0.1015801206,-0.04327399284,0.007976344787,1
0.06784320623,0.1035501584,-0.03497676551,0.0001495152537,1
0.06784320623,0.1055201963,-0.0332131274,-0.001522302162,1
0.06784320623,0.1074902341,-0.03295856714,-0.003103800584,1
0.06784320623,0.1094602719,-0.03294945136,-0.002239739988,1
0.06784320623,0.1114303172,-0.03369354084,-0.004890613724,1
0.06784320623,0.113400355,-0.02804919146,-0.004236734938,1
0.06784320623,0.1153703928,-0.02029363252,-2.883184061e-05,1
0.06784320623,0.1173404306,-0.004145178013,-0.01038216706,1
0.06981324404,0.04838907719,-0.01965163089,0.007952657528,1
0.06981324404,0.050359115,-0.002943682717,0.003245475236,1
0.06981324404,0.05232915282,-0.002455351874,0.005046967883,1
0.06981324404,0.05429919064,-0.006249032915,0.004674654454,1
0.06981324404,0.05626922846,-0.01208906248,0.006999592762,1
0.06981324404,0.05823927,-0.02003912628,0.01125735696,1
0.06981324404,0.06020930782,-0.02847342379,0.001523182029,1
0.06981324404,0.06217934564,-0.03984754533,-0.002163525904,1
0.06981324404,0.06414938718,-0.04712968692,-0.004932367243,1
0.06981324404,0.066119425,-0.05361145362,-0.009699680842,1
0.06981324404,0.06808946282,-0.06740853935,-0.007982155308,1
0.06981324404,0.07005950063,-0.0765344128,-0.007018946577,1
0.06981324404,0.07202953845,-0.07687855512,-0.005391711369,1
0.06981324404,0.07399957627,-0.07881455868,-0.002063994994,1
0.06981324404,0.07596961409,-0.06332206726,0.003885803744,1
0.06981324404,0.07793965936,-0.05282609165,0.008076249622,1
0.06981324404,0.07990969718,-0.04532814026,0.008413381875,1
0.06981324404,0.08187973499,-0.04120318592,0.01477683242,1
0.06981324404,0.08384977281,-0.05435622856,0.01123359986,2
0.06981324404,0.08581981063,-0.06468848139,0.01053104177,1
0.06981324404,0.08778984845,-0.06730031967,0.009564273991,1
0.06981324404,0.08975988626,-0.07308677584,0.01394555438,1
0.06981324404,0.09172992408,-0.07673778385,0.01340067573,1
0.06981324404,0.0936999619,-0.07250401378,0.01052350737,1
0.06981324404,0.09567000717,-0.06569734961,0.005662370473,1
0.06981324404,0.09764004499,-0.05477130041,0.004625135101,1
0.06981324404,0.09961008281,-0.0500966534,0.007437715773,1
0.06981324404,0.1015801206,-0.04512992874,0.007994917221,1
0.06981324404,0.1035501584,-0.03438615426,-0.001408825628,1
0.06981324404,0.1055201963,-0.03220581263,-0.0009713416221,1
0.06981324404,0.1074902341,-0.02786630765,-0.005664306693,1
0.06981324404,0.1094602719,-0.02498730831,-0.0107893236,1
0.06981324404,0.1114303172,-0.02612285689,-0.008525982499,2
0.06981324404,0.113400355,-0.01825765707,-0.01112833247,1
0.06981324404,0.1153703928,-0.013454712,-0.007964725606,1
0.06981324404,0.1173404306,-0.007480865344,-0.008525033481,1
0.07178328186,0.04838907719,-0.008982317522,0.004220320377,2
0.07178328186,0.050359115,-0.002255229978,-0.003493080148,1
0.07178328186,0.05232915282,1.908589184e-05,-0.002093197778,1
0.07178328186,0.05429919064,-0.00262326072,-0.00125298975,1
0.07178328186,0.05626922846,-0.01200721413,-0.0006342027336,1
0.07178328186,0.05823927,-0.03024870716,-0.004070393275,1
0.07178328186,0.06020930782,-0.0333657302,0.005488649476,2
0.07178328186,0.06217934564,-0.0446902588,0.00986492075,1
0.07178328186,0.06414938718,-0.04890543222,0.002165145474,1
0.07178328186,0.066119425,-0.05580744147,-0.01029094215,1
0.07178328186,0.06808946282,-0.06284588575,-0.01299267355,1
0.07178328186,0.07005950063,-0.0692570731,-0.01350740343,1
0.07178328186,0.07202953845,-0.07255737484,-0.001873993664,1
0.07178328186,0.07399957627,-0.06971794367,0.006916678976,1
0.07178328186,0.07596961409,-0.06059699878,0.006693543866,2
0.07178328186,0.07793965936,-0.05018446967,0.01250340138,1
0.07178328186,0.07990969718,-0.04755456373,0.009727168828,1
0.07178328186,0.08187973499,-0.04645365849,0.01404872071,2
0.07178328186,0.08384977281,-0.05486882105,0.01243318617,2
0.07178328186,0.08581981063,-0.0685518682,0.00695416471,1
0.07178328186,0.08778984845,-0.08216147125,0.006377230398,1
0.07178328186,0.08975988626,-0.08658917248,0.007714590058,1
0.07178328186,0.09172992408,-0.07940125465,0.008824653924,1
0.07178328186,0.0936999619,-0.07219910622,0.003511539893,1
0.07178328186,0.09567000717,-0.06151672453,0.0003399945854,1
0.07178328186,0.09764004499,-0.04813489318,0.002649001777,1
0.07178328186,0.09961008281,-0.0466163978,0.005468113814,1
0.07178328186,0.1015801206,-0.03844823688,0.004194160923,1
0.07178328186,0.1035501584,-0.02900073305,-0.001379173016,1
0.07178328186,0.1055201963,-0.02622284926,-0.002151774941,1
0.07178328186,0.1074902341,-0.02542131953,-0.002853475511,2
0.07178328186,0.1094602719,-0.02408831939,-0.006040557753,2
0.07178328186,0.1114303172,-0.02755291574,-0.00729566114,1
0.07178328186,0.113400355,-0.01634145156,-0.00934758503,1
0.07178328186,0.1153703928,-0.009904076345,-0.01144658402,1
0.07178328186,0.1173404306,-0.004782889504,-0.01139457058,1
0.07375332713,0.04838907719,-0.005040092859,0.008201383986,2
0.07375332713,0.050359115,0.001196908415,0.009379412048,3
0.07375332713,0.05232915282,-0.001903536962,-0.001452797325,1
0.07375332713,0.05429919064,-0.002797586843,0.0008363268571,1
0.07375332713,0.05626922846,-0.01127873268,0.01648453809,1
0.07375332713,0.05823927,-0.01461613644,0.01610223763,1
0.07375332713,0.06020930782,-0.03005053662,0.01463689003,2
0.07375332713,0.06217934564,-0.0402501449,0.01758471131,1
0.07375332713,0.06414938718,-0.04821089283,0.005668486003,1
0.07375332713,0.066119425,-0.05068387836,-0.005984473974,1
0.07375332713,0.06808946282,-0.05416202918,-0.01695761457,1
0.07375332713,0.07005950063,-0.06440920383,-0.01584875025,1
0.07375332713,0.07202953845,-0.07212498039,-0.002789979102,1
0.07375332713,0.07399957627,-0.07135376334,0.005073999055,1
0.07375332713,0.07596961409,-0.05916353315,0.003468291368,2
0.07375332713,0.07793965936,-0.04136840999,0.001832261449,1
0.07375332713,0.07990969718,-0.03611946478,0.0009733742918,1
0.07375332713,0.08187973499,-0.04218807071,0.01925769262,1
0.07375332713,0.08384977281,-0.05011352897,0.01749625988,1
0.07375332713,0.08581981063,-0.07264593244,0.003061238443,1
0.07375332713,0.08778984845,-0.08552742004,0.005083950236,1
0.07375332713,0.08975988626,-0.08860542625,0.001486302237,1
0.07375332713,0.09172992408,-0.07774635404,-0.0008491312619,1
0.07375332713,0.0936999619,-0.06732625514,-0.001827379223,1
0.07375332713,0.09567000717,-0.05523743108,-0.0002786742989,1
0.07375332713,0.09764004499,-0.04983593151,0.00203093444,1
0.07375332713,0.09961008281,-0.04632864147,5.273335046e-05,1
0.07375332713,0.1015801206,-0.03780387715,-0.00113869179,1
0.07375332713,0.1035501584,-0.02784562856,-0.001902404358,1
0.07375332713,0.1055201963,-0.02499860153,0.0002154842514,1
0.07375332713,0.1074902341,-0.02350779995,0.002442737576,1
0.07375332713,0.1094602719,-0.01839173585,-0.003223771928,1
0.07375332713,0.1114303172,-0.02382525429,-0.0027975759,1
0.07375332713,0.113400355,-0.01756516658,-0.006095889024,1
0.07375332713,0.1153703928,-0.007703893818,-0.01049972232,1
0.07375332713,0.1173404306,0.0003586103849,-0.01234061271,1
0.07572336495,0.04838907719,-0.007334868889,0.01100441907,1
0.07572336495,0.050359115,0.003373934887,-0.003862054087,1
0.07572336495,0.05232915282,-0.005240420345,0.0003271731839,1
0.07572336495,0.05429919064,-0.009355539456,0.004780273885,1
0.07572336495,0.05626922846,-0.01192486659,0.02195632271,1
0.07572336495,0.05823927,-0.01897482015,0.02498021349,1
0.07572336495,0.06020930782,-0.03197013959,0.01937196031,1
0.07572336495,0.06217934564,-0.04627180099,0.01150931977,1
0.07572336495,0.06414938718,-0.05088800937,-0.007267439738,1
0.07572336495,0.066119425,-0.04889812693,-0.005967303645,1
0.07572336495,0.06808946282,-0.06029517576,-0.006779935677,1
0.07572336495,0.07005950063,-0.06794072688,-0.005564352963,1
0.07572336495,0.07202953845,-0.06986217946,-0.004981437232,1
0.07572336495,0.07399957627,-0.07136965543,-0.003830638248,1
0.07572336495,0.07596961409,-0.06333495677,0.0002733612491,2
0.07572336495,0.07793965936,-0.05381602049,0.001191031071,2
0.07572336495,0.07990969718,-0.04649517313,0.001726828865,1
0.07572336495,0.08187973499,-0.05668417364,0.009553843178,1
0.07572336495,0.08384977281,-0.06865023077,0.007976355031,1
0.07572336495,0.08581981063,-0.07287603617,0.004193206783,1
0.07572336495,0.08778984845,-0.0692929849,0.001705432427,1
0.07572336495,0.08975988626,-0.07546973228,-0.001743685221,1
0.07572336495,0.09172992408,-0.07155093551,-0.003577401163,1
0.07572336495,0.0936999619,-0.05928171054,-0.004080968909,1
0.07572336495,0.09567000717,-0.04847323522,-0.0001121943424,1
0.07572336495,0.09764004499,-0.0488146469,-0.0001462033397,1
0.07572336495,0.09961008281,-0.04644075781,-0.002592869569,1
0.07572336495,0.1015801206,-0.04095799103,-0.00319249928,1
0.07572336495,0.1035501584,-0.03550670296,0.002738515614,1
0.07572336495,0.1055201963,-0.02871963941,0.003262385726,1
0.07572336495,0.1074902341,-0.02226165682,0.00191825931,1
0.07572336495,0.1094602719,-0.01716237888,-0.002641458064,1
0.07572336495,0.1114303172,-0.01596930064,-0.003510433715,1
0.07572336495,0.113400355,-0.01282755844,-0.006229826249,1
0.07572336495,0.1153703928,-0.006108349189,-0.006380561274,1
0.07572336495,0.1173404306,-0.0001835142175,-0.01009422913,1
0.07769340277,0.04838907719,-0.001644950011,0.009707339108,1
0.07769340277,0.050359115,0.005191461649,0.0003849958302,1
0.07769340277,0.05232915282,0.0003798902326,0.006022153888,1
0.07769340277,0.05429919064,-0.003003142308,0.009502753615,1
0.07769340277,0.05626922846,-0.01017414499,0.01929039694,1
0.07769340277,0.05823927,-0.01835350692,0.02243856713,1
0.07769340277,0.06020930782,-0.02802536078,0.01538896002,2
0.07769340277,0.06217934564,-0.03553554416,0.004802313633,1
0.07769340277,0.06414938718,-0.0394083783,-0.01305218786,1
0.07769340277,0.066119425,-0.04833854362,-0.003606574144,2
0.07769340277,0.06808946282,-0.06013132259,-0.00121093425,1
0.07769340277,0.07005950063,-0.06808964908,-0.001102550887,1
0.07769340277,0.07202953845,-0.06905542314,-0.007513294928,1
0.07769340277,0.07399957627,-0.07167209685,-0.00912274234,1
0.07769340277,0.07596961409,-0.06899060309,0.000264760718,1
0.07769340277,0.07793965936,-0.06406555325,0.0009316726355,1
0.07769340277,0.07990969718,-0.06143118814,0.004115751013,1
0.07769340277,0.08187973499,-0.0625558272,0.008531290106,1
0.07769340277,0.08384977281,-0.0649870038,0.007653365843,2
0.07769340277,0.08581981063,-0.06822793186,0.005556049291,2
0.07769340277,0.08778984845,-0.06818816811,0.00271880161,1
0.07769340277,0.08975988626,-0.08073183149,0.00132311543,1
0.07769340277,0.09172992408,-0.07910139114,-0.002692417707,1
0.07769340277,0.0936999619,-0.04897903651,-0.002439534524,1
0.07769340277,0.09567000717,-0.04504371807,-0.001739444328,1
0.07769340277,0.09764004499,-0.04802079126,-0.00184913713,1
0.07769340277,0.09961008281,-0.04579303414,-0.0007189202006,1
0.07769340277,0.1015801206,-0.04292891175,0.000751184125,1
0.07769340277,0.1035501584,-0.03885005414,0.003035811475,1
0.07769340277,0.1055201963,-0.03078246862,0.005156623665,1
0.07769340277,0.1074902341,-0.02220390737,0.003073188709,1
0.07769340277,0.1094602719,-0.01662250422,-0.003070607781,1
0.07769340277,0.1114303172,-0.0185888689,-0.001054411638,1
0.07769340277,0.113400355,-0.01288336609,-0.003885656595,1
0.07769340277,0.1153703928,-0.005626423284,-0.003117174143,1
0.07769340277,0.1173404306,-0.01494815573,-0.0006377660902,1
0.07966344059,0.04838907719,-0.001017334056,0.009977615438,1
0.07966344059,0.050359115,0.003641620046,0.005247530527,1
0.07966344059,0.05232915282,0.0005986751639,0.00844525639,1
0.07966344059,0.05429919064,-0.002810806269,0.01019440312,1
0.07966344059,0.05626922846,-0.01306687389,0.01193509344,1
0.07966344059,0.05823927,-0.01903239638,0.01551537216,1
0.07966344059,0.06020930782,-0.02624225803,0.01494299807,1
0.07966344059,0.06217934564,-0.02490843087,0.001845668536,1
0.07966344059,0.06414938718,-0.03686707839,0.003302372759,1
0.07966344059,0.066119425,-0.04491635412,0.005804129411,1
0.07966344059,0.06808946282,-0.05611151829,0.00205771625,1
0.07966344059,0.07005950063,-0.06798002869,-0.0007350331871,1
0.07966344059,0.07202953845,-0.06959705055,-0.007373224478,2
0.07966344059,0.07399957627,-0.07117171586,-0.01227482315,1
0.07966344059,0.07596961409,-0.07109282911,-0.00569779845,1
0.07966344059,0.07793965936,-0.06831175089,-0.00360509078,1
0.07966344059,0.07990969718,-0.05917436257,4.829423779e-05,1
0.07966344059,0.08187973499,-0.05968398228,0.002539344365,1
0.07966344059,0.08384977281,-0.06051405147,0.008549768478,1
0.07966344059,0.08581981063,-0.0668605119,0.007658821996,2
0.07966344059,0.08778984845,-0.07324237376,0.007943236269,1
0.07966344059,0.08975988626,-0.0770689249,0.003770316485,1
0.07966344059,0.09172992408,-0.07509765774,-0.001560078585,1
0.07966344059,0.0936999619,-0.0582770668,-0.009593457915,3
0.07966344059,0.09567000717,-0.05101598054,-0.01137385238,1
0.07966344059,0.09764004499,-0.0489743948,-0.002000445733,1
0.07966344059,0.09961008281,-0.04625596479,-0.0009563767817,1
0.07966344059,0.1015801206,-0.04363459721,9.504238551e-05,1
0.07966344059,0.1035501584,-0.03953365237,0.001642794814,1
0.07966344059,0.1055201963,-0.03238338232,0.005130827427,1
0.07966344059,0.1074902341,-0.02850252762,0.0128232073,1
0.07966344059,0.1094602719,-0.01993986219,0.00323144719,2
0.07966344059,0.1114303172,-0.01548149996,-0.0003264978877,1
0.07966344059,0.113400355,-0.008826112375,-0.003835111391,1
0.07966344059,0.1153703928,-0.004161185119,-0.004680186044,1
0.07966344059,0.1173404306,-0.003010279499,-0.00591923343,1
0.0816334784,0.04838907719,-0.0008969214978,0.006694910582,1
0.0816334784,0.050359115,0.002971365582,0.005270199385,1
0.0816334784,0.05232915282,0.001603250275,0.008774529211,1
0.0816334784,0.05429919064,-0.001292689354,0.008787686937,1
0.0816334784,0.05626922846,-0.01316946,0.01080147363,1
0.0816334784,0.05823927,-0.01855595782,0.01418437809,1
0.0816334784,0.06020930782,-0.01954800636,0.01167976018,1
0.0816334784,0.06217934564,-0.02546586469,0.00728506688,2
0.0816334784,0.06414938718,-0.03605818376,0.008634810336,1
0.0816334784,0.066119425,-0.04374673963,0.007429392077,1
0.0816334784,0.06808946282,-0.05135849863,-0.005363172386,1
0.0816334784,0.07005950063,-0.06830348074,-0.01082229428,1
0.0816334784,0.07202953845,-0.07018104941,-0.008969745599,1
0.0816334784,0.07399957627,-0.0712768361,-0.01225420926,1
0.0816334784,0.07596961409,-0.07305716723,-0.0101302024,1
0.0816334784,0.07793965936,-0.06863123924,-0.0105614895,1
0.0816334784,0.07990969718,-0.05936873704,-0.003652010113,1
0.0816334784,0.08187973499,-0.0604303889,-0.003870036686,1
0.0816334784,0.08384977281,-0.06045574695,-0.001445267466,1
0.0816334784,0.08581981063,-0.06545769423,0.008586234413,1
0.0816334784,0.08778984845,-0.06467621773,0.006788723636,1
0.0816334784,0.08975988626,-0.06959581375,0.005032086745,1
0.0816334784,0.09172992408,-0.07301662117,0.0003375955275,1
0.0816334784,0.0936999619,-0.05642123893,-0.00730333291,1
0.0816334784,0.09567000717,-0.05154036731,-0.009378576651,1
0.0816334784,0.09764004499,-0.05109039322,-0.002255572705,1
0.0816334784,0.09961008281,-0.04657195881,-0.003126438009,1
0.0816334784,0.1015801206,-0.03793220967,-0.002856061794,1
0.0816334784,0.1035501584,-0.03461455181,2.832124846e-05,1
0.0816334784,0.1055201963,-0.02977189422,0.003053048858,1
0.0816334784,0.1074902341,-0.02650698647,0.009315611795,1
0.0816334784,0.1094602719,-0.01915291883,0.003499687649,2
0.0816334784,0.1114303172,-0.0119459955,-0.0005654319539,1
0.0816334784,0.113400355,-0.004606834613,-0.004603073932,1
0.0816334784,0.1153703928,-0.004984933417,-0.005410488229,1
0.0816334784,0.1173404306,-0.002419887809,-0.005855024792,1
0.08360351622,0.04838907719,-0.002888503484,0.01363378577,1
0.08360351622,0.050359115,-0.002266005846,0.009339270182,1
0.08360351622,0.05232915282,0.0002033835044,0.0080776494,1
0.08360351622,0.05429919064,-0.003136188723,0.006506769918,1
0.08360351622,0.05626922846,-0.0138440514,0.002265686635,1
0.08360351622,0.05823927,-0.01264351793,0.00752848899,1
0.08360351622,0.06020930782,-0.01839932054,0.01268221252,1
0.08360351622,0.06217934564,-0.0213488359,0.006980028469,1
0.08360351622,0.06414938718,-0.03493949771,0.006141228601,1
0.08360351622,0.066119425,-0.04291615263,0.004516215064,1
0.08360351622,0.06808946282,-0.05142478645,-0.004385929555,1
0.08360351622,0.07005950063,-0.06162346527,-0.009650237858,1
0.08360351622,0.07202953845,-0.06773015857,-0.006612032186,1
0.08360351622,0.07399957627,-0.0717318356,-0.01047171,1
0.08360351622,0.07596961409,-0.07437768579,-0.006466086954,1
0.08360351622,0.07793965936,-0.0733993575,-0.008943391033,1
0.08360351622,0.07990969718,-0.068160519,-0.009169298224,1
0.08360351622,0.08187973499,-0.06467351317,-0.009748447686,1
0.08360351622,0.08384977281,-0.05982875079,-0.005457472987,1
0.08360351622,0.08581981063,-0.06182655692,0.003694799962,1
0.08360351622,0.08778984845,-0.06287635863,0.004676109646,1
0.08360351622,0.08975988626,-0.06152701005,0.005588783417,1
0.08360351622,0.09172992408,-0.06309296191,0.00637521036,1
0.08360351622,0.0936999619,-0.06055549532,0.00782034453,1
0.08360351622,0.09567000717,-0.05675123259,0.003209606744,1
0.08360351622,0.09764004499,-0.05515751615,-0.001389480778,1
0.08360351622,0.09961008281,-0.04652655125,-0.004994014278,1
0.08360351622,0.1015801206,-0.03779297322,-0.003880019765,1
0.08360351622,0.1035501584,-0.03163863346,-0.001743644942,1
0.08360351622,0.1055201963,-0.02607280575,-5.401071394e-05,1
0.08360351622,0.1074902341,-0.01944303699,0.0001264408347,1
0.08360351622,0.1094602719,-0.01821883023,0.002017122926,1
0.08360351622,0.1114303172,-0.01619918644,0.001186007867,1
0.08360351622,0.113400355,-0.007058690302,-0.002840832807,1
0.08360351622,0.1153703928,-0.005983826239,-0.002726336243,1
0.08360351622,0.1173404306,-0.005500508007,-0.0009303004481,1
0.08557355404,0.04838907719,0.0009575805161,0.009997123852,1
0.08557355404,0.050359115,-0.001586773666,0.008991576731,1
0.08557355404,0.05232915282,-0.005540252663,0.01024994347,1
0.08557355404,0.05429919064,-0.005046028178,0.01269326359,1
0.08557355404,0.05626922846,-0.0129116131,0.008328470401,1
0.08557355404,0.05823927,-0.02209929191,0.005157988053,1
0.08557355404,0.06020930782,-0.02462211996,0.009419704787,1
0.08557355404,0.06217934564,-0.03191735223,0.00554392254,1
0.08557355404,0.06414938718,-0.0366868265,0.0027897174,1
0.08557355404,0.066119425,-0.04382560402,0.001229462447,1
0.08557355404,0.06808946282,-0.05244542286,-0.004256040789,1
0.08557355404,0.07005950063,-0.06100475416,-0.002330180258,1
0.08557355404,0.07202953845,-0.06933936477,0.008716255426,1
0.08557355404,0.07399957627,-0.07460466027,-0.0003481593158,1
0.08557355404,0.07596961409,-0.07856146246,-0.003470793832,1
0.08557355404,0.07793965936,-0.07895087451,-0.005370277446,1
0.08557355404,0.07990969718,-0.07245858759,-0.007834397256,1
0.08557355404,0.08187973499,-0.06734238565,-0.004885274917,1
0.08557355404,0.08384977281,-0.06128999218,-0.0005558539997,1
0.08557355404,0.08581981063,-0.05814676359,0.001367807738,1
0.08557355404,0.08778984845,-0.06086374074,0.003832767718,1
0.08557355404,0.08975988626,-0.06401136518,0.008303806186,1
0.08557355404,0.09172992408,-0.06446344405,0.009410527535,1
0.08557355404,0.0936999619,-0.05885749683,0.01008358411,1
0.08557355404,0.09567000717,-0.05457856879,0.00360353617,1
0.08557355404,0.09764004499,-0.05221225694,-0.005535752047,1
0.08557355404,0.09961008281,-0.04420313984,-0.009489823133,1
0.08557355404,0.1015801206,-0.03996571526,-0.009006734937,1
0.08557355404,0.1035501584,-0.03571882099,-0.007938407362,1
0.08557355404,0.1055201963,-0.03138698637,-0.004030080047,1
0.08557355404,0.1074902341,-0.02185691148,-0.003525591688,2
0.08557355404,0.1094602719,-0.01565658487,-0.0002782611409,1
0.08557355404,0.1114303172,-0.0124416817,-0.003503518179,1
0.08557355404,0.113400355,-0.00996539183,-0.002015086822,1
0.08557355404,0.1153703928,-0.01042792667,-0.001194962068,1
0.08557355404,0.1173404306,-0.01016962063,0.0009802469285,1
0.08754359186,0.04838907719,0.001110176207,0.006928886753,1
0.08754359186,0.050359115,-0.000237365748,0.008602648973,1
0.08754359186,0.05232915282,-0.005703541916,0.009758013301,1
0.08754359186,0.05429919064,-0.00926496461,0.007609897293,1
0.08754359186,0.05626922846,-0.01716491207,0.005876781419,1
0.08754359186,0.05823927,-0.02503655106,0.006687809713,1
0.08754359186,0.06020930782,-0.02781776525,0.002345512621,1
0.08754359186,0.06217934564,-0.02989038266,0.00256352732,1
0.08754359186,0.06414938718,-0.03109932318,0.006836310029,1
0.08754359186,0.066119425,-0.04109122604,0.007234811317,1
0.08754359186,0.06808946282,-0.0556256175,-0.00435635075,1
0.08754359186,0.07005950063,-0.06308620423,-0.0008465452702,1
0.08754359186,0.07202953845,-0.06997422874,0.008185151964,1
0.08754359186,0.07399957627,-0.07501593977,0.003897835966,1
0.08754359186,0.07596961409,-0.07619393617,-0.00182148267,1
0.08754359186,0.07793965936,-0.07471992821,-0.002199945971,1
0.08754359186,0.07990969718,-0.07074392587,-0.0009864500025,1
0.08754359186,0.08187973499,-0.06775638461,-0.003721501445,1
0.08754359186,0.08384977281,-0.06478257477,-0.00297914166,1
0.08754359186,0.08581981063,-0.06631214917,0.006805937737,1
0.08754359186,0.08778984845,-0.06446305662,0.00928869471,1
0.08754359186,0.08975988626,-0.06496818364,0.008529326878,1
0.08754359186,0.09172992408,-0.06303992122,0.008614351973,1
0.08754359186,0.0936999619,-0.05203246698,0.002824162832,1
0.08754359186,0.09567000717,-0.04798094928,-0.002221842762,1
0.08754359186,0.09764004499,-0.04731949419,-0.006737824064,1
0.08754359186,0.09961008281,-0.0422395207,-0.007974133827,1
0.08754359186,0.1015801206,-0.04024265707,-0.01350391284,1
0.08754359186,0.1035501584,-0.03769353405,-0.0154634947,1
0.08754359186,0.1055201963,-0.03469243273,-0.01062794775,1
0.08754359186,0.1074902341,-0.02094104141,-0.009920466691,1
0.08754359186,0.1094602719,-0.01911338605,-0.01237872243,1
0.08754359186,0.1114303172,-0.01295877434,-0.00525971083,1
0.08754359186,0.113400355,-0.01173031703,-0.003643702948,1
0.08754359186,0.1153703928,-0.01581810415,-0.004021092784,1
0.08754359186,0.1173404306,-0.0163686797,-0.003484255401,1
0.08951362967,0.04838907719,-0.006696241442,0.005864939187,1
0.08951362967,0.050359115,-0.001888945349,0.007770638447,1
0.08951362967,0.05232915282,-0.003991091624,0.01163857896,1
0.08951362967,0.05429919064,-0.009784727357,0.005303137936,2
0.08951362967,0.05626922846,-0.0208265353,-0.0002647840593,1
0.08951362967,0.05823927,-0.0187662188,0.01192218531,1
0.08951362967,0.06020930782,-0.02528226934,0.004050350282,1
0.08951362967,0.06217934564,-0.02644474246,0.004126830027,1
0.08951362967,0.06414938718,-0.02952860668,0.006244609132,1
0.08951362967,0.066119425,-0.03683676571,0.002460629446,1
0.08951362967,0.06808946282,-0.05232921988,-0.001225373475,1
0.08951362967,0.07005950063,-0.07230466604,-0.001285917941,1
0.08951362967,0.07202953845,-0.07049522549,0.001466130605,1
0.08951362967,0.07399957627,-0.07115729153,0.0007752284873,1
0.08951362967,0.07596961409,-0.07348965853,-0.001983363414,1
0.08951362967,0.07793965936,-0.07218854874,-0.002439165721,1
0.08951362967,0.07990969718,-0.06733740121,-0.001964510884,1
0.08951362967,0.08187973499,-0.06723189354,-0.00288873422,1
0.08951362967,0.08384977281,-0.06471994519,-0.001956005581,1
0.08951362967,0.08581981063,-0.06611733884,0.006754335947,1
0.08951362967,0.08778984845,-0.06213694066,0.00623019645,1
0.08951362967,0.08975988626,-0.05878861248,0.002791944658,1
0.08951362967,0.09172992408,-0.05941283703,0.004667289089,1
0.08951362967,0.0936999619,-0.04953287542,-0.000516978791,1
0.08951362967,0.09567000717,-0.04639451951,-0.00174161687,1
0.08951362967,0.09764004499,-0.0478880927,0.002215724904,1
0.08951362967,0.09961008281,-0.04397630692,-0.002791387495,1
0.08951362967,0.1015801206,-0.0407403782,-0.01188065391,1
0.08951362967,0.1035501584,-0.03839246184,-0.01532141119,1
0.08951362967,0.1055201963,-0.03538724408,-0.01633813605,1
0.08951362967,0.1074902341,-0.02824749611,-0.01393033005,1
0.08951362967,0.1094602719,-0.01569605619,-0.01399777085,1
0.08951362967,0.1114303172,-0.01991187036,-0.005741653964,1
0.08951362967,0.113400355,-0.02098045498,-0.002014983445,1
0.08951362967,0.1153703928,-0.020201331,-0.003914467059,1
0.08951362967,0.1173404306,-0.01008694712,-0.007221290842,1
0.09148367494,0.04838907719,-0.005569830537,0.007638014853,1
0.09148367494,0.050359115,0.0003312795016,0.005213479977,1
0.09148367494,0.05232915282,-0.001395951374,0.003783006221,1
0.09148367494,0.05429919064,-0.005056318827,0.002228860511,1
0.09148367494,0.05626922846,-0.01752133667,0.004148110747,1
0.09148367494,0.05823927,-0.02274495177,0.004761432763,1
0.09148367494,0.06020930782,-0.01962012239,0.003493080148,1
0.09148367494,0.06217934564,-0.02635445073,0.009099474177,1
0.09148367494,0.06414938718,-0.02951431833,0.007833448239,1
0.09148367494,0.066119425,-0.03550584242,0.002279594541,1
0.09148367494,0.06808946282,-0.04693495482,0.0001011355853,1
0.09148367494,0.07005950063,-0.07347616553,0.001970431535,1
0.09148367494,0.07202953845,-0.06547187269,-0.0006291850004,1
0.09148367494,0.07399957627,-0.06754477322,-0.002884864341,1
0.09148367494,0.07596961409,-0.06902165711,-0.004484921694,1
0.09148367494,0.07793965936,-0.07027861476,-0.005721133202,1
0.09148367494,0.07990969718,-0.06630003452,-0.005696994718,1
0.09148367494,0.08187973499,-0.06693031639,-0.001479444094,1
0.09148367494,0.08384977281,-0.06361814588,0.000522698334,1
0.09148367494,0.08581981063,-0.06284108758,0.001964469906,2
0.09148367494,0.08778984845,-0.06004686654,0.0007156766951,1
0.09148367494,0.08975988626,-0.0596482344,0.002585312119,1
0.09148367494,0.09172992408,-0.05823607743,0.006539214402,1
0.09148367494,0.0936999619,-0.05699843541,0.01061000396,1
0.09148367494,0.09567000717,-0.05206791312,0.007914697751,1
0.09148367494,0.09764004499,-0.04676488787,0.001342726289,1
0.09148367494,0.09961008281,-0.04218451306,-0.004684159067,1
0.09148367494,0.1015801206,-0.03732523322,-0.01222223602,1
0.09148367494,0.1035501584,-0.03541877866,-0.01492658351,1
0.09148367494,0.1055201963,-0.03592220321,-0.01902977936,1
0.09148367494,0.1074902341,-0.03126742691,-0.01357146353,1
0.09148367494,0.1094602719,-0.01428000908,-0.008906134404,1
0.09148367494,0.1114303172,-0.02416414395,-0.003855320159,1
0.09148367494,0.113400355,-0.02436597459,0.003858081531,1
0.09148367494,0.1153703928,-0.02284338139,0.001109779696,1
0.09148367494,0.1173404306,-0.005993588362,-0.005634543486,1
0.09345371276,0.04838907719,-0.006068864372,0.008129264228,1
0.09345371276,0.050359115,-0.007860806771,0.003896746086,1
0.09345371276,0.05232915282,0.0003973274434,-0.0008438362274,1
0.09345371276,0.05429919064,-0.004481601529,0.000465553836,1
0.09345371276,0.05626922846,-0.01431259327,0.006058330182,1
0.09345371276,0.05823927,-0.0216921512,0.007736543659,1
0.09345371276,0.06020930782,-0.02852550149,0.0119037386,1
0.09345371276,0.06217934564,-0.0295414906,0.01245865691,1
0.09345371276,0.06414938718,-0.0301387459,0.01028209459,1
0.09345371276,0.066119425,-0.03637108952,0.006504542194,1
0.09345371276,0.06808946282,-0.04825005308,0.005667910911,1
0.09345371276,0.07005950063,-0.06679724157,0.007190356497,1
0.09345371276,0.07202953845,-0.06836724281,0.003026747843,1
0.09345371276,0.07399957627,-0.06891255826,-0.005319807213,1
0.09345371276,0.07596961409,-0.07311806828,-0.01257542148,1
0.09345371276,0.07793965936,-0.06643719971,-0.007537510246,1
0.09345371276,0.07990969718,-0.0646821484,-0.006638347171,1
0.09345371276,0.08187973499,-0.06514813006,-0.00472038053,1
0.09345371276,0.08384977281,-0.0665653795,-0.003750725649,1
0.09345371276,0.08581981063,-0.06158198789,-0.0001348317019,1
0.09345371276,0.08778984845,-0.05972709134,0.002642462961,1
0.09345371276,0.08975988626,-0.06169685349,0.004354947712,1
0.09345371276,0.09172992408,-0.06051552296,0.002004799666,1
0.09345371276,0.0936999619,-0.05773993582,0.002085314598,1
0.09345371276,0.09567000717,-0.05131101236,0.0002096347889,1
0.09345371276,0.09764004499,-0.0420182012,-0.006060877815,1
0.09345371276,0.09961008281,-0.03315603361,-0.01674840972,1
0.09345371276,0.1015801206,-0.02946420573,-0.01980495825,1
0.09345371276,0.1035501584,-0.02534884028,-0.004094952717,1
0.09345371276,0.1055201963,-0.03743516281,-0.01218705252,1
0.09345371276,0.1074902341,-0.03217949346,-0.007387388498,1
0.09345371276,0.1094602719,-0.02439868264,0.002401856473,1
0.09345371276,0.1114303172,-0.01871516556,0.005833364557,1
0.09345371276,0.113400355,-0.01597676985,0.005754859187,1
0.09345371276,0.1153703928,-0.01621283591,0.00711393496,1
0.09345371276,0.1173404306,-0.008131045848,0.001535550691,1
0.09542375058,0.04838907719,-0.001750279567,0.003855305957,1
0.09542375058,0.050359115,-0.006399063859,0.001899881987,1
0.09542375058,0.05232915282,0.001199340099,-0.002623737091,1
0.09542375058,0.05429919064,-0.00363737857,0.00131797872,1
0.09542375058,0.05626922846,-0.01115998812,0.005693179555,1
0.09542375058,0.05823927,-0.02076285891,0.01159680262,1
0.09542375058,0.06020930782,-0.03092272393,0.01386115793,1
0.09542375058,0.06217934564,-0.03414012492,0.013843772,1
0.09542375058,0.06414938718,-0.03915415704,0.01202679984,1
0.09542375058,0.066119425,-0.04119855911,0.01283056103,1
0.09542375058,0.06808946282,-0.05386014283,0.008273209445,1
0.09542375058,0.07005950063,-0.06589283794,0.005849282257,1
0.09542375058,0.07202953845,-0.07050618529,0.006217039656,1
0.09542375058,0.07399957627,-0.07128866017,-0.006155936979,1
0.09542375058,0.07596961409,-0.07445064932,-0.01191697363,1
0.09542375058,0.07793965936,-0.06679854542,-0.007899850607,1
0.09542375058,0.07990969718,-0.06433378905,-0.007792504039,1
0.09542375058,0.08187973499,-0.06345946342,-0.005630600266,1
0.09542375058,0.08384977281,-0.06437444687,-0.004609304015,1
0.09542375058,0.08581981063,-0.06282137334,0.0009569345275,1
0.09542375058,0.08778984845,-0.06339915842,0.00544062769,1
0.09542375058,0.08975988626,-0.06789243221,0.007079928648,1
0.09542375058,0.09172992408,-0.06274686754,0.00292208069,1
0.09542375058,0.0936999619,-0.05613258854,-0.006009764969,1
0.09542375058,0.09567000717,-0.04663748667,-0.01158398297,1
0.09542375058,0.09764004499,-0.03571227565,-0.01428533345,1
0.09542375058,0.09961008281,-0.03793558106,-0.02023587376,1
0.09542375058,0.1015801206,-0.0340324603,-0.02019470371,1
0.09542375058,0.1035501584,-0.0216938071,-0.009078852832,1
0.09542375058,0.1055201963,-0.03417639062,-0.01021381281,1
0.09542375058,0.1074902341,-0.02836441994,-0.008683955297,1
0.09542375058,0.1094602719,-0.02004699036,-0.004528096877,1
0.09542375058,0.1114303172,-0.0168854557,0.001744299429,1
0.09542375058,0.113400355,-0.01514811162,0.004588516429,1
0.09542375058,0.1153703928,-0.0137364557,0.005685619544,1
0.09542375058,0.1173404306,-0.005294907838,0.004701515194,1
0.0973937884,0.04838907719,-0.006351248361,0.006897529587,1
0.0973937884,0.050359115,-0.001848948305,0.0008166046464,1
0.0973937884,0.05232915282,-0.002063869266,-5.368506754e-05,1
0.0973937884,0.05429919064,-0.002866048831,0.004473488778,1
0.0973937884,0.05626922846,-0.0142983878,0.003373433836,1
0.0973937884,0.05823927,-0.02802030556,0.007896853611,1
0.0973937884,0.06020930782,-0.0340045765,0.0105371736,1
0.0973937884,0.06217934564,-0.03249098361,0.009168215096,1
0.0973937884,0.06414938718,-0.03371547535,0.009859934449,1
0.0973937884,0.066119425,-0.03937742487,0.009381736629,1
0.0973937884,0.06808946282,-0.05215326324,0.006200107746,1
0.0973937884,0.07005950063,-0.06594792008,0.001598240226,1
0.0973937884,0.07202953845,-0.06039629504,0.001373505336,1
0.0973937884,0.07399957627,-0.06405817717,0.003696824657,1
0.0973937884,0.07596961409,-0.07726948708,0.0005956988316,1
0.0973937884,0.07793965936,-0.07342954725,-0.003760095453,1
0.0973937884,0.07990969718,-0.06766350567,-0.00755557511,1
0.0973937884,0.08187973499,-0.06222891435,-0.001027579419,1
0.0973937884,0.08384977281,-0.06531409174,-0.00106236327,2
0.0973937884,0.08581981063,-0.06841219962,0.002751247026,1
0.0973937884,0.08778984845,-0.06504515558,0.004299696069,2
0.0973937884,0.08975988626,-0.06488206238,0.006460559554,1
0.0973937884,0.09172992408,-0.06031186879,0.00280879857,1
0.0973937884,0.0936999619,-0.05447829515,-0.008934649639,1
0.0973937884,0.09567000717,-0.04570034519,-0.01579160243,1
0.0973937884,0.09764004499,-0.03643855825,-0.01896325871,1
0.0973937884,0.09961008281,-0.03921317682,-0.02226828039,1
0.0973937884,0.1015801206,-0.04007073864,-0.017079046,1
0.0973937884,0.1035501584,-0.03317019716,-0.01994307898,1
0.0973937884,0.1055201963,-0.02759663388,-0.01741285995,1
0.0973937884,0.1074902341,-0.02481058612,-0.01311023533,1
0.0973937884,0.1094602719,-0.01652125083,-0.01139088441,1
0.0973937884,0.1114303172,-0.01275047846,-0.006550560705,1
0.0973937884,0.113400355,-0.01261803601,-0.0005345385871,1
0.0973937884,0.1153703928,-0.01279060356,0.002290473087,1
0.0973937884,0.1173404306,-0.00890300516,-0.000892916054,1
0.09936382622,0.04838907719,0.006260899827,0.00784408208,1
0.09936382622,0.050359115,-0.00386358262,0.01037597377,1
0.09936382622,0.05232915282,-0.005455477163,0.01226133946,1
0.09936382622,0.05429919064,-0.006758697797,0.01183173526,1
0.09936382622,0.05626922846,-0.01485625468,0.0102662202,1
0.09936382622,0.05823927,-0.02694131993,0.01169700641,1
0.09936382622,0.06020930782,-0.03130997345,0.01367088966,1
0.09936382622,0.06217934564,-0.02973053977,0.01087696943,1
0.09936382622,0.06414938718,-0.032736402,0.00943043828,1
0.09936382622,0.066119425,-0.03880717978,0.008641139604,1
0.09936382622,0.06808946282,-0.05085053295,0.007074385416,1
0.09936382622,0.07005950063,-0.06235983223,0.003573943395,1
0.09936382622,0.07202953845,-0.06832422316,0.003244912485,1
0.09936382622,0.07399957627,-0.07233212888,0.004219943192,1
0.09936382622,0.07596961409,-0.0742412284,0.002370408503,1
0.09936382622,0.07793965936,-0.07289779186,-0.001306107384,1
0.09936382622,0.07990969718,-0.06844689697,-0.005801778287,1
0.09936382622,0.08187973499,-0.06483672559,-0.0006439434364,1
0.09936382622,0.08384977281,-0.06624078751,-0.001363816555,2
0.09936382622,0.08581981063,-0.06793813407,0.001010621781,1
0.09936382622,0.08778984845,-0.06348718703,0.002546350006,2
0.09936382622,0.08975988626,-0.06152310595,0.002941187704,1
0.09936382622,0.09172992408,-0.05639948696,-0.002158683259,1
0.09936382622,0.0936999619,-0.04887009412,-0.008808240294,1
0.09936382622,0.09567000717,-0.04541423172,-0.0147981951,1
0.09936382622,0.09764004499,-0.04411474988,-0.01494083833,1
0.09936382622,0.09961008281,-0.0435439311,-0.01226965431,1
0.09936382622,0.1015801206,-0.04116211087,-0.01206918526,1
0.09936382622,0.1035501584,-0.03380841762,-0.01537341159,1
0.09936382622,0.1055201963,-0.02595639043,-0.01558987331,1
0.09936382622,0.1074902341,-0.02727516182,-0.005864739884,1
0.09936382622,0.1094602719,-0.02057414316,-0.007975885645,1
0.09936382622,0.1114303172,-0.01291779242,-0.007155285683,1
0.09936382622,0.113400355,-0.008202249184,-0.003578077536,1
0.09936382622,0.1153703928,-0.005318516865,-0.0002808515274,1
0.09936382622,0.1173404306,-0.005547718145,-0.003125967924,1
0.101333864,0.04838907719,-0.001401834073,0.006973949261,1
0.101333864,0.050359115,-0.004802774172,0.01176815946,1
0.101333864,0.05232915282,-0.005446140654,0.01398351882,1
0.101333864,0.05429919064,-0.00852771569,0.01413606945,1
0.101333864,0.05626922846,-0.01315811649,0.01473578252,1
0.101333864,0.05823927,-0.02047810517,0.01561749075,1
0.101333864,0.06020930782,-0.02566085197,0.01713943854,1
0.101333864,0.06217934564,-0.02734929323,0.01553856302,1
0.101333864,0.06414938718,-0.03239656985,0.01138174348,1
0.101333864,0.066119425,-0.0489157699,0.007852920331,1
0.101333864,0.06808946282,-0.05602171272,0.005056028254,1
0.101333864,0.07005950063,-0.06161627918,0.002664250322,1
0.101333864,0.07202953845,-0.06928844005,0.004158555996,1
0.101333864,0.07399957627,-0.0722618103,0.003425586503,1
0.101333864,0.07596961409,-0.07383029163,0.001371254097,1
0.101333864,0.07793965936,-0.07004271448,-0.002721396042,1
0.101333864,0.07990969718,-0.06473068893,-0.007895216346,1
0.101333864,0.08187973499,-0.06844386458,-0.009820985608,1
0.101333864,0.08384977281,-0.06687418371,-0.004759581294,1
0.101333864,0.08581981063,-0.06114855036,0.00648207264,1
0.101333864,0.08778984845,-0.0594423674,0.001933894004,2
0.101333864,0.08975988626,-0.05632530153,-0.003665357595,1
0.101333864,0.09172992408,-0.04631787166,-0.006626343355,1
0.101333864,0.0936999619,-0.03536807001,-0.007490599994,1
0.101333864,0.09567000717,-0.04533391073,-0.01105158217,1
0.101333864,0.09764004499,-0.04661637172,-0.01017308328,1
0.101333864,0.09961008281,-0.04591497034,-0.003527011257,1
0.101333864,0.1015801206,-0.04090566188,-0.0034028152,1
0.101333864,0.1035501584,-0.03372924775,-0.007786510978,1
0.101333864,0.1055201963,-0.02983565442,-0.008690712042,1
0.101333864,0.1074902341,-0.02932255901,-0.004582152702,1
0.101333864,0.1094602719,-0.02443609387,-0.007687226404,1
0.101333864,0.1114303172,-0.01691212878,-0.007014563307,1
0.101333864,0.113400355,-0.01253360417,-0.00326380739,1
0.101333864,0.1153703928,-0.008594504558,0.0008240338648,1
0.101333864,0.1173404306,-0.005250296555,-0.003245554399,1
0.1033039019,0.04838907719,-0.001304347301,0.0113508692,1
0.1033039019,0.050359115,-0.00584839331,0.008875110187,1
0.1033039019,0.05232915282,-0.007139549125,0.009421852417,1
0.1033039019,0.05429919064,-0.009621009231,0.01077684667,1
0.1033039019,0.05626922846,-0.01099400409,0.01231876574,1
0.1033039019,0.05823927,-0.01454916503,0.01242254861,1
0.1033039019,0.06020930782,-0.02140603587,0.0126245888,1
0.1033039019,0.06217934564,-0.02751552314,0.01228564885,1
0.1033039019,0.06414938718,-0.03640215099,0.005460710265,1
0.1033039019,0.066119425,-0.05048914254,0.00443625031,1
0.1033039019,0.06808946282,-0.06658973545,0.002895752201,1
0.1033039019,0.07005950063,-0.07257051021,0.0007801445317,1
0.1033039019,0.07202953845,-0.06475246698,-0.003103626426,1
0.1033039019,0.07399957627,-0.06436611712,-0.003477866296,1
0.1033039019,0.07596961409,-0.06658319384,-0.0003234501928,1
0.1033039019,0.07793965936,-0.06352297217,-0.006994435098,1
0.1033039019,0.07990969718,-0.06261175871,-0.01417597197,1
0.1033039019,0.08187973499,-0.06612078846,-0.01413176488,1
0.1033039019,0.08384977281,-0.06695137173,-0.005401915405,1
0.1033039019,0.08581981063,-0.05781548098,0.001380253583,1
0.1033039019,0.08778984845,-0.05680843443,0.002372510964,1
0.1033039019,0.08975988626,-0.05805393308,-0.002327867784,1
0.1033039019,0.09172992408,-0.04893512651,-2.517446774e-05,1
0.1033039019,0.0936999619,-0.03981018811,-0.002006100491,1
0.1033039019,0.09567000717,-0.03874004632,-0.007777015213,1
0.1033039019,0.09764004499,-0.04493712261,-0.01107414532,1
0.1033039019,0.09961008281,-0.04512624815,-0.008509775624,1
0.1033039019,0.1015801206,-0.0403620638,-0.003559736768,1
0.1033039019,0.1035501584,-0.03592405468,-0.003574008588,1
0.1033039019,0.1055201963,-0.03175733238,-0.003851543181,1
0.1033039019,0.1074902341,-0.0292393174,-0.005490202922,1
0.1033039019,0.1094602719,-0.02251558937,-0.006696657743,1
0.1033039019,0.1114303172,-0.02057824843,-0.005340034142,1
0.1033039019,0.113400355,-0.01632088795,-0.002308976371,1
0.1033039019,0.1153703928,-0.01100978907,0.001014276524,1
0.1033039019,0.1173404306,-0.005010108463,0.0006668788847,1
0.1052739397,0.04838907719,0.0003783993016,0.007372170687,1
0.1052739397,0.050359115,-0.006147450302,0.006168823224,1
0.1052739397,0.05232915282,-0.008545004763,0.006453541107,1
0.1052739397,0.05429919064,-0.009111970663,0.00795929227,1
0.1052739397,0.05626922846,-0.01098666061,0.009492170997,1
0.1052739397,0.05823927,-0.01436485164,0.009826565161,1
0.1052739397,0.06020930782,-0.01974532939,0.01034665387,1
0.1052739397,0.06217934564,-0.02711422928,0.009451683611,1
0.1052739397,0.06414938718,-0.03652193397,0.003327563638,1
0.1052739397,0.066119425,-0.04999913275,0.002384163439,1
0.1052739397,0.06808946282,-0.06259355694,0.00355094322,1
0.1052739397,0.07005950063,-0.06588902324,0.007166435476,1
0.1052739397,0.07202953845,-0.06424339861,-0.001411642763,1
0.1052739397,0.07399957627,-0.06540350616,-0.008022061549,1
0.1052739397,0.07596961409,-0.06941907108,-0.006820492912,1
0.1052739397,0.07793965936,-0.06262787431,-0.01167371217,1
0.1052739397,0.07990969718,-0.05678743124,-0.01689951867,1
0.1052739397,0.08187973499,-0.0601243414,-0.01525514852,1
0.1052739397,0.08384977281,-0.0582193248,-0.002402239246,1
0.1052739397,0.08581981063,-0.06813751906,-0.00219955761,1
0.1052739397,0.08778984845,-0.06719806045,-0.003422294045,1
0.1052739397,0.08975988626,-0.05948228762,-0.001997036394,1
0.1052739397,0.09172992408,-0.05288962647,0.001742699882,1
0.1052739397,0.0936999619,-0.04345207289,-0.001695176936,1
0.1052739397,0.09567000717,-0.0404746756,-0.006789153442,1
0.1052739397,0.09764004499,-0.049851574,-0.00977868773,1
0.1052739397,0.09961008281,-0.05279260501,-0.01198337786,1
0.1052739397,0.1015801206,-0.04149124771,-0.008412338793,1
0.1052739397,0.1035501584,-0.03632806614,-0.005513405893,1
0.1052739397,0.1055201963,-0.03441587463,-0.001862114877,1
0.1052739397,0.1074902341,-0.03323601186,-0.002494674642,1
0.1052739397,0.1094602719,-0.02874290198,-0.002256693784,1
0.1052739397,0.1114303172,-0.01695574075,-0.003609195119,1
0.1052739397,0.113400355,-0.01194480155,-0.003419684013,1
0.1052739397,0.1153703928,-0.01173870359,0.003272127826,1
0.1052739397,0.1173404306,-0.008017529733,0.001005219063,1
0.1072439849,0.04838907719,-0.001949174097,0.003826073371,1
0.1072439849,0.050359115,-0.004798612092,0.005610115826,1
0.1072439849,0.05232915282,-0.006681246683,0.005842459854,1
0.1072439849,0.05429919064,-0.006534740329,0.005156942643,1
0.1072439849,0.05626922846,-0.01174716,0.006139592733,1
0.1072439849,0.05823927,-0.01484966185,0.005239024758,1
0.1072439849,0.06020930782,-0.01945270412,0.008462053724,1
0.1072439849,0.06217934564,-0.02754212916,0.008868346922,1
0.1072439849,0.06414938718,-0.03560071066,-0.008351355791,1
0.1072439849,0.066119425,-0.05126724765,-0.007732763886,1
0.1072439849,0.06808946282,-0.06026661396,-0.002689902438,1
0.1072439849,0.07005950063,-0.06160034984,0.002657589503,1
0.1072439849,0.07202953845,-0.06615450233,0.005617965944,1
0.1072439849,0.07399957627,-0.07057537138,0.0002803125244,1
0.1072439849,0.07596961409,-0.07009037584,-0.007548515219,1
0.1072439849,0.07793965936,-0.0636171028,-0.009526835755,1
0.1072439849,0.07990969718,-0.05574785173,-0.007319360971,1
0.1072439849,0.08187973499,-0.05894869566,-0.003905413207,1
0.1072439849,0.08384977281,-0.05796329305,0.0005646987702,1
0.1072439849,0.08581981063,-0.06485655904,8.936091763e-05,1
0.1072439849,0.08778984845,-0.06186753511,-0.003802059218,1
0.1072439849,0.08975988626,-0.05612681806,-0.006411603652,1
0.1072439849,0.09172992408,-0.0504741855,-0.002170215594,1
0.1072439849,0.0936999619,-0.04414556548,-0.008082011715,1
0.1072439849,0.09567000717,-0.04376278445,-0.005583003163,1
0.1072439849,0.09764004499,-0.05750293285,-0.003813885385,1
0.1072439849,0.09961008281,-0.04895675927,-0.01025631838,2
0.1072439849,0.1015801206,-0.03676090389,-0.01307872031,1
0.1072439849,0.1035501584,-0.03206824139,-0.005482485984,1
0.1072439849,0.1055201963,-0.03138741106,-0.001332312473,1
0.1072439849,0.1074902341,-0.03368449211,-0.002432001522,1
0.1072439849,0.1094602719,-0.02973654307,-0.002194464905,1
0.1072439849,0.1114303172,-0.0181826409,-0.00268795481,1
0.1072439849,0.113400355,-0.01166622899,-0.003500640159,1
0.1072439849,0.1153703928,-0.01410605013,0.0005825555418,1
0.1072439849,0.1173404306,-0.007179263048,-0.0004916116595,1
0.1092140228,0.04838907719,-0.001623272896,0.007230065297,1
0.1092140228,0.050359115,-0.004496343434,0.00774360681,1
0.1092140228,0.05232915282,-0.006274715532,0.006146909669,1
0.1092140228,0.05429919064,-0.007989003323,0.00401846692,1
0.1092140228,0.05626922846,-0.01249575429,0.003004721832,1
0.1092140228,0.05823927,-0.01497087069,0.002090536524,1
0.1092140228,0.06020930782,-0.02093888447,0.003083761316,1
0.1092140228,0.06217934564,-0.02881137282,0.001851511071,1
0.1092140228,0.06414938718,-0.03361236677,-0.009222356603,1
0.1092140228,0.066119425,-0.05109735951,-0.01129930373,1
0.1092140228,0.06808946282,-0.05942159519,-0.008759403601,1
0.1092140228,0.07005950063,-0.05956446007,-0.003566587344,1
0.1092140228,0.07202953845,-0.06614691019,0.003312904621,1
0.1092140228,0.07399957627,-0.07129469514,0.003442630637,1
0.1092140228,0.07596961409,-0.071165815,-0.003449524287,1
0.1092140228,0.07793965936,-0.06557164341,-0.003689906327,1
0.1092140228,0.07990969718,-0.06093284115,-0.006944645662,1
0.1092140228,0.08187973499,-0.06035261229,-0.005962012336,1
0.1092140228,0.08384977281,-0.06021598354,0.002484082943,1
0.1092140228,0.08581981063,-0.05777278543,1.157496627e-05,1
0.1092140228,0.08778984845,-0.0569598861,-0.003330406034,1
0.1092140228,0.08975988626,-0.05578817055,-0.005093546119,1
0.1092140228,0.09172992408,-0.05096404627,-0.005244294647,1
0.1092140228,0.0936999619,-0.04261802137,-0.0100279795,1
0.1092140228,0.09567000717,-0.04576107487,-0.009560981765,1
0.1092140228,0.09764004499,-0.05040358007,-0.005638548173,1
0.1092140228,0.09961008281,-0.04877060279,-0.01214928832,1
0.1092140228,0.1015801206,-0.04004793242,-0.0092763789,1
0.1092140228,0.1035501584,-0.0320572108,-0.004745746963,1
0.1092140228,0.1055201963,-0.02791554853,-0.003417160595,1
0.1092140228,0.1074902341,-0.02968888171,-0.003447254421,1
0.1092140228,0.1094602719,-0.02465209179,-0.002903547604,1
0.1092140228,0.1114303172,-0.01577777416,-0.002125850413,1
0.1092140228,0.113400355,-0.0124969352,-0.00425716769,1
0.1092140228,0.1153703928,-0.0110458592,-0.00432271231,1
0.1092140228,0.1173404306,-0.006839051377,-0.001222153893,1
0.1111840606,0.04838907719,0.001419267734,0.009730251506,1
0.1111840606,0.050359115,-0.00369246956,0.007779427338,1
0.1111840606,0.05232915282,-0.004996024538,0.003968908917,1
0.1111840606,0.05429919064,-0.00671659736,0.002149969572,1
0.1111840606,0.05626922846,-0.009594956413,0.0003121777554,1
0.1111840606,0.05823927,-0.01434867643,-0.002034635283,1
0.1111840606,0.06020930782,-0.02120037936,-0.003780189669,1
0.1111840606,0.06217934564,-0.03185753152,-0.003970123362,1
0.1111840606,0.06414938718,-0.04539791122,-0.009782372043,2
0.1111840606,0.066119425,-0.05709529296,-0.01410450321,1
0.1111840606,0.06808946282,-0.05711909011,-0.005389213562,2
0.1111840606,0.07005950063,-0.06275167316,0.004924647044,1
0.1111840606,0.07202953845,-0.0669022277,0.007189795375,1
0.1111840606,0.07399957627,-0.07040888071,0.0003033316752,1
0.1111840606,0.07596961409,-0.072518453,-0.001505806926,1
0.1111840606,0.07793965936,-0.06232389808,-0.002538063331,1
0.1111840606,0.07990969718,-0.05890643597,-0.009621482342,1
0.1111840606,0.08187973499,-0.05839042366,-0.008621624671,1
0.1111840606,0.08384977281,-0.05792439356,0.00178934657,1
0.1111840606,0.08581981063,-0.05536776036,0.003077672096,1
0.1111840606,0.08778984845,-0.05238808319,-0.001623564516,1
0.1111840606,0.08975988626,-0.05249237642,0.004091257229,1
0.1111840606,0.09172992408,-0.04807897657,0.002933219541,1
0.1111840606,0.0936999619,-0.04501121864,-0.002624079352,1
0.1111840606,0.09567000717,-0.04125006497,-0.01014354266,1
0.1111840606,0.09764004499,-0.04482923821,-0.009079880081,1
0.1111840606,0.09961008281,-0.05001264811,0.0003337985545,1
0.1111840606,0.1015801206,-0.04854534194,-0.0005822883686,1
0.1111840606,0.1035501584,-0.03481277823,-0.003039746312,1
0.1111840606,0.1055201963,-0.02446970716,-0.002911551157,1
0.1111840606,0.1074902341,-0.02232522517,-0.001738176332,1
0.1111840606,0.1094602719,-0.01870130934,-0.001694720588,1
0.1111840606,0.1114303172,-0.01242188085,5.671361578e-05,1
0.1111840606,0.113400355,-0.01121544,-0.001324848039,1
0.1111840606,0.1153703928,-0.01044638082,-0.001821184531,1
0.1111840606,0.1173404306,-0.008888363838,-0.001056302688,1
0.1131540984,0.04838907719,0.0006841848372,0.007550522685,1
0.1131540984,0.050359115,-0.004150681663,0.004185161553,1
0.1131540984,0.05232915282,-0.0024537188,0.002595759928,1
0.1131540984,0.05429919064,-0.005330191925,0.0004885583767,1
0.1131540984,0.05626922846,-0.007353162393,-0.0009153618012,1
0.1131540984,0.05823927,-0.01414911076,-0.003893949324,1
0.1131540984,0.06020930782,-0.02488002367,-0.009491935372,1
0.1131540984,0.06217934564,-0.0557993874,-0.01206028089,1
0.1131540984,0.06414938718,-0.05902646109,-0.0118325064,1
0.1131540984,0.066119425,-0.04979768023,-0.008865243755,1
0.1131540984,0.06808946282,-0.04920780286,-0.003617595416,1
0.1131540984,0.07005950063,-0.05413630232,0.006331255194,1
0.1131540984,0.07202953845,-0.06169426069,0.01301357523,1
0.1131540984,0.07399957627,-0.0620752126,0.01355795469,1
0.1131540984,0.07596961409,-0.06166861206,-0.0006840556161,1
0.1131540984,0.07793965936,-0.05425423011,-0.005418078508,1
0.1131540984,0.07990969718,-0.05128952488,-0.007238309365,1
0.1131540984,0.08187973499,-0.05576469377,-0.006430774927,1
0.1131540984,0.08384977281,-0.05469090864,-0.0005956427776,1
0.1131540984,0.08581981063,-0.05547880754,0.001534992363,1
0.1131540984,0.08778984845,-0.05760892108,0.001688487479,1
0.1131540984,0.08975988626,-0.05310998857,0.00463235192,1
0.1131540984,0.09172992408,-0.04451646283,0.006678757258,1
0.1131540984,0.0936999619,-0.04286273196,0.006041436456,1
0.1131540984,0.09567000717,-0.03031038865,-0.0005242805346,1
0.1131540984,0.09764004499,-0.03513455391,-0.003202223219,1
0.1131540984,0.09961008281,-0.04554197565,0.004093803931,1
0.1131540984,0.1015801206,-0.04154586419,0.005909421947,1
0.1131540984,0.1035501584,-0.02823131531,0.001615417656,1
0.1131540984,0.1055201963,-0.01802225038,0.0007674118388,1
0.1131540984,0.1074902341,-0.01402587444,-0.001527883927,1
0.1131540984,0.1094602719,-0.01078771148,-0.002953863936,1
0.1131540984,0.1114303172,-0.0103264302,-0.0005580782308,1
0.1131540984,0.113400355,-0.01059547253,0.0004519839422,1
0.1131540984,0.1153703928,-0.009570548311,-0.0006840677233,1
0.1131540984,0.1173404306,-0.005659663584,-0.003405078081,1
0.1151241362,0.04838907719,0.0008617373533,0.007041845005,1
0.1151241362,0.050359115,-0.002173473593,0.002125541214,1
0.1151241362,0.05232915282,-0.0032342372,0.0009838495171,1
0.1151241362,0.05429919064,-0.005373386201,-0.00123051554,1
0.1151241362,0.05626922846,-0.008306462318,-0.005384868477,1
0.1151241362,0.05823927,-0.02219525911,-0.007872878574,1
0.1151241362,0.06020930782,-0.04429718107,-0.01372663211,1
0.1151241362,0.06217934564,-0.05085621402,-0.01272487361,2
0.1151241362,0.06414938718,-0.05509604141,-0.01405022293,1
0.1151241362,0.066119425,-0.04761234671,-0.01284615882,1
0.1151241362,0.06808946282,-0.04292535037,-0.008136695251,1
0.1151241362,0.07005950063,-0.04700707272,-0.002943283413,1
0.1151241362,0.07202953845,-0.05250972882,0.007911012508,1
0.1151241362,0.07399957627,-0.05678620934,0.01331039611,1
0.1151241362,0.07596961409,-0.05834066868,-0.0007806339418,1
0.1151241362,0.07793965936,-0.05171272531,-0.001656376524,1
0.1151241362,0.07990969718,-0.04728351906,-0.002328706905,1
0.1151241362,0.08187973499,-0.0523304157,-0.002565473551,1
0.1151241362,0.08384977281,-0.0512169376,-0.002243106952,1
0.1151241362,0.08581981063,-0.05370872468,0.0001263504528,1
0.1151241362,0.08778984845,-0.05515459552,0.001427475479,1
0.1151241362,0.08975988626,-0.0529528372,7.529199502e-05,1
0.1151241362,0.09172992408,-0.05142866075,-0.0002105997846,1
0.1151241362,0.0936999619,-0.04039588198,0.008227577433,1
0.1151241362,0.09567000717,-0.03429782391,0.01145079546,1
0.1151241362,0.09764004499,-0.0353849344,0.006412918214,1
0.1151241362,0.09961008281,-0.03695011884,0.004015355837,1
0.1151241362,0.1015801206,-0.02908201888,0.005372208077,1
0.1151241362,0.1035501584,-0.01389323268,-0.0008528340259,1
0.1151241362,0.1055201963,-0.007249051705,-0.001382552669,1
0.1151241362,0.1074902341,-0.007445326075,-0.003588801017,1
0.1151241362,0.1094602719,-0.008412759751,-0.004305745941,1
0.1151241362,0.1114303172,-0.009635736234,-0.001134268241,1
0.1151241362,0.113400355,-0.009638011456,5.312119538e-05,1
0.1151241362,0.1153703928,-0.008443760686,-0.002556444611,1
0.1151241362,0.1173404306,-0.006488718092,-0.00275488547,2
0.117094174,0.04838907719,0.001890801359,0.009097778238,1
0.117094174,0.050359115,-0.0002562762529,0.002280493733,1
0.117094174,0.05232915282,-0.001858404721,-0.0008409455768,1
0.117094174,0.05429919064,-0.004076784477,-0.002815235872,1
0.117094174,0.05626922846,-0.009155341424,-0.01111716498,1
0.117094174,0.05823927,-0.02848939411,-0.01315923035,1
0.117094174,0.06020930782,-0.042635113,-0.0138462903,1
0.117094174,0.06217934564,-0.04823224619,-0.01106235944,1
0.117094174,0.06414938718,-0.04972693324,-0.01125072408,1
0.117094174,0.066119425,-0.04144046828,-0.01992410421,1
0.117094174,0.06808946282,-0.0406409204,-0.017822152,1
0.117094174,0.07005950063,-0.04514826834,-0.01142302249,1
0.117094174,0.07202953845,-0.04684112221,-0.007003422361,1
0.117094174,0.07399957627,-0.06160623953,0.0003694029583,1
0.117094174,0.07596961409,-0.06314644963,0.002423153026,1
0.117094174,0.07793965936,-0.04650538415,0.005361623131,1
0.117094174,0.07990969718,-0.04490581155,0.003051994368,1
0.117094174,0.08187973499,-0.04630398378,-0.001682174625,1
0.117094174,0.08384977281,-0.04566206411,-0.007707443088,1
0.117094174,0.08581981063,-0.0456845127,-0.00600633584,1
0.117094174,0.08778984845,-0.05175533518,-0.002719818382,1
0.117094174,0.08975988626,-0.05355535075,-0.00264335773,1
0.117094174,0.09172992408,-0.05006779358,0.002103480278,1
0.117094174,0.0936999619,-0.03716934845,0.007494437043,1
0.117094174,0.09567000717,-0.02977650613,0.0134081021,1
0.117094174,0.09764004499,-0.03279093653,0.009614156559,1
0.117094174,0.09961008281,-0.03393305838,0.003834248986,1
0.117094174,0.1015801206,-0.02023546398,0.0002336068719,1
0.117094174,0.1035501584,-0.006149438675,-0.003905690741,1
0.117094174,0.1055201963,-0.0007753234822,-0.00721840281,1
0.117094174,0.1074902341,-0.0042674914,-0.005591961555,1
0.117094174,0.1094602719,-0.007148934063,-0.006490980741,1
0.117094174,0.1114303172,-0.007837708108,-0.00153345766,1
0.117094174,0.113400355,-0.007249129936,-0.001208515838,1
0.117094174,0.1153703928,-0.006529273465,-0.001594052999,1
0.117094174,0.1173404306,-0.005362730473,-0.002303133486,2
0.1190642118,0.04838907719,0.004508860409,0.01113155112,1
0.1190642118,0.050359115,0.0007108367281,0.002580163535,1
0.1190642118,0.05232915282,0.002713772701,-0.002610761207,1
0.1190642118,0.05429919064,0.001375561114,-0.003568875371,1
0.1190642118,0.05626922846,-0.01528461184,0.001241929596,3
0.1190642118,0.05823927,-0.0377022028,-0.01756912284,1
0.1190642118,0.06020930782,-0.04270657524,-0.02027975582,1
0.1190642118,0.06217934564,-0.04969055951,-0.02187515609,1
0.1190642118,0.06414938718,-0.04211299494,-0.0147052221,1
0.1190642118,0.066119425,-0.03684588894,-0.02047598548,1
0.1190642118,0.06808946282,-0.03879652172,-0.01776375249,1
0.1190642118,0.07005950063,-0.04318242148,-0.0141498493,1
0.1190642118,0.07202953845,-0.04838127643,-0.009207637981,1
0.1190642118,0.07399957627,-0.05823652446,0.0002881944529,1
0.1190642118,0.07596961409,-0.05641739815,0.003108514706,1
0.1190642118,0.07793965936,-0.04490506649,0.006848715711,1
0.1190642118,0.07990969718,-0.04398915544,0.005517332815,1
0.1190642118,0.08187973499,-0.04004374892,-0.002866004594,1
0.1190642118,0.08384977281,-0.03737415746,-0.009067869745,1
0.1190642118,0.08581981063,-0.04054094106,-0.008949903771,2
0.1190642118,0.08778984845,-0.04049225524,-0.01072599646,1
0.1190642118,0.08975988626,-0.0482475087,-0.006681430619,1
0.1190642118,0.09172992408,-0.04692133516,-0.001406908617,1
0.1190642118,0.0936999619,-0.03461102396,0.003542265622,1
0.1190642118,0.09567000717,-0.02471559867,0.006154882256,1
0.1190642118,0.09764004499,-0.02681101114,0.002177814953,1
0.1190642118,0.09961008281,-0.02926330455,0.001807433902,1
0.1190642118,0.1015801206,-0.01934244297,-0.001750971307,1
0.1190642118,0.1035501584,-0.005899196956,-0.00679990463,1
0.1190642118,0.1055201963,-0.005242218263,-0.004960048012,1
0.1190642118,0.1074902341,-0.00800607726,-0.004988184199,1
0.1190642118,0.1094602719,-0.008974627592,-0.002141003963,1
0.1190642118,0.1114303172,-0.01022828929,0.0004849732795,1
0.1190642118,0.113400355,-0.007302020211,-0.00308851921,1
0.1190642118,0.1153703928,-0.004751875065,-0.002754946938,1
0.1190642118,0.1173404306,-0.003070199629,-0.002560462104,2
0.1210342497,0.04838907719,0.001118791988,0.004997112788,1
0.1210342497,0.050359115,0.001164430985,0.004327009898,1
0.1210342497,0.05232915282,0.0006487177452,0.002540790709,1
0.1210342497,0.05429919064,0.0008285444346,-0.001550519257,1
0.1210342497,0.05626922846,-0.01573179662,-0.004056569654,2
0.1210342497,0.05823927,-0.03730776161,-0.01650481671,1
0.1210342497,0.06020930782,-0.03911994398,-0.02341214009,1
0.1210342497,0.06217934564,-0.0412232466,-0.02230925113,1
0.1210342497,0.06414938718,-0.03718626872,-0.007654155605,1
0.1210342497,0.066119425,-0.0385954082,-0.006611570716,1
0.1210342497,0.06808946282,-0.03999019787,-0.01009797677,1
0.1210342497,0.07005950063,-0.04486426711,-0.006580173969,1
0.1210342497,0.07202953845,-0.05506141856,0.001644994481,1
0.1210342497,0.07399957627,-0.05030532181,0.003556651529,1
0.1210342497,0.07596961409,-0.04043840989,0.006843196228,1
0.1210342497,0.07793965936,-0.03604834899,0.001430907287,1
0.1210342497,0.07990969718,-0.03427479044,0.001743553323,1
0.1210342497,0.08187973499,-0.03583044559,-0.000713957299,1
0.1210342497,0.08384977281,-0.03944226354,-0.008397355676,1
0.1210342497,0.08581981063,-0.03861284629,-0.009999413043,2
0.1210342497,0.08778984845,-0.03934559599,-0.01351789664,1
0.1210342497,0.08975988626,-0.05957148597,-0.001946832286,1
0.1210342497,0.09172992408,-0.05534313619,-0.0006225185934,1
0.1210342497,0.0936999619,-0.03061381541,0.002545204945,1
0.1210342497,0.09567000717,-0.02007977106,0.001515517826,1
0.1210342497,0.09764004499,-0.0219205413,0.0006290547899,1
0.1210342497,0.09961008281,-0.02371189557,-0.0001488095731,1
0.1210342497,0.1015801206,-0.01289402135,-0.00357389194,1
0.1210342497,0.1035501584,-0.005849034525,-0.003940498922,1
0.1210342497,0.1055201963,-0.006522012874,-0.004114797805,1
0.1210342497,0.1074902341,-0.006148213986,-0.004292064812,1
0.1210342497,0.1094602719,-0.008993156254,-0.0006562257768,1
0.1210342497,0.1114303172,-0.01027671527,-0.0001084096002,1
0.1210342497,0.113400355,-0.006077048834,-0.002993863774,1
0.1210342497,0.1153703928,-0.003173646051,-0.0032550795,1
0.1210342497,0.1173404306,0.000904007291,-0.002623305423,1
0.1230042875,0.04838907719,0.001325254329,0.002669429407,2
0.1230042875,0.050359115,-0.0002012173936,0.0003359547409,1
0.1230042875,0.05232915282,-0.0004333189281,0.0068976935,1
0.1230042875,0.05429919064,0.000170637999,0.006289919373,1
0.1230042875,0.05626922846,-0.01116335671,0.0005871294416,2
0.1230042875,0.05823927,-0.02879516035,-0.01020249818,1
0.1230042875,0.06020930782,-0.02825782076,-0.01075622346,1
0.1230042875,0.06217934564,-0.03822210059,-0.01038319152,1
0.1230042875,0.06414938718,-0.03736545891,-0.002783498261,1
0.1230042875,0.066119425,-0.03938480094,-0.002264303155,1
0.1230042875,0.06808946282,-0.04294032604,-0.001896939124,1
0.1230042875,0.07005950063,-0.04902080819,0.0002250172984,1
0.1230042875,0.07202953845,-0.05267417058,-0.0006642345688,1
0.1230042875,0.07399957627,-0.04973180592,0.0005602132296,1
0.1230042875,0.07596961409,-0.04188653827,0.005844484549,1
0.1230042875,0.07793965936,-0.03203132376,0.002323213499,1
0.1230042875,0.07990969718,-0.02866023965,0.004758642521,1
0.1230042875,0.08187973499,-0.02841024473,0.006773881614,1
0.1230042875,0.08384977281,-0.03130147979,-0.004517217167,1
0.1230042875,0.08581981063,-0.0351225771,-0.009132497013,1
0.1230042875,0.08778984845,-0.04995684698,-0.002245644806,1
0.1230042875,0.08975988626,-0.06654109061,-0.004788826685,1
0.1230042875,0.09172992408,-0.05965335667,-0.006150780246,1
0.1230042875,0.0936999619,-0.03557512537,0.002617244842,1
0.1230042875,0.09567000717,-0.01813393645,0.00219001621,1
0.1230042875,0.09764004499,-0.01980512403,-0.0002519551781,1
0.1230042875,0.09961008281,-0.02223092131,-0.00338428095,1
0.1230042875,0.1015801206,-0.01297038421,-0.005872902926,1
0.1230042875,0.1035501584,-0.01220058184,-0.002560679102,1
0.1230042875,0.1055201963,-0.01022860408,-0.002892144956,1
0.1230042875,0.1074902341,-0.003235595301,-0.00623516785,1
0.1230042875,0.1094602719,-0.003238186473,-0.004435142502,1
0.1230042875,0.1114303172,-0.004349585623,-0.002875352046,1
0.1230042875,0.113400355,-0.005112324376,-0.0007528224378,1
0.1230042875,0.1153703928,-0.004185384139,-0.001252948074,1
0.1230042875,0.1173404306,-0.003989383113,-0.002225478645,1
0.1249743327,0.04838907719,0.003058187896,0.002675220137,2
0.1249743327,0.050359115,0.0009077630821,-0.0001716457627,1
0.1249743327,0.05232915282,0.0001061225048,0.00749706151,1
0.1249743327,0.05429919064,0.002022518311,0.01004104037,1
0.1249743327,0.05626922846,-0.0002971070353,0.01031766552,1
0.1249743327,0.05823927,-0.01517461427,0.002039382001,2
0.1249743327,0.06020930782,-0.02375378087,-0.004008752294,1
0.1249743327,0.06217934564,-0.039145533,-0.01302495971,1
0.1249743327,0.06414938718,-0.04044319689,-0.01395521499,1
0.1249743327,0.066119425,-0.03890043125,-0.007431275211,1
0.1249743327,0.06808946282,-0.03353371844,-0.0004255303356,1
0.1249743327,0.07005950063,-0.04180514067,0.007239391096,1
0.1249743327,0.07202953845,-0.04614216834,-0.004694301635,1
0.1249743327,0.07399957627,-0.04471702129,-0.002549003111,1
0.1249743327,0.07596961409,-0.04079928994,0.002196905203,1
0.1249743327,0.07793965936,-0.03358787671,0.004059951752,1
0.1249743327,0.07990969718,-0.02771335281,0.007258390542,1
0.1249743327,0.08187973499,-0.03030909225,0.002941215876,1
0.1249743327,0.08384977281,-0.03964299709,-0.00335091725,1
0.1249743327,0.08581981063,-0.05116767809,-0.002096777782,1
0.1249743327,0.08778984845,-0.06013650075,0.0009523552144,1
0.1249743327,0.08975988626,-0.06272340566,-0.00305040949,1
0.1249743327,0.09172992408,-0.0540667437,-0.006760070566,1
0.1249743327,0.0936999619,-0.03325836733,-0.0002722551289,1
0.1249743327,0.09567000717,-0.01672507077,-0.005752208643,1
0.1249743327,0.09764004499,-0.01660670154,-0.007697966881,1
0.1249743327,0.09961008281,-0.02180623263,-0.008567369543,1
0.1249743327,0.1015801206,-0.02277324535,-0.008409375325,1
0.1249743327,0.1035501584,-0.01548408438,-0.0044657127,1
0.1249743327,0.1055201963,-0.01152885798,-0.004341265652,1
0.1249743327,0.1074902341,-0.006010021549,-0.005069138948,1
0.1249743327,0.1094602719,-0.00342428335,-0.002762859687,1
0.1249743327,0.1114303172,-0.002610315802,-0.001551231835,1
0.1249743327,0.113400355,-0.003318052739,-0.001258555567,1
0.1249743327,0.1153703928,-0.004334453028,-0.001139390166,1
0.1249743327,0.1173404306,-0.004156360868,-0.0008805327816,1
0.1269443631,0.04838907719,0.006941546686,0.005527876783,1
0.1269443631,0.050359115,0.002508122241,0.004900289234,1
0.1269443631,0.05232915282,-0.0006542570773,0.004842335824,1
0.1269443631,0.05429919064,0.0005936358939,0.008375862613,1
0.1269443631,0.05626922846,-0.000807905395,0.01240528561,1
0.1269443631,0.05823927,-0.007852408104,0.01205111202,1
0.1269443631,0.06020930782,-0.02639985271,-0.002448996995,1
0.1269443631,0.06217934564,-0.0340706408,-0.01494512055,1
0.1269443631,0.06414938718,-0.04015193507,-0.01650662534,1
0.1269443631,0.066119425,-0.03504599258,-0.008384178393,1
0.1269443631,0.06808946282,-0.03247720376,-0.002491380088,1
0.1269443631,0.07005950063,-0.04414858297,0.005979873706,3
0.1269443631,0.07202953845,-0.04416801408,-0.0009170831763,1
0.1269443631,0.07399957627,-0.04122690111,-0.0008221247117,1
0.1269443631,0.07596961409,-0.03870098293,0.0002802481176,1
0.1269443631,0.07793965936,-0.03712626547,0.003806095337,1
0.1269443631,0.07990969718,-0.02940232307,0.006772440858,1
0.1269443631,0.08187973499,-0.03642527387,-0.001429316821,1
0.1269443631,0.08384977281,-0.04873171821,-0.005778105929,1
0.1269443631,0.08581981063,-0.05006438866,0.0007018431206,1
0.1269443631,0.08778984845,-0.05390596017,0.0009922425961,1
0.1269443631,0.08975988626,-0.05257454515,0.001672621467,1
0.1269443631,0.09172992408,-0.04152638465,-0.0002912982891,1
0.1269443631,0.0936999619,-0.02763354219,-0.002426308114,1
0.1269443631,0.09567000717,-0.01672973111,-0.009146577679,1
0.1269443631,0.09764004499,-0.0165263731,-0.00947854016,1
0.1269443631,0.09961008281,-0.02447748929,-0.01053858735,1
0.1269443631,0.1015801206,-0.02995883487,-0.008213827386,1
0.1269443631,0.1035501584,-0.01896993257,-0.005459311884,1
0.1269443631,0.1055201963,-0.01174133085,-0.005379450973,1
0.1269443631,0.1074902341,-0.009872139432,-0.003914910369,1
0.1269443631,0.1094602719,-0.006127452943,-0.001614721841,1
0.1269443631,0.1114303172,-0.003350318642,-0.001542694401,1
0.1269443631,0.113400355,-0.00270032254,-0.002178386552,1
0.1269443631,0.1153703928,-0.003693687264,-0.001570921973,1
0.1269443631,0.1173404306,-0.004927395843,-0.001108263386,1
0.1289144009,0.04838907719,0.005531022325,0.007720586844,2
0.1289144009,0.050359115,0.002386555541,0.008015680127,1
0.1289144009,0.05232915282,-0.001629309496,0.003542671213,1
0.1289144009,0.05429919064,-0.001297660987,0.006115670316,1
0.1289144009,0.05626922846,-0.0022725116,0.01037276722,1
0.1289144009,0.05823927,-0.006042605266,0.008387370035,1
0.1289144009,0.06020930782,-0.01671705581,-0.002194748959,1
0.1289144009,0.06217934564,-0.04230098799,-0.008798712865,1
0.1289144009,0.06414938718,-0.0430550538,-0.01736538671,1
0.1289144009,0.066119425,-0.03410338983,-0.009122605436,1
0.1289144009,0.06808946282,-0.03465242684,0.0007719341083,1
0.1289144009,0.07005950063,-0.04342447966,0.01023614127,1
0.1289144009,0.07202953845,-0.04521337897,0.01097911038,1
0.1289144009,0.07399957627,-0.04082909226,0.002766323742,1
0.1289144009,0.07596961409,-0.03986268118,0.000797480403,1
0.1289144009,0.07793965936,-0.04072798043,-0.001013323083,1
0.1289144009,0.07990969718,-0.03524547815,4.213605644e-05,1
0.1289144009,0.08187973499,-0.03667758033,-0.007582718506,1
0.1289144009,0.08384977281,-0.03983011097,-0.008737359196,1
0.1289144009,0.08581981063,-0.04673059657,0.0002592227829,1
0.1289144009,0.08778984845,-0.04846549779,-0.0007514879107,1
0.1289144009,0.08975988626,-0.04323484749,-0.002342945896,2
0.1289144009,0.09172992408,-0.03522254154,-0.004883354064,2
0.1289144009,0.0936999619,-0.02649208158,-0.007429530378,1
0.1289144009,0.09567000717,-0.01622708701,-0.008716612123,1
0.1289144009,0.09764004499,-0.01506128814,-0.009391942061,1
0.1289144009,0.09961008281,-0.02019321546,-0.006340975873,1
0.1289144009,0.1015801206,-0.02885664254,-0.005070811603,1
0.1289144009,0.1035501584,-0.03187692538,-0.006986200344,1
0.1289144009,0.1055201963,-0.01835311577,-0.003246315056,2
0.1289144009,0.1074902341,-0.01183677651,-0.001603560755,1
0.1289144009,0.1094602719,-0.007700526156,-0.001549759181,1
0.1289144009,0.1114303172,-0.005309578031,-0.003528296947,1
0.1289144009,0.113400355,-0.002378435107,-0.002061275765,1
0.1289144009,0.1153703928,-0.002267762553,-0.001586732455,1
0.1289144009,0.1173404306,-0.002799608279,-0.002014917322,1
0.1308844388,0.04838907719,0.007264965214,0.009618204087,1
0.1308844388,0.050359115,0.003360891948,0.004829969723,1
0.1308844388,0.05232915282,-0.001277357223,0.005223880056,1
0.1308844388,0.05429919064,-0.001616093563,0.005680927541,1
0.1308844388,0.05626922846,-0.0008566483739,0.00711828284,1
0.1308844388,0.05823927,-0.003573530354,0.006282515824,1
0.1308844388,0.06020930782,-0.01703619212,-0.001894628978,1
0.1308844388,0.06217934564,-0.0312884748,-0.005931664258,2
0.1308844388,0.06414938718,-0.03900803626,-0.008720153943,2
0.1308844388,0.066119425,-0.04749437422,-0.002351914067,1
0.1308844388,0.06808946282,-0.03669262677,0.002687667962,1
0.1308844388,0.07005950063,-0.04186376557,0.009735390544,1
0.1308844388,0.07202953845,-0.04733209684,0.01045322977,1
0.1308844388,0.07399957627,-0.04550611228,0.004384556785,1
0.1308844388,0.07596961409,-0.04366053641,0.00286830822,1
0.1308844388,0.07793965936,-0.04288103431,0.001783670159,1
0.1308844388,0.07990969718,-0.04016620293,-0.0006269356818,1
0.1308844388,0.08187973499,-0.03784542903,-0.004827810451,1
0.1308844388,0.08384977281,-0.03632111102,-0.007905754261,1
0.1308844388,0.08581981063,-0.04085765034,-0.007321055047,1
0.1308844388,0.08778984845,-0.0460694842,-0.002148106461,1
0.1308844388,0.08975988626,-0.03667680174,-0.00540956296,1
0.1308844388,0.09172992408,-0.02963685617,-0.009469641373,1
0.1308844388,0.0936999619,-0.03910820559,-0.01384474244,1
0.1308844388,0.09567000717,-0.01972497627,-0.01163845789,1
0.1308844388,0.09764004499,-0.01454371866,-0.01080684178,1
0.1308844388,0.09961008281,-0.02037530392,-0.005489889067,1
0.1308844388,0.1015801206,-0.02775091864,0.002717927797,1
0.1308844388,0.1035501584,-0.03184720129,0.0006007929915,1
0.1308844388,0.1055201963,-0.01795742474,0.000983952661,2
0.1308844388,0.1074902341,-0.009550706483,0.001015196438,1
0.1308844388,0.1094602719,-0.005984712858,0.0003781305859,1
0.1308844388,0.1114303172,-0.003647924867,0.0005833283649,1
0.1308844388,0.113400355,-0.002169687301,-0.00022585837,1
0.1308844388,0.1153703928,-0.001126696588,-0.001103978255,1
0.1308844388,0.1173404306,0.001599038485,-0.001161719905,1
0.1328544915,0.04838907719,0.001690854435,0.004015204497,1
0.1328544915,0.050359115,5.081439303e-05,0.004005945288,1
0.1328544915,0.05232915282,-0.002018530155,0.003900802694,1
0.1328544915,0.05429919064,-0.00195064547,0.006172360387,1
0.1328544915,0.05626922846,-0.00196186523,0.008060086519,1
0.1328544915,0.05823927,-0.0042701005,0.008320183493,1
0.1328544915,0.06020930782,-0.01533492003,0.003803194268,1
0.1328544915,0.06217934564,-0.02680869214,-0.004313159734,1
0.1328544915,0.06414938718,-0.03419423103,-0.009231650271,1
0.1328544915,0.066119425,-0.04545946047,-0.00872283522,1
0.1328544915,0.06808946282,-0.03639542311,-0.000519687077,1
0.1328544915,0.07005950063,-0.03920973837,0.00519759953,1
0.1328544915,0.07202953845,-0.04684918374,0.005324285477,1
0.1328544915,0.07399957627,-0.04776788875,0.005033480935,1
0.1328544915,0.07596961409,-0.04505975917,0.01030324865,1
0.1328544915,0.07793965936,-0.04500228539,0.003606352722,1
0.1328544915,0.07990969718,-0.04034228995,0.002180343959,1
0.1328544915,0.08187973499,-0.03587524593,0.0007629329921,1
0.1328544915,0.08384977281,-0.03540959582,-0.006581849884,1
0.1328544915,0.08581981063,-0.0392652601,-0.006760003511,1
0.1328544915,0.08778984845,-0.041021768,-0.0007408625679,1
0.1328544915,0.08975988626,-0.03364320099,-0.004290073644,1
0.1328544915,0.09172992408,-0.03304572403,-0.01282190718,1
0.1328544915,0.0936999619,-0.03543299809,-0.01929127984,1
0.1328544915,0.09567000717,-0.02117613889,-0.01629967429,1
0.1328544915,0.09764004499,-0.01287359931,-0.01352539286,1
0.1328544915,0.09961008281,-0.02025569417,-0.005950950086,1
0.1328544915,0.1015801206,-0.02192065492,0.002243135357,2
0.1328544915,0.1035501584,-0.02503821813,0.01089120377,1
0.1328544915,0.1055201963,-0.0120786801,0.00556613598,1
0.1328544915,0.1074902341,-0.01133122947,0.001613035332,1
0.1328544915,0.1094602719,-0.006205537356,2.787337871e-05,1
0.1328544915,0.1114303172,-0.002633305732,-3.690774247e-05,1
0.1328544915,0.113400355,-0.001844012295,-0.0002104503365,1
0.1328544915,0.1153703928,-0.00449065445,-0.0009903874015,1
0.1328544915,0.1173404306,0.0006988826208,0.0004051630676,1
0.1348245293,0.04838907719,0.0009862766601,0.004073540214,1
0.1348245293,0.050359115,-0.001445592497,0.004458801355,1
0.1348245293,0.05232915282,-0.002574480837,0.003326484002,1
0.1348245293,0.05429919064,-0.002534347121,0.005271256436,1
0.1348245293,0.05626922846,-0.001633546548,0.008036815561,1
0.1348245293,0.05823927,-0.003116316628,0.008319497108,1
0.1348245293,0.06020930782,-0.01360855345,0.007076989859,1
0.1348245293,0.06217934564,-0.02504550852,0.0008785771788,1
0.1348245293,0.06414938718,-0.03332452103,-0.005445129238,1
0.1348245293,0.066119425,-0.04319300503,-0.01098859869,1
0.1348245293,0.06808946282,-0.04437239841,0.003099651542,1
0.1348245293,0.07005950063,-0.03926485777,0.001698872191,1
0.1348245293,0.07202953845,-0.04616462439,-0.0006321295514,1
0.1348245293,0.07399957627,-0.04993210733,0.004262031522,1
0.1348245293,0.07596961409,-0.04394158721,0.008516441099,1
0.1348245293,0.07793965936,-0.04327425733,0.002043120097,1
0.1348245293,0.07990969718,-0.03796596453,0.003231334267,1
0.1348245293,0.08187973499,-0.03399348259,0.004302269313,1
0.1348245293,0.08384977281,-0.03545055911,-0.004826089367,1
0.1348245293,0.08581981063,-0.04819926247,-0.000958920049,1
0.1348245293,0.08778984845,-0.04168144986,-0.0001669198682,1
0.1348245293,0.08975988626,-0.03264056519,-0.00444105221,1
0.1348245293,0.09172992408,-0.03115227818,-0.01368612051,1
0.1348245293,0.0936999619,-0.02206759714,-0.01615835167,1
0.1348245293,0.09567000717,-0.01677791402,-0.01634158753,1
0.1348245293,0.09764004499,-0.01568420604,-0.01299923565,1
0.1348245293,0.09961008281,-0.01449154504,-0.002653467003,3
0.1348245293,0.1015801206,-0.01463779155,0.001314360648,2
0.1348245293,0.1035501584,-0.01234141085,0.003633157117,1
0.1348245293,0.1055201963,-0.008594793268,0.004297438078,1
0.1348245293,0.1074902341,-0.009869352914,0.004245251417,1
0.1348245293,0.1094602719,-0.003591363551,0.001953533152,1
0.1348245293,0.1114303172,-0.0001887264953,-0.0001611450425,1
0.1348245293,0.113400355,-0.0002432497713,-8.047564188e-05,1
0.1348245293,0.1153703928,-0.003518200945,-0.0004760156735,1
0.1348245293,0.1173404306,-0.0006345316651,0.001214046497,1
0.1367945671,0.04838907719,0.004161023535,0.000248680677,1
0.1367945671,0.050359115,-0.0007924484671,0.004179010633,1
0.1367945671,0.05232915282,-0.002261219779,0.004040595144,1
0.1367945671,0.05429919064,-0.003017875599,0.003292860929,1
0.1367945671,0.05626922846,-0.002052001422,0.004410670139,1
0.1367945671,0.05823927,-0.003235789482,0.00445328746,1
0.1367945671,0.06020930782,-0.01635148376,0.004891861696,1
0.1367945671,0.06217934564,-0.02516933903,0.008404004388,1
0.1367945671,0.06414938718,-0.03257092834,0.007944678888,1
0.1367945671,0.066119425,-0.03467668965,0.0009209332056,2
0.1367945671,0.06808946282,-0.03407108411,-0.001952529536,1
0.1367945671,0.07005950063,-0.036569722,-0.005222798325,1
0.1367945671,0.07202953845,-0.042126026,-0.001713766018,1
0.1367945671,0.07399957627,-0.04692629352,0.0007378126029,1
0.1367945671,0.07596961409,-0.04298267514,0.001866195234,1
0.1367945671,0.07793965936,-0.0393162556,-0.0006499716546,2
0.1367945671,0.07990969718,-0.03169490024,-0.001900973613,1
0.1367945671,0.08187973499,-0.0292695798,-0.005136359017,1
0.1367945671,0.08384977281,-0.04393585399,-0.007183960639,1
0.1367945671,0.08581981063,-0.0447390601,-0.007044408936,1
0.1367945671,0.08778984845,-0.03727804124,-0.002077620011,1
0.1367945671,0.08975988626,-0.0314546302,-0.00211632112,1
0.1367945671,0.09172992408,-0.03569365665,0.006403664127,1
0.1367945671,0.0936999619,-0.01572682336,-0.01395279076,1
0.1367945671,0.09567000717,-0.01976490021,-0.01430191752,1
0.1367945671,0.09764004499,-0.026165938,-0.007672638632,1
0.1367945671,0.09961008281,-0.02644064836,0.0007444862858,1
0.1367945671,0.1015801206,-0.009797555394,0.002034616657,1
0.1367945671,0.1035501584,-0.003964920994,0.003024340607,1
0.1367945671,0.1055201963,-0.008099330589,-0.002667688997,1
0.1367945671,0.1074902341,-0.003942467272,0.001460176311,1
0.1367945671,0.1094602719,-0.0009258509963,0.0009390602354,1
0.1367945671,0.1114303172,0.001126261079,0.0005363387754,1
0.1367945671,0.113400355,0.0005957898684,0.0007777935825,1
0.1367945671,0.1153703928,-5.135211904e-05,-0.0006822497817,1
0.1367945671,0.1173404306,-0.001703904243,0.0005841465318,1
0.1387646049,0.04838907719,0.002096048556,0.001904035918,1
0.1387646049,0.050359115,8.214238915e-05,0.003983729985,1
0.1387646049,0.05232915282,-0.001707148273,0.004818734247,1
0.1387646049,0.05429919064,-0.002014952013,0.002659135498,1
0.1387646049,0.05626922846,-0.001806044951,0.001475439989,1
0.1387646049,0.05823927,-0.003072745167,0.0002313760342,1
0.1387646049,0.06020930782,-0.01261043828,0.003037864808,1
0.1387646049,0.06217934564,-0.02189811133,0.01317848731,1
0.1387646049,0.06414938718,-0.02782483585,0.016566718,1
0.1387646049,0.066119425,-0.0288717486,0.008680182509,1
0.1387646049,0.06808946282,-0.03592628613,-0.00718699256,1
0.1387646049,0.07005950063,-0.04003760591,-0.01087013725,1
0.1387646049,0.07202953845,-0.04891678318,-0.001338075032,1
0.1387646049,0.07399957627,-0.04750159383,-0.005738641135,1
0.1387646049,0.07596961409,-0.04121717066,-0.007602486294,1
0.1387646049,0.07793965936,-0.03931319714,-0.004608228337,2
0.1387646049,0.07990969718,-0.03060149588,-0.009028597735,1
0.1387646049,0.08187973499,-0.0346978493,-0.004595903214,1
0.1387646049,0.08384977281,-0.04511614144,-0.007565100212,1
0.1387646049,0.08581981063,-0.04570505768,-0.006224189885,1
0.1387646049,0.08778984845,-0.04008983448,-0.001644514967,1
0.1387646049,0.08975988626,-0.0304653272,-0.001257378957,1
0.1387646049,0.09172992408,-0.03650663793,0.003428704571,1
0.1387646049,0.0936999619,-0.01880286448,-0.01427936088,1
0.1387646049,0.09567000717,-0.02006246708,-0.01292361692,1
0.1387646049,0.09764004499,-0.02618035115,-0.007044523954,1
0.1387646049,0.09961008281,-0.01931156963,-0.002519089961,1
0.1387646049,0.1015801206,-0.01106438693,0.001888192142,1
0.1387646049,0.1035501584,-0.003904721001,0.001763085485,1
0.1387646049,0.1055201963,-0.003649942577,-0.0005943655269,1
0.1387646049,0.1074902341,0.0001804658677,-0.001699986518,1
0.1387646049,0.1094602719,0.001137905871,-0.002016651677,1
0.1387646049,0.1114303172,0.001037868089,-0.0004737346317,1
0.1387646049,0.113400355,0.0005417507491,0.0005864960258,1
0.1387646049,0.1153703928,0.0002401279344,-0.0004295535327,1
0.1387646049,0.1173404306,-0.0001066609475,-0.0007006200613,1
0.1407346427,0.04838907719,0.002134486334,0.001731573604,2
0.1407346427,0.050359115,-0.0001720977889,0.003795053111,1
0.1407346427,0.05232915282,-0.0009690277511,0.004787489772,1
0.1407346427,0.05429919064,-0.0005646520876,0.002296158811,1
0.1407346427,0.05626922846,0.0002194837289,0.0003420430585,1
0.1407346427,0.05823927,-0.001050471095,-0.001180112245,1
0.1407346427,0.06020930782,-0.009340901859,0.002178264782,1
0.1407346427,0.06217934564,-0.02093751356,0.009569517337,1
0.1407346427,0.06414938718,-0.03016471677,0.009165270254,1
0.1407346427,0.066119425,-0.03278425708,0.005394650158,1
0.1407346427,0.06808946282,-0.03056848422,-0.0005205641501,1
0.1407346427,0.07005950063,-0.04074312001,0.008489449508,1
0.1407346427,0.07202953845,-0.04957512394,0.003476904472,1
0.1407346427,0.07399957627,-0.05592341349,0.003530303249,1
0.1407346427,0.07596961409,-0.04934552684,0.00322323828,1
0.1407346427,0.07793965936,-0.04611786455,-0.001151857316,1
0.1407346427,0.07990969718,-0.04173121601,-0.001250157133,1
0.1407346427,0.08187973499,-0.04055635631,0.0005832714378,1
0.1407346427,0.08384977281,-0.04418261349,-0.002514280612,2
0.1407346427,0.08581981063,-0.05012991279,0.0007815483841,1
0.1407346427,0.08778984845,-0.03740732744,-0.007828115486,1
0.1407346427,0.08975988626,-0.03104372881,-0.008409221657,1
0.1407346427,0.09172992408,-0.02319646254,-0.006372189149,1
0.1407346427,0.0936999619,-0.01796868443,-0.01272151619,1
0.1407346427,0.09567000717,-0.01744523086,-0.01096552145,1
0.1407346427,0.09764004499,-0.01895212755,-0.01297427248,1
0.1407346427,0.09961008281,-0.0199089665,-0.003274535527,1
0.1407346427,0.1015801206,-0.01230017748,0.001801695209,1
0.1407346427,0.1035501584,-0.005708073732,0.003148528049,1
0.1407346427,0.1055201963,-0.002430931898,-0.0003315617796,1
0.1407346427,0.1074902341,0.0003410646459,-0.0007810166571,1
0.1407346427,0.1094602719,0.001429498312,-0.002051213756,1
0.1407346427,0.1114303172,0.001135329017,-0.001766479341,1
0.1407346427,0.113400355,0.0005968256737,-0.0004196720838,1
0.1407346427,0.1153703928,0.0003184276575,-0.0009110771935,1
0.1407346427,0.1173404306,-5.144846364e-05,-0.001001375378,1
0.1427046806,0.04838907719,0.004479508381,-0.0005043682759,1
0.1427046806,0.050359115,-0.0007047538529,0.004694391508,1
0.1427046806,0.05232915282,-5.074657747e-05,0.002882045927,1
0.1427046806,0.05429919064,0.0004413829301,0.001324396697,1
0.1427046806,0.05626922846,0.0006503283512,0.0004723450402,1
0.1427046806,0.05823927,0.001592211891,0.0005322223878,1
0.1427046806,0.06020930782,-0.00585991051,0.002452458022,1
0.1427046806,0.06217934564,-0.01997482218,0.004413259216,2
0.1427046806,0.06414938718,-0.0314685069,0.003178482875,2
0.1427046806,0.066119425,-0.04318457842,0.003290402936,1
0.1427046806,0.06808946282,-0.03719789162,0.004731819965,1
0.1427046806,0.07005950063,-0.04580939934,0.00491887331,1
0.1427046806,0.07202953845,-0.05109691247,-0.0008088048198,1
0.1427046806,0.07399957627,-0.05441377684,-0.000349341135,1
0.1427046806,0.07596961409,-0.04859510437,-0.001243471634,1
0.1427046806,0.07793965936,-0.04751835763,-0.001453034696,1
0.1427046806,0.07990969718,-0.04609862342,0.001808111207,1
0.1427046806,0.08187973499,-0.04495152459,0.003223920241,1
0.1427046806,0.08384977281,-0.0409280546,-0.00385684194,1
0.1427046806,0.08581981063,-0.03921239078,-0.0097100446,1
0.1427046806,0.08778984845,-0.03717621788,-0.01266223658,1
0.1427046806,0.08975988626,-0.03416254744,-0.01167447586,1
0.1427046806,0.09172992408,-0.02073488571,-0.006857245229,3
0.1427046806,0.0936999619,-0.01808842085,-0.00510478951,1
0.1427046806,0.09567000717,-0.02138098516,-0.001670226455,1
0.1427046806,0.09764004499,-0.0393441841,0.001395926694,1
0.1427046806,0.09961008281,-0.03533178195,-0.0004711866204,1
0.1427046806,0.1015801206,-0.02247361094,0.001089248224,1
0.1427046806,0.1035501584,-0.01155169494,0.00157188205,1
0.1427046806,0.1055201963,-0.003123176517,-0.002071711235,1
0.1427046806,0.1074902341,-0.0004888334079,-0.003029566258,1
0.1427046806,0.1094602719,9.370552289e-05,-0.003121486399,1
0.1427046806,0.1114303172,0.0008839786751,-0.001552615431,1
0.1427046806,0.113400355,0.0006545422366,-0.0007809388917,1
0.1427046806,0.1153703928,-7.612581248e-05,-0.001471540309,1
0.1427046806,0.1173404306,-0.00128793146,6.986263179e-05,1
0.1446747184,0.04838907719,0.0004985274281,0.004461190663,1
0.1446747184,0.050359115,0.00220249081,0.003693748033,1
0.1446747184,0.05232915282,0.0003696294734,0.003974008374,1
0.1446747184,0.05429919064,0.001641295501,0.003374591237,1
0.1446747184,0.05626922846,0.003063347889,0.001235807547,1
0.1446747184,0.05823927,0.002359073143,0.001940931892,1
0.1446747184,0.06020930782,-0.003585575847,0.002922437154,1
0.1446747184,0.06217934564,-0.02163335495,0.002452579327,2
0.1446747184,0.06414938718,-0.03254990652,-0.004155001137,2
0.1446747184,0.066119425,-0.04016046971,-0.004497249145,3
0.1446747184,0.06808946282,-0.03988666832,-0.004437964875,1
0.1446747184,0.07005950063,-0.0511033535,-0.0177866593,1
0.1446747184,0.07202953845,-0.05747433379,-0.008879518136,1
0.1446747184,0.07399957627,-0.0620784834,-0.006653527264,1
0.1446747184,0.07596961409,-0.05586050823,-0.007338944823,1
0.1446747184,0.07793965936,-0.04964874685,-0.005239616148,1
0.1446747184,0.07990969718,-0.052197285,0.01165407151,1
0.1446747184,0.08187973499,-0.04782990366,0.000815875188,1
0.1446747184,0.08384977281,-0.03990862891,-0.006015301682,1
0.1446747184,0.08581981063,-0.03631873056,-0.009694936685,1
0.1446747184,0.08778984845,-0.0499648042,-0.01736341231,1
0.1446747184,0.08975988626,-0.05155595392,-0.01377209555,1
0.1446747184,0.09172992408,-0.05587207526,-0.001967707416,1
0.1446747184,0.0936999619,-0.04403728247,0.003178639337,1
0.1446747184,0.09567000717,-0.02923022211,0.01276368741,1
0.1446747184,0.09764004499,-0.02938002907,0.009754024446,1
0.1446747184,0.09961008281,-0.03542366624,-0.0008747646934,1
0.1446747184,0.1015801206,-0.02635400929,-0.0009300459642,1
0.1446747184,0.1035501584,-0.01201290265,-0.00517885806,1
0.1446747184,0.1055201963,-0.003122224007,-0.006219899282,1
0.1446747184,0.1074902341,-0.0008649638039,-0.005389485043,1
0.1446747184,0.1094602719,-0.0006431157235,-0.003833799157,1
0.1446747184,0.1114303172,3.337647513e-06,-0.002757337643,1
0.1446747184,0.113400355,0.0002180878073,-0.001480809413,1
0.1446747184,0.1153703928,-0.0008294152212,-0.001739309053,1
0.1446747184,0.1173404306,-0.002367531182,0.0006719497032,1
0.1466447562,0.04838907719,-0.002769583836,0.005780878942,1
0.1466447562,0.050359115,0.001672183862,0.003878765507,1
0.1466447562,0.05232915282,0.001170575269,0.003872446017,1
0.1466447562,0.05429919064,0.001487371046,0.002980693709,1
0.1466447562,0.05626922846,0.002060903702,0.001252452261,1
0.1466447562,0.05823927,0.0004422181228,0.001961137634,1
0.1466447562,0.06020930782,-0.01219821721,0.005897736643,1
0.1466447562,0.06217934564,-0.0304231178,0.00662962161,1
0.1466447562,0.06414938718,-0.03693730012,-0.01775381714,1
0.1466447562,0.066119425,-0.0317450352,-0.0001990609744,1
0.1466447562,0.06808946282,-0.0344129689,-8.547302059e-06,1
0.1466447562,0.07005950063,-0.04338383302,-0.02096625604,1
0.1466447562,0.07202953845,-0.0499884598,-0.01912407391,1
0.1466447562,0.07399957627,-0.05378075317,-0.01523323078,1
0.1466447562,0.07596961409,-0.05989225581,-0.01248803642,2
0.1466447562,0.07793965936,-0.06378683448,-0.01235618815,1
0.1466447562,0.07990969718,-0.05230712891,0.003881715937,1
0.1466447562,0.08187973499,-0.05467703566,0.007077853195,1
0.1466447562,0.08384977281,-0.03995220363,-0.006538234185,1
0.1466447562,0.08581981063,-0.03551163524,-0.009123627096,1
0.1466447562,0.08778984845,-0.04361760244,-0.01017065812,2
0.1466447562,0.08975988626,-0.05042181164,-0.00689485576,2
0.1466447562,0.09172992408,-0.05923233554,0.001079118694,1
0.1466447562,0.0936999619,-0.04614441842,0.008746876381,1
0.1466447562,0.09567000717,-0.03858621791,0.0113429036,1
0.1466447562,0.09764004499,-0.02230593003,-0.004745724145,1
0.1466447562,0.09961008281,-0.01712356508,-0.001902543474,2
0.1466447562,0.1015801206,-0.007466352079,-0.00382795115,1
0.1466447562,0.1035501584,-0.003946537618,-0.009053594433,1
0.1466447562,0.1055201963,-0.003551089903,-0.009391337633,1
0.1466447562,0.1074902341,-0.001666198485,-0.005227872171,1
0.1466447562,0.1094602719,-0.0009839461418,-0.00341745629,1
0.1466447562,0.1114303172,-0.000658832083,-0.003151913406,1
0.1466447562,0.113400355,-0.0004119182995,-0.001959639369,1
0.1466447562,0.1153703928,-0.001931621111,-0.002187716076,1
0.1466447562,0.1173404306,-0.002511339029,-0.001172416611,1
0.148614794,0.04838907719,-0.001097360393,0.004193251487,1
0.148614794,0.050359115,0.0006445033359,0.002530879807,1
0.148614794,0.05232915282,0.001472794334,0.002529916354,1
0.148614794,0.05429919064,0.001481078914,0.002334350022,1
0.148614794,0.05626922846,0.0007633178611,0.001994676422,1
0.148614794,0.05823927,-0.00149866275,0.001009178697,1
0.148614794,0.06020930782,-0.01490527205,0.007521745283,1
0.148614794,0.06217934564,-0.02563536353,0.006338379346,1
0.148614794,0.06414938718,-0.03127848357,-0.01084977016,1
0.148614794,0.066119425,-0.02677571215,-0.003572658403,1
0.148614794,0.06808946282,-0.03278530017,-0.0206735488,1
0.148614794,0.07005950063,-0.03227292001,-0.02059026621,1
0.148614794,0.07202953845,-0.03928697482,-0.02323000319,1
0.148614794,0.07399957627,-0.0328107737,-0.01767543331,1
0.148614794,0.07596961409,-0.06614091247,-0.01502378378,1
0.148614794,0.07793965936,-0.05990269035,-0.01337242685,1
0.148614794,0.07990969718,-0.04551481828,0.004192094319,1
0.148614794,0.08187973499,-0.04597179964,-0.006422122009,1
0.148614794,0.08384977281,-0.03747390211,-0.006372274365,2
0.148614794,0.08581981063,-0.03447802365,-0.007385761477,2
0.148614794,0.08778984845,-0.03857216239,-0.007300740108,2
0.148614794,0.08975988626,-0.04728135467,-0.004715786316,2
0.148614794,0.09172992408,-0.0635066703,0.000392360118,1
0.148614794,0.0936999619,-0.03607824072,0.003374684835,1
0.148614794,0.09567000717,-0.02936483733,0.00555225322,1
0.148614794,0.09764004499,-0.01698752679,0.001371537801,1
0.148614794,0.09961008281,-0.003298307303,0.001838265918,1
0.148614794,0.1015801206,-0.00441581523,-0.0006656559999,3
0.148614794,0.1035501584,-0.006728252862,-0.006600048393,1
0.148614794,0.1055201963,-0.003158237785,-0.005782152526,1
0.148614794,0.1074902341,-0.002196310321,-0.004385200795,1
0.148614794,0.1094602719,-0.001118244138,-0.003176652128,1
0.148614794,0.1114303172,-0.0006035927217,-0.002792574,1
0.148614794,0.113400355,-0.0007411718252,-0.001995858504,1
0.148614794,0.1153703928,-0.002026699716,-0.002542095259,1
0.148614794,0.1173404306,-0.003663743613,-0.002221390838,1
0.1505848318,0.04838907719,-0.003006877843,0.003255366581,1
0.1505848318,0.050359115,0.0003133029677,0.001690374687,1
0.1505848318,0.05232915282,0.001422588131,0.002115979791,1
0.1505848318,0.05429919064,0.0007307191263,0.002973524854,1
0.1505848318,0.05626922846,-0.0004972729366,0.003093160456,1
0.1505848318,0.05823927,-0.001642107964,0.001056748093,1
0.1505848318,0.06020930782,-0.006311105564,-0.005281430203,1
0.1505848318,0.06217934564,-0.007280095946,0.003440619679,1
0.1505848318,0.06414938718,-0.03280050308,-0.007520323619,1
0.1505848318,0.066119425,-0.04113951698,-0.02263555489,1
0.1505848318,0.06808946282,-0.03282926232,-0.02689800039,1
0.1505848318,0.07005950063,-0.02596209012,-0.02008911222,1
0.1505848318,0.07202953845,-0.0269608628,-0.01551909372,1
0.1505848318,0.07399957627,-0.02827867307,-0.01241660863,2
0.1505848318,0.07596961409,-0.03690072149,-0.009223654866,2
0.1505848318,0.07793965936,-0.03863395005,-0.006009642035,2
0.1505848318,0.07990969718,-0.03935494274,-0.001488971058,1
0.1505848318,0.08187973499,-0.03829919547,-0.002868460724,1
0.1505848318,0.08384977281,-0.02949358709,-0.005142981652,2
0.1505848318,0.08581981063,-0.02635439299,-0.006746402942,2
0.1505848318,0.08778984845,-0.02891166508,-0.00693075452,2
0.1505848318,0.08975988626,-0.03662477806,-0.005059910472,2
0.1505848318,0.09172992408,-0.04909261689,-0.003635192057,1
0.1505848318,0.0936999619,-0.0483055748,0.00609059399,1
0.1505848318,0.09567000717,-0.03432812169,0.002614373341,3
0.1505848318,0.09764004499,-0.01542084571,-0.0002791292791,1
0.1505848318,0.09961008281,-0.01925999112,-0.0005968872574,1
0.1505848318,0.1015801206,-0.01156081352,-0.003875535447,2
0.1505848318,0.1035501584,-0.007136926055,-0.007675538771,1
0.1505848318,0.1055201963,-0.002278757282,-0.004633529112,1
0.1505848318,0.1074902341,-0.001668906654,-0.003482575761,1
0.1505848318,0.1094602719,-0.00142710167,-0.002802849747,1
0.1505848318,0.1114303172,-0.001207008958,-0.00232419488,1
0.1505848318,0.113400355,-0.001630836749,-0.001618280774,1
0.1505848318,0.1153703928,-0.001989665441,-0.001315630041,1
0.1505848318,0.1173404306,-0.001778280712,-0.002951009432,1
0.1525548697,0.04838907719,-0.002415894996,0.001969788922,1
0.1525548697,0.050359115,0.0001418821776,0.00192310079,1
0.1525548697,0.05232915282,0.0007410554681,0.001869082218,1
0.1525548697,0.05429919064,0.0004949956783,0.002342590829,1
0.1525548697,0.05626922846,0.0001548680448,0.002558319364,1
0.1525548697,0.05823927,-7.079222269e-05,0.005848320201,1
0.1525548697,0.06020930782,-0.00347334519,0.0009914984694,3
0.1525548697,0.06217934564,-0.009026857093,-0.0003547869856,2
0.1525548697,0.06414938718,-0.02087939903,-0.004117310047,2
0.1525548697,0.066119425,-0.03807196766,-0.009097725153,1
0.1525548697,0.06808946282,-0.02379601635,-0.01159556117,2
0.1525548697,0.07005950063,-0.02330414392,-0.01174445078,2
0.1525548697,0.07202953845,-0.03443319723,-0.01084568631,1
0.1525548697,0.07399957627,-0.01644233428,-0.007248251699,2
0.1525548697,0.07596961409,-0.01454935502,-0.00344458269,2
0.1525548697,0.07793965936,-0.01837745309,4.648287722e-05,2
0.1525548697,0.07990969718,-0.0296092201,0.001997763291,1
0.1525548697,0.08187973499,-0.02810383029,0.003342020093,1
0.1525548697,0.08384977281,-0.01584685035,-0.004584786948,2
0.1525548697,0.08581981063,-0.01253429707,-0.007526114583,2
0.1525548697,0.08778984845,-0.01409532595,-0.008615965024,2
0.1525548697,0.08975988626,-0.02121347934,-0.004957908299,2
0.1525548697,0.09172992408,-0.03877926618,-0.0008317030733,1
0.1525548697,0.0936999619,-0.02322349884,0.001305276644,2
0.1525548697,0.09567000717,-0.01652480476,0.002429339103,1
0.1525548697,0.09764004499,-0.01184721943,-0.001225990942,1
0.1525548697,0.09961008281,-0.01322554704,-0.003948424477,1
0.1525548697,0.1015801206,-0.01543052122,-0.00656405976,1
0.1525548697,0.1035501584,-0.003453121288,-0.009789275005,1
0.1525548697,0.1055201963,-0.0003312552872,-0.001399040106,1
0.1525548697,0.1074902341,-0.001129694399,-0.0014716062,1
0.1525548697,0.1094602719,-0.002268709941,-0.002371598268,1
0.1525548697,0.1114303172,-0.001991922734,-0.001853042282,1
0.1525548697,0.113400355,-0.002099085832,-0.001491006347,1
0.1525548697,0.1153703928,-0.001756612095,-0.001208908157,1
0.1525548697,0.1173404306,-0.001218261779,-0.002263435163,1
0.1545249075,0.04838907719,-0.002708312357,0.004097063094,1
0.1545249075,0.050359115,-0.001132347737,0.003213378135,1
0.1545249075,0.05232915282,-0.0007365951897,0.0028870448,1
0.1545249075,0.05429919064,8.431609604e-05,0.00267409347,1
0.1545249075,0.05626922846,-0.0002231925173,0.002392287133,1
0.1545249075,0.05823927,-0.001910007908,0.007609545253,1
0.1545249075,0.06020930782,-0.004206600133,0.006264195777,1
0.1545249075,0.06217934564,-0.004474584945,-0.001733955694,1
0.1545249075,0.06414938718,-0.003618277609,0.0005035945796,1
0.1545249075,0.066119425,-0.0007949792198,-0.003409474157,1
0.1545249075,0.06808946282,-0.0009786902228,0.001357931527,1
0.1545249075,0.07005950063,-0.009025276639,-0.004447442479,2
0.1545249075,0.07202953845,-0.00834288355,-0.005031493027,2
0.1545249075,0.07399957627,0.01149188727,-0.002286131028,1
0.1545249075,0.07596961409,0.01352309156,0.002647093032,1
0.1545249075,0.07793965936,0.009282714687,0.007642393,1
0.1545249075,0.07990969718,0.007219757419,-0.0002156808769,1
0.1545249075,0.08187973499,0.007635276765,0.005660307594,1
0.1545249075,0.08384977281,0.006744308863,-0.009012073278,1
0.1545249075,0.08581981063,0.006159382872,-0.01015730388,1
0.1545249075,0.08778984845,0.006278138142,-0.01504907943,1
0.1545249075,0.08975988626,0.004645451903,-0.005324055906,1
0.1545249075,0.09172992408,0.006364820059,-0.001937344321,1
0.1545249075,0.0936999619,0.01071565226,-0.002467123326,1
0.1545249075,0.09567000717,0.009543685243,-0.002125757514,1
0.1545249075,0.09764004499,-0.0007716597174,-0.0007350939559,1
0.1545249075,0.09961008281,-0.00422108639,-0.004707489628,1
0.1545249075,0.1015801206,-0.005678653717,-0.006177902222,1
0.1545249075,0.1035501584,-0.003526938614,-0.009040134028,1
0.1545249075,0.1055201963,-0.001971830381,-0.005702984519,1
0.1545249075,0.1074902341,-0.001171112759,-0.004320845008,1
0.1545249075,0.1094602719,-0.0006131216069,-0.002881331835,1
0.1545249075,0.1114303172,-0.001216731966,-0.001462001237,1
0.1545249075,0.113400355,-0.001779378741,-0.001558995456,1
0.1545249075,0.1153703928,-0.00239194301,-0.001333845197,1
0.1545249075,0.1173404306,-0.001317796647,-0.002062612679,1
0.1564949453,0.04838907719,-0.0008102896973,3.934136657e-06,1
0.1564949453,0.050359115,-0.001184366993,0.002127633896,1
0.1564949453,0.05232915282,-0.0007380233728,0.002971096197,1
0.1564949453,0.05429919064,-0.0003547577071,0.003389319638,1
0.1564949453,0.05626922846,-0.001118026557,0.0004149331944,1
0.1564949453,0.05823927,0.0007075144676,0.002632816788,1
0.1564949453,0.06020930782,0.002382206963,0.00491089467,1
0.1564949453,0.06217934564,NaN,NaN,0
0.1564949453,0.06414938718,NaN,NaN,0
0.1564949453,0.066119425,NaN,NaN,0
0.1564949453,0.06808946282,NaN,NaN,0
0.1564949453,0.07005950063,NaN,NaN,0
0.1564949453,0.07202953845,NaN,NaN,0
0.1564949453,0.07399957627,NaN,NaN,0
0.1564949453,0.07596961409,NaN,NaN,0
0.1564949453,0.07793965936,NaN,NaN,0
0.1564949453,0.07990969718,NaN,NaN,0
0.1564949453,0.08187973499,NaN,NaN,0
0.1564949453,0.08384977281,NaN,NaN,0
0.1564949453,0.08581981063,NaN,NaN,0
0.1564949453,0.08778984845,NaN,NaN,0
0.1564949453,0.08975988626,NaN,NaN,0
0.1564949453,0.09172992408,NaN,NaN,0
0.1564949453,0.0936999619,NaN,NaN,0
0.1564949453,0.09567000717,NaN,NaN,0
0.1564949453,0.09764004499,NaN,NaN,0
0.1564949453,0.09961008281,NaN,NaN,0
0.1564949453,0.1015801206,NaN,NaN,0
0.1564949453,0.1035501584,NaN,NaN,0
0.1564949453,0.1055201963,0.000701626821,-0.007662741933,1
0.1564949453,0.1074902341,-0.001117884298,-0.004623901099,1
0.1564949453,0.1094602719,-0.003304104088,-0.00143486564,1
0.1564949453,0.1114303172,-0.002240603091,-0.001502932631,1
0.1564949453,0.113400355,-0.001521373517,-0.001847782405,1
0.1564949453,0.1153703928,-0.0003507159126,-0.001778719015,1
0.1564949453,0.1173404306,-0.0006628276315,-0.001928340178,1
0.1584649831,0.04838907719,0.00260702963,-0.003497282043,1
0.1584649831,0.050359115,-0.001018469688,0.001137879211,1
0.1584649831,0.05232915282,-0.001898999792,0.003136510029,1
0.1584649831,0.05429919064,-0.0006836958346,0.001876197872,1
0.1584649831,0.05626922846,-0.0003022431047,-0.0001031592401,1
0.1584649831,0.05823927,NaN,NaN,0
0.1584649831,0.06020930782,NaN,NaN,0
0.1584649831,0.06217934564,NaN,NaN,0
0.1584649831,0.06414938718,NaN,NaN,0
0.1584649831,0.066119425,NaN,NaN,0
0.1584649831,0.06808946282,NaN,NaN,0
0.1584649831,0.07005950063,NaN,NaN,0
0.1584649831,0.07202953845,NaN,NaN,0
0.1584649831,0.07399957627,NaN,NaN,0
0.1584649831,0.07596961409,NaN,NaN,0
0.1584649831,0.07793965936,NaN,NaN,0
0.1584649831,0.07990969718,NaN,NaN,0
0.1584649831,0.08187973499,NaN,NaN,0
0.1584649831,0.08384977281,NaN,NaN,0
0.1584649831,0.08581981063,NaN,NaN,0
0.1584649831,0.08778984845,NaN,NaN,0
0.1584649831,0.08975988626,NaN,NaN,0
0.1584649831,0.09172992408,NaN,NaN,0
0.1584649831,0.0936999619,NaN,NaN,0
0.1584649831,0.09567000717,NaN,NaN,0
0.1584649831,0.09764004499,NaN,NaN,0
0.1584649831,0.09961008281,NaN,NaN,0
0.1584649831,0.1015801206,NaN,NaN,0
0.1584649831,0.1035501584,NaN,NaN,0
0.1584649831,0.1055201963,NaN,NaN,0
0.1584649831,0.1074902341,NaN,NaN,0
0.1584649831,0.1094602719,-0.006821640767,0.0005392961903,1
0.1584649831,0.1114303172,-0.004591933452,-4.500764408e-05,1
0.1584649831,0.113400355,-0.00243012025,-0.001671371516,1
0.1584649831,0.1153703928,-0.001794186071,-0.002162960824,1
0.1584649831,0.1173404306,-0.005268212408,-0.001550187706,1
