x [m],y [m],u [m/s],v [m/s],Vector type [-]
0.02647239529,0.04838907719,0.007852711715,0.001988308504,1
0.02647239529,0.050359115,0.000808435143,0.001467995578,1
0.02647239529,0.05232915282,-0.006607063115,0.006283515133,1
0.02647239529,0.05429919064,-0.01034260262,0.01358840056,1
0.02647239529,0.05626922846,-0.01623688824,0.007928120904,1
0.02647239529,0.05823927,-0.02143996023,0.005769066513,1
0.02647239529,0.06020930782,-0.03082470037,-0.006065587979,3
0.02647239529,0.06217934564,-0.03695177659,-0.01893460751,1
0.02647239529,0.06414938718,-0.03929908201,-0.02242640033,1
0.02647239529,0.066119425,-0.04040905833,-0.01412599906,1
0.02647239529,0.06808946282,-0.04916802794,-0.01292973105,1
0.02647239529,0.07005950063,-0.05303341895,-0.006444070023,1
0.02647239529,0.07202953845,-0.0578157939,-0.004222037736,1
0.02647239529,0.07399957627,-0.0551790297,0.003520923899,1
0.02647239529,0.07596961409,-0.05342302099,0.001733495039,2
0.02647239529,0.07793965936,-0.052698154,0.003236449556,1
0.02647239529,0.07990969718,-0.04373646155,0.005380288232,1
0.02647239529,0.08187973499,-0.04143602028,0.005215023644,1
0.02647239529,0.08384977281,-0.03695672378,0.002052353695,1
0.02647239529,0.08581981063,-0.03588459641,0.001728500705,1
0.02647239529,0.08778984845,-0.03997379169,0.0009733595653,1
0.02647239529,0.08975988626,-0.04697572067,0.0004030033015,1
0.02647239529,0.09172992408,-0.05199187621,-0.00257847202,1
0.02647239529,0.0936999619,-0.04477142915,-0.008109727874,1
0.02647239529,0.09567000717,-0.03602835909,-0.00647023553,1
0.02647239529,0.09764004499,-0.02811720781,-0.0008857633802,1
0.02647239529,0.09961008281,-0.02634353936,0.004231993109,1
0.02647239529,0.1015801206,-0.03204547986,0.005467053968,1
0.02647239529,0.1035501584,-0.02438012138,-6.865473551e-05,1
0.02647239529,0.1055201963,-0.02502903529,-0.00198074244,1
0.02647239529,0.1074902341,-0.02717830241,0.001040863688,1
0.02647239529,0.1094602719,-0.03812104091,0.005152352154,1
0.02647239529,0.1114303172,-0.03747210652,0.004246476106,1
0.02647239529,0.113400355,-0.03163546696,0.002809198108,1
0.02647239529,0.1153703928,-0.0281080436,0.001370772254,1
0.02647239529,0.1173404306,-0.02804546617,0.002890836215,2
0.0284424331,0.04838907719,-0.0009380612755,0.001489815419,1
0.0284424331,0.050359115,-0.004964751191,-0.0008379010833,1
0.0284424331,0.05232915282,-0.002013447462,0.004754926544,1
0.0284424331,0.05429919064,-0.004862678237,0.01008677669,1
0.0284424331,0.05626922846,-0.01437866036,0.009076533839,1
0.0284424331,0.05823927,-0.01795810461,0.004471132532,1
0.0284424331,0.06020930782,-0.01714861207,0.001153405523,1
0.0284424331,0.06217934564,-0.03011992015,-0.007544802502,1
0.0284424331,0.06414938718,-0.0336442776,-0.009873714298,1
0.0284424331,0.066119425,-0.03815325722,-0.00457238825,1
0.0284424331,0.06808946282,-0.05152303725,-0.003721574321,1
0.0284424331,0.07005950063,-0.05173765495,-0.004753365647,2
0.0284424331,0.07202953845,-0.05520070344,-0.005197608378,1
0.0284424331,0.07399957627,-0.05479924008,-0.002809227677,1
0.0284424331,0.07596961409,-0.05239188299,-0.001556888572,1
0.0284424331,0.07793965936,-0.05425107107,-0.003698364133,1
0.0284424331,0.07990969718,-0.04799307883,-0.004148177803,1
0.0284424331,0.08187973499,-0.04219655693,-0.005672445986,1
0.0284424331,0.08384977281,-0.04288642481,0.003284116974,1
0.0284424331,0.08581981063,-0.0425590612,0.002466996666,1
0.0284424331,0.08778984845,-0.04430773854,-0.0009540087776,1
0.0284424331,0.08975988626,-0.04506704956,0.00359752751,1
0.0284424331,0.09172992408,-0.04606058449,-0.002943405416,1
0.0284424331,0.0936999619,-0.04320810363,-0.008097529411,1
0.0284424331,0.09567000717,-0.04178326949,-0.008411870338,1
0.0284424331,0.09764004499,-0.02742230892,-0.003465641988,1
0.0284424331,0.09961008281,-0.02617767267,-0.0003356495872,1
0.0284424331,0.1015801206,-0.03549821675,0.0006998062599,1
0.0284424331,0.1035501584,-0.03523371741,0.001362970099,1
0.0284424331,0.1055201963,-0.03399037197,0.001612244523,1
0.0284424331,0.1074902341,-0.03362437338,0.001509827096,1
0.0284424331,0.1094602719,-0.03393780813,0.002683348954,2
0.0284424331,0.1114303172,-0.03581811488,0.005653169472,1
0.0284424331,0.113400355,-0.02858090959,-0.0009844274027,1
0.0284424331,0.1153703928,-0.03149275854,0.0003820329148,1
0.0284424331,0.1173404306,-0.02798288874,0.004410900176,1
0.03041247278,0.04838907719,-0.001705704955,0.002780804876,1
0.03041247278,0.050359115,-0.007159633096,-0.002183964709,1
0.03041247278,0.05232915282,-0.009525421076,-1.808716479e-05,1
0.03041247278,0.05429919064,-0.0004753506219,0.009931860492,1
0.03041247278,0.05626922846,-0.01110557001,0.015073766,1
0.03041247278,0.05823927,-0.01486961916,0.01599589549,1
0.03041247278,0.06020930782,-0.01571419463,0.006314018276,1
0.03041247278,0.06217934564,-0.02518491633,-0.006794939749,1
0.03041247278,0.06414938718,-0.02937075496,-0.002504365519,1
0.03041247278,0.066119425,-0.03754488379,0.001047188416,1
0.03041247278,0.06808946282,-0.04195172712,-0.000823669252,1
0.03041247278,0.07005950063,-0.04719346762,-0.003650207771,1
0.03041247278,0.07202953845,-0.05330140516,-0.003833289957,1
0.03041247278,0.07399957627,-0.05365181342,-0.003871508408,1
0.03041247278,0.07596961409,-0.05274055898,-0.004413193557,1
0.03041247278,0.07793965936,-0.05303293839,-0.006490662694,1
0.03041247278,0.07990969718,-0.05052889138,-0.009196622297,1
0.03041247278,0.08187973499,-0.04621768743,-0.01255860738,1
0.03041247278,0.08384977281,-0.04386588559,-0.004819083493,1
0.03041247278,0.08581981063,-0.04544975981,-3.567551539e-05,1
0.03041247278,0.08778984845,-0.0498399213,0.002182960277,1
0.03041247278,0.08975988626,-0.05103381723,0.007793985307,1
0.03041247278,0.09172992408,-0.04664483294,0.006846367382,1
0.03041247278,0.0936999619,-0.04426969588,0.002022793284,1
0.03041247278,0.09567000717,-0.04327913001,-0.01164096314,1
0.03041247278,0.09764004499,-0.0356797725,-0.006127290893,2
0.03041247278,0.09961008281,-0.03633115068,-0.006745862775,1
0.03041247278,0.1015801206,-0.03492791578,-0.003356684465,1
0.03041247278,0.1035501584,-0.03393923864,-0.001459019491,1
0.03041247278,0.1055201963,-0.03390368074,-0.0003500256571,1
0.03041247278,0.1074902341,-0.03332926333,-0.001279250486,1
0.03041247278,0.1094602719,-0.02818771079,-0.001581953373,1
0.03041247278,0.1114303172,-0.0284594968,-0.001372340135,1
0.03041247278,0.113400355,-0.02766269073,-0.00218677544,1
0.03041247278,0.1153703928,-0.02071139403,-0.00433026487,1
0.03041247278,0.1173404306,-0.01593847014,-0.0034833604,1
0.0323825106,0.04838907719,-0.002835855586,-0.003244632157,1
0.0323825106,0.050359115,-0.006939455401,-0.0004616018559,1
0.0323825106,0.05232915282,-0.01080686506,0.002128734253,1
0.0323825106,0.05429919064,-0.005619756412,0.004455939401,1
0.0323825106,0.05626922846,-0.01384468935,0.01276484784,1
0.0323825106,0.05823927,-0.0176727064,0.01678433269,1
0.0323825106,0.06020930782,-0.02031980455,0.008896270767,1
0.0323825106,0.06217934564,-0.02400795557,0.002844973467,1
0.0323825106,0.06414938718,-0.02763380669,-0.0004864898801,1
0.0323825106,0.066119425,-0.0352668874,0.006522095762,1
0.0323825106,0.06808946282,-0.03938171268,0.002226423239,1
0.0323825106,0.07005950063,-0.04523053393,-0.001899109571,1
0.0323825106,0.07202953845,-0.05127347261,-0.002796842018,1
0.0323825106,0.07399957627,-0.05268083513,-0.002434566384,1
0.0323825106,0.07596961409,-0.05226415768,-0.002814946929,1
0.0323825106,0.07793965936,-0.04979168624,-0.009686205536,1
0.0323825106,0.07990969718,-0.04628008604,-0.01614271104,1
0.0323825106,0.08187973499,-0.04659439623,-0.01602725312,1
0.0323825106,0.08384977281,-0.04567890242,-0.009680063464,1
0.0323825106,0.08581981063,-0.04669011012,-0.001306889695,1
0.0323825106,0.08778984845,-0.0526352711,0.005496319383,1
0.0323825106,0.08975988626,-0.0511478968,0.004492300563,1
0.0323825106,0.09172992408,-0.0474121049,0.006086150184,1
0.0323825106,0.0936999619,-0.04558477923,0.006761373952,1
0.0323825106,0.09567000717,-0.04116949067,0.0008580588037,1
0.0323825106,0.09764004499,-0.03568650037,-0.002656695899,1
0.0323825106,0.09961008281,-0.03104637936,-0.004400841892,1
0.0323825106,0.1015801206,-0.03153679892,-0.003207657952,1
0.0323825106,0.1035501584,-0.0333025232,0.001514192671,1
0.0323825106,0.1055201963,-0.03388473019,0.001861015568,1
0.0323825106,0.1074902341,-0.03230221942,-0.001129262266,1
0.0323825106,0.1094602719,-0.02818367258,-0.001741207088,1
0.0323825106,0.1114303172,-0.02654755488,-0.003514501965,1
0.0323825106,0.113400355,-0.02497028746,-0.00399751449,1
0.0323825106,0.1153703928,-0.01773409173,-0.004388958216,1
0.0323825106,0.1173404306,-0.0145813711,-0.00238437159,1
0.03435254842,0.04838907719,0.001578175114,0.005881302059,1
0.03435254842,0.050359115,-0.005164638162,0.005478214007,1
0.03435254842,0.05232915282,-0.009034201503,0.008858738467,1
0.03435254842,0.05429919064,-0.01174514089,0.006681679748,1
0.03435254842,0.05626922846,-0.01451505255,0.007966850884,1
0.03435254842,0.05823927,-0.02101073042,0.009880284779,1
0.03435254842,0.06020930782,-0.02524956129,0.00625066692,1
0.03435254842,0.06217934564,-0.02544566803,0.003517234465,1
0.03435254842,0.06414938718,-0.02930803411,0.005605923012,1
0.03435254842,0.066119425,-0.03228898719,0.009980067611,1
0.03435254842,0.06808946282,-0.0403912887,0.00799377542,1
0.03435254842,0.07005950063,-0.04855089262,-0.0005273692659,1
0.03435254842,0.07202953845,-0.05208259821,0.0001441691129,1
0.03435254842,0.07399957627,-0.0571311079,0.0004102198873,1
0.03435254842,0.07596961409,-0.05211896822,-0.000402067526,1
0.03435254842,0.07793965936,-0.04847612232,-0.004905294161,1
0.03435254842,0.07990969718,-0.04876630381,-0.009626832791,2
0.03435254842,0.08187973499,-0.05153381824,-0.01005160064,1
0.03435254842,0.08384977281,-0.05271324143,-0.008190483786,1
0.03435254842,0.08581981063,-0.05334288999,-0.002933567157,1
0.03435254842,0.08778984845,-0.05712288618,-0.0003065619676,1
0.03435254842,0.08975988626,-0.05045190454,-0.001275424962,1
0.03435254842,0.09172992408,-0.0425830856,-0.00109160156,1
0.03435254842,0.0936999619,-0.04103511944,0.003574263304,1
0.03435254842,0.09567000717,-0.04031028599,0.003378868569,1
0.03435254842,0.09764004499,-0.03514385223,0.001599730807,1
0.03435254842,0.09961008281,-0.03229160979,-0.00179846189,1
0.03435254842,0.1015801206,-0.03285437822,-0.002472358523,1
0.03435254842,0.1035501584,-0.03491454571,0.002011616249,1
0.03435254842,0.1055201963,-0.03450303897,0.002292768098,1
0.03435254842,0.1074902341,-0.0325726606,0.00118549855,1
0.03435254842,0.1094602719,-0.03029462136,-0.0001092603634,1
0.03435254842,0.1114303172,-0.02853864245,-0.004034834448,1
0.03435254842,0.113400355,-0.02140142769,-0.004534511827,1
0.03435254842,0.1153703928,-0.01631810144,-0.004229020327,1
0.03435254842,0.1173404306,-0.01121441741,-0.002323929919,1
0.03632258996,0.04838907719,0.0009563016938,0.008299494162,1
0.03632258996,0.050359115,-0.003573522205,0.008578027599,1
0.03632258996,0.05232915282,-0.006053884048,0.008059012704,1
0.03632258996,0.05429919064,-0.007666734979,0.00604340015,1
0.03632258996,0.05626922846,-0.01695147343,0.002060708124,1
0.03632258996,0.05823927,-0.01685065031,0.01762551069,1
0.03632258996,0.06020930782,-0.01906690374,0.009359596297,1
0.03632258996,0.06217934564,-0.02363619208,0.002182273194,1
0.03632258996,0.06414938718,-0.0326603204,0.005676967092,1
0.03632258996,0.066119425,-0.03422685713,0.009549371898,1
0.03632258996,0.06808946282,-0.04114546627,0.008661583066,1
0.03632258996,0.07005950063,-0.05036922172,0.007182438392,1
0.03632258996,0.07202953845,-0.05426387116,0.004399814643,1
0.03632258996,0.07399957627,-0.05817139521,0.0003975285799,1
0.03632258996,0.07596961409,-0.05032901466,0.001455338905,1
0.03632258996,0.07793965936,-0.04501188174,-0.009045287967,1
0.03632258996,0.07990969718,-0.04877518862,-0.007407725789,2
0.03632258996,0.08187973499,-0.05691610649,-0.002730206354,1
0.03632258996,0.08384977281,-0.05639870092,-0.001484377659,1
0.03632258996,0.08581981063,-0.05613704771,-0.0006149686524,1
0.03632258996,0.08778984845,-0.05732194707,-0.002031686949,1
0.03632258996,0.08975988626,-0.052792795,-0.002783616539,1
0.03632258996,0.09172992408,-0.04660660028,-0.002963432344,1
0.03632258996,0.0936999619,-0.04399785772,-0.0002704645158,1
0.03632258996,0.09567000717,-0.03976589069,0.001295870519,1
0.03632258996,0.09764004499,-0.0338294208,-0.0008604127215,1
0.03632258996,0.09961008281,-0.03139907867,0.0001705497125,1
0.03632258996,0.1015801206,-0.03279471025,-0.0002251386177,1
0.03632258996,0.1035501584,-0.03839242831,-0.001663068309,1
0.03632258996,0.1055201963,-0.03554692119,-0.002021178603,1
0.03632258996,0.1074902341,-0.03038220294,-0.002623065608,1
0.03632258996,0.1094602719,-0.02956110798,-0.002816496184,1
0.03632258996,0.1114303172,-0.02410820685,-0.004951265175,1
0.03632258996,0.113400355,-0.01449412201,-0.007247191388,1
0.03632258996,0.1153703928,-0.01696035452,-0.00219129608,1
0.03632258996,0.1173404306,-0.006125214044,-0.002463630401,1
0.03829262778,0.04838907719,0.002381127561,0.004200949799,1
0.03829262778,0.050359115,-0.004307130352,0.007066165097,1
0.03829262778,0.05232915282,-0.002804425545,0.006001633592,1
0.03829262778,0.05429919064,-0.009434358217,0.007861107588,1
0.03829262778,0.05626922846,-0.01508536655,0.01495959796,1
0.03829262778,0.05823927,-0.01856665313,0.02172446437,1
0.03829262778,0.06020930782,-0.02008805797,0.01421447005,1
0.03829262778,0.06217934564,-0.01788052171,0.006340396125,1
0.03829262778,0.06414938718,-0.02889518254,0.001411304343,1
0.03829262778,0.066119425,-0.0342345573,0.005039889365,1
0.03829262778,0.06808946282,-0.04288243875,0.007557965349,1
0.03829262778,0.07005950063,-0.04803413153,0.008968451992,1
0.03829262778,0.07202953845,-0.05167787895,0.006675648969,1
0.03829262778,0.07399957627,-0.05665773898,-0.001049197395,1
0.03829262778,0.07596961409,-0.05159085616,0.0001678487897,1
0.03829262778,0.07793965936,-0.0449667871,-0.006260012742,1
0.03829262778,0.07990969718,-0.04440646619,-0.008228574879,1
0.03829262778,0.08187973499,-0.05519841984,0.002029333729,1
0.03829262778,0.08384977281,-0.05594116077,0.004065223504,1
0.03829262778,0.08581981063,-0.05503694341,0.002982357284,1
0.03829262778,0.08778984845,-0.05549433455,-0.001808807137,1
0.03829262778,0.08975988626,-0.05410656705,-0.006264869589,1
0.03829262778,0.09172992408,-0.05001689494,-0.004432168324,1
0.03829262778,0.0936999619,-0.0456902571,-0.001971810125,1
0.03829262778,0.09567000717,-0.04225570336,0.0002387444983,1
0.03829262778,0.09764004499,-0.03798796982,0.0009321320103,1
0.03829262778,0.09961008281,-0.0377297774,0.002188939834,1
0.03829262778,0.1015801206,-0.03636620939,0.004111722577,1
0.03829262778,0.1035501584,-0.03059292212,0.004232585896,1
0.03829262778,0.1055201963,-0.03115911037,0.001347137149,1
0.03829262778,0.1074902341,-0.03171850741,-0.005104603246,1
0.03829262778,0.1094602719,-0.02394992113,-0.005990070291,1
0.03829262778,0.1114303172,-0.01674234308,-0.008445881307,1
0.03829262778,0.113400355,-0.01294314582,-0.01038809028,1
0.03829262778,0.1153703928,-0.009159785695,-0.0070095025,1
0.03829262778,0.1173404306,-0.005411446095,-0.005336274859,1
0.0402626656,0.04838907719,0.003488373477,0.0007329863729,1
0.0402626656,0.050359115,-0.004570505116,0.00590500934,1
0.0402626656,0.05232915282,-0.004274865147,0.00675120065,1
0.0402626656,0.05429919064,-0.01050475053,0.01203943603,1
0.0402626656,0.05626922846,-0.01460334845,0.01905337535,1
0.0402626656,0.05823927,-0.01814330928,0.02302083187,1
0.0402626656,0.06020930782,-0.02284055762,0.01275168452,1
0.0402626656,0.06217934564,-0.02169201523,0.007083214354,1
0.0402626656,0.06414938718,-0.02683307044,0.002877630293,1
0.0402626656,0.066119425,-0.0345011726,0.004962224979,1
0.0402626656,0.06808946282,-0.04369688779,0.007877870463,1
0.0402626656,0.07005950063,-0.0491162166,0.007684919052,1
0.0402626656,0.07202953845,-0.0531068556,0.004977793433,1
0.0402626656,0.07399957627,-0.05604628474,-0.00047571701,1
0.0402626656,0.07596961409,-0.05553326756,0.003033458488,1
0.0402626656,0.07793965936,-0.04969701171,0.005996705499,1
0.0402626656,0.07990969718,-0.0466879122,0.005853533745,1
0.0402626656,0.08187973499,-0.04716173932,0.006122461054,1
0.0402626656,0.08384977281,-0.050806012,0.006001138128,2
0.0402626656,0.08581981063,-0.05303455889,0.007100583054,1
0.0402626656,0.08778984845,-0.05402589589,5.543636235e-06,1
0.0402626656,0.08975988626,-0.05616638809,-0.005078035407,1
0.0402626656,0.09172992408,-0.05362502113,-0.002735406393,1
0.0402626656,0.0936999619,-0.05233969912,-0.003808671376,1
0.0402626656,0.09567000717,-0.04591269046,-0.00219645258,1
0.0402626656,0.09764004499,-0.04124344513,0.0003894185356,1
0.0402626656,0.09961008281,-0.03994574398,0.0008197967545,1
0.0402626656,0.1015801206,-0.03605073318,-0.001361154485,1
0.0402626656,0.1035501584,-0.03135636821,-0.002962340601,1
0.0402626656,0.1055201963,-0.03077346087,-0.005031048786,1
0.0402626656,0.1074902341,-0.02947581001,-0.007866013795,1
0.0402626656,0.1094602719,-0.02164039761,-0.005941162817,1
0.0402626656,0.1114303172,-0.01647263765,-0.006322276779,1
0.0402626656,0.113400355,-0.01171444263,-0.009801086038,1
0.0402626656,0.1153703928,-0.01018509548,-0.006797222886,1
0.0402626656,0.1173404306,-0.008311613463,-0.007775134873,1
0.04223270342,0.04838907719,-0.0008922806592,0.003213752294,2
0.04223270342,0.050359115,-0.004763727076,0.005363427103,1
0.04223270342,0.05232915282,-0.009642020799,0.01084267814,1
0.04223270342,0.05429919064,-0.01198802888,0.01670137234,1
0.04223270342,0.05626922846,-0.02016487345,0.01335183345,1
0.04223270342,0.05823927,-0.01734288596,0.00935447216,1
0.04223270342,0.06020930782,-0.01715769619,0.01081366651,2
0.04223270342,0.06217934564,-0.01812458597,0.009210431948,1
0.04223270342,0.06414938718,-0.02545050532,0.01006785501,1
0.04223270342,0.066119425,-0.03568810597,0.009751805104,1
0.04223270342,0.06808946282,-0.04329508916,0.01173720416,1
0.04223270342,0.07005950063,-0.04967227578,0.008975868113,1
0.04223270342,0.07202953845,-0.05618255213,0.005056962371,1
0.04223270342,0.07399957627,-0.05949174985,0.002358360915,1
0.04223270342,0.07596961409,-0.05731121078,0.003245629836,1
0.04223270342,0.07793965936,-0.05160812289,0.005431712139,1
0.04223270342,0.07990969718,-0.04761814699,0.004537609871,1
0.04223270342,0.08187973499,-0.04580531642,0.005999622867,1
0.04223270342,0.08384977281,-0.04708658904,0.006716285367,1
0.04223270342,0.08581981063,-0.04865079373,0.001323559671,1
0.04223270342,0.08778984845,-0.05486764386,-0.0002000375825,1
0.04223270342,0.08975988626,-0.0564507544,-0.001212254865,1
0.04223270342,0.09172992408,-0.0520057641,-0.004120331258,1
0.04223270342,0.0936999619,-0.0489329733,-0.004087087233,1
0.04223270342,0.09567000717,-0.04222578555,-0.003321547294,1
0.04223270342,0.09764004499,-0.0386322923,-0.000150816064,1
0.04223270342,0.09961008281,-0.03689964116,-0.002199552953,1
0.04223270342,0.1015801206,-0.03329495341,-0.005302896723,1
0.04223270342,0.1035501584,-0.02948954329,-0.006468764506,1
0.04223270342,0.1055201963,-0.02870222367,-0.009136798792,1
0.04223270342,0.1074902341,-0.026875671,-0.009905376472,1
0.04223270342,0.1094602719,-0.02181627229,-0.005650572013,1
0.04223270342,0.1114303172,-0.01737543009,-0.004330126103,1
0.04223270342,0.113400355,-0.012806057,-0.005909688771,1
0.04223270342,0.1153703928,-0.01490504853,-0.003739289939,1
0.04223270342,0.1173404306,-0.01151989587,-0.005781828426,1
0.04420274496,0.04838907719,-0.001401488553,0.00354484329,2
0.04420274496,0.050359115,-0.004826616962,0.004093727563,1
0.04420274496,0.05232915282,-0.01066562068,0.01186605543,1
0.04420274496,0.05429919064,-0.01237988658,0.01392066106,1
0.04420274496,0.05626922846,-0.01544465777,0.01152728312,2
0.04420274496,0.05823927,-0.01597875915,0.008312557824,1
0.04420274496,0.06020930782,-0.01032275334,0.01193807553,1
0.04420274496,0.06217934564,-0.0196034424,0.01529092435,1
0.04420274496,0.06414938718,-0.03247238696,0.01596392877,1
0.04420274496,0.066119425,-0.03903780505,0.01577463187,1
0.04420274496,0.06808946282,-0.04484821483,0.01411116403,1
0.04420274496,0.07005950063,-0.05145258084,0.0101750493,1
0.04420274496,0.07202953845,-0.0567105636,0.00769718457,1
0.04420274496,0.07399957627,-0.05951232836,0.003302305704,1
0.04420274496,0.07596961409,-0.05587749928,0.003959071357,1
0.04420274496,0.07793965936,-0.05182752758,0.00427926518,1
0.04420274496,0.07990969718,-0.04795802757,0.002185673453,1
0.04420274496,0.08187973499,-0.04484778643,0.0008432527538,1
0.04420274496,0.08384977281,-0.04791313782,-0.0005394571344,1
0.04420274496,0.08581981063,-0.04776195437,-0.0004079077626,1
0.04420274496,0.08778984845,-0.05023983121,-0.0009932409739,1
0.04420274496,0.08975988626,-0.04997925833,-0.001652614912,1
0.04420274496,0.09172992408,-0.05113046616,-0.00152449077,1
0.04420274496,0.0936999619,-0.05065282062,-0.001646163873,1
0.04420274496,0.09567000717,-0.0439670682,-0.004058736376,1
0.04420274496,0.09764004499,-0.03704421967,-0.001014041016,1
0.04420274496,0.09961008281,-0.03379282728,-0.001981172012,1
0.04420274496,0.1015801206,-0.02803209424,-0.005718791857,1
0.04420274496,0.1035501584,-0.01923820563,-0.01129372232,1
0.04420274496,0.1055201963,-0.01858115755,-0.01459863689,1
0.04420274496,0.1074902341,-0.01879584789,-0.01249018405,1
0.04420274496,0.1094602719,-0.02777257375,-0.008020834066,1
0.04420274496,0.1114303172,-0.02077843621,-0.003778649727,1
0.04420274496,0.113400355,-0.01751618832,-0.001905661193,1
0.04420274496,0.1153703928,-0.01610205695,-0.00324056088,1
0.04420274496,0.1173404306,-0.009183722548,-0.004361791536,1
0.04617278278,0.04838907719,0.001514431904,0.003327050013,1
0.04617278278,0.050359115,-0.003998566885,0.006176663563,1
0.04617278278,0.05232915282,-0.008182957768,0.01003933605,1
0.04617278278,0.05429919064,-0.01011224184,0.01113324706,1
0.04617278278,0.05626922846,-0.01325511001,0.01052407734,2
0.04617278278,0.05823927,-0.01413900591,0.009782747366,1
0.04617278278,0.06020930782,-0.01386433654,0.01168968808,1
0.04617278278,0.06217934564,-0.01930641197,0.01591419801,1
0.04617278278,0.06414938718,-0.03191778436,0.01545251068,1
0.04617278278,0.066119425,-0.03964807838,0.01565329917,1
0.04617278278,0.06808946282,-0.0450768359,0.01347451471,1
0.04617278278,0.07005950063,-0.05279103667,0.01073450316,1
0.04617278278,0.07202953845,-0.05605575815,0.01083741616,1
0.04617278278,0.07399957627,-0.05559903756,0.01001016609,1
0.04617278278,0.07596961409,-0.05144232139,0.008188369684,1
0.04617278278,0.07793965936,-0.04842457175,0.004624396097,1
0.04617278278,0.07990969718,-0.04722337797,-0.002185202669,1
0.04617278278,0.08187973499,-0.04872692004,9.857975965e-05,1
0.04617278278,0.08384977281,-0.04963455349,-0.001498397789,2
0.04617278278,0.08581981063,-0.0504514277,-0.001734187827,2
0.04617278278,0.08778984845,-0.04728392512,-0.001652806182,1
0.04617278278,0.08975988626,-0.04766606912,-0.0005089558545,1
0.04617278278,0.09172992408,-0.05228115991,0.002016213955,1
0.04617278278,0.0936999619,-0.05239706114,0.00224485551,1
0.04617278278,0.09567000717,-0.04017931968,-0.001814000076,1
0.04617278278,0.09764004499,-0.03531007096,0.005794789642,1
0.04617278278,0.09961008281,-0.03388547525,0.001180378837,1
0.04617278278,0.1015801206,-0.0276961606,-0.004043742083,1
0.04617278278,0.1035501584,-0.01877319254,-0.01057144534,1
0.04617278278,0.1055201963,-0.01729849353,-0.0121243475,1
0.04617278278,0.1074902341,-0.01657924987,-0.01124791894,1
0.04617278278,0.1094602719,-0.01973463781,-0.00705658365,1
0.04617278278,0.1114303172,-0.02019165456,-0.00228705979,1
0.04617278278,0.113400355,-0.01951253787,0.0006126973312,1
0.04617278278,0.1153703928,-0.01500243228,-0.002369974274,1
0.04617278278,0.1173404306,-0.009164426476,-0.004884092137,1
0.0481428206,0.04838907719,-0.004221231677,0.004875488114,1
0.0481428206,0.050359115,-0.006075409241,0.009085162543,1
0.0481428206,0.05232915282,-0.007407511119,0.00799609907,1
0.0481428206,0.05429919064,-0.009621373378,0.007668814156,1
0.0481428206,0.05626922846,-0.01332453359,0.009653032757,2
0.0481428206,0.05823927,-0.01185956784,0.009984830394,1
0.0481428206,0.06020930782,-0.01150901709,0.01146565564,1
0.0481428206,0.06217934564,-0.01924557611,0.01544356905,1
0.0481428206,0.06414938718,-0.02710845321,0.01308576856,1
0.0481428206,0.066119425,-0.03725466877,0.008562307805,1
0.0481428206,0.06808946282,-0.04413532093,0.01015764382,1
0.0481428206,0.07005950063,-0.05243961513,0.01166752819,1
0.0481428206,0.07202953845,-0.05523148924,0.01104059722,1
0.0481428206,0.07399957627,-0.05426361039,0.009184292518,1
0.0481428206,0.07596961409,-0.04764667526,0.006886145566,1
0.0481428206,0.07793965936,-0.04577060416,0.003020894248,1
0.0481428206,0.07990969718,-0.04796379432,-0.002188408747,1
0.0481428206,0.08187973499,-0.05015134439,-0.0001212083152,1
0.0481428206,0.08384977281,-0.05144671723,-0.0038185257,2
0.0481428206,0.08581981063,-0.05712528527,-0.003377639689,1
0.0481428206,0.08778984845,-0.0489365831,-0.002308350289,1
0.0481428206,0.08975988626,-0.05222106352,-5.000094461e-05,1
0.0481428206,0.09172992408,-0.05488406494,0.002305911621,1
0.0481428206,0.0936999619,-0.05372540653,0.00550398929,1
0.0481428206,0.09567000717,-0.0476183705,0.005418929737,1
0.0481428206,0.09764004499,-0.04043470323,0.006555164699,1
0.0481428206,0.09961008281,-0.03179632127,0.003724630456,1
0.0481428206,0.1015801206,-0.02357430942,-0.003082919866,1
0.0481428206,0.1035501584,-0.02030911669,-0.003206996014,1
0.0481428206,0.1055201963,-0.01912834309,-0.006757737603,1
0.0481428206,0.1074902341,-0.01674297079,-0.008451774716,1
0.0481428206,0.1094602719,-0.01814496145,-0.006359393708,1
0.0481428206,0.1114303172,-0.01943375729,-0.002474626061,1
0.0481428206,0.113400355,-0.01939661242,-0.0001877187315,1
0.0481428206,0.1153703928,-0.01568850875,-0.001956855645,1
0.0481428206,0.1173404306,-0.01180958748,-0.002569554141,1
0.05011285841,0.04838907719,-0.003498298815,0.003262593178,1
0.05011285841,0.050359115,-0.003263304709,0.01024542283,1
0.05011285841,0.05232915282,-0.004846421536,0.01183133759,1
0.05011285841,0.05429919064,-0.00966230128,0.01139709353,1
0.05011285841,0.05626922846,-0.0185620822,0.0104344096,1
0.05011285841,0.05823927,-0.01239151508,0.01411170233,1
0.05011285841,0.06020930782,-0.01292937901,0.01239706483,1
0.05011285841,0.06217934564,-0.02070352063,0.01158631407,1
0.05011285841,0.06414938718,-0.02667037398,0.01280348655,1
0.05011285841,0.066119425,-0.03879770637,0.00737301074,1
0.05011285841,0.06808946282,-0.0477181226,0.005789330229,1
0.05011285841,0.07005950063,-0.05184933916,0.00510071544,1
0.05011285841,0.07202953845,-0.05355086923,0.005858061835,1
0.05011285841,0.07399957627,-0.05301671848,0.00414741924,1
0.05011285841,0.07596961409,-0.05022673681,0.003251007758,1
0.05011285841,0.07793965936,-0.05126240104,0.004990251269,1
0.05011285841,0.07990969718,-0.05028646067,0.003330053762,1
0.05011285841,0.08187973499,-0.04869196564,-0.006590978242,1
0.05011285841,0.08384977281,-0.04887568951,-0.01027685683,1
0.05011285841,0.08581981063,-0.05161626264,-0.00554296514,1
0.05011285841,0.08778984845,-0.05096478388,-0.002223307267,1
0.05011285841,0.08975988626,-0.05200076103,-0.0002498889517,1
0.05011285841,0.09172992408,-0.05301482603,0.001133033424,1
0.05011285841,0.0936999619,-0.05420070887,0.006852526683,1
0.05011285841,0.09567000717,-0.05134892836,0.005761851091,1
0.05011285841,0.09764004499,-0.0433803536,0.005793080665,1
0.05011285841,0.09961008281,-0.03409973904,0.004447117914,1
0.05011285841,0.1015801206,-0.02662634104,7.636140072e-05,1
0.05011285841,0.1035501584,-0.02279133163,7.017374446e-05,1
0.05011285841,0.1055201963,-0.02010112815,-0.004321825691,1
0.05011285841,0.1074902341,-0.017854698,-0.007042416371,1
0.05011285841,0.1094602719,-0.02034437098,-0.006210208405,1
0.05011285841,0.1114303172,-0.02028558217,-0.003722177353,1
0.05011285841,0.113400355,-0.02080301195,-0.00196060352,1
0.05011285841,0.1153703928,-0.01859212667,-0.001462752931,1
0.05011285841,0.1173404306,-0.01659236103,-0.0008075007354,1
0.05208289623,0.04838907719,-0.002517786343,0.003334038192,1
0.05208289623,0.050359115,-0.002710550558,0.01025796216,1
0.05208289623,0.05232915282,-0.005260144826,0.01296573505,1
0.05208289623,0.05429919064,-0.01000296511,0.01475371234,1
0.05208289623,0.05626922846,-0.01484742668,0.01312804408,1
0.05208289623,0.05823927,-0.01243633591,0.01426167414,1
0.05208289623,0.06020930782,-0.01338294707,0.01145637874,1
0.05208289623,0.06217934564,-0.01971015707,0.008183299564,1
0.05208289623,0.06414938718,-0.03360526264,0.006230081897,1
0.05208289623,0.066119425,-0.0411939621,0.005955728237,1
0.05208289623,0.06808946282,-0.04678906128,0.006348970812,1
0.05208289623,0.07005950063,-0.05123042688,0.00541091105,2
0.05208289623,0.07202953845,-0.05614998564,0.002716592746,1
0.05208289623,0.07399957627,-0.05079918727,0.0002214099077,1
0.05208289623,0.07596961409,-0.05015354604,0.003070176346,1
0.05208289623,0.07793965936,-0.05439034104,0.004708774853,1
0.05208289623,0.07990969718,-0.05208333209,0.002838390879,1
0.05208289623,0.08187973499,-0.04599896446,-0.004745389801,1
0.05208289623,0.08384977281,-0.04555448517,-0.008362174965,1
0.05208289623,0.08581981063,-0.05051959679,-0.002166277496,1
0.05208289623,0.08778984845,-0.05198171735,0.0007218101528,1
0.05208289623,0.08975988626,-0.05424977466,0.003303393489,1
0.05208289623,0.09172992408,-0.05359663069,0.005446966738,1
0.05208289623,0.0936999619,-0.05452525243,0.007189103402,1
0.05208289623,0.09567000717,-0.05504764616,0.001058009802,1
0.05208289623,0.09764004499,-0.04101156816,-0.002016911283,1
0.05208289623,0.09961008281,-0.03048602119,-0.004407875706,1
0.05208289623,0.1015801206,-0.02645227872,-0.002117735101,1
0.05208289623,0.1035501584,-0.02396250144,-0.001987227006,1
0.05208289623,0.1055201963,-0.02318630368,-0.005127926357,1
0.05208289623,0.1074902341,-0.02096190304,-0.005944298115,1
0.05208289623,0.1094602719,-0.0207392443,-0.004824413452,1
0.05208289623,0.1114303172,-0.02042136714,-0.004755946808,1
0.05208289623,0.113400355,-0.01928910427,-0.004237625282,1
0.05208289623,0.1153703928,-0.018211307,-0.002140070777,1
0.05208289623,0.1173404306,-0.0192730464,-0.0017321083,1
0.05405293778,0.04838907719,-0.0007427373785,0.003068511374,1
0.05405293778,0.050359115,-0.003158221953,0.007338349707,1
0.05405293778,0.05232915282,-0.006099584047,0.01122464519,1
0.05405293778,0.05429919064,-0.008526293561,0.01300232206,1
0.05405293778,0.05626922846,-0.01085346006,0.009211231023,1
0.05405293778,0.05823927,-0.01309602801,0.007842219435,1
0.05405293778,0.06020930782,-0.01329730265,0.008624091744,1
0.05405293778,0.06217934564,-0.01839774475,0.006292594131,1
0.05405293778,0.06414938718,-0.03109850921,0.005744979251,1
0.05405293778,0.066119425,-0.03979470953,0.008891185746,1
0.05405293778,0.06808946282,-0.0444224067,0.01205394045,1
0.05405293778,0.07005950063,-0.05013331026,0.007477364503,2
0.05405293778,0.07202953845,-0.05535637587,0.006268832833,1
0.05405293778,0.07399957627,-0.04882090166,0.003052345477,1
0.05405293778,0.07596961409,-0.05477699265,0.002451167908,1
0.05405293778,0.07793965936,-0.05465491489,0.00265708915,1
0.05405293778,0.07990969718,-0.04929389805,0.001899857773,1
0.05405293778,0.08187973499,-0.04232664034,-0.001725808252,1
0.05405293778,0.08384977281,-0.04238906875,-0.004866055213,1
0.05405293778,0.08581981063,-0.04768994823,0.00268954807,1
0.05405293778,0.08778984845,-0.04950786009,0.004846286494,1
0.05405293778,0.08975988626,-0.05410036817,0.00320692081,1
0.05405293778,0.09172992408,-0.05437673628,0.003554765601,1
0.05405293778,0.0936999619,-0.05019576102,0.003479573177,1
0.05405293778,0.09567000717,-0.05189893022,-0.000359666039,1
0.05405293778,0.09764004499,-0.04007463902,-0.005779054947,1
0.05405293778,0.09961008281,-0.02869347855,-0.007791876327,1
0.05405293778,0.1015801206,-0.02332885377,-0.007585630286,1
0.05405293778,0.1035501584,-0.02077968232,-0.008746357635,1
0.05405293778,0.1055201963,-0.02229395881,-0.007603279781,1
0.05405293778,0.1074902341,-0.02087832615,-0.007667216938,1
0.05405293778,0.1094602719,-0.01579697058,-0.007585084997,1
0.05405293778,0.1114303172,-0.01229210664,-0.006633090321,1
0.05405293778,0.113400355,-0.01396641601,-0.006061505526,1
0.05405293778,0.1153703928,-0.01996572874,-0.004983674269,1
0.05405293778,0.1173404306,-0.02183583379,-0.003682776354,1
0.05602297559,0.04838907719,8.764523955e-05,0.002244120697,1
0.05602297559,0.050359115,-0.002662833314,0.00651645055,1
0.05602297559,0.05232915282,-0.006536758039,0.008986133151,1
0.05602297559,0.05429919064,-0.007641190197,0.00820447132,1
0.05602297559,0.05626922846,-0.007484472822,0.008126928471,1
0.05602297559,0.05823927,-0.005800364539,0.01182602718,1
0.05602297559,0.06020930782,-0.009049908258,0.01092047989,1
0.05602297559,0.06217934564,-0.01801281795,0.00510140555,1
0.05602297559,0.06414938718,-0.03110808879,0.00480106147,1
0.05602297559,0.066119425,-0.03971119598,0.009131382219,1
0.05602297559,0.06808946282,-0.04520294815,0.01061439794,1
0.05602297559,0.07005950063,-0.04952402785,0.006175773218,1
0.05602297559,0.07202953845,-0.04888245463,0.004241310991,1
0.05602297559,0.07399957627,-0.04950885475,0.0003441801528,1
0.05602297559,0.07596961409,-0.05207183585,-9.178375331e-05,1
0.05602297559,0.07793965936,-0.04988968,0.002552320249,1
0.05602297559,0.07990969718,-0.04193447903,0.002538280329,1
0.05602297559,0.08187973499,-0.03976698965,0.001819654251,1
0.05602297559,0.08384977281,-0.04409822077,0.003937724512,1
0.05602297559,0.08581981063,-0.04694036022,0.003776014317,1
0.05602297559,0.08778984845,-0.04877741635,0.002751641907,1
0.05602297559,0.08975988626,-0.05073396489,5.520616833e-05,1
0.05602297559,0.09172992408,-0.05358014256,0.0001206280358,1
0.05602297559,0.0936999619,-0.04772724211,-0.001372988801,1
0.05602297559,0.09567000717,-0.04526938871,-0.003368394682,1
0.05602297559,0.09764004499,-0.03896351904,-0.006841832772,1
0.05602297559,0.09961008281,-0.02820667438,-0.008625905029,1
0.05602297559,0.1015801206,-0.02080397122,-0.01049514767,1
0.05602297559,0.1035501584,-0.01846581697,-0.01187218167,1
0.05602297559,0.1055201963,-0.02083035931,-0.01485409681,1
0.05602297559,0.1074902341,-0.01827405393,-0.01517756656,1
0.05602297559,0.1094602719,-0.01331907231,-0.01068145875,1
0.05602297559,0.1114303172,-0.01120792609,-0.008578930981,1
0.05602297559,0.113400355,-0.01388785709,-0.006916143931,1
0.05602297559,0.1153703928,-0.01860054396,-0.004686516244,1
0.05602297559,0.1173404306,-0.01962876134,-0.005418066401,1
0.05799301341,0.04838907719,0.002396703931,0.001763046952,1
0.05799301341,0.050359115,-0.0007204469293,0.008064726368,1
0.05799301341,0.05232915282,-0.003962207586,0.01020273007,1
0.05799301341,0.05429919064,-0.004386119545,0.008479802869,1
0.05799301341,0.05626922846,-0.00304423552,0.01055126078,1
0.05799301341,0.05823927,-0.003263295395,0.01352674142,1
0.05799301341,0.06020930782,-0.008706626482,0.01140167657,1
0.05799301341,0.06217934564,-0.01944871247,0.006738159806,1
0.05799301341,0.06414938718,-0.03113726154,0.004419378471,1
0.05799301341,0.066119425,-0.03775139153,0.006256597582,1
0.05799301341,0.06808946282,-0.04430576414,0.00638992805,1
0.05799301341,0.07005950063,-0.0498537086,-2.409449553e-05,1
0.05799301341,0.07202953845,-0.04975337908,0.001258456148,1
0.05799301341,0.07399957627,-0.04853413254,0.001241692225,1
0.05799301341,0.07596961409,-0.04954824224,0.001516625984,1
0.05799301341,0.07793965936,-0.0458775349,0.005022237077,1
0.05799301341,0.07990969718,-0.04119629785,0.003136012703,1
0.05799301341,0.08187973499,-0.04062045738,0.00282680802,1
0.05799301341,0.08384977281,-0.04367251322,0.007169777993,1
0.05799301341,0.08581981063,-0.04605872929,0.00506846793,1
0.05799301341,0.08778984845,-0.04862443358,0.001775088022,1
0.05799301341,0.08975988626,-0.05084887892,0.001065596007,1
0.05799301341,0.09172992408,-0.05073264614,-0.000635857461,1
0.05799301341,0.0936999619,-0.04617268965,-0.000971244066,1
0.05799301341,0.09567000717,-0.04113660753,-0.001521102036,1
0.05799301341,0.09764004499,-0.03677174821,-0.006835714448,1
0.05799301341,0.09961008281,-0.02918907069,-0.008362781256,1
0.05799301341,0.1015801206,-0.02214183845,-0.009490277618,1
0.05799301341,0.1035501584,-0.02016526833,-0.01097291149,1
0.05799301341,0.1055201963,-0.02219375223,-0.01376268174,1
0.05799301341,0.1074902341,-0.01890296303,-0.0145107815,1
0.05799301341,0.1094602719,-0.01588467322,-0.01074923761,1
0.05799301341,0.1114303172,-0.0147814434,-0.008860133588,1
0.05799301341,0.113400355,-0.01707533374,-0.004240337294,1
0.05799301341,0.1153703928,-0.0168641042,-0.002994190669,1
0.05799301341,0.1173404306,-0.0157454852,-0.004849462304,1
0.05996305123,0.04838907719,0.002361095045,0.005390048027,1
0.05996305123,0.050359115,-0.0003058571019,0.005246348679,1
0.05996305123,0.05232915282,-0.002022396075,0.006323560607,1
0.05996305123,0.05429919064,-0.003354526591,0.006860905327,1
0.05996305123,0.05626922846,-0.0006803238066,0.01023385301,1
0.05996305123,0.05823927,-0.002844139468,0.01151272934,1
0.05996305123,0.06020930782,-0.01145567466,0.006582119036,1
0.05996305123,0.06217934564,-0.02176841162,0.003088600235,1
0.05996305123,0.06414938718,-0.03504136205,0.005293754861,1
0.05996305123,0.066119425,-0.03629078344,0.006232852582,1
0.05996305123,0.06808946282,-0.03889584914,0.005480697379,1
0.05996305123,0.07005950063,-0.04960094392,0.0008135230164,1
0.05996305123,0.07202953845,-0.0504123345,0.001421374502,1
0.05996305123,0.07399957627,-0.04913011566,0.004378910642,1
0.05996305123,0.07596961409,-0.05089281127,0.005422703922,1
0.05996305123,0.07793965936,-0.04999104142,0.005458171945,1
0.05996305123,0.07990969718,-0.04402099922,0.002810954582,1
0.05996305123,0.08187973499,-0.04250583425,0.002853468293,1
0.05996305123,0.08384977281,-0.04288161919,0.003652907675,2
0.05996305123,0.08581981063,-0.04903271049,0.00272082421,1
0.05996305123,0.08778984845,-0.0505525358,0.002264879178,1
0.05996305123,0.08975988626,-0.04961865768,0.002288369928,1
0.05996305123,0.09172992408,-0.04865452275,-0.001637751353,1
0.05996305123,0.0936999619,-0.04697832093,0.0002476224618,1
0.05996305123,0.09567000717,-0.04263728112,0.0006831465289,1
0.05996305123,0.09764004499,-0.03716976568,-0.002391486894,1
0.05996305123,0.09961008281,-0.03397938982,-0.002807032084,1
0.05996305123,0.1015801206,-0.02946675196,-0.001568956068,1
0.05996305123,0.1035501584,-0.0265095681,-0.001630688668,1
0.05996305123,0.1055201963,-0.0249479264,-0.00401163334,1
0.05996305123,0.1074902341,-0.01887539774,-0.004712629598,1
0.05996305123,0.1094602719,-0.01543619763,-0.006445952225,1
0.05996305123,0.1114303172,-0.01403193083,-0.00755229732,1
0.05996305123,0.113400355,-0.01675253734,-0.00315551809,1
0.05996305123,0.1153703928,-0.01594827883,-0.004924525507,1
0.05996305123,0.1173404306,-0.01672834158,-0.00309369131,1
0.06193309277,0.04838907719,0.001498387312,0.003112495644,1
0.06193309277,0.050359115,-0.0004966430715,0.00422908226,1
0.06193309277,0.05232915282,-0.0009809550829,0.005258705001,1
0.06193309277,0.05429919064,-0.00417538546,0.007516309619,1
0.06193309277,0.05626922846,-0.0008955863887,0.009223158471,1
0.06193309277,0.05823927,-0.003312638262,0.009036676027,1
0.06193309277,0.06020930782,-0.01331789047,5.04502168e-05,1
0.06193309277,0.06217934564,-0.02614864334,-0.0004762485041,1
0.06193309277,0.06414938718,-0.03539605439,0.004564162344,1
0.06193309277,0.066119425,-0.03691872954,0.006624166854,1
0.06193309277,0.06808946282,-0.03670038283,0.008387686685,1
0.06193309277,0.07005950063,-0.04614075273,0.007412835024,1
0.06193309277,0.07202953845,-0.05280976743,0.003945244942,1
0.06193309277,0.07399957627,-0.05528342724,0.007101584692,1
0.06193309277,0.07596961409,-0.05656195804,0.007385873701,1
0.06193309277,0.07793965936,-0.04976554215,0.00197894522,1
0.06193309277,0.07990969718,-0.05173412338,0.001301885699,1
0.06193309277,0.08187973499,-0.05540438741,0.003290514695,1
0.06193309277,0.08384977281,-0.03631541878,0.001867559855,1
0.06193309277,0.08581981063,-0.04795905948,0.003701205365,1
0.06193309277,0.08778984845,-0.04741023108,0.001827625325,1
0.06193309277,0.08975988626,-0.04929994792,-0.0001453379227,1
0.06193309277,0.09172992408,-0.049065236,-0.0009094937705,1
0.06193309277,0.0936999619,-0.04715345427,0.0005398563226,1
0.06193309277,0.09567000717,-0.04410517961,0.001935188426,1
0.06193309277,0.09764004499,-0.03936432302,0.001693111612,1
0.06193309277,0.09961008281,-0.04520286247,0.009752247483,1
0.06193309277,0.1015801206,-0.0327097699,0.002597187413,1
0.06193309277,0.1035501584,-0.02740278281,0.001985759242,1
0.06193309277,0.1055201963,-0.02239358984,0.0004143340921,1
0.06193309277,0.1074902341,-0.01694606431,-0.001984246075,1
0.06193309277,0.1094602719,-0.01513588242,-0.005734704901,1
0.06193309277,0.1114303172,-0.01498634275,-0.008241968229,1
0.06193309277,0.113400355,-0.01428640727,-0.006412487943,1
0.06193309277,0.1153703928,-0.01430128701,-0.005155720282,1
0.06193309277,0.1173404306,-0.01603057422,4.104994787e-06,1
0.06390313059,0.04838907719,0.0007954479079,0.002968618646,2
0.06390313059,0.050359115,-0.0001256382966,0.005452787504,1
0.06390313059,0.05232915282,-0.001613289933,0.007276095916,1
0.06390313059,0.05429919064,-0.004213795066,0.005743631627,1
0.06390313059,0.05626922846,-0.003827027278,0.006065503694,1
0.06390313059,0.05823927,-0.005924005993,0.006131799892,1
0.06390313059,0.06020930782,-0.01587777026,0.001238540513,1
0.06390313059,0.06217934564,-0.02926629223,0.00178818882,1
0.06390313059,0.06414938718,-0.0383631736,0.00549821509,1
0.06390313059,0.066119425,-0.04147572443,0.007286000997,1
0.06390313059,0.06808946282,-0.03732712567,0.009598746896,1
0.06390313059,0.07005950063,-0.04261127114,0.01227532048,1
0.06390313059,0.07202953845,-0.05259039998,0.008215123788,1
0.06390313059,0.07399957627,-0.05804131925,0.0118403472,1
0.06390313059,0.07596961409,-0.05831777304,0.01109549683,1
0.06390313059,0.07793965936,-0.05491163954,0.006190215703,1
0.06390313059,0.07990969718,-0.05498271435,0.004792536143,1
0.06390313059,0.08187973499,-0.05488016084,-9.880324069e-05,1
0.06390313059,0.08384977281,-0.04632872716,0.002316425322,1
0.06390313059,0.08581981063,-0.04151974618,0.004376979079,1
0.06390313059,0.08778984845,-0.04089825228,0.001561419689,1
0.06390313059,0.08975988626,-0.04606335983,-0.001007689629,1
0.06390313059,0.09172992408,-0.04670143127,0.002577923005,1
0.06390313059,0.0936999619,-0.04487512261,0.003821644699,1
0.06390313059,0.09567000717,-0.0448740162,0.003698214423,1
0.06390313059,0.09764004499,-0.04207223281,0.005012069829,1
0.06390313059,0.09961008281,-0.04121149704,0.007184342016,2
0.06390313059,0.1015801206,-0.03622962907,0.007556886412,2
0.06390313059,0.1035501584,-0.03089342639,0.008832393214,1
0.06390313059,0.1055201963,-0.02130843699,0.004768173676,1
0.06390313059,0.1074902341,-0.0147947846,-0.0007646986051,1
0.06390313059,0.1094602719,-0.01614128426,-0.005094285589,1
0.06390313059,0.1114303172,-0.01327704452,-0.006448304746,1
0.06390313059,0.113400355,-0.01136143319,-0.006223372184,1
0.06390313059,0.1153703928,-0.01311671082,-0.004058544058,1
0.06390313059,0.1173404306,-0.01451999787,0.003215987468,1
0.06587316841,0.04838907719,0.001013594563,0.0003405723255,1
0.06587316841,0.050359115,-0.0005099918926,0.005387469195,1
0.06587316841,0.05232915282,-0.002020864515,0.006919190753,1
0.06587316841,0.05429919064,-0.003894443158,0.003782819491,1
0.06587316841,0.05626922846,-0.006674143951,0.003170409938,1
0.06587316841,0.05823927,-0.01378388796,0.00531845307,1
0.06587316841,0.06020930782,-0.01923735999,0.003743265057,1
0.06587316841,0.06217934564,-0.03000781499,0.007780897897,1
0.06587316841,0.06414938718,-0.03798844665,0.007283264305,1
0.06587316841,0.066119425,-0.04191692919,0.007318724878,1
0.06587316841,0.06808946282,-0.03823503479,0.009306781925,1
0.06587316841,0.07005950063,-0.04697101191,0.01191850379,1
0.06587316841,0.07202953845,-0.0602279529,0.01077608112,1
0.06587316841,0.07399957627,-0.06426125765,0.01611916348,1
0.06587316841,0.07596961409,-0.06046137586,0.01242013741,1
0.06587316841,0.07793965936,-0.0566939339,0.006297569722,1
0.06587316841,0.07990969718,-0.05378995091,0.00527661154,1
0.06587316841,0.08187973499,-0.05496931076,-0.001767308684,1
0.06587316841,0.08384977281,-0.04517810419,0.0001015175949,1
0.06587316841,0.08581981063,-0.03706476837,0.00208992837,1
0.06587316841,0.08778984845,-0.03759821132,0.0002001753019,1
0.06587316841,0.08975988626,-0.04201296717,-0.0003494556295,1
0.06587316841,0.09172992408,-0.03905883431,0.004808695987,1
0.06587316841,0.0936999619,-0.04449168593,0.005785814486,1
0.06587316841,0.09567000717,-0.04656778276,0.006149627734,1
0.06587316841,0.09764004499,-0.04442455247,0.002266171621,1
0.06587316841,0.09961008281,-0.04134126008,0.00641616527,1
0.06587316841,0.1015801206,-0.04010381922,0.01161362138,1
0.06587316841,0.1035501584,-0.03548109531,0.01151032373,1
0.06587316841,0.1055201963,-0.02603576705,0.007176261395,1
0.06587316841,0.1074902341,-0.01605425589,0.003006903222,1
0.06587316841,0.1094602719,-0.01514548436,-0.001113111502,1
0.06587316841,0.1114303172,-0.01404716168,-0.003527760739,1
0.06587316841,0.113400355,-0.009588520974,-0.00511237327,1
0.06587316841,0.1153703928,-0.009090671316,-0.005910827313,1
0.06587316841,0.1173404306,-0.01065901853,-0.003553797258,1
0.06784320623,0.04838907719,0.002310804557,0.004756441806,1
0.06784320623,0.050359115,-0.001277395291,0.006103224587,1
0.06784320623,0.05232915282,-0.003250279464,0.005998538807,1
0.06784320623,0.05429919064,-0.004237368703,0.006576605607,1
0.06784320623,0.05626922846,-0.005234276876,0.005882244091,1
0.06784320623,0.05823927,-0.01008471288,0.00572819449,1
0.06784320623,0.06020930782,-0.01822559163,0.002824097639,1
0.06784320623,0.06217934564,-0.02935646847,0.01107236464,1
0.06784320623,0.06414938718,-0.03868925199,0.007239005063,1
0.06784320623,0.066119425,-0.03835756704,0.00298698293,1
0.06784320623,0.06808946282,-0.0459382087,0.004479317926,1
0.06784320623,0.07005950063,-0.0594085604,0.00805144012,1
0.06784320623,0.07202953845,-0.06492657214,0.006475900766,1
0.06784320623,0.07399957627,-0.07249660045,0.01097827218,1
0.06784320623,0.07596961409,-0.07128223777,0.01216781419,1
0.06784320623,0.07793965936,-0.0652506873,0.008733661845,1
0.06784320623,0.07990969718,-0.05913874507,0.007535049226,1
0.06784320623,0.08187973499,-0.05080835149,-0.002136845142,1
0.06784320623,0.08384977281,-0.04716411233,-0.002144982573,1
0.06784320623,0.08581981063,-0.03756220266,0.002246847842,1
0.06784320623,0.08778984845,-0.03678471223,0.00285075698,1
0.06784320623,0.08975988626,-0.04140634462,0.0003965771757,1
0.06784320623,0.09172992408,-0.04699284583,0.003460976062,1
0.06784320623,0.0936999619,-0.05013882741,0.005262175109,1
0.06784320623,0.09567000717,-0.0503481403,0.007514483761,1
0.06784320623,0.09764004499,-0.0467662774,0.008306004107,1
0.06784320623,0.09961008281,-0.04268585891,0.008084278554,1
0.06784320623,0.1015801206,-0.03509441018,0.008421361446,1
0.06784320623,0.1035501584,-0.03072131239,0.01024281792,1
0.06784320623,0.1055201963,-0.02185215987,0.005541558843,1
0.06784320623,0.1074902341,-0.01390360389,0.0008941259002,1
0.06784320623,0.1094602719,-0.01307390723,-0.001693330356,1
0.06784320623,0.1114303172,-0.01255599409,-0.002563296352,1
0.06784320623,0.113400355,-0.009781714529,-0.00392977614,1
0.06784320623,0.1153703928,-0.008115134202,-0.006267698947,1
0.06784320623,0.1173404306,-0.007915052585,-0.007044218481,1
0.06981324404,0.04838907719,0.001067587524,0.006446781103,1
0.06981324404,0.050359115,-0.003014592454,0.005401749164,1
0.06981324404,0.05232915282,-0.004027662799,0.004494493827,1
0.06981324404,0.05429919064,-0.004740613513,0.007108002435,1
0.06981324404,0.05626922846,-0.004071738105,0.007431567647,1
0.06981324404,0.05823927,-0.007558418903,0.005712110084,1
0.06981324404,0.06020930782,-0.01513111964,0.008160548285,1
0.06981324404,0.06217934564,-0.02625230327,0.008658211678,1
0.06981324404,0.06414938718,-0.04478850216,0.004587951116,1
0.06981324404,0.066119425,-0.03851256892,0.001568579115,1
0.06981324404,0.06808946282,-0.04808896035,0.0022533827,1
0.06981324404,0.07005950063,-0.07026649266,0.006449821871,1
0.06981324404,0.07202953845,-0.07396818697,0.008191250265,1
0.06981324404,0.07399957627,-0.07295107841,0.01219545491,1
0.06981324404,0.07596961409,-0.0707013607,0.01134321,1
0.06981324404,0.07793965936,-0.04372126237,-0.0008894250495,1
0.06981324404,0.07990969718,-0.04134494811,-0.003884233767,1
0.06981324404,0.08187973499,-0.04748301581,-0.006221532822,1
0.06981324404,0.08384977281,-0.04774823412,-0.003208505921,1
0.06981324404,0.08581981063,-0.04267797247,0.001233815099,1
0.06981324404,0.08778984845,-0.03868971765,0.004984679166,1
0.06981324404,0.08975988626,-0.04149278626,0.003087433288,1
0.06981324404,0.09172992408,-0.04900305346,0.006515833084,1
0.06981324404,0.0936999619,-0.05200192332,0.008889206685,1
0.06981324404,0.09567000717,-0.04978714883,0.009863129817,1
0.06981324404,0.09764004499,-0.04844973609,0.0135171013,1
0.06981324404,0.09961008281,-0.04449366406,0.01468126848,1
0.06981324404,0.1015801206,-0.03011701256,0.0002454361529,1
0.06981324404,0.1035501584,-0.01913498528,0.006735658273,1
0.06981324404,0.1055201963,-0.009926850908,0.004413181916,1
0.06981324404,0.1074902341,-0.007656699978,-0.004152709618,1
0.06981324404,0.1094602719,-0.01235172618,-0.002896751743,1
0.06981324404,0.1114303172,-0.0109643694,-0.002926054643,1
0.06981324404,0.113400355,-0.008495149203,-0.0004787382786,1
0.06981324404,0.1153703928,-0.01216040272,-0.0005496711819,1
0.06981324404,0.1173404306,-0.01105945744,-0.001597803785,1
0.07178328186,0.04838907719,-0.001686464529,0.004068119917,1
0.07178328186,0.050359115,-0.002167402301,0.003085646313,1
0.07178328186,0.05232915282,-0.004359091166,0.002902388806,1
0.07178328186,0.05429919064,-0.006948454306,0.005309338216,1
0.07178328186,0.05626922846,-0.005887472536,0.006225608755,1
0.07178328186,0.05823927,-0.009732416831,0.006186423823,1
0.07178328186,0.06020930782,-0.01679707877,0.008747477084,1
0.07178328186,0.06217934564,-0.0253236834,0.008934030309,1
0.07178328186,0.06414938718,-0.03886731714,0.003365122946,1
0.07178328186,0.066119425,-0.03786375001,0.001810998423,1
0.07178328186,0.06808946282,-0.04205015302,0.008654906414,1
0.07178328186,0.07005950063,-0.0700674206,0.004512335174,1
0.07178328186,0.07202953845,-0.06960874051,0.004920450505,1
0.07178328186,0.07399957627,-0.06977703422,0.004322330002,1
0.07178328186,0.07596961409,-0.07057721913,0.004718741868,1
0.07178328186,0.07793965936,-0.03994078189,-0.001835973351,1
0.07178328186,0.07990969718,-0.04105751961,-0.004426724743,1
0.07178328186,0.08187973499,-0.04761824757,-0.007596574258,1
0.07178328186,0.08384977281,-0.04967052862,-0.003219176782,1
0.07178328186,0.08581981063,-0.05119648203,-0.001433308935,1
0.07178328186,0.08778984845,-0.04211069643,-0.0002956873213,1
0.07178328186,0.08975988626,-0.04205853865,0.004018089734,1
0.07178328186,0.09172992408,-0.0495338887,0.009964250959,1
0.07178328186,0.0936999619,-0.05242228881,0.0144666275,1
0.07178328186,0.09567000717,-0.0466853492,0.0115990378,1
0.07178328186,0.09764004499,-0.04693773016,0.01388801355,1
0.07178328186,0.09961008281,-0.04243947566,0.0109037729,1
0.07178328186,0.1015801206,-0.02675187774,-0.004316215403,1
0.07178328186,0.1035501584,-0.01368131395,-0.01045300346,1
0.07178328186,0.1055201963,-0.008431548253,-0.004202573095,1
0.07178328186,0.1074902341,-0.007195683196,-0.005380910821,1
0.07178328186,0.1094602719,-0.01336873043,-0.004423120059,1
0.07178328186,0.1114303172,-0.01072888821,-0.003516890574,1
0.07178328186,0.113400355,-0.007669765502,-0.002292126417,1
0.07178328186,0.1153703928,-0.01283387933,0.0004973578616,1
0.07178328186,0.1173404306,-0.01175017189,0.0001253982919,1
0.07375332713,0.04838907719,-0.005392571446,0.002938395832,1
0.07375332713,0.050359115,-0.004486131947,0.002292340156,1
0.07375332713,0.05232915282,-0.006620058324,0.001356090535,1
0.07375332713,0.05429919064,-0.007395501714,0.002015212318,1
0.07375332713,0.05626922846,-0.007683846168,0.003960875329,1
0.07375332713,0.05823927,-0.01521610469,0.006413823459,1
0.07375332713,0.06020930782,-0.02315557562,0.005893620197,1
0.07375332713,0.06217934564,-0.03151433542,0.006593873724,1
0.07375332713,0.06414938718,-0.03521117941,0.00564912241,1
0.07375332713,0.066119425,-0.0401135087,0.003941058647,1
0.07375332713,0.06808946282,-0.04994412884,0.006628016476,1
0.07375332713,0.07005950063,-0.05641984567,0.004313746467,1
0.07375332713,0.07202953845,-0.0632456392,0.0007326385239,1
0.07375332713,0.07399957627,-0.0641432628,0.0002812405874,1
0.07375332713,0.07596961409,-0.05838274211,0.002514370484,1
0.07375332713,0.07793965936,-0.05006606132,0.001487214467,1
0.07375332713,0.07990969718,-0.04572265968,-0.003285643645,1
0.07375332713,0.08187973499,-0.04494642839,-0.002680937294,1
0.07375332713,0.08384977281,-0.0477748923,-0.001328687766,1
0.07375332713,0.08581981063,-0.05399561301,-0.0006435161922,1
0.07375332713,0.08778984845,-0.0549678877,-0.002135305433,1
0.07375332713,0.08975988626,-0.05565450341,0.002808614634,1
0.07375332713,0.09172992408,-0.05782787502,0.01108425204,1
0.07375332713,0.0936999619,-0.05704963207,0.01528184582,1
0.07375332713,0.09567000717,-0.05259219557,0.02234179899,1
0.07375332713,0.09764004499,-0.05028305948,0.01162485871,1
0.07375332713,0.09961008281,-0.03647277877,0.003821016755,1
0.07375332713,0.1015801206,-0.02495126426,-0.0009171222919,1
0.07375332713,0.1035501584,-0.01680086553,-0.01274809986,1
0.07375332713,0.1055201963,-0.01197214052,-0.009798228741,1
0.07375332713,0.1074902341,-0.01182681229,-0.005518675316,1
0.07375332713,0.1094602719,-0.0119420616,-0.006616739556,1
0.07375332713,0.1114303172,-0.009855837561,-0.004311322235,1
0.07375332713,0.113400355,-0.008819050156,-0.002268831246,1
0.07375332713,0.1153703928,-0.01206423528,4.961684317e-05,1
0.07375332713,0.1173404306,-0.01155023463,-0.0002408490691,1
0.07572336495,0.04838907719,-0.0112539418,0.0002339256898,1
0.07572336495,0.050359115,-0.006525449455,0.0001701710135,1
0.07572336495,0.05232915282,-0.006754179485,-0.0002599498257,1
0.07572336495,0.05429919064,-0.008295842446,-0.0007465434028,1
0.07572336495,0.05626922846,-0.01316903066,-8.39027125e-05,1
0.07572336495,0.05823927,-0.01949211955,0.001278705895,1
0.07572336495,0.06020930782,-0.02859612741,0.001710732933,1
0.07572336495,0.06217934564,-0.03672899306,0.004474083427,1
0.07572336495,0.06414938718,-0.04871772975,0.009025067091,1
0.07572336495,0.066119425,-0.04291288555,0.001889144769,1
0.07572336495,0.06808946282,-0.04819983989,0.003930918407,1
0.07572336495,0.07005950063,-0.05234297365,0.005614633206,1
0.07572336495,0.07202953845,-0.05706744641,0.006460424513,1
0.07572336495,0.07399957627,-0.0613281168,0.005047686864,1
0.07572336495,0.07596961409,-0.05817982182,0.004910175223,1
0.07572336495,0.07793965936,-0.05220004171,0.003170387819,1
0.07572336495,0.07990969718,-0.04608655348,-0.00112465967,1
0.07572336495,0.08187973499,-0.04492966831,-0.00179503893,1
0.07572336495,0.08384977281,-0.04490905255,-0.001718373736,1
0.07572336495,0.08581981063,-0.04676894099,-0.003372029634,1
0.07572336495,0.08778984845,-0.05970824137,0.001061659656,1
0.07572336495,0.08975988626,-0.06267052889,0.007629551459,1
0.07572336495,0.09172992408,-0.05994714051,0.01130760554,1
0.07572336495,0.0936999619,-0.05176637694,0.01169595215,1
0.07572336495,0.09567000717,-0.03997342288,0.01635563932,1
0.07572336495,0.09764004499,-0.04358769581,0.008557578549,1
0.07572336495,0.09961008281,-0.03122725897,0.003408306744,1
0.07572336495,0.1015801206,-0.01906466298,-0.002255095169,1
0.07572336495,0.1035501584,-0.006699527614,-0.008814769797,1
0.07572336495,0.1055201963,-0.006811636034,-0.00846074149,1
0.07572336495,0.1074902341,-0.009682091884,-0.007804101333,1
0.07572336495,0.1094602719,-0.009357172996,-0.00652788952,1
0.07572336495,0.1114303172,-0.01052224915,-0.003407381941,1
0.07572336495,0.113400355,-0.0117183784,-0.001763735665,1
0.07572336495,0.1153703928,-0.01239425037,-0.002044197638,1
0.07572336495,0.1173404306,-0.01094541699,-0.001860070508,1
0.07769340277,0.04838907719,-0.009539321065,-0.003932574298,1
0.07769340277,0.050359115,-0.01033993065,-0.00428619422,1
0.07769340277,0.05232915282,-0.007988156751,-0.004227411933,1
0.07769340277,0.05429919064,-0.01102342457,-0.006611358374,1
0.07769340277,0.05626922846,-0.01936132088,-0.00713147549,1
0.07769340277,0.05823927,-0.02672159858,-0.004077794962,1
0.07769340277,0.06020930782,-0.04512701184,-0.003923099488,1
0.07769340277,0.06217934564,-0.05506276712,-0.002090976108,1
0.07769340277,0.06414938718,-0.05334955826,0.01030715555,1
0.07769340277,0.066119425,-0.04586564004,0.001784671796,1
0.07769340277,0.06808946282,-0.04932561144,0.00569390459,1
0.07769340277,0.07005950063,-0.05282388255,0.008216622286,1
0.07769340277,0.07202953845,-0.0576149486,0.007889347151,1
0.07769340277,0.07399957627,-0.06039436534,0.00864888262,1
0.07769340277,0.07596961409,-0.05734035745,0.009352178313,1
0.07769340277,0.07793965936,-0.05017001554,0.00134609791,1
0.07769340277,0.07990969718,-0.04415697604,-0.001147874398,1
0.07769340277,0.08187973499,-0.04441763461,-0.0002560678695,1
0.07769340277,0.08384977281,-0.04692803696,0.001139748725,1
0.07769340277,0.08581981063,-0.0514642261,0.002946431981,1
0.07769340277,0.08778984845,-0.05919200554,0.005292380229,1
0.07769340277,0.08975988626,-0.06539824605,0.01411140803,1
0.07769340277,0.09172992408,-0.06352867186,0.008090588264,1
0.07769340277,0.0936999619,-0.06047489867,0.004150155,1
0.07769340277,0.09567000717,-0.05431168154,0.003746436909,1
0.07769340277,0.09764004499,-0.04006670043,0.0003740433021,1
0.07769340277,0.09961008281,-0.0286403317,0.0008548842743,1
0.07769340277,0.1015801206,-0.01888090558,-0.001088751364,1
0.07769340277,0.1035501584,-0.009793371893,-0.003481352935,1
0.07769340277,0.1055201963,-0.005865481682,-0.005217118189,1
0.07769340277,0.1074902341,-0.01018742844,-0.005959728733,1
0.07769340277,0.1094602719,-0.008653126657,-0.006112491246,1
0.07769340277,0.1114303172,-0.01003869995,-0.003597624134,1
0.07769340277,0.113400355,-0.0115722809,-0.002101482125,1
0.07769340277,0.1153703928,-0.01101333741,-0.00420362642,1
0.07769340277,0.1173404306,-0.008409658447,-0.004196845926,1
0.07966344059,0.04838907719,-0.007924663834,-0.007827938534,1
0.07966344059,0.050359115,-0.01237416826,-0.009796238504,1
0.07966344059,0.05232915282,-0.01266910229,-0.009493946098,1
0.07966344059,0.05429919064,-0.01339588221,-0.01088031754,1
0.07966344059,0.05626922846,-0.02500711009,-0.01130816899,1
0.07966344059,0.05823927,-0.03787835687,-0.007254177239,1
0.07966344059,0.06020930782,-0.04472593963,-0.007154140156,2
0.07966344059,0.06217934564,-0.05725216493,-0.006500776391,1
0.07966344059,0.06414938718,-0.05438341945,0.01276027132,1
0.07966344059,0.066119425,-0.04588572308,0.009545849636,1
0.07966344059,0.06808946282,-0.05364939198,0.01295829751,1
0.07966344059,0.07005950063,-0.0582998693,0.01076165959,1
0.07966344059,0.07202953845,-0.05876024812,0.006663500331,1
0.07966344059,0.07399957627,-0.05763842538,0.004401122686,1
0.07966344059,0.07596961409,-0.04884177819,0.001125397393,1
0.07966344059,0.07793965936,-0.04380635917,-0.003796832869,1
0.07966344059,0.07990969718,-0.04291649163,-0.007614485919,1
0.07966344059,0.08187973499,-0.04605128616,-0.007801028434,1
0.07966344059,0.08384977281,-0.05183990672,0.009663552977,1
0.07966344059,0.08581981063,-0.05677652732,0.01019593142,1
0.07966344059,0.08778984845,-0.06014995649,0.005825681146,1
0.07966344059,0.08975988626,-0.06217500195,0.001719259541,1
0.07966344059,0.09172992408,-0.06495242566,0.001103909337,1
0.07966344059,0.0936999619,-0.06707971543,-0.003464712063,1
0.07966344059,0.09567000717,-0.04884270579,-0.008830593899,2
0.07966344059,0.09764004499,-0.0342990756,-0.01415016782,1
0.07966344059,0.09961008281,-0.02883557975,-0.003519821912,1
0.07966344059,0.1015801206,-0.02071393654,-0.008011557162,1
0.07966344059,0.1035501584,-0.01409261581,-0.008527781814,1
0.07966344059,0.1055201963,-0.005394958425,-0.006219668314,1
0.07966344059,0.1074902341,-0.007272681221,-0.004022081848,1
0.07966344059,0.1094602719,-0.008561064489,-0.005626052152,1
0.07966344059,0.1114303172,-0.007058200426,-0.004581999034,1
0.07966344059,0.113400355,-0.009539671242,-0.00155089912,1
0.07966344059,0.1153703928,-0.01129982714,-0.0005064731231,1
0.07966344059,0.1173404306,-0.01018324681,-0.002548250603,1
0.0816334784,0.04838907719,-0.00484266784,-0.005825171713,1
0.0816334784,0.050359115,-0.01152984984,-0.007484213915,1
0.0816334784,0.05232915282,-0.01336705126,-0.007943523116,1
0.0816334784,0.05429919064,-0.02153623663,-0.01454538945,1
0.0816334784,0.05626922846,-0.02463173307,-0.01261857711,1
0.0816334784,0.05823927,-0.03150256723,-0.01041832846,1
0.0816334784,0.06020930782,-0.03864622861,-0.01093850657,1
0.0816334784,0.06217934564,-0.04485537112,-0.009072409011,1
0.0816334784,0.06414938718,-0.04856592044,-0.002606234746,1
0.0816334784,0.066119425,-0.04462110251,0.006398613099,1
0.0816334784,0.06808946282,-0.05132411793,0.006861128379,1
0.0816334784,0.07005950063,-0.05850766599,0.004554499872,1
0.0816334784,0.07202953845,-0.05477665737,0.002089755144,1
0.0816334784,0.07399957627,-0.04532522336,-0.003198242746,1
0.0816334784,0.07596961409,-0.04304097965,-0.00477816537,1
0.0816334784,0.07793965936,-0.04474505037,-0.0102002155,1
0.0816334784,0.07990969718,-0.04464400187,-0.01299166027,1
0.0816334784,0.08187973499,-0.04767694324,-0.01021382771,1
0.0816334784,0.08384977281,-0.05889611691,0.01064501982,1
0.0816334784,0.08581981063,-0.0590682514,0.003335542046,1
0.0816334784,0.08778984845,-0.06070980057,-1.181253811e-05,1
0.0816334784,0.08975988626,-0.06351776421,-0.0003857192351,1
0.0816334784,0.09172992408,-0.06672158837,-0.002168524545,1
0.0816334784,0.0936999619,-0.06441384554,-0.004390507936,1
0.0816334784,0.09567000717,-0.0396803394,-0.02145393379,1
0.0816334784,0.09764004499,-0.03038579598,-0.01848562062,1
0.0816334784,0.09961008281,-0.02314700559,-0.01408625487,1
0.0816334784,0.1015801206,-0.01905116625,-0.01497988589,1
0.0816334784,0.1035501584,-0.01494170818,-0.01685023867,1
0.0816334784,0.1055201963,-0.007070849184,-0.008872566745,1
0.0816334784,0.1074902341,-0.004853017163,-0.002504436532,1
0.0816334784,0.1094602719,-0.00310927676,-0.005302723031,1
0.0816334784,0.1114303172,-0.003037245944,-0.004114219919,1
0.0816334784,0.113400355,-0.008154511452,-0.001116336323,1
0.0816334784,0.1153703928,-0.01162062213,0.001701134373,1
0.0816334784,0.1173404306,-0.01440231316,0.001167680137,1
0.08360351622,0.04838907719,-0.00680772448,-0.008289861493,1
0.08360351622,0.050359115,-0.01604692452,-0.00694986945,1
0.08360351622,0.05232915282,-0.01833692379,-0.007335367147,1
0.08360351622,0.05429919064,-0.02626089007,-0.01431763824,1
0.08360351622,0.05626922846,-0.02976517007,-0.01100780908,1
0.08360351622,0.05823927,-0.03300321102,-0.0101452535,1
0.08360351622,0.06020930782,-0.03712009266,-0.01351207681,1
0.08360351622,0.06217934564,-0.04382680729,-0.01157454774,1
0.08360351622,0.06414938718,-0.04948097095,-0.004492968787,1
0.08360351622,0.066119425,-0.04683819413,0.003123139031,1
0.08360351622,0.06808946282,-0.05084917322,0.003241830971,1
0.08360351622,0.07005950063,-0.0581122227,-0.000424802216,1
0.08360351622,0.07202953845,-0.05261612311,-0.003770050127,1
0.08360351622,0.07399957627,-0.04912498221,-0.001494723139,1
0.08360351622,0.07596961409,-0.04821778089,-0.00907007046,1
0.08360351622,0.07793965936,-0.04444295168,-0.01091383304,1
0.08360351622,0.07990969718,-0.04390927032,-0.009787031449,1
0.08360351622,0.08187973499,-0.05565040931,-0.003890345106,1
0.08360351622,0.08384977281,-0.06164945662,0.002324442845,1
0.08360351622,0.08581981063,-0.06065841764,-0.004734185524,1
0.08360351622,0.08778984845,-0.06342575699,-0.002288494026,1
0.08360351622,0.08975988626,-0.06757761538,0.0005377899506,1
0.08360351622,0.09172992408,-0.06212962046,-0.007060203236,1
0.08360351622,0.0936999619,-0.0514729172,-0.01243990939,1
0.08360351622,0.09567000717,-0.03467096388,-0.01655000076,1
0.08360351622,0.09764004499,-0.02894226648,-0.01939045452,1
0.08360351622,0.09961008281,-0.01946125552,-0.0177019164,1
0.08360351622,0.1015801206,-0.01625096798,-0.01518371049,1
0.08360351622,0.1035501584,-0.01873120666,-0.0123035796,1
0.08360351622,0.1055201963,-0.01506024506,-0.008740290068,1
0.08360351622,0.1074902341,-0.007704599295,-0.001096123015,1
0.08360351622,0.1094602719,-0.004704379477,-0.004127332009,1
0.08360351622,0.1114303172,-0.003362072632,-0.004872159101,1
0.08360351622,0.113400355,-0.001391424099,-0.005742533132,1
0.08360351622,0.1153703928,-0.009775691666,0.000892123091,1
0.08360351622,0.1173404306,-0.01690181904,0.001368422876,1
0.08557355404,0.04838907719,-0.01635786518,-0.006563352887,2
0.08557355404,0.050359115,-0.02836910821,-0.007402681746,1
0.08557355404,0.05232915282,-0.02132975683,-0.007954374887,1
0.08557355404,0.05429919064,-0.03213295713,-0.005850802641,1
0.08557355404,0.05626922846,-0.03555599228,-0.007044375874,1
0.08557355404,0.05823927,-0.03451147676,-0.007385172416,1
0.08557355404,0.06020930782,-0.03790684044,-0.01122595929,1
0.08557355404,0.06217934564,-0.04381058738,-0.01168915816,1
0.08557355404,0.06414938718,-0.05159815401,-0.008508922532,1
0.08557355404,0.066119425,-0.05616886541,-0.001783518353,1
0.08557355404,0.06808946282,-0.05790669471,-0.0003724928247,1
0.08557355404,0.07005950063,-0.04847189039,-0.004054090008,1
0.08557355404,0.07202953845,-0.04728383571,-0.007645129226,1
0.08557355404,0.07399957627,-0.04599311575,-0.004284298513,1
0.08557355404,0.07596961409,-0.04566672817,-0.009405448101,1
0.08557355404,0.07793965936,-0.04589222372,-0.01079580374,1
0.08557355404,0.07990969718,-0.04733033851,-0.0087139979,1
0.08557355404,0.08187973499,-0.0655471608,-0.007639047224,1
0.08557355404,0.08384977281,-0.07090373337,-0.006904473994,1
0.08557355404,0.08581981063,-0.06457073987,-0.002023233101,1
0.08557355404,0.08778984845,-0.06753455102,0.0004756584531,1
0.08557355404,0.08975988626,-0.06822358072,-0.005408121739,2
0.08557355404,0.09172992408,-0.06256277859,-0.01267736591,1
0.08557355404,0.0936999619,-0.0404445529,-0.01722007431,1
0.08557355404,0.09567000717,-0.03012991697,-0.01798209362,1
0.08557355404,0.09764004499,-0.02698776126,-0.02252271213,1
0.08557355404,0.09961008281,-0.01845486648,-0.01776856929,1
0.08557355404,0.1015801206,-0.01807077043,-0.01477646455,1
0.08557355404,0.1035501584,-0.02270986885,-0.009403649718,1
0.08557355404,0.1055201963,-0.01664162055,-0.005383115262,1
0.08557355404,0.1074902341,-0.009718758985,-0.002186910249,1
0.08557355404,0.1094602719,-0.008248656057,-0.0006340525579,1
0.08557355404,0.1114303172,-0.008943090215,-0.005170727614,1
0.08557355404,0.113400355,-0.00767854182,-0.004254381638,1
0.08557355404,0.1153703928,-0.01058657654,-0.001154109836,1
0.08557355404,0.1173404306,-0.01613085158,0.0008913211059,1
0.08754359186,0.04838907719,-0.01389676612,-0.00399751449,1
0.08754359186,0.050359115,-0.02563001402,-0.00357808196,1
0.08754359186,0.05232915282,-0.02254047804,-0.003976161592,1
0.08754359186,0.05429919064,-0.03188260645,-0.005028624553,1
0.08754359186,0.05626922846,-0.03679527715,-0.005333201494,1
0.08754359186,0.05823927,-0.03760893643,-0.002565369708,1
0.08754359186,0.06020930782,-0.03856240958,-0.003247146262,1
0.08754359186,0.06217934564,-0.04412263259,-0.002386879642,1
0.08754359186,0.06414938718,-0.05383959785,-0.004416475073,2
0.08754359186,0.066119425,-0.05839158967,-0.003219695529,2
0.08754359186,0.06808946282,-0.05938539654,-0.004955034237,1
0.08754359186,0.07005950063,-0.05150765181,-0.00716796983,1
0.08754359186,0.07202953845,-0.04908369482,-0.009492987767,1
0.08754359186,0.07399957627,-0.04808114469,-0.008204367012,1
0.08754359186,0.07596961409,-0.04704967141,-0.005191014614,1
0.08754359186,0.07793965936,-0.04589589685,-0.0007675010129,1
0.08754359186,0.07990969718,-0.0579005219,-0.008411599323,1
0.08754359186,0.08187973499,-0.06233411282,-0.008115973324,1
0.08754359186,0.08384977281,-0.0669708997,-0.006800634786,1
0.08754359186,0.08581981063,-0.06964362413,0.001208802918,1
0.08754359186,0.08778984845,-0.07056386024,0.00356216915,1
0.08754359186,0.08975988626,-0.07521937788,-0.009968569502,1
0.08754359186,0.09172992408,-0.06597138196,-0.01099153981,1
0.08754359186,0.0936999619,-0.04616384581,-0.009159347974,1
0.08754359186,0.09567000717,-0.03310349211,-0.01378478203,1
0.08754359186,0.09764004499,-0.02862890437,-0.01522091124,1
0.08754359186,0.09961008281,-0.02505800314,-0.008792985231,1
0.08754359186,0.1015801206,-0.02558425628,-0.002797280438,1
0.08754359186,0.1035501584,-0.02487664856,-0.002446568804,2
0.08754359186,0.1055201963,-0.02006259188,-0.0002725069935,1
0.08754359186,0.1074902341,-0.01103202906,-0.0004981751554,1
0.08754359186,0.1094602719,-0.007194027305,-0.002930981107,1
0.08754359186,0.1114303172,-0.008357374929,-0.005148734432,1
0.08754359186,0.113400355,-0.007753759623,-0.004821144044,1
0.08754359186,0.1153703928,-0.006295294967,-0.003182335757,1
0.08754359186,0.1173404306,-0.009754006751,-0.002913927659,1
0.08951362967,0.04838907719,-0.01845195517,-0.01402474009,1
0.08951362967,0.050359115,-0.02038688213,-0.004666290246,1
0.08951362967,0.05232915282,-0.02067588642,-0.0009727164288,1
0.08951362967,0.05429919064,-0.02899363451,-0.004895457532,1
0.08951362967,0.05626922846,-0.03655527905,-0.008059281856,1
0.08951362967,0.05823927,-0.03908665478,-0.004705953877,1
0.08951362967,0.06020930782,-0.0415646024,-0.002592546865,1
0.08951362967,0.06217934564,-0.04662244394,-0.0003816491226,1
0.08951362967,0.06414938718,-0.06124601513,-0.003550402587,1
0.08951362967,0.066119425,-0.06417250633,-0.001723754685,1
0.08951362967,0.06808946282,-0.05881299824,-0.006950248498,1
0.08951362967,0.07005950063,-0.05471832678,-0.01248760987,1
0.08951362967,0.07202953845,-0.05391787738,-0.00830641482,1
0.08951362967,0.07399957627,-0.04971520975,-0.007118481677,1
0.08951362967,0.07596961409,-0.04389772564,-0.005158595741,1
0.08951362967,0.07793965936,-0.05360374972,-0.0109340949,1
0.08951362967,0.07990969718,-0.05852248892,-0.01263738889,1
0.08951362967,0.08187973499,-0.06283754855,-0.01004938409,1
0.08951362967,0.08384977281,-0.06927134842,-0.006966174114,1
0.08951362967,0.08581981063,-0.07310767472,-0.004042624496,1
0.08951362967,0.08778984845,-0.07270691544,-0.001450068899,1
0.08951362967,0.08975988626,-0.07130280882,-0.004742421675,1
0.08951362967,0.09172992408,-0.06388730556,-0.006061874796,1
0.08951362967,0.0936999619,-0.0546525605,-0.002689533401,1
0.08951362967,0.09567000717,-0.04403356835,-0.003663649084,1
0.08951362967,0.09764004499,-0.0376182273,-0.007198117208,1
0.08951362967,0.09961008281,-0.03202563524,-0.002923793625,1
0.08951362967,0.1015801206,-0.03013242595,-0.0010513569,1
0.08951362967,0.1035501584,-0.0311498791,0.002687162021,1
0.08951362967,0.1055201963,-0.02191064507,0.002077845158,1
0.08951362967,0.1074902341,-0.0124207316,-0.001880032942,1
0.08951362967,0.1094602719,-0.008639894426,-0.003340301337,1
0.08951362967,0.1114303172,-0.007897306234,-0.003892926499,1
0.08951362967,0.113400355,-0.007296564057,-0.004291515797,1
0.08951362967,0.1153703928,-0.002802035306,-0.004049155395,1
0.08951362967,0.1173404306,-0.003904565936,-0.005294320174,1
0.09148367494,0.04838907719,-0.01451778691,-0.01129932143,1
0.09148367494,0.050359115,-0.02166588977,-0.008974579163,1
0.09148367494,0.05232915282,-0.02383830585,-0.004783465993,2
0.09148367494,0.05429919064,-0.02951322682,-0.003924960736,1
0.09148367494,0.05626922846,-0.03867770731,-0.01078792289,1
0.09148367494,0.05823927,-0.0412353687,-0.00694650365,1
0.09148367494,0.06020930782,-0.04568447173,5.845455962e-05,1
0.09148367494,0.06217934564,-0.05204536766,-0.0001735920232,2
0.09148367494,0.06414938718,-0.05890225992,-0.005126496777,1
0.09148367494,0.066119425,-0.05941125378,-0.003721918911,1
0.09148367494,0.06808946282,-0.05941297859,-0.008789761923,1
0.09148367494,0.07005950063,-0.05668163672,-0.009434973821,1
0.09148367494,0.07202953845,-0.05577793717,-0.009630626068,1
0.09148367494,0.07399957627,-0.05348345265,-0.0133025758,1
0.09148367494,0.07596961409,-0.04970671609,-0.01260016765,1
0.09148367494,0.07793965936,-0.04891014472,-0.01368644554,1
0.09148367494,0.07990969718,-0.0559235625,-0.01493723132,1
0.09148367494,0.08187973499,-0.06175300851,-0.01334671583,1
0.09148367494,0.08384977281,-0.07203686237,-0.007572666276,1
0.09148367494,0.08581981063,-0.07256637514,-0.008221855387,1
0.09148367494,0.08778984845,-0.07258407772,-0.006540654227,1
0.09148367494,0.08975988626,-0.07109335065,-0.009360142983,1
0.09148367494,0.09172992408,-0.06275908649,-0.01364002377,1
0.09148367494,0.0936999619,-0.05556116998,-0.0001686139149,1
0.09148367494,0.09567000717,-0.05091476068,-0.002627202775,1
0.09148367494,0.09764004499,-0.04336225986,-0.0020349517,1
0.09148367494,0.09961008281,-0.03473023698,0.001036935253,1
0.09148367494,0.1015801206,-0.02902278118,0.003819712903,1
0.09148367494,0.1035501584,-0.02389302105,0.002992267255,1
0.09148367494,0.1055201963,-0.01636957191,0.000117333846,1
0.09148367494,0.1074902341,-0.01167759579,-0.004336338025,1
0.09148367494,0.1094602719,-0.01075091865,-0.003783294698,1
0.09148367494,0.1114303172,-0.009022224694,-0.003619232681,1
0.09148367494,0.113400355,-0.007229257375,-0.002594406018,1
0.09148367494,0.1153703928,-0.004579408094,-0.004376281518,1
0.09148367494,0.1173404306,-0.003145606024,-0.005348070059,1
0.09345371276,0.04838907719,-0.01085413247,-0.009168586694,1
0.09345371276,0.050359115,-0.02803524584,-0.0116495993,1
0.09345371276,0.05232915282,-0.02349822223,-0.005261607934,1
0.09345371276,0.05429919064,-0.03740661591,-0.003581672674,1
0.09345371276,0.05626922846,-0.04205710068,-0.005188832525,1
0.09345371276,0.05823927,-0.04633513093,-0.005105718039,1
0.09345371276,0.06020930782,-0.05022985861,0.004610052798,1
0.09345371276,0.06217934564,-0.0569723025,0.004755323287,1
0.09345371276,0.06414938718,-0.06081386656,-0.005702275783,2
0.09345371276,0.066119425,-0.06286551058,-0.009887913242,1
0.09345371276,0.06808946282,-0.05960584059,-0.009919540957,1
0.09345371276,0.07005950063,-0.05883535743,-0.003679260612,1
0.09345371276,0.07202953845,-0.05663863197,-0.007393454667,1
0.09345371276,0.07399957627,-0.0545005016,-0.01271561813,1
0.09345371276,0.07596961409,-0.05359772965,-0.01462453511,1
0.09345371276,0.07793965936,-0.05280679837,-0.01270126179,1
0.09345371276,0.07990969718,-0.05485034361,-0.01153365523,1
0.09345371276,0.08187973499,-0.06024477258,-0.008679884486,1
0.09345371276,0.08384977281,-0.06221425161,-0.008963327855,1
0.09345371276,0.08581981063,-0.06757733971,-0.008612615988,1
0.09345371276,0.08778984845,-0.07124020904,-0.008155412041,1
0.09345371276,0.08975988626,-0.06655237824,-0.01985758729,1
0.09345371276,0.09172992408,-0.06767259538,-0.01623021625,1
0.09345371276,0.0936999619,-0.06577929854,-0.00901594013,1
0.09345371276,0.09567000717,-0.05516781658,-0.003925965633,1
0.09345371276,0.09764004499,-0.05391906202,-0.002846385119,1
0.09345371276,0.09961008281,-0.04402619228,0.0002836897911,1
0.09345371276,0.1015801206,-0.03073689342,0.008387997746,1
0.09345371276,0.1035501584,-0.02322313376,0.00388025702,1
0.09345371276,0.1055201963,-0.01561837643,-0.0005943714641,1
0.09345371276,0.1074902341,-0.01003492251,0.002119380748,1
0.09345371276,0.1094602719,-0.01008483302,-0.006085431203,1
0.09345371276,0.1114303172,-0.007995409891,-0.005581157748,1
0.09345371276,0.113400355,-0.006995347328,-0.003115658415,1
0.09345371276,0.1153703928,-0.004657309968,-0.006151506677,1
0.09345371276,0.1173404306,-0.007070542779,-0.005033127032,1
0.09542375058,0.04838907719,-0.01938730292,-0.006308261771,1
0.09542375058,0.050359115,-0.02786855213,-0.007271470036,1
0.09542375058,0.05232915282,-0.03539862111,-0.006919086911,1
0.09542375058,0.05429919064,-0.04199066013,-0.002390369074,1
0.09542375058,0.05626922846,-0.04417519271,-0.00256511406,1
0.09542375058,0.05823927,-0.04734496027,-0.003915828653,1
0.09542375058,0.06020930782,-0.05329922214,-0.007340993267,1
0.09542375058,0.06217934564,-0.06376431882,-0.01298034843,1
0.09542375058,0.06414938718,-0.0645153746,-0.01255001593,2
0.09542375058,0.066119425,-0.06647012383,-0.01433810871,1
0.09542375058,0.06808946282,-0.06198748574,-0.01229999494,1
0.09542375058,0.07005950063,-0.06380859762,-0.006774915382,1
0.09542375058,0.07202953845,-0.05428526923,-0.00824689772,1
0.09542375058,0.07399957627,-0.04935631901,-0.008289999329,1
0.09542375058,0.07596961409,-0.05607283115,-0.01001337077,1
0.09542375058,0.07793965936,-0.05486958846,-0.01104858983,1
0.09542375058,0.07990969718,-0.05634034052,-0.01046145614,1
0.09542375058,0.08187973499,-0.06292511523,-0.01176613849,1
0.09542375058,0.08384977281,-0.06542630494,-0.00946590025,1
0.09542375058,0.08581981063,-0.06593719125,-0.00818677526,1
0.09542375058,0.08778984845,-0.06721417606,-0.01030212082,1
0.09542375058,0.08975988626,-0.0655689165,-0.01250034198,1
0.09542375058,0.09172992408,-0.07038865238,-0.01492789388,1
0.09542375058,0.0936999619,-0.06974713504,-0.01198971178,1
0.09542375058,0.09567000717,-0.05776674673,-0.0155007625,1
0.09542375058,0.09764004499,-0.06032899022,-0.005947220605,1
0.09542375058,0.09961008281,-0.0526910387,-0.002238179324,1
0.09542375058,0.1015801206,-0.03623041511,-0.0006509475061,1
0.09542375058,0.1035501584,-0.02551460452,0.0002294907026,1
0.09542375058,0.1055201963,-0.01612332277,4.183933925e-05,1
0.09542375058,0.1074902341,-0.01059184037,0.001429586438,1
0.09542375058,0.1094602719,-0.007140343543,-0.008366273716,1
0.09542375058,0.1114303172,-0.006986457389,-0.004320367239,1
0.09542375058,0.113400355,-0.006876401138,-0.002066941466,1
0.09542375058,0.1153703928,-0.00555793196,-0.00549420435,1
0.09542375058,0.1173404306,-0.005758552812,-0.005359960254,1
0.0973937884,0.04838907719,-0.02044976316,0.0003501126193,1
0.0973937884,0.050359115,-0.03116949089,-0.005343105644,1
0.0973937884,0.05232915282,-0.04404402524,-0.007091263309,1
0.0973937884,0.05429919064,-0.05607695505,-0.00901860185,1
0.0973937884,0.05626922846,-0.04538744688,-0.003871755907,1
0.0973937884,0.05823927,-0.0476613827,-0.008930283599,1
0.0973937884,0.06020930782,-0.05382740125,-0.01427037362,1
0.0973937884,0.06217934564,-0.06392736733,-0.01654257812,1
0.0973937884,0.06414938718,-0.06701318175,-0.01717933081,1
0.0973937884,0.066119425,-0.06303926557,-0.01476107445,1
0.0973937884,0.06808946282,-0.06170620769,-0.01310304832,1
0.0973937884,0.07005950063,-0.06105244532,-0.01178561803,2
0.0973937884,0.07202953845,-0.0540317893,-0.01335604023,1
0.0973937884,0.07399957627,-0.04860982671,-0.01081079803,1
0.0973937884,0.07596961409,-0.0523353368,-0.006990975235,1
0.0973937884,0.07793965936,-0.05573947728,-0.007455977146,1
0.0973937884,0.07990969718,-0.05728508905,-0.008613177575,1
0.0973937884,0.08187973499,-0.0641181916,-0.007932684384,1
0.0973937884,0.08384977281,-0.06715352833,-0.007798614446,1
0.0973937884,0.08581981063,-0.06677506119,-0.01046162937,1
0.0973937884,0.08778984845,-0.06643584371,-0.007640204392,1
0.0973937884,0.08975988626,-0.06945414841,-0.009099942632,1
0.0973937884,0.09172992408,-0.07017272711,-0.01846917719,1
0.0973937884,0.0936999619,-0.06657379866,-0.01872187294,1
0.0973937884,0.09567000717,-0.05578463152,-0.01835842989,1
0.0973937884,0.09764004499,-0.05691934377,-0.01724269241,1
0.0973937884,0.09961008281,-0.04959945381,-0.0159963686,1
0.0973937884,0.1015801206,-0.04227715731,-0.01055592857,1
0.0973937884,0.1035501584,-0.03394343331,-0.006413796917,1
0.0973937884,0.1055201963,-0.01814658567,0.0019137708,1
0.0973937884,0.1074902341,-0.009219218045,0.001559108845,1
0.0973937884,0.1094602719,-0.004925730173,-0.004464238416,1
0.0973937884,0.1114303172,-0.006612267811,-0.002730384702,1
0.0973937884,0.113400355,-0.006885932758,-0.001624966622,1
0.0973937884,0.1153703928,-0.005596933886,-0.004082319327,1
0.0973937884,0.1173404306,-0.004822061863,-0.002271665726,1
0.09936382622,0.04838907719,-0.02025647648,-0.00153302378,1
0.09936382622,0.050359115,-0.03064459749,-0.00462390529,1
0.09936382622,0.05232915282,-0.05135088786,-0.008468814194,1
0.09936382622,0.05429919064,-0.05680400133,-0.01529597677,1
0.09936382622,0.05626922846,-0.0527196005,-0.01130388398,1
0.09936382622,0.05823927,-0.05087571964,-0.01582465321,1
0.09936382622,0.06020930782,-0.05097128078,-0.01735609397,1
0.09936382622,0.06217934564,-0.06059079245,-0.01466572564,1
0.09936382622,0.06414938718,-0.06324830651,-0.01455558185,1
0.09936382622,0.066119425,-0.06135306507,-0.01166881341,1
0.09936382622,0.06808946282,-0.06086665392,-0.01393547375,1
0.09936382622,0.07005950063,-0.06466318667,-0.01390846539,1
0.09936382622,0.07202953845,-0.06075738743,-0.006168860942,1
0.09936382622,0.07399957627,-0.05258016288,-0.007783726789,1
0.09936382622,0.07596961409,-0.05483677238,-0.006862814073,1
0.09936382622,0.07793965936,-0.05982160568,-0.0043652202,1
0.09936382622,0.07990969718,-0.06442329288,-0.003247543471,1
0.09936382622,0.08187973499,-0.06627867371,-0.0004380137543,1
0.09936382622,0.08384977281,-0.06682474911,-0.002068782458,1
0.09936382622,0.08581981063,-0.06473851204,-0.01143838465,1
0.09936382622,0.08778984845,-0.06219893694,-0.003119039349,1
0.09936382622,0.08975988626,-0.06370244175,-0.004603147041,1
0.09936382622,0.09172992408,-0.06485717744,-0.0176047124,1
0.09936382622,0.0936999619,-0.06692807376,-0.01916897856,1
0.09936382622,0.09567000717,-0.07270104438,-0.01440813858,1
0.09936382622,0.09764004499,-0.0677428022,-0.01085545216,1
0.09936382622,0.09961008281,-0.05412464589,-0.01573682763,1
0.09936382622,0.1015801206,-0.0491123125,-0.01521962415,1
0.09936382622,0.1035501584,-0.03944186121,-0.009440012276,1
0.09936382622,0.1055201963,-0.0202698987,-0.003811022965,1
0.09936382622,0.1074902341,-0.005798289552,-0.0008203146281,1
0.09936382622,0.1094602719,-0.003725408111,0.0003522483457,1
0.09936382622,0.1114303172,-0.008153049275,-0.005299424753,1
0.09936382622,0.113400355,-0.007146572694,-0.005016671959,1
0.09936382622,0.1153703928,-0.008198277093,-0.004268339369,1
0.09936382622,0.1173404306,-0.002768699545,-0.0002179240546,1
0.101333864,0.04838907719,-0.02156954072,-0.001886419603,2
0.101333864,0.050359115,-0.02716170438,-0.003245474538,1
0.101333864,0.05232915282,-0.03818392009,-0.01107762102,1
0.101333864,0.05429919064,-0.04777203873,-0.01192428637,1
0.101333864,0.05626922846,-0.05845341086,-0.02431661822,1
0.101333864,0.05823927,-0.05739660934,-0.02218528278,1
0.101333864,0.06020930782,-0.04661737382,-0.01369169541,1
0.101333864,0.06217934564,-0.06230957434,-0.01340302546,1
0.101333864,0.06414938718,-0.0640021041,-0.01458510477,1
0.101333864,0.066119425,-0.05940805376,-0.01427091472,1
0.101333864,0.06808946282,-0.06086029112,-0.01687065884,1
0.101333864,0.07005950063,-0.0694873631,-0.006965915207,1
0.101333864,0.07202953845,-0.06705652177,-0.002497910289,1
0.101333864,0.07399957627,-0.05894766748,-0.006030349992,1
0.101333864,0.07596961409,-0.06219803542,-0.003557686927,1
0.101333864,0.07793965936,-0.06180831417,-0.0008343874943,1
0.101333864,0.07990969718,-0.0601532124,-0.002643874148,1
0.101333864,0.08187973499,-0.06119446829,-0.001031094813,1
0.101333864,0.08384977281,-0.06188503653,0.00045338989,1
0.101333864,0.08581981063,-0.06424804032,-0.002940542996,1
0.101333864,0.08778984845,-0.06205060333,0.0002319475025,1
0.101333864,0.08975988626,-0.06058175862,0.0003351667256,1
0.101333864,0.09172992408,-0.05997804925,-0.003236477962,1
0.101333864,0.0936999619,-0.06480436027,-0.01713433675,1
0.101333864,0.09567000717,-0.06480700523,-0.01866023988,1
0.101333864,0.09764004499,-0.0627347976,-0.01567995735,1
0.101333864,0.09961008281,-0.06049491465,-0.02086087503,1
0.101333864,0.1015801206,-0.05486783758,-0.02014820091,1
0.101333864,0.1035501584,-0.04253243655,-0.01381791104,1
0.101333864,0.1055201963,-0.02000871487,-0.009280669503,1
0.101333864,0.1074902341,-0.01170626283,-0.006480843294,2
0.101333864,0.1094602719,-0.002814393491,-0.006584327668,1
0.101333864,0.1114303172,-0.005446575116,-0.00685938634,1
0.101333864,0.113400355,-0.006879397668,-0.004693708848,1
0.101333864,0.1153703928,-0.005973751191,-0.004441512749,1
0.101333864,0.1173404306,0.001397468382,-0.0020405713,1
0.1033039019,0.04838907719,-0.01729044132,-0.00088076049,1
0.1033039019,0.050359115,-0.02395989001,-0.0001894480083,1
0.1033039019,0.05232915282,-0.03406656161,-0.012953436,1
0.1033039019,0.05429919064,-0.04100202397,-0.01997681521,2
0.1033039019,0.05626922846,-0.04926953837,-0.03037223965,1
0.1033039019,0.05823927,-0.05487215891,-0.01649300754,1
0.1033039019,0.06020930782,-0.05779583007,-0.0114785796,1
0.1033039019,0.06217934564,-0.05884306878,-0.01806820743,1
0.1033039019,0.06414938718,-0.05833083764,-0.02054942958,1
0.1033039019,0.066119425,-0.05876936018,-0.02026045695,1
0.1033039019,0.06808946282,-0.0526355058,-0.0129264649,1
0.1033039019,0.07005950063,-0.06495461613,-0.005657390226,2
0.1033039019,0.07202953845,-0.07383406162,-0.002916847588,1
0.1033039019,0.07399957627,-0.06653472036,-0.00757806655,1
0.1033039019,0.07596961409,-0.06546626985,-0.001062189811,1
0.1033039019,0.07793965936,-0.06472674757,0.0004324586771,1
0.1033039019,0.07990969718,-0.06131822616,0.001601361204,1
0.1033039019,0.08187973499,-0.05958291516,-0.0008254005224,1
0.1033039019,0.08384977281,-0.05932579562,-0.001736402162,1
0.1033039019,0.08581981063,-0.06078626215,0.0009173619328,1
0.1033039019,0.08778984845,-0.0594955124,0.002815455664,1
0.1033039019,0.08975988626,-0.05610217154,0.004403529223,1
0.1033039019,0.09172992408,-0.04990671203,-0.002367503941,1
0.1033039019,0.0936999619,-0.05221844837,-0.01416928321,1
0.1033039019,0.09567000717,-0.0613421239,-0.01638347656,1
0.1033039019,0.09764004499,-0.06324212998,-0.01556163561,1
0.1033039019,0.09961008281,-0.06383690238,-0.01922719181,1
0.1033039019,0.1015801206,-0.05867521837,-0.01859491505,1
0.1033039019,0.1035501584,-0.04272405058,-0.01527626999,1
0.1033039019,0.1055201963,-0.02772564627,-0.01227036398,1
0.1033039019,0.1074902341,-0.0182036534,-0.009238062426,1
0.1033039019,0.1094602719,-0.01019459125,-0.01003339235,1
0.1033039019,0.1114303172,-0.007420384325,-0.007730743382,1
0.1033039019,0.113400355,-0.007327228785,-0.00528714573,1
0.1033039019,0.1153703928,-0.004354665056,-0.004203541204,1
0.1033039019,0.1173404306,0.002713080961,-0.002811269602,1
0.1052739397,0.04838907719,-0.02937182784,0.002139652614,1
0.1052739397,0.050359115,-0.02358138748,0.006033289712,1
0.1052739397,0.05232915282,-0.02781030908,-0.006294869818,1
0.1052739397,0.05429919064,-0.03289995715,-0.02465729974,1
0.1052739397,0.05626922846,-0.04230674356,-0.0300715398,1
0.1052739397,0.05823927,-0.05264420062,-0.01928640902,1
0.1052739397,0.06020930782,-0.05617849529,-0.01093455683,1
0.1052739397,0.06217934564,-0.05540665239,-0.01423406787,1
0.1052739397,0.06414938718,-0.05363801867,-0.01777012646,1
0.1052739397,0.066119425,-0.05555308983,-0.01885703579,1
0.1052739397,0.06808946282,-0.05510058627,-0.004442542326,1
0.1052739397,0.07005950063,-0.06386152655,0.0001796668366,1
0.1052739397,0.07202953845,-0.06965745986,-0.00447104685,1
0.1052739397,0.07399957627,-0.06950268894,-0.004316645209,1
0.1052739397,0.07596961409,-0.06828346103,-0.002367345849,1
0.1052739397,0.07793965936,-0.07030914724,-0.001264958875,1
0.1052739397,0.07990969718,-0.06564574689,0.00803603325,1
0.1052739397,0.08187973499,-0.06444457173,0.0008441731916,1
0.1052739397,0.08384977281,-0.06224199012,-0.003496824764,1
0.1052739397,0.08581981063,-0.05745141953,-0.001887514372,1
0.1052739397,0.08778984845,-0.05376245826,-0.0009797645034,1
0.1052739397,0.08975988626,-0.05049221218,0.004451344721,2
0.1052739397,0.09172992408,-0.04514339939,0.008248630911,1
0.1052739397,0.0936999619,-0.05063510314,-0.0001109784134,1
0.1052739397,0.09567000717,-0.06283069402,-0.00861572288,1
0.1052739397,0.09764004499,-0.06499329954,-0.0102787111,1
0.1052739397,0.09961008281,-0.06468814611,-0.008874117397,1
0.1052739397,0.1015801206,-0.05934070423,-0.00879215356,1
0.1052739397,0.1035501584,-0.04539375752,-0.01212986559,1
0.1052739397,0.1055201963,-0.02415236831,-0.01106969826,1
0.1052739397,0.1074902341,-0.01439160388,-0.01006196253,1
0.1052739397,0.1094602719,-0.01513935253,-0.009093130007,1
0.1052739397,0.1114303172,-0.01030768827,-0.007366535719,1
0.1052739397,0.113400355,-0.007753821556,-0.005393625703,1
0.1052739397,0.1153703928,-0.005828858353,-0.003875402501,1
0.1052739397,0.1173404306,-0.002748321742,-0.003839733312,1
0.1072439849,0.04838907719,-0.03709939495,0.005415290128,1
0.1072439849,0.050359115,-0.02744004689,0.007962661795,1
0.1072439849,0.05232915282,-0.02104906738,0.004574180115,1
0.1072439849,0.05429919064,-0.02009026147,0.00303936936,1
0.1072439849,0.05626922846,-0.03265235946,-0.02104298584,1
0.1072439849,0.05823927,-0.04744373262,-0.01689149812,1
0.1072439849,0.06020930782,-0.05536966398,-0.009355407208,1
0.1072439849,0.06217934564,-0.05536546186,-0.008174373768,1
0.1072439849,0.06414938718,-0.05228082463,-0.008702395484,1
0.1072439849,0.066119425,-0.05405822024,-0.01296502631,1
0.1072439849,0.06808946282,-0.05073092133,-0.003567507723,1
0.1072439849,0.07005950063,-0.05487904325,0.0007619058597,1
0.1072439849,0.07202953845,-0.06365287304,-0.0001658198598,1
0.1072439849,0.07399957627,-0.06537450105,-0.0006950821262,1
0.1072439849,0.07596961409,-0.06634689122,-0.0005963477888,1
0.1072439849,0.07793965936,-0.0710972622,0.005490520503,1
0.1072439849,0.07990969718,-0.0682662949,0.005631888751,2
0.1072439849,0.08187973499,-0.06977944076,0.004426306114,1
0.1072439849,0.08384977281,-0.06631489098,0.001620477298,1
0.1072439849,0.08581981063,-0.05561011285,0.0007609907188,2
0.1072439849,0.08778984845,-0.04844689742,0.005664705299,1
0.1072439849,0.08975988626,-0.04696083069,0.006132985,1
0.1072439849,0.09172992408,-0.04843392596,0.009350985289,1
0.1072439849,0.0936999619,-0.04905599728,0.007220095955,1
0.1072439849,0.09567000717,-0.0482513234,-0.002684843494,1
0.1072439849,0.09764004499,-0.0523282215,-0.001267885906,3
0.1072439849,0.09961008281,-0.05865142494,0.006981858052,1
0.1072439849,0.1015801206,-0.0544709079,0.006753772032,1
0.1072439849,0.1035501584,-0.03817850351,-0.001855663722,1
0.1072439849,0.1055201963,-0.02501819097,-0.004156142008,1
0.1072439849,0.1074902341,-0.01909145899,-0.006111774594,1
0.1072439849,0.1094602719,-0.01658012345,-0.005627633072,1
0.1072439849,0.1114303172,-0.01245488971,-0.00487827044,1
0.1072439849,0.113400355,-0.008038680069,-0.003302708734,1
0.1072439849,0.1153703928,-0.007344559301,-0.003256852739,1
0.1072439849,0.1173404306,-0.008424397558,-0.003512298455,1
0.1092140228,0.04838907719,-0.02302880958,0.009675862268,2
0.1092140228,0.050359115,-0.01583172008,0.01230536681,1
0.1092140228,0.05232915282,-0.01162901148,0.01143356692,1
0.1092140228,0.05429919064,-0.01558552217,0.01603942364,1
0.1092140228,0.05626922846,-0.02714298666,0.01291906461,1
0.1092140228,0.05823927,-0.04120532423,0.0044902917,1
0.1092140228,0.06020930782,-0.04791915789,-0.0053036022,1
0.1092140228,0.06217934564,-0.04893611744,-0.004901880398,1
0.1092140228,0.06414938718,-0.04898291454,-0.005780004431,1
0.1092140228,0.066119425,-0.04764969274,-0.007299032994,1
0.1092140228,0.06808946282,-0.05195685476,-0.004184827674,1
0.1092140228,0.07005950063,-0.05754994228,-0.001153518213,1
0.1092140228,0.07202953845,-0.06105968356,0.0005113184452,1
0.1092140228,0.07399957627,-0.06576605141,0.0004038308398,1
0.1092140228,0.07596961409,-0.06860745698,0.001131216181,1
0.1092140228,0.07793965936,-0.06877058744,0.005607096013,1
0.1092140228,0.07990969718,-0.06654272974,0.004574696533,1
0.1092140228,0.08187973499,-0.05878006294,-0.000273501093,1
0.1092140228,0.08384977281,-0.04827556014,-0.00299954135,1
0.1092140228,0.08581981063,-0.05022724718,-0.002353705466,1
0.1092140228,0.08778984845,-0.05136323348,0.001692020101,1
0.1092140228,0.08975988626,-0.052210439,0.005180538166,1
0.1092140228,0.09172992408,-0.05487568676,0.004524304066,1
0.1092140228,0.0936999619,-0.04661324993,0.009552001022,1
0.1092140228,0.09567000717,-0.04972596467,0.008258130401,1
0.1092140228,0.09764004499,-0.06233488396,0.008227926679,1
0.1092140228,0.09961008281,-0.06334847212,0.007132250816,1
0.1092140228,0.1015801206,-0.0549316071,0.011086151,1
0.1092140228,0.1035501584,-0.0401420109,0.002392596565,1
0.1092140228,0.1055201963,-0.02926070243,0.001123943715,1
0.1092140228,0.1074902341,-0.02448596433,-8.294868167e-05,1
0.1092140228,0.1094602719,-0.0184072461,-0.0005609601503,1
0.1092140228,0.1114303172,-0.01428269502,-0.001603697776,1
0.1092140228,0.113400355,-0.01010452863,-0.001079261769,1
0.1092140228,0.1153703928,-0.01013630908,-0.001619539573,1
0.1092140228,0.1173404306,-0.008871620521,-0.0003646987316,1
0.1111840606,0.04838907719,-0.0161553137,0.01130693126,1
0.1111840606,0.050359115,-0.01171828806,0.01218714193,1
0.1111840606,0.05232915282,-0.005021933932,0.01451064646,1
0.1111840606,0.05429919064,-0.009468424134,0.0173117239,1
0.1111840606,0.05626922846,-0.0145474812,0.01053906977,1
0.1111840606,0.05823927,-0.02538429387,0.002460252959,1
0.1111840606,0.06020930782,-0.04047469422,-0.002364695305,1
0.1111840606,0.06217934564,-0.04151836783,-0.000734072295,1
0.1111840606,0.06414938718,-0.04705934972,-0.008385441266,1
0.1111840606,0.066119425,-0.04648112506,-0.006120279431,1
0.1111840606,0.06808946282,-0.0483645238,-0.002063396387,1
0.1111840606,0.07005950063,-0.05500763655,-0.001804884523,1
0.1111840606,0.07202953845,-0.05930044502,-0.004537808709,1
0.1111840606,0.07399957627,-0.06733249128,-0.000631095143,1
0.1111840606,0.07596961409,-0.07700431347,-0.002349169692,1
0.1111840606,0.07793965936,-0.07719026506,-0.0089051174,1
0.1111840606,0.07990969718,-0.0620607622,-0.003941337112,1
0.1111840606,0.08187973499,-0.05519721285,-0.0008489108877,1
0.1111840606,0.08384977281,-0.04675364867,-0.002334734425,1
0.1111840606,0.08581981063,-0.04850210994,-0.002775014611,1
0.1111840606,0.08778984845,-0.0484119691,-0.004160325509,1
0.1111840606,0.08975988626,-0.05437296629,-0.0007614161586,1
0.1111840606,0.09172992408,-0.05661316961,0.006366965361,1
0.1111840606,0.0936999619,-0.0577323474,0.01425280236,1
0.1111840606,0.09567000717,-0.06661264598,0.02023352496,1
0.1111840606,0.09764004499,-0.06709562242,0.01192572806,1
0.1111840606,0.09961008281,-0.06735403091,0.009261590429,1
0.1111840606,0.1015801206,-0.05889840424,0.005626861937,1
0.1111840606,0.1035501584,-0.043741934,0.005122793838,1
0.1111840606,0.1055201963,-0.03343895823,0.004075549077,1
0.1111840606,0.1074902341,-0.0257104896,0.002222360577,1
0.1111840606,0.1094602719,-0.02084238082,0.003373257583,1
0.1111840606,0.1114303172,-0.01692514308,0.004784038756,1
0.1111840606,0.113400355,-0.01008301228,0.001172090648,1
0.1111840606,0.1153703928,-0.007960392162,0.000287013856,1
0.1111840606,0.1173404306,-0.004813292529,0.001266886247,1
0.1131540984,0.04838907719,-0.0155862486,0.004482349381,1
0.1131540984,0.050359115,-0.00756228622,0.01515305787,1
0.1131540984,0.05232915282,-0.002723077079,0.01656258851,1
0.1131540984,0.05429919064,-0.002494667191,0.01616335101,1
0.1131540984,0.05626922846,-0.02271376736,0.004133190494,1
0.1131540984,0.05823927,-0.03318946064,-0.005160535686,1
0.1131540984,0.06020930782,-0.03730167076,0.0004559300723,2
0.1131540984,0.06217934564,-0.04477566481,-0.00333481282,1
0.1131540984,0.06414938718,-0.04604933411,-0.001142071676,1
0.1131540984,0.066119425,-0.04568507522,-0.004362725653,1
0.1131540984,0.06808946282,-0.05577222258,0.0008662157343,1
0.1131540984,0.07005950063,-0.05599939451,-0.000774021144,2
0.1131540984,0.07202953845,-0.06041145697,-0.005239652935,1
0.1131540984,0.07399957627,-0.06380099803,-0.002770361723,1
0.1131540984,0.07596961409,-0.06779640168,-0.00226266752,2
0.1131540984,0.07793965936,-0.06782439351,-0.004021126777,2
0.1131540984,0.07990969718,-0.06337590516,-0.004901905544,1
0.1131540984,0.08187973499,-0.05607584119,-0.0013580909,1
0.1131540984,0.08384977281,-0.05104538426,-0.0004046724644,1
0.1131540984,0.08581981063,-0.04811319709,-0.0006940499297,1
0.1131540984,0.08778984845,-0.0466556102,-0.00339033897,1
0.1131540984,0.08975988626,-0.05158228055,4.84803968e-05,2
0.1131540984,0.09172992408,-0.05243973807,0.004988820758,1
0.1131540984,0.0936999619,-0.05272436142,0.01459320076,1
0.1131540984,0.09567000717,-0.05726836249,0.02350654826,1
0.1131540984,0.09764004499,-0.07538538426,0.007448422723,1
0.1131540984,0.09961008281,-0.07856958359,0.004980416503,1
0.1131540984,0.1015801206,-0.07578440756,0.01536816265,1
0.1131540984,0.1035501584,-0.06087863073,0.01721318252,1
0.1131540984,0.1055201963,-0.03529112414,0.01100741141,1
0.1131540984,0.1074902341,-0.02113497071,0.0007263960433,1
0.1131540984,0.1094602719,-0.01859107055,0.003617106238,1
0.1131540984,0.1114303172,-0.01379766036,0.002933177166,2
0.1131540984,0.113400355,-0.008517241105,0.00256754295,1
0.1131540984,0.1153703928,-0.004966987297,0.003565475577,1
0.1131540984,0.1173404306,-0.005524595268,0.005452476908,1
0.1151241362,0.04838907719,0.002280330285,0.01649826951,1
0.1151241362,0.050359115,-0.004319910891,0.01574211568,1
0.1151241362,0.05232915282,-0.004840555601,0.01345845405,1
0.1151241362,0.05429919064,-0.008631345816,0.005922127981,1
0.1151241362,0.05626922846,-0.01536265854,0.006562136579,1
0.1151241362,0.05823927,-0.02206473611,0.01364235952,1
0.1151241362,0.06020930782,-0.03076687641,0.0126837641,1
0.1151241362,0.06217934564,-0.04149699956,0.0003487541398,1
0.1151241362,0.06414938718,-0.04333256185,0.004751035478,1
0.1151241362,0.066119425,-0.04445526749,0.005462629721,1
0.1151241362,0.06808946282,-0.0472587496,0.005535705015,1
0.1151241362,0.07005950063,-0.05280626565,0.003082237439,1
0.1151241362,0.07202953845,-0.05656434223,-0.00765110692,1
0.1151241362,0.07399957627,-0.05788448825,8.936267841e-05,1
0.1151241362,0.07596961409,-0.06255590171,8.998769772e-05,2
0.1151241362,0.07793965936,-0.06293501705,-1.481583695e-05,2
0.1151241362,0.07990969718,-0.06072307378,0.005019526463,3
0.1151241362,0.08187973499,-0.05674907565,-0.003595545888,1
0.1151241362,0.08384977281,-0.05106881633,-0.0007194679347,1
0.1151241362,0.08581981063,-0.04660762101,7.517816266e-05,1
0.1151241362,0.08778984845,-0.04605622962,1.405383773e-05,1
0.1151241362,0.08975988626,-0.05286081135,-0.0006431441871,1
0.1151241362,0.09172992408,-0.05272753909,0.002717756201,1
0.1151241362,0.0936999619,-0.04957452416,0.006637397688,1
0.1151241362,0.09567000717,-0.05489965156,0.01062984392,2
0.1151241362,0.09764004499,-0.06902261823,0.001908297651,1
0.1151241362,0.09961008281,-0.07270937413,0.004510149825,1
0.1151241362,0.1015801206,-0.07226920873,0.01250485331,1
0.1151241362,0.1035501584,-0.06068015844,0.0141551001,1
0.1151241362,0.1055201963,-0.03797083348,0.0160216894,1
0.1151241362,0.1074902341,-0.01460033748,0.0001173446362,1
0.1151241362,0.1094602719,-0.01366875228,0.001965102972,1
0.1151241362,0.1114303172,-0.01115718763,0.0007640213007,1
0.1151241362,0.113400355,-0.005414392799,0.001301313518,1
0.1151241362,0.1153703928,-0.00525976764,0.002781162038,1
0.1151241362,0.1173404306,-0.00542309694,0.004860607442,2
0.117094174,0.04838907719,-0.001181404456,0.01582164131,1
0.117094174,0.050359115,-0.00362256309,0.01221769862,1
0.117094174,0.05232915282,-0.005712754093,0.007065055892,1
0.117094174,0.05429919064,-0.007664601784,0.006820285227,1
0.117094174,0.05626922846,-0.00985782966,0.01249649003,1
0.117094174,0.05823927,-0.01821412519,0.02360147052,1
0.117094174,0.06020930782,-0.02581316233,0.02090301737,1
0.117094174,0.06217934564,-0.03981473297,0.006279275753,1
0.117094174,0.06414938718,-0.04314713553,0.00629893411,1
0.117094174,0.066119425,-0.04231369868,0.006943682674,1
0.117094174,0.06808946282,-0.0406514667,0.006027632859,1
0.117094174,0.07005950063,-0.04697066918,0.004410103895,1
0.117094174,0.07202953845,-0.05281071737,-0.004127073102,1
0.117094174,0.07399957627,-0.05594416335,-0.0005570109352,1
0.117094174,0.07596961409,-0.06160769612,0.002548071556,1
0.117094174,0.07793965936,-0.06063671038,-0.001147650997,1
0.117094174,0.07990969718,-0.05881436169,-0.01197894849,1
0.117094174,0.08187973499,-0.05807109922,-0.01373288129,1
0.117094174,0.08384977281,-0.04810751975,-0.003176077735,1
0.117094174,0.08581981063,-0.04426958039,-0.002126968466,1
0.117094174,0.08778984845,-0.04456349835,-0.0009521810571,1
0.117094174,0.08975988626,-0.05219346285,0.005836819764,1
0.117094174,0.09172992408,-0.05233263597,0.01080983225,1
0.117094174,0.0936999619,-0.04824857786,0.0124755064,1
0.117094174,0.09567000717,-0.04373310134,0.01046713162,1
0.117094174,0.09764004499,-0.04636068642,0.008067943156,1
0.117094174,0.09961008281,-0.05992496759,0.009564579464,1
0.117094174,0.1015801206,-0.0581596829,0.008503220044,1
0.117094174,0.1035501584,-0.05538202077,0.006101862062,1
0.117094174,0.1055201963,-0.037647672,0.009208140895,2
0.117094174,0.1074902341,-0.01926235296,0.003586388659,2
0.117094174,0.1094602719,-0.01239469741,0.002235957654,2
0.117094174,0.1114303172,-0.006336244754,-0.0003471219097,1
0.117094174,0.113400355,-0.00416155206,0.001006796025,1
0.117094174,0.1153703928,-0.005352794658,0.003656385699,1
0.117094174,0.1173404306,-0.005484927446,0.006348183379,1
0.1190642118,0.04838907719,-0.001673871418,0.01479735691,1
0.1190642118,0.050359115,-0.005190108437,0.009611415677,1
0.1190642118,0.05232915282,-0.009449870326,0.006734509487,1
0.1190642118,0.05429919064,-0.01074724272,0.01086990256,1
0.1190642118,0.05626922846,-0.008070969954,0.0126540279,1
0.1190642118,0.05823927,-0.01544031408,0.01945753582,1
0.1190642118,0.06020930782,-0.02247542888,0.01754440181,1
0.1190642118,0.06217934564,-0.03256377578,0.01191594359,2
0.1190642118,0.06414938718,-0.04373337328,0.01056692377,1
0.1190642118,0.066119425,-0.03633695096,0.007173162419,1
0.1190642118,0.06808946282,-0.04111833125,0.001622452284,1
0.1190642118,0.07005950063,-0.04940927029,-0.002493644832,1
0.1190642118,0.07202953845,-0.05129837245,0.0003596974129,1
0.1190642118,0.07399957627,-0.0551270768,0.0004614948411,1
0.1190642118,0.07596961409,-0.056930013,0.001881464967,1
0.1190642118,0.07793965936,-0.05589975789,-0.0006045639748,1
0.1190642118,0.07990969718,-0.05876262486,-0.01079141628,1
0.1190642118,0.08187973499,-0.06084742397,-0.01365987118,1
0.1190642118,0.08384977281,-0.05061804876,-0.006415754091,1
0.1190642118,0.08581981063,-0.05022541434,-0.005620104261,2
0.1190642118,0.08778984845,-0.05194877833,-0.009608218446,1
0.1190642118,0.08975988626,-0.05409250036,0.01371965185,1
0.1190642118,0.09172992408,-0.05677870288,0.01862521656,1
0.1190642118,0.0936999619,-0.04364767298,0.01507348102,1
0.1190642118,0.09567000717,-0.04274141788,0.01689131744,1
0.1190642118,0.09764004499,-0.04543711245,0.01773574203,1
0.1190642118,0.09961008281,-0.0554552637,0.02143973112,1
0.1190642118,0.1015801206,-0.05252468958,0.0180943422,1
0.1190642118,0.1035501584,-0.04736284539,0.01391722821,1
0.1190642118,0.1055201963,-0.03797547519,0.01112262253,1
0.1190642118,0.1074902341,-0.01240670122,0.002784111071,1
0.1190642118,0.1094602719,-0.01031144056,0.003739460837,2
0.1190642118,0.1114303172,-0.003575309878,0.0003747034061,1
0.1190642118,0.113400355,-0.003119067522,-0.002781609306,1
0.1190642118,0.1153703928,-0.002395564225,4.540990631e-05,1
0.1190642118,0.1173404306,-0.01295859553,0.007729582489,1
0.1210342497,0.04838907719,-0.004658104852,0.0120816147,1
0.1210342497,0.050359115,-0.005857124459,0.009120286442,1
0.1210342497,0.05232915282,-0.008615241386,0.00952702295,1
0.1210342497,0.05429919064,-0.01170173381,0.01183700934,1
0.1210342497,0.05626922846,-0.01062273514,0.01254961919,1
0.1210342497,0.05823927,-0.01396253705,0.01465014927,1
0.1210342497,0.06020930782,-0.01939267851,0.01353529934,1
0.1210342497,0.06217934564,-0.02423158288,0.01327317301,2
0.1210342497,0.06414938718,-0.01968088374,0.01414604485,1
0.1210342497,0.066119425,-0.02723409981,0.0109730456,1
0.1210342497,0.06808946282,-0.03984452784,0.002362017054,1
0.1210342497,0.07005950063,-0.04714543,-0.001189300441,1
0.1210342497,0.07202953845,-0.05363416672,-0.002687529428,1
0.1210342497,0.07399957627,-0.05606508628,0.0002487537859,1
0.1210342497,0.07596961409,-0.05704037845,0.01054054871,1
0.1210342497,0.07793965936,-0.05492147058,0.009828990325,1
0.1210342497,0.07990969718,-0.05863082781,-0.003775289981,1
0.1210342497,0.08187973499,-0.06287313998,-0.01026852243,1
0.1210342497,0.08384977281,-0.05912623927,-0.006141675171,1
0.1210342497,0.08581981063,-0.05406524241,-0.004329474643,1
0.1210342497,0.08778984845,-0.04816502705,0.001411436009,1
0.1210342497,0.08975988626,-0.04819050804,0.003917994909,1
0.1210342497,0.09172992408,-0.04883169755,0.008294464089,1
0.1210342497,0.0936999619,-0.04461219907,0.01400701795,1
0.1210342497,0.09567000717,-0.04342357069,0.01680053025,1
0.1210342497,0.09764004499,-0.05566190928,0.02459513955,1
0.1210342497,0.09961008281,-0.0550589785,0.02760240436,1
0.1210342497,0.1015801206,-0.05098133162,0.02035122737,1
0.1210342497,0.1035501584,-0.04483730718,0.02233604901,1
0.1210342497,0.1055201963,-0.04019776359,0.01920001395,1
0.1210342497,0.1074902341,-0.0295906011,0.01318652555,1
0.1210342497,0.1094602719,-0.01286905352,0.009563071653,1
0.1210342497,0.1114303172,-0.007517457008,0.003458571155,1
0.1210342497,0.113400355,-0.002055786084,-0.002218886511,1
0.1210342497,0.1153703928,-0.001267496613,0.001007530489,1
0.1210342497,0.1173404306,-0.007842597552,0.01013184339,1
0.1230042875,0.04838907719,-0.003585768864,0.01026274171,1
0.1230042875,0.050359115,-0.004772202112,0.009269813076,1
0.1230042875,0.05232915282,-0.005919663701,0.008688371629,1
0.1230042875,0.05429919064,-0.008926056325,0.009973670356,1
0.1230042875,0.05626922846,-0.009872782975,0.0112254722,1
0.1230042875,0.05823927,-0.01482876483,0.0124438405,1
0.1230042875,0.06020930782,-0.02003478259,0.0134380376,1
0.1230042875,0.06217934564,-0.02528899163,0.01349540427,1
0.1230042875,0.06414938718,-0.02195123211,0.01563516259,1
0.1230042875,0.066119425,-0.02366760373,0.0147139933,1
0.1230042875,0.06808946282,-0.03125749901,0.01087750681,1
0.1230042875,0.07005950063,-0.03430139646,0.01136055961,1
0.1230042875,0.07202953845,-0.04449125379,0.002827744232,1
0.1230042875,0.07399957627,-0.05216571689,-0.000467833539,1
0.1230042875,0.07596961409,-0.05633100495,0.009880775586,1
0.1230042875,0.07793965936,-0.05386307463,0.007567839231,1
0.1230042875,0.07990969718,-0.05328510702,-0.007115399931,1
0.1230042875,0.08187973499,-0.05749648064,-0.008647833951,1
0.1230042875,0.08384977281,-0.05577611923,-0.002199671697,1
0.1230042875,0.08581981063,-0.04699459672,0.0006148748798,1
0.1230042875,0.08778984845,-0.04486222565,0.003678341862,1
0.1230042875,0.08975988626,-0.04657688364,0.001899620867,1
0.1230042875,0.09172992408,-0.04989081994,0.00355112832,1
0.1230042875,0.0936999619,-0.06362876296,0.002065869281,1
0.1230042875,0.09567000717,-0.05537159368,0.01068616379,2
0.1230042875,0.09764004499,-0.04973809794,0.01960571669,1
0.1230042875,0.09961008281,-0.04604391009,0.02149367332,1
0.1230042875,0.1015801206,-0.04736596718,0.01705625094,1
0.1230042875,0.1035501584,-0.04378218204,0.02233461291,1
0.1230042875,0.1055201963,-0.03811072186,0.02325193398,1
0.1230042875,0.1074902341,-0.03330549598,0.008615424857,1
0.1230042875,0.1094602719,-0.03104091063,0.00559381023,1
0.1230042875,0.1114303172,-0.01687995344,0.005353589542,3
0.1230042875,0.113400355,-0.005954822991,0.002160355449,1
0.1230042875,0.1153703928,0.003652649466,-0.002690733643,1
0.1230042875,0.1173404306,0.004098692443,-0.001070426893,1
0.1249743327,0.04838907719,-0.005273564253,0.008151896298,1
0.1249743327,0.050359115,-0.002869436285,0.006983527914,1
0.1249743327,0.05232915282,-0.003746778239,0.007761525922,1
0.1249743327,0.05429919064,-0.006944011897,0.008319105953,1
0.1249743327,0.05626922846,-0.01079592109,0.007958788425,1
0.1249743327,0.05823927,-0.01523722429,0.01207657531,1
0.1249743327,0.06020930782,-0.01958109252,0.01445645932,1
0.1249743327,0.06217934564,-0.0239529945,0.01425305754,1
0.1249743327,0.06414938718,-0.02884935029,0.01250040438,1
0.1249743327,0.066119425,-0.0254033003,0.01468907669,1
0.1249743327,0.06808946282,-0.02781903371,0.01331307925,1
0.1249743327,0.07005950063,-0.0371032916,0.008701708168,1
0.1249743327,0.07202953845,-0.045774661,0.003052918706,1
0.1249743327,0.07399957627,-0.04654394835,-0.0003285946441,1
0.1249743327,0.07596961409,-0.05315110087,-0.0006916543934,1
0.1249743327,0.07793965936,-0.0529101342,-0.007211828139,1
0.1249743327,0.07990969718,-0.04853240401,-0.01519497298,1
0.1249743327,0.08187973499,-0.05026908964,-0.008720379323,1
0.1249743327,0.08384977281,-0.04792872444,-0.004240889568,1
0.1249743327,0.08581981063,-0.04308968037,0.001360043418,1
0.1249743327,0.08778984845,-0.05101177096,0.0009123163181,1
0.1249743327,0.08975988626,-0.05473605171,-0.003640521318,1
0.1249743327,0.09172992408,-0.0687450543,-0.01179365255,1
0.1249743327,0.0936999619,-0.07066721469,-0.004778297152,2
0.1249743327,0.09567000717,-0.06469593942,0.004272541497,2
0.1249743327,0.09764004499,-0.05110098794,0.01572254114,1
0.1249743327,0.09961008281,-0.04543943703,0.01974665001,1
0.1249743327,0.1015801206,-0.04644196853,0.01837394014,1
0.1249743327,0.1035501584,-0.04388724267,0.01605031081,1
0.1249743327,0.1055201963,-0.0360234268,0.01483806968,1
0.1249743327,0.1074902341,-0.03330732509,0.01075822674,1
0.1249743327,0.1094602719,-0.02826620825,0.01149615366,1
0.1249743327,0.1114303172,-0.01596553437,0.007380046416,2
0.1249743327,0.113400355,-0.007013458759,0.003681952599,1
0.1249743327,0.1153703928,0.004216804635,-0.001574577298,1
0.1249743327,0.1173404306,0.00374907162,-0.0008090255433,2
0.1269443631,0.04838907719,-0.003872579429,0.007878731936,1
0.1269443631,0.050359115,-0.002323284512,0.008699112572,1
0.1269443631,0.05232915282,-0.00302803982,0.01010074001,1
0.1269443631,0.05429919064,-0.005482480396,0.008183299564,1
0.1269443631,0.05626922846,-0.01210462395,0.008220839314,1
0.1269443631,0.05823927,-0.01503536478,0.009921678342,2
0.1269443631,0.06020930782,-0.02046768181,0.008553583175,2
0.1269443631,0.06217934564,-0.0262215063,0.008487315848,1
0.1269443631,0.06414938718,-0.02592891455,0.01040554233,1
0.1269443631,0.066119425,-0.0240529459,0.01406339742,1
0.1269443631,0.06808946282,-0.02641872503,0.01294919662,1
0.1269443631,0.07005950063,-0.03345828131,0.008395398036,1
0.1269443631,0.07202953845,-0.05022075772,0.005262874532,1
0.1269443631,0.07399957627,-0.05222792923,0.005831954069,1
0.1269443631,0.07596961409,-0.04716832563,-0.001977072563,1
0.1269443631,0.07793965936,-0.04493891448,-0.003179566236,1
0.1269443631,0.07990969718,-0.04401577637,-0.01217024866,1
0.1269443631,0.08187973499,-0.04872521758,-0.005490791053,1
0.1269443631,0.08384977281,-0.04576286301,-0.00250762119,1
0.1269443631,0.08581981063,-0.04518308863,0.001313886489,1
0.1269443631,0.08778984845,-0.05159383267,-0.004848243203,1
0.1269443631,0.08975988626,-0.06000687927,-0.007880291902,1
0.1269443631,0.09172992408,-0.06629689038,-0.00832908228,1
0.1269443631,0.0936999619,-0.08559910208,-0.01365794707,1
0.1269443631,0.09567000717,-0.08164396137,-0.004540243186,1
0.1269443631,0.09764004499,-0.06413087994,0.00982422661,2
0.1269443631,0.09961008281,-0.04652065784,0.01944304444,1
0.1269443631,0.1015801206,-0.04644291103,0.01694018953,1
0.1269443631,0.1035501584,-0.04422434419,0.008126133122,1
0.1269443631,0.1055201963,-0.03791387379,0.01363799535,1
0.1269443631,0.1074902341,-0.03922739625,0.02268498205,1
0.1269443631,0.1094602719,-0.02382390946,0.01309723128,2
0.1269443631,0.1114303172,-0.01170252077,0.008988489397,2
0.1269443631,0.113400355,-0.00393017428,0.0034058725,1
0.1269443631,0.1153703928,0.002283857437,0.001320921001,1
0.1269443631,0.1173404306,0.002931718249,0.0002179275762,1
0.1289144009,0.04838907719,-0.003817612072,0.007713900413,1
0.1289144009,0.050359115,-0.002857168438,0.007019513287,1
0.1289144009,0.05232915282,-0.005595463328,0.010293792,1
0.1289144009,0.05429919064,-0.005392737221,0.007940148935,1
0.1289144009,0.05626922846,-0.007993944921,0.008497176692,1
0.1289144009,0.05823927,-0.01233193185,0.01083571371,1
0.1289144009,0.06020930782,-0.02103275992,0.001348878723,1
0.1289144009,0.06217934564,-0.02469800971,0.001068027806,1
0.1289144009,0.06414938718,-0.01790236309,0.009844833054,1
0.1289144009,0.066119425,-0.02299627289,0.01069847681,1
0.1289144009,0.06808946282,-0.02706668153,0.008818470873,1
0.1289144009,0.07005950063,-0.03087924421,0.007987009361,1
0.1289144009,0.07202953845,-0.04273655266,0.0106449509,1
0.1289144009,0.07399957627,-0.04651992396,0.01020484511,1
0.1289144009,0.07596961409,-0.04453420267,0.00256690965,1
0.1289144009,0.07793965936,-0.03781486675,0.007387693971,1
0.1289144009,0.07990969718,-0.04117235169,-0.008231523447,1
0.1289144009,0.08187973499,-0.04117845744,-0.005073262379,1
0.1289144009,0.08384977281,-0.04055628181,-3.673534229e-05,1
0.1289144009,0.08581981063,-0.04305172339,0.004753450863,1
0.1289144009,0.08778984845,-0.04058636352,0.005293489899,1
0.1289144009,0.08975988626,-0.05701108277,-0.001317311544,1
0.1289144009,0.09172992408,-0.07152047753,-0.007117034402,1
0.1289144009,0.0936999619,-0.07978509367,-0.01034151111,1
0.1289144009,0.09567000717,-0.07931859046,-0.0001660272683,1
0.1289144009,0.09764004499,-0.07725791633,0.008671563119,1
0.1289144009,0.09961008281,-0.05598534271,0.01587179862,2
0.1289144009,0.1015801206,-0.04487327486,0.02676874585,1
0.1289144009,0.1035501584,-0.04397214577,0.01333572436,1
0.1289144009,0.1055201963,-0.03838275746,0.01457885932,1
0.1289144009,0.1074902341,-0.03362129629,0.0185890682,1
0.1289144009,0.1094602719,-0.01609951258,0.009219300002,2
0.1289144009,0.1114303172,-0.003090465674,0.01207080763,1
0.1289144009,0.113400355,0.000546734489,0.002059855033,1
0.1289144009,0.1153703928,0.0008784568636,0.001123679802,1
0.1289144009,0.1173404306,-0.007029799279,0.005708429962,1
0.1308844388,0.04838907719,-0.003038841765,0.005290812347,1
0.1308844388,0.050359115,-0.003891681088,0.00402817037,1
0.1308844388,0.05232915282,-0.004850964528,0.006248975173,1
0.1308844388,0.05429919064,-0.004327339586,0.005885546561,1
0.1308844388,0.05626922846,-0.006791902706,0.006700633094,1
0.1308844388,0.05823927,-0.01424772944,0.005485949572,1
0.1308844388,0.06020930782,-0.02287490107,-0.001727244584,1
0.1308844388,0.06217934564,-0.02421443164,-0.001356369117,1
0.1308844388,0.06414938718,-0.02268426679,0.004883421585,1
0.1308844388,0.066119425,-0.02321040072,0.005403544288,1
0.1308844388,0.06808946282,-0.03600106388,-0.001102024573,1
0.1308844388,0.07005950063,-0.03975219652,0.005562690087,1
0.1308844388,0.07202953845,-0.04117073491,0.007222101092,1
0.1308844388,0.07399957627,-0.04150423035,0.009038786404,1
0.1308844388,0.07596961409,-0.0400851965,0.01046542451,1
0.1308844388,0.07793965936,-0.03424207866,0.003471427364,1
0.1308844388,0.07990969718,-0.03844517097,0.0004456488823,1
0.1308844388,0.08187973499,-0.03702883795,-0.0009804543806,1
0.1308844388,0.08384977281,-0.03483788669,0.0005514898803,1
0.1308844388,0.08581981063,-0.03857631609,0.01368643157,1
0.1308844388,0.08778984845,-0.04027756676,0.01014244556,1
0.1308844388,0.08975988626,-0.0531328395,0.006354982033,1
0.1308844388,0.09172992408,-0.08350988477,-0.001671735081,1
0.1308844388,0.0936999619,-0.08502291888,-0.006331842858,1
0.1308844388,0.09567000717,-0.07981365174,-0.005072094966,1
0.1308844388,0.09764004499,-0.07829598337,-0.005615489092,1
0.1308844388,0.09961008281,-0.05528952554,0.008603844792,1
0.1308844388,0.1015801206,-0.04421954229,0.01666277647,1
0.1308844388,0.1035501584,-0.03756510839,0.01080494467,1
0.1308844388,0.1055201963,-0.03143043444,0.005147163291,1
0.1308844388,0.1074902341,-0.02242016047,0.005264496896,1
0.1308844388,0.1094602719,-0.003862378187,-0.006879905704,1
0.1308844388,0.1114303172,0.003677355591,-0.005874125287,1
0.1308844388,0.113400355,0.005256310105,-0.002212054096,1
0.1308844388,0.1153703928,0.003003580496,-0.0005784162786,1
0.1308844388,0.1173404306,-0.004926846363,0.002530255821,1
0.1328544915,0.04838907719,-0.0020111294,0.003287727013,1
0.1328544915,0.050359115,-0.003501934232,0.004148075823,1
0.1328544915,0.05232915282,-0.00373874302,0.005029330961,1
0.1328544915,0.05429919064,-0.004151139408,0.004879357293,1
0.1328544915,0.05626922846,-0.01358333975,0.004596151877,1
0.1328544915,0.05823927,-0.01548572071,0.001881878008,2
0.1328544915,0.06020930782,-0.02047147416,-0.002006257651,2
0.1328544915,0.06217934564,-0.02551729418,-0.001566997031,1
0.1328544915,0.06414938718,-0.02950036153,-0.002742905635,1
0.1328544915,0.066119425,-0.02934532426,-0.001230256399,1
0.1328544915,0.06808946282,-0.02989735641,0.001681229798,1
0.1328544915,0.07005950063,-0.0394009091,0.003426656825,1
0.1328544915,0.07202953845,-0.03742952645,0.000631732808,1
0.1328544915,0.07399957627,-0.03937873244,0.004507172387,1
0.1328544915,0.07596961409,-0.03867349029,0.008327150717,1
0.1328544915,0.07793965936,-0.04064799845,0.008121264167,1
0.1328544915,0.07990969718,-0.03923620284,0.007668709382,1
0.1328544915,0.08187973499,-0.0385892354,0.005365434103,1
0.1328544915,0.08384977281,-0.04804908112,0.004897911102,1
0.1328544915,0.08581981063,-0.03031417914,0.008377606049,1
0.1328544915,0.08778984845,-0.03456483409,0.006427135784,1
0.1328544915,0.08975988626,-0.04512393847,0.007760735229,1
0.1328544915,0.09172992408,-0.07314397395,0.001420720131,1
0.1328544915,0.0936999619,-0.08176872134,-0.005523740314,1
0.1328544915,0.09567000717,-0.08099842817,-0.01341001131,1
0.1328544915,0.09764004499,-0.08063177019,-0.01054686867,1
0.1328544915,0.09961008281,-0.04100281,0.01235260069,1
0.1328544915,0.1015801206,-0.04029431567,0.008435951546,2
0.1328544915,0.1035501584,-0.0372239314,0.001745395595,1
0.1328544915,0.1055201963,-0.02948929928,-0.009913554415,1
0.1328544915,0.1074902341,-0.01948150247,0.0001721625158,1
0.1328544915,0.1094602719,-0.006322281901,-0.01050687488,1
0.1328544915,0.1114303172,0.002201993251,-0.01080351509,1
0.1328544915,0.113400355,0.003598357551,-0.004650153685,1
0.1328544915,0.1153703928,0.005741460714,0.0001416227606,1
0.1328544915,0.1173404306,-0.004558708984,-0.0003421241418,1
0.1348245293,0.04838907719,-0.002438261639,0.003254713956,1
0.1348245293,0.050359115,-0.002088025445,0.005963217933,1
0.1348245293,0.05232915282,-0.001749363844,0.005286773667,1
0.1348245293,0.05429919064,-0.002688582521,0.004061698914,1
0.1348245293,0.05626922846,-0.01113629621,0.002239525085,1
0.1348245293,0.05823927,-0.01364033949,-0.0005483320565,2
0.1348245293,0.06020930782,-0.0180079788,-0.006612666417,1
0.1348245293,0.06217934564,-0.02548964694,-0.0001859093172,1
0.1348245293,0.06414938718,-0.03233153373,-0.004992777947,1
0.1348245293,0.066119425,-0.03291408345,-0.003549296176,1
0.1348245293,0.06808946282,-0.03340348601,0.001512243529,1
0.1348245293,0.07005950063,-0.04275976121,0.004931623116,1
0.1348245293,0.07202953845,-0.03649517894,-0.001856090152,1
0.1348245293,0.07399957627,-0.03731782362,0.0003391997307,1
0.1348245293,0.07596961409,-0.03271048889,0.006197050214,1
0.1348245293,0.07793965936,-0.03941648826,0.009395024739,1
0.1348245293,0.07990969718,-0.04105332121,0.007616997696,1
0.1348245293,0.08187973499,-0.04202328622,0.002809754806,1
0.1348245293,0.08384977281,-0.04412057996,0.002536043292,2
0.1348245293,0.08581981063,-0.03245443851,-0.001511724782,1
0.1348245293,0.08778984845,-0.03412064165,0.00365987001,1
0.1348245293,0.08975988626,-0.04485782608,0.006653005257,1
0.1348245293,0.09172992408,-0.06771632284,-0.003454767866,2
0.1348245293,0.0936999619,-0.07570157945,-0.006915324368,1
0.1348245293,0.09567000717,-0.08297854662,-0.009106167592,1
0.1348245293,0.09764004499,-0.07056948543,0.002144084312,1
0.1348245293,0.09961008281,-0.03704778478,0.002804728923,1
0.1348245293,0.1015801206,-0.03873097524,0.002983034821,1
0.1348245293,0.1035501584,-0.03394171223,0.0001660413545,1
0.1348245293,0.1055201963,-0.02931577899,-0.005295864772,1
0.1348245293,0.1074902341,-0.0195155181,-0.006268533878,1
0.1348245293,0.1094602719,-0.00848652795,-0.006789955311,1
0.1348245293,0.1114303172,-0.000836343097,-0.007107618265,1
0.1348245293,0.113400355,0.001715328312,-0.004051575903,1
0.1348245293,0.1153703928,0.006679473445,-0.001296771923,1
0.1348245293,0.1173404306,-0.002572606551,-0.001769021968,1
0.1367945671,0.04838907719,-0.002187149366,0.003421185073,1
0.1367945671,0.050359115,-0.002055525081,0.005145465955,1
0.1367945671,0.05232915282,-0.00193972711,0.005401624367,1
0.1367945671,0.05429919064,-0.002661609789,0.004054169636,1
0.1367945671,0.05626922846,-0.00570148835,0.002433313057,1
0.1367945671,0.05823927,-0.009931365028,0.0002979351557,1
0.1367945671,0.06020930782,-0.01539449766,-0.002404734725,1
0.1367945671,0.06217934564,-0.02362908237,-0.0009723272524,1
0.1367945671,0.06414938718,-0.03406124935,-0.004251405597,1
0.1367945671,0.066119425,-0.03744028136,-0.0058801095,1
0.1367945671,0.06808946282,-0.04961239547,0.003126699245,1
0.1367945671,0.07005950063,-0.04268639907,0.01328885555,1
0.1367945671,0.07202953845,-0.0383980386,0.01252573077,1
0.1367945671,0.07399957627,-0.03891902044,0.004476844799,1
0.1367945671,0.07596961409,-0.03986050561,0.006959866732,1
0.1367945671,0.07793965936,-0.039443966,0.008264703676,1
0.1367945671,0.07990969718,-0.04248766974,0.004078999627,1
0.1367945671,0.08187973499,-0.0483806245,0.002681477461,1
0.1367945671,0.08384977281,-0.05395551398,0.003948231693,1
0.1367945671,0.08581981063,-0.05220267922,0.005572667345,1
0.1367945671,0.08778984845,-0.0522867851,0.006879354361,1
0.1367945671,0.08975988626,-0.05673193187,0.003867923049,3
0.1367945671,0.09172992408,-0.07716192305,-0.01497747283,1
0.1367945671,0.0936999619,-0.07723287493,-0.007277406752,1
0.1367945671,0.09567000717,-0.07983796299,-0.009337476455,1
0.1367945671,0.09764004499,-0.06414370239,-0.01602225378,1
0.1367945671,0.09961008281,-0.03590634093,-0.009947335348,1
0.1367945671,0.1015801206,-0.03261725977,-0.00504199462,1
0.1367945671,0.1035501584,-0.03181139007,-0.01239285618,1
0.1367945671,0.1055201963,-0.02448023111,-0.01073476858,1
0.1367945671,0.1074902341,-0.01264407951,-0.01383881923,1
0.1367945671,0.1094602719,-0.005559128709,-0.01002119295,1
0.1367945671,0.1114303172,-0.002447113628,-0.00593113387,1
0.1367945671,0.113400355,-0.0004178710806,-0.004098481964,1
0.1367945671,0.1153703928,0.001172118005,-0.001990497345,1
0.1367945671,0.1173404306,0.001348710502,-0.002459968673,1
0.1387646049,0.04838907719,-0.003331442131,0.00492615765,1
0.1387646049,0.050359115,-0.0008221118478,0.002916958882,1
0.1387646049,0.05232915282,-0.001721650711,0.003186819842,1
0.1387646049,0.05429919064,-0.003431514371,0.002462967765,1
0.1387646049,0.05626922846,-0.005214657169,0.0006377775571,1
0.1387646049,0.05823927,-0.007830876857,0.0007036728202,1
0.1387646049,0.06020930782,-0.01379562821,-0.004779462703,1
0.1387646049,0.06217934564,-0.02072193846,-0.00223890855,1
0.1387646049,0.06414938718,-0.0274630338,0.001484893262,1
0.1387646049,0.066119425,-0.03659569472,0.005534943193,1
0.1387646049,0.06808946282,-0.04241513461,0.00439458061,2
0.1387646049,0.07005950063,-0.03833306953,0.008382383734,1
0.1387646049,0.07202953845,-0.0382934548,0.005598103162,1
0.1387646049,0.07399957627,-0.03964170814,0.00464307284,1
0.1387646049,0.07596961409,-0.03965222463,0.005194162019,1
0.1387646049,0.07793965936,-0.04128481075,0.006614792626,1
0.1387646049,0.07990969718,-0.04223726317,0.005252131727,1
0.1387646049,0.08187973499,-0.04725693539,0.006478430238,1
0.1387646049,0.08384977281,-0.05179274082,0.004262874369,1
0.1387646049,0.08581981063,-0.04828066751,0.004261815455,1
0.1387646049,0.08778984845,-0.04923215881,0.008796354756,1
0.1387646049,0.08975988626,-0.05607739836,0.009062557481,1
0.1387646049,0.09172992408,-0.07061535865,-0.005144122522,2
0.1387646049,0.0936999619,-0.07866676897,-0.005258562043,2
0.1387646049,0.09567000717,-0.08923958987,-0.01393068582,1
0.1387646049,0.09764004499,-0.07580456883,-0.008088118397,1
0.1387646049,0.09961008281,-0.0406716913,-0.01164552663,1
0.1387646049,0.1015801206,-0.02328559384,-0.01556135248,1
0.1387646049,0.1035501584,-0.02994611673,-0.01602838375,1
0.1387646049,0.1055201963,-0.01686846837,-0.01389858127,1
0.1387646049,0.1074902341,-0.005057445262,-0.01243850961,1
0.1387646049,0.1094602719,-0.002367139794,-0.008163272403,1
0.1387646049,0.1114303172,-0.002163695171,-0.004000276327,1
0.1387646049,0.113400355,-0.00114735926,-0.003989706747,1
0.1387646049,0.1153703928,-0.0002884606365,-0.003687270451,1
0.1387646049,0.1173404306,0.0005523080472,-0.003390450496,1
0.1407346427,0.04838907719,-0.0007736450643,0.006214398425,1
0.1407346427,0.050359115,-0.001078296104,0.00313990307,1
0.1407346427,0.05232915282,-0.001778129837,0.003054244677,1
0.1407346427,0.05429919064,-0.002238861984,0.003082140349,1
0.1407346427,0.05626922846,-0.00254007685,0.001764461165,1
0.1407346427,0.05823927,-0.004425382242,0.001625092351,1
0.1407346427,0.06020930782,-0.01571511663,-0.0001687036856,2
0.1407346427,0.06217934564,-0.04028943554,-0.0001099796864,1
0.1407346427,0.06414938718,-0.05462217331,0.002713550813,1
0.1407346427,0.066119425,-0.04879936948,-0.0006137124728,1
0.1407346427,0.06808946282,-0.04511937127,0.000534296094,1
0.1407346427,0.07005950063,-0.04293978959,0.006079967599,1
0.1407346427,0.07202953845,-0.04006265476,0.004449110013,1
0.1407346427,0.07399957627,-0.03845139965,0.007005356252,1
0.1407346427,0.07596961409,-0.0334970206,0.006027447991,1
0.1407346427,0.07793965936,-0.03587775677,0.006834547501,1
0.1407346427,0.07990969718,-0.04120904952,0.007144601084,1
0.1407346427,0.08187973499,-0.04224744812,0.007852425799,1
0.1407346427,0.08384977281,-0.0476118736,0.00379837607,1
0.1407346427,0.08581981063,-0.05290232599,0.003741862485,1
0.1407346427,0.08778984845,-0.04822945222,0.007128085941,1
0.1407346427,0.08975988626,-0.05685228109,0.004562165588,1
0.1407346427,0.09172992408,-0.07055534422,-0.009403011762,1
0.1407346427,0.0936999619,-0.07757926732,0.005317965522,1
0.1407346427,0.09567000717,-0.08034165204,-0.002667709719,1
0.1407346427,0.09764004499,-0.06482647359,-0.003644387238,1
0.1407346427,0.09961008281,-0.04253179207,-0.01034120936,1
0.1407346427,0.1015801206,-0.03792285547,-0.01577273197,1
0.1407346427,0.1035501584,-0.02860678174,-0.01305795554,1
0.1407346427,0.1055201963,-0.01252500806,-0.01134074759,1
0.1407346427,0.1074902341,-0.004442794248,-0.009534000419,1
0.1407346427,0.1094602719,-0.001124345581,-0.007034900598,1
0.1407346427,0.1114303172,0.000519556168,-0.004910538439,1
0.1407346427,0.113400355,0.000675397343,-0.003211934352,1
0.1407346427,0.1153703928,0.002901870525,-0.00407765992,1
0.1407346427,0.1173404306,0.006883948576,-0.001364614582,1
0.1427046806,0.04838907719,0.001942405826,0.005576816387,1
0.1427046806,0.050359115,-0.001410147408,0.003894044552,1
0.1427046806,0.05232915282,-0.002050085226,0.003967347555,1
0.1427046806,0.05429919064,-0.001718822285,0.00454761181,1
0.1427046806,0.05626922846,-0.0001873737201,0.003857804695,1
0.1427046806,0.05823927,-0.002024195623,0.003598138923,1
0.1427046806,0.06020930782,-0.004350021947,0.002589535201,1
0.1427046806,0.06217934564,-0.02909768559,0.001423909329,2
0.1427046806,0.06414938718,-0.05856879428,-0.0004285875184,1
0.1427046806,0.066119425,-0.04714396596,-0.004259315319,1
0.1427046806,0.06808946282,-0.04525411129,-0.001944314688,1
0.1427046806,0.07005950063,-0.04659547284,0.001162004541,1
0.1427046806,0.07202953845,-0.04673840478,-0.001314328401,1
0.1427046806,0.07399957627,-0.04209639505,0.004133450333,1
0.1427046806,0.07596961409,-0.03520030528,0.006501623895,1
0.1427046806,0.07793965936,-0.03405149654,0.00705784047,1
0.1427046806,0.07990969718,-0.03958439082,0.007830711082,1
0.1427046806,0.08187973499,-0.04133547843,0.00860297028,1
0.1427046806,0.08384977281,-0.04648099095,0.002622388769,1
0.1427046806,0.08581981063,-0.04970686138,0.003781411331,1
0.1427046806,0.08778984845,-0.04383895546,0.004988123197,1
0.1427046806,0.08975988626,-0.05458945408,0.002331475727,1
0.1427046806,0.09172992408,-0.06789848208,6.231912266e-06,1
0.1427046806,0.0936999619,-0.0656876713,0.02005703747,1
0.1427046806,0.09567000717,-0.06329616159,0.021187203,1
0.1427046806,0.09764004499,-0.05613349751,0.0007583283586,2
0.1427046806,0.09961008281,-0.04256147891,-0.01385218929,1
0.1427046806,0.1015801206,-0.04854154959,0.006291550118,1
0.1427046806,0.1035501584,-0.03674585372,0.001429876778,1
0.1427046806,0.1055201963,-0.01349495538,-0.01110161282,1
0.1427046806,0.1074902341,-0.004026876297,-0.008745483123,1
0.1427046806,0.1094602719,8.646756032e-05,-0.006711095572,1
0.1427046806,0.1114303172,0.00109936425,-0.005535494536,1
0.1427046806,0.113400355,0.001538194367,-0.002663276857,1
0.1427046806,0.1153703928,0.004460948054,-0.0005359836505,1
0.1427046806,0.1173404306,0.00449042907,-0.0003371342609,1
0.1446747184,0.04838907719,0.0008341056528,0.004527624696,1
0.1446747184,0.050359115,-0.00231336779,0.005005341023,1
0.1446747184,0.05232915282,-0.001736015431,0.005179666448,1
0.1446747184,0.05429919064,-0.0008339150809,0.004884170834,1
0.1446747184,0.05626922846,-0.0003309663443,0.004954742733,1
0.1446747184,0.05823927,-0.001517064869,0.005108078476,1
0.1446747184,0.06020930782,-0.002852553502,0.004951413721,1
0.1446747184,0.06217934564,-0.01318248641,0.003644669661,1
0.1446747184,0.06414938718,-0.04081087932,-0.0006781741395,2
0.1446747184,0.066119425,-0.0511393398,-0.005263338331,2
0.1446747184,0.06808946282,-0.059234716,-0.005127771758,1
0.1446747184,0.07005950063,-0.05224464089,-0.007094572764,1
0.1446747184,0.07202953845,-0.04812679067,-0.006280570757,1
0.1446747184,0.07399957627,-0.04593933001,-0.001682436559,1
0.1446747184,0.07596961409,-0.04523918778,0.006493423134,1
0.1446747184,0.07793965936,-0.0413326174,0.00717752194,1
0.1446747184,0.07990969718,-0.03818858415,0.008027814329,1
0.1446747184,0.08187973499,-0.04129031673,0.01262024976,1
0.1446747184,0.08384977281,-0.0437704958,0.01069175266,1
0.1446747184,0.08581981063,-0.04409302026,0.007133795414,1
0.1446747184,0.08778984845,-0.05095806718,0.004149425309,1
0.1446747184,0.08975988626,-0.05862247571,0.007233157288,1
0.1446747184,0.09172992408,-0.06327411532,0.008803076111,1
0.1446747184,0.0936999619,-0.06811417639,0.00777899567,1
0.1446747184,0.09567000717,-0.06484233588,0.01126379333,1
0.1446747184,0.09764004499,-0.0538498871,-0.0006573128048,1
0.1446747184,0.09961008281,-0.04343796149,-0.01499798801,1
0.1446747184,0.1015801206,-0.04746270552,0.002232878469,2
0.1446747184,0.1035501584,-0.04166144133,0.01555734314,1
0.1446747184,0.1055201963,-0.02257889695,0.0007685754681,1
0.1446747184,0.1074902341,-0.01231376827,0.003185206326,1
0.1446747184,0.1094602719,0.0005425276468,-0.003983666189,1
0.1446747184,0.1114303172,0.001805483596,-0.00427693082,1
0.1446747184,0.113400355,0.002110436326,-0.003749518422,1
0.1446747184,0.1153703928,0.003872232046,-0.001308877021,1
0.1446747184,0.1173404306,0.005630810745,0.001803818857,1
0.1466447562,0.04838907719,0.0008723743376,0.004304485861,1
0.1466447562,0.050359115,-0.001201255713,0.005813835654,1
0.1466447562,0.05232915282,-0.001914756489,0.004976843018,1
0.1466447562,0.05429919064,-0.001352876076,0.002230250742,1
0.1466447562,0.05626922846,-7.042331708e-05,0.002202934353,1
0.1466447562,0.05823927,0.0004951658775,0.00471829623,1
0.1466447562,0.06020930782,-0.001854128554,0.005659191869,1
0.1466447562,0.06217934564,-0.02017008513,0.006597420666,1
0.1466447562,0.06414938718,-0.04035289213,-0.0006654406316,2
0.1466447562,0.066119425,-0.05736779049,-0.01098809019,1
0.1466447562,0.06808946282,-0.06120273098,-0.004237568937,1
0.1466447562,0.07005950063,-0.05893405154,-0.01073635742,1
0.1466447562,0.07202953845,-0.05520663783,-0.007629704662,1
0.1466447562,0.07399957627,-0.05794502422,-0.005172859412,1
0.1466447562,0.07596961409,-0.04981011152,0.003010346321,2
0.1466447562,0.07793965936,-0.03911833465,0.005768714473,3
0.1466447562,0.07990969718,-0.03083943576,0.006359844934,1
0.1466447562,0.08187973499,-0.03269726038,0.009855556302,1
0.1466447562,0.08384977281,-0.03954821452,0.01391563099,1
0.1466447562,0.08581981063,-0.04139076546,0.01329887379,1
0.1466447562,0.08778984845,-0.05107150972,0.003020685632,1
0.1466447562,0.08975988626,-0.06103249267,0.003003576072,1
0.1466447562,0.09172992408,-0.06595198065,0.001613174798,1
0.1466447562,0.0936999619,-0.06468070298,0.002829568693,1
0.1466447562,0.09567000717,-0.05365898833,0.0122201331,1
0.1466447562,0.09764004499,-0.04096547887,0.00858126767,1
0.1466447562,0.09961008281,-0.06852854788,0.004299580585,1
0.1466447562,0.1015801206,-0.05620986223,0.002080608392,1
0.1466447562,0.1035501584,-0.0566823557,0.0142201772,1
0.1466447562,0.1055201963,-0.02746286429,0.01180439908,1
0.1466447562,0.1074902341,-0.00903698802,0.002914267592,2
0.1466447562,0.1094602719,0.003552217968,-0.001797526143,1
0.1466447562,0.1114303172,0.003261601552,-0.003704420058,1
0.1466447562,0.113400355,0.002270980738,-0.00453972863,1
0.1466447562,0.1153703928,0.00224589929,-0.002915149787,1
0.1466447562,0.1173404306,0.0068814517,0.001747758943,1
0.148614794,0.04838907719,0.001739124418,0.004555490334,1
0.148614794,0.050359115,-0.003861597739,0.005937497132,1
0.148614794,0.05232915282,-0.002077220939,0.005150296725,1
0.148614794,0.05429919064,-0.00236400892,0.001703103189,1
0.148614794,0.05626922846,4.766810525e-05,0.001896299073,1
0.148614794,0.05823927,0.001178723993,0.00262610428,1
0.148614794,0.06020930782,-0.004790492821,0.005001415964,1
0.148614794,0.06217934564,-0.0293755848,0.00327776582,1
0.148614794,0.06414938718,-0.04306280985,0.002407081192,1
0.148614794,0.066119425,-0.04383161664,0.0007969968137,1
0.148614794,0.06808946282,-0.05034386367,0.002541464753,1
0.148614794,0.07005950063,-0.05376629531,0.003473403864,1
0.148614794,0.07202953845,-0.06075239182,0.00253626937,1
0.148614794,0.07399957627,-0.06261514127,-0.0002133107773,1
0.148614794,0.07596961409,-0.05693790317,0.004952106625,2
0.148614794,0.07793965936,-0.0663254261,0.0136777265,1
0.148614794,0.07990969718,-0.02720307559,0.003033383284,1
0.148614794,0.08187973499,-0.02729987167,0.005053357687,1
0.148614794,0.08384977281,-0.03333390877,0.008099251427,1
0.148614794,0.08581981063,-0.0409293212,0.01119697187,1
0.148614794,0.08778984845,-0.05074162409,-0.0005716219312,2
0.148614794,0.08975988626,-0.06435111165,-0.005054798443,1
0.148614794,0.09172992408,-0.06470921636,-0.002710155211,1
0.148614794,0.0936999619,-0.06955007464,-0.003752780147,1
0.148614794,0.09567000717,-0.05984795094,0.001525490079,2
0.148614794,0.09764004499,-0.06447727978,0.0009696158813,1
0.148614794,0.09961008281,-0.06191432476,-0.0005286257365,1
0.148614794,0.1015801206,-0.0511783734,0.002440406475,1
0.148614794,0.1035501584,-0.03785708547,-0.0005944364239,1
0.148614794,0.1055201963,-0.0173885487,0.0005482482957,2
0.148614794,0.1074902341,7.646246377e-05,-0.001535008196,1
0.148614794,0.1094602719,0.004774698056,-0.00347221503,1
0.148614794,0.1114303172,0.005282265134,-0.0043479749,1
0.148614794,0.113400355,0.003667860758,-0.002695349278,1
0.148614794,0.1153703928,0.001848052605,-0.004243132658,1
0.148614794,0.1173404306,0.004112168215,-0.0009678641218,1
0.1505848318,0.04838907719,0.003638385097,0.004169636406,1
0.1505848318,0.050359115,-0.006220907904,0.002468573395,1
0.1505848318,0.05232915282,-0.004692406859,0.002316170605,1
0.1505848318,0.05429919064,-0.004326188006,0.002843911294,1
0.1505848318,0.05626922846,-0.00106335571,0.002491252962,1
0.1505848318,0.05823927,0.0003768463212,0.002402407816,1
0.1505848318,0.06020930782,-0.005952282809,0.004567103926,1
0.1505848318,0.06217934564,-0.02476246096,0.00567818433,1
0.1505848318,0.06414938718,-0.03675691038,0.007245809771,1
0.1505848318,0.066119425,-0.0374407731,0.00279857195,2
0.1505848318,0.06808946282,-0.04324208945,0.0008758585318,1
0.1505848318,0.07005950063,-0.04908872023,-0.0002686574007,1
0.1505848318,0.07202953845,-0.07032767683,-0.003964957315,1
0.1505848318,0.07399957627,-0.06429273635,-0.0007436554297,1
0.1505848318,0.07596961409,-0.04900093749,0.003333664965,2
0.1505848318,0.07793965936,-0.04723172262,0.008985093795,1
0.1505848318,0.07990969718,-0.0255650077,0.0002851047029,1
0.1505848318,0.08187973499,-0.0226470232,0.00198574923,1
0.1505848318,0.08384977281,-0.02733140439,0.003252470167,1
0.1505848318,0.08581981063,-0.04032834619,-0.005769738462,1
0.1505848318,0.08778984845,-0.04661455005,-0.01144934725,1
0.1505848318,0.08975988626,-0.05263859034,-0.009213846177,1
0.1505848318,0.09172992408,-0.04672207311,-0.004255658481,2
0.1505848318,0.0936999619,-0.04772150889,-0.002218598034,2
0.1505848318,0.09567000717,-0.05170546845,-0.003335008398,1
0.1505848318,0.09764004499,-0.0612407513,0.001766678412,1
0.1505848318,0.09961008281,-0.05603555217,-0.004414230119,1
0.1505848318,0.1015801206,-0.03755424917,-0.002377433702,2
0.1505848318,0.1035501584,-0.02260560356,-0.004123559222,2
0.1505848318,0.1055201963,-0.004310702905,-0.007481961045,1
0.1505848318,0.1074902341,-0.001333529945,-0.007476737257,1
0.1505848318,0.1094602719,0.003408797318,-0.005964465905,1
0.1505848318,0.1114303172,0.003875932656,-0.004658285994,1
0.1505848318,0.113400355,0.002272132086,-0.002075398108,1
0.1505848318,0.1153703928,0.0003182619403,-0.004112118855,1
0.1505848318,0.1173404306,-0.002624864457,-0.003085863777,1
0.1525548697,0.04838907719,0.001532516675,0.004394353833,1
0.1525548697,0.050359115,0.0005461016553,0.002539457986,1
0.1525548697,0.05232915282,-0.004333982244,0.00173548318,1
0.1525548697,0.05429919064,-0.003424029332,0.002057306003,1
0.1525548697,0.05626922846,-0.0001248008484,0.002405402018,1
0.1525548697,0.05823927,0.0006123839412,0.003125343937,1
0.1525548697,0.06020930782,-0.007221112028,0.004081787076,1
0.1525548697,0.06217934564,-0.01633606292,0.005233393051,2
0.1525548697,0.06414938718,-0.02217077464,0.004831814673,2
0.1525548697,0.066119425,-0.0259324871,0.00227562245,2
0.1525548697,0.06808946282,-0.03837568313,0.0003839287383,1
0.1525548697,0.07005950063,-0.04180455208,-0.00300643337,1
0.1525548697,0.07202953845,-0.05371369794,0.0005202484317,3
0.1525548697,0.07399957627,-0.04908734187,-0.002268476877,1
0.1525548697,0.07596961409,-0.02754138038,0.0001411152625,2
0.1525548697,0.07793965936,-0.02396718413,-0.001953871921,1
0.1525548697,0.07990969718,-0.01573384553,0.004916749429,2
0.1525548697,0.08187973499,-0.0131106656,0.01005092449,2
0.1525548697,0.08384977281,-0.01713715494,0.008304009214,2
0.1525548697,0.08581981063,-0.03210693225,-0.009902897291,1
0.1525548697,0.08778984845,-0.03459256887,-0.01425637584,1
0.1525548697,0.08975988626,-0.0256656874,-0.008690735325,2
0.1525548697,0.09172992408,-0.02181897312,-0.002880034735,2
0.1525548697,0.0936999619,-0.02290842682,0.002469055355,2
0.1525548697,0.09567000717,-0.03030375205,0.003903834149,2
0.1525548697,0.09764004499,-0.05044700205,0.0003001930309,1
0.1525548697,0.09961008281,-0.04723951221,-0.01019631326,1
0.1525548697,0.1015801206,-0.02039746754,-0.003412352409,3
0.1525548697,0.1035501584,-0.0107003795,-0.006040406413,2
0.1525548697,0.1055201963,-0.0006293341867,-0.008838604204,1
0.1525548697,0.1074902341,-0.0009235085454,-0.008419728838,1
0.1525548697,0.1094602719,0.0005900957622,-0.005554785952,1
0.1525548697,0.1114303172,0.002680533566,-0.003770657349,1
0.1525548697,0.113400355,0.001958783716,-0.002500452567,1
0.1525548697,0.1153703928,0.00030335263,-0.003068540478,1
0.1525548697,0.1173404306,-0.00512014376,-0.003226618748,1
0.1545249075,0.04838907719,0.0003019993892,0.005186161026,1
0.1545249075,0.050359115,-0.00095114141,0.003207999747,1
0.1545249075,0.05232915282,-0.00402515661,0.002139355522,1
0.1545249075,0.05429919064,-0.003529261099,0.001674743602,1
0.1545249075,0.05626922846,-0.001305014011,0.002798831323,1
0.1545249075,0.05823927,-0.0001820614852,0.00355397677,1
0.1545249075,0.06020930782,-0.007474043407,0.004540304653,1
0.1545249075,0.06217934564,-0.01118990406,0.006341786589,1
0.1545249075,0.06414938718,-0.009657639079,0.004572433885,1
0.1545249075,0.066119425,-0.005742715672,0.001088174293,1
0.1545249075,0.06808946282,-0.006200917996,-0.002596019302,1
0.1545249075,0.07005950063,-0.003683394752,-0.0001042765289,1
0.1545249075,0.07202953845,0.003279641503,0.0007682016003,1
0.1545249075,0.07399957627,0.01322188601,0.002085050335,1
0.1545249075,0.07596961409,0.01188993733,0.001453144825,1
0.1545249075,0.07793965936,0.008071676828,0.003811648348,1
0.1545249075,0.07990969718,-0.0002925241424,0.01128483843,2
0.1545249075,0.08187973499,0.003075362416,0.02499719337,1
0.1545249075,0.08384977281,0.004000387155,0.02981554158,1
0.1545249075,0.08581981063,0.000783824129,0.003737580962,1
0.1545249075,0.08778984845,0.003015506547,0.004513307009,1
0.1545249075,0.08975988626,0.006387380417,-0.008412684314,1
0.1545249075,0.09172992408,0.008020296693,-0.00104280049,1
0.1545249075,0.0936999619,0.008210531436,0.01107101981,1
0.1545249075,0.09567000717,0.003845887724,0.01618109643,1
0.1545249075,0.09764004499,-0.009111005813,0.005229516421,1
0.1545249075,0.09961008281,-0.0149552729,-0.001454886049,1
0.1545249075,0.1015801206,-0.006103720982,-0.007035977673,1
0.1545249075,0.1035501584,0.0008308862452,-0.007787108887,1
0.1545249075,0.1055201963,0.0003920954769,-0.007579218596,1
0.1545249075,0.1074902341,-0.002399634104,-0.007300870959,1
0.1545249075,0.1094602719,-0.001941082533,-0.005359600298,1
0.1545249075,0.1114303172,-0.0001522780367,-0.004463913385,1
0.1545249075,0.113400355,-0.0002265114163,-0.00314528984,1
0.1545249075,0.1153703928,4.316563354e-05,-0.001950332196,1
0.1545249075,0.1173404306,-0.005595748778,-0.001914021093,1
0.1564949453,0.04838907719,-0.0002459808602,0.004951890092,1
0.1564949453,0.050359115,-0.008435619995,0.003349358216,1
0.1564949453,0.05232915282,-0.00379903568,0.003205596469,1
0.1564949453,0.05429919064,-0.0040407544,0.003425639588,1
0.1564949453,0.05626922846,-0.002744839061,0.003261564067,1
0.1564949453,0.05823927,0.001121180248,0.006658862345,1
0.1564949453,0.06020930782,0.0001323664765,0.008579815738,1
0.1564949453,0.06217934564,NaN,NaN,0
0.1564949453,0.06414938718,NaN,NaN,0
0.1564949453,0.066119425,NaN,NaN,0
0.1564949453,0.06808946282,NaN,NaN,0
0.1564949453,0.07005950063,NaN,NaN,0
0.1564949453,0.07202953845,NaN,NaN,0
0.1564949453,0.07399957627,NaN,NaN,0
0.1564949453,0.07596961409,NaN,NaN,0
0.1564949453,0.07793965936,NaN,NaN,0
0.1564949453,0.07990969718,NaN,NaN,0
0.1564949453,0.08187973499,NaN,NaN,0
0.1564949453,0.08384977281,NaN,NaN,0
0.1564949453,0.08581981063,NaN,NaN,0
0.1564949453,0.08778984845,NaN,NaN,0
0.1564949453,0.08975988626,NaN,NaN,0
0.1564949453,0.09172992408,NaN,NaN,0
0.1564949453,0.0936999619,NaN,NaN,0
0.1564949453,0.09567000717,NaN,NaN,0
0.1564949453,0.09764004499,NaN,NaN,0
0.1564949453,0.09961008281,NaN,NaN,0
0.1564949453,0.1015801206,NaN,NaN,0
0.1564949453,0.1035501584,NaN,NaN,0
0.1564949453,0.1055201963,0.002956925193,-0.00620502606,1
0.1564949453,0.1074902341,0.0005346139078,-0.004927899223,1
0.1564949453,0.1094602719,-0.00255474844,-0.00482196128,1
0.1564949453,0.1114303172,-0.002509168582,-0.005461548455,1
0.1564949453,0.113400355,-0.002452084096,-0.004108320456,1
0.1564949453,0.1153703928,-0.0007541648229,-4.083912791e-05,1
0.1564949453,0.1173404306,-0.0009322794504,0.0008631435921,1
0.1584649831,0.04838907719,-0.002144992352,0.002468102379,1
0.1584649831,0.050359115,-0.00272159162,-0.0009000788559,3
0.1584649831,0.05232915282,-0.0005892125191,0.004026376177,1
0.1584649831,0.05429919064,-0.001833106275,0.00449868897,1
0.1584649831,0.05626922846,-0.003747377079,0.001813704846,1
0.1584649831,0.05823927,NaN,NaN,0
0.1584649831,0.06020930782,NaN,NaN,0
0.1584649831,0.06217934564,NaN,NaN,0
0.1584649831,0.06414938718,NaN,NaN,0
0.1584649831,0.066119425,NaN,NaN,0
0.1584649831,0.06808946282,NaN,NaN,0
0.1584649831,0.07005950063,NaN,NaN,0
0.1584649831,0.07202953845,NaN,NaN,0
0.1584649831,0.07399957627,NaN,NaN,0
0.1584649831,0.07596961409,NaN,NaN,0
0.1584649831,0.07793965936,NaN,NaN,0
0.1584649831,0.07990969718,NaN,NaN,0
0.1584649831,0.08187973499,NaN,NaN,0
0.1584649831,0.08384977281,NaN,NaN,0
0.1584649831,0.08581981063,NaN,NaN,0
0.1584649831,0.08778984845,NaN,NaN,0
0.1584649831,0.08975988626,NaN,NaN,0
0.1584649831,0.09172992408,NaN,NaN,0
0.1584649831,0.0936999619,NaN,NaN,0
0.1584649831,0.09567000717,NaN,NaN,0
0.1584649831,0.09764004499,NaN,NaN,0
0.1584649831,0.09961008281,NaN,NaN,0
0.1584649831,0.1015801206,NaN,NaN,0
0.1584649831,0.1035501584,NaN,NaN,0
0.1584649831,0.1055201963,NaN,NaN,0
0.1584649831,0.1074902341,NaN,NaN,0
0.1584649831,0.1094602719,-0.003058814909,0.0005862229154,1
0.1584649831,0.1114303172,-0.003853235394,-0.002517833374,1
0.1584649831,0.113400355,-0.002896749415,-0.002278303728,1
0.1584649831,0.1153703928,-0.0005331803113,0.0006208262639,1
0.1584649831,0.1173404306,-0.0007327298517,0.000741984928,2
