x [m],y [m],u [m/s],v [m/s],Vector type [-]
0.02647239529,0.04838907719,-0.03035484441,-0.01956730895,1
0.02647239529,0.050359115,-0.03185333312,-0.01773511246,1
0.02647239529,0.05232915282,-0.03345121071,-0.006482825149,1
0.02647239529,0.05429919064,-0.03393481299,-0.005649587605,2
0.02647239529,0.05626922846,-0.03456775472,-0.005628791638,2
0.02647239529,0.05823927,-0.03529644012,-0.004894914106,1
0.02647239529,0.06020930782,-0.03251601383,-0.003419161076,1
0.02647239529,0.06217934564,-0.02879715338,0.001695606741,1
0.02647239529,0.06414938718,-0.03261995688,-0.001886665588,1
0.02647239529,0.066119425,-0.04415160418,-0.003494187258,1
0.02647239529,0.06808946282,-0.04984627664,-0.003358001122,1
0.02647239529,0.07005950063,-0.04175058752,-0.00254067732,1
0.02647239529,0.07202953845,-0.03850984946,-0.00342596462,1
0.02647239529,0.07399957627,-0.04863894358,-0.001554367947,1
0.02647239529,0.07596961409,-0.05037411675,-0.008492773399,2
0.02647239529,0.07793965936,-0.05636961386,-0.01021501981,1
0.02647239529,0.07990969718,-0.05211228132,-0.009611661546,2
0.02647239529,0.08187973499,-0.05121517926,-0.006495272741,1
0.02647239529,0.08384977281,-0.03887983784,-0.00738255959,1
0.02647239529,0.08581981063,-0.03916097805,-0.01187196374,1
0.02647239529,0.08778984845,-0.0511072427,-0.008402352221,1
0.02647239529,0.08975988626,-0.04497385398,-0.009635201655,1
0.02647239529,0.09172992408,-0.04318946972,-0.004995537922,1
0.02647239529,0.0936999619,-0.04244405776,0.003482597647,1
0.02647239529,0.09567000717,-0.04146836698,0.008297137916,1
0.02647239529,0.09764004499,-0.04152682796,0.005475548096,1
0.02647239529,0.09961008281,-0.04462066665,0.006386879832,1
0.02647239529,0.1015801206,-0.03340700641,0.003169013653,1
0.02647239529,0.1035501584,-0.02566645294,-0.0009631990106,1
0.02647239529,0.1055201963,-0.02508081123,0.008954000659,1
0.02647239529,0.1074902341,-0.02654309198,0.01206480712,1
0.02647239529,0.1094602719,-0.0302649904,0.011399501,1
0.02647239529,0.1114303172,-0.0330389142,0.003893290181,1
0.02647239529,0.113400355,-0.03121999092,-0.0004593113554,1
0.02647239529,0.1153703928,-0.02254715934,0.002683979459,1
0.02647239529,0.1173404306,-0.01795442961,0.002676027128,2
0.0284424331,0.04838907719,-0.02195239626,-0.007621267345,1
0.0284424331,0.050359115,-0.02676647156,-0.007826024666,1
0.0284424331,0.05232915282,-0.03286337852,-0.002457189374,1
0.0284424331,0.05429919064,-0.03378546983,-0.004837146029,2
0.0284424331,0.05626922846,-0.03447201103,-0.006341873668,2
0.0284424331,0.05823927,-0.03275861591,-0.003413780825,1
0.0284424331,0.06020930782,-0.03152472526,-0.0007358200965,1
0.0284424331,0.06217934564,-0.03357550502,-0.001467747847,1
0.0284424331,0.06414938718,-0.0378240943,-0.0004426309024,1
0.0284424331,0.066119425,-0.04917768016,0.001471164171,1
0.0284424331,0.06808946282,-0.04731561616,-0.002417393029,1
0.0284424331,0.07005950063,-0.04192487523,-0.01055586524,1
0.0284424331,0.07202953845,-0.04527762532,-0.0004641030682,1
0.0284424331,0.07399957627,-0.05150693655,-0.0001686993346,1
0.0284424331,0.07596961409,-0.04611379281,-0.01370893139,1
0.0284424331,0.07793965936,-0.04651692137,-0.01216726657,1
0.0284424331,0.07990969718,-0.04875205457,-0.01212469209,1
0.0284424331,0.08187973499,-0.04740921035,-0.01368988678,1
0.0284424331,0.08384977281,-0.04482086748,-0.009176700376,1
0.0284424331,0.08581981063,-0.04530157149,-0.008852039464,1
0.0284424331,0.08778984845,-0.04300019145,-0.01030184329,1
0.0284424331,0.08975988626,-0.04148778319,-0.006315668579,1
0.0284424331,0.09172992408,-0.03995512798,-0.002742259763,1
0.0284424331,0.0936999619,-0.03527120128,0.002268542303,1
0.0284424331,0.09567000717,-0.03786288947,0.00528069865,1
0.0284424331,0.09764004499,-0.0398789607,0.006675131619,2
0.0284424331,0.09961008281,-0.04064351693,0.00751860626,1
0.0284424331,0.1015801206,-0.03555557504,0.003896509763,1
0.0284424331,0.1035501584,-0.03052127361,0.01139743626,1
0.0284424331,0.1055201963,-0.0266443938,0.004462255165,1
0.0284424331,0.1074902341,-0.02795736864,0.006904571783,1
0.0284424331,0.1094602719,-0.0291974321,0.01086206548,1
0.0284424331,0.1114303172,-0.0287196245,0.00373160094,1
0.0284424331,0.113400355,-0.03151187673,-0.0006354799261,1
0.0284424331,0.1153703928,-0.02539332211,-0.0001056874316,1
0.0284424331,0.1173404306,-0.01336170081,0.002668074798,1
0.03041247278,0.04838907719,-0.0180847235,-0.008886342868,1
0.03041247278,0.050359115,-0.02641686238,-0.00722890161,1
0.03041247278,0.05232915282,-0.03163651749,-0.00270065153,1
0.03041247278,0.05429919064,-0.0338716805,-0.004899933469,1
0.03041247278,0.05626922846,-0.03677620739,-0.01148777641,1
0.03041247278,0.05823927,-0.03108899109,-0.01202018373,1
0.03041247278,0.06020930782,-0.03183897585,-0.007610030472,1
0.03041247278,0.06217934564,-0.03749826178,-0.002318544546,1
0.03041247278,0.06414938718,-0.03935205191,-0.001968858065,1
0.03041247278,0.066119425,-0.04368577898,0.003145064926,1
0.03041247278,0.06808946282,-0.04251377285,0.0002444963029,1
0.03041247278,0.07005950063,-0.04015956074,-0.004196436144,1
0.03041247278,0.07202953845,-0.04869698361,0.002157533076,1
0.03041247278,0.07399957627,-0.05796765536,0.004010741133,3
0.03041247278,0.07596961409,-0.05916646495,-0.002626726637,1
0.03041247278,0.07793965936,-0.04550002143,-0.008920895867,1
0.03041247278,0.07990969718,-0.04134759679,-0.01084976364,1
0.03041247278,0.08187973499,-0.03912894428,-0.01239503548,1
0.03041247278,0.08384977281,-0.0439716056,-0.009202351794,1
0.03041247278,0.08581981063,-0.04445334151,-0.007849369198,1
0.03041247278,0.08778984845,-0.03196847066,-0.01028108038,1
0.03041247278,0.08975988626,-0.03782088682,-0.006490588654,1
0.03041247278,0.09172992408,-0.03604345024,-0.00352687249,1
0.03041247278,0.0936999619,-0.03243520111,-0.001368519501,1
0.03041247278,0.09567000717,-0.03767713904,0.003755779937,1
0.03041247278,0.09764004499,-0.03948261589,0.00842567347,1
0.03041247278,0.09961008281,-0.03731258586,0.003950478509,1
0.03041247278,0.1015801206,-0.03472393006,0.003027003026,1
0.03041247278,0.1035501584,-0.02922968939,-0.003295320086,1
0.03041247278,0.1055201963,-0.02857065015,-0.002556692809,1
0.03041247278,0.1074902341,-0.02864509076,0.002279714681,1
0.03041247278,0.1094602719,-0.03315002471,0.002213502768,1
0.03041247278,0.1114303172,-0.03548875824,0.001140699605,1
0.03041247278,0.113400355,-0.03175960481,0.001141766319,1
0.03041247278,0.1153703928,-0.0289018061,-0.001028927625,1
0.03041247278,0.1173404306,-0.02244410291,-0.0004313569225,1
0.0323825106,0.04838907719,-0.02133182622,-0.009505960159,2
0.0323825106,0.050359115,-0.02597104013,-0.007193911355,1
0.0323825106,0.05232915282,-0.03011659347,-0.003795540193,1
0.0323825106,0.05429919064,-0.03007123806,-0.003534944262,1
0.0323825106,0.05626922846,-0.0262936838,-0.007968156599,1
0.0323825106,0.05823927,-0.03138096258,-0.007684735116,1
0.0323825106,0.06020930782,-0.03455780074,-0.00373583613,1
0.0323825106,0.06217934564,-0.04094576836,0.002132061636,1
0.0323825106,0.06414938718,-0.04099548981,0.0007768991054,1
0.0323825106,0.066119425,-0.04279685766,0.004416803364,1
0.0323825106,0.06808946282,-0.04122434556,0.003113815794,1
0.0323825106,0.07005950063,-0.04578962922,0.001595136826,1
0.0323825106,0.07202953845,-0.05415380746,0.003081948264,1
0.0323825106,0.07399957627,-0.05545462668,0.004052139353,1
0.0323825106,0.07596961409,-0.05666603148,-0.0001725863549,1
0.0323825106,0.07793965936,-0.04862538725,-0.0107661048,1
0.0323825106,0.07990969718,-0.04416464269,-0.01088607684,1
0.0323825106,0.08187973499,-0.03719535097,-0.0092751747,1
0.0323825106,0.08384977281,-0.04055528343,-0.01015631389,1
0.0323825106,0.08581981063,-0.0399387069,-0.00866744481,1
0.0323825106,0.08778984845,-0.03485833108,-0.008625642397,2
0.0323825106,0.08975988626,-0.0346868746,-0.006774834823,1
0.0323825106,0.09172992408,-0.03367180005,-0.004577837419,1
0.0323825106,0.0936999619,-0.03022710606,-0.001884044614,1
0.0323825106,0.09567000717,-0.03186449409,0.0006088893279,1
0.0323825106,0.09764004499,-0.03529534116,-0.003556471318,1
0.0323825106,0.09961008281,-0.03413596004,-0.001523875864,1
0.0323825106,0.1015801206,-0.03154808283,-0.0001923177042,1
0.0323825106,0.1035501584,-0.02799683437,-0.003483798588,1
0.0323825106,0.1055201963,-0.02664683573,-0.002023080364,1
0.0323825106,0.1074902341,-0.02684771083,-6.670726725e-05,1
0.0323825106,0.1094602719,-0.03362015262,-0.004394878633,1
0.0323825106,0.1114303172,-0.03494518995,-0.002346036956,1
0.0323825106,0.113400355,-0.0318460539,-0.0001709513162,1
0.0323825106,0.1153703928,-0.02948557585,-0.002607399831,1
0.0323825106,0.1173404306,-0.0228317026,0.008909867145,1
0.03435254842,0.04838907719,-0.01993971504,-0.01243762765,1
0.03435254842,0.050359115,-0.02782619186,-0.006632816978,1
0.03435254842,0.05232915282,-0.02871378325,-0.008046975359,1
0.03435254842,0.05429919064,-0.02761035785,-0.008032298647,1
0.03435254842,0.05626922846,-0.03127300739,-0.0005407902063,1
0.03435254842,0.05823927,-0.03264925629,-0.0005277611199,1
0.03435254842,0.06020930782,-0.03500040621,-0.0002087641333,1
0.03435254842,0.06217934564,-0.03956600651,0.001745866262,1
0.03435254842,0.06414938718,-0.04133438691,-0.000219313486,1
0.03435254842,0.066119425,-0.04318031669,0.000614628254,1
0.03435254842,0.06808946282,-0.04548810422,0.002075783676,1
0.03435254842,0.07005950063,-0.05272616819,0.00342023815,1
0.03435254842,0.07202953845,-0.05325640365,0.004550520796,1
0.03435254842,0.07399957627,-0.05331312865,0.003549911315,1
0.03435254842,0.07596961409,-0.05467155203,-3.200234642e-05,2
0.03435254842,0.07793965936,-0.05126099288,-0.008681558073,1
0.03435254842,0.07990969718,-0.04560746625,-0.01349949464,1
0.03435254842,0.08187973499,-0.0420004949,-0.01337812096,1
0.03435254842,0.08384977281,-0.04127465561,-0.01104088128,1
0.03435254842,0.08581981063,-0.03978360444,-0.01041883137,1
0.03435254842,0.08778984845,-0.03283927217,-0.008779210038,1
0.03435254842,0.08975988626,-0.03222507983,-0.008275950328,1
0.03435254842,0.09172992408,-0.03474847227,-0.006799184252,1
0.03435254842,0.0936999619,-0.03154547513,-0.005400333088,1
0.03435254842,0.09567000717,-0.03107990138,-0.003535501659,1
0.03435254842,0.09764004499,-0.03549522161,-0.0005315564922,1
0.03435254842,0.09961008281,-0.03339079022,0.000293563382,1
0.03435254842,0.1015801206,-0.02985597774,0.000317714992,1
0.03435254842,0.1035501584,-0.02647911198,-0.002239784924,1
0.03435254842,0.1055201963,-0.02571157925,-0.001346265315,1
0.03435254842,0.1074902341,-0.02777779661,-0.001148220501,1
0.03435254842,0.1094602719,-0.03104265779,-0.007341507357,1
0.03435254842,0.1114303172,-0.03423567861,-0.006059878971,1
0.03435254842,0.113400355,-0.03445420414,-0.00573193375,1
0.03435254842,0.1153703928,-0.031268619,-0.005202187225,1
0.03435254842,0.1173404306,-0.02144092508,0.00595339248,1
0.03632258996,0.04838907719,-0.02281662077,-0.00619833963,1
0.03632258996,0.050359115,-0.02667715959,-0.005002774764,1
0.03632258996,0.05232915282,-0.02773467079,-0.001094569219,1
0.03632258996,0.05429919064,-0.0312647298,-0.001303522033,1
0.03632258996,0.05626922846,-0.03037687577,0.001272983616,1
0.03632258996,0.05823927,-0.03036044538,0.001981506357,1
0.03632258996,0.06020930782,-0.03338214755,0.001710596262,1
0.03632258996,0.06217934564,-0.03906457499,0.003132239683,1
0.03632258996,0.06414938718,-0.04320516065,0.003672637278,1
0.03632258996,0.066119425,-0.04290286079,-0.0007582331309,1
0.03632258996,0.06808946282,-0.04526384547,0.0008304436924,1
0.03632258996,0.07005950063,-0.04682686552,0.001894377521,1
0.03632258996,0.07202953845,-0.04953740165,0.004289892968,1
0.03632258996,0.07399957627,-0.05179446936,0.00608542515,1
0.03632258996,0.07596961409,-0.05744607374,0.005176223814,1
0.03632258996,0.07793965936,-0.05082735792,-0.001756304526,1
0.03632258996,0.07990969718,-0.04776248336,-0.0108334003,1
0.03632258996,0.08187973499,-0.04650759324,-0.01208546385,1
0.03632258996,0.08384977281,-0.0408927463,-0.009167495184,1
0.03632258996,0.08581981063,-0.04065563157,-0.009982667863,1
0.03632258996,0.08778984845,-0.03115889803,-0.009873828851,1
0.03632258996,0.08975988626,-0.03103651106,-0.007502615452,1
0.03632258996,0.09172992408,-0.03318751603,-0.005901929457,1
0.03632258996,0.0936999619,-0.03409029916,-0.006108515896,1
0.03632258996,0.09567000717,-0.03543869033,-0.00395168364,1
0.03632258996,0.09764004499,-0.03383078426,-0.0009484062321,1
0.03632258996,0.09961008281,-0.03148593381,0.001707142219,1
0.03632258996,0.1015801206,-0.02958119847,0.003144588321,1
0.03632258996,0.1035501584,-0.02577079833,-0.001367090968,1
0.03632258996,0.1055201963,-0.02176004462,-0.0002923575812,1
0.03632258996,0.1074902341,-0.0202639848,0.00181217154,1
0.03632258996,0.1094602719,-0.02636598796,-0.00340267946,1
0.03632258996,0.1114303172,-0.03295082226,-0.007351609413,1
0.03632258996,0.113400355,-0.03349998966,-0.007355827373,1
0.03632258996,0.1153703928,-0.02577328682,-0.00586870499,1
0.03632258996,0.1173404306,-0.01557480637,-5.24023136e-08,1
0.03829262778,0.04838907719,-0.02358570136,-0.006833284628,1
0.03829262778,0.050359115,-0.02596442401,-0.002884155605,1
0.03829262778,0.05232915282,-0.02629562654,0.0002162414457,1
0.03829262778,0.05429919064,-0.03181117773,-0.00255009369,1
0.03829262778,0.05626922846,-0.02902605198,0.0006020228029,1
0.03829262778,0.05823927,-0.02802316844,0.001151475939,1
0.03829262778,0.06020930782,-0.02945023403,0.001877735835,1
0.03829262778,0.06217934564,-0.03671325371,0.003116007196,1
0.03829262778,0.06414938718,-0.0406781733,0.003316751448,1
0.03829262778,0.066119425,-0.03894751519,0.0008087907336,1
0.03829262778,0.06808946282,-0.04322331026,0.001439582324,1
0.03829262778,0.07005950063,-0.04647189751,0.00494562136,1
0.03829262778,0.07202953845,-0.05000254884,0.008168718778,1
0.03829262778,0.07399957627,-0.0523137264,0.01304054726,1
0.03829262778,0.07596961409,-0.05170337111,0.006957978476,1
0.03829262778,0.07793965936,-0.04887641221,-0.001935553038,1
0.03829262778,0.07990969718,-0.05019171908,-0.007816663943,1
0.03829262778,0.08187973499,-0.04899180308,-0.008799551055,1
0.03829262778,0.08384977281,-0.04045177996,-0.007056144997,1
0.03829262778,0.08581981063,-0.0324360244,-0.008753392845,1
0.03829262778,0.08778984845,-0.0315618515,-0.01187533699,1
0.03829262778,0.08975988626,-0.03152055293,-0.003157271072,1
0.03829262778,0.09172992408,-0.03240202367,-0.006530745886,2
0.03829262778,0.0936999619,-0.0319400467,-0.007269531488,1
0.03829262778,0.09567000717,-0.03365827724,-0.00622545043,1
0.03829262778,0.09764004499,-0.03146730736,-0.003588915104,1
0.03829262778,0.09961008281,-0.02868300118,5.154361861e-05,1
0.03829262778,0.1015801206,-0.02776660584,-2.323062836e-05,1
0.03829262778,0.1035501584,-0.02486839704,-0.002956947777,1
0.03829262778,0.1055201963,-0.02245029062,-0.0002762764052,1
0.03829262778,0.1074902341,-0.02230561897,0.00327019114,1
0.03829262778,0.1094602719,-0.02700027451,-0.002044390421,1
0.03829262778,0.1114303172,-0.03238916397,-0.007333263755,1
0.03829262778,0.113400355,-0.03230590746,-0.006568073295,1
0.03829262778,0.1153703928,-0.02472141199,-0.005338693038,1
0.03829262778,0.1173404306,-0.02091882005,-0.002819527639,1
0.0402626656,0.04838907719,-0.02315698937,-0.007784169167,1
0.0402626656,0.050359115,-0.02738598362,-0.003784813918,1
0.0402626656,0.05232915282,-0.02478497103,-0.002061807783,1
0.0402626656,0.05429919064,-0.03236281872,-0.005543943029,1
0.0402626656,0.05626922846,-0.03111925907,-0.002415523631,1
0.0402626656,0.05823927,-0.02837122604,-0.001424490009,1
0.0402626656,0.06020930782,-0.02560754679,-0.0003195382014,1
0.0402626656,0.06217934564,-0.03278731555,0.001184243127,1
0.0402626656,0.06414938718,-0.03508931398,0.001312501729,1
0.0402626656,0.066119425,-0.03736265749,0.0009004985332,1
0.0402626656,0.06808946282,-0.04399356619,0.003595200134,1
0.0402626656,0.07005950063,-0.04869625717,0.008891013451,1
0.0402626656,0.07202953845,-0.04985745624,0.009952430613,1
0.0402626656,0.07399957627,-0.04800585285,0.01119832881,1
0.0402626656,0.07596961409,-0.0489433147,-0.001212424599,1
0.0402626656,0.07793965936,-0.04741759598,-0.00484367134,1
0.0402626656,0.07990969718,-0.04972845316,-0.007130584214,1
0.0402626656,0.08187973499,-0.05452275649,-0.007773110643,1
0.0402626656,0.08384977281,-0.04512445629,-0.007783137728,1
0.0402626656,0.08581981063,-0.03954267502,-0.007655343972,1
0.0402626656,0.08778984845,-0.03306445107,-0.00940155983,1
0.0402626656,0.08975988626,-0.02987616323,-0.006330016069,1
0.0402626656,0.09172992408,-0.0329599753,-0.009794251062,1
0.0402626656,0.0936999619,-0.03028483875,-0.01018016133,1
0.0402626656,0.09567000717,-0.03050517477,-0.01048265025,1
0.0402626656,0.09764004499,-0.03010980971,-0.007492288016,1
0.0402626656,0.09961008281,-0.02804283239,-0.002960467711,1
0.0402626656,0.1015801206,-0.02744660154,-0.002733419184,1
0.0402626656,0.1035501584,-0.03105666116,-0.0008138530538,1
0.0402626656,0.1055201963,-0.02929057926,0.001608269755,1
0.0402626656,0.1074902341,-0.02750599757,0.001809018315,1
0.0402626656,0.1094602719,-0.02892004885,-0.001589631196,1
0.0402626656,0.1114303172,-0.03582600504,-0.000155081565,1
0.0402626656,0.113400355,-0.0334668383,-0.0006457598647,1
0.0402626656,0.1153703928,-0.03010652587,-0.00372703746,1
0.0402626656,0.1173404306,-0.02484059893,-0.004604554269,1
0.04223270342,0.04838907719,-0.02001508512,-0.009100597352,1
0.04223270342,0.050359115,-0.02572267875,-0.008169302717,1
0.04223270342,0.05232915282,-0.02937927283,-0.006631010212,1
0.04223270342,0.05429919064,-0.03477853909,-0.006607803516,1
0.04223270342,0.05626922846,-0.0349076353,-0.006505249999,1
0.04223270342,0.05823927,-0.0304456912,-0.005026893225,1
0.04223270342,0.06020930782,-0.02806791291,-7.931442087e-05,1
0.04223270342,0.06217934564,-0.02764411084,0.002251257887,1
0.04223270342,0.06414938718,-0.02914396487,-0.0003818012774,1
0.04223270342,0.066119425,-0.03456265852,-0.000322752574,1
0.04223270342,0.06808946282,-0.04316762462,0.006159214769,1
0.04223270342,0.07005950063,-0.04637001455,0.009777330793,1
0.04223270342,0.07202953845,-0.04961283132,0.009595440701,1
0.04223270342,0.07399957627,-0.05281157792,0.009748191573,1
0.04223270342,0.07596961409,-0.04953042418,0.003361955518,1
0.04223270342,0.07793965936,-0.04947641864,-0.002037704689,1
0.04223270342,0.07990969718,-0.05395138264,-0.004757734016,1
0.04223270342,0.08187973499,-0.04989808053,-0.003890302498,1
0.04223270342,0.08384977281,-0.04829176515,-0.003910354804,1
0.04223270342,0.08581981063,-0.04628975317,-0.002815701766,1
0.04223270342,0.08778984845,-0.0388417542,-0.001825934392,1
0.04223270342,0.08975988626,-0.03280913085,-0.001927242847,1
0.04223270342,0.09172992408,-0.03420978785,-0.003723726841,1
0.04223270342,0.0936999619,-0.03171080723,-0.008769515902,1
0.04223270342,0.09567000717,-0.03522918001,-0.01068796869,1
0.04223270342,0.09764004499,-0.03666981682,-0.007026274689,1
0.04223270342,0.09961008281,-0.03130152449,-0.006024497561,1
0.04223270342,0.1015801206,-0.03122286312,-0.005417604465,1
0.04223270342,0.1035501584,-0.03236892074,-0.0006555538275,1
0.04223270342,0.1055201963,-0.03073731624,0.0007497284678,1
0.04223270342,0.1074902341,-0.0278498698,0.001518187579,1
0.04223270342,0.1094602719,-0.02828327753,-0.0002280930203,1
0.04223270342,0.1114303172,-0.03496073559,0.001011564978,1
0.04223270342,0.113400355,-0.03406218812,-0.001360276598,1
0.04223270342,0.1153703928,-0.02952969447,-0.003644457553,1
0.04223270342,0.1173404306,-0.02318721451,-0.003019063035,1
0.04420274496,0.04838907719,-0.01851984672,-0.008246021345,1
0.04420274496,0.050359115,-0.02368493751,-0.0108935805,1
0.04420274496,0.05232915282,-0.03517512605,-0.008695693687,1
0.04420274496,0.05429919064,-0.03570897505,-0.008600799367,1
0.04420274496,0.05626922846,-0.03230176121,-0.008719199337,1
0.04420274496,0.05823927,-0.02849862911,-0.003840218531,1
0.04420274496,0.06020930782,-0.03008941934,-0.002773644868,1
0.04420274496,0.06217934564,-0.03007200919,-0.0007079997449,1
0.04420274496,0.06414938718,-0.03055595607,-0.0004118014476,1
0.04420274496,0.066119425,-0.03297551721,-0.001206931192,1
0.04420274496,0.06808946282,-0.0498627834,0.002701031044,1
0.04420274496,0.07005950063,-0.05392307043,0.003228491172,1
0.04420274496,0.07202953845,-0.05420577526,0.007994159125,1
0.04420274496,0.07399957627,-0.05282023549,0.007144961972,1
0.04420274496,0.07596961409,-0.05100933462,0.003238625126,1
0.04420274496,0.07793965936,-0.05181739852,0.002533517778,1
0.04420274496,0.07990969718,-0.05399352312,0.002397058066,1
0.04420274496,0.08187973499,-0.05259983242,-0.001807734719,1
0.04420274496,0.08384977281,-0.05161111057,-0.003512472147,1
0.04420274496,0.08581981063,-0.0493963249,-0.0030409561,1
0.04420274496,0.08778984845,-0.04365489259,0.00196122122,1
0.04420274496,0.08975988626,-0.03972347081,0.0005770188291,1
0.04420274496,0.09172992408,-0.03463800251,0.0005422725808,1
0.04420274496,0.0936999619,-0.03055547737,-0.002306640614,1
0.04420274496,0.09567000717,-0.03649977222,-0.007781785913,1
0.04420274496,0.09764004499,-0.03728950396,-0.009038419463,1
0.04420274496,0.09961008281,-0.03402457759,-0.01043916773,1
0.04420274496,0.1015801206,-0.03253182396,-0.008810251951,1
0.04420274496,0.1035501584,-0.03112242557,-0.001854612725,1
0.04420274496,0.1055201963,-0.03054753318,0.0005676568835,1
0.04420274496,0.1074902341,-0.02961157262,-0.001300096046,1
0.04420274496,0.1094602719,-0.03004979715,1.584399433e-05,1
0.04420274496,0.1114303172,-0.03231917694,0.003756366903,1
0.04420274496,0.113400355,-0.02850032598,-0.003292094683,1
0.04420274496,0.1153703928,-0.02261392772,-0.006891638041,1
0.04420274496,0.1173404306,-0.01332091819,-0.002692619571,1
0.04617278278,0.04838907719,-0.0183966402,0.000913740485,1
0.04617278278,0.050359115,-0.02519428171,-0.002728790976,1
0.04617278278,0.05232915282,-0.03884680942,-0.01178053487,1
0.04617278278,0.05429919064,-0.04153059423,-0.01234786864,1
0.04617278278,0.05626922846,-0.04140905291,-0.01343935449,1
0.04617278278,0.05823927,-0.03763071448,-0.01009152643,1
0.04617278278,0.06020930782,-0.03366459906,-0.01096150465,1
0.04617278278,0.06217934564,-0.03418859839,-0.004956000019,1
0.04617278278,0.06414938718,-0.03884955868,-0.0015683854,1
0.04617278278,0.066119425,-0.04323302209,-0.002195857,1
0.04617278278,0.06808946282,-0.04965128005,-0.003367673373,1
0.04617278278,0.07005950063,-0.0529798232,-0.00444656238,1
0.04617278278,0.07202953845,-0.04996880889,0.0003707428405,1
0.04617278278,0.07399957627,-0.04983249307,0.001805571374,1
0.04617278278,0.07596961409,-0.05490149185,-0.0006952639669,1
0.04617278278,0.07793965936,-0.05611719936,-0.001096513122,1
0.04617278278,0.07990969718,-0.05508265644,0.0007131375605,1
0.04617278278,0.08187973499,-0.05960705876,-0.001536105177,1
0.04617278278,0.08384977281,-0.05541821197,-0.004359852523,1
0.04617278278,0.08581981063,-0.04938774556,-0.004379223567,1
0.04617278278,0.08778984845,-0.04546411708,0.00195823703,1
0.04617278278,0.08975988626,-0.0451288186,-0.000769445207,1
0.04617278278,0.09172992408,-0.03942976892,-0.002655656543,1
0.04617278278,0.0936999619,-0.02973177284,-0.002776046516,1
0.04617278278,0.09567000717,-0.02913700044,-0.009532717057,1
0.04617278278,0.09764004499,-0.03323185071,-0.01232761331,1
0.04617278278,0.09961008281,-0.03458350897,-0.01381714363,1
0.04617278278,0.1015801206,-0.03147348389,-0.01149420999,1
0.04617278278,0.1035501584,-0.02939636633,-0.004727095366,1
0.04617278278,0.1055201963,-0.03020503186,-0.0002536106913,1
0.04617278278,0.1074902341,-0.03079878911,-0.0004572398029,1
0.04617278278,0.1094602719,-0.0309291482,0.0006480846205,1
0.04617278278,0.1114303172,-0.03011808172,0.001756415004,1
0.04617278278,0.113400355,-0.02817113139,-0.0007783009205,1
0.04617278278,0.1153703928,-0.02365197986,-0.004621959757,1
0.04617278278,0.1173404306,-0.01612118445,-0.005200210959,1
0.0481428206,0.04838907719,-0.01427480392,-0.009073432535,1
0.0481428206,0.050359115,-0.02074771933,-0.01460211724,1
0.0481428206,0.05232915282,-0.02540798858,-0.01350948215,1
0.0481428206,0.05429919064,-0.03258196265,-0.01367355883,1
0.0481428206,0.05626922846,-0.04314443842,-0.01958048902,1
0.0481428206,0.05823927,-0.04018703103,-0.01639242657,2
0.0481428206,0.06020930782,-0.03913801536,-0.01665307395,1
0.0481428206,0.06217934564,-0.03555222973,-0.008877645247,1
0.0481428206,0.06414938718,-0.04236215353,-0.007030432113,1
0.0481428206,0.066119425,-0.04100998491,-0.006848482415,1
0.0481428206,0.06808946282,-0.04424294084,-0.005986494478,1
0.0481428206,0.07005950063,-0.0511867553,-0.004477413837,1
0.0481428206,0.07202953845,-0.04955647886,-0.003335008398,1
0.0481428206,0.07399957627,-0.04671482369,-0.003400427988,1
0.0481428206,0.07596961409,-0.0547780171,-0.004208548926,1
0.0481428206,0.07793965936,-0.05282794312,-0.0006156122545,1
0.0481428206,0.07990969718,-0.0545623675,-0.0004267334007,1
0.0481428206,0.08187973499,-0.05897920579,-0.00371916662,1
0.0481428206,0.08384977281,-0.05664191768,-0.004135208204,1
0.0481428206,0.08581981063,-0.04996755719,-0.003206813708,1
0.0481428206,0.08778984845,-0.04173437133,0.001019158517,1
0.0481428206,0.08975988626,-0.04494578764,-0.0009281478124,1
0.0481428206,0.09172992408,-0.03590991721,-0.002263436094,1
0.0481428206,0.0936999619,-0.0286890883,-0.005405869801,1
0.0481428206,0.09567000717,-0.02860079333,-0.01218850166,1
0.0481428206,0.09764004499,-0.03067495488,-0.01466569304,1
0.0481428206,0.09961008281,-0.03238123655,-0.01610734314,1
0.0481428206,0.1015801206,-0.02897404321,-0.01232882589,1
0.0481428206,0.1035501584,-0.02838422544,-0.006817599293,1
0.0481428206,0.1055201963,-0.03098425642,-0.003506351961,1
0.0481428206,0.1074902341,-0.02934814245,0.003522353247,1
0.0481428206,0.1094602719,-0.0300570298,0.002927503781,1
0.0481428206,0.1114303172,-0.03110158443,0.0009720285889,1
0.0481428206,0.113400355,-0.02927570604,0.0003687864519,1
0.0481428206,0.1153703928,-0.023598928,-0.002835403429,1
0.0481428206,0.1173404306,-0.01728780754,-0.003216191195,1
0.05011285841,0.04838907719,-0.01360356994,-0.01688708737,1
0.05011285841,0.050359115,-0.0169132147,-0.01613233425,1
0.05011285841,0.05232915282,-0.01721805893,-0.0182716772,1
0.05011285841,0.05429919064,-0.02403181605,-0.02006695233,1
0.05011285841,0.05626922846,-0.03441920877,-0.0201442875,1
0.05011285841,0.05823927,-0.04083495215,-0.01924462058,1
0.05011285841,0.06020930782,-0.04283648729,-0.01599046029,1
0.05011285841,0.06217934564,-0.03889650479,-0.01149274316,1
0.05011285841,0.06414938718,-0.03875476122,-0.009174471721,1
0.05011285841,0.066119425,-0.03797305375,-0.009012416005,1
0.05011285841,0.06808946282,-0.03815048188,-0.006417604163,1
0.05011285841,0.07005950063,-0.04372904077,-0.003039705567,2
0.05011285841,0.07202953845,-0.04492141679,-0.004711978603,1
0.05011285841,0.07399957627,-0.05016420409,-0.01182842627,1
0.05011285841,0.07596961409,-0.04981413111,-0.01323212311,1
0.05011285841,0.07793965936,-0.04845817015,-0.002076926176,1
0.05011285841,0.07990969718,-0.05159683526,-0.002444140846,1
0.05011285841,0.08187973499,-0.05582356825,-0.008689056151,1
0.05011285841,0.08384977281,-0.05763931572,-0.004387405701,2
0.05011285841,0.08581981063,-0.06050936505,0.002030525357,1
0.05011285841,0.08778984845,-0.04526942223,0.004086637404,1
0.05011285841,0.08975988626,-0.0360114947,0.00387789798,1
0.05011285841,0.09172992408,-0.02929360047,-0.003074047389,1
0.05011285841,0.0936999619,-0.02657615207,-0.006520057097,1
0.05011285841,0.09567000717,-0.03087575734,-0.007945337333,1
0.05011285841,0.09764004499,-0.03297513723,-0.009089501575,1
0.05011285841,0.09961008281,-0.02435308695,-0.004595068283,1
0.05011285841,0.1015801206,-0.02375565097,-0.002801935887,1
0.05011285841,0.1035501584,-0.02717613615,-0.006494228262,1
0.05011285841,0.1055201963,-0.0279920157,-0.00431379443,1
0.05011285841,0.1074902341,-0.02945961803,0.003689741017,1
0.05011285841,0.1094602719,-0.0319629088,0.007754779886,1
0.05011285841,0.1114303172,-0.03283739462,0.004326033872,1
0.05011285841,0.113400355,-0.02972671017,0.001899785129,1
0.05011285841,0.1153703928,-0.02547550015,0.0009781620465,1
0.05011285841,0.1173404306,-0.01347789634,-0.0004193255154,1
0.05208289623,0.04838907719,-0.01874434017,-0.01015694626,1
0.05208289623,0.050359115,-0.02092304267,-0.01870299317,1
0.05208289623,0.05232915282,-0.01716400683,-0.01950862817,1
0.05208289623,0.05429919064,-0.02283084579,-0.01744616218,1
0.05208289623,0.05626922846,-0.03417666629,-0.01319234539,1
0.05208289623,0.05823927,-0.04125450924,-0.007947417907,1
0.05208289623,0.06020930782,-0.04187285155,-0.008057419211,1
0.05208289623,0.06217934564,-0.04322429746,-0.008364833891,1
0.05208289623,0.06414938718,-0.03906545788,-0.006176332012,1
0.05208289623,0.066119425,-0.03760489449,-0.005708659999,1
0.05208289623,0.06808946282,-0.03811021522,-0.0007619106909,1
0.05208289623,0.07005950063,-0.04065751657,0.003448174568,1
0.05208289623,0.07202953845,-0.0451978296,-0.002346839057,1
0.05208289623,0.07399957627,-0.04802608863,-0.006565022748,1
0.05208289623,0.07596961409,-0.04724199697,-0.008765764534,1
0.05208289623,0.07793965936,-0.04388866946,-0.009577776305,1
0.05208289623,0.07990969718,-0.047104422,-0.01086030062,1
0.05208289623,0.08187973499,-0.05143938959,-0.0104863802,1
0.05208289623,0.08384977281,-0.05758240819,-0.006755884271,1
0.05208289623,0.08581981063,-0.05625442415,-0.005180774722,1
0.05208289623,0.08778984845,-0.04435377941,-0.001534240204,1
0.05208289623,0.08975988626,-0.03252561763,-0.005299468059,1
0.05208289623,0.09172992408,-0.02577553317,-0.01103153452,1
0.05208289623,0.0936999619,-0.02807377465,-0.01088594366,1
0.05208289623,0.09567000717,-0.0351407975,-0.007152669132,1
0.05208289623,0.09764004499,-0.03809564188,-0.005528445821,1
0.05208289623,0.09961008281,-0.03928927705,-0.005852391478,1
0.05208289623,0.1015801206,-0.03634694219,-0.00395576749,1
0.05208289623,0.1035501584,-0.03040777147,-0.005826594774,1
0.05208289623,0.1055201963,-0.0290912278,-0.00388703146,1
0.05208289623,0.1074902341,-0.03201420978,-0.00143242511,1
0.05208289623,0.1094602719,-0.03207800537,0.001839859295,1
0.05208289623,0.1114303172,-0.03136748821,0.003278299235,1
0.05208289623,0.113400355,-0.03098446876,0.003596182214,1
0.05208289623,0.1153703928,-0.02739410661,0.00367919053,1
0.05208289623,0.1173404306,-0.02136273123,0.001227310859,1
0.05405293778,0.04838907719,-0.02125949599,-0.007706143428,1
0.05405293778,0.050359115,-0.01946198195,-0.0114602549,1
0.05405293778,0.05232915282,-0.02029165626,-0.00805729907,1
0.05405293778,0.05429919064,-0.03172291815,-0.009950450622,1
0.05405293778,0.05626922846,-0.0273642689,-0.007120893337,1
0.05405293778,0.05823927,-0.02970788814,0.0005734940059,1
0.05405293778,0.06020930782,-0.03884223104,-0.0008753546863,1
0.05405293778,0.06217934564,-0.04609475657,-0.003512615571,1
0.05405293778,0.06414938718,-0.04113593325,-0.001876599737,1
0.05405293778,0.066119425,-0.03923853859,-0.0002235296706,1
0.05405293778,0.06808946282,-0.03549317643,0.005664071999,1
0.05405293778,0.07005950063,-0.03448483348,0.006508929189,1
0.05405293778,0.07202953845,-0.04084893689,0.005379212089,1
0.05405293778,0.07399957627,-0.04534821585,0.003028957406,1
0.05405293778,0.07596961409,-0.04735951126,-0.0006277907523,1
0.05405293778,0.07793965936,-0.04550239444,0.0007437526365,1
0.05405293778,0.07990969718,-0.04186413437,-0.01292381249,1
0.05405293778,0.08187973499,-0.04662168398,-0.0132008763,1
0.05405293778,0.08384977281,-0.0485458225,-0.01583924145,1
0.05405293778,0.08581981063,-0.04969643429,-0.01465848926,1
0.05405293778,0.08778984845,-0.04490044713,-0.0143303033,1
0.05405293778,0.08975988626,-0.0277510006,-0.02047671191,1
0.05405293778,0.09172992408,-0.02723294869,-0.01706431247,1
0.05405293778,0.0936999619,-0.03436981142,-0.01385599002,1
0.05405293778,0.09567000717,-0.04230738804,-0.01151112467,1
0.05405293778,0.09764004499,-0.04913197458,-0.009725366719,1
0.05405293778,0.09961008281,-0.0475804843,-0.005706987344,1
0.05405293778,0.1015801206,-0.04277451336,-0.002329454059,1
0.05405293778,0.1035501584,-0.03569349274,-0.001519286307,1
0.05405293778,0.1055201963,-0.0316776,-0.001265311148,1
0.05405293778,0.1074902341,-0.03274101391,0.001650341321,1
0.05405293778,0.1094602719,-0.03124773689,0.002916615456,1
0.05405293778,0.1114303172,-0.02910548449,0.003032585373,1
0.05405293778,0.113400355,-0.03156583011,0.004976697266,1
0.05405293778,0.1153703928,-0.02849525958,0.003777096746,1
0.05405293778,0.1173404306,-0.01539969444,-0.002217407338,1
0.05602297559,0.04838907719,-0.01618772559,-0.005208192859,1
0.05602297559,0.050359115,-0.01868529059,-0.005912417546,1
0.05602297559,0.05232915282,-0.02007135935,-0.0001552130125,1
0.05602297559,0.05429919064,-0.02884070203,0.002339552389,1
0.05602297559,0.05626922846,-0.02410065196,0.001506016939,1
0.05602297559,0.05823927,-0.02792203054,0.002426494844,1
0.05602297559,0.06020930782,-0.03570397198,0.00160035782,1
0.05602297559,0.06217934564,-0.04137480631,-0.002555984538,1
0.05602297559,0.06414938718,-0.04458241165,-0.00101122004,1
0.05602297559,0.066119425,-0.04240313917,0.0006144960644,1
0.05602297559,0.06808946282,-0.03744105995,0.006179307587,1
0.05602297559,0.07005950063,-0.03792031854,0.003518212354,2
0.05602297559,0.07202953845,-0.03808347136,0.007524533663,1
0.05602297559,0.07399957627,-0.0396540612,0.005676297005,1
0.05602297559,0.07596961409,-0.04310337082,0.007515738718,1
0.05602297559,0.07793965936,-0.03981422633,-0.0004262421862,1
0.05602297559,0.07990969718,-0.03571671993,-0.01023195963,1
0.05602297559,0.08187973499,-0.03878287226,-0.01332016475,1
0.05602297559,0.08384977281,-0.04232002422,-0.01867497712,1
0.05602297559,0.08581981063,-0.04936663806,-0.01903134771,1
0.05602297559,0.08778984845,-0.04641827196,-0.01836599037,1
0.05602297559,0.08975988626,-0.02763373964,-0.01576905698,1
0.05602297559,0.09172992408,-0.02535024099,-0.01290060021,1
0.05602297559,0.0936999619,-0.03545603529,-0.01210311521,1
0.05602297559,0.09567000717,-0.04736964405,-0.008279878646,1
0.05602297559,0.09764004499,-0.06201471388,-0.003956248518,1
0.05602297559,0.09961008281,-0.06343525648,0.0008167878259,1
0.05602297559,0.1015801206,-0.05417672172,0.003023881698,1
0.05602297559,0.1035501584,-0.04067452997,0.003216728801,1
0.05602297559,0.1055201963,-0.03462393954,0.002253052779,1
0.05602297559,0.1074902341,-0.03430424631,0.007784114219,1
0.05602297559,0.1094602719,-0.02906080149,0.008071332239,1
0.05602297559,0.1114303172,-0.01956576295,0.005008140113,1
0.05602297559,0.113400355,-0.03307982907,0.006580754649,1
0.05602297559,0.1153703928,-0.02765486948,0.00292448909,1
0.05602297559,0.1173404306,-0.01609109901,-0.004375139251,1
0.05799301341,0.04838907719,-0.0213693995,-0.004352837335,1
0.05799301341,0.050359115,-0.01819165237,-0.01138431486,1
0.05799301341,0.05232915282,-0.02124161832,-0.00753264688,1
0.05799301341,0.05429919064,-0.02575409785,-0.002819636371,1
0.05799301341,0.05626922846,-0.02784684673,0.0005365789984,1
0.05799301341,0.05823927,-0.03148977086,-0.002790864324,1
0.05799301341,0.06020930782,-0.04228813201,-0.00265158969,1
0.05799301341,0.06217934564,-0.04496705532,-0.003167527029,1
0.05799301341,0.06414938718,-0.04342947155,-0.003236865392,1
0.05799301341,0.066119425,-0.04207881913,-0.002299868269,1
0.05799301341,0.06808946282,-0.04210342467,-0.003506313777,1
0.05799301341,0.07005950063,-0.04167190939,-0.006139921024,1
0.05799301341,0.07202953845,-0.04060075432,-0.00368341757,1
0.05799301341,0.07399957627,-0.03481023386,0.006229017861,1
0.05799301341,0.07596961409,-0.039552439,0.003922326956,1
0.05799301341,0.07793965936,-0.03723495826,-0.003898478579,1
0.05799301341,0.07990969718,-0.03403892368,-0.009326145984,1
0.05799301341,0.08187973499,-0.03145158663,-0.007640130352,1
0.05799301341,0.08384977281,-0.03326976299,-0.006540345959,1
0.05799301341,0.08581981063,-0.04643238336,-0.01226599514,1
0.05799301341,0.08778984845,-0.04795100167,-0.01411519293,1
0.05799301341,0.08975988626,-0.02964157052,-0.008037204854,1
0.05799301341,0.09172992408,-0.02985813282,-0.007202457637,1
0.05799301341,0.0936999619,-0.03991985321,0.001240010955,1
0.05799301341,0.09567000717,-0.06924191862,0.00112788321,1
0.05799301341,0.09764004499,-0.07249891758,0.004782793112,1
0.05799301341,0.09961008281,-0.07073939592,0.009976283647,1
0.05799301341,0.1015801206,-0.06473854184,0.01202719752,1
0.05799301341,0.1035501584,-0.05216448382,0.01115709171,1
0.05799301341,0.1055201963,-0.04216283187,0.01164569706,1
0.05799301341,0.1074902341,-0.03789764643,0.005949103273,1
0.05799301341,0.1094602719,-0.02597183734,0.007857218385,1
0.05799301341,0.1114303172,-0.01924163289,0.008219580166,1
0.05799301341,0.113400355,-0.02543525584,0.005526792724,1
0.05799301341,0.1153703928,-0.02336238138,0.002342287917,1
0.05799301341,0.1173404306,-0.01010710746,-0.004444223363,1
0.05996305123,0.04838907719,-0.01476385631,-0.01304444112,1
0.05996305123,0.050359115,-0.0177211035,-0.0188917499,1
0.05996305123,0.05232915282,-0.02837363258,-0.01378374174,1
0.05996305123,0.05429919064,-0.03243980557,-0.01192298345,1
0.05996305123,0.05626922846,-0.03235150874,-0.008863565512,1
0.05996305123,0.05823927,-0.03676282242,-0.004593318794,1
0.05996305123,0.06020930782,-0.0429780297,-0.002453035908,1
0.05996305123,0.06217934564,-0.04296279326,-0.003288484644,1
0.05996305123,0.06414938718,-0.04106755927,-0.006663062144,1
0.05996305123,0.066119425,-0.04066798091,-0.006589123514,1
0.05996305123,0.06808946282,-0.03865240514,-0.008232044056,1
0.05996305123,0.07005950063,-0.04326285794,-0.008885699324,1
0.05996305123,0.07202953845,-0.04612300545,-0.004829465412,1
0.05996305123,0.07399957627,-0.03201087564,-0.002800659277,1
0.05996305123,0.07596961409,-0.03310162202,-0.005258464254,1
0.05996305123,0.07793965936,-0.03618301079,-0.009796005674,1
0.05996305123,0.07990969718,-0.0372617431,-0.01161251776,1
0.05996305123,0.08187973499,-0.04116340354,-0.002954202937,1
0.05996305123,0.08384977281,-0.03089725971,-0.0003115841537,1
0.05996305123,0.08581981063,-0.03137864545,0.0006365577574,1
0.05996305123,0.08778984845,-0.04076560587,0.001469643554,1
0.05996305123,0.08975988626,-0.03995518759,-3.88041326e-06,1
0.05996305123,0.09172992408,-0.04608527571,0.005185198504,1
0.05996305123,0.0936999619,-0.05187209696,0.008651439101,1
0.05996305123,0.09567000717,-0.05773451552,0.006277091801,2
0.05996305123,0.09764004499,-0.06180038303,0.006859337445,1
0.05996305123,0.09961008281,-0.06741496176,0.01049899869,1
0.05996305123,0.1015801206,-0.06660442054,0.01561998669,1
0.05996305123,0.1035501584,-0.05641937256,0.01319741923,1
0.05996305123,0.1055201963,-0.04706431925,0.01443322469,1
0.05996305123,0.1074902341,-0.04035720229,0.01439141016,1
0.05996305123,0.1094602719,-0.03631754965,0.01002759207,1
0.05996305123,0.1114303172,-0.02985593118,0.008258718997,1
0.05996305123,0.113400355,-0.02160599083,0.009713913314,1
0.05996305123,0.1153703928,-0.02057076432,0.00900081452,1
0.05996305123,0.1173404306,-0.008228842169,0.0006050133379,1
0.06193309277,0.04838907719,-0.01743825898,-0.01149090938,2
0.06193309277,0.050359115,-0.0260821227,-0.0191787146,1
0.06193309277,0.05232915282,-0.03373211622,-0.01518902462,1
0.06193309277,0.05429919064,-0.03596325964,-0.01302144956,1
0.06193309277,0.05626922846,-0.03554047644,-0.01106132288,1
0.06193309277,0.05823927,-0.04009846598,-0.006460446399,1
0.06193309277,0.06020930782,-0.04139700159,-0.004844508599,1
0.06193309277,0.06217934564,-0.03779706359,-0.005392596591,1
0.06193309277,0.06414938718,-0.03743353859,-0.00802087225,1
0.06193309277,0.066119425,-0.03709323704,-0.006627741735,1
0.06193309277,0.06808946282,-0.03808745742,-0.00745477248,1
0.06193309277,0.07005950063,-0.04205990955,-0.005637451541,1
0.06193309277,0.07202953845,-0.04418976605,-0.002570265671,1
0.06193309277,0.07399957627,-0.03069318458,-0.005213054363,1
0.06193309277,0.07596961409,-0.03093244694,-0.007136997301,1
0.06193309277,0.07793965936,-0.03601368517,-0.007392222527,1
0.06193309277,0.07990969718,-0.03776539862,-0.003392634913,1
0.06193309277,0.08187973499,-0.03708768636,0.0009270200389,1
0.06193309277,0.08384977281,-0.03080130927,0.002620269777,1
0.06193309277,0.08581981063,-0.02830912173,0.005264973734,1
0.06193309277,0.08778984845,-0.0368867591,0.004795915913,1
0.06193309277,0.08975988626,-0.04704837129,0.006281700917,1
0.06193309277,0.09172992408,-0.05720860511,0.008130938746,2
0.06193309277,0.0936999619,-0.06564107537,0.0134939393,1
0.06193309277,0.09567000717,-0.04802366346,0.008469707333,3
0.06193309277,0.09764004499,-0.06003507227,0.01079950482,1
0.06193309277,0.09961008281,-0.05948824808,0.01223890856,1
0.06193309277,0.1015801206,-0.06172309071,0.01382744964,1
0.06193309277,0.1035501584,-0.05942311883,0.01161203254,1
0.06193309277,0.1055201963,-0.05101890117,0.01832794398,1
0.06193309277,0.1074902341,-0.04387436807,0.01778300665,1
0.06193309277,0.1094602719,-0.03678350896,0.01155538019,1
0.06193309277,0.1114303172,-0.028791219,0.00901289098,1
0.06193309277,0.113400355,-0.02387337759,0.01194696408,1
0.06193309277,0.1153703928,-0.02031364106,0.01145403646,1
0.06193309277,0.1173404306,-0.008831964806,0.007095409557,1
0.06390313059,0.04838907719,-0.01146879699,-0.002249573823,1
0.06390313059,0.050359115,-0.03032421321,-0.0106272893,1
0.06390313059,0.05232915282,-0.03199600801,-0.01225115545,1
0.06390313059,0.05429919064,-0.03458542749,-0.01072129793,1
0.06390313059,0.05626922846,-0.0404327102,-0.009811787866,1
0.06390313059,0.05823927,-0.042660065,-0.007101873402,1
0.06390313059,0.06020930782,-0.04048125073,-0.006169526838,1
0.06390313059,0.06217934564,-0.03669137508,-0.006701655686,1
0.06390313059,0.06414938718,-0.02940169722,-0.006156665739,1
0.06390313059,0.066119425,-0.03218864277,-0.007317523938,1
0.06390313059,0.06808946282,-0.03935978562,-0.007217628416,1
0.06390313059,0.07005950063,-0.03883161023,-0.005063141696,1
0.06390313059,0.07202953845,-0.03628509119,-0.002829901176,1
0.06390313059,0.07399957627,-0.03102698922,-0.001977267908,1
0.06390313059,0.07596961409,-0.02871455066,-0.001344126998,1
0.06390313059,0.07793965936,-0.03581839427,-0.003554901807,1
0.06390313059,0.07990969718,-0.03737538308,-0.003674009582,1
0.06390313059,0.08187973499,-0.03675236553,-0.0002026604488,1
0.06390313059,0.08384977281,-0.03374932334,0.002511458704,1
0.06390313059,0.08581981063,-0.03230830282,0.005384873133,1
0.06390313059,0.08778984845,-0.04303543642,0.005877165124,1
0.06390313059,0.08975988626,-0.0535755828,0.0081011476,1
0.06390313059,0.09172992408,-0.0700597018,0.007562914863,1
0.06390313059,0.0936999619,-0.07302290946,0.007953531109,1
0.06390313059,0.09567000717,-0.0621015802,0.009441970848,1
0.06390313059,0.09764004499,-0.05900221318,0.01159752999,1
0.06390313059,0.09961008281,-0.05618134513,0.010578149,1
0.06390313059,0.1015801206,-0.0630287528,0.01022523828,1
0.06390313059,0.1035501584,-0.06271044165,0.01002288423,1
0.06390313059,0.1055201963,-0.05173934251,0.0176600758,1
0.06390313059,0.1074902341,-0.04447706044,0.01848790422,1
0.06390313059,0.1094602719,-0.03513813764,0.009877866134,1
0.06390313059,0.1114303172,-0.02679148689,0.01290926617,1
0.06390313059,0.113400355,-0.02279426344,0.01583212428,1
0.06390313059,0.1153703928,-0.01660066098,0.01405122876,1
0.06390313059,0.1173404306,-0.01311835088,0.008362630382,1
0.06587316841,0.04838907719,-0.01678732596,-0.002421403769,2
0.06587316841,0.050359115,-0.02206445113,-0.003043948207,1
0.06587316841,0.05232915282,-0.02957599983,-0.008403926156,1
0.06587316841,0.05429919064,-0.03669413924,-0.0106848022,1
0.06587316841,0.05626922846,-0.04359720275,-0.006790991873,1
0.06587316841,0.05823927,-0.04355987534,-0.004432294052,1
0.06587316841,0.06020930782,-0.03923153132,0.0002484983706,1
0.06587316841,0.06217934564,-0.03508643806,-0.002389751375,2
0.06587316841,0.06414938718,-0.03048275784,-0.004725001287,1
0.06587316841,0.066119425,-0.0332970731,-0.008915919811,1
0.06587316841,0.06808946282,-0.04122041538,-0.01095185615,1
0.06587316841,0.07005950063,-0.04377058893,-0.00863156002,1
0.06587316841,0.07202953845,-0.03804670647,-0.004056769889,1
0.06587316841,0.07399957627,-0.03247876465,-0.001325707417,1
0.06587316841,0.07596961409,-0.02872384526,0.0003891497036,1
0.06587316841,0.07793965936,-0.03340971097,-0.0032480706,1
0.06587316841,0.07990969718,-0.0363210924,-0.007609291468,1
0.06587316841,0.08187973499,-0.03431391343,-0.005923554767,1
0.06587316841,0.08384977281,-0.02495121583,0.002132351045,1
0.06587316841,0.08581981063,-0.03282347694,0.002857464598,1
0.06587316841,0.08778984845,-0.04732592031,0.006192077883,1
0.06587316841,0.08975988626,-0.05750827491,0.003558179596,1
0.06587316841,0.09172992408,-0.06564471126,0.003925953526,1
0.06587316841,0.0936999619,-0.06615658104,0.005073697306,1
0.06587316841,0.09567000717,-0.06230536848,0.005554615054,1
0.06587316841,0.09764004499,-0.06020076945,0.01077741664,1
0.06587316841,0.09961008281,-0.05824310705,0.01406736299,1
0.06587316841,0.1015801206,-0.06115562469,0.0119950939,1
0.06587316841,0.1035501584,-0.05970890447,0.01291867252,1
0.06587316841,0.1055201963,-0.05419693142,0.01435656566,1
0.06587316841,0.1074902341,-0.03856341541,0.02094835788,1
0.06587316841,0.1094602719,-0.02870390937,0.02369427308,1
0.06587316841,0.1114303172,-0.02837412804,0.01757258363,1
0.06587316841,0.113400355,-0.02180804498,0.01717929542,1
0.06587316841,0.1153703928,-0.014919037,0.01531606354,1
0.06587316841,0.1173404306,-0.01842851378,0.009715734981,1
0.06784320623,0.04838907719,-0.01682873443,-0.001970689045,1
0.06784320623,0.050359115,-0.0258285664,-0.006042774767,1
0.06784320623,0.05232915282,-0.03481374308,-0.01631101221,1
0.06784320623,0.05429919064,-0.04172707349,-0.01188824512,1
0.06784320623,0.05626922846,-0.04539461061,-0.005599568598,1
0.06784320623,0.05823927,-0.04511889443,-0.004678442609,1
0.06784320623,0.06020930782,-0.03945373744,0.002868945245,1
0.06784320623,0.06217934564,-0.03394008428,0.00161915319,2
0.06784320623,0.06414938718,-0.03026157618,-0.0006919549196,1
0.06784320623,0.066119425,-0.0357073471,-0.009712698869,1
0.06784320623,0.06808946282,-0.04147866741,-0.01317538694,1
0.06784320623,0.07005950063,-0.04210904241,-0.01374954823,1
0.06784320623,0.07202953845,-0.03637158126,-0.01059075259,1
0.06784320623,0.07399957627,-0.03614968434,-0.005619378295,1
0.06784320623,0.07596961409,-0.03557635471,-0.004673617892,1
0.06784320623,0.07793965936,-0.03298661113,-0.006491681561,1
0.06784320623,0.07990969718,-0.03438287973,-0.007595364004,1
0.06784320623,0.08187973499,-0.03796743974,-0.008331415243,1
0.06784320623,0.08384977281,-0.03342007846,-0.008678293787,1
0.06784320623,0.08581981063,-0.03802917898,-0.002259046771,1
0.06784320623,0.08778984845,-0.0484697111,0.003627616214,1
0.06784320623,0.08975988626,-0.05954487249,0.004568568897,1
0.06784320623,0.09172992408,-0.06834992021,0.00598987611,1
0.06784320623,0.0936999619,-0.07171523571,0.005030696746,1
0.06784320623,0.09567000717,-0.070277825,0.003947771154,1
0.06784320623,0.09764004499,-0.06719139963,0.00759413885,1
0.06784320623,0.09961008281,-0.06029156223,0.0113394428,1
0.06784320623,0.1015801206,-0.05791967362,0.01285549439,1
0.06784320623,0.1035501584,-0.05776224658,0.01547089126,1
0.06784320623,0.1055201963,-0.05671137944,0.01858938672,1
0.06784320623,0.1074902341,-0.04581067711,0.02017232776,1
0.06784320623,0.1094602719,-0.03341218457,0.02128356695,1
0.06784320623,0.1114303172,-0.02538077347,0.02012610994,1
0.06784320623,0.113400355,-0.02062751539,0.01445110701,1
0.06784320623,0.1153703928,-0.01868243329,0.01291417703,1
0.06784320623,0.1173404306,-0.02526338585,0.01028791536,1
0.06981324404,0.04838907719,-0.01947309263,-0.00386824715,2
0.06981324404,0.050359115,-0.02410380729,-0.005050957669,1
0.06981324404,0.05232915282,-0.03296976537,-0.01465233229,1
0.06981324404,0.05429919064,-0.04253618792,-0.01002735831,1
0.06981324404,0.05626922846,-0.04750000685,-0.007272021845,1
0.06981324404,0.05823927,-0.04634642228,-0.007029985078,1
0.06981324404,0.06020930782,-0.03905295953,-0.005335221998,1
0.06981324404,0.06217934564,-0.03095858917,0.006689373869,1
0.06981324404,0.06414938718,-0.02212460525,-0.001662772498,1
0.06981324404,0.066119425,-0.03185034171,-0.009291958064,1
0.06981324404,0.06808946282,-0.04174797982,-0.01406272594,1
0.06981324404,0.07005950063,-0.04165240005,-0.01686797105,1
0.06981324404,0.07202953845,-0.0390108861,-0.01375817508,1
0.06981324404,0.07399957627,-0.03446665034,-0.004259152804,1
0.06981324404,0.07596961409,-0.0326978676,-0.005809528288,1
0.06981324404,0.07793965936,-0.03375726938,-0.009944573045,1
0.06981324404,0.07990969718,-0.03917526826,-0.008456128649,1
0.06981324404,0.08187973499,-0.04059064016,-0.007955514826,1
0.06981324404,0.08384977281,-0.04518604651,-0.01111018378,1
0.06981324404,0.08581981063,-0.05015928671,-0.003997242078,1
0.06981324404,0.08778984845,-0.05714204535,0.003982775845,1
0.06981324404,0.08975988626,-0.06153973565,0.006984019652,2
0.06981324404,0.09172992408,-0.06783503294,0.008912858553,1
0.06981324404,0.0936999619,-0.07165232301,0.005644691177,1
0.06981324404,0.09567000717,-0.07488745451,0.007585695479,1
0.06981324404,0.09764004499,-0.07110957801,0.005218290258,1
0.06981324404,0.09961008281,-0.06150583178,0.006220206618,1
0.06981324404,0.1015801206,-0.05330562964,0.01071192883,1
0.06981324404,0.1035501584,-0.0556351766,0.01555019338,2
0.06981324404,0.1055201963,-0.05746513605,0.01959834993,1
0.06981324404,0.1074902341,-0.05467313156,0.02189817652,1
0.06981324404,0.1094602719,-0.04314278439,0.02347248979,1
0.06981324404,0.1114303172,-0.02526614629,0.01941107027,1
0.06981324404,0.113400355,-0.02069797739,0.01465805247,1
0.06981324404,0.1153703928,-0.01877351664,0.01252632122,1
0.06981324404,0.1173404306,-0.02533594333,0.01048743445,1
0.07178328186,0.04838907719,-0.01748673618,-0.0045830952,1
0.07178328186,0.050359115,-0.02160027251,-0.005866110791,1
0.07178328186,0.05232915282,-0.03169617057,-0.007680696901,2
0.07178328186,0.05429919064,-0.04578943923,-0.007455359213,1
0.07178328186,0.05626922846,-0.04735502601,-0.003745229449,1
0.07178328186,0.05823927,-0.04527779296,-0.005059516523,1
0.07178328186,0.06020930782,-0.04862711206,0.008132521994,1
0.07178328186,0.06217934564,-0.03427623585,0.006160768215,1
0.07178328186,0.06414938718,-0.02727388404,-0.0007431519916,1
0.07178328186,0.066119425,-0.03744018078,-0.003691977356,1
0.07178328186,0.06808946282,-0.03757337108,-0.0088270735,1
0.07178328186,0.07005950063,-0.03978902102,-0.01368995663,1
0.07178328186,0.07202953845,-0.03859711066,-0.01365068089,1
0.07178328186,0.07399957627,-0.02953811549,-0.01131799351,1
0.07178328186,0.07596961409,-0.02837690152,-0.01021144632,1
0.07178328186,0.07793965936,-0.03859499842,-0.01190583594,2
0.07178328186,0.07990969718,-0.04822321981,-0.0141321905,1
0.07178328186,0.08187973499,-0.05068771541,-0.004018730484,1
0.07178328186,0.08384977281,-0.05658257753,-0.001432391698,1
0.07178328186,0.08581981063,-0.06839639693,0.001383946976,1
0.07178328186,0.08778984845,-0.06907595694,0.001124815666,1
0.07178328186,0.08975988626,-0.06163697317,0.01047187578,1
0.07178328186,0.09172992408,-0.0612244904,0.001929638092,1
0.07178328186,0.0936999619,-0.06422315538,0.003517274978,1
0.07178328186,0.09567000717,-0.07295030355,0.007846196182,1
0.07178328186,0.09764004499,-0.07095723599,0.001713481615,1
0.07178328186,0.09961008281,-0.06265106052,0.001015616697,1
0.07178328186,0.1015801206,-0.0495377481,0.006354595069,1
0.07178328186,0.1035501584,-0.05400769413,0.01641960815,2
0.07178328186,0.1055201963,-0.05589784682,0.02530489489,1
0.07178328186,0.1074902341,-0.0586303398,0.02331942134,1
0.07178328186,0.1094602719,-0.04042969272,0.01879132353,2
0.07178328186,0.1114303172,-0.02484946325,0.02016799338,1
0.07178328186,0.113400355,-0.01727814414,0.01594839804,1
0.07178328186,0.1153703928,-0.01202275231,0.009733222425,1
0.07178328186,0.1173404306,-0.009165532887,0.01008973736,1
0.07375332713,0.04838907719,-0.0192052424,-0.0001892278378,1
0.07375332713,0.050359115,-0.02221657149,-0.003344297642,1
0.07375332713,0.05232915282,-0.02642520331,-0.002748984378,1
0.07375332713,0.05429919064,-0.03610311076,0.001150518307,1
0.07375332713,0.05626922846,-0.04314615205,0.009978885762,1
0.07375332713,0.05823927,-0.04017281532,0.002072562696,1
0.07375332713,0.06020930782,-0.04329353571,0.003565540537,1
0.07375332713,0.06217934564,-0.03377885371,0.0009587501991,1
0.07375332713,0.06414938718,-0.03334804252,-0.001523253159,1
0.07375332713,0.066119425,-0.03444660455,0.0004921118962,1
0.07375332713,0.06808946282,-0.03052339889,-0.0007475709426,1
0.07375332713,0.07005950063,-0.03419239819,-0.004124587867,1
0.07375332713,0.07202953845,-0.0353349708,-0.01061272621,1
0.07375332713,0.07399957627,-0.0270337183,-0.01296346262,1
0.07375332713,0.07596961409,-0.02705555595,-0.009236083366,1
0.07375332713,0.07793965936,-0.04402260855,-0.01333513297,1
0.07375332713,0.07990969718,-0.04903305322,0.001193865668,1
0.07375332713,0.08187973499,-0.05149997026,0.0055101295,1
0.07375332713,0.08384977281,-0.05541346222,0.001549422392,1
0.07375332713,0.08581981063,-0.06415551901,0.001749809948,1
0.07375332713,0.08778984845,-0.06928378344,-0.002339333994,1
0.07375332713,0.08975988626,-0.05804171786,-0.0005987021723,1
0.07375332713,0.09172992408,-0.05664056912,0.004684976768,1
0.07375332713,0.0936999619,-0.06013769656,0.005192107055,1
0.07375332713,0.09567000717,-0.06978559494,0.005075804424,1
0.07375332713,0.09764004499,-0.07096610218,-0.0001232854702,1
0.07375332713,0.09961008281,-0.06431221217,-0.001220431412,1
0.07375332713,0.1015801206,-0.05704702809,0.007488155738,1
0.07375332713,0.1035501584,-0.05496000499,0.0184687525,1
0.07375332713,0.1055201963,-0.05188355595,0.01679322869,1
0.07375332713,0.1074902341,-0.05415742099,0.001507685869,1
0.07375332713,0.1094602719,-0.03509618714,0.008205388673,1
0.07375332713,0.1114303172,-0.02162723802,0.01710729487,1
0.07375332713,0.113400355,-0.01443885732,0.01418921072,1
0.07375332713,0.1153703928,-0.008290480822,0.00903910771,1
0.07375332713,0.1173404306,-0.0001668612967,0.009106052108,1
0.07572336495,0.04838907719,-0.0215149913,0.004007874057,1
0.07572336495,0.050359115,-0.0231955573,0.00829947181,1
0.07572336495,0.05232915282,-0.02185105346,0.008570788428,1
0.07572336495,0.05429919064,-0.02730406076,0.01363839488,1
0.07572336495,0.05626922846,-0.03641555458,0.01565984637,1
0.07572336495,0.05823927,-0.040222276,0.00251036929,1
0.07572336495,0.06020930782,-0.03643824533,-0.0008260907489,1
0.07572336495,0.06217934564,-0.02597026527,-0.005982331932,1
0.07572336495,0.06414938718,-0.02278565615,-0.0004038584593,1
0.07572336495,0.066119425,-0.02515297569,-0.004950326402,1
0.07572336495,0.06808946282,-0.02848183922,-0.0009640127537,1
0.07572336495,0.07005950063,-0.03087244928,0.003215125529,1
0.07572336495,0.07202953845,-0.03047894314,-0.00409816904,1
0.07572336495,0.07399957627,-0.02903665975,-0.00405592937,1
0.07572336495,0.07596961409,-0.03103773296,8.12667422e-05,1
0.07572336495,0.07793965936,-0.0393723771,0.006612914614,1
0.07572336495,0.07990969718,-0.04957200214,0.01224833913,1
0.07572336495,0.08187973499,-0.05173933879,0.01186914183,1
0.07572336495,0.08384977281,-0.05458368361,0.005847053602,1
0.07572336495,0.08581981063,-0.05980606377,0.004130159505,1
0.07572336495,0.08778984845,-0.0674527958,-0.003001756966,1
0.07572336495,0.08975988626,-0.05899232253,0.0003602110955,1
0.07572336495,0.09172992408,-0.0564378649,0.00568988733,1
0.07572336495,0.0936999619,-0.0596178174,0.005020770244,1
0.07572336495,0.09567000717,-0.06732393056,0.002345450455,1
0.07572336495,0.09764004499,-0.06957472861,0.00690085534,1
0.07572336495,0.09961008281,-0.06726617366,0.005646428093,1
0.07572336495,0.1015801206,-0.0634104684,0.003730508266,1
0.07572336495,0.1035501584,-0.06753246486,0.005580166355,1
0.07572336495,0.1055201963,-0.05730901659,-0.003173693782,1
0.07572336495,0.1074902341,-0.04374452308,3.663116877e-05,2
0.07572336495,0.1094602719,-0.02349893376,-0.002634934615,1
0.07572336495,0.1114303172,-0.0284792576,0.000144698206,1
0.07572336495,0.113400355,-0.01551465318,0.006915578153,1
0.07572336495,0.1153703928,-0.009545818903,0.005409405567,1
0.07572336495,0.1173404306,-0.001800730242,0.00711510377,1
0.07769340277,0.04838907719,-0.01996501721,0.007979984395,1
0.07769340277,0.050359115,-0.01827553287,0.01614956558,1
0.07769340277,0.05232915282,-0.01984550059,0.01807360165,1
0.07769340277,0.05429919064,-0.02470442466,0.01865748875,1
0.07769340277,0.05626922846,-0.02975868806,0.01322842576,1
0.07769340277,0.05823927,-0.03459287062,0.004357594531,1
0.07769340277,0.06020930782,-0.03384100646,0.001951999147,1
0.07769340277,0.06217934564,-0.02599402145,-0.002252205508,2
0.07769340277,0.06414938718,-0.02165041678,-0.004684002139,1
0.07769340277,0.066119425,-0.02314383909,-0.001489905524,1
0.07769340277,0.06808946282,-0.02641512267,-2.705082261e-05,1
0.07769340277,0.07005950063,-0.03290855139,-0.000448147679,1
0.07769340277,0.07202953845,-0.03069134243,0.0008496328373,1
0.07769340277,0.07399957627,-0.03144561872,0.003949070815,1
0.07769340277,0.07596961409,-0.0346837379,0.007587663829,1
0.07769340277,0.07793965936,-0.04246163368,0.01078098733,1
0.07769340277,0.07990969718,-0.04805236682,0.01775667444,1
0.07769340277,0.08187973499,-0.04828949645,0.01852192916,1
0.07769340277,0.08384977281,-0.04952999204,0.0133961048,1
0.07769340277,0.08581981063,-0.05545952916,0.009409884922,1
0.07769340277,0.08778984845,-0.06432309747,0.003527397057,1
0.07769340277,0.08975988626,-0.06792320311,0.002509317594,1
0.07769340277,0.09172992408,-0.06825341284,0.0007677773247,1
0.07769340277,0.0936999619,-0.06662204117,0.0005053835339,1
0.07769340277,0.09567000717,-0.0666532889,0.003007769585,1
0.07769340277,0.09764004499,-0.06999046355,0.009849813767,1
0.07769340277,0.09961008281,-0.06606964767,0.008728911169,1
0.07769340277,0.1015801206,-0.06242194027,0.006070459727,1
0.07769340277,0.1035501584,-0.06488052756,0.007013758644,1
0.07769340277,0.1055201963,-0.05009792745,0.004830888007,1
0.07769340277,0.1074902341,-0.04001271352,0.004447467159,2
0.07769340277,0.1094602719,-0.02296159416,0.001480304752,1
0.07769340277,0.1114303172,-0.01859136671,-0.001226437511,1
0.07769340277,0.113400355,-0.013695498,-0.0004764933547,1
0.07769340277,0.1153703928,-0.009057864547,0.001442223787,1
0.07769340277,0.1173404306,-0.00447081821,0.005828253925,1
0.07966344059,0.04838907719,-0.01419517212,0.007987815887,1
0.07966344059,0.050359115,-0.01206635963,0.01473258343,1
0.07966344059,0.05232915282,-0.0170521792,0.02065938897,1
0.07966344059,0.05429919064,-0.02282482944,0.01755167358,1
0.07966344059,0.05626922846,-0.02663405426,0.01131747942,1
0.07966344059,0.05823927,-0.02887885645,0.005622462835,1
0.07966344059,0.06020930782,-0.02846363373,0.003365670796,1
0.07966344059,0.06217934564,-0.02251439355,-0.0002944869047,1
0.07966344059,0.06414938718,-0.02609841712,0.00517203426,1
0.07966344059,0.066119425,-0.02521987632,0.005443072412,1
0.07966344059,0.06808946282,-0.02839656547,0.003825674532,1
0.07966344059,0.07005950063,-0.03585850075,-0.0003480359155,1
0.07966344059,0.07202953845,-0.03506741673,0.003650426166,1
0.07966344059,0.07399957627,-0.03764250875,0.008833377622,1
0.07966344059,0.07596961409,-0.03778421879,0.01254921965,1
0.07966344059,0.07793965936,-0.04372718185,0.01287748571,1
0.07966344059,0.07990969718,-0.04896209016,0.0151972631,1
0.07966344059,0.08187973499,-0.0514334403,0.01548295468,1
0.07966344059,0.08384977281,-0.05248469487,0.01496871095,1
0.07966344059,0.08581981063,-0.05604080483,0.01187635679,1
0.07966344059,0.08778984845,-0.06535084546,0.003600957105,1
0.07966344059,0.08975988626,-0.06985697895,0.001033875858,1
0.07966344059,0.09172992408,-0.06726306677,-0.001811589347,1
0.07966344059,0.0936999619,-0.06667910516,0.0002937162935,1
0.07966344059,0.09567000717,-0.06957795471,0.00474210456,1
0.07966344059,0.09764004499,-0.06503174454,0.004779614508,1
0.07966344059,0.09961008281,-0.06298030913,0.01193003915,1
0.07966344059,0.1015801206,-0.06063747779,0.00815259479,1
0.07966344059,0.1035501584,-0.05684318766,0.007165599614,1
0.07966344059,0.1055201963,-0.05339262262,0.009813725017,1
0.07966344059,0.1074902341,-0.04324680567,0.01144204382,1
0.07966344059,0.1094602719,-0.02734521031,0.005267352331,1
0.07966344059,0.1114303172,-0.01882376708,9.740070527e-05,1
0.07966344059,0.113400355,-0.01244173199,-0.003236068413,1
0.07966344059,0.1153703928,-0.006362689659,0.0005605792394,1
0.07966344059,0.1173404306,-0.01599489339,0.004759817384,1
0.0816334784,0.04838907719,-0.0154907601,0.01066010073,1
0.0816334784,0.050359115,-0.01783132367,0.01176228281,1
0.0816334784,0.05232915282,-0.01899543032,0.01072389726,1
0.0816334784,0.05429919064,-0.0239697583,0.01267153863,1
0.0816334784,0.05626922846,-0.02556418814,0.007787789684,1
0.0816334784,0.05823927,-0.02617560141,0.00452058576,1
0.0816334784,0.06020930782,-0.02596642077,0.002905881731,1
0.0816334784,0.06217934564,-0.02174516395,0.008247612976,1
0.0816334784,0.06414938718,-0.02375775017,0.007682646159,1
0.0816334784,0.066119425,-0.03044113889,0.005371549167,1
0.0816334784,0.06808946282,-0.034028925,0.00852656737,1
0.0816334784,0.07005950063,-0.03530274704,0.009178332984,1
0.0816334784,0.07202953845,-0.03766889125,0.009517717175,1
0.0816334784,0.07399957627,-0.039174404,0.01262655295,1
0.0816334784,0.07596961409,-0.03950024396,0.01586303115,1
0.0816334784,0.07793965936,-0.04243968055,0.01853022352,1
0.0816334784,0.07990969718,-0.04691221565,0.01714200154,1
0.0816334784,0.08187973499,-0.0523281619,0.01238883659,1
0.0816334784,0.08384977281,-0.05598271638,0.01535123028,1
0.0816334784,0.08581981063,-0.05939467251,0.01186323538,1
0.0816334784,0.08778984845,-0.06655392796,0.003309343942,1
0.0816334784,0.08975988626,-0.07369654626,-0.003387338016,1
0.0816334784,0.09172992408,-0.07105261832,0.001251679962,1
0.0816334784,0.0936999619,-0.06972766668,0.004619195126,1
0.0816334784,0.09567000717,-0.07001622766,0.003835065523,1
0.0816334784,0.09764004499,-0.06529335678,0.00375762186,1
0.0816334784,0.09961008281,-0.06124151126,0.008855333552,1
0.0816334784,0.1015801206,-0.05991791561,0.008378990926,1
0.0816334784,0.1035501584,-0.05662808195,0.006715589669,1
0.0816334784,0.1055201963,-0.05544685572,0.009685561061,1
0.0816334784,0.1074902341,-0.04924936593,0.01312661916,1
0.0816334784,0.1094602719,-0.03562635183,0.009807043709,1
0.0816334784,0.1114303172,-0.0203988459,0.00304296799,1
0.0816334784,0.113400355,-0.01143481862,0.001381574199,1
0.0816334784,0.1153703928,-0.01240417175,0.007028669119,1
0.0816334784,0.1173404306,-0.01778710261,0.006466672756,1
0.08360351622,0.04838907719,-0.005818055477,0.01730367914,1
0.08360351622,0.050359115,-0.01880349964,0.01091057714,1
0.08360351622,0.05232915282,-0.01940764301,0.004490021151,1
0.08360351622,0.05429919064,-0.02523683757,0.005160882138,1
0.08360351622,0.05626922846,-0.02656327188,0.00592793664,1
0.08360351622,0.05823927,-0.02733058855,0.008237741888,1
0.08360351622,0.06020930782,-0.02815569006,0.006784834899,1
0.08360351622,0.06217934564,-0.03133962676,0.01042684633,1
0.08360351622,0.06414938718,-0.03251021355,0.007501513697,1
0.08360351622,0.066119425,-0.03395935148,0.006538732443,1
0.08360351622,0.06808946282,-0.03568825126,0.01456326339,1
0.08360351622,0.07005950063,-0.03535323218,0.0150854867,1
0.08360351622,0.07202953845,-0.04058346525,0.01679112948,1
0.08360351622,0.07399957627,-0.041301772,0.01670775935,1
0.08360351622,0.07596961409,-0.03978395835,0.01666755043,1
0.08360351622,0.07793965936,-0.04048644006,0.02136467583,1
0.08360351622,0.07990969718,-0.04509120807,0.01983872801,1
0.08360351622,0.08187973499,-0.05250547826,0.01520289201,1
0.08360351622,0.08384977281,-0.04865907505,0.01349150669,1
0.08360351622,0.08581981063,-0.05808335915,0.007400531322,1
0.08360351622,0.08778984845,-0.06736367196,0.0009088036604,1
0.08360351622,0.08975988626,-0.0749559924,-0.004811900668,1
0.08360351622,0.09172992408,-0.07337804139,0.0008598198183,1
0.08360351622,0.0936999619,-0.06952789426,0.004003485665,1
0.08360351622,0.09567000717,-0.06259305775,0.001872010063,1
0.08360351622,0.09764004499,-0.06704427302,-0.001851767651,2
0.08360351622,0.09961008281,-0.06978307664,-0.0007201949484,1
0.08360351622,0.1015801206,-0.05710819364,0.007686374709,1
0.08360351622,0.1035501584,-0.05532696098,0.005617705174,1
0.08360351622,0.1055201963,-0.05308202654,0.00697777234,1
0.08360351622,0.1074902341,-0.04789680988,0.01167807542,1
0.08360351622,0.1094602719,-0.03874706104,0.009333528578,1
0.08360351622,0.1114303172,-0.02527494729,0.00602365844,1
0.08360351622,0.113400355,-0.01253726147,0.003779124469,1
0.08360351622,0.1153703928,-0.01731742732,0.00232481095,1
0.08360351622,0.1173404306,-0.004863914102,-0.003252744675,1
0.08557355404,0.04838907719,-0.01129764505,0.009848446585,2
0.08557355404,0.050359115,-0.01620420814,0.01146506798,1
0.08557355404,0.05232915282,-0.02289276011,0.007352293003,1
0.08557355404,0.05429919064,-0.02354587801,0.003260072088,1
0.08557355404,0.05626922846,-0.02848958224,0.009686145,1
0.08557355404,0.05823927,-0.02977143601,0.01642559096,1
0.08557355404,0.06020930782,-0.03270400316,0.01550236437,1
0.08557355404,0.06217934564,-0.03786981851,0.009573305957,1
0.08557355404,0.06414938718,-0.03969340026,0.007151884492,1
0.08557355404,0.066119425,-0.04049833119,0.01029835269,1
0.08557355404,0.06808946282,-0.03195890039,0.01300690416,1
0.08557355404,0.07005950063,-0.03701307252,0.01559010614,1
0.08557355404,0.07202953845,-0.04169523343,0.01802466996,1
0.08557355404,0.07399957627,-0.0440463312,0.01940145902,1
0.08557355404,0.07596961409,-0.04178141803,0.01861390285,1
0.08557355404,0.07793965936,-0.04058310017,0.01293600164,1
0.08557355404,0.07990969718,-0.04446920753,0.01348513737,1
0.08557355404,0.08187973499,-0.04583066329,0.01085033454,1
0.08557355404,0.08384977281,-0.05048330128,0.00691796327,1
0.08557355404,0.08581981063,-0.05891493335,0.0003107184311,1
0.08557355404,0.08778984845,-0.06886070967,-0.00590734696,1
0.08557355404,0.08975988626,-0.07363232225,-0.006497342605,1
0.08557355404,0.09172992408,-0.06929801404,-0.002871769248,1
0.08557355404,0.0936999619,-0.06101373211,-0.003865188453,1
0.08557355404,0.09567000717,-0.05648010597,-0.008961653337,1
0.08557355404,0.09764004499,-0.07050757855,-0.01231650729,1
0.08557355404,0.09961008281,-0.06483729929,-0.003762040054,2
0.08557355404,0.1015801206,-0.0593595244,0.001194082899,1
0.08557355404,0.1035501584,-0.05133820698,0.002964808373,1
0.08557355404,0.1055201963,-0.05403710902,0.003383359406,1
0.08557355404,0.1074902341,-0.04579066858,0.006802265998,1
0.08557355404,0.1094602719,-0.0355714038,0.009299119003,1
0.08557355404,0.1114303172,-0.02784178779,0.008113228716,1
0.08557355404,0.113400355,-0.02559413388,0.006106614601,1
0.08557355404,0.1153703928,-0.02240945213,0.001166472328,1
0.08557355404,0.1173404306,-0.003671145765,-0.008674634621,1
0.08754359186,0.04838907719,-0.0118706692,0.000776593457,1
0.08754359186,0.050359115,-0.0205627773,0.002570510143,1
0.08754359186,0.05232915282,-0.02747182734,0.001028725179,1
0.08754359186,0.05429919064,-0.02815338597,0.009753418155,1
0.08754359186,0.05626922846,-0.03096641786,0.01481147762,1
0.08754359186,0.05823927,-0.03347554803,0.01899877191,1
0.08754359186,0.06020930782,-0.03562447056,0.01762715727,1
0.08754359186,0.06217934564,-0.04275548458,0.01085522212,1
0.08754359186,0.06414938718,-0.04153539613,0.01076008659,1
0.08754359186,0.066119425,-0.04427685589,0.01040716562,1
0.08754359186,0.06808946282,-0.04138226062,0.009984955192,2
0.08754359186,0.07005950063,-0.04385446757,0.01381696761,1
0.08754359186,0.07202953845,-0.04304729402,0.01515284833,1
0.08754359186,0.07399957627,-0.04281653091,0.02232850343,1
0.08754359186,0.07596961409,-0.04230954871,0.01965515874,1
0.08754359186,0.07793965936,-0.04361720756,0.01629140973,1
0.08754359186,0.07990969718,-0.04632882774,0.01455500722,1
0.08754359186,0.08187973499,-0.05065088719,0.0008616358391,1
0.08754359186,0.08384977281,-0.05940504,-0.002915320452,1
0.08754359186,0.08581981063,-0.06096324325,-0.007257614285,1
0.08754359186,0.08778984845,-0.06968806684,-0.01124693919,1
0.08754359186,0.08975988626,-0.07585140318,-0.01256221719,1
0.08754359186,0.09172992408,-0.07223387808,-0.01056718268,1
0.08754359186,0.0936999619,-0.05496449396,-0.00998414401,1
0.08754359186,0.09567000717,-0.04911652207,-0.01210518461,1
0.08754359186,0.09764004499,-0.05644340441,-0.009811970405,1
0.08754359186,0.09961008281,-0.05969902501,-0.003205540124,1
0.08754359186,0.1015801206,-0.05985635519,0.001816768199,1
0.08754359186,0.1035501584,-0.05119447038,0.006525328383,1
0.08754359186,0.1055201963,-0.05118529499,0.004367803689,1
0.08754359186,0.1074902341,-0.0449806042,0.006147947628,1
0.08754359186,0.1094602719,-0.03573219106,0.009095313959,1
0.08754359186,0.1114303172,-0.03046831116,0.005505720153,1
0.08754359186,0.113400355,-0.03094598465,0.004080556799,1
0.08754359186,0.1153703928,-0.02540016733,0.006056987215,1
0.08754359186,0.1173404306,-0.006490258034,-0.002334156772,1
0.08951362967,0.04838907719,-0.01650797017,-0.008448738605,1
0.08951362967,0.050359115,-0.01779739931,-0.003449826501,1
0.08951362967,0.05232915282,-0.02382119186,0.001227533445,1
0.08951362967,0.05429919064,-0.02932052687,0.006476735696,1
0.08951362967,0.05626922846,-0.03514454886,0.01049645245,1
0.08951362967,0.05823927,-0.03908519447,0.0134240482,1
0.08951362967,0.06020930782,-0.0398548767,0.01735611819,1
0.08951362967,0.06217934564,-0.047813721,0.00739543559,1
0.08951362967,0.06414938718,-0.04436244071,0.009404654615,1
0.08951362967,0.066119425,-0.04690285027,0.005927900784,1
0.08951362967,0.06808946282,-0.04543881491,0.00270878314,2
0.08951362967,0.07005950063,-0.04476834461,0.002668530215,2
0.08951362967,0.07202953845,-0.04202675819,0.005160962231,1
0.08951362967,0.07399957627,-0.03975608572,0.007365677506,1
0.08951362967,0.07596961409,-0.04166686162,0.008694089949,1
0.08951362967,0.07793965936,-0.04340025783,0.008665232919,1
0.08951362967,0.07990969718,-0.04414075986,0.005850192159,1
0.08951362967,0.08187973499,-0.0546316728,-0.009425472468,1
0.08951362967,0.08384977281,-0.06065814942,-0.01569846645,1
0.08951362967,0.08581981063,-0.06553089619,-0.006084608845,1
0.08951362967,0.08778984845,-0.06954686344,-0.008286798373,1
0.08951362967,0.08975988626,-0.072814852,-0.0138386758,1
0.08951362967,0.09172992408,-0.07059236616,-0.01221839432,1
0.08951362967,0.0936999619,-0.05404922739,-0.01097000204,1
0.08951362967,0.09567000717,-0.05473780632,-0.008686352521,2
0.08951362967,0.09764004499,-0.05745657161,0.0003365179582,1
0.08951362967,0.09961008281,-0.05123538151,-0.0033765228,1
0.08951362967,0.1015801206,-0.05172304809,0.003396822605,1
0.08951362967,0.1035501584,-0.05349189788,0.009036500938,1
0.08951362967,0.1055201963,-0.05238418281,0.01005623396,1
0.08951362967,0.1074902341,-0.04350506142,0.01141822152,1
0.08951362967,0.1094602719,-0.03584070131,0.01053310558,1
0.08951362967,0.1114303172,-0.03215850517,0.01426073164,1
0.08951362967,0.113400355,-0.02610775456,0.01219997555,1
0.08951362967,0.1153703928,-0.01292918809,0.002426436637,1
0.08951362967,0.1173404306,-0.01067574415,0.004327548202,1
0.09148367494,0.04838907719,-0.01139720157,-0.002485910198,1
0.09148367494,0.050359115,-0.01425092947,-0.002624660032,1
0.09148367494,0.05232915282,-0.02166251279,-0.001429833937,1
0.09148367494,0.05429919064,-0.03031477146,0.0001081420851,1
0.09148367494,0.05626922846,-0.04282450676,0.0001056721303,1
0.09148367494,0.05823927,-0.04361636564,-0.0008182088495,1
0.09148367494,0.06020930782,-0.04201605543,-0.002946169116,1
0.09148367494,0.06217934564,-0.04810221121,0.003485167865,1
0.09148367494,0.06414938718,-0.04589615762,0.002865899354,1
0.09148367494,0.066119425,-0.04677480459,-0.0006173503352,1
0.09148367494,0.06808946282,-0.04870181531,-0.007746252697,1
0.09148367494,0.07005950063,-0.04775333405,-0.01101259235,1
0.09148367494,0.07202953845,-0.04427043721,-0.009052501991,1
0.09148367494,0.07399957627,-0.04237259552,-0.01011609286,1
0.09148367494,0.07596961409,-0.04089987651,-0.01206755359,1
0.09148367494,0.07793965936,-0.03845131397,-0.008701389655,1
0.09148367494,0.07990969718,-0.03768377006,-0.01143041532,1
0.09148367494,0.08187973499,-0.04236619174,-0.009818797,1
0.09148367494,0.08384977281,-0.05328571051,-0.01084772591,1
0.09148367494,0.08581981063,-0.06757713109,-0.002159361029,1
0.09148367494,0.08778984845,-0.07188992202,-0.00385673577,1
0.09148367494,0.08975988626,-0.06791388243,-0.00789838098,1
0.09148367494,0.09172992408,-0.06838852167,-0.009441119619,1
0.09148367494,0.0936999619,-0.06335762888,-0.01096533705,1
0.09148367494,0.09567000717,-0.05832891539,-0.01200674381,1
0.09148367494,0.09764004499,-0.05699493363,-0.005937962793,1
0.09148367494,0.09961008281,-0.05381061509,0.0002375261392,1
0.09148367494,0.1015801206,-0.05368198082,0.004767236765,1
0.09148367494,0.1035501584,-0.05299817398,0.006203318015,1
0.09148367494,0.1055201963,-0.05100080743,0.006696441676,1
0.09148367494,0.1074902341,-0.04303818196,0.01517320704,1
0.09148367494,0.1094602719,-0.03339471668,0.01566340774,1
0.09148367494,0.1114303172,-0.02881792746,0.02069019154,1
0.09148367494,0.113400355,-0.02374234423,0.02038124204,1
0.09148367494,0.1153703928,-0.007043934893,0.01024770737,1
0.09148367494,0.1173404306,-0.01789514162,0.01084513217,1
0.09345371276,0.04838907719,-0.005060455296,0.003606481012,1
0.09345371276,0.050359115,-0.01869042777,-0.006813379005,1
0.09345371276,0.05232915282,-0.03050711565,-0.01771928556,1
0.09345371276,0.05429919064,-0.03737797216,-0.01803939976,1
0.09345371276,0.05626922846,-0.03855096921,-0.008676316589,1
0.09345371276,0.05823927,-0.04494588077,-0.01058992837,1
0.09345371276,0.06020930782,-0.04948307201,-0.009136233479,1
0.09345371276,0.06217934564,-0.05842398107,-0.006895071827,1
0.09345371276,0.06414938718,-0.04905369505,-0.005414178129,1
0.09345371276,0.066119425,-0.04864663258,-0.0104284985,1
0.09345371276,0.06808946282,-0.04747886956,-0.01969644614,1
0.09345371276,0.07005950063,-0.04644713178,-0.02037152089,1
0.09345371276,0.07202953845,-0.04559339583,-0.01681045815,1
0.09345371276,0.07399957627,-0.04748978838,-0.01516116038,1
0.09345371276,0.07596961409,-0.0473684445,-0.0135114463,1
0.09345371276,0.07793965936,-0.04277107492,-0.01853150502,1
0.09345371276,0.07990969718,-0.03940212354,-0.01741747744,1
0.09345371276,0.08187973499,-0.04492924362,-0.008987609297,1
0.09345371276,0.08384977281,-0.06140561774,-0.004829149693,1
0.09345371276,0.08581981063,-0.06487262249,-0.00483983336,1
0.09345371276,0.08778984845,-0.06366249919,-0.005937896669,1
0.09345371276,0.08975988626,-0.06678286195,-0.0090043284,1
0.09345371276,0.09172992408,-0.06736787409,-0.01058835257,1
0.09345371276,0.0936999619,-0.06674074382,-0.01658783481,1
0.09345371276,0.09567000717,-0.06270820647,-0.01047728304,2
0.09345371276,0.09764004499,-0.05989266932,-0.004368221853,1
0.09345371276,0.09961008281,-0.05574380606,0.0001761718449,1
0.09345371276,0.1015801206,-0.05441987142,0.004019450862,1
0.09345371276,0.1035501584,-0.04799495265,0.005881886464,1
0.09345371276,0.1055201963,-0.05367733166,0.009202096611,1
0.09345371276,0.1074902341,-0.0520584546,0.01367985178,1
0.09345371276,0.1094602719,-0.03558447212,0.01108043455,1
0.09345371276,0.1114303172,-0.02672735974,0.01590697467,1
0.09345371276,0.113400355,-0.02471010946,0.02318657935,1
0.09345371276,0.1153703928,-0.005207447801,0.01275866386,1
0.09345371276,0.1173404306,-0.01672496274,0.01208801288,1
0.09542375058,0.04838907719,-0.004839557689,-0.0009681782103,2
0.09542375058,0.050359115,-0.01191665977,-0.006529802922,1
0.09542375058,0.05232915282,-0.02820290253,-0.01965798624,1
0.09542375058,0.05429919064,-0.03897074237,-0.02503573708,1
0.09542375058,0.05626922846,-0.03877259418,-0.01783485152,1
0.09542375058,0.05823927,-0.0470216237,-0.002094093245,1
0.09542375058,0.06020930782,-0.05419055372,-0.01334160008,1
0.09542375058,0.06217934564,-0.05609641597,-0.01217591017,1
0.09542375058,0.06414938718,-0.0444707796,-0.01206434425,1
0.09542375058,0.066119425,-0.05305162445,-0.01913798787,1
0.09542375058,0.06808946282,-0.05234266818,-0.01962231658,1
0.09542375058,0.07005950063,-0.04809100926,-0.02027364075,1
0.09542375058,0.07202953845,-0.04548762366,-0.02051947452,1
0.09542375058,0.07399957627,-0.04835093021,-0.01912804134,1
0.09542375058,0.07596961409,-0.04869001731,-0.01470007654,1
0.09542375058,0.07793965936,-0.04700076208,-0.01821902208,1
0.09542375058,0.07990969718,-0.04803483933,-0.01712586172,1
0.09542375058,0.08187973499,-0.05443298817,-0.001138206921,1
0.09542375058,0.08384977281,-0.06362584978,-0.00125026633,1
0.09542375058,0.08581981063,-0.06637793034,-0.006375341211,1
0.09542375058,0.08778984845,-0.06273106486,-0.008054867387,1
0.09542375058,0.08975988626,-0.0652615428,-0.01078765653,1
0.09542375058,0.09172992408,-0.06585884839,-0.009651195258,1
0.09542375058,0.0936999619,-0.06656521559,-0.008271898143,1
0.09542375058,0.09567000717,-0.06587049365,-0.008946331218,1
0.09542375058,0.09764004499,-0.06314739585,-0.004273051396,2
0.09542375058,0.09961008281,-0.05717144161,-0.00282240659,1
0.09542375058,0.1015801206,-0.05317687616,0.0002675063151,1
0.09542375058,0.1035501584,-0.04789206758,0.004000945482,1
0.09542375058,0.1055201963,-0.05693523586,0.008773822337,1
0.09542375058,0.1074902341,-0.0567214638,0.01350009348,1
0.09542375058,0.1094602719,-0.03898009658,0.008621358313,1
0.09542375058,0.1114303172,-0.02654970996,0.005625906866,1
0.09542375058,0.113400355,-0.02608164027,0.01650426164,1
0.09542375058,0.1153703928,-0.0308353398,0.01929700188,1
0.09542375058,0.1173404306,-0.02433659695,0.0133277094,2
0.0973937884,0.04838907719,0.00245844177,1.878733019e-05,1
0.0973937884,0.050359115,-0.0009659423959,-0.005321717355,1
0.0973937884,0.05232915282,-0.02245642804,-0.01630530879,1
0.0973937884,0.05429919064,-0.03682107106,-0.02187300473,1
0.0973937884,0.05626922846,-0.04332346097,-0.01171525102,1
0.0973937884,0.05823927,-0.05876441672,-0.01637562923,1
0.0973937884,0.06020930782,-0.05790336058,-0.02186428383,1
0.0973937884,0.06217934564,-0.05540818721,-0.01990341023,1
0.0973937884,0.06414938718,-0.06347106397,-0.01293967478,1
0.0973937884,0.066119425,-0.06434921175,-0.01236322243,1
0.0973937884,0.06808946282,-0.0575507693,-0.01428026427,1
0.0973937884,0.07005950063,-0.05133704096,-0.01793612726,1
0.0973937884,0.07202953845,-0.04939878359,-0.01969464682,1
0.0973937884,0.07399957627,-0.05228393897,-0.01815022156,1
0.0973937884,0.07596961409,-0.05350147188,-0.01239274722,1
0.0973937884,0.07793965936,-0.05019294471,-0.007942033932,1
0.0973937884,0.07990969718,-0.05679725111,-0.003989072517,1
0.0973937884,0.08187973499,-0.05977860093,0.0006364857545,1
0.0973937884,0.08384977281,-0.06289982051,0.005661032628,1
0.0973937884,0.08581981063,-0.05968021601,0.008068330586,1
0.0973937884,0.08778984845,-0.06451676786,-0.001383104944,1
0.0973937884,0.08975988626,-0.06438806653,-0.007318502292,1
0.0973937884,0.09172992408,-0.06567077339,-0.005714231636,1
0.0973937884,0.0936999619,-0.07052626461,-0.002704021521,1
0.0973937884,0.09567000717,-0.06982260942,-0.0004691856448,1
0.0973937884,0.09764004499,-0.06965497881,-0.0009552470292,1
0.0973937884,0.09961008281,-0.05788999796,-0.004520450253,1
0.0973937884,0.1015801206,-0.05018395558,-0.005050638225,1
0.0973937884,0.1035501584,-0.0561353676,-0.003275367897,1
0.0973937884,0.1055201963,-0.06103303656,0.006869854406,1
0.0973937884,0.1074902341,-0.0502727218,0.006924159825,1
0.0973937884,0.1094602719,-0.03759308904,0.003589766333,1
0.0973937884,0.1114303172,-0.03277697787,0.000589308911,1
0.0973937884,0.113400355,-0.02982094325,0.009575743228,1
0.0973937884,0.1153703928,-0.02896263264,0.01236874424,1
0.0973937884,0.1173404306,-0.02544948645,0.008598115295,2
0.09936382622,0.04838907719,0.01370556001,0.004721027333,1
0.09936382622,0.050359115,-0.01824428141,-0.006671627518,1
0.09936382622,0.05232915282,-0.003523476887,0.002646580106,1
0.09936382622,0.05429919064,-0.02512568608,-0.008050080389,1
0.09936382622,0.05626922846,-0.04158812389,-0.01553643495,1
0.09936382622,0.05823927,-0.05264079571,-0.01872134581,1
0.09936382622,0.06020930782,-0.05903436616,-0.02732017078,1
0.09936382622,0.06217934564,-0.06029134989,-0.0248643402,1
0.09936382622,0.06414938718,-0.06868194789,-0.01376591716,1
0.09936382622,0.066119425,-0.06895831972,-0.01107840613,1
0.09936382622,0.06808946282,-0.06455009431,-0.009204599075,1
0.09936382622,0.07005950063,-0.05963436142,-0.01319167856,1
0.09936382622,0.07202953845,-0.05703882873,-0.01624577492,1
0.09936382622,0.07399957627,-0.06060341001,-0.01584746316,1
0.09936382622,0.07596961409,-0.0610463582,-0.01140083559,1
0.09936382622,0.07793965936,-0.05768707767,-0.005388339516,1
0.09936382622,0.07990969718,-0.05896724761,-0.002200716641,1
0.09936382622,0.08187973499,-0.06073966622,0.001055799192,1
0.09936382622,0.08384977281,-0.07151652873,0.0003826073371,1
0.09936382622,0.08581981063,-0.06616136432,0.009898865595,1
0.09936382622,0.08778984845,-0.06942411512,0.003810934955,2
0.09936382622,0.08975988626,-0.06753903627,0.0005553883384,1
0.09936382622,0.09172992408,-0.06887245923,0.001116556814,1
0.09936382622,0.0936999619,-0.08053682745,0.0003616591857,1
0.09936382622,0.09567000717,-0.07651284337,-0.0001752403768,1
0.09936382622,0.09764004499,-0.07370544225,-0.001402108464,1
0.09936382622,0.09961008281,-0.06648524851,-0.005205530208,1
0.09936382622,0.1015801206,-0.0508647114,-0.01230560429,1
0.09936382622,0.1035501584,-0.05291292816,-0.009561298415,1
0.09936382622,0.1055201963,-0.05485182628,0.001169283176,1
0.09936382622,0.1074902341,-0.03792887554,-0.001568930573,1
0.09936382622,0.1094602719,-0.0322233811,-0.004372459836,1
0.09936382622,0.1114303172,-0.03245300055,0.005023480393,1
0.09936382622,0.113400355,-0.03071885183,0.00447055418,1
0.09936382622,0.1153703928,-0.02722252533,-0.002773660701,1
0.09936382622,0.1173404306,-0.02304922976,9.789230535e-05,2
0.101333864,0.04838907719,0.003793277079,3.301501056e-05,2
0.101333864,0.050359115,0.01107490435,0.0001677235123,1
0.101333864,0.05232915282,-0.01064086519,-0.005855123047,1
0.101333864,0.05429919064,-0.02489927225,-0.01235254575,1
0.101333864,0.05626922846,-0.0391664356,-0.02122787945,1
0.101333864,0.05823927,-0.04654497653,-0.0222000666,1
0.101333864,0.06020930782,-0.05927648395,-0.02069224417,1
0.101333864,0.06217934564,-0.06755519658,-0.01432168763,1
0.101333864,0.06414938718,-0.07476934791,-0.008136038668,1
0.101333864,0.066119425,-0.07501427084,-0.005788359325,1
0.101333864,0.06808946282,-0.06608597934,-0.007424328942,1
0.101333864,0.07005950063,-0.06076749042,-0.01168422494,1
0.101333864,0.07202953845,-0.06403980404,-0.0137002673,1
0.101333864,0.07399957627,-0.06714190543,-0.01193520147,1
0.101333864,0.07596961409,-0.06414063275,-0.008322452195,1
0.101333864,0.07793965936,-0.05988467485,-0.00554696098,1
0.101333864,0.07990969718,-0.05827120319,-0.00447448343,1
0.101333864,0.08187973499,-0.05839928612,0.0001772828546,1
0.101333864,0.08384977281,-0.06984565407,0.0002875085047,1
0.101333864,0.08581981063,-0.07241234928,0.004131507594,2
0.101333864,0.08778984845,-0.07947927713,0.006172591355,1
0.101333864,0.08975988626,-0.07990107685,0.005899266805,1
0.101333864,0.09172992408,-0.08102858067,0.004729473963,1
0.101333864,0.0936999619,-0.08526182175,0.0001764548797,1
0.101333864,0.09567000717,-0.0826715976,-0.001625999925,1
0.101333864,0.09764004499,-0.07216200233,0.004504228942,1
0.101333864,0.09961008281,-0.05591285601,-0.0008902844856,1
0.101333864,0.1015801206,-0.04622638226,-0.01329151075,1
0.101333864,0.1035501584,-0.0430187434,-0.01467782818,1
0.101333864,0.1055201963,-0.0364302136,-0.00759933237,1
0.101333864,0.1074902341,-0.03363288566,-0.009395058267,1
0.101333864,0.1094602719,-0.02915169485,-0.01266725454,1
0.101333864,0.1114303172,-0.0261776913,-0.001298660878,1
0.101333864,0.113400355,-0.02751749195,0.002384339226,1
0.101333864,0.1153703928,-0.02774728462,-0.003225830849,1
0.101333864,0.1173404306,-0.01647567563,-0.005530777853,1
0.1033039019,0.04838907719,-0.01340063196,-0.004789705854,2
0.1033039019,0.050359115,-0.02560925484,-0.0115235066,1
0.1033039019,0.05232915282,-0.01513083465,-0.00603058422,1
0.1033039019,0.05429919064,-0.01716169342,-0.001602001255,1
0.1033039019,0.05626922846,-0.02912515029,-0.01665353402,1
0.1033039019,0.05823927,-0.0443713963,-0.020759454,1
0.1033039019,0.06020930782,-0.0587743409,-0.018049879,1
0.1033039019,0.06217934564,-0.07382635027,-0.01454778481,1
0.1033039019,0.06414938718,-0.08225281537,-0.007858040743,1
0.1033039019,0.066119425,-0.08101453632,-0.00478424225,1
0.1033039019,0.06808946282,-0.07335019112,-0.00911701005,1
0.1033039019,0.07005950063,-0.06922975928,-0.01470087003,1
0.1033039019,0.07202953845,-0.07065816969,-0.01517424081,1
0.1033039019,0.07399957627,-0.07081188262,-0.01262575574,1
0.1033039019,0.07596961409,-0.06565957516,-0.006826781202,1
0.1033039019,0.07793965936,-0.06064816564,-0.006345980801,1
0.1033039019,0.07990969718,-0.06066158041,-0.005513521843,1
0.1033039019,0.08187973499,-0.06346184015,-0.001127589843,1
0.1033039019,0.08384977281,-0.06733645499,0.0007636298542,1
0.1033039019,0.08581981063,-0.07416310906,0.000167064296,1
0.1033039019,0.08778984845,-0.07554896921,0.003630877938,1
0.1033039019,0.08975988626,-0.07827081531,0.01019859593,1
0.1033039019,0.09172992408,-0.07129553705,0.004898582585,1
0.1033039019,0.0936999619,-0.07448530197,0.002044549212,1
0.1033039019,0.09567000717,-0.07606305182,0.001982248621,2
0.1033039019,0.09764004499,-0.07264826447,0.004253123421,1
0.1033039019,0.09961008281,-0.05436055735,0.00552156195,1
0.1033039019,0.1015801206,-0.04472619295,-0.005035843235,1
0.1033039019,0.1035501584,-0.04114145786,-0.01209929958,1
0.1033039019,0.1055201963,-0.03695391864,-0.01522045024,1
0.1033039019,0.1074902341,-0.03211253881,-0.01355086546,1
0.1033039019,0.1094602719,-0.02760701999,-0.01199991629,1
0.1033039019,0.1114303172,-0.02320762351,-0.004746877123,1
0.1033039019,0.113400355,-0.02630313672,0.002302871086,1
0.1033039019,0.1153703928,-0.02649020404,-0.0007353480323,1
0.1033039019,0.1173404306,-0.01888743788,-0.01164842024,1
0.1052739397,0.04838907719,-0.01838592067,-0.002878626343,2
0.1052739397,0.050359115,-0.03786691278,-0.01036132686,1
0.1052739397,0.05232915282,-0.005219340324,-0.001109717181,1
0.1052739397,0.05429919064,-0.006276373751,0.003560998011,1
0.1052739397,0.05626922846,-0.02169381082,-0.008418698795,1
0.1052739397,0.05823927,-0.04494936764,-0.01341061667,1
0.1052739397,0.06020930782,-0.06502319872,-0.01621861197,1
0.1052739397,0.06217934564,-0.07586241513,-0.009765915573,1
0.1052739397,0.06414938718,-0.08274654299,-0.008204530925,1
0.1052739397,0.066119425,-0.08285479993,-0.01071802247,1
0.1052739397,0.06808946282,-0.0665718168,-0.01080082357,1
0.1052739397,0.07005950063,-0.06010944396,-0.01580941677,1
0.1052739397,0.07202953845,-0.06968074292,-0.01491277758,1
0.1052739397,0.07399957627,-0.07106052339,-0.01586542837,1
0.1052739397,0.07596961409,-0.06863006204,-0.01172249485,1
0.1052739397,0.07793965936,-0.06889392436,-0.006493633147,1
0.1052739397,0.07990969718,-0.06695505977,-0.003772099502,1
0.1052739397,0.08187973499,-0.06241648644,-0.001343634445,1
0.1052739397,0.08384977281,-0.06426593661,-0.0003890172229,1
0.1052739397,0.08581981063,-0.06955913454,5.13042869e-05,1
0.1052739397,0.08778984845,-0.06903793663,0.00340697309,1
0.1052739397,0.08975988626,-0.06707068533,0.006686904002,1
0.1052739397,0.09172992408,-0.06581696123,0.007415894419,1
0.1052739397,0.0936999619,-0.06896972656,0.008077676408,1
0.1052739397,0.09567000717,-0.07444702834,0.003257321659,1
0.1052739397,0.09764004499,-0.07082749903,0.003624980571,1
0.1052739397,0.09961008281,-0.06136545911,0.009258495644,1
0.1052739397,0.1015801206,-0.05092241988,0.003650566563,1
0.1052739397,0.1035501584,-0.04265410453,-0.01221676357,1
0.1052739397,0.1055201963,-0.03543316945,-0.01531137433,1
0.1052739397,0.1074902341,-0.02821089327,-0.01274997555,1
0.1052739397,0.1094602719,-0.02438638546,-0.007963797078,1
0.1052739397,0.1114303172,-0.0240931306,-0.002383197891,1
0.1052739397,0.113400355,-0.02254623733,-0.002457084367,1
0.1052739397,0.1153703928,-0.02058924921,0.006252245046,1
0.1052739397,0.1173404306,-0.01664703339,-0.006161523983,1
0.1072439849,0.04838907719,-0.003890213789,0.006515154149,3
0.1072439849,0.050359115,-0.0049454486,0.0007131836028,1
0.1072439849,0.05232915282,0.007969242521,0.004112487659,1
0.1072439849,0.05429919064,0.0003121856716,0.002306184499,1
0.1072439849,0.05626922846,-0.04423641786,-0.005986292381,1
0.1072439849,0.05823927,-0.05362971872,-0.01189435553,1
0.1072439849,0.06020930782,-0.06872130185,-0.01518208254,1
0.1072439849,0.06217934564,-0.07727244496,3.381094211e-05,1
0.1072439849,0.06414938718,-0.08073746413,-0.004413652234,1
0.1072439849,0.066119425,-0.08243314922,-0.01071561966,1
0.1072439849,0.06808946282,-0.06850332767,-0.007704874035,1
0.1072439849,0.07005950063,-0.06484098732,-0.01128297765,1
0.1072439849,0.07202953845,-0.0653861165,-0.01242429484,1
0.1072439849,0.07399957627,-0.0669593364,-0.01584281772,1
0.1072439849,0.07596961409,-0.0667521432,-0.01408651005,1
0.1072439849,0.07793965936,-0.06314634532,-0.008874405175,1
0.1072439849,0.07990969718,-0.06376188993,-0.004191610962,1
0.1072439849,0.08187973499,-0.06238432229,-0.0003877088602,1
0.1072439849,0.08384977281,-0.06732725352,0.002482753247,1
0.1072439849,0.08581981063,-0.06730488688,0.003067851067,1
0.1072439849,0.08778984845,-0.06482159346,0.002679048106,1
0.1072439849,0.08975988626,-0.06455411762,0.003730848664,1
0.1072439849,0.09172992408,-0.06496200711,0.009702191688,1
0.1072439849,0.0936999619,-0.06703050435,0.01455514599,1
0.1072439849,0.09567000717,-0.06867465377,0.01035002246,1
0.1072439849,0.09764004499,-0.06465633959,0.006821358111,1
0.1072439849,0.09961008281,-0.06156892329,0.01388708688,1
0.1072439849,0.1015801206,-0.05627924576,0.01220564172,1
0.1072439849,0.1035501584,-0.04076725617,-0.01017778739,1
0.1072439849,0.1055201963,-0.03248045594,-0.006886971649,1
0.1072439849,0.1074902341,-0.02224608511,-0.01044511981,1
0.1072439849,0.1094602719,-0.01906095259,-0.006955557968,1
0.1072439849,0.1114303172,-0.01445369981,-0.004519110546,1
0.1072439849,0.113400355,-0.01456768438,-0.005191639997,1
0.1072439849,0.1153703928,-0.02013007365,-0.0005432226462,1
0.1072439849,0.1173404306,-0.009023370221,-0.01869400963,1
0.1092140228,0.04838907719,-0.003530138172,0.004675721284,2
0.1092140228,0.050359115,-0.005930418149,0.0005488349707,1
0.1092140228,0.05232915282,0.0137103349,0.01042157505,1
0.1092140228,0.05429919064,0.009574746713,0.01245287713,1
0.1092140228,0.05626922846,-0.05819828063,0.01865928061,1
0.1092140228,0.05823927,-0.05936651304,0.003757638624,1
0.1092140228,0.06020930782,-0.067969203,0.002866484923,1
0.1092140228,0.06217934564,-0.07395768166,0.005688696634,1
0.1092140228,0.06414938718,-0.07431545109,-0.0004129733716,1
0.1092140228,0.066119425,-0.07700830698,-0.006258077919,1
0.1092140228,0.06808946282,-0.06849659979,-0.004052933306,1
0.1092140228,0.07005950063,-0.06434296817,-0.007109320723,1
0.1092140228,0.07202953845,-0.06621248275,-0.010630209,1
0.1092140228,0.07399957627,-0.06389342248,-0.01138786785,1
0.1092140228,0.07596961409,-0.06129556522,-0.01126483828,1
0.1092140228,0.07793965936,-0.05617853627,-0.008952304721,1
0.1092140228,0.07990969718,-0.05415797234,-0.00560364034,1
0.1092140228,0.08187973499,-0.058164116,-0.0007099120412,1
0.1092140228,0.08384977281,-0.05923539028,0.002154584974,1
0.1092140228,0.08581981063,-0.06018668041,0.004920032807,1
0.1092140228,0.08778984845,-0.05700831488,0.002234812593,1
0.1092140228,0.08975988626,-0.06841392815,0.00462806318,1
0.1092140228,0.09172992408,-0.06301202625,0.009954880923,2
0.1092140228,0.0936999619,-0.06486152112,0.01512698922,1
0.1092140228,0.09567000717,-0.07239189744,0.01228640042,1
0.1092140228,0.09764004499,-0.06890313327,0.01251297817,2
0.1092140228,0.09961008281,-0.06910262257,0.01958258078,1
0.1092140228,0.1015801206,-0.06660380214,0.01966067776,1
0.1092140228,0.1035501584,-0.05124009401,0.01225815807,1
0.1092140228,0.1055201963,-0.03199188784,-0.002004397335,1
0.1092140228,0.1074902341,-0.01888267882,-0.008713771589,1
0.1092140228,0.1094602719,-0.01612135023,-0.003174027428,1
0.1092140228,0.1114303172,-0.01504534855,-0.002144071506,1
0.1092140228,0.113400355,-0.01646663994,-0.001688500517,1
0.1092140228,0.1153703928,-0.01612606086,-0.01066198107,1
0.1092140228,0.1173404306,-0.007898198441,-0.01352800801,2
0.1111840606,0.04838907719,-0.000769782695,0.006963175721,2
0.1111840606,0.050359115,-0.002855014289,0.00836112909,2
0.1111840606,0.05232915282,0.008461291902,0.01284168102,1
0.1111840606,0.05429919064,0.001401352347,0.01954817399,1
0.1111840606,0.05626922846,-0.03411517665,0.01981404983,1
0.1111840606,0.05823927,-0.05337898061,0.01423745696,2
0.1111840606,0.06020930782,-0.06696546078,0.01433267817,1
0.1111840606,0.06217934564,-0.06824697554,0.008181695826,1
0.1111840606,0.06414938718,-0.06657057256,0.002364546061,1
0.1111840606,0.066119425,-0.07258477062,-0.004396509845,1
0.1111840606,0.06808946282,-0.07011644542,-0.002615871141,1
0.1111840606,0.07005950063,-0.06873393059,-0.004410115071,1
0.1111840606,0.07202953845,-0.06954093277,-0.006219922099,1
0.1111840606,0.07399957627,-0.06465329975,-0.007156870328,1
0.1111840606,0.07596961409,-0.05922492221,-0.009177776054,1
0.1111840606,0.07793965936,-0.05530755967,-0.007820703089,1
0.1111840606,0.07990969718,-0.05637832731,-0.004786335398,2
0.1111840606,0.08187973499,-0.06081978604,-0.002235975116,1
0.1111840606,0.08384977281,-0.05675060302,0.0006867957418,1
0.1111840606,0.08581981063,-0.05363920331,0.003904822282,2
0.1111840606,0.08778984845,-0.05301744863,0.005957415327,2
0.1111840606,0.08975988626,-0.05559258163,0.009387056343,1
0.1111840606,0.09172992408,-0.05381066352,0.01036227867,2
0.1111840606,0.0936999619,-0.05188100412,0.007513597142,1
0.1111840606,0.09567000717,-0.06351063401,0.01589922793,1
0.1111840606,0.09764004499,-0.0694616735,0.01136157569,1
0.1111840606,0.09961008281,-0.06935361773,0.01693219878,1
0.1111840606,0.1015801206,-0.06710213423,0.01720482111,1
0.1111840606,0.1035501584,-0.04752558097,0.002722366713,1
0.1111840606,0.1055201963,-0.0298150219,-0.005027771927,2
0.1111840606,0.1074902341,-0.01430786122,-0.007278920151,1
0.1111840606,0.1094602719,-0.01458716206,-0.006072299089,1
0.1111840606,0.1114303172,-0.01815034635,0.001382663846,1
0.1111840606,0.113400355,-0.01557895076,0.00273140776,1
0.1111840606,0.1153703928,-0.003439714201,-0.008510049433,1
0.1111840606,0.1173404306,0.001454836223,-0.01122803148,1
0.1131540984,0.04838907719,0.00407580426,0.007852676325,3
0.1131540984,0.050359115,-0.01318114717,0.01309082564,1
0.1131540984,0.05232915282,0.009403913282,0.01446208544,1
0.1131540984,0.05429919064,-0.01869687811,0.01963703707,1
0.1131540984,0.05626922846,-0.04263931513,0.015925318,1
0.1131540984,0.05823927,-0.05306876078,0.01904546097,1
0.1131540984,0.06020930782,-0.06296171248,0.01592998952,1
0.1131540984,0.06217934564,-0.06559599936,0.01033125073,1
0.1131540984,0.06414938718,-0.06707527488,0.004916640464,1
0.1131540984,0.066119425,-0.07141306996,0.001199284219,1
0.1131540984,0.06808946282,-0.07108822465,-0.00201713643,1
0.1131540984,0.07005950063,-0.07011042535,-0.001781749073,1
0.1131540984,0.07202953845,-0.0738383159,-0.006965973414,1
0.1131540984,0.07399957627,-0.06563187391,-0.009200869128,1
0.1131540984,0.07596961409,-0.05558766052,-0.007905803621,1
0.1131540984,0.07793965936,-0.05357933789,-0.006314646918,1
0.1131540984,0.07990969718,-0.05522798002,-0.003485022346,2
0.1131540984,0.08187973499,-0.05609790236,-0.00156647095,2
0.1131540984,0.08384977281,-0.05373604223,-0.001995056169,1
0.1131540984,0.08581981063,-0.0446020849,0.004055044148,1
0.1131540984,0.08778984845,-0.04582969472,0.008302969858,1
0.1131540984,0.08975988626,-0.0447303392,0.00769526232,1
0.1131540984,0.09172992408,-0.0447570309,0.01459358074,1
0.1131540984,0.0936999619,-0.04685518518,0.02282192558,1
0.1131540984,0.09567000717,-0.05217746273,0.02093450353,1
0.1131540984,0.09764004499,-0.05857299268,0.01045406051,1
0.1131540984,0.09961008281,-0.05566247925,-0.004287254531,1
0.1131540984,0.1015801206,-0.04880966619,-0.01247877628,1
0.1131540984,0.1035501584,-0.03667021543,-0.02090481482,1
0.1131540984,0.1055201963,-0.02543475293,-0.0135501381,2
0.1131540984,0.1074902341,-0.01490756497,-0.0120119527,1
0.1131540984,0.1094602719,-0.01316311583,-0.008006572723,1
0.1131540984,0.1114303172,-0.01751668192,-0.004984683357,1
0.1131540984,0.113400355,-0.01499245688,-0.003819639096,1
0.1131540984,0.1153703928,-0.006309260614,-0.001987389987,1
0.1131540984,0.1173404306,-0.00220151036,-0.008120670915,2
0.1151241362,0.04838907719,-0.01212021336,0.009207197465,1
0.1151241362,0.050359115,-0.000227514116,0.008864512667,1
0.1151241362,0.05232915282,-0.0006743006525,0.01564969681,1
0.1151241362,0.05429919064,-0.003128462238,0.02112761512,1
0.1151241362,0.05626922846,-0.02576017752,0.0293632932,1
0.1151241362,0.05823927,-0.04794923961,0.02259316109,1
0.1151241362,0.06020930782,-0.05336131528,0.01763144881,1
0.1151241362,0.06217934564,-0.05652050674,0.01181901246,1
0.1151241362,0.06414938718,-0.06171645224,0.00708100386,1
0.1151241362,0.066119425,-0.06904153526,0.005040312186,1
0.1151241362,0.06808946282,-0.07290926576,0.001263251179,1
0.1151241362,0.07005950063,-0.07007078826,4.084275861e-05,1
0.1151241362,0.07202953845,-0.07007036358,-0.003374957247,1
0.1151241362,0.07399957627,-0.06011176854,-0.005422468763,1
0.1151241362,0.07596961409,-0.05080050603,-0.005021016579,1
0.1151241362,0.07793965936,-0.04770376161,-0.003542795777,1
0.1151241362,0.07990969718,-0.05485635996,-0.001272635767,1
0.1151241362,0.08187973499,-0.05460778996,0.001450169715,1
0.1151241362,0.08384977281,-0.04606546462,0.002641601954,1
0.1151241362,0.08581981063,-0.04811659828,0.001542083803,1
0.1151241362,0.08778984845,-0.0452921167,0.004557493608,1
0.1151241362,0.08975988626,-0.0402360931,0.009130576625,1
0.1151241362,0.09172992408,-0.04197379574,0.01478560083,1
0.1151241362,0.0936999619,-0.04319424927,0.01945549436,1
0.1151241362,0.09567000717,-0.04428683966,0.01581935398,1
0.1151241362,0.09764004499,-0.0483344011,0.007028562017,1
0.1151241362,0.09961008281,-0.0451896973,-0.009921167046,1
0.1151241362,0.1015801206,-0.0350590609,-0.01535164658,1
0.1151241362,0.1035501584,-0.02287337184,-0.020575203,1
0.1151241362,0.1055201963,-0.02034620754,-0.01625601575,2
0.1151241362,0.1074902341,-0.01699778251,-0.01752254367,1
0.1151241362,0.1094602719,-0.01254162658,-0.01247844379,1
0.1151241362,0.1114303172,-0.0139422724,-0.01077617053,1
0.1151241362,0.113400355,-0.01173502579,-0.0098017985,1
0.1151241362,0.1153703928,-0.008392222226,-0.002179759322,1
0.1151241362,0.1173404306,-0.001750106923,-0.01114659198,1
0.117094174,0.04838907719,0.03231937811,0.005715006031,1
0.117094174,0.050359115,0.006251266692,0.005484792404,1
0.117094174,0.05232915282,-0.007779819891,0.01679140143,1
0.117094174,0.05429919064,-0.01350800227,0.02355614491,1
0.117094174,0.05626922846,-0.02896518819,0.02440356277,1
0.117094174,0.05823927,-0.03774443641,0.02027069964,1
0.117094174,0.06020930782,-0.04169984534,0.01609238796,1
0.117094174,0.06217934564,-0.04899850488,0.01032072399,2
0.117094174,0.06414938718,-0.05430409312,0.003251066897,1
0.117094174,0.066119425,-0.06233695894,0.0106358761,1
0.117094174,0.06808946282,-0.06725978851,0.01144843455,1
0.117094174,0.07005950063,-0.0675284192,-0.0002553528466,1
0.117094174,0.07202953845,-0.06363282353,-0.003133314429,1
0.117094174,0.07399957627,-0.05704150349,-0.003152873833,1
0.117094174,0.07596961409,-0.05173456669,-0.0003160228371,1
0.117094174,0.07793965936,-0.05125634745,0.002341810148,1
0.117094174,0.07990969718,-0.04871098325,0.001135430881,1
0.117094174,0.08187973499,-0.04587339982,0.003874875838,1
0.117094174,0.08384977281,-0.04579832777,0.006281441078,1
0.117094174,0.08581981063,-0.04551688209,0.005676720291,1
0.117094174,0.08778984845,-0.0421618633,0.006026491523,1
0.117094174,0.08975988626,-0.03776177019,0.01101757865,1
0.117094174,0.09172992408,-0.03588140756,0.01542757917,1
0.117094174,0.0936999619,-0.03656930476,0.01646985486,1
0.117094174,0.09567000717,-0.03979378566,0.01426283829,1
0.117094174,0.09764004499,-0.04247343913,0.007310027722,1
0.117094174,0.09961008281,-0.0454749018,0.001448888564,1
0.117094174,0.1015801206,-0.03261756524,-0.007277788129,1
0.117094174,0.1035501584,-0.02379779704,-0.01215137914,1
0.117094174,0.1055201963,-0.01607892476,-0.01337617263,1
0.117094174,0.1074902341,-0.01550640631,-0.01446143351,1
0.117094174,0.1094602719,-0.0114919655,-0.01030674111,1
0.117094174,0.1114303172,-0.01054630335,-0.00528373057,1
0.117094174,0.113400355,-0.008269022219,-0.005787512287,1
0.117094174,0.1153703928,-0.004885580391,-0.003250860376,1
0.117094174,0.1173404306,-0.003680758644,-0.009832005948,1
0.1190642118,0.04838907719,0.01534954458,0.009294958785,2
0.1190642118,0.050359115,-0.0001948925637,0.01282293256,1
0.1190642118,0.05232915282,-0.005951926112,0.01806130074,1
0.1190642118,0.05429919064,-0.01726278849,0.01945395581,1
0.1190642118,0.05626922846,-0.02616022713,0.01298740692,1
0.1190642118,0.05823927,-0.02817032672,0.01465724036,1
0.1190642118,0.06020930782,-0.03181956336,0.01449776441,1
0.1190642118,0.06217934564,-0.0434695743,0.01012043003,2
0.1190642118,0.06414938718,-0.05027003959,0.00536030205,1
0.1190642118,0.066119425,-0.05751807615,0.01066171657,1
0.1190642118,0.06808946282,-0.06313611567,0.01015496813,1
0.1190642118,0.07005950063,-0.0620438382,0.0006453882088,1
0.1190642118,0.07202953845,-0.05777657405,-0.005707267672,1
0.1190642118,0.07399957627,-0.05254175141,-0.004098442383,1
0.1190642118,0.07596961409,-0.0499147065,0.002323319437,1
0.1190642118,0.07793965936,-0.04976879433,0.003663857933,1
0.1190642118,0.07990969718,-0.05036954582,0.007456075866,1
0.1190642118,0.08187973499,-0.0475467518,0.009085830301,1
0.1190642118,0.08384977281,-0.04409888014,0.009787427261,1
0.1190642118,0.08581981063,-0.0413627401,0.01468474325,1
0.1190642118,0.08778984845,-0.03971739113,0.01729991846,1
0.1190642118,0.08975988626,-0.04005127773,0.01535655838,1
0.1190642118,0.09172992408,-0.0325206928,0.01438056678,1
0.1190642118,0.0936999619,-0.03398108482,0.01444508601,1
0.1190642118,0.09567000717,-0.03606048599,0.01380748674,1
0.1190642118,0.09764004499,-0.03543071449,0.009415231645,1
0.1190642118,0.09961008281,-0.03792635351,0.0008142940933,1
0.1190642118,0.1015801206,-0.03611357138,-0.003349700244,1
0.1190642118,0.1035501584,-0.03305116668,-0.004147531465,1
0.1190642118,0.1055201963,-0.02518894151,-0.005309415516,1
0.1190642118,0.1074902341,-0.0166999083,-0.00554413395,1
0.1190642118,0.1094602719,-0.01310667489,-0.001197956502,1
0.1190642118,0.1114303172,-0.009263102897,-0.002260397654,1
0.1190642118,0.113400355,-0.00668596616,-0.002356253332,1
0.1190642118,0.1153703928,-0.003270918969,-0.002434453228,1
0.1190642118,0.1173404306,-0.004577184562,-0.003094517859,1
0.1210342497,0.04838907719,0.01392414514,0.009346936829,1
0.1210342497,0.050359115,-0.009551621042,0.008876919746,1
0.1210342497,0.05232915282,-0.01457957365,0.01270515379,1
0.1210342497,0.05429919064,-0.01481048763,0.01233110577,1
0.1210342497,0.05626922846,-0.02062933519,0.009436913766,1
0.1210342497,0.05823927,-0.02274531685,0.01219208632,1
0.1210342497,0.06020930782,-0.02906403877,0.01456048805,1
0.1210342497,0.06217934564,-0.04279018939,0.01030292828,2
0.1210342497,0.06414938718,-0.05331823975,0.007796789519,1
0.1210342497,0.066119425,-0.05837288871,0.007911861874,1
0.1210342497,0.06808946282,-0.06732368469,-0.00332996808,1
0.1210342497,0.07005950063,-0.06354659051,0.005282221828,1
0.1210342497,0.07202953845,-0.06051938608,0.005196854472,1
0.1210342497,0.07399957627,-0.05669217184,0.001297940151,1
0.1210342497,0.07596961409,-0.0534937568,-0.002547772136,1
0.1210342497,0.07793965936,-0.05597101524,0.0009237003978,1
0.1210342497,0.07990969718,-0.04790375009,0.008897154592,1
0.1210342497,0.08187973499,-0.04329402745,0.01231746469,1
0.1210342497,0.08384977281,-0.03638732433,0.01213230286,1
0.1210342497,0.08581981063,-0.03518368676,0.01389352512,1
0.1210342497,0.08778984845,-0.03441834822,0.01464943308,1
0.1210342497,0.08975988626,-0.03011082299,0.01355994772,1
0.1210342497,0.09172992408,-0.02904089354,0.01567064226,1
0.1210342497,0.0936999619,-0.02993748151,0.01404519472,1
0.1210342497,0.09567000717,-0.03102872893,0.0116973659,1
0.1210342497,0.09764004499,-0.0330442749,0.008704382926,1
0.1210342497,0.09961008281,-0.03614946827,0.004868265241,1
0.1210342497,0.1015801206,-0.03206878155,0.0001892192522,1
0.1210342497,0.1035501584,-0.03484793007,-0.003089912701,1
0.1210342497,0.1055201963,-0.02375612967,-0.004363254178,1
0.1210342497,0.1074902341,-0.01889905147,-0.006651976146,1
0.1210342497,0.1094602719,-0.01711829379,-0.007288826164,1
0.1210342497,0.1114303172,-0.01368114538,-0.002502514282,1
0.1210342497,0.113400355,-0.003907301463,-0.0005263098865,1
0.1210342497,0.1153703928,-0.001803854946,-0.004482706077,1
0.1210342497,0.1173404306,-0.002648260677,-0.002579460619,1
0.1230042875,0.04838907719,0.005527406465,0.01089697424,1
0.1230042875,0.050359115,-0.01355954353,0.007419811562,1
0.1230042875,0.05232915282,-0.01525220461,0.009136225097,1
0.1230042875,0.05429919064,-0.01494238991,0.007392543368,1
0.1230042875,0.05626922846,-0.01800267212,0.008681831881,1
0.1230042875,0.05823927,-0.01765380614,0.01279848255,1
0.1230042875,0.06020930782,-0.02221695334,0.01271106489,1
0.1230042875,0.06217934564,-0.04530891031,0.008734003641,1
0.1230042875,0.06414938718,-0.05637896806,0.01059909351,1
0.1230042875,0.066119425,-0.05557381362,0.01543010306,1
0.1230042875,0.06808946282,-0.05357060581,0.01638878882,1
0.1230042875,0.07005950063,-0.05948191509,0.005432242062,3
0.1230042875,0.07202953845,-0.05810208619,0.007949410006,3
0.1230042875,0.07399957627,-0.05319540575,0.006332290359,1
0.1230042875,0.07596961409,-0.05066574365,0.004755524918,1
0.1230042875,0.07793965936,-0.05043571815,0.005074780434,1
0.1230042875,0.07990969718,-0.0418173112,0.006060026586,1
0.1230042875,0.08187973499,-0.03720759228,0.009367263876,1
0.1230042875,0.08384977281,-0.03758902475,0.0089470651,1
0.1230042875,0.08581981063,-0.03612810001,0.008593932725,1
0.1230042875,0.08778984845,-0.03165367246,0.01243061759,1
0.1230042875,0.08975988626,-0.02733895741,0.01208383124,1
0.1230042875,0.09172992408,-0.02600440383,0.01334793866,1
0.1230042875,0.0936999619,-0.02785071544,0.01406649593,1
0.1230042875,0.09567000717,-0.02942340821,0.01051726192,1
0.1230042875,0.09764004499,-0.03202430159,0.00719658751,1
0.1230042875,0.09961008281,-0.03771950305,0.006588255987,1
0.1230042875,0.1015801206,-0.02979039028,0.002685084706,1
0.1230042875,0.1035501584,-0.02883759327,0.004013570491,1
0.1230042875,0.1055201963,-0.01969967596,0.002932804637,1
0.1230042875,0.1074902341,-0.0139113944,-0.00608117599,1
0.1230042875,0.1094602719,-0.01545299683,-0.006666584872,1
0.1230042875,0.1114303172,-0.01426642109,-0.001711284043,1
0.1230042875,0.113400355,-0.005726823583,-0.0006953679258,1
0.1230042875,0.1153703928,-0.006203537341,-0.0007625205908,1
0.1230042875,0.1173404306,0.0006995704607,-0.002894382225,1
0.1249743327,0.04838907719,-0.001630761661,0.007378687616,2
0.1249743327,0.050359115,-0.005136992317,0.005902891513,1
0.1249743327,0.05232915282,-0.009235286154,0.005080139264,1
0.1249743327,0.05429919064,-0.01154179405,0.003602122655,1
0.1249743327,0.05626922846,-0.01460387558,0.00470414944,1
0.1249743327,0.05823927,-0.0165777076,0.008403704502,1
0.1249743327,0.06020930782,-0.0245642066,0.007320302073,1
0.1249743327,0.06217934564,-0.04081217572,0.007271741517,1
0.1249743327,0.06414938718,-0.05307691544,0.009448820725,1
0.1249743327,0.066119425,-0.04883958027,0.01819884405,1
0.1249743327,0.06808946282,-0.05145376176,0.01915824413,1
0.1249743327,0.07005950063,-0.05468250811,0.009445991367,1
0.1249743327,0.07202953845,-0.05338380113,0.01115754433,1
0.1249743327,0.07399957627,-0.04630996659,0.01068259496,1
0.1249743327,0.07596961409,-0.04654310644,0.006827143487,1
0.1249743327,0.07793965936,-0.04603533819,0.006232229993,1
0.1249743327,0.07990969718,-0.03764439002,0.006377391052,1
0.1249743327,0.08187973499,-0.03156104684,0.004707785789,1
0.1249743327,0.08384977281,-0.0424407348,0.005152083468,1
0.1249743327,0.08581981063,-0.03958887607,0.007131973282,1
0.1249743327,0.08778984845,-0.0339262113,0.01121788565,1
0.1249743327,0.08975988626,-0.02985111251,0.01188662834,1
0.1249743327,0.09172992408,-0.0270878356,0.01141677517,1
0.1249743327,0.0936999619,-0.02855754085,0.01166099217,1
0.1249743327,0.09567000717,-0.03076664358,0.01066135243,1
0.1249743327,0.09764004499,-0.03440624848,0.004064782988,1
0.1249743327,0.09961008281,-0.03330229595,0.001925676712,1
0.1249743327,0.1015801206,-0.03265108913,0.006172589492,1
0.1249743327,0.1035501584,-0.02771594003,0.01085674204,1
0.1249743327,0.1055201963,-0.01469217334,0.004448017105,1
0.1249743327,0.1074902341,-0.005027176812,-0.00420456659,1
0.1249743327,0.1094602719,-0.0113865193,-0.003037838265,2
0.1249743327,0.1114303172,-0.0134409871,0.001701059635,1
0.1249743327,0.113400355,-0.00301770051,-0.0008875206113,1
0.1249743327,0.1153703928,-0.003390756901,-0.00128008239,1
0.1249743327,0.1173404306,0.004174023867,-0.003299624892,1
0.1269443631,0.04838907719,-0.00528269913,0.005336196627,1
0.1269443631,0.050359115,-0.006804437377,0.004218452144,1
0.1269443631,0.05232915282,-0.007894870825,0.003578796983,1
0.1269443631,0.05429919064,-0.01048626285,0.002681968966,1
0.1269443631,0.05626922846,-0.01146906056,0.003013731446,1
0.1269443631,0.05823927,-0.01376888342,0.008211912587,1
0.1269443631,0.06020930782,-0.02180714346,0.00643388927,1
0.1269443631,0.06217934564,-0.03199749067,0.005421712995,1
0.1269443631,0.06414938718,-0.04583795741,0.005186377093,1
0.1269443631,0.066119425,-0.06214715168,0.0057436754,1
0.1269443631,0.06808946282,-0.05647026002,0.00519883167,1
0.1269443631,0.07005950063,-0.04866511747,0.002221798291,1
0.1269443631,0.07202953845,-0.04386647046,0.004086520988,1
0.1269443631,0.07399957627,-0.04795754701,0.01219311729,1
0.1269443631,0.07596961409,-0.04305455834,0.009733106941,1
0.1269443631,0.07793965936,-0.03874174505,0.006829096936,1
0.1269443631,0.07990969718,-0.03902294114,0.005551600829,1
0.1269443631,0.08187973499,-0.04995283112,0.00377664878,1
0.1269443631,0.08384977281,-0.04224764183,0.007156034932,2
0.1269443631,0.08581981063,-0.03668569401,0.01045473199,1
0.1269443631,0.08778984845,-0.03465715051,0.007018594537,1
0.1269443631,0.08975988626,-0.03346666694,0.009906594642,1
0.1269443631,0.09172992408,-0.02923039719,0.01015436929,1
0.1269443631,0.0936999619,-0.02764912136,0.006727896165,1
0.1269443631,0.09567000717,-0.03115777113,0.006924411282,1
0.1269443631,0.09764004499,-0.03660620004,0.006555058993,1
0.1269443631,0.09961008281,-0.0375398919,0.00804615207,2
0.1269443631,0.1015801206,-0.04138043895,0.01142775081,1
0.1269443631,0.1035501584,-0.02452607267,0.006684526801,1
0.1269443631,0.1055201963,-0.009201792069,-0.003866798012,1
0.1269443631,0.1074902341,-0.0039790757,-0.006124519743,1
0.1269443631,0.1094602719,-0.01162491459,-0.002981260885,1
0.1269443631,0.1114303172,-0.01066805422,-0.001911909436,1
0.1269443631,0.113400355,-0.004919969011,-0.001761741471,1
0.1269443631,0.1153703928,-0.005542162806,-0.0006170156412,1
0.1269443631,0.1173404306,0.0009543293854,-0.004574375693,1
0.1289144009,0.04838907719,-0.008644062094,0.003388620215,1
0.1289144009,0.050359115,-0.006127250381,0.003359502647,1
0.1289144009,0.05232915282,-0.007225228474,0.003049215768,1
0.1289144009,0.05429919064,-0.00936435163,0.002778654452,1
0.1289144009,0.05626922846,-0.01057789009,0.003335758112,1
0.1289144009,0.05823927,-0.01156788599,0.007180521265,1
0.1289144009,0.06020930782,-0.01608510502,0.008886860684,1
0.1289144009,0.06217934564,-0.02568661049,0.00682869507,1
0.1289144009,0.06414938718,-0.0434704721,-0.001560018631,1
0.1289144009,0.066119425,-0.05752689391,-0.002193122637,2
0.1289144009,0.06808946282,-0.06074701622,-0.004676953889,1
0.1289144009,0.07005950063,-0.05162917078,-0.004347480368,1
0.1289144009,0.07202953845,-0.04244467616,-0.002036160557,1
0.1289144009,0.07399957627,-0.04609494656,0.002760460367,1
0.1289144009,0.07596961409,-0.03925624117,0.002196096582,1
0.1289144009,0.07793965936,-0.03398047015,-0.001237367513,1
0.1289144009,0.07990969718,-0.03588164598,-0.004172834102,1
0.1289144009,0.08187973499,-0.03641087934,-0.001677546417,1
0.1289144009,0.08384977281,-0.0399113223,0.009240675718,1
0.1289144009,0.08581981063,-0.03577364609,0.006768750492,1
0.1289144009,0.08778984845,-0.03461994603,0.001632226165,1
0.1289144009,0.08975988626,-0.0366621241,-0.0006339735119,1
0.1289144009,0.09172992408,-0.03473953158,0.001038595103,1
0.1289144009,0.0936999619,-0.03354383633,0.0001898951887,1
0.1289144009,0.09567000717,-0.03072000481,0.00178641954,1
0.1289144009,0.09764004499,-0.03322830796,0.007862004451,1
0.1289144009,0.09961008281,-0.0388706252,0.01227612235,1
0.1289144009,0.1015801206,-0.03916643187,0.008895093575,1
0.1289144009,0.1035501584,-0.02523060888,0.0007453291328,1
0.1289144009,0.1055201963,-0.009369308129,-0.008915509097,1
0.1289144009,0.1074902341,-0.004164074548,-0.005320384167,1
0.1289144009,0.1094602719,-0.002730831737,-0.00459623104,1
0.1289144009,0.1114303172,-0.003154598409,-0.004451124929,1
0.1289144009,0.113400355,-0.003495344892,-0.00174714427,1
0.1289144009,0.1153703928,-0.003345983336,-0.0009193851729,1
0.1289144009,0.1173404306,0.001073793159,-0.004288925789,1
0.1308844388,0.04838907719,0.002360156272,0.002665061969,1
0.1308844388,0.050359115,-0.01108532771,-0.001020439551,1
0.1308844388,0.05232915282,-0.003881075652,0.003273005132,1
0.1308844388,0.05429919064,-0.003484036075,0.004052152392,1
0.1308844388,0.05626922846,-0.01326721162,0.003912320361,1
0.1308844388,0.05823927,-0.009064427577,0.003835418727,1
0.1308844388,0.06020930782,-0.01459302101,0.008982339874,1
0.1308844388,0.06217934564,-0.03286420554,0.01196390297,1
0.1308844388,0.06414938718,-0.0583784245,0.001491970965,1
0.1308844388,0.066119425,-0.06374293566,-0.008279194124,1
0.1308844388,0.06808946282,-0.05628139153,-0.008570499718,1
0.1308844388,0.07005950063,-0.05220413208,-0.007038457785,1
0.1308844388,0.07202953845,-0.04217116907,-0.007556160912,1
0.1308844388,0.07399957627,-0.04110705853,-0.008991904557,1
0.1308844388,0.07596961409,-0.03729716688,-0.003158428008,1
0.1308844388,0.07793965936,-0.03247232735,-0.005939769559,1
0.1308844388,0.07990969718,-0.03182563186,-0.00889609661,1
0.1308844388,0.08187973499,-0.03130656481,-0.00778173143,1
0.1308844388,0.08384977281,-0.03647747636,-0.001761373482,1
0.1308844388,0.08581981063,-0.03598050028,0.00187990081,1
0.1308844388,0.08778984845,-0.03992515057,-0.002507737372,1
0.1308844388,0.08975988626,-0.03804672882,-0.004236858804,1
0.1308844388,0.09172992408,-0.03441464156,-0.005099492613,1
0.1308844388,0.0936999619,-0.03437513113,-0.004261666909,1
0.1308844388,0.09567000717,-0.03144555539,0.004644921515,1
0.1308844388,0.09764004499,-0.03241676092,0.009539199993,1
0.1308844388,0.09961008281,-0.03499387577,0.005021304823,1
0.1308844388,0.1015801206,-0.03248315305,0.003206880298,1
0.1308844388,0.1035501584,-0.02730651386,0.002568803728,1
0.1308844388,0.1055201963,-0.01916492544,-0.007531047333,1
0.1308844388,0.1074902341,-0.005725440569,-0.006400947459,1
0.1308844388,0.1094602719,-0.002286278177,-0.004942325875,1
0.1308844388,0.1114303172,-0.001603325014,-0.006781923119,1
0.1308844388,0.113400355,-0.002949080663,-0.003778570564,1
0.1308844388,0.1153703928,-0.002683920087,-0.001589462277,1
0.1308844388,0.1173404306,-0.002496959642,-0.0009167846292,1
0.1328544915,0.04838907719,0.006596762687,0.003594032489,1
0.1328544915,0.050359115,-0.006684924476,-0.0002835872292,1
0.1328544915,0.05232915282,-0.00557927927,0.00259619765,1
0.1328544915,0.05429919064,-0.005499832332,0.00549485581,1
0.1328544915,0.05626922846,-0.004173213616,0.008423880674,1
0.1328544915,0.05823927,-0.007274276577,0.004860105924,2
0.1328544915,0.06020930782,-0.01321558189,0.005264491308,1
0.1328544915,0.06217934564,-0.03460597992,0.01244034339,1
0.1328544915,0.06414938718,-0.04926898703,0.002270721132,2
0.1328544915,0.066119425,-0.05654390529,-0.003063115524,2
0.1328544915,0.06808946282,-0.05099426582,-0.008989789523,1
0.1328544915,0.07005950063,-0.0500709787,-0.009926969185,1
0.1328544915,0.07202953845,-0.04242528602,-0.01801477745,1
0.1328544915,0.07399957627,-0.04121864587,-0.0104325898,1
0.1328544915,0.07596961409,-0.03977086022,-0.004914986435,1
0.1328544915,0.07793965936,-0.03442549706,-0.005969827063,1
0.1328544915,0.07990969718,-0.03162381798,-0.00691474136,1
0.1328544915,0.08187973499,-0.03542802855,-0.007252187934,1
0.1328544915,0.08384977281,-0.04047977179,-0.01258190908,1
0.1328544915,0.08581981063,-0.04445679858,-0.01309273113,1
0.1328544915,0.08778984845,-0.04416985065,-0.004320301116,1
0.1328544915,0.08975988626,-0.04020258412,-0.005716260057,1
0.1328544915,0.09172992408,-0.03469758108,-0.006298484281,1
0.1328544915,0.0936999619,-0.03535364941,-0.0119683221,1
0.1328544915,0.09567000717,-0.03664847836,-0.0007534723845,1
0.1328544915,0.09764004499,-0.03402352706,0.002647410613,2
0.1328544915,0.09961008281,-0.02791851945,-0.008380596526,1
0.1328544915,0.1015801206,-0.02927588671,-0.003712191014,1
0.1328544915,0.1035501584,-0.0247197412,0.0004859830078,1
0.1328544915,0.1055201963,-0.01392082125,-0.001708613941,1
0.1328544915,0.1074902341,-0.003943652846,-0.001889970037,1
0.1328544915,0.1094602719,-0.001812573522,-0.004302382469,1
0.1328544915,0.1114303172,-0.001723750727,-0.003714280436,1
0.1328544915,0.113400355,-0.001393117476,-0.002396859694,1
0.1328544915,0.1153703928,-0.00113548059,-0.001213557553,1
0.1328544915,0.1173404306,-0.001935833017,-0.0003174657759,1
0.1348245293,0.04838907719,0.002672688803,0.004905388225,1
0.1348245293,0.050359115,-0.003413308412,0.00240512914,1
0.1348245293,0.05232915282,-0.005873531569,0.0005497377133,1
0.1348245293,0.05429919064,0.0006886157207,0.002915115096,1
0.1348245293,0.05626922846,1.757855352e-05,0.0002301388449,1
0.1348245293,0.05823927,-0.00264388253,0.001916632056,1
0.1348245293,0.06020930782,-0.01165771298,-0.001679318026,1
0.1348245293,0.06217934564,-0.02947419323,-0.004870275036,1
0.1348245293,0.06414938718,-0.04754764214,-0.001786314533,2
0.1348245293,0.066119425,-0.06216942146,0.00274579972,1
0.1348245293,0.06808946282,-0.04938837886,-0.01548349205,1
0.1348245293,0.07005950063,-0.04187179357,-0.01173508074,1
0.1348245293,0.07202953845,-0.04152485728,-0.009064423852,1
0.1348245293,0.07399957627,-0.04205544665,-0.009809327312,1
0.1348245293,0.07596961409,-0.03764878958,-0.005362071097,1
0.1348245293,0.07793965936,-0.03574079275,-0.01016889419,1
0.1348245293,0.07990969718,-0.03561890125,-0.01191652101,1
0.1348245293,0.08187973499,-0.03811047226,-0.00453740079,1
0.1348245293,0.08384977281,-0.04097290337,-0.01114203781,1
0.1348245293,0.08581981063,-0.04375711083,-0.01354222465,1
0.1348245293,0.08778984845,-0.04472409934,-0.01021009125,1
0.1348245293,0.08975988626,-0.04594922438,-0.007691225968,1
0.1348245293,0.09172992408,-0.04312431812,-0.002715306822,1
0.1348245293,0.0936999619,-0.03707790002,-0.007770227268,1
0.1348245293,0.09567000717,-0.03908030316,0.006644812413,1
0.1348245293,0.09764004499,-0.0391103439,0.01018451154,3
0.1348245293,0.09961008281,-0.03963683546,-0.0007376131834,1
0.1348245293,0.1015801206,-0.02661887184,-0.005675295833,1
0.1348245293,0.1035501584,-0.01613379456,-0.009865868837,1
0.1348245293,0.1055201963,-0.009961290285,-0.003913763445,1
0.1348245293,0.1074902341,-0.00528413849,-0.000740408781,1
0.1348245293,0.1094602719,-0.004798581358,-0.003663423471,1
0.1348245293,0.1114303172,-0.003270354588,-0.003280570265,1
0.1348245293,0.113400355,-0.001694808132,-0.002526872559,1
0.1348245293,0.1153703928,-0.00135715073,-0.001100339578,1
0.1348245293,0.1173404306,-0.003071461571,0.001275007729,1
0.1367945671,0.04838907719,-0.0002478056995,0.001193341799,1
0.1367945671,0.050359115,-0.00329571357,0.0009190943092,1
0.1367945671,0.05232915282,-0.004516018089,-0.002685609739,1
0.1367945671,0.05429919064,0.001533198287,0.0002510403283,1
0.1367945671,0.05626922846,0.0001156058861,-0.0006455808762,1
0.1367945671,0.05823927,-0.004862061236,-0.001157405088,1
0.1367945671,0.06020930782,-0.0125820348,-0.00869287923,1
0.1367945671,0.06217934564,-0.03383043781,-0.007083513774,1
0.1367945671,0.06414938718,-0.04927796498,-0.007291504182,1
0.1367945671,0.066119425,-0.04977306724,-0.0102408845,1
0.1367945671,0.06808946282,-0.05221553147,-0.0197711736,1
0.1367945671,0.07005950063,-0.04006789252,-0.01623866335,1
0.1367945671,0.07202953845,-0.03842174262,-0.009555601515,1
0.1367945671,0.07399957627,-0.04006131366,-0.009921037592,1
0.1367945671,0.07596961409,-0.03693613037,-0.006599520799,1
0.1367945671,0.07793965936,-0.04044160992,-0.01139758155,1
0.1367945671,0.07990969718,-0.03928757831,-0.01309426874,1
0.1367945671,0.08187973499,-0.03287980705,-0.005381552037,1
0.1367945671,0.08384977281,-0.03500638902,-0.009587757289,1
0.1367945671,0.08581981063,-0.03713914007,-0.01279655471,1
0.1367945671,0.08778984845,-0.05258877948,-0.02527164295,1
0.1367945671,0.08975988626,-0.05057095364,-0.02032553032,1
0.1367945671,0.09172992408,-0.04692707211,-0.01134912577,1
0.1367945671,0.0936999619,-0.04360210896,-0.005782657303,1
0.1367945671,0.09567000717,-0.03533025831,0.007512150798,1
0.1367945671,0.09764004499,-0.0373367779,0.001738179941,1
0.1367945671,0.09961008281,-0.03444509953,-0.009257438593,1
0.1367945671,0.1015801206,-0.02470894158,-0.01156825479,1
0.1367945671,0.1035501584,-0.0155191645,-0.0105871167,1
0.1367945671,0.1055201963,-0.01414020546,-0.006562753115,1
0.1367945671,0.1074902341,-0.01158798765,-0.0039676819,1
0.1367945671,0.1094602719,-0.007254084107,-0.003074433422,1
0.1367945671,0.1114303172,-0.004259229172,-0.002467283979,1
0.1367945671,0.113400355,-0.00238006236,-0.002275503008,1
0.1367945671,0.1153703928,-0.001805057982,-0.001862408826,1
0.1367945671,0.1173404306,-0.003487684531,0.001915648929,1
0.1387646049,0.04838907719,0.001376477536,-0.001016225317,1
0.1387646049,0.050359115,0.000440647098,0.002830451587,1
0.1387646049,0.05232915282,-0.003463260597,0.0008046736475,1
0.1387646049,0.05429919064,-0.002887300914,0.000301049964,1
0.1387646049,0.05626922846,-0.002255251165,0.004908163566,1
0.1387646049,0.05823927,-0.003186898306,0.003596400609,1
0.1387646049,0.06020930782,-0.01579332538,0.000835015031,1
0.1387646049,0.06217934564,-0.03857925534,0.002483168151,1
0.1387646049,0.06414938718,-0.05308323726,0.004341142718,1
0.1387646049,0.066119425,-0.06127278879,0.007784166373,1
0.1387646049,0.06808946282,-0.0553574115,-0.004455497488,1
0.1387646049,0.07005950063,-0.04369296506,-0.01316657104,1
0.1387646049,0.07202953845,-0.03828166425,-0.01022444945,1
0.1387646049,0.07399957627,-0.03132802993,-0.009804166853,1
0.1387646049,0.07596961409,-0.04392336309,-0.008461210877,1
0.1387646049,0.07793965936,-0.04516836628,-0.00674989773,1
0.1387646049,0.07990969718,-0.03729132935,-0.001996611012,1
0.1387646049,0.08187973499,-0.03169867769,-0.001811962808,1
0.1387646049,0.08384977281,-0.03298778459,-0.003800641047,1
0.1387646049,0.08581981063,-0.03752692789,-0.004210348707,1
0.1387646049,0.08778984845,-0.04923334718,-0.004364120774,2
0.1387646049,0.08975988626,-0.05354468524,-0.00381899206,2
0.1387646049,0.09172992408,-0.05427525938,0.001925596502,1
0.1387646049,0.0936999619,-0.04473270103,-0.001775855781,1
0.1387646049,0.09567000717,-0.03223850578,-0.007193732541,1
0.1387646049,0.09764004499,-0.03033670224,-0.01304349676,1
0.1387646049,0.09961008281,-0.02983821929,-0.01581155136,1
0.1387646049,0.1015801206,-0.02702642046,-0.01700651273,1
0.1387646049,0.1035501584,-0.0228674151,-0.00873851683,1
0.1387646049,0.1055201963,-0.01903316937,-0.003815441858,1
0.1387646049,0.1074902341,-0.01215299591,-0.002833248116,1
0.1387646049,0.1094602719,-0.008357486688,-0.001661961433,1
0.1387646049,0.1114303172,-0.005356002599,-0.001335234032,1
0.1387646049,0.113400355,-0.003479674459,-0.0008186143823,1
0.1387646049,0.1153703928,-0.001858062693,-0.001290560933,1
0.1387646049,0.1173404306,-0.002986032283,0.001851991517,1
0.1407346427,0.04838907719,0.002300424501,-0.0002886742295,1
0.1407346427,0.050359115,0.001015870832,0.00435285829,1
0.1407346427,0.05232915282,-0.004386946093,0.006025830749,1
0.1407346427,0.05429919064,-0.002893191064,0.005454054568,1
0.1407346427,0.05626922846,-0.0034239206,0.007847897708,1
0.1407346427,0.05823927,-0.0051278756,0.005769136827,1
0.1407346427,0.06020930782,-0.01530935988,0.0008602940943,1
0.1407346427,0.06217934564,-0.03687347099,0.006165531464,1
0.1407346427,0.06414938718,-0.05327231064,0.00811444968,1
0.1407346427,0.066119425,-0.05471126363,0.004730969667,2
0.1407346427,0.06808946282,-0.05342984945,0.003388378536,1
0.1407346427,0.07005950063,-0.03805148602,-0.005444244482,1
0.1407346427,0.07202953845,-0.03555662185,-0.00699325325,1
0.1407346427,0.07399957627,-0.04498868808,-0.006570680998,1
0.1407346427,0.07596961409,-0.04407148808,-0.005696180742,1
0.1407346427,0.07793965936,-0.04191574454,-0.006374950055,1
0.1407346427,0.07990969718,-0.03933772072,-0.005843444262,1
0.1407346427,0.08187973499,-0.04145479202,-0.001395420753,1
0.1407346427,0.08384977281,-0.03648875654,0.007727030199,1
0.1407346427,0.08581981063,-0.03879335895,0.007033726666,1
0.1407346427,0.08778984845,-0.05327298492,0.01584450342,1
0.1407346427,0.08975988626,-0.06009918824,0.007488086354,2
0.1407346427,0.09172992408,-0.06812813133,0.01431182306,1
0.1407346427,0.0936999619,-0.04640099034,0.0009613860748,1
0.1407346427,0.09567000717,-0.0292294845,-0.0133675281,1
0.1407346427,0.09764004499,-0.02364130318,-0.01670958102,1
0.1407346427,0.09961008281,-0.02657786198,-0.01174512133,1
0.1407346427,0.1015801206,-0.03094940819,-0.01408090349,1
0.1407346427,0.1035501584,-0.02732011676,-0.006615106016,1
0.1407346427,0.1055201963,-0.02270633727,-0.001925823744,1
0.1407346427,0.1074902341,-0.01411743555,0.002091255272,1
0.1407346427,0.1094602719,-0.009207534604,0.0006079357117,1
0.1407346427,0.1114303172,-0.005792378448,-0.0002517744142,1
0.1407346427,0.113400355,-0.003636175767,0.000366902008,1
0.1407346427,0.1153703928,-0.001529737609,-0.0004578035732,1
0.1407346427,0.1173404306,-0.002112707123,0.0007340718876,1
0.1427046806,0.04838907719,0.004852415528,0.003242825624,1
0.1427046806,0.050359115,-0.002717178315,0.006529458798,1
0.1427046806,0.05232915282,-0.003949504811,0.007668913808,1
0.1427046806,0.05429919064,-0.002506235847,0.005307755433,1
0.1427046806,0.05626922846,-0.002965518273,0.007363576908,1
0.1427046806,0.05823927,-0.004874963313,0.005592653062,1
0.1427046806,0.06020930782,-0.01232855953,-0.001287233317,1
0.1427046806,0.06217934564,-0.02184578031,0.004822937772,1
0.1427046806,0.06414938718,-0.04799276218,0.0035886853,1
0.1427046806,0.066119425,-0.0508701019,-0.0003631154541,1
0.1427046806,0.06808946282,-0.0457662046,-0.005987334531,1
0.1427046806,0.07005950063,-0.03859518468,-0.007778263185,1
0.1427046806,0.07202953845,-0.03512071446,-0.006623188965,1
0.1427046806,0.07399957627,-0.0412447378,-0.009462375194,1
0.1427046806,0.07596961409,-0.04122481123,-0.00785991922,1
0.1427046806,0.07793965936,-0.04018545896,-0.008416846395,1
0.1427046806,0.07990969718,-0.04103630036,-0.009345068596,1
0.1427046806,0.08187973499,-0.04065473005,-0.01008547843,1
0.1427046806,0.08384977281,-0.04315984622,-0.02338932455,1
0.1427046806,0.08581981063,-0.05681077018,-0.01491240412,1
0.1427046806,0.08778984845,-0.06735908985,0.002744139638,1
0.1427046806,0.08975988626,-0.06545095146,0.003615010995,2
0.1427046806,0.09172992408,-0.07186849415,0.005812432151,1
0.1427046806,0.0936999619,-0.04991716146,-0.002229748759,1
0.1427046806,0.09567000717,-0.01891626231,-0.005153995473,1
0.1427046806,0.09764004499,-0.01727299206,-0.002915774006,1
0.1427046806,0.09961008281,-0.02579095773,-0.006210396532,1
0.1427046806,0.1015801206,-0.03825931624,-0.003882643301,1
0.1427046806,0.1035501584,-0.03145228699,0.001073021907,1
0.1427046806,0.1055201963,-0.02588313632,0.002136362717,1
0.1427046806,0.1074902341,-0.01575730555,0.004174372647,1
0.1427046806,0.1094602719,-0.009364012629,0.003979171161,1
0.1427046806,0.1114303172,-0.005226469133,0.003520626808,1
0.1427046806,0.113400355,-0.001350931707,0.00147195009,1
0.1427046806,0.1153703928,9.183527436e-05,0.0002198817529,1
0.1427046806,0.1173404306,-0.003738132771,-0.0009468272328,1
0.1446747184,0.04838907719,3.728402589e-05,0.005679720081,1
0.1446747184,0.050359115,-0.003568183631,0.005956322886,1
0.1446747184,0.05232915282,-0.003077588277,0.006001840811,1
0.1446747184,0.05429919064,-0.002147350693,0.004951816984,1
0.1446747184,0.05626922846,-0.00364553486,0.005871342961,1
0.1446747184,0.05823927,-0.005569295026,0.004324163776,1
0.1446747184,0.06020930782,-0.01165478118,0.002196509391,1
0.1446747184,0.06217934564,-0.02470758185,0.007697972003,1
0.1446747184,0.06414938718,-0.03738823906,0.002478307579,1
0.1446747184,0.066119425,-0.04410339519,-0.004011510871,1
0.1446747184,0.06808946282,-0.04169597849,-0.008159873076,1
0.1446747184,0.07005950063,-0.04511322081,-0.008664731868,1
0.1446747184,0.07202953845,-0.03716802225,-0.005313807633,1
0.1446747184,0.07399957627,-0.03556152806,-0.009877064265,1
0.1446747184,0.07596961409,-0.03874918446,-0.01761886291,1
0.1446747184,0.07793965936,-0.03962237388,-0.01628344692,1
0.1446747184,0.07990969718,-0.04174481705,-0.01027190592,1
0.1446747184,0.08187973499,-0.05179039016,-0.01314572711,1
0.1446747184,0.08384977281,-0.06314797699,-0.0197549928,1
0.1446747184,0.08581981063,-0.07239543647,-0.01073946804,1
0.1446747184,0.08778984845,-0.08116800338,-0.002291222801,1
0.1446747184,0.08975988626,-0.06247701496,-0.001584613346,1
0.1446747184,0.09172992408,-0.04380759224,-0.004356547724,1
0.1446747184,0.0936999619,-0.06053505465,0.01503241155,1
0.1446747184,0.09567000717,-0.01521277707,0.004241126589,1
0.1446747184,0.09764004499,-0.01449255832,0.008768460713,1
0.1446747184,0.09961008281,-0.02075951919,0.0008819648647,1
0.1446747184,0.1015801206,-0.0317456983,0.00853198301,2
0.1446747184,0.1035501584,-0.03770296276,0.02051107585,1
0.1446747184,0.1055201963,-0.0273114983,0.01613599434,1
0.1446747184,0.1074902341,-0.0121640861,0.01267238613,1
0.1446747184,0.1094602719,-0.007032504771,0.00838880334,1
0.1446747184,0.1114303172,-0.003457021667,0.00544169452,1
0.1446747184,0.113400355,-0.0006073056138,0.001215345343,1
0.1446747184,0.1153703928,-0.0006374091026,-0.0002223850752,1
0.1446747184,0.1173404306,-0.004791730549,0.001936093788,1
0.1466447562,0.04838907719,0.0004331407836,0.00566756539,1
0.1466447562,0.050359115,-0.002666054061,0.004943922162,1
0.1466447562,0.05232915282,-0.003067946061,0.004272001795,1
0.1466447562,0.05429919064,-0.002912943019,0.004779354203,1
0.1466447562,0.05626922846,-0.005083139054,0.00483280234,1
0.1466447562,0.05823927,-0.008281969465,0.002908292692,1
0.1466447562,0.06020930782,-0.01368605532,0.001133489539,1
0.1466447562,0.06217934564,-0.02238296345,0.005016856361,1
0.1466447562,0.06414938718,-0.03465174139,-0.0005308625405,1
0.1466447562,0.066119425,-0.04306067899,-0.003484917572,1
0.1466447562,0.06808946282,-0.03961921856,-0.005883938633,1
0.1466447562,0.07005950063,-0.04109819606,-0.008570441045,1
0.1466447562,0.07202953845,-0.03295429423,-0.007477443665,1
0.1466447562,0.07399957627,-0.03278511018,-0.009075072594,1
0.1466447562,0.07596961409,-0.03574902937,-0.01694152504,1
0.1466447562,0.07793965936,-0.03564884886,-0.01557162683,2
0.1466447562,0.07990969718,-0.03645198792,-0.01545691397,1
0.1466447562,0.08187973499,-0.03702607006,-0.02052630112,1
0.1466447562,0.08384977281,-0.05170853809,-0.01155678369,2
0.1466447562,0.08581981063,-0.04850146174,-0.004227369558,1
0.1466447562,0.08778984845,-0.07363595068,-0.0002077857353,1
0.1466447562,0.08975988626,-0.05710220337,-0.005465661641,1
0.1466447562,0.09172992408,-0.04195516557,-0.003883154131,1
0.1466447562,0.0936999619,-0.04359525815,0.008547253907,1
0.1466447562,0.09567000717,-0.01400113013,0.008248769678,1
0.1466447562,0.09764004499,-0.01317284815,0.007118738722,1
0.1466447562,0.09961008281,-0.022437457,0.01028608996,2
0.1466447562,0.1015801206,-0.03026099876,0.01661753468,2
0.1466447562,0.1035501584,-0.03247812763,0.02415639162,1
0.1466447562,0.1055201963,-0.01481584273,0.0172085911,2
0.1466447562,0.1074902341,-0.003204108216,0.02299344726,1
0.1466447562,0.1094602719,-0.0009499447187,0.01188865118,1
0.1466447562,0.1114303172,1.279232947e-06,0.005308452994,1
0.1466447562,0.113400355,-0.000651407754,0.0003595888556,1
0.1466447562,0.1153703928,-0.001261121593,-4.230936156e-06,1
0.1466447562,0.1173404306,0.0006576833548,0.007238982245,1
0.148614794,0.04838907719,0.002237068489,0.006348555908,1
0.148614794,0.050359115,-0.002658581594,0.002773585031,1
0.148614794,0.05232915282,-0.002947536064,0.003183827503,1
0.148614794,0.05429919064,-0.002609607531,0.003447169438,1
0.148614794,0.05626922846,-0.004412243143,0.0008406635607,1
0.148614794,0.05823927,-0.007258273661,-0.0004756478302,1
0.148614794,0.06020930782,-0.01724903099,-0.001453055185,1
0.148614794,0.06217934564,-0.02947021835,-0.0046882811,1
0.148614794,0.06414938718,-0.03889648244,-0.004835807253,1
0.148614794,0.066119425,-0.04393832013,-0.003642648691,1
0.148614794,0.06808946282,-0.0407416597,-0.005743543617,1
0.148614794,0.07005950063,-0.03698291257,-0.01408181712,1
0.148614794,0.07202953845,-0.03183975071,-0.01170178037,1
0.148614794,0.07399957627,-0.02890559472,-0.00835560821,1
0.148614794,0.07596961409,-0.02663465217,-0.007497677114,1
0.148614794,0.07793965936,-0.03077200614,-0.01360462047,1
0.148614794,0.07990969718,-0.04164623097,-0.01174038555,1
0.148614794,0.08187973499,-0.04566267505,-0.005990475882,2
0.148614794,0.08384977281,-0.05815864727,-0.001718470943,2
0.148614794,0.08581981063,-0.09370017797,0.004501845688,1
0.148614794,0.08778984845,-0.07543557137,0.005395071115,1
0.148614794,0.08975988626,-0.07513388991,0.01007853448,1
0.148614794,0.09172992408,-0.04619147629,-0.0130285807,1
0.148614794,0.0936999619,-0.02291915193,-0.01108999178,1
0.148614794,0.09567000717,-0.02426118776,0.002776495181,1
0.148614794,0.09764004499,-0.02142133936,0.009845170192,1
0.148614794,0.09961008281,-0.02555646189,0.01652611792,1
0.148614794,0.1015801206,-0.03438271582,0.023495676,1
0.148614794,0.1035501584,-0.01654622331,0.0106182443,1
0.148614794,0.1055201963,0.00373036135,0.005548529793,1
0.148614794,0.1074902341,0.001338484115,0.01583596505,1
0.148614794,0.1094602719,0.002825320931,0.007285729982,1
0.148614794,0.1114303172,0.001055594883,0.002740038559,1
0.148614794,0.113400355,-0.003452667966,0.0008956085076,1
0.148614794,0.1153703928,-0.0007071304717,0.001635347609,1
0.148614794,0.1173404306,0.001209470443,0.001383801922,2
0.1505848318,0.04838907719,0.003481312888,0.00557843456,1
0.1505848318,0.050359115,-0.00215643621,0.002018535743,1
0.1505848318,0.05232915282,-0.002958983649,0.002903317567,1
0.1505848318,0.05429919064,-0.002207014943,0.002365813823,1
0.1505848318,0.05626922846,-0.002732745139,0.0001877841278,1
0.1505848318,0.05823927,-0.00251988275,-0.001406272408,1
0.1505848318,0.06020930782,-0.00747342594,-0.006030238234,1
0.1505848318,0.06217934564,-0.02805316634,-0.004192243796,1
0.1505848318,0.06414938718,-0.04093356803,-0.004147242289,1
0.1505848318,0.066119425,-0.04941240698,-0.003003124613,1
0.1505848318,0.06808946282,-0.0429423973,-0.002873126417,1
0.1505848318,0.07005950063,-0.0354019925,-0.01456271298,1
0.1505848318,0.07202953845,-0.03019480221,-0.01489416044,1
0.1505848318,0.07399957627,-0.02509544417,-0.009711851366,1
0.1505848318,0.07596961409,-0.0219782088,-0.008036295883,1
0.1505848318,0.07793965936,-0.02367244847,-0.008407564834,1
0.1505848318,0.07990969718,-0.02876867354,-0.004169777036,1
0.1505848318,0.08187973499,-0.04581975564,0.0100232549,1
0.1505848318,0.08384977281,-0.0415632017,0.006171529647,2
0.1505848318,0.08581981063,-0.0516926758,0.005291156936,2
0.1505848318,0.08778984845,-0.05633967742,0.005336944479,1
0.1505848318,0.08975988626,-0.06989501417,0.01465025824,1
0.1505848318,0.09172992408,-0.06530606002,0.01756238192,1
0.1505848318,0.0936999619,-0.05327264592,-0.01209110953,1
0.1505848318,0.09567000717,-0.03820473701,-0.007459445391,1
0.1505848318,0.09764004499,-0.01924781501,0.01130741183,1
0.1505848318,0.09961008281,-0.02814437822,0.01274024975,1
0.1505848318,0.1015801206,-0.03694952652,0.01128978375,1
0.1505848318,0.1035501584,-0.02736506611,0.004854152445,1
0.1505848318,0.1055201963,-0.006439326797,-0.01370418351,1
0.1505848318,0.1074902341,-0.0006584622897,-0.003792871954,2
0.1505848318,0.1094602719,0.003515837714,-0.002526097232,1
0.1505848318,0.1114303172,-0.0001683492592,0.001227402361,1
0.1505848318,0.113400355,-0.003610822605,0.002634467324,1
0.1505848318,0.1153703928,0.001334789093,-0.0005389538128,1
0.1505848318,0.1173404306,0.003677858505,-0.004722924437,1
0.1525548697,0.04838907719,-0.001051511033,0.004723140504,1
0.1525548697,0.050359115,-0.003495707875,0.001913249027,1
0.1525548697,0.05232915282,-0.002419609111,0.002136985539,1
0.1525548697,0.05429919064,-0.00215547788,0.001356380177,1
0.1525548697,0.05626922846,-0.001070021419,0.0007441713242,1
0.1525548697,0.05823927,0.0007786378264,0.001608375227,1
0.1525548697,0.06020930782,-0.001944650779,0.002416431904,1
0.1525548697,0.06217934564,-0.01617534272,0.0001246608444,2
0.1525548697,0.06414938718,-0.02721810713,-0.002264625626,2
0.1525548697,0.066119425,-0.03998430818,-0.00134035782,3
0.1525548697,0.06808946282,-0.03883267567,-0.005277075805,1
0.1525548697,0.07005950063,-0.03284699842,-0.01389254164,1
0.1525548697,0.07202953845,-0.02707148343,-0.01899770834,1
0.1525548697,0.07399957627,-0.02235525846,-0.01703029685,1
0.1525548697,0.07596961409,-0.01971087232,-0.008296822198,1
0.1525548697,0.07793965936,-0.03438404948,-0.005109488964,1
0.1525548697,0.07990969718,-0.01779211126,-0.0006865590112,2
0.1525548697,0.08187973499,-0.01458183117,0.007048118394,2
0.1525548697,0.08384977281,-0.01058172341,0.01109017804,2
0.1525548697,0.08581981063,-0.01516764238,0.005154308863,2
0.1525548697,0.08778984845,-0.02595075592,0.005605745595,2
0.1525548697,0.08975988626,-0.05130684748,0.01821645163,1
0.1525548697,0.09172992408,-0.0452757962,-0.0002983545419,2
0.1525548697,0.0936999619,-0.04983069003,-0.01452428102,1
0.1525548697,0.09567000717,-0.02739149146,-0.005540300161,2
0.1525548697,0.09764004499,-0.02489386685,0.00618286198,1
0.1525548697,0.09961008281,-0.03096187301,0.00938552618,1
0.1525548697,0.1015801206,-0.02759687044,0.005317885429,2
0.1525548697,0.1035501584,-0.02625514194,0.002342418535,1
0.1525548697,0.1055201963,-0.008100821637,-0.01431858074,1
0.1525548697,0.1074902341,-0.001048844424,-0.01477717236,1
0.1525548697,0.1094602719,-0.0005856279749,-0.005996395368,1
0.1525548697,0.1114303172,-0.002676874399,0.001247713459,1
0.1525548697,0.113400355,-0.003206083784,0.003558715107,1
0.1525548697,0.1153703928,-0.01158388611,0.003421319649,1
0.1525548697,0.1173404306,0.005432881415,-0.00893105194,1
0.1545249075,0.04838907719,-0.0006866499898,0.003980083391,1
0.1545249075,0.050359115,-0.001486942521,0.00196089549,1
0.1545249075,0.05232915282,-0.002447467996,0.001853016089,1
0.1545249075,0.05429919064,-0.001477061771,0.001487204339,1
0.1545249075,0.05626922846,-0.0003775302612,0.00127133471,1
0.1545249075,0.05823927,0.001556403819,0.005255480763,1
0.1545249075,0.06020930782,-0.001197955688,0.007320354227,1
0.1545249075,0.06217934564,-0.007485454902,0.004539080895,1
0.1545249075,0.06414938718,-0.01177920494,-0.003695563413,1
0.1545249075,0.066119425,-0.01137216296,-0.007237554062,1
0.1545249075,0.06808946282,-0.006678968202,-0.009390494786,1
0.1545249075,0.07005950063,-0.005547240376,-0.01537834201,1
0.1545249075,0.07202953845,-0.005450131372,-0.0138461031,1
0.1545249075,0.07399957627,-0.001102398499,-0.009872879833,1
0.1545249075,0.07596961409,-0.0003570825793,-0.001853113179,1
0.1545249075,0.07793965936,0.0005241076578,0.009926427156,1
0.1545249075,0.07990969718,0.006566106807,-0.0005150883226,1
0.1545249075,0.08187973499,0.0158662647,0.007765599061,1
0.1545249075,0.08384977281,0.0289857816,0.02598675713,1
0.1545249075,0.08581981063,0.0275545828,-0.001369845821,1
0.1545249075,0.08778984845,0.01901113801,-0.006284723524,1
0.1545249075,0.08975988626,-0.00410079537,-0.002952428302,1
0.1545249075,0.09172992408,-0.01465957798,-0.02244797163,1
0.1545249075,0.0936999619,-0.00694596814,-0.02424254268,1
0.1545249075,0.09567000717,0.003363332013,-0.006360335741,1
0.1545249075,0.09764004499,0.001665017917,-0.003330614883,1
0.1545249075,0.09961008281,-0.005033066962,-0.009366100654,1
0.1545249075,0.1015801206,-0.01622094586,-0.001746187801,1
0.1545249075,0.1035501584,-0.01862829924,0.0004010463599,1
0.1545249075,0.1055201963,-0.008767328225,-0.008869449608,1
0.1545249075,0.1074902341,-0.002246359829,-0.0118333688,1
0.1545249075,0.1094602719,-0.002130399691,-0.007468015887,1
0.1545249075,0.1114303172,-0.005002703052,6.074121848e-05,1
0.1545249075,0.113400355,-0.004670875147,0.001692334889,1
0.1545249075,0.1153703928,0.000292876095,-0.003876613453,1
0.1545249075,0.1173404306,0.002903135726,0.0005284654326,1
0.1564949453,0.04838907719,-0.0009891197551,0.003364500822,2
0.1564949453,0.050359115,-0.000569521857,0.001560454373,1
0.1564949453,0.05232915282,-0.002470720327,0.001269360306,1
0.1564949453,0.05429919064,-0.001257346361,0.001217011595,1
0.1564949453,0.05626922846,3.78196637e-05,0.001863038284,1
0.1564949453,0.05823927,0.002149915323,0.004986023065,1
0.1564949453,0.06020930782,-0.0008126542089,0.00955656264,1
0.1564949453,0.06217934564,NaN,NaN,0
0.1564949453,0.06414938718,NaN,NaN,0
0.1564949453,0.066119425,NaN,NaN,0
0.1564949453,0.06808946282,NaN,NaN,0
0.1564949453,0.07005950063,NaN,NaN,0
0.1564949453,0.07202953845,NaN,NaN,0
0.1564949453,0.07399957627,NaN,NaN,0
0.1564949453,0.07596961409,NaN,NaN,0
0.1564949453,0.07793965936,NaN,NaN,0
0.1564949453,0.07990969718,NaN,NaN,0
0.1564949453,0.08187973499,NaN,NaN,0
0.1564949453,0.08384977281,NaN,NaN,0
0.1564949453,0.08581981063,NaN,NaN,0
0.1564949453,0.08778984845,NaN,NaN,0
0.1564949453,0.08975988626,NaN,NaN,0
0.1564949453,0.09172992408,NaN,NaN,0
0.1564949453,0.0936999619,NaN,NaN,0
0.1564949453,0.09567000717,NaN,NaN,0
0.1564949453,0.09764004499,NaN,NaN,0
0.1564949453,0.09961008281,NaN,NaN,0
0.1564949453,0.1015801206,NaN,NaN,0
0.1564949453,0.1035501584,NaN,NaN,0
0.1564949453,0.1055201963,0.004279342014,-0.009839066304,1
0.1564949453,0.1074902341,0.004088905174,-0.009113076143,1
0.1564949453,0.1094602719,-0.002683247207,-0.00286311307,1
0.1564949453,0.1114303172,-0.004042548127,-0.003203284228,1
0.1564949453,0.113400355,-0.00376622472,-0.004784191493,1
0.1564949453,0.1153703928,-0.002053050091,-0.002959560603,1
0.1564949453,0.1173404306,0.00593518978,0.00436432194,1
0.1584649831,0.04838907719,-0.001711187419,0.004552965052,1
0.1584649831,0.050359115,-0.002935704077,0.001821203623,1
0.1584649831,0.05232915282,-0.002450068947,0.0003341566771,1
0.1584649831,0.05429919064,-0.002645209432,0.0009357792442,1
0.1584649831,0.05626922846,-0.002912839409,0.00133952382,1
0.1584649831,0.05823927,NaN,NaN,0
0.1584649831,0.06020930782,NaN,NaN,0
0.1584649831,0.06217934564,NaN,NaN,0
0.1584649831,0.06414938718,NaN,NaN,0
0.1584649831,0.066119425,NaN,NaN,0
0.1584649831,0.06808946282,NaN,NaN,0
0.1584649831,0.07005950063,NaN,NaN,0
0.1584649831,0.07202953845,NaN,NaN,0
0.1584649831,0.07399957627,NaN,NaN,0
0.1584649831,0.07596961409,NaN,NaN,0
0.1584649831,0.07793965936,NaN,NaN,0
0.1584649831,0.07990969718,NaN,NaN,0
0.1584649831,0.08187973499,NaN,NaN,0
0.1584649831,0.08384977281,NaN,NaN,0
0.1584649831,0.08581981063,NaN,NaN,0
0.1584649831,0.08778984845,NaN,NaN,0
0.1584649831,0.08975988626,NaN,NaN,0
0.1584649831,0.09172992408,NaN,NaN,0
0.1584649831,0.0936999619,NaN,NaN,0
0.1584649831,0.09567000717,NaN,NaN,0
0.1584649831,0.09764004499,NaN,NaN,0
0.1584649831,0.09961008281,NaN,NaN,0
0.1584649831,0.1015801206,NaN,NaN,0
0.1584649831,0.1035501584,NaN,NaN,0
0.1584649831,0.1055201963,NaN,NaN,0
0.1584649831,0.1074902341,NaN,NaN,0
0.1584649831,0.1094602719,-0.004872049205,-0.001105894917,1
0.1584649831,0.1114303172,0.0003271982714,-0.01185027789,1
0.1584649831,0.113400355,-0.0004993741168,-0.01644687355,1
0.1584649831,0.1153703928,0.003393772757,-0.0237548966,1
0.1584649831,0.1173404306,0.004664481618,-0.009695287794,2
