x [m],y [m],u [m/s],v [m/s],Vector type [-]
0.02647239529,0.04838907719,-0.01949460804,0.01532141678,2
0.02647239529,0.050359115,-0.0138769662,0.01945952885,2
0.02647239529,0.05232915282,-0.005592346657,0.02588895708,1
0.02647239529,0.05429919064,-0.004640479572,0.02325804345,1
0.02647239529,0.05626922846,-0.01400278229,0.01648592204,1
0.02647239529,0.05823927,-0.02535877563,0.01192508638,1
0.02647239529,0.06020930782,-0.02650250122,0.004228460602,1
0.02647239529,0.06217934564,-0.03431817517,0.002611871343,1
0.02647239529,0.06414938718,-0.04078401998,-0.0003448622592,1
0.02647239529,0.066119425,-0.03684902564,-0.000972792157,1
0.02647239529,0.06808946282,-0.02494931407,0.00438717287,1
0.02647239529,0.07005950063,-0.02962336689,0.006772392429,1
0.02647239529,0.07202953845,-0.04068565741,0.004245069809,1
0.02647239529,0.07399957627,-0.04845320433,-0.003025831655,2
0.02647239529,0.07596961409,-0.05329669267,-0.009331483394,1
0.02647239529,0.07793965936,-0.05289478973,-0.01322833635,1
0.02647239529,0.07990969718,-0.04655652866,-0.009346159175,1
0.02647239529,0.08187973499,-0.04112835974,-0.004909256473,2
0.02647239529,0.08384977281,-0.03691437095,-0.002126340289,2
0.02647239529,0.08581981063,-0.03495291993,6.234726607e-05,2
0.02647239529,0.08778984845,-0.03441208974,0.000746578211,1
0.02647239529,0.08975988626,-0.03615157306,0.005620351061,1
0.02647239529,0.09172992408,-0.03613826632,0.00770517718,1
0.02647239529,0.0936999619,-0.03595469147,0.005219462328,1
0.02647239529,0.09567000717,-0.03302165866,0.004250384402,1
0.02647239529,0.09764004499,-0.03291619569,0.006450601853,2
0.02647239529,0.09961008281,-0.03372805193,0.007815971971,1
0.02647239529,0.1015801206,-0.03805209696,0.009676086716,1
0.02647239529,0.1035501584,-0.03171504289,0.007783682086,1
0.02647239529,0.1055201963,-0.02329838648,0.006581945345,1
0.02647239529,0.1074902341,-0.02663312294,0.01062144153,1
0.02647239529,0.1094602719,-0.02577731386,0.01400248986,1
0.02647239529,0.1114303172,-0.03034983203,0.01097069867,1
0.02647239529,0.113400355,-0.02951069921,0.01453104243,1
0.02647239529,0.1153703928,-0.0312103983,0.01112588495,1
0.02647239529,0.1173404306,-0.02185618505,0.006415420678,1
0.0284424331,0.04838907719,-0.02511224896,0.01118330285,1
0.0284424331,0.050359115,-0.01654394343,0.01716821641,1
0.0284424331,0.05232915282,-0.01605258137,0.01612835564,1
0.0284424331,0.05429919064,-0.01634350419,0.01562855393,1
0.0284424331,0.05626922846,-0.01384776644,0.01332680881,1
0.0284424331,0.05823927,-0.01583194174,0.009104158729,1
0.0284424331,0.06020930782,-0.02033930831,0.005616840906,1
0.0284424331,0.06217934564,-0.02505640127,0.009108851664,1
0.0284424331,0.06414938718,-0.02976491861,0.005924602039,1
0.0284424331,0.066119425,-0.03173547238,-0.0002723079524,1
0.0284424331,0.06808946282,-0.03038236126,-0.0009907102212,1
0.0284424331,0.07005950063,-0.03677821159,-0.001714069978,1
0.0284424331,0.07202953845,-0.0474339202,-0.004546364769,1
0.0284424331,0.07399957627,-0.05137726292,-0.003991080914,2
0.0284424331,0.07596961409,-0.0551408194,-0.003765525995,1
0.0284424331,0.07793965936,-0.05268052965,-0.006227365229,1
0.0284424331,0.07990969718,-0.04626055062,-0.006678560283,1
0.0284424331,0.08187973499,-0.03991417587,-0.00325526949,1
0.0284424331,0.08384977281,-0.03466182947,-0.001532111783,1
0.0284424331,0.08581981063,-0.03353230283,0.001566804014,1
0.0284424331,0.08778984845,-0.03425974026,0.00312832091,1
0.0284424331,0.08975988626,-0.03687764332,0.00273775612,1
0.0284424331,0.09172992408,-0.03833431378,0.003534078598,1
0.0284424331,0.0936999619,-0.03823833913,0.006479845848,1
0.0284424331,0.09567000717,-0.03534664959,0.007380119525,1
0.0284424331,0.09764004499,-0.03199887648,0.007285449654,1
0.0284424331,0.09961008281,-0.03190388903,0.009657124057,1
0.0284424331,0.1015801206,-0.03368728235,0.01304882579,1
0.0284424331,0.1035501584,-0.03185519949,0.01222256385,1
0.0284424331,0.1055201963,-0.0280870311,0.01159852371,1
0.0284424331,0.1074902341,-0.02948545665,0.0155008724,1
0.0284424331,0.1094602719,-0.02969963104,0.0187190026,1
0.0284424331,0.1114303172,-0.0288019646,0.01573350653,1
0.0284424331,0.113400355,-0.02862892114,0.02614516765,1
0.0284424331,0.1153703928,-0.02558414824,0.01899141259,1
0.0284424331,0.1173404306,-0.01770615391,0.008507640101,1
0.03041247278,0.04838907719,-0.00134898175,0.006984709762,1
0.03041247278,0.050359115,-0.01282362919,0.0136453677,1
0.03041247278,0.05232915282,-0.02325004898,0.01152680442,1
0.03041247278,0.05429919064,-0.02229916304,0.0111402655,1
0.03041247278,0.05626922846,-0.01324345078,0.01059959736,1
0.03041247278,0.05823927,-0.01247478649,0.008728347719,1
0.03041247278,0.06020930782,-0.01460460946,0.007803217974,1
0.03041247278,0.06217934564,-0.02090561576,0.008741897531,1
0.03041247278,0.06414938718,-0.02724638022,0.008752079681,1
0.03041247278,0.066119425,-0.029553717,0.004278192762,1
0.03041247278,0.06808946282,-0.03300021589,0.001650166232,1
0.03041247278,0.07005950063,-0.04135362059,-0.003136924934,1
0.03041247278,0.07202953845,-0.04787877947,-0.005736459978,1
0.03041247278,0.07399957627,-0.05448111892,-0.004626601934,1
0.03041247278,0.07596961409,-0.054611139,-0.002937381156,1
0.03041247278,0.07793965936,-0.0524751991,-0.003286280902,1
0.03041247278,0.07990969718,-0.04955681786,-0.007603397593,1
0.03041247278,0.08187973499,-0.04267823324,-0.004142720718,1
0.03041247278,0.08384977281,-0.03506143764,0.0004852881248,1
0.03041247278,0.08581981063,-0.03181272745,0.002565319184,1
0.03041247278,0.08778984845,-0.03392288089,0.003486003028,1
0.03041247278,0.08975988626,-0.03697475791,0.002496984322,1
0.03041247278,0.09172992408,-0.03773968294,0.001423204085,1
0.03041247278,0.0936999619,-0.03829204664,0.004157581832,1
0.03041247278,0.09567000717,-0.03646014258,0.005571252666,1
0.03041247278,0.09764004499,-0.03498917073,0.00544338068,1
0.03041247278,0.09961008281,-0.03442060202,0.006337886676,1
0.03041247278,0.1015801206,-0.03386162966,0.01094117481,1
0.03041247278,0.1035501584,-0.03348780423,0.0150941452,1
0.03041247278,0.1055201963,-0.03269584477,0.01633283123,1
0.03041247278,0.1074902341,-0.03109638952,0.01518513728,1
0.03041247278,0.1094602719,-0.03088571504,0.0183818806,1
0.03041247278,0.1114303172,-0.03100808151,0.01906066947,1
0.03041247278,0.113400355,-0.03079789504,0.01911826618,1
0.03041247278,0.1153703928,-0.02734887227,0.02034105733,1
0.03041247278,0.1173404306,-0.02138824016,0.01663247123,1
0.0323825106,0.04838907719,-0.008548803627,-0.0005785268149,1
0.0323825106,0.050359115,-0.02703939565,0.005165173672,1
0.0323825106,0.05232915282,-0.02946287766,0.007546022069,1
0.0323825106,0.05429919064,-0.02727935277,0.01000998355,1
0.0323825106,0.05626922846,-0.02083992772,0.0117155211,1
0.0323825106,0.05823927,-0.01695373841,0.0129767647,1
0.0323825106,0.06020930782,-0.01622728631,0.01008177549,1
0.0323825106,0.06217934564,-0.02350299433,0.009859846905,1
0.0323825106,0.06414938718,-0.02927481569,0.01033024676,1
0.0323825106,0.066119425,-0.02971186116,0.006160988007,1
0.0323825106,0.06808946282,-0.03343060985,0.003154658945,1
0.0323825106,0.07005950063,-0.0386662297,-0.0001773331751,1
0.0323825106,0.07202953845,-0.04932631552,-0.004161215853,1
0.0323825106,0.07399957627,-0.05622137338,-0.003747430397,1
0.0323825106,0.07596961409,-0.05823829025,-0.003692677477,1
0.0323825106,0.07793965936,-0.05669509247,-0.00755530037,1
0.0323825106,0.07990969718,-0.05225170031,-0.009235235862,1
0.0323825106,0.08187973499,-0.04522192478,-0.003976173233,1
0.0323825106,0.08384977281,-0.03733756393,-0.0004654337245,1
0.0323825106,0.08581981063,-0.03255596012,0.002407961292,1
0.0323825106,0.08778984845,-0.03377281874,0.005005746614,1
0.0323825106,0.08975988626,-0.03614526242,0.0009931154782,1
0.0323825106,0.09172992408,-0.03439064324,0.0008931824705,1
0.0323825106,0.0936999619,-0.0333243981,-0.00182854617,1
0.0323825106,0.09567000717,-0.03474378958,0.00139172154,1
0.0323825106,0.09764004499,-0.03464349359,0.003027514089,1
0.0323825106,0.09961008281,-0.03366196528,0.003014304442,1
0.0323825106,0.1015801206,-0.02990269847,0.006692137569,1
0.0323825106,0.1035501584,-0.03069814481,0.01250464749,1
0.0323825106,0.1055201963,-0.03388519958,0.01534405258,1
0.0323825106,0.1074902341,-0.03658715263,0.0169310607,1
0.0323825106,0.1094602719,-0.02640924789,0.01490236353,1
0.0323825106,0.1114303172,-0.02783921361,0.01434045099,1
0.0323825106,0.113400355,-0.02904558927,0.0131479837,1
0.0323825106,0.1153703928,-0.02597109415,0.01335611474,1
0.0323825106,0.1173404306,-0.02039317414,0.01516543888,1
0.03435254842,0.04838907719,-0.01462013461,0.001067689154,1
0.03435254842,0.050359115,-0.02747821249,0.005472457502,1
0.03435254842,0.05232915282,-0.02522268333,0.00524775451,1
0.03435254842,0.05429919064,-0.02372036316,0.008004057221,1
0.03435254842,0.05626922846,-0.02304506674,0.008858201094,1
0.03435254842,0.05823927,-0.02179671638,0.010909562,1
0.03435254842,0.06020930782,-0.02199772373,0.01190477423,1
0.03435254842,0.06217934564,-0.02615345456,0.01418906916,1
0.03435254842,0.06414938718,-0.02997467294,0.01374044269,1
0.03435254842,0.066119425,-0.02913690172,0.007675471716,1
0.03435254842,0.06808946282,-0.03143846616,0.009177803062,1
0.03435254842,0.07005950063,-0.0341896452,0.008269535378,1
0.03435254842,0.07202953845,-0.04694098979,0.003063361626,1
0.03435254842,0.07399957627,-0.05572693422,-0.0007423904026,1
0.03435254842,0.07596961409,-0.05624271557,-0.003468457609,1
0.03435254842,0.07793965936,-0.0546400398,-0.004808137659,1
0.03435254842,0.07990969718,-0.04841136187,-0.004623783752,1
0.03435254842,0.08187973499,-0.04596687108,-0.002742970129,1
0.03435254842,0.08384977281,-0.03913703933,-0.001436472288,1
0.03435254842,0.08581981063,-0.03129861876,0.002253077691,1
0.03435254842,0.08778984845,-0.02952486277,0.003039740026,1
0.03435254842,0.08975988626,-0.02868362144,0.002230466576,1
0.03435254842,0.09172992408,-0.0327918455,0.001438262989,1
0.03435254842,0.0936999619,-0.03093424626,-0.000705333834,1
0.03435254842,0.09567000717,-0.03309681267,-0.001173395198,1
0.03435254842,0.09764004499,-0.03630142659,0.0006156364689,1
0.03435254842,0.09961008281,-0.03534182534,0.003272469388,1
0.03435254842,0.1015801206,-0.02445015125,0.007080283947,1
0.03435254842,0.1035501584,-0.02223524824,0.009732455015,1
0.03435254842,0.1055201963,-0.02504828386,0.01172462571,1
0.03435254842,0.1074902341,-0.03091043979,0.02137595788,1
0.03435254842,0.1094602719,-0.0234553162,0.01889449544,1
0.03435254842,0.1114303172,-0.02390839718,0.0125731891,1
0.03435254842,0.113400355,-0.02527762949,0.004244646523,1
0.03435254842,0.1153703928,-0.01976498216,-0.00124644232,1
0.03435254842,0.1173404306,-0.01355561335,0.004291795194,1
0.03632258996,0.04838907719,-0.01226963103,0.003083887044,1
0.03632258996,0.050359115,-0.01800208166,0.006783064455,1
0.03632258996,0.05232915282,-0.0210647434,0.003850621404,1
0.03632258996,0.05429919064,-0.02187374607,0.004913138691,1
0.03632258996,0.05626922846,-0.02253534459,0.004280869383,1
0.03632258996,0.05823927,-0.02181638591,0.009022969753,1
0.03632258996,0.06020930782,-0.02522878908,0.0114849424,1
0.03632258996,0.06217934564,-0.02649174631,0.01108353492,1
0.03632258996,0.06414938718,-0.02912766114,0.001927505946,1
0.03632258996,0.066119425,-0.031981159,0.004873229191,1
0.03632258996,0.06808946282,-0.03401451185,0.01113247871,1
0.03632258996,0.07005950063,-0.03479757905,0.01269017626,1
0.03632258996,0.07202953845,-0.04577384144,0.007857860066,1
0.03632258996,0.07399957627,-0.05419497564,0.00268286583,1
0.03632258996,0.07596961409,-0.05537365004,-0.002050769981,1
0.03632258996,0.07793965936,-0.0525605157,-0.00378988008,1
0.03632258996,0.07990969718,-0.04822622612,-0.004103177693,1
0.03632258996,0.08187973499,-0.04519296438,-0.002141572535,1
0.03632258996,0.08384977281,-0.0402327925,-0.002319914754,1
0.03632258996,0.08581981063,-0.03457608074,-0.002458786126,1
0.03632258996,0.08778984845,-0.03001903929,-0.000831522746,1
0.03632258996,0.08975988626,-0.03239748627,0.00593966525,1
0.03632258996,0.09172992408,-0.03445566073,0.01094726566,1
0.03632258996,0.0936999619,-0.03345989436,0.01165966317,1
0.03632258996,0.09567000717,-0.03587439284,-0.0005383291864,1
0.03632258996,0.09764004499,-0.03561659902,-0.001125266543,1
0.03632258996,0.09961008281,-0.03490167856,0.003376201261,1
0.03632258996,0.1015801206,-0.03342686966,0.00679490855,1
0.03632258996,0.1035501584,-0.03009007126,0.01497777365,1
0.03632258996,0.1055201963,-0.02739682235,0.01537403371,1
0.03632258996,0.1074902341,-0.02406129614,0.01396094821,1
0.03632258996,0.1094602719,-0.02689873055,0.01592086628,1
0.03632258996,0.1114303172,-0.02321991697,0.01500774082,1
0.03632258996,0.113400355,-0.01760466211,0.008396143094,1
0.03632258996,0.1153703928,-0.01617941447,0.003735023784,1
0.03632258996,0.1173404306,-0.01405060105,0.006455203984,1
0.03829262778,0.04838907719,-0.01396597177,0.008999024518,1
0.03829262778,0.050359115,-0.01644297503,0.003497333964,1
0.03829262778,0.05232915282,-0.02034890093,0.005328078754,1
0.03829262778,0.05429919064,-0.02308921702,0.003211717587,1
0.03829262778,0.05626922846,-0.02583610453,0.003852549475,1
0.03829262778,0.05823927,-0.02728895284,0.005753071979,1
0.03829262778,0.06020930782,-0.02712488174,0.008243523538,1
0.03829262778,0.06217934564,-0.02616631612,0.008805957623,2
0.03829262778,0.06414938718,-0.02758085355,0.009918956086,1
0.03829262778,0.066119425,-0.03375344351,0.005913735833,1
0.03829262778,0.06808946282,-0.03652134538,0.008801739663,1
0.03829262778,0.07005950063,-0.02888088301,0.01107317675,1
0.03829262778,0.07202953845,-0.03262889013,0.01367969438,1
0.03829262778,0.07399957627,-0.04550048709,0.008241133764,2
0.03829262778,0.07596961409,-0.05621420592,0.004365665838,1
0.03829262778,0.07793965936,-0.05182372034,-0.001277257572,1
0.03829262778,0.07990969718,-0.04795506597,-0.001788239693,1
0.03829262778,0.08187973499,-0.04484886304,-0.0009225695394,1
0.03829262778,0.08384977281,-0.04318509996,-0.002596352249,1
0.03829262778,0.08581981063,-0.04309820011,-0.003165959846,1
0.03829262778,0.08778984845,-0.03655894473,-0.0005178231513,1
0.03829262778,0.08975988626,-0.03534266725,0.005128173158,1
0.03829262778,0.09172992408,-0.03563028947,0.009356138296,1
0.03829262778,0.0936999619,-0.02453089133,0.006568479817,1
0.03829262778,0.09567000717,-0.02810223959,0.003830979113,1
0.03829262778,0.09764004499,-0.0307811182,0.001303790952,1
0.03829262778,0.09961008281,-0.02857355587,0.004304228351,1
0.03829262778,0.1015801206,-0.03727527708,-0.002625904512,1
0.03829262778,0.1035501584,-0.03214807436,0.008159307763,1
0.03829262778,0.1055201963,-0.02584342472,0.0125543084,1
0.03829262778,0.1074902341,-0.02461419627,0.01023135521,1
0.03829262778,0.1094602719,-0.0258680284,0.0102736773,1
0.03829262778,0.1114303172,-0.02005107515,0.009180749767,1
0.03829262778,0.113400355,-0.01470937207,0.005985354539,1
0.03829262778,0.1153703928,-0.01348831784,0.002829364734,1
0.03829262778,0.1173404306,-0.0104409717,0.003918617032,1
0.0402626656,0.04838907719,-0.006638535764,0.01668977924,1
0.0402626656,0.050359115,-0.01300469693,0.01504586544,1
0.0402626656,0.05232915282,-0.01817352325,0.0127114607,1
0.0402626656,0.05429919064,-0.02240215242,0.008056811057,1
0.0402626656,0.05626922846,-0.0271071624,0.00630691275,1
0.0402626656,0.05823927,-0.02810484543,0.005977915134,1
0.0402626656,0.06020930782,-0.01940637082,0.001657616347,1
0.0402626656,0.06217934564,-0.02346778102,0.005977815483,2
0.0402626656,0.06414938718,-0.02834082395,0.008914324455,1
0.0402626656,0.066119425,-0.03303558752,0.007176591083,1
0.0402626656,0.06808946282,-0.03530286252,0.01044445112,1
0.0402626656,0.07005950063,-0.0345315598,0.007639626041,1
0.0402626656,0.07202953845,-0.03285697103,0.009678702801,1
0.0402626656,0.07399957627,-0.03896388039,0.01223631017,1
0.0402626656,0.07596961409,-0.05072926357,0.00669122953,1
0.0402626656,0.07793965936,-0.05452501029,0.005417670123,1
0.0402626656,0.07990969718,-0.05351709202,0.005671706051,1
0.0402626656,0.08187973499,-0.04557297751,0.0007523272652,1
0.0402626656,0.08384977281,-0.04838683829,4.697603072e-05,1
0.0402626656,0.08581981063,-0.04792995006,0.001579036121,1
0.0402626656,0.08778984845,-0.03907039389,-0.0005301042111,1
0.0402626656,0.08975988626,-0.02939981781,-0.002217547037,1
0.0402626656,0.09172992408,-0.02809518576,-0.001676504966,1
0.0402626656,0.0936999619,-0.02433866449,0.00309742731,1
0.0402626656,0.09567000717,-0.02450599521,0.008092273958,1
0.0402626656,0.09764004499,-0.02586450987,0.01065187529,1
0.0402626656,0.09961008281,-0.02505830303,0.008491409943,1
0.0402626656,0.1015801206,-0.03590071574,-0.0001498221827,1
0.0402626656,0.1035501584,-0.02789011784,0.006161218043,2
0.0402626656,0.1055201963,-0.02593239769,0.006564946845,1
0.0402626656,0.1074902341,-0.02487857081,0.008505495265,1
0.0402626656,0.1094602719,-0.02455411479,0.005436555948,1
0.0402626656,0.1114303172,-0.02118607983,0.003199483035,1
0.0402626656,0.113400355,-0.01600151137,0.002977734664,1
0.0402626656,0.1153703928,-0.01334196795,0.002381810918,1
0.0402626656,0.1173404306,-0.01218317449,0.00377887045,1
0.04223270342,0.04838907719,-0.006355748978,0.01671904512,2
0.04223270342,0.050359115,-0.009303134866,0.01708484255,1
0.04223270342,0.05232915282,-0.01570356637,0.01334354095,1
0.04223270342,0.05429919064,-0.0216525849,0.01115156431,1
0.04223270342,0.05626922846,-0.02729285508,0.007734687068,1
0.04223270342,0.05823927,-0.02723693475,0.006486593746,1
0.04223270342,0.06020930782,-0.01773379929,0.004148937762,1
0.04223270342,0.06217934564,-0.01995761693,0.004533363972,1
0.04223270342,0.06414938718,-0.03053030744,0.00413407851,1
0.04223270342,0.066119425,-0.03261814639,0.004445655271,1
0.04223270342,0.06808946282,-0.0330907777,0.006160392426,1
0.04223270342,0.07005950063,-0.03608160838,0.004953639116,1
0.04223270342,0.07202953845,-0.04230929911,-0.0003316207731,1
0.04223270342,0.07399957627,-0.04886615649,-0.002677282551,1
0.04223270342,0.07596961409,-0.05105920509,0.00341361179,1
0.04223270342,0.07793965936,-0.05334354937,0.004693608265,1
0.04223270342,0.07990969718,-0.05187903345,0.00600371277,1
0.04223270342,0.08187973499,-0.04450276494,0.008923298679,1
0.04223270342,0.08384977281,-0.04333594814,0.007665519603,1
0.04223270342,0.08581981063,-0.04266630858,0.0002589885262,1
0.04223270342,0.08778984845,-0.04062338546,-0.002161930315,1
0.04223270342,0.08975988626,-0.0302248802,-1.020347918e-05,1
0.04223270342,0.09172992408,-0.03288980946,-0.001677762717,1
0.04223270342,0.0936999619,-0.03715545312,0.0009163786308,1
0.04223270342,0.09567000717,-0.0365566127,0.004061430693,1
0.04223270342,0.09764004499,-0.03187230602,0.00838384591,1
0.04223270342,0.09961008281,-0.02901692875,0.01039347611,1
0.04223270342,0.1015801206,-0.02032303996,0.01127317082,1
0.04223270342,0.1035501584,-0.01757928543,0.01007043943,1
0.04223270342,0.1055201963,-0.02231859975,0.009635468945,2
0.04223270342,0.1074902341,-0.02443537116,0.01172363013,1
0.04223270342,0.1094602719,-0.02257507108,0.00557323778,1
0.04223270342,0.1114303172,-0.01977794245,0.002393844305,1
0.04223270342,0.113400355,-0.01510807313,0.001184426364,1
0.04223270342,0.1153703928,-0.01248762477,-0.001537421835,1
0.04223270342,0.1173404306,-0.01493017282,0.0007943164674,1
0.04420274496,0.04838907719,-0.003125576535,0.01638251729,1
0.04420274496,0.050359115,-0.008421624079,0.01047373191,1
0.04420274496,0.05232915282,-0.01425395254,0.01059314422,1
0.04420274496,0.05429919064,-0.02253348008,0.009943215176,1
0.04420274496,0.05626922846,-0.0270645041,0.003206814174,1
0.04420274496,0.05823927,-0.0274983272,0.003177958541,1
0.04420274496,0.06020930782,-0.02285029367,0.00541957235,1
0.04420274496,0.06217934564,-0.0296367202,0.008980674669,1
0.04420274496,0.06414938718,-0.0294915121,0.007221656851,1
0.04420274496,0.066119425,-0.03426991031,0.006058756262,1
0.04420274496,0.06808946282,-0.03527307883,0.005735557526,1
0.04420274496,0.07005950063,-0.03509122506,0.002846025396,1
0.04420274496,0.07202953845,-0.04654391482,-0.0009686990525,1
0.04420274496,0.07399957627,-0.05114839971,-0.003663133597,1
0.04420274496,0.07596961409,-0.05189753696,-0.001847173437,1
0.04420274496,0.07793965936,-0.05022585392,0.0001973193721,1
0.04420274496,0.07990969718,-0.04732808098,0.005359237082,1
0.04420274496,0.08187973499,-0.04410853982,0.01139386464,1
0.04420274496,0.08384977281,-0.04302889854,0.01030542795,1
0.04420274496,0.08581981063,-0.04157521948,0.002498661168,1
0.04420274496,0.08778984845,-0.03888328373,-0.001152308774,1
0.04420274496,0.08975988626,-0.02907401137,0.006240660325,1
0.04420274496,0.09172992408,-0.03253583238,0.002447630279,1
0.04420274496,0.0936999619,-0.03802469745,0.000771768915,1
0.04420274496,0.09567000717,-0.04090907425,0.003146308009,1
0.04420274496,0.09764004499,-0.03881246969,0.007650457788,1
0.04420274496,0.09961008281,-0.03188194335,0.0106618721,1
0.04420274496,0.1015801206,-0.0295156464,0.01051556598,1
0.04420274496,0.1035501584,-0.02661021985,0.01247689687,1
0.04420274496,0.1055201963,-0.02132734284,0.01018285938,1
0.04420274496,0.1074902341,-0.022855483,0.0133824572,1
0.04420274496,0.1094602719,-0.01822279766,0.009879847057,1
0.04420274496,0.1114303172,-0.01439435035,0.003529505804,1
0.04420274496,0.113400355,-0.01599104516,-0.001099163201,1
0.04420274496,0.1153703928,-0.01501394249,-0.003662873991,1
0.04420274496,0.1173404306,-0.01855267398,-0.003130258527,1
0.04617278278,0.04838907719,-0.005730500445,0.01317010541,1
0.04617278278,0.050359115,-0.01042748429,0.004149817396,1
0.04617278278,0.05232915282,-0.01271721534,0.00176508259,1
0.04617278278,0.05429919064,-0.01816816255,-0.001221589977,1
0.04617278278,0.05626922846,-0.02738192677,-0.002077053767,1
0.04617278278,0.05823927,-0.02902061492,0.002270283177,1
0.04617278278,0.06020930782,-0.02876086347,0.003082194366,1
0.04617278278,0.06217934564,-0.03250057623,0.005339255556,1
0.04617278278,0.06414938718,-0.03357838839,0.005449265242,1
0.04617278278,0.066119425,-0.03814072534,0.004644665401,1
0.04617278278,0.06808946282,-0.04060484096,0.002742912155,1
0.04617278278,0.07005950063,-0.0425153859,0.00157340453,1
0.04617278278,0.07202953845,-0.05234955996,0.004353246186,1
0.04617278278,0.07399957627,-0.05122988299,0.001779543003,1
0.04617278278,0.07596961409,-0.0500208959,7.665985322e-05,1
0.04617278278,0.07793965936,-0.0495134145,0.001590060187,1
0.04617278278,0.07990969718,-0.04621933773,0.006808771286,1
0.04617278278,0.08187973499,-0.04312945157,0.0106344102,1
0.04617278278,0.08384977281,-0.04180701077,0.009697237052,1
0.04617278278,0.08581981063,-0.04031857103,0.005429728888,1
0.04617278278,0.08778984845,-0.03707158193,0.005601373035,1
0.04617278278,0.08975988626,-0.02868692949,0.007322606165,1
0.04617278278,0.09172992408,-0.02980106696,0.006922225002,1
0.04617278278,0.0936999619,-0.03316729143,0.004175388254,1
0.04617278278,0.09567000717,-0.04331842437,0.003109222045,1
0.04617278278,0.09764004499,-0.04398848489,0.008475453593,1
0.04617278278,0.09961008281,-0.03350796551,0.009125220589,1
0.04617278278,0.1015801206,-0.0313705802,0.008757274598,1
0.04617278278,0.1035501584,-0.03425110132,0.01220173389,1
0.04617278278,0.1055201963,-0.02598306164,0.011434149,1
0.04617278278,0.1074902341,-0.01953808777,0.01038123388,1
0.04617278278,0.1094602719,-0.0147004677,0.005323322956,1
0.04617278278,0.1114303172,-0.009112981148,0.00495105423,1
0.04617278278,0.113400355,-0.01567305252,-0.001539403806,1
0.04617278278,0.1153703928,-0.01891638897,-0.003103451803,1
0.04617278278,0.1173404306,-0.01894894056,-0.006477104034,1
0.0481428206,0.04838907719,-0.005646844395,0.008361349814,1
0.0481428206,0.050359115,-0.009207357652,0.001072053565,1
0.0481428206,0.05232915282,-0.01320843771,-0.0001966724813,1
0.0481428206,0.05429919064,-0.01904381439,-0.002906795125,1
0.0481428206,0.05626922846,-0.0198276341,-0.0002531291684,1
0.0481428206,0.05823927,-0.02928163297,0.001005770173,1
0.0481428206,0.06020930782,-0.03075606376,0.0002674017451,1
0.0481428206,0.06217934564,-0.03281111643,0.0009613219881,1
0.0481428206,0.06414938718,-0.03391965106,0.001222675201,1
0.0481428206,0.066119425,-0.0343882367,0.002042068867,1
0.0481428206,0.06808946282,-0.03514268622,0.0007028746768,1
0.0481428206,0.07005950063,-0.04158199206,0.001279464108,1
0.0481428206,0.07202953845,-0.04650944844,0.002493438078,1
0.0481428206,0.07399957627,-0.04819646105,0.002616556827,1
0.0481428206,0.07596961409,-0.048619546,0.003003857331,1
0.0481428206,0.07793965936,-0.04901729897,0.002351314295,1
0.0481428206,0.07990969718,-0.04465736449,0.005990681704,1
0.0481428206,0.08187973499,-0.04098048434,0.009150368161,1
0.0481428206,0.08384977281,-0.04030531272,0.00817106571,1
0.0481428206,0.08581981063,-0.03895881027,0.00766535569,1
0.0481428206,0.08778984845,-0.03626831248,0.008743098006,1
0.0481428206,0.08975988626,-0.03624548763,0.01087676734,1
0.0481428206,0.09172992408,-0.03231746331,0.008307277225,1
0.0481428206,0.0936999619,-0.03557552025,0.009302205406,1
0.0481428206,0.09567000717,-0.04063737765,0.01092615817,1
0.0481428206,0.09764004499,-0.04212731495,0.008102413267,1
0.0481428206,0.09961008281,-0.02910764143,0.006683000829,1
0.0481428206,0.1015801206,-0.02811411768,0.006210721098,1
0.0481428206,0.1035501584,-0.03618719429,0.007601460908,1
0.0481428206,0.1055201963,-0.02702681348,0.008158760145,1
0.0481428206,0.1074902341,-0.01437433343,0.006408614572,1
0.0481428206,0.1094602719,-0.009176486172,0.006130462047,1
0.0481428206,0.1114303172,-0.008871513419,0.002407423221,1
0.0481428206,0.113400355,-0.01193751115,-0.0005755379098,1
0.0481428206,0.1153703928,-0.01594032533,-0.004764021374,1
0.0481428206,0.1173404306,-0.02086905017,-0.008699826896,1
0.05011285841,0.04838907719,-0.004379176069,0.006482895464,1
0.05011285841,0.050359115,-0.01733312942,-0.003108547535,1
0.05011285841,0.05232915282,-0.01675827429,0.004077391233,1
0.05011285841,0.05429919064,-0.02273946255,-1.550546949e-05,1
0.05011285841,0.05626922846,-0.02654643171,-0.0008688940434,1
0.05011285841,0.05823927,-0.02713152952,-0.002568093361,1
0.05011285841,0.06020930782,-0.02960554138,-0.002261842834,1
0.05011285841,0.06217934564,-0.0253292881,-0.002710902365,1
0.05011285841,0.06414938718,-0.02729571238,-0.004177269991,1
0.05011285841,0.066119425,-0.03256864101,-0.005268434528,1
0.05011285841,0.06808946282,-0.04028521478,-0.005215096287,1
0.05011285841,0.07005950063,-0.04191681743,0.0005095197121,1
0.05011285841,0.07202953845,-0.04476446286,0.000499766029,1
0.05011285841,0.07399957627,-0.04754911363,0.0002711178095,1
0.05011285841,0.07596961409,-0.04486498609,-0.0006898645661,1
0.05011285841,0.07793965936,-0.04642013833,-0.0002273703285,1
0.05011285841,0.07990969718,-0.04462633654,0.004446184728,1
0.05011285841,0.08187973499,-0.03955196589,0.006784549449,1
0.05011285841,0.08384977281,-0.03976405412,0.007614150178,1
0.05011285841,0.08581981063,-0.03505935892,0.01083359215,1
0.05011285841,0.08778984845,-0.03354686871,0.01030881703,1
0.05011285841,0.08975988626,-0.0433677882,0.01066520065,1
0.05011285841,0.09172992408,-0.03955969587,0.0001279871503,1
0.05011285841,0.0936999619,-0.0430108197,-0.0003398505796,1
0.05011285841,0.09567000717,-0.04601687565,0.001016002265,1
0.05011285841,0.09764004499,-0.03747816384,0.0003271712048,1
0.05011285841,0.09961008281,-0.03570444882,0.001601918018,1
0.05011285841,0.1015801206,-0.04682368413,0.00586769497,1
0.05011285841,0.1035501584,-0.03940296918,0.006647911388,1
0.05011285841,0.1055201963,-0.01730013266,0.00375107117,1
0.05011285841,0.1074902341,-0.009356984869,0.005293646362,1
0.05011285841,0.1094602719,-0.00844889041,0.004941956606,1
0.05011285841,0.1114303172,-0.008487240411,0.003390932688,1
0.05011285841,0.113400355,-0.01084579248,0.002172233304,1
0.05011285841,0.1153703928,-0.01422336791,-0.002408891451,1
0.05011285841,0.1173404306,-0.01485809777,-0.007393129636,1
0.05208289623,0.04838907719,0.004332128447,0.01034545712,1
0.05208289623,0.050359115,-0.01535068825,-0.0004019134212,1
0.05208289623,0.05232915282,-0.00954590831,0.005765574053,1
0.05208289623,0.05429919064,-0.02147130482,0.0005966569297,1
0.05208289623,0.05626922846,-0.02585437149,-0.0001014617228,1
0.05208289623,0.05823927,-0.02625203505,-0.003558643628,2
0.05208289623,0.06020930782,-0.02414992824,-0.005188780837,1
0.05208289623,0.06217934564,-0.0218992196,-0.002181895077,1
0.05208289623,0.06414938718,-0.02686723135,-0.003953434527,1
0.05208289623,0.066119425,-0.0360176526,-0.007501576096,1
0.05208289623,0.06808946282,-0.04026897252,-0.004488024395,2
0.05208289623,0.07005950063,-0.04261456802,-0.002761951881,1
0.05208289623,0.07202953845,-0.0437008366,-0.003763705026,1
0.05208289623,0.07399957627,-0.04638594016,-0.005485738162,1
0.05208289623,0.07596961409,-0.04679346085,-0.003407245502,1
0.05208289623,0.07793965936,-0.04609537125,-0.001536072348,1
0.05208289623,0.07990969718,-0.04959871992,0.001877570525,1
0.05208289623,0.08187973499,-0.05098631233,0.009112395346,1
0.05208289623,0.08384977281,-0.04339024797,0.01019796543,1
0.05208289623,0.08581981063,-0.03520676494,0.01184094418,1
0.05208289623,0.08778984845,-0.03349270299,0.01201746892,1
0.05208289623,0.08975988626,-0.03201552853,0.01053107064,1
0.05208289623,0.09172992408,-0.03727237135,0.004786452744,1
0.05208289623,0.0936999619,-0.04565670714,-0.001753026503,1
0.05208289623,0.09567000717,-0.04786789045,-0.0002405195701,1
0.05208289623,0.09764004499,-0.04071815312,0.0004061241052,1
0.05208289623,0.09961008281,-0.03904876485,-0.0005569505156,1
0.05208289623,0.1015801206,-0.04723280668,0.007601507939,1
0.05208289623,0.1035501584,-0.03088658676,0.002515921369,1
0.05208289623,0.1055201963,-0.01770868525,-0.0004938680213,1
0.05208289623,0.1074902341,-0.01236526575,0.0005349910934,1
0.05208289623,0.1094602719,-0.008972350508,0.003270746209,1
0.05208289623,0.1114303172,-0.009155836888,0.002947899746,1
0.05208289623,0.113400355,-0.01120170206,0.004706917796,1
0.05208289623,0.1153703928,-0.01408127602,0.00513446331,1
0.05208289623,0.1173404306,-0.01214794908,-0.0007860629121,1
0.05405293778,0.04838907719,0.002650165465,0.009738655761,1
0.05405293778,0.050359115,-0.004648573231,0.009031796828,1
0.05405293778,0.05232915282,-0.01312686689,0.006805702578,1
0.05405293778,0.05429919064,-0.02016988955,0.002694998635,1
0.05405293778,0.05626922846,-0.02578677982,0.0001499430509,1
0.05405293778,0.05823927,-0.02787231281,-0.00637623854,1
0.05405293778,0.06020930782,-0.02481264994,-0.003986491822,1
0.05405293778,0.06217934564,-0.02551459707,-0.002393792383,1
0.05405293778,0.06414938718,-0.03020452149,0.001511262264,1
0.05405293778,0.066119425,-0.0360372141,-0.0003446339397,2
0.05405293778,0.06808946282,-0.04215845093,-0.002473473549,1
0.05405293778,0.07005950063,-0.04261211678,-0.003200457431,1
0.05405293778,0.07202953845,-0.04267381132,-0.004542957526,1
0.05405293778,0.07399957627,-0.04672181606,-0.00595668098,1
0.05405293778,0.07596961409,-0.05136412755,-0.001125150244,1
0.05405293778,0.07793965936,-0.05092932656,0.001449220581,1
0.05405293778,0.07990969718,-0.04938559234,0.0009194058366,1
0.05405293778,0.08187973499,-0.0508941561,0.006238084286,1
0.05405293778,0.08384977281,-0.04552476108,0.003608506173,1
0.05405293778,0.08581981063,-0.03712449595,0.00427698018,1
0.05405293778,0.08778984845,-0.03155126795,0.01271495782,1
0.05405293778,0.08975988626,-0.03065023199,0.01170680206,1
0.05405293778,0.09172992408,-0.03448946029,0.009130070917,1
0.05405293778,0.0936999619,-0.04520659894,0.002781282179,1
0.05405293778,0.09567000717,-0.04258347303,0.009185304865,1
0.05405293778,0.09764004499,-0.04655427486,0.004986808635,1
0.05405293778,0.09961008281,-0.05295481533,0.0004472922883,1
0.05405293778,0.1015801206,-0.04482819885,0.0009583002538,1
0.05405293778,0.1035501584,-0.02839745954,-0.001876213588,1
0.05405293778,0.1055201963,-0.02056341618,-0.002522542141,1
0.05405293778,0.1074902341,-0.01394703984,-0.002093971241,1
0.05405293778,0.1094602719,-0.01174159721,0.0003795490775,1
0.05405293778,0.1114303172,-0.01598250121,0.001795760589,1
0.05405293778,0.113400355,-0.01332712732,0.006259821821,1
0.05405293778,0.1153703928,-0.01256237924,0.005581148434,1
0.05405293778,0.1173404306,-0.007411643863,0.00500032492,1
0.05602297559,0.04838907719,0.00318150199,0.004991840106,1
0.05602297559,0.050359115,-0.007649198174,0.006144805346,1
0.05602297559,0.05232915282,-0.01269964594,0.006261643954,1
0.05602297559,0.05429919064,-0.01987474598,0.003427775577,1
0.05602297559,0.05626922846,-0.02468594164,0.00389990001,1
0.05602297559,0.05823927,-0.02658134699,0.004360077903,1
0.05602297559,0.06020930782,-0.03002201952,0.002068831585,1
0.05602297559,0.06217934564,-0.03050573543,0.002037261147,1
0.05602297559,0.06414938718,-0.02540126629,0.0002656006836,1
0.05602297559,0.066119425,-0.03576822206,0.007085251622,1
0.05602297559,0.06808946282,-0.03805308044,0.00141177664,1
0.05602297559,0.07005950063,-0.04050673917,-0.000599371735,1
0.05602297559,0.07202953845,-0.0452715829,-0.001638946589,1
0.05602297559,0.07399957627,-0.05366214737,-0.00488524884,1
0.05602297559,0.07596961409,-0.05066491663,-0.0003316571529,1
0.05602297559,0.07793965936,-0.04846695811,0.003463706234,1
0.05602297559,0.07990969718,-0.04344832897,0.005697613116,1
0.05602297559,0.08187973499,-0.03564837575,0.005139554385,1
0.05602297559,0.08384977281,-0.04032169655,0.004343139008,1
0.05602297559,0.08581981063,-0.03505512327,0.003626721911,1
0.05602297559,0.08778984845,-0.0315823108,0.002720227931,1
0.05602297559,0.08975988626,-0.0394352302,0.01659416594,1
0.05602297559,0.09172992408,-0.03899721056,0.01435672119,1
0.05602297559,0.0936999619,-0.04199299589,0.01090467442,1
0.05602297559,0.09567000717,-0.04478872195,0.01272142213,1
0.05602297559,0.09764004499,-0.04404351115,0.008240430616,1
0.05602297559,0.09961008281,-0.04984977841,0.002233640524,1
0.05602297559,0.1015801206,-0.04206351563,-0.004025887232,1
0.05602297559,0.1035501584,-0.02920304984,-0.007935866714,1
0.05602297559,0.1055201963,-0.02242279239,-0.003937783651,1
0.05602297559,0.1074902341,-0.01475124434,-0.00278695696,1
0.05602297559,0.1094602719,-0.01387972198,-0.001263477723,1
0.05602297559,0.1114303172,-0.01816792972,0.001733480603,1
0.05602297559,0.113400355,-0.01297459658,0.003922809847,1
0.05602297559,0.1153703928,-0.01345225424,0.003689951962,1
0.05602297559,0.1173404306,-0.01110133249,0.003666610457,2
0.05799301341,0.04838907719,-0.00430710474,0.002966945991,1
0.05799301341,0.050359115,-0.01213293616,0.005946843885,1
0.05799301341,0.05232915282,-0.01368193887,0.006164801773,1
0.05799301341,0.05429919064,-0.01648204587,0.003854392795,1
0.05799301341,0.05626922846,-0.02103892341,0.0110465223,1
0.05799301341,0.05823927,-0.02383038029,0.009181514382,1
0.05799301341,0.06020930782,-0.02964129113,0.002486706944,1
0.05799301341,0.06217934564,-0.03146412969,0.002683323808,1
0.05799301341,0.06414938718,-0.0323770605,0.003812397365,1
0.05799301341,0.066119425,-0.03599062935,0.0107575506,1
0.05799301341,0.06808946282,-0.03382830322,0.004220742267,1
0.05799301341,0.07005950063,-0.03648494184,0.004351156298,1
0.05799301341,0.07202953845,-0.04444600642,0.005113234743,1
0.05799301341,0.07399957627,-0.05757234618,0.0003108496312,1
0.05799301341,0.07596961409,-0.0552174747,-0.0003814609081,1
0.05799301341,0.07793965936,-0.04724476859,0.003664966207,1
0.05799301341,0.07990969718,-0.04081187397,0.00581063889,1
0.05799301341,0.08187973499,-0.03423080593,0.006463815458,1
0.05799301341,0.08384977281,-0.03603941202,0.01445821393,1
0.05799301341,0.08581981063,-0.0333862491,0.00831673108,1
0.05799301341,0.08778984845,-0.03100534528,0.008063992485,1
0.05799301341,0.08975988626,-0.03829277307,0.01473710407,1
0.05799301341,0.09172992408,-0.03724385425,0.0138341235,1
0.05799301341,0.0936999619,-0.04027024657,0.00800533127,1
0.05799301341,0.09567000717,-0.04516276717,0.009082945064,1
0.05799301341,0.09764004499,-0.04394144565,0.006615060847,1
0.05799301341,0.09961008281,-0.04308457673,-0.00615692744,1
0.05799301341,0.1015801206,-0.03950440511,-0.00973980967,1
0.05799301341,0.1035501584,-0.02954120189,-0.007420946844,1
0.05799301341,0.1055201963,-0.02201662958,-0.004976643249,1
0.05799301341,0.1074902341,-0.01746915467,-0.004138650838,1
0.05799301341,0.1094602719,-0.0171632655,-0.003551099915,1
0.05799301341,0.1114303172,-0.01829686016,-0.002271017293,1
0.05799301341,0.113400355,-0.01616726629,0.0005438903463,1
0.05799301341,0.1153703928,-0.01324319839,0.002175194677,1
0.05799301341,0.1173404306,-0.01244009752,0.002309554024,1
0.05996305123,0.04838907719,-0.007735756226,0.005855083931,1
0.05996305123,0.050359115,-0.0163970124,0.008167850785,1
0.05996305123,0.05232915282,-0.01474832557,0.006716617849,1
0.05996305123,0.05429919064,-0.01459530927,0.005652965046,1
0.05996305123,0.05626922846,-0.02515188791,0.004531075712,1
0.05996305123,0.05823927,-0.02099501714,0.006506157108,1
0.05996305123,0.06020930782,-0.02784984931,0.003604947124,1
0.05996305123,0.06217934564,-0.03142404556,0.004164560698,1
0.05996305123,0.06414938718,-0.03405246511,0.004780341871,1
0.05996305123,0.066119425,-0.03534037992,0.007450619247,1
0.05996305123,0.06808946282,-0.03333702311,0.00676696701,1
0.05996305123,0.07005950063,-0.03505798802,0.009585744701,1
0.05996305123,0.07202953845,-0.0428904146,0.01060622651,1
0.05996305123,0.07399957627,-0.05664670095,0.004614870064,1
0.05996305123,0.07596961409,-0.05527843535,0.0004399205791,2
0.05996305123,0.07793965936,-0.04869791493,-0.00235515181,1
0.05996305123,0.07990969718,-0.03893040493,0.0004725393956,1
0.05996305123,0.08187973499,-0.03828893602,0.005338170566,1
0.05996305123,0.08384977281,-0.03622633964,0.01140518486,1
0.05996305123,0.08581981063,-0.03364416212,0.007041214965,1
0.05996305123,0.08778984845,-0.03301335499,0.006775877904,1
0.05996305123,0.08975988626,-0.03605797514,0.00244261371,1
0.05996305123,0.09172992408,-0.03453340381,0.006027532741,1
0.05996305123,0.0936999619,-0.03603164479,0.006347622722,1
0.05996305123,0.09567000717,-0.04118825495,0.001598348026,1
0.05996305123,0.09764004499,-0.03819367662,0.004467127379,1
0.05996305123,0.09961008281,-0.04219282046,-0.006873845123,1
0.05996305123,0.1015801206,-0.03840974346,-0.01022540033,1
0.05996305123,0.1035501584,-0.02838033251,-0.00914740283,1
0.05996305123,0.1055201963,-0.02182580903,-0.009486773983,1
0.05996305123,0.1074902341,-0.01813236997,-0.007393395528,1
0.05996305123,0.1094602719,-0.01915788092,-0.00378121715,1
0.05996305123,0.1114303172,-0.01912956499,-0.001926095691,1
0.05996305123,0.113400355,-0.01823387295,0.0004771151289,1
0.05996305123,0.1153703928,-0.01681329496,0.000657202967,1
0.05996305123,0.1173404306,-0.0152453566,-0.002117377473,1
0.06193309277,0.04838907719,-0.007358316798,0.005022099242,1
0.06193309277,0.050359115,-0.006974348798,0.006920400541,1
0.06193309277,0.05232915282,-0.01037205197,0.006793908309,1
0.06193309277,0.05429919064,-0.01597735286,0.00867722556,1
0.06193309277,0.05626922846,-0.02108847909,0.007026343606,1
0.06193309277,0.05823927,-0.02491526119,0.002296907129,1
0.06193309277,0.06020930782,-0.02577384561,0.007149630692,1
0.06193309277,0.06217934564,-0.03514929116,0.01066066418,1
0.06193309277,0.06414938718,-0.03690347821,0.01171473227,1
0.06193309277,0.066119425,-0.03552341089,0.01287954021,1
0.06193309277,0.06808946282,-0.03454473242,0.01570839249,1
0.06193309277,0.07005950063,-0.03657183796,0.01417091675,1
0.06193309277,0.07202953845,-0.04187607765,0.008988621645,1
0.06193309277,0.07399957627,-0.05576109886,0.004965036176,1
0.06193309277,0.07596961409,-0.06055163965,-0.0001185750953,1
0.06193309277,0.07793965936,-0.05224555358,-0.004022275563,1
0.06193309277,0.07990969718,-0.0445763804,-0.002212562598,1
0.06193309277,0.08187973499,-0.03789406642,0.002409951994,1
0.06193309277,0.08384977281,-0.034115538,0.003331869375,1
0.06193309277,0.08581981063,-0.03463232517,0.004537632689,1
0.06193309277,0.08778984845,-0.03503549471,0.005691518541,1
0.06193309277,0.08975988626,-0.03397725523,0.004987138789,1
0.06193309277,0.09172992408,-0.03216968104,0.007932774723,1
0.06193309277,0.0936999619,-0.03239340708,0.01214804128,1
0.06193309277,0.09567000717,-0.03412806615,0.003331112443,1
0.06193309277,0.09764004499,-0.03993065283,-0.002450441476,1
0.06193309277,0.09961008281,-0.03828171268,-0.005033079535,1
0.06193309277,0.1015801206,-0.03348313645,-0.005948186386,1
0.06193309277,0.1035501584,-0.02929328009,-0.01213423535,1
0.06193309277,0.1055201963,-0.02603728697,-0.01231887285,1
0.06193309277,0.1074902341,-0.02283382416,-0.007915868424,1
0.06193309277,0.1094602719,-0.02167489938,-0.0010238674,1
0.06193309277,0.1114303172,-0.02087481692,0.001522011589,1
0.06193309277,0.113400355,-0.02015408501,0.003539738478,1
0.06193309277,0.1153703928,-0.02109739184,0.001100998488,1
0.06193309277,0.1173404306,-0.02009844407,-0.002718206728,1
0.06390313059,0.04838907719,-0.01022210624,0.002006227383,1
0.06390313059,0.050359115,-0.008540784009,0.007029239088,1
0.06390313059,0.05232915282,-0.01197990123,0.007710088976,1
0.06390313059,0.05429919064,-0.01744581386,0.009192951024,1
0.06390313059,0.05626922846,-0.01442739926,0.006580201443,1
0.06390313059,0.05823927,-0.01900909841,0.006674091797,1
0.06390313059,0.06020930782,-0.02945044823,0.01217789389,1
0.06390313059,0.06217934564,-0.04048407078,0.014577589,1
0.06390313059,0.06414938718,-0.04088833183,0.01625235938,1
0.06390313059,0.066119425,-0.03763392195,0.02022857964,1
0.06390313059,0.06808946282,-0.03588918969,0.02140652388,1
0.06390313059,0.07005950063,-0.03367805853,0.01616981253,1
0.06390313059,0.07202953845,-0.03920952231,0.01218070183,1
0.06390313059,0.07399957627,-0.05278110877,0.005026071332,1
0.06390313059,0.07596961409,-0.05610115826,-0.0002378174395,1
0.06390313059,0.07793965936,-0.0500815846,-0.003309066175,1
0.06390313059,0.07990969718,-0.04709744826,-0.001993424492,1
0.06390313059,0.08187973499,-0.04149803147,0.001178088947,1
0.06390313059,0.08384977281,-0.03604890779,0.003126013093,1
0.06390313059,0.08581981063,-0.03440506011,0.001894402667,1
0.06390313059,0.08778984845,-0.0366252698,0.00551016815,1
0.06390313059,0.08975988626,-0.03298644349,0.008214017376,1
0.06390313059,0.09172992408,-0.02965177968,0.009933251888,1
0.06390313059,0.0936999619,-0.03009770066,0.01137069706,1
0.06390313059,0.09567000717,-0.03396328166,0.006683503278,1
0.06390313059,0.09764004499,-0.03610503301,0.00179747527,1
0.06390313059,0.09961008281,-0.03489204869,-0.002606804483,1
0.06390313059,0.1015801206,-0.03620372713,-0.0007558630896,1
0.06390313059,0.1035501584,-0.03480805084,-0.007576263044,1
0.06390313059,0.1055201963,-0.03253662214,-0.00318610738,2
0.06390313059,0.1074902341,-0.02714649029,0.003051635111,1
0.06390313059,0.1094602719,-0.03210143745,0.005730912089,1
0.06390313059,0.1114303172,-0.02737918869,0.008193829097,1
0.06390313059,0.113400355,-0.02422660217,0.00840561837,1
0.06390313059,0.1153703928,-0.02651805617,0.005690397695,1
0.06390313059,0.1173404306,-0.01567320153,0.003295554081,1
0.06587316841,0.04838907719,-0.008847131394,0.004857841413,1
0.06587316841,0.050359115,-0.009435357526,0.005862527061,1
0.06587316841,0.05232915282,-0.01410077419,0.006817623507,1
0.06587316841,0.05429919064,-0.01995795593,0.008230451494,1
0.06587316841,0.05626922846,-0.01900969073,0.007524604909,1
0.06587316841,0.05823927,-0.02645658329,0.009031859227,1
0.06587316841,0.06020930782,-0.03897907212,0.01277758926,1
0.06587316841,0.06217934564,-0.0448712185,0.01903341152,1
0.06587316841,0.06414938718,-0.0448792167,0.01998404227,1
0.06587316841,0.066119425,-0.03169163316,0.01178766415,1
0.06587316841,0.06808946282,-0.03027710505,0.01104301587,1
0.06587316841,0.07005950063,-0.03424739465,0.01473178063,1
0.06587316841,0.07202953845,-0.03864556551,0.01149278972,1
0.06587316841,0.07399957627,-0.04692629352,0.007564981002,1
0.06587316841,0.07596961409,-0.0503734611,0.002508387668,1
0.06587316841,0.07793965936,-0.0559261851,-0.000591892167,1
0.06587316841,0.07990969718,-0.05152107775,-0.001112255617,1
0.06587316841,0.08187973499,-0.04382290691,0.002878455678,1
0.06587316841,0.08384977281,-0.03768639639,0.005692134611,1
0.06587316841,0.08581981063,-0.03356959298,0.0102169998,1
0.06587316841,0.08778984845,-0.03140933439,0.01425864175,1
0.06587316841,0.08975988626,-0.02862474322,0.01226333715,1
0.06587316841,0.09172992408,-0.02605351061,0.005679382943,1
0.06587316841,0.0936999619,-0.02635868639,0.001594047993,1
0.06587316841,0.09567000717,-0.03358923644,0.008924189955,1
0.06587316841,0.09764004499,-0.03383673355,0.006630775519,1
0.06587316841,0.09961008281,-0.03628601134,0.002850874793,1
0.06587316841,0.1015801206,-0.04033708945,0.002750982763,1
0.06587316841,0.1035501584,-0.04252184182,0.002243707655,1
0.06587316841,0.1055201963,-0.04215466976,0.004099071492,1
0.06587316841,0.1074902341,-0.03967344016,0.01155377179,1
0.06587316841,0.1094602719,-0.03405107185,0.0111744348,2
0.06587316841,0.1114303172,-0.03009756096,0.01156106312,2
0.06587316841,0.113400355,-0.0274003651,0.01075789891,1
0.06587316841,0.1153703928,-0.03105754592,0.01625548676,1
0.06587316841,0.1173404306,-0.01474754699,0.0143483365,1
0.06784320623,0.04838907719,-0.01045290381,0.003131138859,2
0.06784320623,0.050359115,-0.01390133798,0.00257444731,1
0.06784320623,0.05232915282,-0.02282300778,0.002657418139,1
0.06784320623,0.05429919064,-0.02687514201,0.005561307073,1
0.06784320623,0.05626922846,-0.03079870157,0.006696026307,1
0.06784320623,0.05823927,-0.03840233013,0.005870053545,1
0.06784320623,0.06020930782,-0.04958758131,0.007613547146,1
0.06784320623,0.06217934564,-0.05199711025,0.01934740134,1
0.06784320623,0.06414938718,-0.04891768843,0.02200556919,1
0.06784320623,0.066119425,-0.03730057552,0.01121182181,1
0.06784320623,0.06808946282,-0.03257626668,0.01186007354,1
0.06784320623,0.07005950063,-0.03537274152,0.01354426797,1
0.06784320623,0.07202953845,-0.03831565008,0.01078750286,1
0.06784320623,0.07399957627,-0.04208543524,0.00964250043,1
0.06784320623,0.07596961409,-0.04466155171,0.002416336676,1
0.06784320623,0.07793965936,-0.04994688556,0.001924490789,1
0.06784320623,0.07990969718,-0.04873633385,0.002137437696,2
0.06784320623,0.08187973499,-0.04690863937,0.005000100005,1
0.06784320623,0.08384977281,-0.03523667157,0.005725291558,1
0.06784320623,0.08581981063,-0.03244485706,0.0131246699,1
0.06784320623,0.08778984845,-0.02764005773,0.008985640481,1
0.06784320623,0.08975988626,-0.02579816431,0.005784113891,1
0.06784320623,0.09172992408,-0.02601249702,0.002533630235,1
0.06784320623,0.0936999619,-0.02658164501,0.002476376016,1
0.06784320623,0.09567000717,-0.02616988681,0.009544475004,1
0.06784320623,0.09764004499,-0.03145559505,0.003285201499,1
0.06784320623,0.09961008281,-0.03364868462,0.0006795723457,1
0.06784320623,0.1015801206,-0.03583434224,0.001040411647,1
0.06784320623,0.1035501584,-0.04566869512,0.005966102239,1
0.06784320623,0.1055201963,-0.04656332359,0.009194305167,1
0.06784320623,0.1074902341,-0.04390576482,0.01473736763,1
0.06784320623,0.1094602719,-0.03433185443,0.01585199311,1
0.06784320623,0.1114303172,-0.03155961633,0.01611808687,1
0.06784320623,0.113400355,-0.02997770905,0.01769088209,1
0.06784320623,0.1153703928,-0.03757777438,0.01615444571,1
0.06784320623,0.1173404306,-0.01186394691,0.02369431593,1
0.06981324404,0.04838907719,-0.008610241115,0.001961127855,1
0.06981324404,0.050359115,-0.01981971785,0.001820635982,1
0.06981324404,0.05232915282,-0.02609812841,-0.0009913898539,1
0.06981324404,0.05429919064,-0.03423753381,0.002059036633,1
0.06981324404,0.05626922846,-0.04107278958,0.001003414858,1
0.06981324404,0.05823927,-0.04666112736,-0.001734318212,1
0.06981324404,0.06020930782,-0.05829460546,-0.003678281326,1
0.06981324404,0.06217934564,-0.06460872293,0.0003159501648,2
0.06981324404,0.06414938718,-0.0698383972,0.002778648632,1
0.06981324404,0.066119425,-0.0629016459,0.006850622129,1
0.06981324404,0.06808946282,-0.05208087713,0.01255171187,1
0.06981324404,0.07005950063,-0.04217262566,0.009491305798,1
0.06981324404,0.07202953845,-0.0492060855,0.01436684094,1
0.06981324404,0.07399957627,-0.04032382369,0.01561087649,1
0.06981324404,0.07596961409,-0.04321954772,0.01362744533,1
0.06981324404,0.07793965936,-0.04679833725,0.008317974396,1
0.06981324404,0.07990969718,-0.04656871781,0.002737415722,2
0.06981324404,0.08187973499,-0.04601510242,0.001820115373,1
0.06981324404,0.08384977281,-0.02744019404,-0.001034490764,1
0.06981324404,0.08581981063,-0.02082163841,-0.003636999289,1
0.06981324404,0.08778984845,-0.02441942878,-0.009417928755,1
0.06981324404,0.08975988626,-0.02589712478,-0.007147830911,1
0.06981324404,0.09172992408,-0.02667335793,-0.002144812141,1
0.06981324404,0.0936999619,-0.02719034627,-0.0005195319536,1
0.06981324404,0.09567000717,-0.02991751768,0.0001597350201,1
0.06981324404,0.09764004499,-0.03387570009,-0.005176116712,1
0.06981324404,0.09961008281,-0.03650921211,-0.002783967182,1
0.06981324404,0.1015801206,-0.04126011208,0.005359134171,1
0.06981324404,0.1035501584,-0.04589882493,0.008489103988,1
0.06981324404,0.1055201963,-0.0470822677,0.009088384919,1
0.06981324404,0.1074902341,-0.04572571814,0.0108772926,1
0.06981324404,0.1094602719,-0.04010523111,0.01500559505,1
0.06981324404,0.1114303172,-0.03623519093,0.01769271679,1
0.06981324404,0.113400355,-0.03586161509,0.02063796669,1
0.06981324404,0.1153703928,-0.03985281289,0.0181545224,1
0.06981324404,0.1173404306,-0.01811964624,0.02211200818,1
0.07178328186,0.04838907719,-0.009918153286,-0.002637302736,1
0.07178328186,0.050359115,-0.02355576307,-0.006498511415,1
0.07178328186,0.05232915282,-0.02916758135,-0.01027675625,1
0.07178328186,0.05429919064,-0.04134769738,-0.009255240671,1
0.07178328186,0.05626922846,-0.05387253314,-0.004549561068,1
0.07178328186,0.05823927,-0.05671180785,-0.006687339395,1
0.07178328186,0.06020930782,-0.06493707746,-0.009679604322,2
0.07178328186,0.06217934564,-0.07830478251,-0.01718396693,1
0.07178328186,0.06414938718,-0.07683140039,-0.01008410007,1
0.07178328186,0.066119425,-0.07856941223,-0.00168962765,1
0.07178328186,0.06808946282,-0.06644304097,0.006066700444,1
0.07178328186,0.07005950063,-0.04337746277,0.002759847557,1
0.07178328186,0.07202953845,-0.04060794041,0.01066579297,2
0.07178328186,0.07399957627,-0.03985192254,0.02375722118,1
0.07178328186,0.07596961409,-0.04324559867,0.01547315624,2
0.07178328186,0.07793965936,-0.04603684321,0.01635158062,1
0.07178328186,0.07990969718,-0.04472510517,-0.001325863763,1
0.07178328186,0.08187973499,-0.03843789175,-0.005835592281,1
0.07178328186,0.08384977281,-0.02407585084,-0.00993035268,1
0.07178328186,0.08581981063,-0.02186153084,-0.01122532971,1
0.07178328186,0.08778984845,-0.02597735636,-0.01490174234,1
0.07178328186,0.08975988626,-0.02850225382,-0.0143124545,1
0.07178328186,0.09172992408,-0.0281984657,-0.007753285114,1
0.07178328186,0.0936999619,-0.02933497354,-0.00898658298,1
0.07178328186,0.09567000717,-0.03430273384,-0.01172307413,1
0.07178328186,0.09764004499,-0.03431049362,-0.006273327861,2
0.07178328186,0.09961008281,-0.03779276833,-0.003748680931,1
0.07178328186,0.1015801206,-0.04402436689,0.005168979522,1
0.07178328186,0.1035501584,-0.0464761965,0.007531540468,1
0.07178328186,0.1055201963,-0.04821227491,0.008049282245,1
0.07178328186,0.1074902341,-0.0487046428,0.008848183788,1
0.07178328186,0.1094602719,-0.04359313846,0.01443152037,1
0.07178328186,0.1114303172,-0.03885867074,0.01665111817,1
0.07178328186,0.113400355,-0.03668147698,0.0195583161,1
0.07178328186,0.1153703928,-0.03466732055,0.01736209914,1
0.07178328186,0.1173404306,-0.02691665292,0.01056562364,1
0.07375332713,0.04838907719,-0.0172906518,-0.006618489046,2
0.07375332713,0.050359115,-0.02202456817,-0.01118781604,2
0.07375332713,0.05232915282,-0.02712347731,-0.0165763367,1
0.07375332713,0.05429919064,-0.05357537046,-0.01318723056,1
0.07375332713,0.05626922846,-0.0599549599,-0.009845700115,2
0.07375332713,0.05823927,-0.05592973903,-0.00446227612,1
0.07375332713,0.06020930782,-0.06643713266,-0.01116882823,1
0.07375332713,0.06217934564,-0.07575455308,-0.01911549643,1
0.07375332713,0.06414938718,-0.07605382055,-0.02080863342,1
0.07375332713,0.066119425,-0.07666562498,-0.01755824871,1
0.07375332713,0.06808946282,-0.06424287707,-0.01255224086,1
0.07375332713,0.07005950063,-0.04160244763,-0.00915019121,1
0.07375332713,0.07202953845,-0.02999628149,0.001779264654,1
0.07375332713,0.07399957627,-0.03419050574,0.009733661078,1
0.07375332713,0.07596961409,-0.04387408122,0.008156375028,1
0.07375332713,0.07793965936,-0.04600137472,0.00290860096,1
0.07375332713,0.07990969718,-0.04580193385,-0.00454803044,1
0.07375332713,0.08187973499,-0.03840220347,-0.01056264341,1
0.07375332713,0.08384977281,-0.02700985782,-0.01601075567,1
0.07375332713,0.08581981063,-0.02607614547,-0.01602967083,1
0.07375332713,0.08778984845,-0.03093163669,-0.01629584283,1
0.07375332713,0.08975988626,-0.03165623173,-0.01469162945,1
0.07375332713,0.09172992408,-0.03046077676,-0.01175735239,1
0.07375332713,0.0936999619,-0.03156227246,-0.01566477306,1
0.07375332713,0.09567000717,-0.03397771344,-0.01398600452,1
0.07375332713,0.09764004499,-0.03127077222,-0.00444543967,1
0.07375332713,0.09961008281,-0.04109206423,-0.001278002863,1
0.07375332713,0.1015801206,-0.05202173814,0.00370995258,1
0.07375332713,0.1035501584,-0.04878922179,0.006539675407,1
0.07375332713,0.1055201963,-0.0503192693,0.007624865044,1
0.07375332713,0.1074902341,-0.05326256901,0.009456389584,1
0.07375332713,0.1094602719,-0.04264305532,0.01220480539,1
0.07375332713,0.1114303172,-0.03715531901,0.01225161273,1
0.07375332713,0.113400355,-0.0345845446,0.01376846526,1
0.07375332713,0.1153703928,-0.03229071945,0.01421086956,1
0.07375332713,0.1173404306,-0.02332188003,0.006353851408,1
0.07572336495,0.04838907719,-0.01992923208,-0.006030349061,1
0.07572336495,0.050359115,-0.02012838051,-0.01505792886,1
0.07572336495,0.05232915282,-0.02090407722,-0.02296868339,1
0.07572336495,0.05429919064,-0.05609526113,-0.01455362886,1
0.07572336495,0.05626922846,-0.07644218951,-0.01718373224,1
0.07572336495,0.05823927,-0.0678884685,-0.01363880187,1
0.07572336495,0.06020930782,-0.07189359516,-0.01519114897,1
0.07572336495,0.06217934564,-0.07178517431,-0.02062541246,1
0.07572336495,0.06414938718,-0.07122076303,-0.02584056929,1
0.07572336495,0.066119425,-0.06962288171,-0.02434341423,1
0.07572336495,0.06808946282,-0.06132911146,-0.02016087063,1
0.07572336495,0.07005950063,-0.04627459124,-0.0147816129,1
0.07572336495,0.07202953845,-0.03816976398,-0.008285587654,1
0.07572336495,0.07399957627,-0.03818655387,-0.003060335992,1
0.07572336495,0.07596961409,-0.04303343967,-0.002296508057,1
0.07572336495,0.07793965936,-0.04444564134,-0.002999870805,1
0.07572336495,0.07990969718,-0.04675508291,4.908291157e-05,1
0.07572336495,0.08187973499,-0.04037291557,-0.005829334725,1
0.07572336495,0.08384977281,-0.02958927304,-0.01335513964,1
0.07572336495,0.08581981063,-0.02733032778,-0.01394790877,1
0.07572336495,0.08778984845,-0.03407702222,-0.01342692319,1
0.07572336495,0.08975988626,-0.02967544645,-0.01406703424,1
0.07572336495,0.09172992408,-0.02962476946,-0.01342952531,1
0.07572336495,0.0936999619,-0.02945536934,-0.008555747569,1
0.07572336495,0.09567000717,-0.03206100315,-0.00399457477,1
0.07572336495,0.09764004499,-0.03399863094,0.0003465774644,1
0.07572336495,0.09961008281,-0.03956386819,0.00268663629,1
0.07572336495,0.1015801206,-0.05169130117,0.006028770003,1
0.07572336495,0.1035501584,-0.04977527261,0.009181263857,1
0.07572336495,0.1055201963,-0.04674276337,0.006003677379,1
0.07572336495,0.1074902341,-0.05998627096,0.008133361116,1
0.07572336495,0.1094602719,-0.05225518718,0.00914052967,1
0.07572336495,0.1114303172,-0.03681764752,0.007535355631,1
0.07572336495,0.113400355,-0.03239640221,0.006790598389,1
0.07572336495,0.1153703928,-0.029007053,0.003349837614,1
0.07572336495,0.1173404306,-0.02885706536,0.004214286339,1
0.07769340277,0.04838907719,-0.00678032916,-0.005917723756,1
0.07769340277,0.050359115,-0.005238651298,-0.004479611758,1
0.07769340277,0.05232915282,-0.02071611769,-0.018251881,1
0.07769340277,0.05429919064,-0.03961605206,-0.005709694233,1
0.07769340277,0.05626922846,-0.05887425691,-0.007048799656,1
0.07769340277,0.05823927,-0.07099751383,-0.019805355,1
0.07769340277,0.06020930782,-0.07165578753,-0.02066420764,1
0.07769340277,0.06217934564,-0.06789842993,-0.02409357578,1
0.07769340277,0.06414938718,-0.06788568199,-0.02747527882,1
0.07769340277,0.066119425,-0.07040544599,-0.02628197521,2
0.07769340277,0.06808946282,-0.07612367719,-0.0252178926,1
0.07769340277,0.07005950063,-0.06377542764,-0.02259270288,1
0.07769340277,0.07202953845,-0.04290285334,-0.01489020139,1
0.07769340277,0.07399957627,-0.04317559302,-0.01066350285,1
0.07769340277,0.07596961409,-0.04708686844,-0.009599413723,1
0.07769340277,0.07793965936,-0.04312746227,-0.007070198655,1
0.07769340277,0.07990969718,-0.04710356519,-0.001694293576,1
0.07769340277,0.08187973499,-0.04281021282,-0.003612590022,1
0.07769340277,0.08384977281,-0.02683159523,-0.009629092179,1
0.07769340277,0.08581981063,-0.02829615399,-0.007551655173,1
0.07769340277,0.08778984845,-0.02939489856,-0.005935121328,1
0.07769340277,0.08975988626,-0.02933779173,-0.009717695415,1
0.07769340277,0.09172992408,-0.03019268811,-0.008496141061,1
0.07769340277,0.0936999619,-0.03143541887,-0.003135288134,1
0.07769340277,0.09567000717,-0.03608503193,-0.0006254442851,1
0.07769340277,0.09764004499,-0.03642703593,0.002839442343,1
0.07769340277,0.09961008281,-0.03952065483,0.0001968084543,1
0.07769340277,0.1015801206,-0.04232240468,-0.0028462708,1
0.07769340277,0.1035501584,-0.04640528187,0.003408758668,1
0.07769340277,0.1055201963,-0.05021474883,0.001998991473,1
0.07769340277,0.1074902341,-0.06304971129,0.006260336842,1
0.07769340277,0.1094602719,-0.0560326986,0.006861634552,1
0.07769340277,0.1114303172,-0.03613526002,0.007012645714,1
0.07769340277,0.113400355,-0.02849252336,0.003158938373,1
0.07769340277,0.1153703928,-0.02617928758,0.002179703675,1
0.07769340277,0.1173404306,-0.02513255738,0.002943972591,1
0.07966344059,0.04838907719,-0.01403713692,0.0005470625474,3
0.07966344059,0.050359115,-0.000782435236,0.009215109982,1
0.07966344059,0.05232915282,-0.03396538645,-0.007605795283,1
0.07966344059,0.05429919064,-0.05125690252,-0.004867676646,1
0.07966344059,0.05626922846,-0.06860978156,-0.01199011225,1
0.07966344059,0.05823927,-0.07327715307,-0.02049347572,1
0.07966344059,0.06020930782,-0.0561748147,-0.01845055073,1
0.07966344059,0.06217934564,-0.0647951737,-0.02025599405,1
0.07966344059,0.06414938718,-0.06464019418,-0.024180362,1
0.07966344059,0.066119425,-0.06798955053,-0.02809131704,1
0.07966344059,0.06808946282,-0.07080986351,-0.02531539463,1
0.07966344059,0.07005950063,-0.06464704871,-0.02436972968,1
0.07966344059,0.07202953845,-0.05162434652,-0.02074537612,2
0.07966344059,0.07399957627,-0.04856608436,-0.016431164,1
0.07966344059,0.07596961409,-0.05338290334,-0.01079795044,3
0.07966344059,0.07793965936,-0.04815353453,-0.009582167491,1
0.07966344059,0.07990969718,-0.04590648413,-0.009510910138,1
0.07966344059,0.08187973499,-0.03886351362,-0.008441948332,1
0.07966344059,0.08384977281,-0.03170830011,-0.00913720578,1
0.07966344059,0.08581981063,-0.03201777861,-0.002307729097,1
0.07966344059,0.08778984845,-0.02931127138,0.0005874863127,1
0.07966344059,0.08975988626,-0.02992299944,0.0008720682818,1
0.07966344059,0.09172992408,-0.03050015122,-0.0003556390875,1
0.07966344059,0.0936999619,-0.03467857838,-0.003574792994,1
0.07966344059,0.09567000717,-0.04136538506,-0.001708592405,1
0.07966344059,0.09764004499,-0.04451356456,-0.0001255750976,1
0.07966344059,0.09961008281,-0.04398538545,-0.0004792279506,1
0.07966344059,0.1015801206,-0.04266858846,-3.210192062e-06,1
0.07966344059,0.1035501584,-0.05188508332,0.004521592986,1
0.07966344059,0.1055201963,-0.0619254373,0.01542712096,1
0.07966344059,0.1074902341,-0.04215849563,0.004016768653,3
0.07966344059,0.1094602719,-0.05731337517,0.01116711833,1
0.07966344059,0.1114303172,-0.04277413711,0.005212855991,1
0.07966344059,0.113400355,-0.02920619585,0.003679463174,1
0.07966344059,0.1153703928,-0.01613322273,0.001233332092,1
0.07966344059,0.1173404306,-0.01424858533,-0.004605782684,1
0.0816334784,0.04838907719,-0.01192038041,0.002231478924,2
0.0816334784,0.050359115,-0.004349961877,0.01496869698,1
0.0816334784,0.05232915282,-0.02404747345,-0.001735855127,2
0.0816334784,0.05429919064,-0.03722046316,-0.008856954053,1
0.0816334784,0.05626922846,-0.05786084011,-0.01404283755,1
0.0816334784,0.05823927,-0.07593148202,-0.01786642522,1
0.0816334784,0.06020930782,-0.07102871686,-0.0212871749,1
0.0816334784,0.06217934564,-0.05794536322,-0.02364463359,1
0.0816334784,0.06414938718,-0.0580410473,-0.01952448115,1
0.0816334784,0.066119425,-0.0573534891,-0.02384395897,1
0.0816334784,0.06808946282,-0.05929602683,-0.02327362448,1
0.0816334784,0.07005950063,-0.05662474781,-0.02351409197,1
0.0816334784,0.07202953845,-0.05038139224,-0.02729041502,1
0.0816334784,0.07399957627,-0.05136733875,-0.02708787844,1
0.0816334784,0.07596961409,-0.05698509142,-0.01520549785,1
0.0816334784,0.07793965936,-0.0536101833,-0.01156640425,1
0.0816334784,0.07990969718,-0.04560245201,-0.009928300977,1
0.0816334784,0.08187973499,-0.04418025166,-0.01099627744,1
0.0816334784,0.08384977281,-0.04139747843,-0.009568601847,1
0.0816334784,0.08581981063,-0.0354148075,-0.002657833043,1
0.0816334784,0.08778984845,-0.03022379801,-8.571036597e-05,1
0.0816334784,0.08975988626,-0.02793798596,-0.00034347779,1
0.0816334784,0.09172992408,-0.02961231023,0.0005980198039,1
0.0816334784,0.0936999619,-0.03618843108,-0.00292942021,1
0.0816334784,0.09567000717,-0.04395921528,-0.002868212061,1
0.0816334784,0.09764004499,-0.0481684655,-0.0007936145412,1
0.0816334784,0.09961008281,-0.04686436802,0.002854340477,1
0.0816334784,0.1015801206,-0.04456071183,0.01056646463,1
0.0816334784,0.1035501584,-0.05622373149,0.0103330547,1
0.0816334784,0.1055201963,-0.05767934769,0.01490387134,1
0.0816334784,0.1074902341,-0.04933625832,0.001515238895,1
0.0816334784,0.1094602719,-0.04689303413,6.565723743e-05,1
0.0816334784,0.1114303172,-0.03976096585,0.003066959558,1
0.0816334784,0.113400355,-0.02338657714,0.0009739314555,1
0.0816334784,0.1153703928,-0.00614260463,-0.003049036488,1
0.0816334784,0.1173404306,-0.01850604825,0.003996625077,1
0.08360351622,0.04838907719,-0.01737404242,-0.008821322583,3
0.08360351622,0.050359115,0.00751636317,0.008710143156,1
0.08360351622,0.05232915282,-0.02065407671,-0.005449368153,1
0.08360351622,0.05429919064,-0.03163106367,-0.006251894403,1
0.08360351622,0.05626922846,-0.0471294336,-0.01020721998,1
0.08360351622,0.05823927,-0.06828287244,-0.01408812776,1
0.08360351622,0.06020930782,-0.06651455909,-0.01759328693,1
0.08360351622,0.06217934564,-0.05689752102,-0.01602390781,2
0.08360351622,0.06414938718,-0.04880744964,-0.01806873828,1
0.08360351622,0.066119425,-0.05822898448,-0.02089912444,1
0.08360351622,0.06808946282,-0.05771004781,-0.02124254592,1
0.08360351622,0.07005950063,-0.05136570334,-0.02323792316,1
0.08360351622,0.07202953845,-0.0489355959,-0.02841966599,1
0.08360351622,0.07399957627,-0.05007269979,-0.02816514857,1
0.08360351622,0.07596961409,-0.05685407296,-0.01763113216,1
0.08360351622,0.07793965936,-0.0535964407,-0.01473812666,1
0.08360351622,0.07990969718,-0.04561299831,-0.01491446141,1
0.08360351622,0.08187973499,-0.04672772065,-0.01904212683,1
0.08360351622,0.08384977281,-0.04346237332,-0.01838204265,1
0.08360351622,0.08581981063,-0.0351960063,-0.008788214996,1
0.08360351622,0.08778984845,-0.02982229926,-0.003839085111,1
0.08360351622,0.08975988626,-0.028548887,-0.0008331157733,1
0.08360351622,0.09172992408,-0.03069023043,0.002428669715,1
0.08360351622,0.0936999619,-0.03972767666,0.002219911432,2
0.08360351622,0.09567000717,-0.04628206044,0.007544368971,1
0.08360351622,0.09764004499,-0.04741350561,0.008585250005,1
0.08360351622,0.09961008281,-0.04540356994,0.00923115667,1
0.08360351622,0.1015801206,-0.0454313457,0.01432479918,1
0.08360351622,0.1035501584,-0.03974725679,0.01030587964,1
0.08360351622,0.1055201963,-0.05211555958,0.01818513498,1
0.08360351622,0.1074902341,-0.04858380184,0.002686879365,1
0.08360351622,0.1094602719,-0.04457972571,0.0001011408676,1
0.08360351622,0.1114303172,-0.03286550194,6.694747572e-05,1
0.08360351622,0.113400355,-0.02390320785,-0.0001897523034,2
0.08360351622,0.1153703928,-0.01320293825,-0.003046010854,2
0.08360351622,0.1173404306,-0.009350664914,-0.003970693331,1
0.08557355404,0.04838907719,-0.003047369886,-0.001881040516,1
0.08557355404,0.050359115,-0.004620068707,0.0008140146965,1
0.08557355404,0.05232915282,-0.02220335416,-0.00361703313,1
0.08557355404,0.05429919064,-0.04162871838,-0.01017988846,1
0.08557355404,0.05626922846,-0.04845036566,-0.01031861268,1
0.08557355404,0.05823927,-0.05315287784,-0.0195516292,1
0.08557355404,0.06020930782,-0.05650306121,-0.02086634748,1
0.08557355404,0.06217934564,-0.0543227084,-0.004788972437,1
0.08557355404,0.06414938718,-0.0553980805,-0.01535530854,1
0.08557355404,0.066119425,-0.05827696621,-0.01925525442,1
0.08557355404,0.06808946282,-0.05701019242,-0.01436538901,1
0.08557355404,0.07005950063,-0.04652091116,-0.02396118082,1
0.08557355404,0.07202953845,-0.04595513269,-0.02759491652,1
0.08557355404,0.07399957627,-0.05474856868,-0.0270913206,1
0.08557355404,0.07596961409,-0.06315866858,-0.02336772531,1
0.08557355404,0.07793965936,-0.05262127891,-0.01745971665,1
0.08557355404,0.07990969718,-0.05102205649,-0.02202255279,2
0.08557355404,0.08187973499,-0.05066860095,-0.02854081616,1
0.08557355404,0.08384977281,-0.04346691445,-0.02409276925,1
0.08557355404,0.08581981063,-0.03784344718,-0.01504118461,1
0.08557355404,0.08778984845,-0.03432116285,-0.004628806375,1
0.08557355404,0.08975988626,-0.04075829685,0.002520442707,1
0.08557355404,0.09172992408,-0.04187852144,0.001290089218,1
0.08557355404,0.0936999619,-0.04574998468,0.001836027484,1
0.08557355404,0.09567000717,-0.04801838845,0.0122873392,1
0.08557355404,0.09764004499,-0.04858884215,0.01001038682,1
0.08557355404,0.09961008281,-0.04687016085,0.008590983227,1
0.08557355404,0.1015801206,-0.04359697178,0.009927310981,1
0.08557355404,0.1035501584,-0.03869821504,0.01233108528,1
0.08557355404,0.1055201963,-0.05113201216,0.01974777877,1
0.08557355404,0.1074902341,-0.04809325561,0.00915238075,1
0.08557355404,0.1094602719,-0.04177270457,0.002702142112,1
0.08557355404,0.1114303172,-0.03675655648,0.00346123171,1
0.08557355404,0.113400355,-0.02615781687,0.001246122643,1
0.08557355404,0.1153703928,-0.01341527421,-0.004974560812,1
0.08557355404,0.1173404306,-0.009265825152,-0.004805684555,2
0.08754359186,0.04838907719,-0.02779410221,-0.02399675921,1
0.08754359186,0.050359115,-0.04078083113,-0.01534379367,1
0.08754359186,0.05232915282,-0.02979630046,1.407728723e-05,1
0.08754359186,0.05429919064,-0.03717929125,0.003126621479,1
0.08754359186,0.05626922846,-0.045126196,0.000785542361,1
0.08754359186,0.05823927,-0.04790290818,-0.01377245784,1
0.08754359186,0.06020930782,-0.0524081625,-0.01672637649,1
0.08754359186,0.06217934564,-0.05692776665,0.007376463152,1
0.08754359186,0.06414938718,-0.05825752765,-0.005688326433,1
0.08754359186,0.066119425,-0.05348728597,-0.02731650695,1
0.08754359186,0.06808946282,-0.04658944532,-0.0242320057,1
0.08754359186,0.07005950063,-0.04425029084,-0.0346519053,1
0.08754359186,0.07202953845,-0.04685980082,-0.03769997507,1
0.08754359186,0.07399957627,-0.05677885935,-0.02586286888,1
0.08754359186,0.07596961409,-0.05635514855,-0.01708279178,1
0.08754359186,0.07793965936,-0.05621317774,-0.01464768313,1
0.08754359186,0.07990969718,-0.05518535152,-0.02717521787,1
0.08754359186,0.08187973499,-0.04671505839,-0.02449999936,1
0.08754359186,0.08384977281,-0.04369965196,-0.02343685366,1
0.08754359186,0.08581981063,-0.04254860058,-0.01943791471,1
0.08754359186,0.08778984845,-0.04813750461,-0.009468136355,1
0.08754359186,0.08975988626,-0.03258805349,-0.003345844569,1
0.08754359186,0.09172992408,-0.03762731329,-0.002830490703,1
0.08754359186,0.0936999619,-0.04613917321,0.000505020027,1
0.08754359186,0.09567000717,-0.04808409885,0.01028010249,1
0.08754359186,0.09764004499,-0.0477868095,0.006204823963,1
0.08754359186,0.09961008281,-0.04790397733,0.007987618446,1
0.08754359186,0.1015801206,-0.04591982812,0.01007582154,1
0.08754359186,0.1035501584,-0.05371679366,0.01462286897,1
0.08754359186,0.1055201963,-0.05359190702,0.01131767035,1
0.08754359186,0.1074902341,-0.04254902899,0.008622399531,1
0.08754359186,0.1094602719,-0.03889258206,0.007307407446,1
0.08754359186,0.1114303172,-0.03268870711,0.00545787951,1
0.08754359186,0.113400355,-0.02382479981,0.001281095902,1
0.08754359186,0.1153703928,-0.01399219315,-0.003646442201,1
0.08754359186,0.1173404306,-0.005031538196,-0.005471799523,1
0.08951362967,0.04838907719,-0.02652746998,-0.02216545306,1
0.08951362967,0.050359115,-0.03509954363,-0.01335229352,1
0.08951362967,0.05232915282,-0.03756727651,-0.003117320826,1
0.08951362967,0.05429919064,-0.03844669834,0.005054846406,1
0.08951362967,0.05626922846,-0.03683666512,0.01000875235,1
0.08951362967,0.05823927,-0.04620987549,-0.002423136728,2
0.08951362967,0.06020930782,-0.05637457967,-0.0102889752,1
0.08951362967,0.06217934564,-0.06116763875,-0.001912073698,1
0.08951362967,0.06414938718,-0.05686109141,-0.0007363670156,1
0.08951362967,0.066119425,-0.0504527837,-0.01272719353,1
0.08951362967,0.06808946282,-0.0449276939,-0.02486209199,1
0.08951362967,0.07005950063,-0.04376560077,-0.03263612464,1
0.08951362967,0.07202953845,-0.04605827108,-0.03508261964,1
0.08951362967,0.07399957627,-0.05076806247,-0.02531946823,1
0.08951362967,0.07596961409,-0.05610276759,-0.01224694028,1
0.08951362967,0.07793965936,-0.05873665586,-0.01169242337,1
0.08951362967,0.07990969718,-0.05493383482,-0.01523680519,1
0.08951362967,0.08187973499,-0.04856522381,-0.01722975262,1
0.08951362967,0.08384977281,-0.04763998091,-0.01801132225,1
0.08951362967,0.08581981063,-0.04701345414,-0.01489109453,1
0.08951362967,0.08778984845,-0.0479250662,-0.0125991432,1
0.08951362967,0.08975988626,-0.03992180899,-0.007159007713,1
0.08951362967,0.09172992408,-0.04161274061,-0.002884523943,1
0.08951362967,0.0936999619,-0.04581470415,0.001407989883,1
0.08951362967,0.09567000717,-0.04815047234,0.006544121541,1
0.08951362967,0.09764004499,-0.04803195596,0.007804347668,1
0.08951362967,0.09961008281,-0.05009929091,0.01059998665,1
0.08951362967,0.1015801206,-0.05070346594,0.014025365,1
0.08951362967,0.1035501584,-0.05581816286,0.01545382477,1
0.08951362967,0.1055201963,-0.04828957096,0.0170695316,1
0.08951362967,0.1074902341,-0.04101351276,0.01365859527,1
0.08951362967,0.1094602719,-0.03552131727,0.009727667086,1
0.08951362967,0.1114303172,-0.02830264904,0.00613484811,1
0.08951362967,0.113400355,-0.02134729363,0.00183659757,1
0.08951362967,0.1153703928,-0.01535304822,-0.002028205665,1
0.08951362967,0.1173404306,-0.01423637848,0.003345561912,1
0.09148367494,0.04838907719,-0.03394177184,-0.01524720434,1
0.09148367494,0.050359115,-0.0373275876,-0.01176737342,2
0.09148367494,0.05232915282,-0.0411429964,-0.01208854746,1
0.09148367494,0.05429919064,-0.03886208311,0.001666386961,1
0.09148367494,0.05626922846,-0.03908104822,0.006374226883,1
0.09148367494,0.05823927,-0.04372534156,0.004360134713,1
0.09148367494,0.06020930782,-0.06126819924,-0.01204509288,1
0.09148367494,0.06217934564,-0.06836370379,-0.02126649395,1
0.09148367494,0.06414938718,-0.05900675803,-0.01092043053,1
0.09148367494,0.066119425,-0.05456958711,-0.01734012552,1
0.09148367494,0.06808946282,-0.0501345247,-0.01771222986,1
0.09148367494,0.07005950063,-0.04842705652,-0.01256742887,1
0.09148367494,0.07202953845,-0.03739758581,-0.02729378082,1
0.09148367494,0.07399957627,-0.04856998473,-0.01939919405,1
0.09148367494,0.07596961409,-0.06412764639,-0.0104479203,1
0.09148367494,0.07793965936,-0.06354911625,-0.01251436397,1
0.09148367494,0.07990969718,-0.04654018208,-0.005987940822,1
0.09148367494,0.08187973499,-0.0477024205,-0.01210181694,1
0.09148367494,0.08384977281,-0.04785325378,-0.01364446618,1
0.09148367494,0.08581981063,-0.0502432175,-0.01520873327,1
0.09148367494,0.08778984845,-0.05050008371,-0.01319859456,1
0.09148367494,0.08975988626,-0.05103991553,-0.007625736296,1
0.09148367494,0.09172992408,-0.04837080091,-0.0007815703866,1
0.09148367494,0.0936999619,-0.04707815498,0.006596775725,1
0.09148367494,0.09567000717,-0.04678077251,0.007895927876,1
0.09148367494,0.09764004499,-0.05132082105,0.00985937845,1
0.09148367494,0.09961008281,-0.04910587147,0.01315620448,1
0.09148367494,0.1015801206,-0.04446677119,0.01367926039,1
0.09148367494,0.1035501584,-0.03514515236,0.01265463792,1
0.09148367494,0.1055201963,-0.03842332959,0.01377024688,1
0.09148367494,0.1074902341,-0.03791124746,0.01291179191,1
0.09148367494,0.1094602719,-0.03197269887,0.009722267278,1
0.09148367494,0.1114303172,-0.02637313306,0.007634050213,1
0.09148367494,0.113400355,-0.02052706294,0.007479284424,1
0.09148367494,0.1153703928,-0.01481948514,0.007798432838,1
0.09148367494,0.1173404306,-0.01462015789,0.004913017154,1
0.09345371276,0.04838907719,-0.02613310516,0.001468311064,1
0.09345371276,0.050359115,-0.039126046,-0.006381451152,1
0.09345371276,0.05232915282,-0.03792329505,-0.01471725013,1
0.09345371276,0.05429919064,-0.03778197989,0.0001211157287,1
0.09345371276,0.05626922846,-0.04478435963,0.002827344462,1
0.09345371276,0.05823927,-0.04977880791,-0.0005289424444,1
0.09345371276,0.06020930782,-0.05915353447,-0.01187546179,1
0.09345371276,0.06217934564,-0.0635234639,-0.02195098251,1
0.09345371276,0.06414938718,-0.06132766604,-0.02697290853,1
0.09345371276,0.066119425,-0.06061912328,-0.02831145748,1
0.09345371276,0.06808946282,-0.05436120555,-0.01874212362,1
0.09345371276,0.07005950063,-0.05186683312,-0.01697269455,1
0.09345371276,0.07202953845,-0.04237486795,-0.02377705835,1
0.09345371276,0.07399957627,-0.04972458631,-0.01082747243,1
0.09345371276,0.07596961409,-0.06391389668,-0.007295890246,1
0.09345371276,0.07793965936,-0.06390723586,-0.008505506441,1
0.09345371276,0.07990969718,-0.06322859228,-0.005413888022,1
0.09345371276,0.08187973499,-0.04712409154,-0.009331567213,1
0.09345371276,0.08384977281,-0.0469689928,-0.01044210792,1
0.09345371276,0.08581981063,-0.05275679007,-0.01616683416,1
0.09345371276,0.08778984845,-0.05541873723,-0.01615094207,1
0.09345371276,0.08975988626,-0.05280205235,-0.008716320619,1
0.09345371276,0.09172992408,-0.05119691417,-0.0004829201207,1
0.09345371276,0.0936999619,-0.04537685961,0.008045619354,1
0.09345371276,0.09567000717,-0.04421629757,0.008279725909,1
0.09345371276,0.09764004499,-0.04982883856,0.01058483496,1
0.09345371276,0.09961008281,-0.04687546566,0.01223793533,1
0.09345371276,0.1015801206,-0.04107098281,0.01106602419,1
0.09345371276,0.1035501584,-0.03541764244,0.009235858917,1
0.09345371276,0.1055201963,-0.03431702778,0.00969458092,1
0.09345371276,0.1074902341,-0.03548823297,0.01038197614,1
0.09345371276,0.1094602719,-0.0305532869,0.01010431536,1
0.09345371276,0.1114303172,-0.02643885836,0.006975233555,1
0.09345371276,0.113400355,-0.02152536996,0.0108423559,1
0.09345371276,0.1153703928,-0.015706487,0.00811461173,1
0.09345371276,0.1173404306,-0.01473928243,0.00573823601,2
0.09542375058,0.04838907719,-0.0220512785,0.006299847737,2
0.09542375058,0.050359115,-0.02311651222,0.003042122582,1
0.09542375058,0.05232915282,-0.0263351649,-0.001531266957,1
0.09542375058,0.05429919064,-0.037921682,0.006449399982,1
0.09542375058,0.05626922846,-0.03536069393,0.006977186073,1
0.09542375058,0.05823927,-0.05300338939,-0.005340260454,1
0.09542375058,0.06020930782,-0.06151898578,-0.01142734848,1
0.09542375058,0.06217934564,-0.06130763516,-0.01531663071,1
0.09542375058,0.06414938718,-0.05738821626,-0.02071035281,1
0.09542375058,0.066119425,-0.0574417375,-0.02258784696,2
0.09542375058,0.06808946282,-0.05683426186,-0.02180793695,1
0.09542375058,0.07005950063,-0.05532272905,-0.02314360626,1
0.09542375058,0.07202953845,-0.05899716169,-0.02754499577,1
0.09542375058,0.07399957627,-0.05435639992,-0.01067927573,1
0.09542375058,0.07596961409,-0.05473201349,-0.002312570577,1
0.09542375058,0.07793965936,-0.06281982362,-0.004344462883,1
0.09542375058,0.07990969718,-0.06023919955,-0.004999663215,1
0.09542375058,0.08187973499,-0.04927542061,-0.006854599807,1
0.09542375058,0.08384977281,-0.05151712522,-0.004925514571,1
0.09542375058,0.08581981063,-0.05625611544,-0.009294752963,1
0.09542375058,0.08778984845,-0.05760127306,-0.01398295444,1
0.09542375058,0.08975988626,-0.05628395453,-0.01142401714,2
0.09542375058,0.09172992408,-0.0519407168,-0.004221789539,2
0.09542375058,0.0936999619,-0.04388723895,0.004169578198,1
0.09542375058,0.09567000717,-0.04296816513,0.007336923853,1
0.09542375058,0.09764004499,-0.04812043533,0.007858796977,1
0.09542375058,0.09961008281,-0.04601615295,0.009592443705,1
0.09542375058,0.1015801206,-0.040734265,0.008028408512,1
0.09542375058,0.1035501584,-0.03493566066,0.004781234544,1
0.09542375058,0.1055201963,-0.03127684072,0.006883067545,1
0.09542375058,0.1074902341,-0.03323191404,0.007001391146,1
0.09542375058,0.1094602719,-0.03188188002,0.002687845379,1
0.09542375058,0.1114303172,-0.02782073431,0.004869515542,1
0.09542375058,0.113400355,-0.02494518645,0.01189507637,1
0.09542375058,0.1153703928,-0.01539817452,0.005003399681,1
0.09542375058,0.1173404306,-0.01389120147,0.004187079612,2
0.0973937884,0.04838907719,-0.01690421812,0.0143891098,1
0.0973937884,0.050359115,-0.01549812779,0.01602532342,1
0.0973937884,0.05232915282,-0.0192694217,0.0127960043,1
0.0973937884,0.05429919064,-0.03082376346,0.004477657843,1
0.0973937884,0.05626922846,-0.02901741117,0.002143932274,1
0.0973937884,0.05823927,-0.03656233102,-0.0021232937,1
0.0973937884,0.06020930782,-0.0603906326,-0.008640394546,1
0.0973937884,0.06217934564,-0.0587345548,-0.01407875586,1
0.0973937884,0.06414938718,-0.05211307853,-0.01977523416,1
0.0973937884,0.066119425,-0.05492534488,-0.0195216462,2
0.0973937884,0.06808946282,-0.05325341225,-0.02178131044,1
0.0973937884,0.07005950063,-0.05280240253,-0.02368968539,1
0.0973937884,0.07202953845,-0.06016971916,-0.02472363971,1
0.0973937884,0.07399957627,-0.05387080461,-0.01516560465,1
0.0973937884,0.07596961409,-0.0496426262,-0.009649279527,1
0.0973937884,0.07793965936,-0.05096165836,-0.006847029086,1
0.0973937884,0.07990969718,-0.04972025752,-0.006219026633,1
0.0973937884,0.08187973499,-0.04781166464,-0.005390071776,1
0.0973937884,0.08384977281,-0.05781162158,-0.001792175462,1
0.0973937884,0.08581981063,-0.05908107013,-0.00303786085,1
0.0973937884,0.08778984845,-0.05547106266,-0.01827559248,1
0.0973937884,0.08975988626,-0.06279178709,-0.01877500303,1
0.0973937884,0.09172992408,-0.05639474839,-0.009149798192,2
0.0973937884,0.0936999619,-0.04779256508,0.0004509485443,1
0.0973937884,0.09567000717,-0.04250969365,0.003423769027,1
0.0973937884,0.09764004499,-0.04169373214,0.0004623134737,1
0.0973937884,0.09961008281,-0.04352210835,0.006704703905,1
0.0973937884,0.1015801206,-0.03945279494,0.004959027749,1
0.0973937884,0.1035501584,-0.03436455131,0.001209316426,1
0.0973937884,0.1055201963,-0.02716490813,-0.0009524747729,1
0.0973937884,0.1074902341,-0.03064528853,-0.004251647275,1
0.0973937884,0.1094602719,-0.03294951841,-0.004346713424,1
0.0973937884,0.1114303172,-0.02744434588,0.001646869932,1
0.0973937884,0.113400355,-0.02266018279,0.006607896648,1
0.0973937884,0.1153703928,-0.01587589085,0.003349801525,1
0.0973937884,0.1173404306,-0.01153614931,0.001819602447,2
0.09936382622,0.04838907719,-0.02575757354,0.01027270779,1
0.09936382622,0.050359115,-0.01538148616,0.015409315,1
0.09936382622,0.05232915282,-0.01403829269,0.01454654615,1
0.09936382622,0.05429919064,-0.02250413038,0.009878722019,1
0.09936382622,0.05626922846,-0.02619975805,0.0003882604069,3
0.09936382622,0.05823927,-0.02057163976,-0.003076272551,1
0.09936382622,0.06020930782,-0.05553838238,-0.002372186631,1
0.09936382622,0.06217934564,-0.05451170728,-0.01049406826,1
0.09936382622,0.06414938718,-0.05129784346,-0.01701259799,1
0.09936382622,0.066119425,-0.05689314008,-0.01394219138,1
0.09936382622,0.06808946282,-0.05332069099,-0.01886080578,1
0.09936382622,0.07005950063,-0.05005148798,-0.02050674334,1
0.09936382622,0.07202953845,-0.04665303975,-0.0299132634,1
0.09936382622,0.07399957627,-0.05175251886,-0.02384600043,1
0.09936382622,0.07596961409,-0.04950912669,-0.01540317107,1
0.09936382622,0.07793965936,-0.04594638199,-0.007242678665,1
0.09936382622,0.07990969718,-0.04579870775,-0.002301788423,1
0.09936382622,0.08187973499,-0.04782057554,-0.001053302549,1
0.09936382622,0.08384977281,-0.05201242492,-0.001561266137,1
0.09936382622,0.08581981063,-0.05471023172,-0.006162924226,1
0.09936382622,0.08778984845,-0.05284645408,-0.02038779296,1
0.09936382622,0.08975988626,-0.05886139348,-0.02339994907,1
0.09936382622,0.09172992408,-0.06305393577,-0.01405334659,1
0.09936382622,0.0936999619,-0.05384278297,-0.007299080491,1
0.09936382622,0.09567000717,-0.03900937364,-0.001216115896,1
0.09936382622,0.09764004499,-0.04008020088,0.002728423802,1
0.09936382622,0.09961008281,-0.0396759212,0.003566086292,1
0.09936382622,0.1015801206,-0.0346317105,0.0004108869762,1
0.09936382622,0.1035501584,-0.03157686442,-0.002204933437,1
0.09936382622,0.1055201963,-0.02637641132,-0.006059425883,1
0.09936382622,0.1074902341,-0.0280637145,-0.005869421642,1
0.09936382622,0.1094602719,-0.02966997772,-0.004195974208,1
0.09936382622,0.1114303172,-0.02326149307,-0.001578747877,1
0.09936382622,0.113400355,-0.01958869584,0.004020333756,1
0.09936382622,0.1153703928,-0.01522834972,0.003770551644,1
0.09936382622,0.1173404306,-0.004841354676,-0.002078073798,1
0.101333864,0.04838907719,-0.01562578231,0.01256937347,1
0.101333864,0.050359115,-0.02366761304,0.01181119401,1
0.101333864,0.05232915282,-0.01252695918,0.01530671027,1
0.101333864,0.05429919064,-0.02098291554,0.01311345771,1
0.101333864,0.05626922846,-0.02858113684,0.00076261512,2
0.101333864,0.05823927,-0.03911330178,-0.003875633236,1
0.101333864,0.06020930782,-0.04954925179,-0.006473145913,1
0.101333864,0.06217934564,-0.05761763826,-0.0119256489,1
0.101333864,0.06414938718,-0.05948715657,-0.01562017854,1
0.101333864,0.066119425,-0.05416064337,-0.01314684004,1
0.101333864,0.06808946282,-0.05141260475,-0.01677136868,1
0.101333864,0.07005950063,-0.04811350256,-0.02082391828,1
0.101333864,0.07202953845,-0.05074414611,-0.0252471026,2
0.101333864,0.07399957627,-0.05520150065,-0.02708927356,1
0.101333864,0.07596961409,-0.05245630443,-0.01782985404,1
0.101333864,0.07793965936,-0.05111713335,-0.01059200522,1
0.101333864,0.07990969718,-0.04451543093,0.001684578019,1
0.101333864,0.08187973499,-0.04911199212,0.0001504234824,1
0.101333864,0.08384977281,-0.04645821452,0.0007389688399,1
0.101333864,0.08581981063,-0.04463099688,-0.0004912730074,1
0.101333864,0.08778984845,-0.06068842486,-0.01755233668,1
0.101333864,0.08975988626,-0.05553421378,-0.02090778761,1
0.101333864,0.09172992408,-0.04027663544,-5.117460387e-05,1
0.101333864,0.0936999619,-0.04714865237,-0.004283608403,1
0.101333864,0.09567000717,-0.03468736634,-0.003540213453,1
0.101333864,0.09764004499,-0.03720209002,0.002931895899,1
0.101333864,0.09961008281,-0.03749072924,0.005354613531,1
0.101333864,0.1015801206,-0.03249604255,0.003181583947,1
0.101333864,0.1035501584,-0.02826582268,-0.002104934771,1
0.101333864,0.1055201963,-0.02610100247,-0.004662059247,1
0.101333864,0.1074902341,-0.02607452311,-0.003927429672,1
0.101333864,0.1094602719,-0.02632970922,-0.003387544071,1
0.101333864,0.1114303172,-0.02137709036,-0.00504455762,1
0.101333864,0.113400355,-0.01684710197,-0.001832547714,1
0.101333864,0.1153703928,-0.01003648061,0.0038023612,1
0.101333864,0.1173404306,-0.00167809194,-0.002504696371,1
0.1033039019,0.04838907719,-0.007505801041,0.01382131968,1
0.1033039019,0.050359115,-0.0248379223,0.01176007651,1
0.1033039019,0.05232915282,-0.01152891666,0.01533586159,1
0.1033039019,0.05429919064,-0.020001458,0.004914768972,1
0.1033039019,0.05626922846,-0.02802857198,-0.006575624458,1
0.1033039019,0.05823927,-0.03365401551,-0.001328122453,2
0.1033039019,0.06020930782,-0.04513069615,-0.005093984772,1
0.1033039019,0.06217934564,-0.05422081053,-0.01361375861,1
0.1033039019,0.06414938718,-0.05667325854,-0.01566343382,1
0.1033039019,0.066119425,-0.05146399513,-0.01332096383,1
0.1033039019,0.06808946282,-0.05033374205,-0.01646955684,1
0.1033039019,0.07005950063,-0.05317874998,-0.02366928756,1
0.1033039019,0.07202953845,-0.05300854146,-0.02316195518,1
0.1033039019,0.07399957627,-0.05177506432,-0.01857496984,1
0.1033039019,0.07596961409,-0.05498459935,-0.01547137555,1
0.1033039019,0.07793965936,-0.0574798435,-0.01058623567,1
0.1033039019,0.07990969718,-0.05257555842,0.000201479852,1
0.1033039019,0.08187973499,-0.04855761304,-0.002406963613,1
0.1033039019,0.08384977281,-0.0456013158,-0.001265870524,1
0.1033039019,0.08581981063,-0.04971002042,-0.001720982487,1
0.1033039019,0.08778984845,-0.05688137189,-0.004955780227,1
0.1033039019,0.08975988626,-0.05134362355,-0.001130220131,1
0.1033039019,0.09172992408,-0.04646711051,-0.00353183574,1
0.1033039019,0.0936999619,-0.03419498727,-0.01734344289,1
0.1033039019,0.09567000717,-0.03115596808,-0.01374726743,1
0.1033039019,0.09764004499,-0.03998596221,-1.390092439e-05,1
0.1033039019,0.09961008281,-0.03923125193,0.004375904799,1
0.1033039019,0.1015801206,-0.03328860551,0.004284847528,1
0.1033039019,0.1035501584,-0.02858485468,-0.000616475998,1
0.1033039019,0.1055201963,-0.02515036799,-0.00321732997,1
0.1033039019,0.1074902341,-0.02207797766,-0.00515975384,1
0.1033039019,0.1094602719,-0.02868676744,-0.01095235068,1
0.1033039019,0.1114303172,-0.02247050777,-0.009271967225,1
0.1033039019,0.113400355,-0.01448338106,-0.009023583494,1
0.1033039019,0.1153703928,-0.007219668012,-0.002830631565,1
0.1033039019,0.1173404306,-0.00416774163,-0.003366222605,2
0.1052739397,0.04838907719,-0.006812184583,0.01155954786,2
0.1052739397,0.050359115,-0.008225488476,0.008630974218,1
0.1052739397,0.05232915282,-0.002372843679,0.01124681719,1
0.1052739397,0.05429919064,-0.0173078794,0.006949128117,1
0.1052739397,0.05626922846,-0.02474427596,-0.005740686785,1
0.1052739397,0.05823927,-0.02234349027,0.01023275312,1
0.1052739397,0.06020930782,-0.04271049425,-0.004254868254,1
0.1052739397,0.06217934564,-0.04811603948,-0.01153178792,1
0.1052739397,0.06414938718,-0.04968228564,-0.01356439386,1
0.1052739397,0.066119425,-0.05175459385,-0.01604502648,1
0.1052739397,0.06808946282,-0.05122171715,-0.01876414381,1
0.1052739397,0.07005950063,-0.05310780928,-0.02210066654,1
0.1052739397,0.07202953845,-0.05213583633,-0.01956959628,1
0.1052739397,0.07399957627,-0.05178742856,-0.01509669237,1
0.1052739397,0.07596961409,-0.05906986073,-0.01113799866,1
0.1052739397,0.07793965936,-0.06109305099,-0.008156585507,1
0.1052739397,0.07990969718,-0.05158453807,-0.002486627083,1
0.1052739397,0.08187973499,-0.05156056583,-0.005752304103,1
0.1052739397,0.08384977281,-0.0495836027,-0.009410783648,1
0.1052739397,0.08581981063,-0.05277531222,-0.005081681535,1
0.1052739397,0.08778984845,-0.0494796373,-0.006432051305,1
0.1052739397,0.08975988626,-0.04414558411,-0.004771927372,1
0.1052739397,0.09172992408,-0.05260833353,-0.002853278769,1
0.1052739397,0.0936999619,-0.04492939264,-0.008731990121,2
0.1052739397,0.09567000717,-0.04244840145,-0.007686006837,2
0.1052739397,0.09764004499,-0.04445203766,-0.002819413552,1
0.1052739397,0.09961008281,-0.03928998113,-0.002242242685,1
0.1052739397,0.1015801206,-0.03607328236,-0.001452390454,1
0.1052739397,0.1035501584,-0.03428966179,-0.0008239603485,1
0.1052739397,0.1055201963,-0.0259221606,-0.0009447045159,2
0.1052739397,0.1074902341,-0.01994425058,0.001356999273,1
0.1052739397,0.1094602719,-0.02655066364,-0.01116576605,1
0.1052739397,0.1114303172,-0.01958988979,-0.008725041524,2
0.1052739397,0.113400355,-0.01417044178,-0.008184600621,1
0.1052739397,0.1153703928,-0.006652656011,-0.007407413796,1
0.1052739397,0.1173404306,-0.00360546587,-0.004763340577,2
0.1072439849,0.04838907719,-0.004705264233,0.01222635061,2
0.1072439849,0.050359115,-0.006480332464,0.01549935713,1
0.1072439849,0.05232915282,-0.00264170533,0.01549034193,1
0.1072439849,0.05429919064,-0.007885627449,0.009887558408,1
0.1072439849,0.05626922846,-0.01333303005,0.002417561365,1
0.1072439849,0.05823927,-0.02510035783,-0.0009916808922,1
0.1072439849,0.06020930782,-0.03806303069,-0.005309254397,1
0.1072439849,0.06217934564,-0.04509577155,-0.006848231889,1
0.1072439849,0.06414938718,-0.04983055219,-0.008728280663,1
0.1072439849,0.066119425,-0.05105900392,-0.01957232505,1
0.1072439849,0.06808946282,-0.05224688724,-0.02182403207,1
0.1072439849,0.07005950063,-0.05479485542,-0.02180547081,1
0.1072439849,0.07202953845,-0.0594192408,-0.02321723104,1
0.1072439849,0.07399957627,-0.0596701391,-0.01746597141,1
0.1072439849,0.07596961409,-0.05918708816,-0.0116850771,1
0.1072439849,0.07793965936,-0.06308614463,-0.009034685791,1
0.1072439849,0.07990969718,-0.05327388644,-0.01228664164,1
0.1072439849,0.08187973499,-0.04864154384,-0.01512712613,1
0.1072439849,0.08384977281,-0.04541003332,-0.01806072518,1
0.1072439849,0.08581981063,-0.04578382894,-0.009032373317,1
0.1072439849,0.08778984845,-0.04257890955,-0.009584628046,1
0.1072439849,0.08975988626,-0.0398680605,-0.01021811273,1
0.1072439849,0.09172992408,-0.05624966323,-0.002348321956,1
0.1072439849,0.0936999619,-0.05046585202,-0.007045233622,2
0.1072439849,0.09567000717,-0.04925620183,-0.005445355549,1
0.1072439849,0.09764004499,-0.04354107007,-0.004925761838,1
0.1072439849,0.09961008281,-0.03406015038,-0.004205328412,1
0.1072439849,0.1015801206,-0.03312198445,-0.002746851882,1
0.1072439849,0.1035501584,-0.03208330274,-0.001730137737,1
0.1072439849,0.1055201963,-0.02430436015,-0.001094527077,1
0.1072439849,0.1074902341,-0.01726425067,-0.005156448577,1
0.1072439849,0.1094602719,-0.0144264577,-0.008476491086,1
0.1072439849,0.1114303172,-0.01516794879,-0.006277831737,1
0.1072439849,0.113400355,-0.01097203977,-0.0075218766,1
0.1072439849,0.1153703928,-0.005569916219,-0.007686977275,1
0.1072439849,0.1173404306,4.000190074e-06,-0.003516384633,1
0.1092140228,0.04838907719,-0.0008232755936,0.009620144963,1
0.1092140228,0.050359115,-0.001227229135,0.01652165316,1
0.1092140228,0.05232915282,-0.007514884695,0.01698926277,1
0.1092140228,0.05429919064,-0.01777127571,0.01207921188,1
0.1092140228,0.05626922846,-0.02370719798,0.002370602218,1
0.1092140228,0.05823927,-0.02567913197,0.004664840642,1
0.1092140228,0.06020930782,-0.03636167571,-0.001569684828,1
0.1092140228,0.06217934564,-0.04435242712,-0.004956671502,1
0.1092140228,0.06414938718,-0.05031573772,-0.008673984557,1
0.1092140228,0.066119425,-0.05132080987,-0.01806785166,1
0.1092140228,0.06808946282,-0.05310586095,-0.02027244493,1
0.1092140228,0.07005950063,-0.05611560494,-0.02213909663,1
0.1092140228,0.07202953845,-0.05978144705,-0.02071869746,1
0.1092140228,0.07399957627,-0.05967612937,-0.01489452738,1
0.1092140228,0.07596961409,-0.05383391678,-0.01313871611,1
0.1092140228,0.07793965936,-0.05078452826,-0.01037626714,1
0.1092140228,0.07990969718,-0.0467881076,-0.01371444762,1
0.1092140228,0.08187973499,-0.04582647234,-0.01671287604,1
0.1092140228,0.08384977281,-0.04329600558,-0.01541565452,1
0.1092140228,0.08581981063,-0.0407813862,-0.01041918248,1
0.1092140228,0.08778984845,-0.03645976633,-0.01162944268,1
0.1092140228,0.08975988626,-0.03464633226,-0.00805727113,1
0.1092140228,0.09172992408,-0.05235204473,-0.003493771423,1
0.1092140228,0.0936999619,-0.05142814666,-0.0116552664,1
0.1092140228,0.09567000717,-0.06339656562,-0.009380262345,1
0.1092140228,0.09764004499,-0.0559907034,-0.007222138345,1
0.1092140228,0.09961008281,-0.03499541804,-0.004817185923,1
0.1092140228,0.1015801206,-0.03137486428,-0.003378086491,1
0.1092140228,0.1035501584,-0.02884220518,-0.002265936695,1
0.1092140228,0.1055201963,-0.02112074569,-0.002237406094,1
0.1092140228,0.1074902341,-0.01365182921,-0.003117000917,1
0.1092140228,0.1094602719,-0.01364377793,-0.005993594415,1
0.1092140228,0.1114303172,-0.01325511001,-0.007067943458,1
0.1092140228,0.113400355,-0.009177497588,-0.007023405749,1
0.1092140228,0.1153703928,-0.006087712478,-0.007407675497,1
0.1092140228,0.1173404306,-0.001221132814,-0.003526247339,1
0.1111840606,0.04838907719,0.01083610114,0.01667137258,1
0.1111840606,0.050359115,-0.005126930773,0.01354232244,1
0.1111840606,0.05232915282,-0.01196752023,0.0146177914,1
0.1111840606,0.05429919064,-0.01432674006,0.01375877019,1
0.1111840606,0.05626922846,-0.01700547524,0.01071466506,1
0.1111840606,0.05823927,-0.02327021584,0.00729191862,1
0.1111840606,0.06020930782,-0.01991446503,-0.009354394861,1
0.1111840606,0.06217934564,-0.04087298736,-0.01546791941,1
0.1111840606,0.06414938718,-0.05084494874,-0.009812884033,2
0.1111840606,0.066119425,-0.05998034775,-0.01207305118,1
0.1111840606,0.06808946282,-0.05587415397,-0.01400933694,1
0.1111840606,0.07005950063,-0.05708668008,-0.01419117115,1
0.1111840606,0.07202953845,-0.0593085885,-0.01034464128,1
0.1111840606,0.07399957627,-0.05673190206,-0.007530098781,1
0.1111840606,0.07596961409,-0.04373506829,-0.01493448298,1
0.1111840606,0.07793965936,-0.04441383854,-0.01170875877,1
0.1111840606,0.07990969718,-0.04605692253,-0.01133753918,1
0.1111840606,0.08187973499,-0.04611444846,-0.01246898156,1
0.1111840606,0.08384977281,-0.04416374862,-0.01087783556,1
0.1111840606,0.08581981063,-0.0359104313,-0.005580372643,1
0.1111840606,0.08778984845,-0.03184005991,-0.003225471592,1
0.1111840606,0.08975988626,-0.03038032167,-0.002691259608,1
0.1111840606,0.09172992408,-0.04829469696,-0.002225631149,1
0.1111840606,0.0936999619,-0.04722254723,-0.004631221294,1
0.1111840606,0.09567000717,-0.05911574885,-0.01001980528,1
0.1111840606,0.09764004499,-0.04819498584,-0.006838706322,2
0.1111840606,0.09961008281,-0.03763056919,-0.003758311504,2
0.1111840606,0.1015801206,-0.03098731861,-0.0104078874,1
0.1111840606,0.1035501584,-0.02403380349,-0.01064896584,1
0.1111840606,0.1055201963,-0.02133362181,-0.002167430473,1
0.1111840606,0.1074902341,-0.0123672979,-0.002542170696,1
0.1111840606,0.1094602719,-0.01133765653,-0.004788069986,1
0.1111840606,0.1114303172,-0.01086112764,-0.007008654531,1
0.1111840606,0.113400355,-0.008482618257,-0.005984625779,1
0.1111840606,0.1153703928,-0.00630015647,-0.006966506131,1
0.1111840606,0.1173404306,3.779395774e-05,-0.004739011638,1
0.1131540984,0.04838907719,0.0001976456697,0.006048611831,1
0.1131540984,0.050359115,-0.007924241014,0.01533864997,3
0.1131540984,0.05232915282,-0.007963718846,0.008878638968,1
0.1131540984,0.05429919064,-0.01086873934,0.01031978801,1
0.1131540984,0.05626922846,-0.01325034164,0.01041890029,1
0.1131540984,0.05823927,-0.01821180247,0.006781863049,1
0.1131540984,0.06020930782,-0.02135304175,-0.005832470022,1
0.1131540984,0.06217934564,-0.04309106991,-0.009202430956,1
0.1131540984,0.06414938718,-0.05221072584,-0.003036581678,2
0.1131540984,0.066119425,-0.06032175198,-0.005539459176,1
0.1131540984,0.06808946282,-0.05523642525,-0.007119723596,1
0.1131540984,0.07005950063,-0.05554901809,-0.004987085238,1
0.1131540984,0.07202953845,-0.05815998465,-0.002924496541,1
0.1131540984,0.07399957627,-0.05420286581,-0.006991170347,1
0.1131540984,0.07596961409,-0.04317414016,-0.0124493707,1
0.1131540984,0.07793965936,-0.04435359314,-0.008885089308,1
0.1131540984,0.07990969718,-0.05464866385,-0.002611807082,1
0.1131540984,0.08187973499,-0.05148338154,-0.0009285835549,2
0.1131540984,0.08384977281,-0.04385381564,0.005940449424,1
0.1131540984,0.08581981063,-0.04977312312,-0.001986289863,1
0.1131540984,0.08778984845,-0.03851491585,6.165374361e-05,1
0.1131540984,0.08975988626,-0.03137651086,-0.003898009891,1
0.1131540984,0.09172992408,-0.0327870287,-0.007989925332,1
0.1131540984,0.0936999619,-0.04002661631,-0.003733638441,2
0.1131540984,0.09567000717,-0.04351312667,0.00128428475,1
0.1131540984,0.09764004499,-0.0400429219,-0.006354569457,1
0.1131540984,0.09961008281,-0.036344558,0.007030533161,1
0.1131540984,0.1015801206,-0.02596965432,-0.008236688562,1
0.1131540984,0.1035501584,-0.0207573846,-0.008565641008,1
0.1131540984,0.1055201963,-0.01930066384,-0.0062934421,1
0.1131540984,0.1074902341,-0.0125043029,-0.004021721892,1
0.1131540984,0.1094602719,-0.01101953816,-0.00433659507,1
0.1131540984,0.1114303172,-0.0101697538,-0.004876586609,1
0.1131540984,0.113400355,-0.006158661563,-0.009532282129,1
0.1131540984,0.1153703928,-0.00571236806,-0.005425359122,1
0.1131540984,0.1173404306,-0.0006732732872,-0.004972420167,1
0.1151241362,0.04838907719,0.001495540142,0.005886941217,2
0.1151241362,0.050359115,0.001173096243,0.008170640096,1
0.1151241362,0.05232915282,-0.006953033153,0.008563593961,1
0.1151241362,0.05429919064,-0.008036736399,0.009636227041,1
0.1151241362,0.05626922846,-0.0064138202,0.009613212198,1
0.1151241362,0.05823927,-0.01128656976,-0.001523782616,1
0.1151241362,0.06020930782,-0.02439003251,-0.0001693589875,1
0.1151241362,0.06217934564,-0.04616136476,0.01184271649,1
0.1151241362,0.06414938718,-0.05458513275,0.01240844652,1
0.1151241362,0.066119425,-0.05584971979,0.008280295879,1
0.1151241362,0.06808946282,-0.05203356221,-0.007049321663,1
0.1151241362,0.07005950063,-0.05107696354,-0.009399164468,1
0.1151241362,0.07202953845,-0.04863481596,-0.006388714071,1
0.1151241362,0.07399957627,-0.05020828545,-0.003334474051,1
0.1151241362,0.07596961409,-0.05578414351,-0.005347950384,1
0.1151241362,0.07793965936,-0.05644175783,-0.009801091626,1
0.1151241362,0.07990969718,-0.05892143771,0.001730582444,1
0.1151241362,0.08187973499,-0.06131660566,0.005426004995,1
0.1151241362,0.08384977281,-0.05493561178,-0.006099623162,1
0.1151241362,0.08581981063,-0.05440593138,-0.006436887197,1
0.1151241362,0.08778984845,-0.04574214667,-0.006824566051,1
0.1151241362,0.08975988626,-0.03909196332,-0.008354330435,1
0.1151241362,0.09172992408,-0.03336944804,-0.00731351506,2
0.1151241362,0.0936999619,-0.03658375889,-0.003597692354,2
0.1151241362,0.09567000717,-0.03934793174,-0.001495631179,1
0.1151241362,0.09764004499,-0.03787627816,-0.00497101387,1
0.1151241362,0.09961008281,-0.03394690901,0.005496452563,1
0.1151241362,0.1015801206,-0.02638373524,0.006654505152,1
0.1151241362,0.1035501584,-0.02019366622,-0.002586428076,1
0.1151241362,0.1055201963,-0.01655429415,-0.004880202003,1
0.1151241362,0.1074902341,-0.01336373296,-0.004216351546,1
0.1151241362,0.1094602719,-0.01180696022,-0.003465865739,1
0.1151241362,0.1114303172,-0.01031387225,-0.003556847572,1
0.1151241362,0.113400355,-0.007191187236,-0.00517165428,1
0.1151241362,0.1153703928,-0.005622483324,-0.003793657525,1
0.1151241362,0.1173404306,-0.0006436734693,-0.003103832714,1
0.117094174,0.04838907719,0.00311587844,0.003441570792,1
0.117094174,0.050359115,-0.001118430053,0.005716905463,1
0.117094174,0.05232915282,-0.005675124936,0.008102403022,1
0.117094174,0.05429919064,-0.004004343413,0.01081614755,1
0.117094174,0.05626922846,-0.001638116548,0.01280213334,1
0.117094174,0.05823927,-0.009444067255,0.01418172196,1
0.117094174,0.06020930782,-0.02737497725,0.006259270478,2
0.117094174,0.06217934564,-0.04831452295,0.007349616382,1
0.117094174,0.06414938718,-0.05686450377,0.007466043811,1
0.117094174,0.066119425,-0.05627748743,0.005160776898,1
0.117094174,0.06808946282,-0.05138859525,-0.005745707545,1
0.117094174,0.07005950063,-0.04845775291,-0.009463693947,1
0.117094174,0.07202953845,-0.0445757769,-0.003441402223,1
0.117094174,0.07399957627,-0.04900606722,-0.0004568385193,1
0.117094174,0.07596961409,-0.05289343745,-0.001034761197,1
0.117094174,0.07793965936,-0.05458625779,-0.002023784909,1
0.117094174,0.07990969718,-0.05656986684,0.001642727759,1
0.117094174,0.08187973499,-0.05641779304,0.00251787575,1
0.117094174,0.08384977281,-0.05449495092,-0.001543251681,1
0.117094174,0.08581981063,-0.05294951797,-0.00789314881,1
0.117094174,0.08778984845,-0.05009213835,-0.008801573887,1
0.117094174,0.08975988626,-0.04794602096,-0.006265432108,1
0.117094174,0.09172992408,-0.02501503937,-0.009312113747,1
0.117094174,0.0936999619,-0.03359103948,-0.001847984269,2
0.117094174,0.09567000717,-0.03834519535,0.002058749553,1
0.117094174,0.09764004499,-0.03563189134,-0.0005223127082,1
0.117094174,0.09961008281,-0.03118950874,0.007129067089,1
0.117094174,0.1015801206,-0.02385654487,0.003420622787,2
0.117094174,0.1035501584,-0.01758432575,-0.0009098508162,1
0.117094174,0.1055201963,-0.01325212698,-0.003511421615,1
0.117094174,0.1074902341,-0.00883737579,-0.002403509803,1
0.117094174,0.1094602719,-0.007027343847,-0.001139670145,1
0.117094174,0.1114303172,-0.006047748495,-0.00270808232,1
0.117094174,0.113400355,-0.005495075602,-0.001771816867,1
0.117094174,0.1153703928,-0.006032051519,-0.003168792231,1
0.117094174,0.1173404306,-0.004617820494,-0.003782061627,1
0.1190642118,0.04838907719,0.001181891887,0.00520535605,2
0.1190642118,0.050359115,-0.001112752943,0.004334794357,1
0.1190642118,0.05232915282,-0.006360126194,0.001437590108,1
0.1190642118,0.05429919064,-0.00364906108,0.005355494097,1
0.1190642118,0.05626922846,-0.00937380828,0.01369892154,1
0.1190642118,0.05823927,-0.005856602453,0.01586134918,1
0.1190642118,0.06020930782,-0.02735128812,0.003675103653,2
0.1190642118,0.06217934564,-0.05592632294,-0.006053654477,1
0.1190642118,0.06414938718,-0.05653300509,-0.01442625746,1
0.1190642118,0.066119425,-0.0562960282,-0.00898768194,1
0.1190642118,0.06808946282,-0.05187509581,-0.001114938874,1
0.1190642118,0.07005950063,-0.04567141831,-0.0004439502081,1
0.1190642118,0.07202953845,-0.04119296372,-0.002358842874,1
0.1190642118,0.07399957627,-0.04731743783,0.001179813175,1
0.1190642118,0.07596961409,-0.05123793334,0.001937798806,1
0.1190642118,0.07793965936,-0.05310204998,0.00107062771,1
0.1190642118,0.07990969718,-0.05582299456,0.002750932472,1
0.1190642118,0.08187973499,-0.0564439632,0.002795113716,1
0.1190642118,0.08384977281,-0.05737857893,0.002367801731,1
0.1190642118,0.08581981063,-0.05202113464,-0.003074271372,1
0.1190642118,0.08778984845,-0.04334814474,-0.002999048214,1
0.1190642118,0.08975988626,-0.05255701765,-0.002443127101,1
0.1190642118,0.09172992408,-0.05011877045,-0.00224507181,1
0.1190642118,0.0936999619,-0.03442016244,0.003459119936,1
0.1190642118,0.09567000717,-0.03438692912,0.003284766339,1
0.1190642118,0.09764004499,-0.03588297591,-0.0009654840105,1
0.1190642118,0.09961008281,-0.02879346721,-0.0007195698563,2
0.1190642118,0.1015801206,-0.02026861161,0.0008087701281,1
0.1190642118,0.1035501584,-0.01507322025,-0.002388140652,1
0.1190642118,0.1055201963,-0.009767840616,-0.003587430343,1
0.1190642118,0.1074902341,-0.005399768706,-0.0027826312,1
0.1190642118,0.1094602719,-0.003991229925,-0.002789471997,1
0.1190642118,0.1114303172,-0.005447944626,-0.001224793261,1
0.1190642118,0.113400355,-0.005484362599,-0.000337574922,1
0.1190642118,0.1153703928,-0.005584593397,-0.002101169899,1
0.1190642118,0.1173404306,-0.005230444949,-0.003909260966,1
0.1210342497,0.04838907719,0.001542550162,0.007839703001,2
0.1210342497,0.050359115,0.001566338586,0.004452689085,1
0.1210342497,0.05232915282,-0.005821492989,-0.0003734006023,1
0.1210342497,0.05429919064,-0.007261108141,0.002473036526,1
0.1210342497,0.05626922846,-0.007580616511,0.01298461761,1
0.1210342497,0.05823927,-0.009991941042,0.01363206282,1
0.1210342497,0.06020930782,-0.02024724521,-0.001366550568,1
0.1210342497,0.06217934564,-0.03931026906,-0.01358121075,1
0.1210342497,0.06414938718,-0.05285773799,-0.01573932357,1
0.1210342497,0.066119425,-0.0552258566,-0.01212748326,1
0.1210342497,0.06808946282,-0.05217115954,-0.004624903202,1
0.1210342497,0.07005950063,-0.04645115137,-0.002337064594,2
0.1210342497,0.07202953845,-0.04051298276,-0.0004353293625,1
0.1210342497,0.07399957627,-0.04521818087,-0.0003432065423,1
0.1210342497,0.07596961409,-0.04730577394,-0.0002491197083,1
0.1210342497,0.07793965936,-0.05101416633,0.001639940776,1
0.1210342497,0.07990969718,-0.0535960421,0.004962487146,1
0.1210342497,0.08187973499,-0.05138857663,1.719588545e-05,1
0.1210342497,0.08384977281,-0.0512336567,0.000316060381,1
0.1210342497,0.08581981063,-0.05585084483,0.004567150027,1
0.1210342497,0.08778984845,-0.03803470731,0.008166258223,1
0.1210342497,0.08975988626,-0.03352607787,0.001778077451,1
0.1210342497,0.09172992408,-0.04769555852,-0.0057545905,1
0.1210342497,0.0936999619,-0.0341324918,0.0007765750634,1
0.1210342497,0.09567000717,-0.03398355097,0.002795891371,1
0.1210342497,0.09764004499,-0.03876203299,-0.0008320115739,1
0.1210342497,0.09961008281,-0.02783277072,-0.009850632399,1
0.1210342497,0.1015801206,-0.0191940479,-0.003986164462,1
0.1210342497,0.1035501584,-0.01437854953,-0.006011317018,1
0.1210342497,0.1055201963,-0.008262226358,-0.004779712763,1
0.1210342497,0.1074902341,-0.004737240262,-0.001118986867,1
0.1210342497,0.1094602719,-0.003409649944,-0.001220403472,1
0.1210342497,0.1114303172,-0.004388180096,-0.002324882429,1
0.1210342497,0.113400355,-0.005719102919,-0.001443517045,1
0.1210342497,0.1153703928,-0.006127189845,-2.796092849e-05,1
0.1210342497,0.1173404306,-0.006359070074,-0.0006770185428,1
0.1230042875,0.04838907719,0.001879420015,0.01386106573,1
0.1230042875,0.050359115,0.01382774487,0.005296318792,1
0.1230042875,0.05232915282,0.0009533293196,0.003141676309,1
0.1230042875,0.05429919064,-0.001439908985,0.005596693605,1
0.1230042875,0.05626922846,-0.008706555702,0.01341735292,1
0.1230042875,0.05823927,-0.02480443008,0.00755752949,1
0.1230042875,0.06020930782,-0.03707575053,-0.008579301648,1
0.1230042875,0.06217934564,-0.04473998025,-0.008807252161,1
0.1230042875,0.06414938718,-0.05052555725,-0.003932791762,1
0.1230042875,0.066119425,-0.05033528805,-0.004745456856,1
0.1230042875,0.06808946282,-0.05738534406,-0.006955743767,1
0.1230042875,0.07005950063,-0.04744904488,-0.003844076069,1
0.1230042875,0.07202953845,-0.04519663006,-0.004075908102,1
0.1230042875,0.07399957627,-0.04522921517,-0.007019809447,1
0.1230042875,0.07596961409,-0.04645618051,-0.006044087466,1
0.1230042875,0.07793965936,-0.05327152461,5.180959488e-05,1
0.1230042875,0.07990969718,-0.05674123019,0.004632319324,1
0.1230042875,0.08187973499,-0.05330869183,0.005413564853,1
0.1230042875,0.08384977281,-0.05199865997,0.005348254927,1
0.1230042875,0.08581981063,-0.05715163797,0.008485151455,1
0.1230042875,0.08778984845,-0.04401087016,-0.001532357652,1
0.1230042875,0.08975988626,-0.03945998847,-0.006230308674,1
0.1230042875,0.09172992408,-0.04503300413,-0.004684532527,1
0.1230042875,0.0936999619,-0.04175574705,-0.001445272123,1
0.1230042875,0.09567000717,-0.03969419003,0.0006639418425,1
0.1230042875,0.09764004499,-0.03595899791,-0.0004710170906,1
0.1230042875,0.09961008281,-0.02379927225,-0.002140686382,1
0.1230042875,0.1015801206,-0.01656719297,-0.005244714674,1
0.1230042875,0.1035501584,-0.01040103566,-0.006720772944,1
0.1230042875,0.1055201963,-0.004840286449,-0.006125536282,1
0.1230042875,0.1074902341,-0.00560884783,-0.002911685966,1
0.1230042875,0.1094602719,-0.004482142162,-0.001759513747,1
0.1230042875,0.1114303172,-0.003819579491,-0.002084745793,1
0.1230042875,0.113400355,-0.003510887269,-0.001509244554,1
0.1230042875,0.1153703928,-0.003744839225,0.0004884472582,1
0.1230042875,0.1173404306,-0.004246575758,0.00150303659,1
0.1249743327,0.04838907719,0.003229655558,0.008483291604,2
0.1249743327,0.050359115,0.00497907633,0.005923253484,2
0.1249743327,0.05232915282,0.004256616812,0.007933448069,1
0.1249743327,0.05429919064,0.001287848456,0.009182232432,1
0.1249743327,0.05626922846,-0.01296394784,0.005124804098,1
0.1249743327,0.05823927,-0.03556454927,-0.002397589386,1
0.1249743327,0.06020930782,-0.03866237029,-0.004159313627,1
0.1249743327,0.06217934564,-0.0460274294,0.00252850703,1
0.1249743327,0.06414938718,-0.05307130143,0.001525061438,1
0.1249743327,0.066119425,-0.06020473689,-0.001894657151,1
0.1249743327,0.06808946282,-0.05550653115,-0.006235457025,1
0.1249743327,0.07005950063,-0.05064864829,-0.005385981873,1
0.1249743327,0.07202953845,-0.0465275608,-0.006628381088,1
0.1249743327,0.07399957627,-0.04844181612,-0.009838001803,1
0.1249743327,0.07596961409,-0.04843845963,-0.006310446654,1
0.1249743327,0.07793965936,-0.05737292394,0.002955431119,1
0.1249743327,0.07990969718,-0.05991882458,0.007402927615,1
0.1249743327,0.08187973499,-0.05726258457,0.01395899802,1
0.1249743327,0.08384977281,-0.0591012612,0.009001191705,1
0.1249743327,0.08581981063,-0.05378817767,0.003832054324,1
0.1249743327,0.08778984845,-0.04385787621,-0.001289961743,1
0.1249743327,0.08975988626,-0.04112268612,-0.003534418764,1
0.1249743327,0.09172992408,-0.05003756657,0.004929959308,1
0.1249743327,0.0936999619,-0.03671477363,-0.00140324235,1
0.1249743327,0.09567000717,-0.03209910542,-0.003883864032,1
0.1249743327,0.09764004499,-0.03289755434,-0.00609201286,1
0.1249743327,0.09961008281,-0.02832202986,-0.01075148396,1
0.1249743327,0.1015801206,-0.01853677258,-0.005719210487,1
0.1249743327,0.1035501584,-0.01169745624,-0.006805974524,1
0.1249743327,0.1055201963,-0.006887436844,-0.007833668962,1
0.1249743327,0.1074902341,-0.004354154691,-0.006888247095,1
0.1249743327,0.1094602719,-0.003105665557,-0.004928521346,1
0.1249743327,0.1114303172,-0.00308624492,-0.0006828494952,1
0.1249743327,0.113400355,-0.001795960707,-0.0004244492739,1
0.1249743327,0.1153703928,-0.002377605531,0.0002777808986,1
0.1249743327,0.1173404306,-0.003032405861,0.001629135571,1
0.1269443631,0.04838907719,0.002830470912,0.005665555131,2
0.1269443631,0.050359115,-0.001397712389,0.001979956171,1
0.1269443631,0.05232915282,0.005330341402,0.008080944419,1
0.1269443631,0.05429919064,0.001067193341,0.007977187634,1
0.1269443631,0.05626922846,-0.01342747826,0.003472668817,1
0.1269443631,0.05823927,-0.03012228757,0.002469270723,1
0.1269443631,0.06020930782,-0.03073103912,0.00456477236,1
0.1269443631,0.06217934564,-0.03854795545,0.003239373676,2
0.1269443631,0.06414938718,-0.05246416107,0.001986331306,1
0.1269443631,0.066119425,-0.05450193584,-0.001321513671,1
0.1269443631,0.06808946282,-0.05353151634,-0.003894005436,1
0.1269443631,0.07005950063,-0.04720741138,-0.002531341743,1
0.1269443631,0.07202953845,-0.04139705375,-0.003338045441,1
0.1269443631,0.07399957627,-0.04486565292,-0.006534883287,1
0.1269443631,0.07596961409,-0.04137322679,-0.004889998119,1
0.1269443631,0.07793965936,-0.04945658892,0.01267588232,1
0.1269443631,0.07990969718,-0.05365369841,0.01551275421,1
0.1269443631,0.08187973499,-0.05235455558,0.01095711067,1
0.1269443631,0.08384977281,-0.05677393824,0.003142508678,1
0.1269443631,0.08581981063,-0.05117187649,-7.169649325e-05,1
0.1269443631,0.08778984845,-0.04667779803,-0.001787352259,1
0.1269443631,0.08975988626,-0.04692864418,-0.001126631862,1
0.1269443631,0.09172992408,-0.04957013205,0.003897885792,1
0.1269443631,0.0936999619,-0.03955976292,-0.0001075458422,1
0.1269443631,0.09567000717,-0.03514058143,0.0001756003767,1
0.1269443631,0.09764004499,-0.04423285276,0.002254003659,1
0.1269443631,0.09961008281,-0.03417517245,-0.00657409383,1
0.1269443631,0.1015801206,-0.02118188888,-0.007360659074,1
0.1269443631,0.1035501584,-0.01813755929,-0.007329655811,1
0.1269443631,0.1055201963,-0.0116962241,-0.007174268831,1
0.1269443631,0.1074902341,-0.006782979704,-0.005740778986,1
0.1269443631,0.1094602719,-0.007567096502,-0.002688921755,1
0.1269443631,0.1114303172,-0.0022264258,-0.0003371333587,1
0.1269443631,0.113400355,-0.001766221132,-0.0002441969409,1
0.1269443631,0.1153703928,-0.002708138665,0.001058880822,1
0.1269443631,0.1173404306,-0.002737808973,0.003134200815,1
0.1289144009,0.04838907719,0.006659469102,0.006533416919,1
0.1289144009,0.050359115,0.003264458152,0.006167226937,1
0.1289144009,0.05232915282,0.002092139563,0.006577314343,1
0.1289144009,0.05429919064,-0.0002218820155,0.006725435145,1
0.1289144009,0.05626922846,-0.006752926856,0.005483949557,1
0.1289144009,0.05823927,-0.02131915838,0.004967023619,1
0.1289144009,0.06020930782,-0.02618701942,0.005253864918,1
0.1289144009,0.06217934564,-0.02496919408,0.00387788401,1
0.1289144009,0.06414938718,-0.02860561758,-0.0002885530121,1
0.1289144009,0.066119425,-0.04880254716,-0.004138698336,1
0.1289144009,0.06808946282,-0.05207914114,-0.004021602217,1
0.1289144009,0.07005950063,-0.0489708446,-0.0001400890033,1
0.1289144009,0.07202953845,-0.04139183834,-0.002932235599,1
0.1289144009,0.07399957627,-0.03607627749,-0.004167424515,1
0.1289144009,0.07596961409,-0.03424910828,-0.0009269023431,1
0.1289144009,0.07793965936,-0.03128095716,0.01204583514,1
0.1289144009,0.07990969718,-0.03510700911,0.01325217728,1
0.1289144009,0.08187973499,-0.04655499756,0.004649573937,1
0.1289144009,0.08384977281,-0.04260480776,-0.008237767033,1
0.1289144009,0.08581981063,-0.04728926718,-0.01384877134,1
0.1289144009,0.08778984845,-0.05093605071,-0.01066632383,2
0.1289144009,0.08975988626,-0.05221426487,-0.008068786003,2
0.1289144009,0.09172992408,-0.05249816179,-0.005843191873,1
0.1289144009,0.0936999619,-0.04933233932,-0.003745641094,1
0.1289144009,0.09567000717,-0.04624271765,0.000633215881,1
0.1289144009,0.09764004499,-0.04448304698,0.00665848935,1
0.1289144009,0.09961008281,-0.03450138494,0.0008685899084,1
0.1289144009,0.1015801206,-0.01962555945,-0.004156558309,1
0.1289144009,0.1035501584,-0.01597425155,-0.001150664291,1
0.1289144009,0.1055201963,-0.01068967488,7.522770466e-05,1
0.1289144009,0.1074902341,-0.004835289437,-0.001107749878,1
0.1289144009,0.1094602719,-0.003984217532,-5.195073027e-05,1
0.1289144009,0.1114303172,-0.001589444466,0.0001085009717,1
0.1289144009,0.113400355,-0.002109288238,-0.0004328268114,1
0.1289144009,0.1153703928,-0.002782462863,0.0007150715683,1
0.1289144009,0.1173404306,-0.00307955849,0.002093182644,1
0.1308844388,0.04838907719,-0.002582445974,0.004955618177,1
0.1308844388,0.050359115,0.005252439994,0.006859463174,1
0.1308844388,0.05232915282,-0.0006192658911,0.003861811943,1
0.1308844388,0.05429919064,-0.002129583852,0.004785688594,1
0.1308844388,0.05626922846,-0.005977732595,0.005604331847,1
0.1308844388,0.05823927,-0.01601061225,0.00625589909,1
0.1308844388,0.06020930782,-0.02757074311,0.004323567729,1
0.1308844388,0.06217934564,-0.0308109466,-0.0009028744535,1
0.1308844388,0.06414938718,-0.04081019759,-0.004391274415,1
0.1308844388,0.066119425,-0.04437757656,-0.005898250267,1
0.1308844388,0.06808946282,-0.04940949753,-0.004786600824,1
0.1308844388,0.07005950063,-0.05213641748,-0.002590171527,1
0.1308844388,0.07202953845,-0.04488946497,-0.007819629274,1
0.1308844388,0.07399957627,-0.03245724365,-0.001504310756,1
0.1308844388,0.07596961409,-0.03185404837,0.003158861771,1
0.1308844388,0.07793965936,-0.0380409956,0.010743469,1
0.1308844388,0.07990969718,-0.03495145217,0.01123685203,1
0.1308844388,0.08187973499,-0.04922736809,0.007156065665,1
0.1308844388,0.08384977281,-0.04618350416,-0.0007139348309,1
0.1308844388,0.08581981063,-0.0486580506,-0.009410046041,2
0.1308844388,0.08778984845,-0.05756286904,-0.01896038465,1
0.1308844388,0.08975988626,-0.05849419534,-0.01463899575,2
0.1308844388,0.09172992408,-0.05856601894,-0.01351428684,1
0.1308844388,0.0936999619,-0.06124650687,-0.007114084437,1
0.1308844388,0.09567000717,-0.05246726796,0.001468401286,2
0.1308844388,0.09764004499,-0.04141204804,0.00947675854,1
0.1308844388,0.09961008281,-0.03399938717,0.009086865932,1
0.1308844388,0.1015801206,-0.02402113006,0.003213056596,1
0.1308844388,0.1035501584,-0.01011465862,0.0008491759654,1
0.1308844388,0.1055201963,-0.005204178393,0.001318683382,1
0.1308844388,0.1074902341,-0.004620491527,5.006358333e-05,1
0.1308844388,0.1094602719,-0.004863231443,-0.001133910497,1
0.1308844388,0.1114303172,-0.003277329262,-0.0004712412483,1
0.1308844388,0.113400355,-0.003163521411,-0.0003456228587,1
0.1308844388,0.1153703928,-0.003681512317,0.0005552770454,1
0.1308844388,0.1173404306,-0.003204423469,0.001000156975,1
0.1328544915,0.04838907719,-0.002951675327,0.005800244864,1
0.1328544915,0.050359115,-0.001890446059,0.003845909378,1
0.1328544915,0.05232915282,-0.002349901712,0.004530523438,1
0.1328544915,0.05429919064,-0.003929117694,0.004371293355,1
0.1328544915,0.05626922846,-0.006479038857,0.004176928662,1
0.1328544915,0.05823927,-0.01625373214,0.007969421335,1
0.1328544915,0.06020930782,-0.02548117749,0.0116162952,1
0.1328544915,0.06217934564,-0.02576291561,-0.0005131260841,1
0.1328544915,0.06414938718,-0.0406232737,0.002376716118,1
0.1328544915,0.066119425,-0.04916348308,-0.0005438593798,1
0.1328544915,0.06808946282,-0.04503617063,-0.01225165371,1
0.1328544915,0.07005950063,-0.04064378887,0.003007124877,3
0.1328544915,0.07202953845,-0.04748852551,-0.004282588605,2
0.1328544915,0.07399957627,-0.04349137843,-0.003026223509,1
0.1328544915,0.07596961409,-0.04453267157,0.006485654041,1
0.1328544915,0.07793965936,-0.04630627856,0.0008569656638,1
0.1328544915,0.07990969718,-0.04422729462,-0.00391043257,1
0.1328544915,0.08187973499,-0.04132206738,0.000457099668,1
0.1328544915,0.08384977281,-0.0422434248,0.0003356663219,1
0.1328544915,0.08581981063,-0.04359656945,-0.004117094446,1
0.1328544915,0.08778984845,-0.05189141631,-0.004437420052,1
0.1328544915,0.08975988626,-0.06563363969,-0.01801252551,1
0.1328544915,0.09172992408,-0.06539586186,-0.0118624568,2
0.1328544915,0.0936999619,-0.0685294047,-0.006378521677,1
0.1328544915,0.09567000717,-0.06096779928,0.002877715277,1
0.1328544915,0.09764004499,-0.04332531989,0.007794308476,1
0.1328544915,0.09961008281,-0.03626103699,0.009037877433,1
0.1328544915,0.1015801206,-0.02679409273,0.004778623115,1
0.1328544915,0.1035501584,-0.009645590559,-0.003465615446,1
0.1328544915,0.1055201963,-0.004866755567,-0.0008547732141,1
0.1328544915,0.1074902341,-0.003651401261,-0.001735035679,1
0.1328544915,0.1094602719,-0.003295820905,-0.002007766394,1
0.1328544915,0.1114303172,-0.002963701263,-0.001200395869,1
0.1328544915,0.113400355,-0.002981179627,-0.000726795115,1
0.1328544915,0.1153703928,-0.003173529403,0.0001335010602,1
0.1328544915,0.1173404306,-0.001734721358,-0.0002105068124,1
0.1348245293,0.04838907719,-0.002841589972,0.00141680229,1
0.1348245293,0.050359115,-0.003982298076,0.004268515855,1
0.1348245293,0.05232915282,-0.003839032259,0.006226910744,1
0.1348245293,0.05429919064,-0.003496150486,0.005848322064,1
0.1348245293,0.05626922846,-0.004380712286,0.004284493625,1
0.1348245293,0.05823927,-0.01846982352,0.0004636345257,1
0.1348245293,0.06020930782,-0.02248872817,-0.003611471504,1
0.1348245293,0.06217934564,-0.01651698723,0.01300156489,1
0.1348245293,0.06414938718,-0.0343866162,0.01455469988,1
0.1348245293,0.066119425,-0.04600236937,0.003241493599,1
0.1348245293,0.06808946282,-0.0422847569,-0.009687365033,1
0.1348245293,0.07005950063,-0.05608469993,-0.01952891611,1
0.1348245293,0.07202953845,-0.06092948467,-0.009291626513,2
0.1348245293,0.07399957627,-0.0556794107,-0.003197212704,2
0.1348245293,0.07596961409,-0.05128486827,0.004133497365,1
0.1348245293,0.07793965936,-0.04686091095,0.001873633708,1
0.1348245293,0.07990969718,-0.03744448349,-0.0002512054634,1
0.1348245293,0.08187973499,-0.03321027383,-0.005101933144,1
0.1348245293,0.08384977281,-0.03573409468,-0.002121727914,1
0.1348245293,0.08581981063,-0.0379723236,0.001389448182,1
0.1348245293,0.08778984845,-0.0478339307,0.004136964679,1
0.1348245293,0.08975988626,-0.06082578748,-0.003300785553,1
0.1348245293,0.09172992408,-0.06885439157,-0.009544491768,1
0.1348245293,0.0936999619,-0.06772046536,-0.004352068529,2
0.1348245293,0.09567000717,-0.04360931739,-0.003472426208,1
0.1348245293,0.09764004499,-0.04334943742,0.006871766876,1
0.1348245293,0.09961008281,-0.03380087018,0.006494530477,1
0.1348245293,0.1015801206,-0.02530255727,0.007106052246,1
0.1348245293,0.1035501584,-0.01573881321,0.001048423001,1
0.1348245293,0.1055201963,-0.007775095757,-0.002210237319,1
0.1348245293,0.1074902341,-0.003219173988,-0.001738960156,1
0.1348245293,0.1094602719,-0.002772144973,-0.002410073997,1
0.1348245293,0.1114303172,-0.004370583687,-0.002687014407,1
0.1348245293,0.113400355,-0.003131420352,-0.001189262606,1
0.1348245293,0.1153703928,-0.001853048219,-0.0005851185997,1
0.1348245293,0.1173404306,-0.001339084352,-8.832519961e-05,1
0.1367945671,0.04838907719,-0.002385732019,-0.001106922748,1
0.1367945671,0.050359115,-0.004418449476,0.005633281078,1
0.1367945671,0.05232915282,-0.005579993129,0.006904123817,1
0.1367945671,0.05429919064,-0.003503682557,0.006101870909,1
0.1367945671,0.05626922846,-0.003695406718,0.005201755092,1
0.1367945671,0.05823927,-0.006364024244,0.005171000492,1
0.1367945671,0.06020930782,-0.01538687292,0.003549243091,1
0.1367945671,0.06217934564,-0.0166863203,0.01513560582,1
0.1367945671,0.06414938718,-0.02539458312,0.02091302164,1
0.1367945671,0.066119425,-0.03579705209,0.01615151204,1
0.1367945671,0.06808946282,-0.03785817698,-0.00563054299,1
0.1367945671,0.07005950063,-0.04766809195,-0.007548305672,1
0.1367945671,0.07202953845,-0.08446530253,-0.01015779097,1
0.1367945671,0.07399957627,-0.0670119226,-0.004604497459,2
0.1367945671,0.07596961409,-0.06205531582,0.006229861639,1
0.1367945671,0.07793965936,-0.04594651982,0.002046545036,1
0.1367945671,0.07990969718,-0.0316837579,0.001827991218,1
0.1367945671,0.08187973499,-0.03266571462,-0.005164104979,1
0.1367945671,0.08384977281,-0.03977116197,-0.005550874863,1
0.1367945671,0.08581981063,-0.03880952671,0.00657251291,1
0.1367945671,0.08778984845,-0.04502006248,0.01044177823,1
0.1367945671,0.08975988626,-0.05472993106,0.00963728223,1
0.1367945671,0.09172992408,-0.06759528816,0.00858072564,1
0.1367945671,0.0936999619,-0.08988874406,0.001987165771,1
0.1367945671,0.09567000717,-0.06398896128,-0.00042913371,2
0.1367945671,0.09764004499,-0.0490251407,0.002378124278,2
0.1367945671,0.09961008281,-0.03488195688,0.005073057488,1
0.1367945671,0.1015801206,-0.02500326186,0.003188963979,1
0.1367945671,0.1035501584,-0.01468955539,0.001303102006,1
0.1367945671,0.1055201963,-0.007543034852,-0.001314160181,1
0.1367945671,0.1074902341,-0.003566011554,-0.0002674722055,1
0.1367945671,0.1094602719,-0.003639655653,-0.00156530214,1
0.1367945671,0.1114303172,-0.004840525798,-0.002476812573,1
0.1367945671,0.113400355,-0.003029882675,-0.001248991815,1
0.1367945671,0.1153703928,-0.002630740171,-0.0005242964835,1
0.1367945671,0.1173404306,0.001914332272,0.001097126631,1
0.1387646049,0.04838907719,-0.003631812753,0.0003432976955,1
0.1387646049,0.050359115,-0.004541954491,0.006182042416,1
0.1387646049,0.05232915282,-0.005532851908,0.007729619741,1
0.1387646049,0.05429919064,-0.002883787733,0.006631397177,1
0.1387646049,0.05626922846,-0.002594107762,0.005198337138,1
0.1387646049,0.05823927,-0.006782477256,0.003773370758,1
0.1387646049,0.06020930782,-0.01458983775,0.00487146154,1
0.1387646049,0.06217934564,-0.02048738115,0.01050179359,1
0.1387646049,0.06414938718,-0.01819542609,0.01256178692,1
0.1387646049,0.066119425,-0.02607609518,0.01622574404,1
0.1387646049,0.06808946282,-0.04156601056,0.01049559005,1
0.1387646049,0.07005950063,-0.05017281696,0.003401837545,1
0.1387646049,0.07202953845,-0.06829953939,-0.01476873364,1
0.1387646049,0.07399957627,-0.06584765017,-0.0112928478,2
0.1387646049,0.07596961409,-0.06074886397,0.0016820007,1
0.1387646049,0.07793965936,-0.04299216345,-0.008150483482,1
0.1387646049,0.07990969718,-0.03218109533,-0.001546280459,1
0.1387646049,0.08187973499,-0.0332942158,-0.001792724128,1
0.1387646049,0.08384977281,-0.04102345929,0.005828992929,1
0.1387646049,0.08581981063,-0.04004481062,0.01567043737,1
0.1387646049,0.08778984845,-0.03624023125,0.01658004709,1
0.1387646049,0.08975988626,-0.06180442125,0.01734147407,1
0.1387646049,0.09172992408,-0.05939674005,0.02089964598,1
0.1387646049,0.0936999619,-0.09220344573,-0.004529905971,1
0.1387646049,0.09567000717,-0.07343264669,-0.002609398682,2
0.1387646049,0.09764004499,-0.05388020724,-0.002003193367,1
0.1387646049,0.09961008281,-0.03576728329,-0.006230915897,1
0.1387646049,0.1015801206,-0.02256692946,-0.005036683287,1
0.1387646049,0.1035501584,-0.01626161113,-0.002652466064,2
0.1387646049,0.1055201963,-0.01099053025,-0.004031003453,1
0.1387646049,0.1074902341,-0.001318451483,-0.004692881834,1
0.1387646049,0.1094602719,-0.00143129658,-0.0004736636183,1
0.1387646049,0.1114303172,-0.00248880568,-0.0006183242076,1
0.1387646049,0.113400355,-0.002435950562,7.8176432e-05,1
0.1387646049,0.1153703928,-0.003042696742,0.0003155364539,1
0.1387646049,0.1173404306,-0.001708961907,0.0005706867669,1
0.1407346427,0.04838907719,-0.006372407079,0.001787487417,1
0.1407346427,0.050359115,-0.004889115226,0.006872983649,1
0.1407346427,0.05232915282,-0.002488204977,0.00739240041,1
0.1407346427,0.05429919064,-0.001736568171,0.00812130142,1
0.1407346427,0.05626922846,-0.002865506569,0.00590879051,1
0.1407346427,0.05823927,-0.007550405338,0.004792353138,1
0.1407346427,0.06020930782,-0.01303155627,0.006507258397,1
0.1407346427,0.06217934564,-0.02576134168,0.009997079149,1
0.1407346427,0.06414938718,-0.0308171045,0.009753221646,1
0.1407346427,0.066119425,-0.03634564579,0.01927526109,1
0.1407346427,0.06808946282,-0.04158892855,0.01288871281,1
0.1407346427,0.07005950063,-0.0498175174,0.01324546244,1
0.1407346427,0.07202953845,-0.06402189285,-0.009314823896,1
0.1407346427,0.07399957627,-0.06733030081,-0.02748015895,1
0.1407346427,0.07596961409,-0.03664182127,-0.01233498473,1
0.1407346427,0.07793965936,-0.03820848092,-0.01402769983,1
0.1407346427,0.07990969718,-0.03840200603,-0.005012601148,1
0.1407346427,0.08187973499,-0.04697747529,0.002099522855,1
0.1407346427,0.08384977281,-0.045068793,0.01342696603,1
0.1407346427,0.08581981063,-0.04054705426,0.0167082008,1
0.1407346427,0.08778984845,-0.03227223828,0.01804795489,1
0.1407346427,0.08975988626,-0.04535039514,0.02121959999,1
0.1407346427,0.09172992408,-0.04293891042,0.0234318953,1
0.1407346427,0.0936999619,-0.07307808846,-0.001677337335,1
0.1407346427,0.09567000717,-0.08365797251,-0.003475361969,1
0.1407346427,0.09764004499,-0.0571895428,-0.02014608681,1
0.1407346427,0.09961008281,-0.03560292348,-0.01798254624,1
0.1407346427,0.1015801206,-0.02139413729,-0.006631796248,1
0.1407346427,0.1035501584,-0.01679942943,-0.002845279407,1
0.1407346427,0.1055201963,-0.008454560302,-0.006710234098,1
0.1407346427,0.1074902341,-0.0004024022201,-0.006452505942,1
0.1407346427,0.1094602719,-0.002609430114,-0.001122432295,1
0.1407346427,0.1114303172,-0.001703765825,-0.0003340051917,1
0.1407346427,0.113400355,-0.001291205292,4.471678767e-05,1
0.1407346427,0.1153703928,-0.002782813972,-0.0003588312247,1
0.1407346427,0.1173404306,-0.00571575528,-0.001495628268,1
0.1427046806,0.04838907719,-0.00624289643,0.004939372186,1
0.1427046806,0.050359115,-0.004595437087,0.006745953579,1
0.1427046806,0.05232915282,-0.003573975526,0.006442597602,1
0.1427046806,0.05429919064,-0.002756227739,0.00783548411,1
0.1427046806,0.05626922846,-0.004201881122,0.007274232339,1
0.1427046806,0.05823927,-0.00604592124,0.00812846981,1
0.1427046806,0.06020930782,-0.009469830431,0.00762859825,1
0.1427046806,0.06217934564,-0.01773520187,0.006645795424,1
0.1427046806,0.06414938718,-0.02591548301,0.0114296386,1
0.1427046806,0.066119425,-0.03055284545,0.01273643877,2
0.1427046806,0.06808946282,-0.03967506811,0.004283435643,1
0.1427046806,0.07005950063,-0.0428134203,0.01585266739,1
0.1427046806,0.07202953845,-0.04632777348,0.02706171386,1
0.1427046806,0.07399957627,-0.04755505919,0.005756625906,1
0.1427046806,0.07596961409,-0.05692971125,-0.03167174011,1
0.1427046806,0.07793965936,-0.05108606815,-0.0270979926,1
0.1427046806,0.07990969718,-0.0557346791,-0.01011833549,1
0.1427046806,0.08187973499,-0.06289771199,0.002241735812,1
0.1427046806,0.08384977281,-0.05720682442,0.0171199888,1
0.1427046806,0.08581981063,-0.04699834436,0.01761059649,1
0.1427046806,0.08778984845,-0.03779153898,0.01458053757,1
0.1427046806,0.08975988626,-0.03830944374,0.006459949538,1
0.1427046806,0.09172992408,-0.08017878979,-0.006098544225,1
0.1427046806,0.0936999619,-0.07459953427,-0.009550882503,1
0.1427046806,0.09567000717,-0.08106897026,-0.02001204714,1
0.1427046806,0.09764004499,-0.06423059851,-0.02090672217,1
0.1427046806,0.09961008281,-0.04087746888,-0.01978176646,1
0.1427046806,0.1015801206,-0.02945975401,-0.005131844897,1
0.1427046806,0.1035501584,-0.01270339824,-0.005782401189,1
0.1427046806,0.1055201963,-0.006181445438,-0.007553563453,1
0.1427046806,0.1074902341,-0.005379707552,-0.002176448703,1
0.1427046806,0.1094602719,-0.00308529404,-0.001143693225,1
0.1427046806,0.1114303172,-0.000932290568,-9.745751595e-05,1
0.1427046806,0.113400355,-0.000494177395,4.387482932e-06,1
0.1427046806,0.1153703928,-0.003768671304,-0.001869162777,1
0.1427046806,0.1173404306,-0.008394683711,-0.003972915001,1
0.1446747184,0.04838907719,-0.005001623649,0.005738427863,1
0.1446747184,0.050359115,-0.004488575272,0.005820178427,1
0.1446747184,0.05232915282,-0.003821910359,0.005047364626,1
0.1446747184,0.05429919064,-0.003386080964,0.006829464342,1
0.1446747184,0.05626922846,-0.005130611826,0.00756476121,1
0.1446747184,0.05823927,-0.005165645853,0.007819430903,1
0.1446747184,0.06020930782,-0.007185581606,0.005690293387,1
0.1446747184,0.06217934564,-0.01074054465,0.006433879491,1
0.1446747184,0.06414938718,-0.01727497205,0.009884590283,1
0.1446747184,0.066119425,-0.02027518116,0.01595741883,1
0.1446747184,0.06808946282,-0.03246145323,0.01479133032,2
0.1446747184,0.07005950063,-0.03637195751,0.02167237364,1
0.1446747184,0.07202953845,-0.05496652424,-0.00541213993,1
0.1446747184,0.07399957627,-0.04079375044,-0.008337336592,1
0.1446747184,0.07596961409,-0.04517858848,-0.01865154132,1
0.1446747184,0.07793965936,-0.06607558578,-0.01744604297,1
0.1446747184,0.07990969718,-0.07459257543,-0.008309791796,1
0.1446747184,0.08187973499,-0.08471342176,0.004393909127,1
0.1446747184,0.08384977281,-0.06958051771,0.01137450431,2
0.1446747184,0.08581981063,-0.06086889282,0.01766816713,1
0.1446747184,0.08778984845,-0.05488945916,0.006577509455,1
0.1446747184,0.08975988626,-0.05414614454,0.0142689636,1
0.1446747184,0.09172992408,-0.05810178071,0.01711173914,1
0.1446747184,0.0936999619,-0.06940748543,-0.01291051228,1
0.1446747184,0.09567000717,-0.07115906477,-0.02244774811,1
0.1446747184,0.09764004499,-0.06681796908,-0.01762227714,1
0.1446747184,0.09961008281,-0.05028112233,-0.01255831216,1
0.1446747184,0.1015801206,-0.03310396522,0.002344090724,1
0.1446747184,0.1035501584,-0.007826038636,-0.004654902499,1
0.1446747184,0.1055201963,-0.002571376273,-0.006512295455,1
0.1446747184,0.1074902341,-0.004386272747,-0.001391046913,1
0.1446747184,0.1094602719,-0.002140988363,-0.001096458524,1
0.1446747184,0.1114303172,0.000273677957,-0.0004449566186,1
0.1446747184,0.113400355,0.0003275313065,3.867753094e-06,1
0.1446747184,0.1153703928,-0.003145691007,-0.001780744758,1
0.1446747184,0.1173404306,0.0008663661429,-0.003023773432,1
0.1466447562,0.04838907719,-0.002876552287,0.004441639408,1
0.1466447562,0.050359115,-0.004786737729,0.003947354387,1
0.1466447562,0.05232915282,-0.004718379583,0.002976902295,1
0.1466447562,0.05429919064,-0.003715323983,0.005214494653,1
0.1466447562,0.05626922846,-0.003322025295,0.006482735276,1
0.1466447562,0.05823927,-0.003852143884,0.007014349103,1
0.1466447562,0.06020930782,-0.00543710636,0.007219989784,1
0.1466447562,0.06217934564,-0.007360029034,0.008639140986,1
0.1466447562,0.06414938718,-0.01726990007,0.01212445181,1
0.1466447562,0.066119425,-0.02989781834,0.01415942702,1
0.1466447562,0.06808946282,-0.03352360055,0.01725209318,1
0.1466447562,0.07005950063,-0.03660487756,0.01793090254,1
0.1466447562,0.07202953845,-0.05038465559,0.006486286875,2
0.1466447562,0.07399957627,-0.05938118696,0.01238351781,2
0.1466447562,0.07596961409,-0.0783778131,0.02744933031,1
0.1466447562,0.07793965936,-0.08876814693,-0.002743619494,1
0.1466447562,0.07990969718,-0.09079369158,-0.007806193084,1
0.1466447562,0.08187973499,-0.08384796977,0.002687409054,2
0.1466447562,0.08384977281,-0.07553295791,0.006315951236,1
0.1466447562,0.08581981063,-0.06299556047,0.009446371347,1
0.1466447562,0.08778984845,-0.07736311108,0.01376779377,1
0.1466447562,0.08975988626,-0.07629776746,0.01364289876,1
0.1466447562,0.09172992408,-0.07139977068,0.008087445982,1
0.1466447562,0.0936999619,-0.05666428432,-0.006741531659,1
0.1466447562,0.09567000717,-0.05872295797,-0.01985511929,1
0.1466447562,0.09764004499,-0.06139975041,-0.01770258695,1
0.1466447562,0.09961008281,-0.04978236556,-0.004256926011,1
0.1466447562,0.1015801206,-0.03190235049,-0.0009158694884,2
0.1466447562,0.1035501584,-0.00605503004,6.953038246e-05,1
0.1466447562,0.1055201963,-0.001655791071,-0.002168732462,1
0.1466447562,0.1074902341,-0.002525884425,-0.002916069003,1
0.1466447562,0.1094602719,-0.001356327324,-0.001857615774,1
0.1466447562,0.1114303172,0.0009274834301,-0.001977590378,1
0.1466447562,0.113400355,0.002485300647,-0.001689510769,1
0.1466447562,0.1153703928,0.0008397200145,-0.002113679424,1
0.1466447562,0.1173404306,-0.0006429402856,-0.000896057114,1
0.148614794,0.04838907719,0.0007376572466,0.003842642298,1
0.148614794,0.050359115,-0.003605278675,0.003811812494,1
0.148614794,0.05232915282,-0.00464146072,0.003347723046,1
0.148614794,0.05429919064,-0.002923940076,0.004229785874,1
0.148614794,0.05626922846,-0.003183438675,0.004815998022,1
0.148614794,0.05823927,-0.004066305235,0.005712805782,1
0.148614794,0.06020930782,-0.005108615849,0.007949722931,1
0.148614794,0.06217934564,-0.008537675254,0.008858351968,1
0.148614794,0.06414938718,-0.02004234679,0.01193055697,1
0.148614794,0.066119425,-0.03136169165,0.01277921721,1
0.148614794,0.06808946282,-0.03507105261,0.01252548583,1
0.148614794,0.07005950063,-0.03849807382,0.0083713606,1
0.148614794,0.07202953845,-0.05058604479,0.001042868593,1
0.148614794,0.07399957627,-0.06796853244,0.02393578738,1
0.148614794,0.07596961409,-0.0758388564,0.03247477487,1
0.148614794,0.07793965936,-0.0818663761,0.02757686004,1
0.148614794,0.07990969718,-0.07907302678,0.008905760013,1
0.148614794,0.08187973499,-0.08435180783,0.007845968939,1
0.148614794,0.08384977281,-0.07895548642,0.008248344064,1
0.148614794,0.08581981063,-0.06472966075,0.01156388875,1
0.148614794,0.08778984845,-0.07511050254,0.01342991833,1
0.148614794,0.08975988626,-0.07479928434,0.006221186835,1
0.148614794,0.09172992408,-0.06273575127,-0.0005175725673,2
0.148614794,0.0936999619,-0.05342562869,-0.01056545693,1
0.148614794,0.09567000717,-0.05706531182,-0.01608862728,1
0.148614794,0.09764004499,-0.06593683362,-0.0118339872,1
0.148614794,0.09961008281,-0.0813940689,-0.00700127054,1
0.148614794,0.1015801206,-0.03866804019,-0.001820172882,2
0.148614794,0.1035501584,-0.008222228847,0.003483588574,1
0.148614794,0.1055201963,-0.001977830194,0.0004298557469,1
0.148614794,0.1074902341,-0.001160055515,-0.003730596043,1
0.148614794,0.1094602719,-0.0004662304418,-0.003038747236,1
0.148614794,0.1114303172,0.0006210830179,-0.002131495625,1
0.148614794,0.113400355,0.001698206877,-0.001943667885,1
0.148614794,0.1153703928,0.001499604667,-0.001923733857,1
0.148614794,0.1173404306,-0.004392615519,-0.0009419645066,1
0.1505848318,0.04838907719,0.0005998593988,0.004075449426,1
0.1505848318,0.050359115,-0.003744135611,0.003493915545,1
0.1505848318,0.05232915282,-0.004900910892,0.004318159539,1
0.1505848318,0.05429919064,-0.005151377991,0.005312123802,1
0.1505848318,0.05626922846,-0.00356829376,0.003056096844,1
0.1505848318,0.05823927,-0.002837583423,0.004260119982,1
0.1505848318,0.06020930782,-0.004325782415,0.006769468077,1
0.1505848318,0.06217934564,-0.0128887333,0.006351269782,1
0.1505848318,0.06414938718,-0.02144995518,0.008378453553,1
0.1505848318,0.066119425,-0.02388783917,0.0132483812,1
0.1505848318,0.06808946282,-0.0338300094,-0.008861375041,1
0.1505848318,0.07005950063,-0.03653456271,-0.009165939875,1
0.1505848318,0.07202953845,-0.03955349699,-0.00726020569,1
0.1505848318,0.07399957627,-0.05406364426,-0.01494375896,1
0.1505848318,0.07596961409,-0.05285314098,0.02181177028,1
0.1505848318,0.07793965936,-0.05008368194,0.01978700981,1
0.1505848318,0.07990969718,-0.04688231647,0.004494579043,1
0.1505848318,0.08187973499,-0.04836705327,0.006659105886,2
0.1505848318,0.08384977281,-0.04731232673,0.006522275507,2
0.1505848318,0.08581981063,-0.04608970508,0.01039325818,2
0.1505848318,0.08778984845,-0.05631786585,0.02360318042,1
0.1505848318,0.08975988626,-0.0513430424,0.006031470373,1
0.1505848318,0.09172992408,-0.05131834,-0.005813466851,1
0.1505848318,0.0936999619,-0.05388842523,-0.01223323308,1
0.1505848318,0.09567000717,-0.06249969453,-0.01404852513,1
0.1505848318,0.09764004499,-0.0670645386,-0.01005656086,1
0.1505848318,0.09961008281,-0.0521665141,-0.007603286766,1
0.1505848318,0.1015801206,-0.03315350413,-0.002847140189,2
0.1505848318,0.1035501584,-0.01512292027,0.001828722423,1
0.1505848318,0.1055201963,-0.001990496647,-0.000825902971,1
0.1505848318,0.1074902341,-0.001359078917,-0.004027697258,1
0.1505848318,0.1094602719,-0.0003525410721,-0.004883528221,1
0.1505848318,0.1114303172,0.0003474921978,-0.003156459192,1
0.1505848318,0.113400355,-2.408238652e-05,-0.001330905594,1
0.1505848318,0.1153703928,0.000253772072,-0.001565632992,1
0.1505848318,0.1173404306,-0.005262001883,-0.002336173318,1
0.1525548697,0.04838907719,-0.003095873632,0.004248669371,1
0.1525548697,0.050359115,-0.003985608928,0.003862526035,1
0.1525548697,0.05232915282,-0.003635355039,0.004307947122,1
0.1525548697,0.05429919064,-0.003076400375,0.005967739969,1
0.1525548697,0.05626922846,-0.002699721139,0.00515506696,1
0.1525548697,0.05823927,-0.00219634641,0.004358380567,1
0.1525548697,0.06020930782,-0.003578037256,0.007035205141,1
0.1525548697,0.06217934564,-0.009535841644,0.006634887308,2
0.1525548697,0.06414938718,-0.01687657461,0.006146397907,2
0.1525548697,0.066119425,-0.02236716449,0.003680955619,2
0.1525548697,0.06808946282,-0.0319599174,-0.009477674961,1
0.1525548697,0.07005950063,-0.03068336658,-0.01240463275,1
0.1525548697,0.07202953845,-0.02000861615,0.005752815399,2
0.1525548697,0.07399957627,-0.01766292192,0.005941539537,2
0.1525548697,0.07596961409,-0.01654227823,0.003547141794,2
0.1525548697,0.07793965936,-0.01604872011,0.003057890339,2
0.1525548697,0.07990969718,-0.01482593361,0.007862876169,2
0.1525548697,0.08187973499,-0.01492176577,0.007773599587,2
0.1525548697,0.08384977281,-0.01583707146,0.0007883937215,2
0.1525548697,0.08581981063,-0.01599895582,-0.0001163108464,2
0.1525548697,0.08778984845,-0.01964357309,7.927574188e-05,2
0.1525548697,0.08975988626,-0.03570000455,-0.009888452478,1
0.1525548697,0.09172992408,-0.04991882294,-0.009220802225,1
0.1525548697,0.0936999619,-0.0450964272,-0.01610203274,1
0.1525548697,0.09567000717,-0.04329373315,-0.01282308437,2
0.1525548697,0.09764004499,-0.04593717679,-0.008613334037,2
0.1525548697,0.09961008281,-0.04897743836,-0.006672081538,1
0.1525548697,0.1015801206,-0.02665654942,-0.003793823067,2
0.1525548697,0.1035501584,-0.01212901529,-0.002082484541,2
0.1525548697,0.1055201963,-0.00196553464,-0.003710453631,1
0.1525548697,0.1074902341,-0.002502723131,-0.005472040735,1
0.1525548697,0.1094602719,-0.001506324043,-0.005052891094,1
0.1525548697,0.1114303172,-0.0001646034216,-0.00381741696,1
0.1525548697,0.113400355,5.612480527e-05,-0.002719901735,1
0.1525548697,0.1153703928,-0.0003226696572,-0.002413804643,1
0.1525548697,0.1173404306,-0.001605382306,-0.002661841456,1
0.1545249075,0.04838907719,-0.002576555824,0.002052802593,1
0.1545249075,0.050359115,-0.003803408006,0.0039929552,1
0.1545249075,0.05232915282,-0.002938284073,0.003529130248,1
0.1545249075,0.05429919064,-0.002608467825,0.005068487488,1
0.1545249075,0.05626922846,-0.003910018131,0.00709566474,1
0.1545249075,0.05823927,-0.003617027309,0.006342301611,1
0.1545249075,0.06020930782,-0.00272507593,0.007834330201,1
0.1545249075,0.06217934564,-0.004800023045,0.007006676402,1
0.1545249075,0.06414938718,-0.01415333897,0.00589129515,1
0.1545249075,0.066119425,-0.01674432121,0.004806718789,1
0.1545249075,0.06808946282,-0.01226870809,-0.002590708667,1
0.1545249075,0.07005950063,-0.009575120173,-0.0008100208943,1
0.1545249075,0.07202953845,0.007865322754,0.03673456237,1
0.1545249075,0.07399957627,0.01996284723,0.02940995991,1
0.1545249075,0.07596961409,0.02039567009,-0.01662263274,1
0.1545249075,0.07793965936,0.01725701801,-0.01896546595,1
0.1545249075,0.07990969718,0.01854906231,0.01612543687,1
0.1545249075,0.08187973499,0.01934299991,0.01578402333,1
0.1545249075,0.08384977281,0.01488476712,-0.01102598943,1
0.1545249075,0.08581981063,0.01757452078,-0.01172617171,1
0.1545249075,0.08778984845,0.02944253385,-0.01328131463,1
0.1545249075,0.08975988626,0.005860667676,-0.01147886086,2
0.1545249075,0.09172992408,0.01960366406,-0.01194952894,1
0.1545249075,0.0936999619,-0.01264608745,-0.01288909186,2
0.1545249075,0.09567000717,-0.0196416378,-0.01252844743,1
0.1545249075,0.09764004499,-0.02441298589,-0.004901607521,1
0.1545249075,0.09961008281,-0.02046059631,-0.003412111429,1
0.1545249075,0.1015801206,-0.01236623805,-0.003573587164,1
0.1545249075,0.1035501584,-0.004771056119,-0.002654383192,1
0.1545249075,0.1055201963,-0.002554665087,-0.004752845038,1
0.1545249075,0.1074902341,-0.002158155432,-0.006276194938,1
0.1545249075,0.1094602719,-0.002629382769,-0.003838288132,1
0.1545249075,0.1114303172,-0.001212720526,-0.003277017269,1
0.1545249075,0.113400355,-0.0002415764757,-0.003426263109,1
0.1545249075,0.1153703928,-0.0004372488766,-0.002944442444,1
0.1545249075,0.1173404306,-0.0009911056841,-0.003487600712,1
0.1564949453,0.04838907719,-0.005705387797,0.003851591144,1
0.1564949453,0.050359115,-0.004876768682,0.003866559826,1
0.1564949453,0.05232915282,-0.004623390269,0.003279380035,1
0.1564949453,0.05429919064,-0.007630615961,0.004602949601,1
0.1564949453,0.05626922846,-0.005945413839,0.00323216035,1
0.1564949453,0.05823927,-0.002163610421,0.005252552684,1
0.1564949453,0.06020930782,0.001348068006,0.008327008225,1
0.1564949453,0.06217934564,NaN,NaN,0
0.1564949453,0.06414938718,NaN,NaN,0
0.1564949453,0.066119425,NaN,NaN,0
0.1564949453,0.06808946282,NaN,NaN,0
0.1564949453,0.07005950063,NaN,NaN,0
0.1564949453,0.07202953845,NaN,NaN,0
0.1564949453,0.07399957627,NaN,NaN,0
0.1564949453,0.07596961409,NaN,NaN,0
0.1564949453,0.07793965936,NaN,NaN,0
0.1564949453,0.07990969718,NaN,NaN,0
0.1564949453,0.08187973499,NaN,NaN,0
0.1564949453,0.08384977281,NaN,NaN,0
0.1564949453,0.08581981063,NaN,NaN,0
0.1564949453,0.08778984845,NaN,NaN,0
0.1564949453,0.08975988626,NaN,NaN,0
0.1564949453,0.09172992408,NaN,NaN,0
0.1564949453,0.0936999619,NaN,NaN,0
0.1564949453,0.09567000717,NaN,NaN,0
0.1564949453,0.09764004499,NaN,NaN,0
0.1564949453,0.09961008281,NaN,NaN,0
0.1564949453,0.1015801206,NaN,NaN,0
0.1564949453,0.1035501584,NaN,NaN,0
0.1564949453,0.1055201963,0.001206510235,-0.004913103767,1
0.1564949453,0.1074902341,-0.002548392396,-0.004279390909,1
0.1564949453,0.1094602719,-0.004319627304,-0.00342499814,1
0.1564949453,0.1114303172,-0.002018048195,-0.002782641444,1
0.1564949453,0.113400355,-0.0007664542645,-0.003500113962,1
0.1564949453,0.1153703928,0.0007778757717,-0.003774868092,1
0.1564949453,0.1173404306,-0.002733774018,-0.002804336138,1
0.1584649831,0.04838907719,-0.007796803024,0.006632091478,1
0.1584649831,0.050359115,-0.003070740029,0.002974964678,1
0.1584649831,0.05232915282,-0.004246553872,0.001524517662,1
0.1584649831,0.05429919064,-0.006073371973,0.001337389345,1
0.1584649831,0.05626922846,-0.0045844079,0.0001365859644,1
0.1584649831,0.05823927,NaN,NaN,0
0.1584649831,0.06020930782,NaN,NaN,0
0.1584649831,0.06217934564,NaN,NaN,0
0.1584649831,0.06414938718,NaN,NaN,0
0.1584649831,0.066119425,NaN,NaN,0
0.1584649831,0.06808946282,NaN,NaN,0
0.1584649831,0.07005950063,NaN,NaN,0
0.1584649831,0.07202953845,NaN,NaN,0
0.1584649831,0.07399957627,NaN,NaN,0
0.1584649831,0.07596961409,NaN,NaN,0
0.1584649831,0.07793965936,NaN,NaN,0
0.1584649831,0.07990969718,NaN,NaN,0
0.1584649831,0.08187973499,NaN,NaN,0
0.1584649831,0.08384977281,NaN,NaN,0
0.1584649831,0.08581981063,NaN,NaN,0
0.1584649831,0.08778984845,NaN,NaN,0
0.1584649831,0.08975988626,NaN,NaN,0
0.1584649831,0.09172992408,NaN,NaN,0
0.1584649831,0.0936999619,NaN,NaN,0
0.1584649831,0.09567000717,NaN,NaN,0
0.1584649831,0.09764004499,NaN,NaN,0
0.1584649831,0.09961008281,NaN,NaN,0
0.1584649831,0.1015801206,NaN,NaN,0
0.1584649831,0.1035501584,NaN,NaN,0
0.1584649831,0.1055201963,NaN,NaN,0
0.1584649831,0.1074902341,NaN,NaN,0
0.1584649831,0.1094602719,-0.005627144594,2.074845361e-05,1
0.1584649831,0.1114303172,-0.003464191686,-0.002131613437,1
0.1584649831,0.113400355,-0.002147931838,-0.003835847601,1
0.1584649831,0.1153703928,0.002218710491,-0.004331400152,1
0.1584649831,0.1173404306,-0.0002575318213,-0.003567868145,2
