x [m],y [m],u [m/s],v [m/s],Vector type [-]
0.02647239529,0.04838907719,-0.0325543806,-0.001683801762,1
0.02647239529,0.050359115,-0.02780995518,0.001639512484,1
0.02647239529,0.05232915282,-0.02514893375,0.001398376888,1
0.02647239529,0.05429919064,-0.02165507153,-0.001335446141,1
0.02647239529,0.05626922846,-0.01851975918,-0.003603785066,1
0.02647239529,0.05823927,-0.01701305434,-0.001753508928,1
0.02647239529,0.06020930782,-0.01958662085,0.0003077803703,1
0.02647239529,0.06217934564,-0.02240804397,0.00281035644,1
0.02647239529,0.06414938718,-0.01640866324,-0.002328172326,1
0.02647239529,0.066119425,-0.01743693277,-0.001063322183,1
0.02647239529,0.06808946282,-0.02889252268,-0.004648354836,1
0.02647239529,0.07005950063,-0.0358229205,-0.007795677986,1
0.02647239529,0.07202953845,-0.05132060125,-0.01175362058,1
0.02647239529,0.07399957627,-0.06729438156,-0.00828437414,1
0.02647239529,0.07596961409,-0.06561712176,-0.002951798495,1
0.02647239529,0.07793965936,-0.04456879944,0.002444791608,1
0.02647239529,0.07990969718,-0.05215409026,0.003496576566,1
0.02647239529,0.08187973499,-0.05893682316,0.004039939493,1
0.02647239529,0.08384977281,-0.04841018096,0.002741015283,1
0.02647239529,0.08581981063,-0.04772521183,0.002767242957,1
0.02647239529,0.08778984845,-0.0450847894,0.006735352799,1
0.02647239529,0.08975988626,-0.04195163399,0.004309148993,1
0.02647239529,0.09172992408,-0.04283996299,0.004498716909,1
0.02647239529,0.0936999619,-0.04598291591,0.006552570965,1
0.02647239529,0.09567000717,-0.04536473006,0.00587082468,1
0.02647239529,0.09764004499,-0.04197620973,0.009681502357,1
0.02647239529,0.09961008281,-0.0408254154,0.0102223698,1
0.02647239529,0.1015801206,-0.04247625172,0.01113012526,1
0.02647239529,0.1035501584,-0.03939727694,0.008845522068,1
0.02647239529,0.1055201963,-0.03310400993,0.004988319706,1
0.02647239529,0.1074902341,-0.0294550173,0.007469703909,1
0.02647239529,0.1094602719,-0.0255012624,0.01157622971,1
0.02647239529,0.1114303172,-0.02636641636,0.009886294603,1
0.02647239529,0.113400355,-0.023830235,0.006092668977,1
0.02647239529,0.1153703928,-0.01871507615,-0.01089393999,1
0.02647239529,0.1173404306,-0.01443165354,-0.01028772816,2
0.0284424331,0.04838907719,-0.03091541305,0.005241951905,1
0.0284424331,0.050359115,-0.03523979709,0.0007109201979,1
0.0284424331,0.05232915282,-0.02681750804,0.001784331398,1
0.0284424331,0.05429919064,-0.02098040283,0.001324379002,1
0.0284424331,0.05626922846,-0.01637014002,0.0006714473711,1
0.0284424331,0.05823927,-0.01550079789,0.000853824371,1
0.0284424331,0.06020930782,-0.01404320914,0.002729800064,1
0.0284424331,0.06217934564,-0.01522000134,0.006855656393,1
0.0284424331,0.06414938718,-0.01366805192,0.004927405622,1
0.0284424331,0.066119425,-0.01973541826,0.006626298185,1
0.0284424331,0.06808946282,-0.03662118688,0.01145299803,1
0.0284424331,0.07005950063,-0.04806798324,0.01032171957,1
0.0284424331,0.07202953845,-0.05704262108,0.007127593737,1
0.0284424331,0.07399957627,-0.05414058268,0.002056364436,1
0.0284424331,0.07596961409,-0.05206259713,-0.0007177705411,1
0.0284424331,0.07793965936,-0.05028015748,0.007278032135,1
0.0284424331,0.07990969718,-0.05173336342,0.005670404527,1
0.0284424331,0.08187973499,-0.05484708026,0.004870636389,1
0.0284424331,0.08384977281,-0.05883934349,0.004528889433,1
0.0284424331,0.08581981063,-0.05332005396,0.005408681929,1
0.0284424331,0.08778984845,-0.04401686043,0.009289896116,1
0.0284424331,0.08975988626,-0.04063799605,0.008023315109,1
0.0284424331,0.09172992408,-0.04016193748,0.006982353982,1
0.0284424331,0.0936999619,-0.04077574983,0.007128011435,1
0.0284424331,0.09567000717,-0.04130484536,0.005550171714,1
0.0284424331,0.09764004499,-0.03923768178,0.006353836972,1
0.0284424331,0.09961008281,-0.04162067547,0.006509947125,1
0.0284424331,0.1015801206,-0.04086439684,0.008244505152,1
0.0284424331,0.1035501584,-0.03458723053,0.009967559017,1
0.0284424331,0.1055201963,-0.02987309545,0.01024548151,1
0.0284424331,0.1074902341,-0.02814413048,0.01203275565,1
0.0284424331,0.1094602719,-0.02822408266,0.01221957058,1
0.0284424331,0.1114303172,-0.03106976673,0.005121544003,1
0.0284424331,0.113400355,-0.0255902838,0.001652332838,1
0.0284424331,0.1153703928,-0.0176392179,-0.002410296816,1
0.0284424331,0.1173404306,-0.01014823001,-0.009681516327,1
0.03041247278,0.04838907719,-0.03160592914,-0.0001095014595,1
0.03041247278,0.050359115,-0.02884234302,0.003171245335,1
0.03041247278,0.05232915282,-0.02872398868,0.00110289536,1
0.03041247278,0.05429919064,-0.02284197323,-9.132930427e-05,1
0.03041247278,0.05626922846,-0.01865740865,0.00292556989,1
0.03041247278,0.05823927,-0.01768570766,0.00407932559,1
0.03041247278,0.06020930782,-0.01447715797,0.004608851392,1
0.03041247278,0.06217934564,-0.0134856971,0.007440296933,1
0.03041247278,0.06414938718,-0.01595178246,0.006879124325,1
0.03041247278,0.066119425,-0.02503745072,0.009569070302,1
0.03041247278,0.06808946282,-0.03643666208,0.01727798954,1
0.03041247278,0.07005950063,-0.04513337463,0.01658177562,1
0.03041247278,0.07202953845,-0.05082637072,0.01290638372,1
0.03041247278,0.07399957627,-0.04788622633,0.001992505975,1
0.03041247278,0.07596961409,-0.04876803979,0.003977015149,1
0.03041247278,0.07793965936,-0.04538011551,0.005935997237,1
0.03041247278,0.07990969718,-0.04771145433,0.005024922546,1
0.03041247278,0.08187973499,-0.05605518445,0.006314328872,1
0.03041247278,0.08384977281,-0.05896757171,0.00470300531,1
0.03041247278,0.08581981063,-0.05524462089,0.004513983149,1
0.03041247278,0.08778984845,-0.04500322416,0.006590371486,1
0.03041247278,0.08975988626,-0.04203105345,0.007100186776,1
0.03041247278,0.09172992408,-0.03879120946,0.006700958125,1
0.03041247278,0.0936999619,-0.03719896451,0.007476832718,1
0.03041247278,0.09567000717,-0.03711166605,0.005220493302,1
0.03041247278,0.09764004499,-0.03496696427,0.004593776073,1
0.03041247278,0.09961008281,-0.0382800065,0.006215139758,1
0.03041247278,0.1015801206,-0.03786822408,0.008401175961,1
0.03041247278,0.1035501584,-0.03258682415,0.01113778166,1
0.03041247278,0.1055201963,-0.0280208569,0.01174569689,1
0.03041247278,0.1074902341,-0.02664857917,0.01506033354,1
0.03041247278,0.1094602719,-0.02616517991,0.01244564448,1
0.03041247278,0.1114303172,-0.02777995542,0.006373310927,1
0.03041247278,0.113400355,-0.02191466838,0.004514634144,1
0.03041247278,0.1153703928,-0.01457080431,0.005546723958,1
0.03041247278,0.1173404306,-0.01231828518,-0.0002205705823,1
0.0323825106,0.04838907719,-0.02826005779,0.004187988583,1
0.0323825106,0.050359115,-0.03106557764,0.003687508637,1
0.0323825106,0.05232915282,-0.03181629628,-0.002603579778,1
0.0323825106,0.05429919064,-0.02692913078,-0.004003333859,1
0.0323825106,0.05626922846,-0.01978141069,-0.0003422898299,1
0.0323825106,0.05823927,-0.01882098615,0.00161746738,1
0.0323825106,0.06020930782,-0.01606752351,0.003508752678,1
0.0323825106,0.06217934564,-0.01577469893,0.006566339638,1
0.0323825106,0.06414938718,-0.02154734917,0.00828480348,1
0.0323825106,0.066119425,-0.0321401991,0.009253405035,1
0.0323825106,0.06808946282,-0.03756677359,0.01549903676,1
0.0323825106,0.07005950063,-0.04152581096,0.01364614349,1
0.0323825106,0.07202953845,-0.04477581754,0.009268470109,1
0.0323825106,0.07399957627,-0.04232072458,-0.002847144613,1
0.0323825106,0.07596961409,-0.04534588754,0.006007289514,1
0.0323825106,0.07793965936,-0.04763485864,0.007742491085,1
0.0323825106,0.07990969718,-0.05088660493,0.008561527357,1
0.0323825106,0.08187973499,-0.05501741916,0.01034850348,1
0.0323825106,0.08384977281,-0.05622525141,0.006532376632,1
0.0323825106,0.08581981063,-0.05478728563,0.002504243981,1
0.0323825106,0.08778984845,-0.04737382755,0.00209884881,1
0.0323825106,0.08975988626,-0.04463613033,0.005805070978,1
0.0323825106,0.09172992408,-0.04082465917,0.006351448596,1
0.0323825106,0.0936999619,-0.03677130118,0.007643275429,1
0.0323825106,0.09567000717,-0.03328966722,0.004470090847,1
0.0323825106,0.09764004499,-0.03001940995,0.002289758297,1
0.0323825106,0.09961008281,-0.03253800422,0.00369241857,1
0.0323825106,0.1015801206,-0.03171481192,0.006710888818,1
0.0323825106,0.1035501584,-0.03180272877,0.009253593162,1
0.0323825106,0.1055201963,-0.02795261703,0.01047534775,1
0.0323825106,0.1074902341,-0.02171379328,0.01197296567,1
0.0323825106,0.1094602719,-0.02224967256,0.009421413764,1
0.0323825106,0.1114303172,-0.02226887643,0.008376116864,1
0.0323825106,0.113400355,-0.01782177575,0.008124738932,1
0.0323825106,0.1153703928,-0.01330029592,0.01014186442,1
0.0323825106,0.1173404306,-0.0119270999,0.005968569778,2
0.03435254842,0.04838907719,-0.02490718104,0.005751788151,1
0.03435254842,0.050359115,-0.03083659336,0.005243631545,1
0.03435254842,0.05232915282,-0.03079293109,-0.0004449179978,1
0.03435254842,0.05429919064,-0.0275765378,-0.004612368066,1
0.03435254842,0.05626922846,-0.01967450976,-0.005839606747,1
0.03435254842,0.05823927,-0.01834678836,-0.0015719824,1
0.03435254842,0.06020930782,-0.01631494425,8.246252401e-05,1
0.03435254842,0.06217934564,-0.01699450053,0.00200589397,1
0.03435254842,0.06414938718,-0.02303448319,0.007284303196,1
0.03435254842,0.066119425,-0.03143749386,0.01032263134,1
0.03435254842,0.06808946282,-0.03733316436,0.01238490175,1
0.03435254842,0.07005950063,-0.03918696195,0.014712709,1
0.03435254842,0.07202953845,-0.04000070691,0.01194463298,1
0.03435254842,0.07399957627,-0.03992699832,0.001889455249,1
0.03435254842,0.07596961409,-0.04166212305,0.004420296289,1
0.03435254842,0.07793965936,-0.04769667611,0.007183153648,1
0.03435254842,0.07990969718,-0.05489608645,0.008882171474,1
0.03435254842,0.08187973499,-0.05399753153,0.004515183158,1
0.03435254842,0.08384977281,-0.05351989716,0.002805327065,1
0.03435254842,0.08581981063,-0.05083426833,0.002071115421,1
0.03435254842,0.08778984845,-0.04846757278,0.002493669046,1
0.03435254842,0.08975988626,-0.04297370091,0.003824703395,1
0.03435254842,0.09172992408,-0.03854814917,0.004008741584,1
0.03435254842,0.0936999619,-0.03724484518,0.007225899491,1
0.03435254842,0.09567000717,-0.03484288231,0.00285417866,1
0.03435254842,0.09764004499,-0.03423220664,-0.001756064943,1
0.03435254842,0.09961008281,-0.0302626621,0.002095333068,1
0.03435254842,0.1015801206,-0.02693364397,0.006066136993,1
0.03435254842,0.1035501584,-0.02914064564,0.008805679157,1
0.03435254842,0.1055201963,-0.02680027299,0.009871027432,1
0.03435254842,0.1074902341,-0.01808660105,0.01126930024,1
0.03435254842,0.1094602719,-0.01585532166,0.01136799157,1
0.03435254842,0.1114303172,-0.01767351478,0.009960989468,1
0.03435254842,0.113400355,-0.01740257069,0.009065765887,1
0.03435254842,0.1153703928,-0.01704954356,0.00881103985,1
0.03435254842,0.1173404306,-0.0101627158,0.007984415628,2
0.03632258996,0.04838907719,-0.02100905403,0.001256661257,1
0.03632258996,0.050359115,-0.02474953234,0.001888585975,1
0.03632258996,0.05232915282,-0.02753804624,-0.0009845240274,1
0.03632258996,0.05429919064,-0.02589389868,-0.003699142253,1
0.03632258996,0.05626922846,-0.02234867215,-0.003565711901,1
0.03632258996,0.05823927,-0.01937012188,-0.0001957685454,1
0.03632258996,0.06020930782,-0.0169471968,-0.0009543750202,1
0.03632258996,0.06217934564,-0.0184872523,-0.0007226173184,1
0.03632258996,0.06414938718,-0.03417335451,0.00564020779,1
0.03632258996,0.066119425,-0.03422280401,0.009988652542,1
0.03632258996,0.06808946282,-0.03592575341,0.01122683287,1
0.03632258996,0.07005950063,-0.03486687317,0.009185618721,1
0.03632258996,0.07202953845,-0.03614958376,0.01098016649,1
0.03632258996,0.07399957627,-0.03857984394,0.003601628123,1
0.03632258996,0.07596961409,-0.03895008564,0.005055213347,1
0.03632258996,0.07793965936,-0.04333958775,0.006278906018,1
0.03632258996,0.07990969718,-0.0589537248,0.002522953087,1
0.03632258996,0.08187973499,-0.05488084257,0.001647683326,1
0.03632258996,0.08384977281,-0.05174829066,0.0001300764125,1
0.03632258996,0.08581981063,-0.05186216533,0.001698535052,1
0.03632258996,0.08778984845,-0.05185282603,0.004562774207,1
0.03632258996,0.08975988626,-0.04319791868,0.007070459891,1
0.03632258996,0.09172992408,-0.03710381687,0.0056280219,1
0.03632258996,0.0936999619,-0.03544032574,-0.001473139506,1
0.03632258996,0.09567000717,-0.03331428394,-0.002638602862,1
0.03632258996,0.09764004499,-0.03083018586,0.001260714489,1
0.03632258996,0.09961008281,-0.02519378252,0.00380232255,1
0.03632258996,0.1015801206,-0.02053044178,0.007151264697,1
0.03632258996,0.1035501584,-0.02462542802,0.009074214846,1
0.03632258996,0.1055201963,-0.02389862388,0.007993639447,1
0.03632258996,0.1074902341,-0.01703337021,0.009345267899,1
0.03632258996,0.1094602719,-0.01708303019,0.01122721005,1
0.03632258996,0.1114303172,-0.02007414028,0.01160271373,1
0.03632258996,0.113400355,-0.0174560491,0.009577931836,1
0.03632258996,0.1153703928,-0.0154000232,0.008064621128,1
0.03632258996,0.1173404306,-0.001511508133,0.009173637256,1
0.03829262778,0.04838907719,-0.021575775,7.546637789e-05,1
0.03829262778,0.050359115,-0.02237726375,-0.0006296432111,1
0.03829262778,0.05232915282,-0.02431623265,-0.002427647123,1
0.03829262778,0.05429919064,-0.02472214587,-0.002490369137,1
0.03829262778,0.05626922846,-0.02242531814,-0.002130497945,1
0.03829262778,0.05823927,-0.01844785921,0.001311243279,1
0.03829262778,0.06020930782,-0.01908498257,-0.0001600625401,1
0.03829262778,0.06217934564,-0.02629242279,-0.000218642439,1
0.03829262778,0.06414938718,-0.03711756319,0.0004453677102,1
0.03829262778,0.066119425,-0.04115200043,-0.00185641495,1
0.03829262778,0.06808946282,-0.03260824829,-0.006089663133,1
0.03829262778,0.07005950063,-0.03116445802,-0.002479200019,1
0.03829262778,0.07202953845,-0.03113278747,0.007860613987,1
0.03829262778,0.07399957627,-0.03893315047,0.004065419082,1
0.03829262778,0.07596961409,-0.04508530349,0.006134438328,1
0.03829262778,0.07793965936,-0.04998277128,0.007243889384,1
0.03829262778,0.07990969718,-0.05882563069,0.001808904577,1
0.03829262778,0.08187973499,-0.05670792982,0.007949578576,1
0.03829262778,0.08384977281,-0.04929897189,0.003217753489,1
0.03829262778,0.08581981063,-0.053793028,0.001596990624,1
0.03829262778,0.08778984845,-0.05309499055,0.003227329813,1
0.03829262778,0.08975988626,-0.04379981384,0.003946403041,1
0.03829262778,0.09172992408,-0.03638268635,0.003302543191,1
0.03829262778,0.0936999619,-0.02870838903,-0.003424466122,1
0.03829262778,0.09567000717,-0.0237942338,-0.003608690109,1
0.03829262778,0.09764004499,-0.0225753095,0.002579387743,1
0.03829262778,0.09961008281,-0.02050493471,0.002389710164,1
0.03829262778,0.1015801206,-0.02151072584,0.003200333565,1
0.03829262778,0.1035501584,-0.02197758667,0.003602042561,1
0.03829262778,0.1055201963,-0.01982817054,0.003900478128,1
0.03829262778,0.1074902341,-0.01856625825,0.000668106135,1
0.03829262778,0.1094602719,-0.01933371462,0.007122675888,1
0.03829262778,0.1114303172,-0.01927983947,0.01198975556,1
0.03829262778,0.113400355,-0.01556737814,0.01076098904,1
0.03829262778,0.1153703928,-0.009429559112,0.01110607013,1
0.03829262778,0.1173404306,-0.004564424511,0.01272356138,1
0.0402626656,0.04838907719,-0.02166395076,0.001783305546,1
0.0402626656,0.050359115,-0.02304414287,-0.001103181858,1
0.0402626656,0.05232915282,-0.02065157332,-0.002859437838,1
0.0402626656,0.05429919064,-0.02546608821,-0.004045295529,1
0.0402626656,0.05626922846,-0.02468740381,-0.00688844407,1
0.0402626656,0.05823927,-0.0170372799,0.000368275767,1
0.0402626656,0.06020930782,-0.01967483014,0.0003935655695,1
0.0402626656,0.06217934564,-0.02561681531,0.0005607124185,1
0.0402626656,0.06414938718,-0.03640546277,-0.002407861641,1
0.0402626656,0.066119425,-0.04017271101,-0.009088095278,1
0.0402626656,0.06808946282,-0.03207189962,-0.01232582517,1
0.0402626656,0.07005950063,-0.03105253913,-0.01099126134,1
0.0402626656,0.07202953845,-0.02961760759,-0.004652390257,1
0.0402626656,0.07399957627,-0.03272987902,0.0002843354014,1
0.0402626656,0.07596961409,-0.04128722847,0.005228130613,1
0.0402626656,0.07793965936,-0.05077594146,0.006014653016,1
0.0402626656,0.07990969718,-0.06133062392,0.01002985518,1
0.0402626656,0.08187973499,-0.05894025788,0.008429267444,1
0.0402626656,0.08384977281,-0.05639845505,0.005854995456,1
0.0402626656,0.08581981063,-0.05141990632,-0.001392758568,1
0.0402626656,0.08778984845,-0.04423367232,-0.001361174975,1
0.0402626656,0.08975988626,-0.03962767497,-0.004393689334,1
0.0402626656,0.09172992408,-0.03348795697,-0.00508732954,1
0.0402626656,0.0936999619,-0.02410848998,-0.003923402168,1
0.0402626656,0.09567000717,-0.01649037935,-0.0006277766079,1
0.0402626656,0.09764004499,-0.01712852344,-0.004530949052,1
0.0402626656,0.09961008281,-0.01862678304,-0.002191496082,1
0.0402626656,0.1015801206,-0.02055516839,-0.00138584571,1
0.0402626656,0.1035501584,-0.01994941756,-0.0002241687325,1
0.0402626656,0.1055201963,-0.01810630411,0.0007481244975,1
0.0402626656,0.1074902341,-0.01765041612,-0.001698707696,1
0.0402626656,0.1094602719,-0.01927955076,0.002305193106,1
0.0402626656,0.1114303172,-0.01941742375,0.01069146954,1
0.0402626656,0.113400355,-0.01751826704,0.01237290911,1
0.0402626656,0.1153703928,-0.008802727796,0.007390264887,1
0.0402626656,0.1173404306,-0.007105789147,0.01505117398,1
0.04223270342,0.04838907719,-0.01936242543,0.002577278763,1
0.04223270342,0.050359115,-0.02086174302,0.00364114996,1
0.04223270342,0.05232915282,-0.01871024072,0.001816513715,1
0.04223270342,0.05429919064,-0.02129529603,-0.002484974219,1
0.04223270342,0.05626922846,-0.02750734426,-0.006368841976,1
0.04223270342,0.05823927,-0.01873516105,0.00081550295,1
0.04223270342,0.06020930782,-0.02081197686,0.001988903154,1
0.04223270342,0.06217934564,-0.02282977849,0.001360797789,1
0.04223270342,0.06414938718,-0.02690870315,-0.0001721032895,1
0.04223270342,0.066119425,-0.03555773571,-0.0178676676,1
0.04223270342,0.06808946282,-0.03526704013,-0.01616366766,1
0.04223270342,0.07005950063,-0.03337708488,-0.0101729203,1
0.04223270342,0.07202953845,-0.03075718135,-0.005325689446,1
0.04223270342,0.07399957627,-0.03254910558,0.003168333089,1
0.04223270342,0.07596961409,-0.03780760616,0.009221836925,1
0.04223270342,0.07793965936,-0.04867282882,0.008523656055,1
0.04223270342,0.07990969718,-0.06157859042,0.005845167208,1
0.04223270342,0.08187973499,-0.05972494185,0.005871541798,1
0.04223270342,0.08384977281,-0.05601705611,0.003372562584,1
0.04223270342,0.08581981063,-0.05204966292,4.084077773e-06,1
0.04223270342,0.08778984845,-0.05052262172,0.0006902236491,1
0.04223270342,0.08975988626,-0.04213450104,-0.007050315384,1
0.04223270342,0.09172992408,-0.02879400924,-0.009271916933,1
0.04223270342,0.0936999619,-0.0184714254,-0.009877495468,1
0.04223270342,0.09567000717,-0.01370194927,-0.009218389168,3
0.04223270342,0.09764004499,-0.01473141275,-0.007573370822,1
0.04223270342,0.09961008281,-0.01634333096,-0.005409133621,1
0.04223270342,0.1015801206,-0.01882743463,-0.002984718652,1
0.04223270342,0.1035501584,-0.01620260067,-0.002972241957,1
0.04223270342,0.1055201963,-0.01546417829,-0.00213874667,1
0.04223270342,0.1074902341,-0.018660523,0.002167454921,1
0.04223270342,0.1094602719,-0.02219614573,0.005080872681,1
0.04223270342,0.1114303172,-0.02455748804,0.008182443678,1
0.04223270342,0.113400355,-0.02394631505,0.009162205271,1
0.04223270342,0.1153703928,-0.02115220949,0.004175644834,1
0.04223270342,0.1173404306,-0.009350684471,0.001857967232,1
0.04420274496,0.04838907719,-0.01594400778,0.001108192722,1
0.04420274496,0.050359115,-0.01840040274,0.005047537386,1
0.04420274496,0.05232915282,-0.01651091687,0.002129709581,1
0.04420274496,0.05429919064,-0.01903621852,-0.001585558639,1
0.04420274496,0.05626922846,-0.02088828199,-0.003864342114,1
0.04420274496,0.05823927,-0.01886190847,-0.0009806097951,1
0.04420274496,0.06020930782,-0.02175739966,0.0004582529364,1
0.04420274496,0.06217934564,-0.02342556231,-0.005117224529,1
0.04420274496,0.06414938718,-0.01893106289,-0.01870761253,1
0.04420274496,0.066119425,-0.0337475054,-0.02006404474,1
0.04420274496,0.06808946282,-0.03580290824,-0.01679660566,1
0.04420274496,0.07005950063,-0.03054728732,-0.006238480564,1
0.04420274496,0.07202953845,-0.03133398294,-0.005053303204,1
0.04420274496,0.07399957627,-0.03822608292,-0.0009841750143,2
0.04420274496,0.07596961409,-0.04405526444,0.003149235854,2
0.04420274496,0.07793965936,-0.05336325243,0.008927739225,1
0.04420274496,0.07990969718,-0.05784502625,-0.00058175507,1
0.04420274496,0.08187973499,-0.05309721082,-0.003973317333,1
0.04420274496,0.08384977281,-0.05506455898,-0.003604784608,1
0.04420274496,0.08581981063,-0.05800078809,-0.003025028855,1
0.04420274496,0.08778984845,-0.05483102053,-0.004078811966,1
0.04420274496,0.08975988626,-0.0366637595,-0.004889779724,1
0.04420274496,0.09172992408,-0.0270924475,-0.01088715158,1
0.04420274496,0.0936999619,-0.02006002702,-0.01261869539,1
0.04420274496,0.09567000717,-0.01835951395,-0.01102951262,1
0.04420274496,0.09764004499,-0.01815826818,-0.01113586873,1
0.04420274496,0.09961008281,-0.0191197712,-0.009360430762,1
0.04420274496,0.1015801206,-0.02062098496,-0.005179892294,1
0.04420274496,0.1035501584,-0.01477502007,-0.003584207268,1
0.04420274496,0.1055201963,-0.01463095471,-0.002247476019,1
0.04420274496,0.1074902341,-0.01823974773,0.00110241177,1
0.04420274496,0.1094602719,-0.02054409124,0.004144453444,1
0.04420274496,0.1114303172,-0.02313306555,0.00762716122,1
0.04420274496,0.113400355,-0.02115757205,0.00954407081,1
0.04420274496,0.1153703928,-0.01625522226,0.004003304988,1
0.04420274496,0.1173404306,-0.003555723233,-0.004550711717,1
0.04617278278,0.04838907719,-0.01598629355,-0.001123879221,1
0.04617278278,0.050359115,-0.01701665111,0.001828295877,1
0.04617278278,0.05232915282,-0.01508179307,0.00149256119,1
0.04617278278,0.05429919064,-0.01704547927,-0.002129755914,1
0.04617278278,0.05626922846,-0.01883864962,-0.004971823655,1
0.04617278278,0.05823927,-0.01823835075,-0.004560884554,1
0.04617278278,0.06020930782,-0.02225891128,-0.0008139461861,1
0.04617278278,0.06217934564,-0.02338016592,-0.008730653673,1
0.04617278278,0.06414938718,-0.01964740641,-0.02219520323,1
0.04617278278,0.066119425,-0.03519573435,-0.01534581371,1
0.04617278278,0.06808946282,-0.03887811303,-0.0150665883,1
0.04617278278,0.07005950063,-0.03396862,-0.009870421141,1
0.04617278278,0.07202953845,-0.04092470184,-0.006383689586,1
0.04617278278,0.07399957627,-0.04496597499,-0.005200965796,1
0.04617278278,0.07596961409,-0.04682411999,-0.004568457138,1
0.04617278278,0.07793965936,-0.05032611266,-0.003887437982,1
0.04617278278,0.07990969718,-0.05187976733,-0.007572314702,1
0.04617278278,0.08187973499,-0.05370001495,-0.009370039217,1
0.04617278278,0.08384977281,-0.05382847413,-0.009551473893,1
0.04617278278,0.08581981063,-0.05545482785,-0.006400716957,1
0.04617278278,0.08778984845,-0.05189652741,-0.00757241156,1
0.04617278278,0.08975988626,-0.0378298983,-0.01803421043,1
0.04617278278,0.09172992408,-0.02994539775,-0.01846450195,1
0.04617278278,0.0936999619,-0.02364524081,-0.01669351012,1
0.04617278278,0.09567000717,-0.01983493567,-0.01543739066,1
0.04617278278,0.09764004499,-0.01966635138,-0.01440115832,1
0.04617278278,0.09961008281,-0.02263406105,-0.01166697033,1
0.04617278278,0.1015801206,-0.02120701037,-0.007725534961,1
0.04617278278,0.1035501584,-0.01648721844,-0.005330679007,1
0.04617278278,0.1055201963,-0.01548974123,-0.003958272282,1
0.04617278278,0.1074902341,-0.01831843331,-0.00257253251,1
0.04617278278,0.1094602719,-0.01739121415,-0.002185053658,1
0.04617278278,0.1114303172,-0.01919262484,0.002797020134,1
0.04617278278,0.113400355,-0.0178607516,0.002277878812,1
0.04617278278,0.1153703928,-0.01363249123,-0.002979669254,1
0.04617278278,0.1173404306,-0.004823685624,-0.007290757261,1
0.0481428206,0.04838907719,-0.0138900755,-0.001992565813,1
0.0481428206,0.050359115,-0.01482826564,5.655486802e-06,1
0.0481428206,0.05232915282,-0.01424156968,-0.0005412040628,1
0.0481428206,0.05429919064,-0.01493522618,-0.005800476298,1
0.0481428206,0.05626922846,-0.01741702296,-0.007750159595,1
0.0481428206,0.05823927,-0.01531033404,-0.0088245878,1
0.0481428206,0.06020930782,-0.01761854626,-0.01534205861,1
0.0481428206,0.06217934564,-0.02444406971,-0.02338073403,1
0.0481428206,0.06414938718,-0.03593280539,-0.01678380556,1
0.0481428206,0.066119425,-0.03606694564,-0.01653389074,1
0.0481428206,0.06808946282,-0.03818882257,-0.01685283706,1
0.0481428206,0.07005950063,-0.04235829785,-0.01559115946,1
0.0481428206,0.07202953845,-0.04762480408,-0.01280752942,1
0.0481428206,0.07399957627,-0.05072697252,-0.01279390231,1
0.0481428206,0.07596961409,-0.05272943527,-0.01575274579,1
0.0481428206,0.07793965936,-0.05177905783,-0.01500205975,1
0.0481428206,0.07990969718,-0.05356414616,-0.01386696659,1
0.0481428206,0.08187973499,-0.05640859529,-0.0133933248,1
0.0481428206,0.08384977281,-0.05358064547,-0.01377073303,1
0.0481428206,0.08581981063,-0.05059880763,-0.004427424632,1
0.0481428206,0.08778984845,-0.0473742485,-0.009975985624,1
0.0481428206,0.08975988626,-0.04125376791,-0.01471077371,1
0.0481428206,0.09172992408,-0.03377189115,-0.01807776652,1
0.0481428206,0.0936999619,-0.02783034556,-0.01640850119,1
0.0481428206,0.09567000717,-0.02455038205,-0.01419496443,1
0.0481428206,0.09764004499,-0.02401256002,-0.01312323753,1
0.0481428206,0.09961008281,-0.02439111657,-0.01323326118,1
0.0481428206,0.1015801206,-0.02131070569,-0.01036818605,1
0.0481428206,0.1035501584,-0.01836291887,-0.009150319733,1
0.0481428206,0.1055201963,-0.01665634662,-0.01056244504,1
0.0481428206,0.1074902341,-0.01575934328,-0.009266850539,1
0.0481428206,0.1094602719,-0.01171229035,-0.008065060712,1
0.0481428206,0.1114303172,-0.01030121837,-0.009558139369,1
0.0481428206,0.113400355,-0.01250072289,-0.01382097509,1
0.0481428206,0.1153703928,-0.01745994948,-0.01032730564,1
0.0481428206,0.1173404306,-0.01483334787,-0.00492356671,1
0.05011285841,0.04838907719,-0.005523077678,0.001184433233,1
0.05011285841,0.050359115,-0.009301939979,0.0007739395951,1
0.05011285841,0.05232915282,-0.01192010473,-0.008397733793,1
0.05011285841,0.05429919064,-0.01408053096,-0.01249962207,1
0.05011285841,0.05626922846,-0.01558345277,-0.01151907258,1
0.05011285841,0.05823927,-0.01441749185,-0.009686265141,1
0.05011285841,0.06020930782,-0.01641766354,-0.01217191573,1
0.05011285841,0.06217934564,-0.02024545893,0.0002699723118,1
0.05011285841,0.06414938718,-0.0299402196,-0.004553500563,1
0.05011285841,0.066119425,-0.03544861451,-0.01319231652,1
0.05011285841,0.06808946282,-0.03876718879,-0.01568072103,1
0.05011285841,0.07005950063,-0.04273843765,-0.0160352625,1
0.05011285841,0.07202953845,-0.0470601581,-0.01616153866,1
0.05011285841,0.07399957627,-0.05396808684,-0.01585854217,1
0.05011285841,0.07596961409,-0.05487889424,-0.01789873093,1
0.05011285841,0.07793965936,-0.05511404574,-0.01779257134,1
0.05011285841,0.07990969718,-0.05591419339,-0.01578141004,1
0.05011285841,0.08187973499,-0.0563342087,-0.01185618062,1
0.05011285841,0.08384977281,-0.05138221383,-0.01429148391,1
0.05011285841,0.08581981063,-0.05213740095,-0.01506998949,1
0.05011285841,0.08778984845,-0.04933581501,-0.01369445026,1
0.05011285841,0.08975988626,-0.04455667362,-0.01074037515,1
0.05011285841,0.09172992408,-0.03869505599,-0.01090489328,1
0.05011285841,0.0936999619,-0.03116177022,-0.01158631686,1
0.05011285841,0.09567000717,-0.0270229131,-0.01125108358,1
0.05011285841,0.09764004499,-0.02520594932,-0.0117653124,1
0.05011285841,0.09961008281,-0.02228037268,-0.01409658976,1
0.05011285841,0.1015801206,-0.02205561846,-0.01277919114,1
0.05011285841,0.1035501584,-0.02205614559,-0.01082362328,1
0.05011285841,0.1055201963,-0.02026436664,-0.007491759025,1
0.05011285841,0.1074902341,-0.0169943627,-0.006923474837,1
0.05011285841,0.1094602719,-0.01097393967,-0.008474159986,1
0.05011285841,0.1114303172,-0.009634251706,-0.01059366111,1
0.05011285841,0.113400355,-0.01858630963,-0.01054314338,1
0.05011285841,0.1153703928,-0.02359951101,-0.00746812392,1
0.05011285841,0.1173404306,-0.02274045534,-0.005043235607,1
0.05208289623,0.04838907719,-0.0003942882176,0.006513308268,1
0.05208289623,0.050359115,-0.009313757531,-0.005794235505,1
0.05208289623,0.05232915282,-0.007928027771,-0.01184697635,1
0.05208289623,0.05429919064,-0.01174256299,-0.01275262143,1
0.05208289623,0.05626922846,-0.014686496,-0.008124983869,1
0.05208289623,0.05823927,-0.02709879912,0.0004739089054,1
0.05208289623,0.06020930782,-0.02594389394,0.001718736254,1
0.05208289623,0.06217934564,-0.01677317917,0.006100348663,1
0.05208289623,0.06414938718,-0.0247129593,0.003254602198,1
0.05208289623,0.066119425,-0.03082395345,-0.001029741601,1
0.05208289623,0.06808946282,-0.03831870109,-0.00588221522,1
0.05208289623,0.07005950063,-0.04306774959,-0.01426776685,1
0.05208289623,0.07202953845,-0.04612958431,-0.01460026763,1
0.05208289623,0.07399957627,-0.05104953796,-0.01472429652,1
0.05208289623,0.07596961409,-0.05346597359,-0.01546386816,1
0.05208289623,0.07793965936,-0.0556794703,-0.01517673023,1
0.05208289623,0.07990969718,-0.05688048899,-0.01490943786,1
0.05208289623,0.08187973499,-0.05732845515,-0.01439457852,1
0.05208289623,0.08384977281,-0.05489306524,-0.01134703588,1
0.05208289623,0.08581981063,-0.05240767077,-0.01519175619,1
0.05208289623,0.08778984845,-0.0502708815,-0.0156389568,1
0.05208289623,0.08975988626,-0.04390357807,-0.01403575763,1
0.05208289623,0.09172992408,-0.04071246833,-0.009817098267,1
0.05208289623,0.0936999619,-0.03660134971,-0.00659864815,1
0.05208289623,0.09567000717,-0.02820777148,-0.01158463862,1
0.05208289623,0.09764004499,-0.02183922753,-0.01408591494,1
0.05208289623,0.09961008281,-0.02019833587,-0.01346153207,1
0.05208289623,0.1015801206,-0.0227476079,-0.01335158478,1
0.05208289623,0.1035501584,-0.02356425114,-0.0108099319,1
0.05208289623,0.1055201963,-0.01975128427,-0.007872920483,1
0.05208289623,0.1074902341,-0.01683442295,-0.008052974008,1
0.05208289623,0.1094602719,-0.01252884511,-0.006870134268,1
0.05208289623,0.1114303172,-0.01302840374,-0.008162750863,1
0.05208289623,0.113400355,-0.02210644446,-0.009577196091,1
0.05208289623,0.1153703928,-0.02642092295,-0.006763693411,1
0.05208289623,0.1173404306,-0.01243206207,-0.002733370755,1
0.05405293778,0.04838907719,0.005196680315,0.01479702536,1
0.05405293778,0.050359115,-0.00334784505,-0.001173719764,1
0.05405293778,0.05232915282,-0.002076310106,-0.00130802847,1
0.05405293778,0.05429919064,-0.006662532222,-0.001386723714,1
0.05405293778,0.05626922846,-0.01099846698,0.003746535629,1
0.05405293778,0.05823927,-0.004236914683,-0.0009224145906,3
0.05405293778,0.06020930782,-0.00639039604,-0.0009505269118,1
0.05405293778,0.06217934564,-0.0160006769,0.0009731129394,1
0.05405293778,0.06414938718,-0.02331040055,-0.0001129239026,1
0.05405293778,0.066119425,-0.02969329618,0.0002094080119,1
0.05405293778,0.06808946282,-0.03541251644,-0.003947403748,1
0.05405293778,0.07005950063,-0.03887699172,-0.01446251851,1
0.05405293778,0.07202953845,-0.0433575362,-0.01519675553,1
0.05405293778,0.07399957627,-0.04956782982,-0.01404065918,1
0.05405293778,0.07596961409,-0.05347509682,-0.01151187532,1
0.05405293778,0.07793965936,-0.0565154478,-0.01173861139,1
0.05405293778,0.07990969718,-0.05673622712,-0.01169381849,1
0.05405293778,0.08187973499,-0.05605001748,-0.01143490802,1
0.05405293778,0.08384977281,-0.05422449112,-0.008351068012,1
0.05405293778,0.08581981063,-0.05217109248,-0.007075027563,1
0.05405293778,0.08778984845,-0.05366295204,-0.007419501897,1
0.05405293778,0.08975988626,-0.04677316174,-0.009325578809,1
0.05405293778,0.09172992408,-0.04149482399,-0.008710036054,1
0.05405293778,0.0936999619,-0.03898092732,-0.004327198956,1
0.05405293778,0.09567000717,-0.03251165524,-0.009028205648,1
0.05405293778,0.09764004499,-0.02080698684,-0.01185478643,1
0.05405293778,0.09961008281,-0.01753751747,-0.01220779493,1
0.05405293778,0.1015801206,-0.02111506835,-0.01176614221,1
0.05405293778,0.1035501584,-0.02029430866,-0.01113199629,1
0.05405293778,0.1055201963,-0.01983809657,-0.0111011425,1
0.05405293778,0.1074902341,-0.01839598641,-0.01143557858,1
0.05405293778,0.1094602719,-0.01318685245,-0.009344686754,1
0.05405293778,0.1114303172,-0.01240495685,-0.007487390656,1
0.05405293778,0.113400355,-0.01330857724,-0.006923097651,1
0.05405293778,0.1153703928,-0.0102081541,-0.003689078847,1
0.05405293778,0.1173404306,-0.005014940165,-0.00560011901,1
0.05602297559,0.04838907719,-0.0009874709649,0.004098620266,1
0.05602297559,0.050359115,-0.001192658674,0.001991499215,1
0.05602297559,0.05232915282,-0.001959816553,0.01222364977,1
0.05602297559,0.05429919064,-0.004456434399,0.01221320126,1
0.05602297559,0.05626922846,-0.01273699105,0.005197259597,1
0.05602297559,0.05823927,-0.006053811405,0.002726516221,1
0.05602297559,0.06020930782,-0.003420815105,0.004304076079,1
0.05602297559,0.06217934564,-0.01671496406,0.001518635079,1
0.05602297559,0.06414938718,-0.0205581896,-0.002561586676,1
0.05602297559,0.066119425,-0.02784283832,-0.002521247836,1
0.05602297559,0.06808946282,-0.03517890349,-0.003400176531,1
0.05602297559,0.07005950063,-0.03838283196,-0.0005525352899,1
0.05602297559,0.07202953845,-0.04306564108,-0.003734677564,1
0.05602297559,0.07399957627,-0.04891966283,-0.01018942613,1
0.05602297559,0.07596961409,-0.05778655037,-0.01186956931,1
0.05602297559,0.07793965936,-0.05634623393,-0.01068340894,2
0.05602297559,0.07990969718,-0.05528694019,-0.0095656747,1
0.05602297559,0.08187973499,-0.05764849856,-0.006396032404,1
0.05602297559,0.08384977281,-0.05628602207,-0.005315311253,1
0.05602297559,0.08581981063,-0.05358440429,-0.007816235535,1
0.05602297559,0.08778984845,-0.05566099286,-0.007595749572,1
0.05602297559,0.08975988626,-0.04817923903,-0.00741126202,1
0.05602297559,0.09172992408,-0.04309445247,-0.006883331109,1
0.05602297559,0.0936999619,-0.04175721481,-0.004694315605,1
0.05602297559,0.09567000717,-0.03573756665,-0.004144560546,1
0.05602297559,0.09764004499,-0.0239124503,-0.006927420385,1
0.05602297559,0.09961008281,-0.01863811351,-0.01014416851,1
0.05602297559,0.1015801206,-0.02084900253,-0.009502741508,1
0.05602297559,0.1035501584,-0.02125810646,-0.01160761807,1
0.05602297559,0.1055201963,-0.02190168202,-0.01341497432,1
0.05602297559,0.1074902341,-0.01881760545,-0.01213060226,1
0.05602297559,0.1094602719,-0.02046569996,-0.009127850644,1
0.05602297559,0.1114303172,-0.01573252492,-0.007160802372,1
0.05602297559,0.113400355,-0.007855251431,-0.009544801898,1
0.05602297559,0.1153703928,-0.006530365907,-0.01330815628,1
0.05602297559,0.1173404306,-0.009482610039,-0.009771148674,1
0.05799301341,0.04838907719,-0.003607596736,0.005771845579,1
0.05799301341,0.050359115,0.001655239379,0.01227481198,1
0.05799301341,0.05232915282,0.001024771016,0.01590376534,1
0.05799301341,0.05429919064,-0.006129150745,0.01496354304,1
0.05799301341,0.05626922846,-0.0135870818,0.008501376025,1
0.05799301341,0.05823927,-0.0140130315,0.003844473278,1
0.05799301341,0.06020930782,-0.01496821456,0.004035048652,1
0.05799301341,0.06217934564,-0.01442170888,0.00996764563,1
0.05799301341,0.06414938718,-0.02008856274,0.003946565092,1
0.05799301341,0.066119425,-0.03278696537,0.001591607463,1
0.05799301341,0.06808946282,-0.04067606106,0.002730252454,1
0.05799301341,0.07005950063,-0.04241751134,-0.0008254683344,2
0.05799301341,0.07202953845,-0.04492950439,-0.003554632887,2
0.05799301341,0.07399957627,-0.04925159737,-0.005097405519,1
0.05799301341,0.07596961409,-0.05478761345,-0.00767274946,2
0.05799301341,0.07793965936,-0.05579599366,-0.009559778497,2
0.05799301341,0.07990969718,-0.05288899317,-0.01332004555,1
0.05799301341,0.08187973499,-0.05448522791,-0.006302378606,1
0.05799301341,0.08384977281,-0.05377688631,-0.004945507739,1
0.05799301341,0.08581981063,-0.05213787407,-0.005793678574,1
0.05799301341,0.08778984845,-0.05229661614,-0.007153228857,1
0.05799301341,0.08975988626,-0.04911582917,-0.007135706022,1
0.05799301341,0.09172992408,-0.04491702095,-0.004107341636,1
0.05799301341,0.0936999619,-0.04371509328,-0.004611693323,1
0.05799301341,0.09567000717,-0.03656056523,-0.004076838493,1
0.05799301341,0.09764004499,-0.0289038159,-0.0046725953,1
0.05799301341,0.09961008281,-0.02561109886,-0.008419605903,1
0.05799301341,0.1015801206,-0.01859854348,-0.006656133104,1
0.05799301341,0.1035501584,-0.01826750301,-0.01011584606,1
0.05799301341,0.1055201963,-0.01897069067,-0.01139353681,1
0.05799301341,0.1074902341,-0.01779342443,-0.01072864514,1
0.05799301341,0.1094602719,-0.02074762248,-0.008985654451,1
0.05799301341,0.1114303172,-0.0170938056,-0.007613664027,1
0.05799301341,0.113400355,-0.007284717634,-0.009312472306,1
0.05799301341,0.1153703928,-0.003719829721,-0.01254995819,1
0.05799301341,0.1173404306,-0.003054514527,-0.01126717217,1
0.05996305123,0.04838907719,-0.001308706705,0.006924893707,1
0.05996305123,0.050359115,0.001699672779,0.00814475026,1
0.05996305123,0.05232915282,-0.001640207367,0.007876807824,1
0.05996305123,0.05429919064,-0.009719080292,0.006904308684,1
0.05996305123,0.05626922846,-0.009061861783,0.01313439198,1
0.05996305123,0.05823927,-0.01297035813,0.007690178696,1
0.05996305123,0.06020930782,-0.0159031637,0.004988997709,1
0.05996305123,0.06217934564,-0.01851774193,0.006273533683,2
0.05996305123,0.06414938718,-0.02057782933,0.006710030138,1
0.05996305123,0.066119425,-0.03835931048,0.002675919561,1
0.05996305123,0.06808946282,-0.04767956212,0.002795673674,1
0.05996305123,0.07005950063,-0.04568164051,-0.001924957614,2
0.05996305123,0.07202953845,-0.04498327151,-0.004560979549,2
0.05996305123,0.07399957627,-0.04767715558,-0.005435802974,1
0.05996305123,0.07596961409,-0.05631631985,-0.004164243583,1
0.05996305123,0.07793965936,-0.05916112289,-0.006562910508,1
0.05996305123,0.07990969718,-0.05369289592,-0.01036245655,1
0.05996305123,0.08187973499,-0.05030479282,-0.009244463407,1
0.05996305123,0.08384977281,-0.04875650257,-0.007761732209,1
0.05996305123,0.08581981063,-0.04770568386,-0.003809440415,1
0.05996305123,0.08778984845,-0.05099725723,-0.006512893364,1
0.05996305123,0.08975988626,-0.05118165538,-0.005199223757,1
0.05996305123,0.09172992408,-0.04741149396,-0.001753934543,1
0.05996305123,0.0936999619,-0.04200215638,-0.00395882735,1
0.05996305123,0.09567000717,-0.0361866802,-0.002875230042,1
0.05996305123,0.09764004499,-0.02818259038,-0.002554925391,1
0.05996305123,0.09961008281,-0.01823850721,-0.004974744283,1
0.05996305123,0.1015801206,-0.01781267673,-0.007553420961,1
0.05996305123,0.1035501584,-0.01596797444,-0.00871003326,1
0.05996305123,0.1055201963,-0.01721986383,-0.009478810243,1
0.05996305123,0.1074902341,-0.01732354239,-0.008998610079,1
0.05996305123,0.1094602719,-0.01567768492,-0.01444482617,1
0.05996305123,0.1114303172,-0.01391301863,-0.01328280661,1
0.05996305123,0.113400355,-0.01011108607,-0.009739388712,1
0.05996305123,0.1153703928,-0.008263337426,-0.01023496594,1
0.05996305123,0.1173404306,-0.003727544798,-0.01356184576,1
0.06193309277,0.04838907719,0.00278867106,0.008183953352,1
0.06193309277,0.050359115,0.0006870214129,0.003406858537,1
0.06193309277,0.05232915282,-0.007029271685,-0.002647494897,1
0.06193309277,0.05429919064,-0.0103547778,0.003362130607,1
0.06193309277,0.05626922846,-0.01128087472,0.01263712998,1
0.06193309277,0.05823927,-0.01517015975,0.01186238788,1
0.06193309277,0.06020930782,-0.02223211713,0.004514362197,1
0.06193309277,0.06217934564,-0.02316826954,0.003427461023,1
0.06193309277,0.06414938718,-0.02004641853,0.009067459963,1
0.06193309277,0.066119425,-0.03529490903,0.008285826072,1
0.06193309277,0.06808946282,-0.04337682948,-0.0006609711563,2
0.06193309277,0.07005950063,-0.04764622822,-0.005109056365,1
0.06193309277,0.07202953845,-0.04164478928,-0.007328524254,1
0.06193309277,0.07399957627,-0.04311269894,-0.005725268275,1
0.06193309277,0.07596961409,-0.04904827103,-0.0004742449091,1
0.06193309277,0.07793965936,-0.05318181217,-0.002567715943,1
0.06193309277,0.07990969718,-0.05299038067,-0.009108703583,1
0.06193309277,0.08187973499,-0.05299651995,-0.01063456945,1
0.06193309277,0.08384977281,-0.05295410752,-0.008776008151,1
0.06193309277,0.08581981063,-0.05081752315,-0.005251959898,1
0.06193309277,0.08778984845,-0.05492219701,-0.006485368591,1
0.06193309277,0.08975988626,-0.05670651048,-0.0003755893849,1
0.06193309277,0.09172992408,-0.05278207734,0.001536177821,1
0.06193309277,0.0936999619,-0.04477738217,-0.001433119178,2
0.06193309277,0.09567000717,-0.03547257185,-0.005404766183,1
0.06193309277,0.09764004499,-0.02750395425,-0.004517240915,1
0.06193309277,0.09961008281,-0.01766353846,-0.004996102303,1
0.06193309277,0.1015801206,-0.01822132245,-0.007593429182,1
0.06193309277,0.1035501584,-0.01593687758,-0.007983856834,1
0.06193309277,0.1055201963,-0.01663101278,-0.009176781401,1
0.06193309277,0.1074902341,-0.0177248437,-0.008964912966,1
0.06193309277,0.1094602719,-0.01713854074,-0.007240986917,1
0.06193309277,0.1114303172,-0.01623923518,-0.008329547942,1
0.06193309277,0.113400355,-0.01395402756,-0.01006792765,1
0.06193309277,0.1153703928,-0.01305125467,-0.009453193285,1
0.06193309277,0.1173404306,-0.006363248918,-0.01190538984,1
0.06390313059,0.04838907719,0.0003443228197,0.00810271129,1
0.06390313059,0.050359115,-0.001771313604,0.01567347534,1
0.06390313059,0.05232915282,-0.005730665755,0.01125090197,1
0.06390313059,0.05429919064,-0.008540937677,0.004243376199,1
0.06390313059,0.05626922846,-0.01391953509,0.00810793601,1
0.06390313059,0.05823927,-0.01681998186,0.006005011965,1
0.06390313059,0.06020930782,-0.02106587775,0.002870311728,1
0.06390313059,0.06217934564,-0.02347837761,0.001354701584,1
0.06390313059,0.06414938718,-0.02757658809,-0.0006248300197,1
0.06390313059,0.066119425,-0.03501820564,0.001832589041,1
0.06390313059,0.06808946282,-0.04288660735,-0.008616327308,1
0.06390313059,0.07005950063,-0.04327139631,-0.01010520197,1
0.06390313059,0.07202953845,-0.04386480153,-0.009991583414,1
0.06390313059,0.07399957627,-0.04699776322,-0.009003631771,1
0.06390313059,0.07596961409,-0.04953159392,-0.005764652975,1
0.06390313059,0.07793965936,-0.04580418393,-0.004630872048,1
0.06390313059,0.07990969718,-0.04832255468,-0.006765598431,1
0.06390313059,0.08187973499,-0.05176266283,-0.008279873058,1
0.06390313059,0.08384977281,-0.05419840664,-0.008553578518,1
0.06390313059,0.08581981063,-0.05290948972,-0.007636694703,1
0.06390313059,0.08778984845,-0.05678195134,-0.008844899014,1
0.06390313059,0.08975988626,-0.05790060386,-0.002427755622,2
0.06390313059,0.09172992408,-0.05992926657,0.002865955001,1
0.06390313059,0.0936999619,-0.04885271192,0.002094939584,1
0.06390313059,0.09567000717,-0.04111090675,-0.004120955709,1
0.06390313059,0.09764004499,-0.03162961826,-0.006683365908,1
0.06390313059,0.09961008281,-0.02306495048,-0.005296136718,1
0.06390313059,0.1015801206,-0.01761170104,-0.00667381892,1
0.06390313059,0.1035501584,-0.01681201905,-0.007021274418,1
0.06390313059,0.1055201963,-0.01687153801,-0.007791954558,1
0.06390313059,0.1074902341,-0.01626984961,-0.007320192643,1
0.06390313059,0.1094602719,-0.01498123351,-0.005881959572,1
0.06390313059,0.1114303172,-0.01437796466,-0.007691911887,1
0.06390313059,0.113400355,-0.01207065117,-0.01096982788,1
0.06390313059,0.1153703928,-0.008697580546,-0.01237142738,1
0.06390313059,0.1173404306,-0.005764981266,-0.01030553598,1
0.06587316841,0.04838907719,-0.0004390767717,0.01190816052,1
0.06587316841,0.050359115,-0.006357591599,0.01117462572,1
0.06587316841,0.05232915282,-0.00815217942,0.0173448585,1
0.06587316841,0.05429919064,-0.009488132782,0.006654615048,1
0.06587316841,0.05626922846,-0.01375957113,0.006878138054,1
0.06587316841,0.05823927,-0.01668732241,0.004012111574,1
0.06587316841,0.06020930782,-0.02063036337,-0.0002434252528,1
0.06587316841,0.06217934564,-0.02483875118,-0.002174956724,1
0.06587316841,0.06414938718,-0.03084884211,-0.007951773703,1
0.06587316841,0.066119425,-0.04003437236,-0.01616208814,1
0.06587316841,0.06808946282,-0.04304978251,-0.01234260574,1
0.06587316841,0.07005950063,-0.04261765257,-0.008948117495,1
0.06587316841,0.07202953845,-0.04885099456,-0.007117886096,1
0.06587316841,0.07399957627,-0.05206798762,-0.009428982623,1
0.06587316841,0.07596961409,-0.05389964208,-0.00817443151,2
0.06587316841,0.07793965936,-0.0550690107,-0.009832051583,1
0.06587316841,0.07990969718,-0.05279265717,-0.004481917247,1
0.06587316841,0.08187973499,-0.05501019582,-0.004914771765,1
0.06587316841,0.08384977281,-0.05633123219,-0.006776573136,1
0.06587316841,0.08581981063,-0.0590448752,-0.009011651389,1
0.06587316841,0.08778984845,-0.060424909,-0.009225197136,1
0.06587316841,0.08975988626,-0.05818468705,-0.003356488422,2
0.06587316841,0.09172992408,-0.0606373772,0.002408155473,1
0.06587316841,0.0936999619,-0.04948016256,0.00307214749,1
0.06587316841,0.09567000717,-0.04245210066,8.163669554e-05,1
0.06587316841,0.09764004499,-0.03221987188,-0.0006665006513,1
0.06587316841,0.09961008281,-0.0257662423,-0.003607457969,1
0.06587316841,0.1015801206,-0.020537192,-0.005490434822,1
0.06587316841,0.1035501584,-0.01815293729,-0.004656248726,1
0.06587316841,0.1055201963,-0.01683143899,-0.00536248181,1
0.06587316841,0.1074902341,-0.01533730421,-0.005879947916,1
0.06587316841,0.1094602719,-0.01201639324,-0.006702227052,1
0.06587316841,0.1114303172,-0.008300170302,-0.01146553177,1
0.06587316841,0.113400355,-0.009982455522,-0.01289475895,1
0.06587316841,0.1153703928,-0.009332611226,-0.01349599008,1
0.06587316841,0.1173404306,-0.006929097697,-0.01259212568,1
0.06784320623,0.04838907719,-0.002342243446,0.01600221545,1
0.06784320623,0.050359115,-0.009820630774,0.0117175607,1
0.06784320623,0.05232915282,-0.004702202044,0.01184258796,1
0.06784320623,0.05429919064,-0.008718842641,0.006088087801,1
0.06784320623,0.05626922846,-0.01269277371,0.006176736671,1
0.06784320623,0.05823927,-0.01460438222,0.00326352194,1
0.06784320623,0.06020930782,-0.01906228997,-0.002933547134,1
0.06784320623,0.06217934564,-0.02551646903,-0.006902503781,1
0.06784320623,0.06414938718,-0.03148501739,-0.01324089896,1
0.06784320623,0.066119425,-0.04344215244,-0.01499747299,1
0.06784320623,0.06808946282,-0.0498723574,-0.009364087135,2
0.06784320623,0.07005950063,-0.05745822191,-0.006585768424,1
0.06784320623,0.07202953845,-0.05609587952,-0.00540706981,1
0.06784320623,0.07399957627,-0.05678312853,-0.006134033669,1
0.06784320623,0.07596961409,-0.05892997235,-0.007672038861,2
0.06784320623,0.07793965936,-0.06211851537,-0.01266999356,1
0.06784320623,0.07990969718,-0.06564911455,-0.004803402349,1
0.06784320623,0.08187973499,-0.06844622642,-0.001869767206,1
0.06784320623,0.08384977281,-0.0671511814,-0.004232373089,1
0.06784320623,0.08581981063,-0.06378992647,-0.006866947282,1
0.06784320623,0.08778984845,-0.05901997536,-0.009826253168,1
0.06784320623,0.08975988626,-0.05377585068,-0.004181155935,2
0.06784320623,0.09172992408,-0.04878855124,-0.001422054134,1
0.06784320623,0.0936999619,-0.04765943438,0.003146424191,1
0.06784320623,0.09567000717,-0.03716915473,-0.0006257195491,1
0.06784320623,0.09764004499,-0.03152737394,-0.0001250261994,1
0.06784320623,0.09961008281,-0.02817579731,-0.0008264612989,1
0.06784320623,0.1015801206,-0.02476782911,-0.002935313853,1
0.06784320623,0.1035501584,-0.02054759301,-0.002232444938,1
0.06784320623,0.1055201963,-0.01857515052,-0.003793097334,1
0.06784320623,0.1074902341,-0.01470929198,-0.007188948803,1
0.06784320623,0.1094602719,-0.01240996923,-0.008192623965,1
0.06784320623,0.1114303172,-0.01304535288,-0.009413348511,1
0.06784320623,0.113400355,-0.008562884293,-0.01030539535,1
0.06784320623,0.1153703928,-0.007740948815,-0.01225124951,1
0.06784320623,0.1173404306,-0.005270048045,-0.01221220009,1
0.06981324404,0.04838907719,-0.001617452479,0.007686424069,1
0.06981324404,0.050359115,-0.005098012276,0.0080276886,1
0.06981324404,0.05232915282,-0.006828231737,0.009831065312,1
0.06981324404,0.05429919064,-0.01042603794,0.007629833184,1
0.06981324404,0.05626922846,-0.01094983146,0.006142412778,1
0.06981324404,0.05823927,-0.01184514444,0.004185607657,1
0.06981324404,0.06020930782,-0.01399614569,-0.001732280944,1
0.06981324404,0.06217934564,-0.02363108844,-0.004491179716,1
0.06981324404,0.06414938718,-0.03677614406,-0.004263858311,1
0.06981324404,0.066119425,-0.04675990716,-0.001813946641,1
0.06981324404,0.06808946282,-0.05553928018,-0.003530500224,1
0.06981324404,0.07005950063,-0.06096499786,-0.008151375689,1
0.06981324404,0.07202953845,-0.06006349251,-0.004341290332,1
0.06981324404,0.07399957627,-0.05982463807,-0.0032352095,1
0.06981324404,0.07596961409,-0.06291860342,-0.003709694603,1
0.06981324404,0.07793965936,-0.06484171748,-0.004555810243,1
0.06981324404,0.07990969718,-0.0669644475,-0.001725284965,1
0.06981324404,0.08187973499,-0.06988770515,0.001968349563,1
0.06981324404,0.08384977281,-0.07718503475,1.744710789e-05,1
0.06981324404,0.08581981063,-0.07098799944,-0.00091142155,1
0.06981324404,0.08778984845,-0.05891381949,-0.001197354984,1
0.06981324404,0.08975988626,-0.04911018535,-0.002119828481,1
0.06981324404,0.09172992408,-0.04406307638,0.0006235221517,1
0.06981324404,0.0936999619,-0.04101058841,0.003053399269,1
0.06981324404,0.09567000717,-0.03289364278,0.0006035952829,1
0.06981324404,0.09764004499,-0.02713931166,0.001607328071,1
0.06981324404,0.09961008281,-0.02524328046,0.002315214602,1
0.06981324404,0.1015801206,-0.02736809105,0.001223839354,1
0.06981324404,0.1035501584,-0.022643039,-0.0006928264047,1
0.06981324404,0.1055201963,-0.01485577598,-0.004559590481,1
0.06981324404,0.1074902341,-0.01162658446,-0.006783485878,1
0.06981324404,0.1094602719,-0.01124660298,-0.007872517221,1
0.06981324404,0.1114303172,-0.008977635764,-0.01019036025,1
0.06981324404,0.113400355,-0.005819675978,-0.01087183133,1
0.06981324404,0.1153703928,-0.006605543196,-0.01015523821,1
0.06981324404,0.1173404306,-0.003769530915,-0.01123790722,1
0.07178328186,0.04838907719,-0.001306827413,0.004581545945,1
0.07178328186,0.050359115,-0.01056450419,0.007648677099,1
0.07178328186,0.05232915282,-0.007559653837,0.007936893962,1
0.07178328186,0.05429919064,-0.01028024033,0.007090575993,1
0.07178328186,0.05626922846,-0.01030372921,0.007098804694,1
0.07178328186,0.05823927,-0.01118825004,0.006245082244,1
0.07178328186,0.06020930782,-0.007816188037,0.002443775302,1
0.07178328186,0.06217934564,-0.02319388464,0.001514375093,1
0.07178328186,0.06414938718,-0.03682830185,0.0004016831226,1
0.07178328186,0.066119425,-0.04495414719,0.002203706652,1
0.07178328186,0.06808946282,-0.05174073577,0.00118614221,1
0.07178328186,0.07005950063,-0.05670471862,0.0003465001646,1
0.07178328186,0.07202953845,-0.06076811254,0.002002460649,1
0.07178328186,0.07399957627,-0.05897024646,1.738215542e-05,1
0.07178328186,0.07596961409,-0.06115934998,0.0002866005816,1
0.07178328186,0.07793965936,-0.06373810768,0.001036860398,1
0.07178328186,0.07990969718,-0.06370475888,0.004276537802,1
0.07178328186,0.08187973499,-0.06941889226,0.003846382722,1
0.07178328186,0.08384977281,-0.07507018745,0.001946445205,1
0.07178328186,0.08581981063,-0.07306646556,0.003291392233,1
0.07178328186,0.08778984845,-0.05939780176,0.007661325857,1
0.07178328186,0.08975988626,-0.04824957252,0.008645497262,1
0.07178328186,0.09172992408,-0.04395482689,0.002622207394,1
0.07178328186,0.0936999619,-0.03839454055,0.001546388725,1
0.07178328186,0.09567000717,-0.03403798491,0.008927932009,1
0.07178328186,0.09764004499,-0.02934581786,0.00961338263,1
0.07178328186,0.09961008281,-0.0224297177,0.003174121724,1
0.07178328186,0.1015801206,-0.02554694936,0.003646804718,1
0.07178328186,0.1035501584,-0.02272954956,0.001614964916,1
0.07178328186,0.1055201963,-0.01541438792,-0.00290521537,1
0.07178328186,0.1074902341,-0.01050405297,-0.005579914898,1
0.07178328186,0.1094602719,-0.008965663612,-0.005078691989,1
0.07178328186,0.1114303172,-0.006716824602,-0.007009037305,1
0.07178328186,0.113400355,-0.007060647942,-0.00804140605,1
0.07178328186,0.1153703928,-0.008888906799,-0.007997313514,1
0.07178328186,0.1173404306,-0.005017113872,-0.01085776743,1
0.07375332713,0.04838907719,-0.00452653924,0.003904088167,2
0.07375332713,0.050359115,-0.00639292784,0.002954753814,1
0.07375332713,0.05232915282,-0.008071299642,0.004664205015,1
0.07375332713,0.05429919064,-0.01013606973,0.00562262116,1
0.07375332713,0.05626922846,-0.00961959362,0.005545823369,1
0.07375332713,0.05823927,-0.01070157811,0.005554854404,1
0.07375332713,0.06020930782,-0.01542136353,0.004970050417,1
0.07375332713,0.06217934564,-0.02503355779,0.007042584475,1
0.07375332713,0.06414938718,-0.03493591398,0.004220084287,1
0.07375332713,0.066119425,-0.0411246568,0.0007238822291,1
0.07375332713,0.06808946282,-0.04914877936,0.00215757289,1
0.07375332713,0.07005950063,-0.05485112593,0.00149107317,1
0.07375332713,0.07202953845,-0.05005921051,0.0008714986034,1
0.07375332713,0.07399957627,-0.05509214103,-0.002648725174,1
0.07375332713,0.07596961409,-0.05654982105,0.002684100298,1
0.07375332713,0.07793965936,-0.05255911127,0.005104683805,1
0.07375332713,0.07990969718,-0.05910111219,0.005236655008,2
0.07375332713,0.08187973499,-0.06866949052,0.003308776533,1
0.07375332713,0.08384977281,-0.07282619178,0.002256986685,1
0.07375332713,0.08581981063,-0.06894760579,0.002505522454,1
0.07375332713,0.08778984845,-0.05241550133,0.004454853013,1
0.07375332713,0.08975988626,-0.0458214432,0.008735980839,1
0.07375332713,0.09172992408,-0.04424018413,0.007145381533,1
0.07375332713,0.0936999619,-0.04053095728,0.002738655545,1
0.07375332713,0.09567000717,-0.03320562467,0.0083228359,1
0.07375332713,0.09764004499,-0.02471240982,-0.0005858363002,1
0.07375332713,0.09961008281,-0.01961984299,-0.001357696136,1
0.07375332713,0.1015801206,-0.02166713402,0.002820291789,1
0.07375332713,0.1035501584,-0.02378842048,0.00214014668,1
0.07375332713,0.1055201963,-0.01749722846,-0.0001960603986,1
0.07375332713,0.1074902341,-0.01134015806,-0.003078865353,1
0.07375332713,0.1094602719,-0.008359578438,-0.005534161814,1
0.07375332713,0.1114303172,-0.007301602047,-0.005334316287,1
0.07375332713,0.113400355,-0.007098050322,-0.004974318203,1
0.07375332713,0.1153703928,-0.009512772784,-0.002782110125,1
0.07375332713,0.1173404306,-0.007736735046,-0.006011536345,1
0.07572336495,0.04838907719,-0.005879863165,0.004175964743,2
0.07572336495,0.050359115,-0.007365463767,0.003203724744,1
0.07572336495,0.05232915282,-0.01048350334,0.00263743964,1
0.07572336495,0.05429919064,-0.01124636922,0.005204608198,1
0.07572336495,0.05626922846,-0.01010352094,0.003864861792,1
0.07572336495,0.05823927,-0.01227505784,0.003830315778,1
0.07572336495,0.06020930782,-0.02074468881,0.004951825831,1
0.07572336495,0.06217934564,-0.03030117415,0.004581570625,1
0.07572336495,0.06414938718,-0.03646981716,0.004748529755,1
0.07572336495,0.066119425,-0.04287515581,0.001568008214,1
0.07572336495,0.06808946282,-0.05082750693,0.006117417011,1
0.07572336495,0.07005950063,-0.0524767302,0.005862050224,1
0.07572336495,0.07202953845,-0.05288243666,0.003238990903,1
0.07572336495,0.07399957627,-0.05442839116,0.004680400249,1
0.07572336495,0.07596961409,-0.0529191941,0.006711966358,1
0.07572336495,0.07793965936,-0.04689933732,0.005283410661,1
0.07572336495,0.07990969718,-0.05147108063,0.008256621659,1
0.07572336495,0.08187973499,-0.06412955374,0.004509601276,1
0.07572336495,0.08384977281,-0.0710581392,0.002121602651,1
0.07572336495,0.08581981063,-0.07717270404,0.0006920114974,1
0.07572336495,0.08778984845,-0.06480812281,-0.0001853157155,1
0.07572336495,0.08975988626,-0.04766856879,0.005146742798,1
0.07572336495,0.09172992408,-0.04241320491,0.002791506704,1
0.07572336495,0.0936999619,-0.03948099911,-0.01540125627,1
0.07572336495,0.09567000717,-0.03343642876,-0.003897749586,1
0.07572336495,0.09764004499,-0.02551662922,-0.005290850997,1
0.07572336495,0.09961008281,-0.01722553372,-0.006185876671,1
0.07572336495,0.1015801206,-0.01916239783,2.161573502e-05,1
0.07572336495,0.1035501584,-0.02354474738,0.00111496367,1
0.07572336495,0.1055201963,-0.01792638749,0.0007619652897,1
0.07572336495,0.1074902341,-0.01189026237,-0.002067016205,1
0.07572336495,0.1094602719,-0.00828943029,-0.004756102338,1
0.07572336495,0.1114303172,-0.007050246932,-0.005425787997,1
0.07572336495,0.113400355,-0.006798695307,-0.005785317626,1
0.07572336495,0.1153703928,-0.005332943052,-0.005276941694,1
0.07572336495,0.1173404306,-0.004688099492,-0.005486491602,1
0.07769340277,0.04838907719,-0.005747586023,0.005420080852,1
0.07769340277,0.050359115,-0.005002137274,0.003200965934,1
0.07769340277,0.05232915282,-0.007181456778,0.001553438604,1
0.07769340277,0.05429919064,-0.01005694363,0.003392037004,1
0.07769340277,0.05626922846,-0.01277030818,0.001870116568,1
0.07769340277,0.05823927,-0.01839395985,0.0005145422765,1
0.07769340277,0.06020930782,-0.02931303345,0.005799538922,1
0.07769340277,0.06217934564,-0.04329008982,-0.001250588219,1
0.07769340277,0.06414938718,-0.04019541666,0.000641137769,2
0.07769340277,0.066119425,-0.04354666919,0.001735620317,1
0.07769340277,0.06808946282,-0.0490395911,0.01242367271,1
0.07769340277,0.07005950063,-0.04933320358,0.01302647404,1
0.07769340277,0.07202953845,-0.04991347715,0.007218728773,1
0.07769340277,0.07399957627,-0.05107438937,0.007917215116,1
0.07769340277,0.07596961409,-0.05168776214,0.008422886953,1
0.07769340277,0.07793965936,-0.04704737291,0.005747631192,1
0.07769340277,0.07990969718,-0.05370820314,0.005500392988,1
0.07769340277,0.08187973499,-0.06358864903,0.0018769569,1
0.07769340277,0.08384977281,-0.07343165576,-0.00429618312,1
0.07769340277,0.08581981063,-0.07792069763,-0.00318508246,1
0.07769340277,0.08778984845,-0.06814891845,-0.003268828848,1
0.07769340277,0.08975988626,-0.04438446835,-0.004323374014,1
0.07769340277,0.09172992408,-0.04731394723,-0.004332051612,2
0.07769340277,0.0936999619,-0.04746087641,-0.009953433648,1
0.07769340277,0.09567000717,-0.03766598552,-0.007919735275,1
0.07769340277,0.09764004499,-0.02940505743,-0.007420171052,1
0.07769340277,0.09961008281,-0.0213481877,-0.005807027686,2
0.07769340277,0.1015801206,-0.01741411164,-0.003297177143,1
0.07769340277,0.1035501584,-0.01868534833,-0.001544309082,1
0.07769340277,0.1055201963,-0.01769275777,0.0002053007047,1
0.07769340277,0.1074902341,-0.01389848813,-0.0005894385977,1
0.07769340277,0.1094602719,-0.01013326924,-0.002848703414,1
0.07769340277,0.1114303172,-0.008223148994,-0.004002618138,1
0.07769340277,0.113400355,-0.006863731425,-0.004761491902,1
0.07769340277,0.1153703928,-0.005725150928,-0.004759643693,1
0.07769340277,0.1173404306,-0.00625784928,-0.00454414729,1
0.07966344059,0.04838907719,-0.00590074202,0.002369487192,2
0.07966344059,0.050359115,-0.006197367329,0.001439270098,1
0.07966344059,0.05232915282,-0.00401888648,0.0007784719346,1
0.07966344059,0.05429919064,-0.008570545353,-0.0003542244376,1
0.07966344059,0.05626922846,-0.02146211453,-0.001560615958,1
0.07966344059,0.05823927,-0.02569762617,-0.0005588129861,2
0.07966344059,0.06020930782,-0.03790012002,2.35066218e-05,1
0.07966344059,0.06217934564,-0.0373156108,-0.001121537061,2
0.07966344059,0.06414938718,-0.03747510165,-0.002669010777,1
0.07966344059,0.066119425,-0.03861891851,0.00300427503,1
0.07966344059,0.06808946282,-0.042587962,0.01024677791,1
0.07966344059,0.07005950063,-0.0390634425,0.01056363713,1
0.07966344059,0.07202953845,-0.04642399773,0.01047934406,1
0.07966344059,0.07399957627,-0.04819011688,0.01031422801,1
0.07966344059,0.07596961409,-0.0479699336,0.009969382547,1
0.07966344059,0.07793965936,-0.04598455131,0.007163591683,1
0.07966344059,0.07990969718,-0.0521325022,0.004774664529,1
0.07966344059,0.08187973499,-0.06247665733,-0.0002695931762,1
0.07966344059,0.08384977281,-0.07277493179,-0.007369055878,1
0.07966344059,0.08581981063,-0.0699365139,-0.01244005561,1
0.07966344059,0.08778984845,-0.062197119,-0.01011918206,1
0.07966344059,0.08975988626,-0.05726975203,-0.003659009235,1
0.07966344059,0.09172992408,-0.05499724299,-0.005842906423,1
0.07966344059,0.0936999619,-0.04914736375,-0.005209832918,1
0.07966344059,0.09567000717,-0.04139215499,-0.01144427061,1
0.07966344059,0.09764004499,-0.03385623917,-0.01316316798,1
0.07966344059,0.09961008281,-0.02134805173,-0.006324885413,1
0.07966344059,0.1015801206,-0.01876784302,-0.004127725028,1
0.07966344059,0.1035501584,-0.01724533737,-0.002985883038,1
0.07966344059,0.1055201963,-0.01459842362,-0.002727731597,1
0.07966344059,0.1074902341,-0.01305563375,-0.001611189917,1
0.07966344059,0.1094602719,-0.01021869015,-0.002250871155,1
0.07966344059,0.1114303172,-0.008170278743,-0.002809915459,1
0.07966344059,0.113400355,-0.00674819015,-0.003067634068,1
0.07966344059,0.1153703928,-0.005481384229,-0.003426881973,1
0.07966344059,0.1173404306,-0.006440965459,-0.004271207843,1
0.0816334784,0.04838907719,-0.005757272243,0.0002491100167,1
0.0816334784,0.050359115,-0.00767426705,0.0006067587528,1
0.0816334784,0.05232915282,-0.001949244062,0.000263437425,1
0.0816334784,0.05429919064,-0.008689327165,-0.003310845932,1
0.0816334784,0.05626922846,-0.02042549476,-0.00334588578,1
0.0816334784,0.05823927,-0.02503430657,-0.00121268502,2
0.0816334784,0.06020930782,-0.0300018806,-0.0002269641118,1
0.0816334784,0.06217934564,-0.03059714101,-0.0005900561227,1
0.0816334784,0.06414938718,-0.03166718408,-0.0001721015287,1
0.0816334784,0.066119425,-0.03487374261,0.002324114321,1
0.0816334784,0.06808946282,-0.04014714807,0.008320890367,1
0.0816334784,0.07005950063,-0.03776606917,0.01247049216,1
0.0816334784,0.07202953845,-0.041359175,0.01287450641,1
0.0816334784,0.07399957627,-0.0434310548,0.0131226331,1
0.0816334784,0.07596961409,-0.04295213893,0.01234793663,1
0.0816334784,0.07793965936,-0.0462324135,0.01197994035,1
0.0816334784,0.07990969718,-0.05069937184,0.01198046003,1
0.0816334784,0.08187973499,-0.05898828432,0.01366187073,1
0.0816334784,0.08384977281,-0.06605093181,0.009770504199,1
0.0816334784,0.08581981063,-0.06948184222,-0.007647912484,1
0.0816334784,0.08778984845,-0.06650079042,-0.00223244261,1
0.0816334784,0.08975988626,-0.06075209007,-0.001644855598,1
0.0816334784,0.09172992408,-0.05201575905,-0.006014463492,1
0.0816334784,0.0936999619,-0.0463322103,-0.005720958579,1
0.0816334784,0.09567000717,-0.04355401173,-0.008547569625,1
0.0816334784,0.09764004499,-0.03756389022,-0.007408205885,1
0.0816334784,0.09961008281,-0.02589983679,-0.004236108623,1
0.0816334784,0.1015801206,-0.02390501089,-0.004522534553,1
0.0816334784,0.1035501584,-0.01781312004,-0.004169766791,1
0.0816334784,0.1055201963,-0.01332708634,-0.004077742808,1
0.0816334784,0.1074902341,-0.01242776588,-0.002692536451,1
0.0816334784,0.1094602719,-0.01039189193,-0.001815457479,1
0.0816334784,0.1114303172,-0.007911045104,-0.001768318471,1
0.0816334784,0.113400355,-0.006208466832,-0.001369950594,1
0.0816334784,0.1153703928,-0.005450690631,-0.001614048495,1
0.0816334784,0.1173404306,-0.004410301801,-0.004036317579,1
0.08360351622,0.04838907719,-0.003822501283,-0.0002493745706,1
0.08360351622,0.050359115,-0.001644865493,-0.001826397958,1
0.08360351622,0.05232915282,-0.001998684369,-0.001278146519,1
0.08360351622,0.05429919064,-0.008298313245,-0.001333479886,1
0.08360351622,0.05626922846,-0.01663758047,-0.000912442978,1
0.08360351622,0.05823927,-0.02401222475,-0.0007190768956,1
0.08360351622,0.06020930782,-0.02884372324,-0.0002445534628,1
0.08360351622,0.06217934564,-0.03016841598,-0.002205320867,1
0.08360351622,0.06414938718,-0.03152061254,-0.004568132572,1
0.08360351622,0.066119425,-0.03313466161,-0.0001838588068,1
0.08360351622,0.06808946282,-0.03564593196,0.002308160765,1
0.08360351622,0.07005950063,-0.03126947582,0.0103068836,1
0.08360351622,0.07202953845,-0.03331588581,0.01369259786,1
0.08360351622,0.07399957627,-0.04013900831,0.01072119549,1
0.08360351622,0.07596961409,-0.04092817754,0.007190683391,1
0.08360351622,0.07793965936,-0.04276433215,0.01176780835,1
0.08360351622,0.07990969718,-0.04713141918,0.01605908759,1
0.08360351622,0.08187973499,-0.05371524021,0.02075611241,1
0.08360351622,0.08384977281,-0.0593929477,0.020810619,1
0.08360351622,0.08581981063,-0.06744991243,0.002819712507,1
0.08360351622,0.08778984845,-0.06912355125,0.00390784163,1
0.08360351622,0.08975988626,-0.05861170217,0.001918963739,2
0.08360351622,0.09172992408,-0.04738979414,-0.0003737403313,1
0.08360351622,0.0936999619,-0.04486369342,3.012824709e-05,1
0.08360351622,0.09567000717,-0.04426266998,0.001301171957,1
0.08360351622,0.09764004499,-0.0384468846,0.001179382787,1
0.08360351622,0.09961008281,-0.03096386977,0.002887080424,1
0.08360351622,0.1015801206,-0.02780492418,-0.001502915053,1
0.08360351622,0.1035501584,-0.01816574112,-0.003418460954,1
0.08360351622,0.1055201963,-0.01356496476,-0.00331778382,1
0.08360351622,0.1074902341,-0.01340570208,-0.001558032818,1
0.08360351622,0.1094602719,-0.01171110198,-0.0003264994302,1
0.08360351622,0.1114303172,-0.009053862654,-0.0004587915028,1
0.08360351622,0.113400355,-0.006177460309,-0.0008465237916,1
0.08360351622,0.1153703928,-0.005362628959,-0.001818913617,1
0.08360351622,0.1173404306,-0.008021116257,-0.004257758614,1
0.08557355404,0.04838907719,0.0009644650272,-0.0004326330672,1
0.08557355404,0.050359115,-0.005247174762,-0.00452260673,1
0.08557355404,0.05232915282,-0.005010365974,-0.003681251081,1
0.08557355404,0.05429919064,-0.009962736629,-0.001122768852,1
0.08557355404,0.05626922846,-0.01772679575,0.006454320624,1
0.08557355404,0.05823927,-0.02301724814,-0.002465024125,1
0.08557355404,0.06020930782,-0.02736392803,-0.0006700099912,1
0.08557355404,0.06217934564,-0.02597610094,-0.003118618159,1
0.08557355404,0.06414938718,-0.02785051242,-0.001857616007,1
0.08557355404,0.066119425,-0.03198454157,0.001258840202,1
0.08557355404,0.06808946282,-0.0346563831,0.003096747678,1
0.08557355404,0.07005950063,-0.03835466877,0.00687375199,1
0.08557355404,0.07202953845,-0.03454489261,0.006522325799,1
0.08557355404,0.07399957627,-0.03874060139,0.005820283666,1
0.08557355404,0.07596961409,-0.04186049476,0.005902569275,1
0.08557355404,0.07793965936,-0.04528004304,0.01005138922,1
0.08557355404,0.07990969718,-0.04869234562,0.01510937791,1
0.08557355404,0.08187973499,-0.05483465269,0.01475092582,1
0.08557355404,0.08384977281,-0.05904028192,0.0137540875,1
0.08557355404,0.08581981063,-0.06929218024,0.01254857704,1
0.08557355404,0.08778984845,-0.06440493464,0.01173256338,1
0.08557355404,0.08975988626,-0.05718136206,0.005786608905,1
0.08557355404,0.09172992408,-0.0509814173,0.005958270282,1
0.08557355404,0.0936999619,-0.04749480262,0.002758767456,1
0.08557355404,0.09567000717,-0.04413448274,0.001942601986,1
0.08557355404,0.09764004499,-0.03726550192,0.002261859132,1
0.08557355404,0.09961008281,-0.02760400996,0.003725132439,1
0.08557355404,0.1015801206,-0.02786675841,0.00199507759,1
0.08557355404,0.1035501584,-0.01967966184,-0.0002884076966,1
0.08557355404,0.1055201963,-0.01494853385,-0.001067045028,1
0.08557355404,0.1074902341,-0.01497617085,0.000338614278,1
0.08557355404,0.1094602719,-0.0142915817,0.003072969383,1
0.08557355404,0.1114303172,-0.009168514982,0.001479586819,1
0.08557355404,0.113400355,-0.006242854055,-0.0001124782648,1
0.08557355404,0.1153703928,-0.006583487615,-0.003615748836,1
0.08557355404,0.1173404306,-0.006995418109,-0.003307306906,1
0.08754359186,0.04838907719,-0.002590758028,0.001474630553,1
0.08754359186,0.050359115,-0.005238295533,-0.003816080047,1
0.08754359186,0.05232915282,-0.01226059161,-0.00800052844,1
0.08754359186,0.05429919064,-0.01809085719,-0.009615090676,1
0.08754359186,0.05626922846,-0.02260934934,-0.01239995193,1
0.08754359186,0.05823927,-0.0242900867,-0.01102498174,1
0.08754359186,0.06020930782,-0.02740193158,-0.003729004646,1
0.08754359186,0.06217934564,-0.02388811484,0.0005591675872,1
0.08754359186,0.06414938718,-0.02647112682,0.001015400747,1
0.08754359186,0.066119425,-0.02978721447,0.001174346078,1
0.08754359186,0.06808946282,-0.03323369101,0.00195584679,1
0.08754359186,0.07005950063,-0.03540272266,0.00424000714,1
0.08754359186,0.07202953845,-0.03552160785,0.00713331392,1
0.08754359186,0.07399957627,-0.03764177486,0.005206238478,1
0.08754359186,0.07596961409,-0.04422271997,0.005388499703,1
0.08754359186,0.07793965936,-0.05100126565,0.006805297453,1
0.08754359186,0.07990969718,-0.05816086754,0.008824720047,1
0.08754359186,0.08187973499,-0.05776197091,0.01109452639,1
0.08754359186,0.08384977281,-0.05934596062,0.01228647027,1
0.08754359186,0.08581981063,-0.06191536039,0.01083008014,1
0.08754359186,0.08778984845,-0.06580305845,0.01390226651,1
0.08754359186,0.08975988626,-0.06088583171,0.01289542671,1
0.08754359186,0.09172992408,-0.0511427708,0.006926224101,1
0.08754359186,0.0936999619,-0.04660703242,-0.001519585378,1
0.08754359186,0.09567000717,-0.04493102059,-0.004069533199,1
0.08754359186,0.09764004499,-0.03634060174,-0.002964816289,1
0.08754359186,0.09961008281,-0.0259843953,-0.003784680041,1
0.08754359186,0.1015801206,-0.02278624848,-0.001552799484,1
0.08754359186,0.1035501584,-0.02409157529,0.005134765524,1
0.08754359186,0.1055201963,-0.01924110763,0.007976521738,1
0.08754359186,0.1074902341,-0.01434073225,0.006969435606,1
0.08754359186,0.1094602719,-0.01388425101,-0.0007781996974,1
0.08754359186,0.1114303172,-0.01086731348,-0.001674698666,1
0.08754359186,0.113400355,-0.008658367209,-0.001243283739,1
0.08754359186,0.1153703928,-0.008368699811,-0.002840121277,1
0.08754359186,0.1173404306,-0.006696178112,-0.001214701449,1
0.08951362967,0.04838907719,0.002917397069,-0.0005791625008,1
0.08951362967,0.050359115,-0.0002986791078,-0.0006343821879,1
0.08951362967,0.05232915282,-0.008959178813,-0.00956451986,1
0.08951362967,0.05429919064,-0.01795521565,-0.008685328998,1
0.08951362967,0.05626922846,-0.02383492887,-0.004721431527,1
0.08951362967,0.05823927,-0.02548022382,-0.004303799476,1
0.08951362967,0.06020930782,-0.02953713574,-0.004583420232,1
0.08951362967,0.06217934564,-0.03175856173,-0.003598642303,1
0.08951362967,0.06414938718,-0.03373723477,-0.00075146975,1
0.08951362967,0.066119425,-0.0354134962,0.0003361273848,1
0.08951362967,0.06808946282,-0.03466901556,0.001647408935,1
0.08951362967,0.07005950063,-0.03642590716,0.0005128735793,1
0.08951362967,0.07202953845,-0.03836458176,0.001402480528,1
0.08951362967,0.07399957627,-0.03621007875,0.005147056188,1
0.08951362967,0.07596961409,-0.04696761444,0.007201311644,1
0.08951362967,0.07793965936,-0.05884922668,0.008728908375,1
0.08951362967,0.07990969718,-0.06036453322,0.005475277081,1
0.08951362967,0.08187973499,-0.05894847214,0.009044426493,1
0.08951362967,0.08384977281,-0.06243794784,0.01008133963,1
0.08951362967,0.08581981063,-0.06581322104,0.01062331069,1
0.08951362967,0.08778984845,-0.06408277154,0.01247872785,1
0.08951362967,0.08975988626,-0.05717322603,0.00766676059,1
0.08951362967,0.09172992408,-0.04786445946,-0.0003482860338,1
0.08951362967,0.0936999619,-0.04497082531,-0.001826570719,1
0.08951362967,0.09567000717,-0.04343119636,-0.002304843627,1
0.08951362967,0.09764004499,-0.03933812678,-0.002280911198,1
0.08951362967,0.09961008281,-0.03038067743,-0.003077414818,1
0.08951362967,0.1015801206,-0.02812086977,0.003885509213,1
0.08951362967,0.1035501584,-0.0241927579,0.009297945537,1
0.08951362967,0.1055201963,-0.01818789169,0.01284235064,1
0.08951362967,0.1074902341,-0.01249674242,0.01105830166,1
0.08951362967,0.1094602719,-0.01167562325,0.002589266514,1
0.08951362967,0.1114303172,-0.01033389568,-0.0006892514648,1
0.08951362967,0.113400355,-0.009019427001,-0.0009861036669,1
0.08951362967,0.1153703928,-0.007093982305,0.0004712663358,1
0.08951362967,0.1173404306,-0.005080822855,0.004157625139,1
0.09148367494,0.04838907719,0.002500950126,6.431216752e-05,1
0.09148367494,0.050359115,0.001143191941,0.00311502954,1
0.09148367494,0.05232915282,-0.005631474778,-0.004612728488,1
0.09148367494,0.05429919064,-0.01446729526,8.789574349e-05,2
0.09148367494,0.05626922846,-0.025123192,0.001888396218,1
0.09148367494,0.05823927,-0.0272662323,-0.0007839249447,1
0.09148367494,0.06020930782,-0.03258183226,-0.003555459902,1
0.09148367494,0.06217934564,-0.03436002135,-0.003952113912,1
0.09148367494,0.06414938718,-0.03813110292,-0.00179064821,1
0.09148367494,0.066119425,-0.0391644761,-0.0008021058165,1
0.09148367494,0.06808946282,-0.03443653882,0.002768426901,1
0.09148367494,0.07005950063,-0.03615129739,0.000407207699,1
0.09148367494,0.07202953845,-0.04210820422,-0.003510993673,1
0.09148367494,0.07399957627,-0.04415315762,-0.002734775422,1
0.09148367494,0.07596961409,-0.05652370304,0.008496685885,1
0.09148367494,0.07793965936,-0.06136211753,0.006607347168,1
0.09148367494,0.07990969718,-0.06274147332,0.0007749020588,1
0.09148367494,0.08187973499,-0.0593190752,0.005626078695,1
0.09148367494,0.08384977281,-0.06327028573,0.01019445714,1
0.09148367494,0.08581981063,-0.06615936756,0.01103058644,1
0.09148367494,0.08778984845,-0.06022273377,0.007164693438,1
0.09148367494,0.08975988626,-0.05050281063,-0.002542489907,1
0.09148367494,0.09172992408,-0.04541114718,-0.00537529029,1
0.09148367494,0.0936999619,-0.04628127441,0.00661211228,1
0.09148367494,0.09567000717,-0.04297867417,0.005859106779,1
0.09148367494,0.09764004499,-0.03999364004,0.00253249635,1
0.09148367494,0.09961008281,-0.03324884176,0.005536411423,1
0.09148367494,0.1015801206,-0.03182372078,0.007675069384,1
0.09148367494,0.1035501584,-0.02821399458,0.009553532116,1
0.09148367494,0.1055201963,-0.01590937935,0.01026382763,1
0.09148367494,0.1074902341,-0.0098060444,0.008714494295,1
0.09148367494,0.1094602719,-0.008568574674,0.007251928095,1
0.09148367494,0.1114303172,-0.008565894328,0.004065832589,1
0.09148367494,0.113400355,-0.006980705075,0.0008514797082,1
0.09148367494,0.1153703928,-0.00803696923,0.000926625682,1
0.09148367494,0.1173404306,-0.005853952374,0.0073140366,1
0.09345371276,0.04838907719,-0.0001195644654,-0.001122222398,1
0.09345371276,0.050359115,0.001855479437,0.006692644674,1
0.09345371276,0.05232915282,-0.000626027293,0.01135114022,1
0.09345371276,0.05429919064,-0.009159296751,0.01176124439,1
0.09345371276,0.05626922846,-0.02272479981,0.008260191418,1
0.09345371276,0.05823927,-0.02829478867,0.003998708911,1
0.09345371276,0.06020930782,-0.03688707948,0.0002216450521,1
0.09345371276,0.06217934564,-0.03652825579,-0.003705712035,1
0.09345371276,0.06414938718,-0.03854571283,-0.003507166402,1
0.09345371276,0.066119425,-0.03480193391,-0.003486934584,1
0.09345371276,0.06808946282,-0.03515631333,-0.0003034719266,1
0.09345371276,0.07005950063,-0.03564766794,0.001532222959,1
0.09345371276,0.07202953845,-0.0426476635,-0.0001112818209,1
0.09345371276,0.07399957627,-0.05407581478,8.063219138e-05,1
0.09345371276,0.07596961409,-0.05345238373,0.001174464007,1
0.09345371276,0.07793965936,-0.06104893237,0.001106670126,1
0.09345371276,0.07990969718,-0.06808783859,0.004989729729,1
0.09345371276,0.08187973499,-0.06172063202,0.004390294198,1
0.09345371276,0.08384977281,-0.06187555194,0.007587118074,1
0.09345371276,0.08581981063,-0.0603338778,0.01183169242,1
0.09345371276,0.08778984845,-0.05780914053,0.001824113308,1
0.09345371276,0.08975988626,-0.05188340321,-0.004211746622,1
0.09345371276,0.09172992408,-0.04959108308,-0.002598383231,1
0.09345371276,0.0936999619,-0.04965469614,0.001030660351,1
0.09345371276,0.09567000717,-0.04604691267,0.002182142809,1
0.09345371276,0.09764004499,-0.03966825455,0.002378040925,1
0.09345371276,0.09961008281,-0.03472583368,0.006309730466,1
0.09345371276,0.1015801206,-0.03312351182,0.008197654039,1
0.09345371276,0.1035501584,-0.02762727439,0.008245804347,1
0.09345371276,0.1055201963,-0.01630005427,0.008020478301,1
0.09345371276,0.1074902341,-0.00993864052,0.003250981448,1
0.09345371276,0.1094602719,-0.007226847112,-0.0004855321022,1
0.09345371276,0.1114303172,-0.008335869759,-0.0009876539698,1
0.09345371276,0.113400355,-0.006605789065,-0.0001578342199,1
0.09345371276,0.1153703928,-0.00824727118,0.001838858821,1
0.09345371276,0.1173404306,-0.002965217456,0.007319554221,1
0.09542375058,0.04838907719,-0.002774291206,0.00452055037,1
0.09542375058,0.050359115,0.003560285317,0.01017094217,1
0.09542375058,0.05232915282,0.002386356471,0.01307082269,1
0.09542375058,0.05429919064,-0.002652157797,0.01298591867,1
0.09542375058,0.05626922846,-0.005301585421,0.01009122841,1
0.09542375058,0.05823927,-0.01029964536,0.001837994903,1
0.09542375058,0.06020930782,-0.02697942033,-0.00624004472,1
0.09542375058,0.06217934564,-0.04169893637,-0.001773502561,1
0.09542375058,0.06414938718,-0.0430248715,-0.001284644241,1
0.09542375058,0.066119425,-0.03650820255,-0.003242218401,1
0.09542375058,0.06808946282,-0.03607537225,-0.002964399755,1
0.09542375058,0.07005950063,-0.03634850308,-0.00101489434,1
0.09542375058,0.07202953845,-0.03729978204,0.001189662842,1
0.09542375058,0.07399957627,-0.04405106604,0.004816576838,1
0.09542375058,0.07596961409,-0.04873495549,-0.00310817617,1
0.09542375058,0.07793965936,-0.06101303175,-0.001312769135,1
0.09542375058,0.07990969718,-0.06470444053,0.001248726738,2
0.09542375058,0.08187973499,-0.06287937611,0.0005651974934,1
0.09542375058,0.08384977281,-0.06062309071,0.001152775134,1
0.09542375058,0.08581981063,-0.05361688137,0.002175512491,1
0.09542375058,0.08778984845,-0.05513079837,-0.0004699743295,1
0.09542375058,0.08975988626,-0.05166637897,-0.005573077593,1
0.09542375058,0.09172992408,-0.05157665536,-0.003153654747,1
0.09542375058,0.0936999619,-0.05178940669,-0.00234568119,1
0.09542375058,0.09567000717,-0.04706533253,0.001399909495,1
0.09542375058,0.09764004499,-0.0422458984,0.006929493044,1
0.09542375058,0.09961008281,-0.03788971156,0.006496162154,1
0.09542375058,0.1015801206,-0.03441124409,0.009502344765,1
0.09542375058,0.1035501584,-0.02610066533,0.007660779636,1
0.09542375058,0.1055201963,-0.0155452406,0.002860988956,1
0.09542375058,0.1074902341,-0.009709031321,-0.0006626697723,1
0.09542375058,0.1094602719,-0.009805303067,-0.001284245984,1
0.09542375058,0.1114303172,-0.0112642739,-0.0009884970495,1
0.09542375058,0.113400355,-0.009881441481,0.001904494246,1
0.09542375058,0.1153703928,-0.007048926316,0.003271026304,1
0.09542375058,0.1173404306,0.0007760139997,0.005403401796,1
0.0973937884,0.04838907719,3.537640441e-05,0.008768300526,1
0.0973937884,0.050359115,0.003209712915,0.009038514458,1
0.0973937884,0.05232915282,0.003733641934,0.009336769581,1
0.0973937884,0.05429919064,0.00048496612,0.01282218564,1
0.0973937884,0.05626922846,-0.004389843438,0.009591503069,2
0.0973937884,0.05823927,-0.006641928107,0.004148569424,1
0.0973937884,0.06020930782,-0.02294061333,0.003088343889,1
0.0973937884,0.06217934564,-0.04144389555,0.008832126856,1
0.0973937884,0.06414938718,-0.04500148818,0.007230695803,1
0.0973937884,0.066119425,-0.03514866158,-0.004536262248,1
0.0973937884,0.06808946282,-0.03362819552,-0.005472984631,1
0.0973937884,0.07005950063,-0.03321121633,-0.001001848839,1
0.0973937884,0.07202953845,-0.02221421897,0.003976090346,1
0.0973937884,0.07399957627,-0.03159459308,0.01443549432,1
0.0973937884,0.07596961409,-0.06164836511,0.01473097038,1
0.0973937884,0.07793965936,-0.06972892582,0.00824395474,1
0.0973937884,0.07990969718,-0.06683752686,0.0007527490961,1
0.0973937884,0.08187973499,-0.06142835692,-0.0009241526714,1
0.0973937884,0.08384977281,-0.05827925354,-0.001174543868,1
0.0973937884,0.08581981063,-0.05592727661,-0.00405639736,1
0.0973937884,0.08778984845,-0.05373080075,-0.005472539924,1
0.0973937884,0.08975988626,-0.05356118083,-0.003391779494,1
0.0973937884,0.09172992408,-0.05167476088,-0.002943177242,1
0.0973937884,0.0936999619,-0.0508932136,-0.003112002974,1
0.0973937884,0.09567000717,-0.049039606,0.0007811564719,1
0.0973937884,0.09764004499,-0.04574629292,0.005839807447,1
0.0973937884,0.09961008281,-0.038161695,0.00724407658,1
0.0973937884,0.1015801206,-0.03231192753,0.01055399608,1
0.0973937884,0.1035501584,-0.02427444607,0.01176368725,1
0.0973937884,0.1055201963,-0.01429433282,0.007296657655,1
0.0973937884,0.1074902341,-0.01061045285,0.0003356062807,1
0.0973937884,0.1094602719,-0.01268269401,-0.0001823056373,1
0.0973937884,0.1114303172,-0.01066618133,-0.001088753226,1
0.0973937884,0.113400355,-0.009517619386,0.001686992357,1
0.0973937884,0.1153703928,-0.006699074991,0.002692762529,1
0.0973937884,0.1173404306,0.001784151653,0.004360543098,1
0.09936382622,0.04838907719,-0.003136761952,0.008549672551,1
0.09936382622,0.050359115,0.001332552987,0.009558480233,1
0.09936382622,0.05232915282,0.001099297428,0.009372516535,1
0.09936382622,0.05429919064,-0.002153596375,0.01072221342,1
0.09936382622,0.05626922846,-0.006100825965,0.01130402833,1
0.09936382622,0.05823927,-0.01187227014,0.01029899996,1
0.09936382622,0.06020930782,-0.02506928705,0.01276062801,1
0.09936382622,0.06217934564,-0.03349645436,0.01370724291,1
0.09936382622,0.06414938718,-0.02855713293,0.005626569502,1
0.09936382622,0.066119425,-0.02873214521,0.001939126523,1
0.09936382622,0.06808946282,-0.02740865014,-0.003258175217,1
0.09936382622,0.07005950063,-0.026148431,0.00372104696,1
0.09936382622,0.07202953845,-0.03393209353,0.009965694509,2
0.09936382622,0.07399957627,-0.04296388105,0.01699071564,2
0.09936382622,0.07596961409,-0.0641021058,0.02181415632,1
0.09936382622,0.07793965936,-0.06642897427,0.01270834636,1
0.09936382622,0.07990969718,-0.06463811547,0.008161170408,1
0.09936382622,0.08187973499,-0.05838613585,0.004084897228,1
0.09936382622,0.08384977281,-0.05373063311,0.0003967870143,1
0.09936382622,0.08581981063,-0.05252348259,-0.002534536645,1
0.09936382622,0.08778984845,-0.05121550709,-0.004171574488,1
0.09936382622,0.08975988626,-0.0526374355,-0.005097738467,1
0.09936382622,0.09172992408,-0.057053525,-0.006773330271,1
0.09936382622,0.0936999619,-0.05242933333,-0.003598678624,1
0.09936382622,0.09567000717,-0.05007903278,-0.002191428561,1
0.09936382622,0.09764004499,-0.04520430043,0.0005420017405,1
0.09936382622,0.09961008281,-0.03881145269,0.006936887279,1
0.09936382622,0.1015801206,-0.03513596952,0.01100490801,1
0.09936382622,0.1035501584,-0.01232997701,0.006229395512,1
0.09936382622,0.1055201963,-0.01146370918,0.004238996189,2
0.09936382622,0.1074902341,-0.01029869262,0.002446964616,1
0.09936382622,0.1094602719,-0.008740754798,0.0003299956443,1
0.09936382622,0.1114303172,-0.006229500752,-0.003150660777,1
0.09936382622,0.113400355,-0.009133376181,-0.001041618176,1
0.09936382622,0.1153703928,-0.007290653884,0.000286096154,1
0.09936382622,0.1173404306,-0.001585836639,0.00378011167,1
0.101333864,0.04838907719,-0.0007598335505,0.009742673486,1
0.101333864,0.050359115,0.0002339259081,0.009609570727,1
0.101333864,0.05232915282,-0.001132263802,0.01105037145,1
0.101333864,0.05429919064,-0.003729386255,0.01115550939,1
0.101333864,0.05626922846,-0.006303772796,0.00938009005,1
0.101333864,0.05823927,-0.0121928677,0.01062801946,1
0.101333864,0.06020930782,-0.02632138319,0.01426280569,1
0.101333864,0.06217934564,-0.02651380375,0.01076853741,1
0.101333864,0.06414938718,-0.0243723914,0.006557731424,1
0.101333864,0.066119425,-0.02401425317,0.01088256855,1
0.101333864,0.06808946282,-0.03040060215,0.01060070097,1
0.101333864,0.07005950063,-0.04286871105,0.01125534065,1
0.101333864,0.07202953845,-0.04440183565,0.01517492998,1
0.101333864,0.07399957627,-0.04222673178,0.02174751088,1
0.101333864,0.07596961409,-0.05785639212,0.01465092599,1
0.101333864,0.07793965936,-0.06290791184,0.01058897283,1
0.101333864,0.07990969718,-0.06188767776,0.01647479832,1
0.101333864,0.08187973499,-0.0530279167,0.009893298149,1
0.101333864,0.08384977281,-0.05005731806,0.004516019952,1
0.101333864,0.08581981063,-0.04893900082,0.0002907908929,1
0.101333864,0.08778984845,-0.0473674871,-0.0008085617446,1
0.101333864,0.08975988626,-0.0494716689,-0.008010469377,1
0.101333864,0.09172992408,-0.05420177057,-0.01375831757,1
0.101333864,0.0936999619,-0.0544872731,-0.007874466479,2
0.101333864,0.09567000717,-0.05073522776,-0.006192591041,1
0.101333864,0.09764004499,-0.04510053992,-0.00277097919,1
0.101333864,0.09961008281,-0.04068411887,0.001301815035,1
0.101333864,0.1015801206,-0.03384607285,0.005530710798,1
0.101333864,0.1035501584,-0.008014249615,-0.0004074749886,1
0.101333864,0.1055201963,-0.008931832388,0.0009829680203,2
0.101333864,0.1074902341,-0.006705459673,0.001325609046,1
0.101333864,0.1094602719,-0.006418209989,-0.000295708247,1
0.101333864,0.1114303172,-0.006155144889,-0.002818633337,1
0.101333864,0.113400355,-0.01061233412,0.002782680327,1
0.101333864,0.1153703928,-0.004311697558,0.002413931536,1
0.101333864,0.1173404306,-0.0006363455323,0.001620114432,1
0.1033039019,0.04838907719,0.0001407024101,0.00906247925,1
0.1033039019,0.050359115,0.001233707881,0.006798739545,1
0.1033039019,0.05232915282,-0.002353493357,0.009771299548,1
0.1033039019,0.05429919064,-0.004355772864,0.01172242872,1
0.1033039019,0.05626922846,-0.006081161555,0.009740899317,1
0.1033039019,0.05823927,-0.01136007439,0.01111395564,1
0.1033039019,0.06020930782,-0.02079612203,0.01314525213,1
0.1033039019,0.06217934564,-0.02091285214,0.0112624038,1
0.1033039019,0.06414938718,-0.02056635544,0.009920305572,1
0.1033039019,0.066119425,-0.02060935088,0.01418447122,1
0.1033039019,0.06808946282,-0.03218036145,0.01396478713,1
0.1033039019,0.07005950063,-0.04497718439,0.01538413204,1
0.1033039019,0.07202953845,-0.04282634333,0.01525388565,1
0.1033039019,0.07399957627,-0.04170916229,0.01577426679,1
0.1033039019,0.07596961409,-0.05137476698,0.01121586189,1
0.1033039019,0.07793965936,-0.05949871615,0.005396721419,1
0.1033039019,0.07990969718,-0.0602700077,0.007095359731,1
0.1033039019,0.08187973499,-0.05025758967,0.00318695954,1
0.1033039019,0.08384977281,-0.04544502124,0.002040950814,1
0.1033039019,0.08581981063,-0.04632629454,-0.002358003752,1
0.1033039019,0.08778984845,-0.04545872658,-0.003344522556,1
0.1033039019,0.08975988626,-0.04837534577,-0.007291141432,1
0.1033039019,0.09172992408,-0.05493973568,-0.01293700002,1
0.1033039019,0.0936999619,-0.06058276817,-0.007948278449,1
0.1033039019,0.09567000717,-0.05146022141,-0.007105926983,1
0.1033039019,0.09764004499,-0.04438927025,-0.005504628178,1
0.1033039019,0.09961008281,-0.04016878083,-0.00350080803,1
0.1033039019,0.1015801206,-0.02992811427,-0.001558989752,1
0.1033039019,0.1035501584,-0.01841523312,-0.001944802934,2
0.1033039019,0.1055201963,-0.009543910623,-0.00122525834,1
0.1033039019,0.1074902341,-0.005463893991,-0.001385139069,1
0.1033039019,0.1094602719,-0.005657752976,-0.0002267463278,1
0.1033039019,0.1114303172,-0.00816539675,0.001597369439,1
0.1033039019,0.113400355,-0.009251766838,0.002935324796,1
0.1033039019,0.1153703928,-0.006254046224,0.002963678446,1
0.1033039019,0.1173404306,0.006632373203,0.003270783694,1
0.1052739397,0.04838907719,0.0003526622895,0.008666741662,2
0.1052739397,0.050359115,-0.0007457263418,0.009401209652,1
0.1052739397,0.05232915282,-0.004125912674,0.01078980695,1
0.1052739397,0.05429919064,-0.006628370844,0.009181076661,1
0.1052739397,0.05626922846,-0.007149552926,0.01030584797,1
0.1052739397,0.05823927,-0.008779868484,0.01247533318,1
0.1052739397,0.06020930782,-0.01026763394,0.01507726032,1
0.1052739397,0.06217934564,-0.02044276707,0.01807606034,1
0.1052739397,0.06414938718,-0.0252031479,0.01604746282,1
0.1052739397,0.066119425,-0.02652985416,0.01121136546,1
0.1052739397,0.06808946282,-0.02876705304,0.01229389198,1
0.1052739397,0.07005950063,-0.03546579182,0.01594034769,1
0.1052739397,0.07202953845,-0.0354552716,0.01237871498,1
0.1052739397,0.07399957627,-0.03486387432,0.01110484358,1
0.1052739397,0.07596961409,-0.03992431983,0.008368353359,1
0.1052739397,0.07793965936,-0.06051070988,0.002872376936,1
0.1052739397,0.07990969718,-0.06067817286,0.0004764109035,1
0.1052739397,0.08187973499,-0.05028220639,-0.003157249186,1
0.1052739397,0.08384977281,-0.04191790149,-0.004615130834,1
0.1052739397,0.08581981063,-0.04273775965,-0.00771114137,1
0.1052739397,0.08778984845,-0.04364267364,-0.009423829615,1
0.1052739397,0.08975988626,-0.04834990203,-0.005180602428,2
0.1052739397,0.09172992408,-0.0607394278,-0.002021857304,1
0.1052739397,0.0936999619,-0.06070851907,-0.0002071247727,1
0.1052739397,0.09567000717,-0.054666318,-0.003880743636,1
0.1052739397,0.09764004499,-0.04504721612,-0.007430449128,1
0.1052739397,0.09961008281,-0.03670344874,-0.01158997603,1
0.1052739397,0.1015801206,-0.0324899219,-0.009740060195,1
0.1052739397,0.1035501584,-0.02617465705,-0.004587488715,1
0.1052739397,0.1055201963,-0.01409401558,-0.001209124574,1
0.1052739397,0.1074902341,-0.008369260468,-0.000873644778,1
0.1052739397,0.1094602719,-0.006870249752,0.001230984344,1
0.1052739397,0.1114303172,-0.005577791017,0.00128663925,1
0.1052739397,0.113400355,-0.004441736266,0.002252051607,1
0.1052739397,0.1153703928,-0.002273098566,0.005875220988,1
0.1052739397,0.1173404306,0.006691897754,0.005627829581,1
0.1072439849,0.04838907719,0.0016630108,0.007536538411,1
0.1072439849,0.050359115,-0.001886144863,0.007430273108,1
0.1072439849,0.05232915282,-0.004304237198,0.008014962077,1
0.1072439849,0.05429919064,-0.007113895845,0.007264530752,1
0.1072439849,0.05626922846,-0.008263892494,0.00849390123,1
0.1072439849,0.05823927,-0.008570370264,0.01106138993,1
0.1072439849,0.06020930782,-0.01241555437,0.01518023666,1
0.1072439849,0.06217934564,-0.01875342056,0.01805032417,1
0.1072439849,0.06414938718,-0.02617575973,0.01793704554,1
0.1072439849,0.066119425,-0.03020845167,0.01063902676,1
0.1072439849,0.06808946282,-0.03274992108,0.008930701762,1
0.1072439849,0.07005950063,-0.03897905722,0.0120440647,1
0.1072439849,0.07202953845,-0.03704518825,0.01089646388,1
0.1072439849,0.07399957627,-0.03600063175,0.00909579359,1
0.1072439849,0.07596961409,-0.04971242324,0.007663295139,1
0.1072439849,0.07793965936,-0.05986337364,0.003863106016,1
0.1072439849,0.07990969718,-0.06094604358,-0.00148032303,1
0.1072439849,0.08187973499,-0.04811121896,-0.005081388168,2
0.1072439849,0.08384977281,-0.03782176226,-0.008720010519,1
0.1072439849,0.08581981063,-0.04144993797,-0.002933260519,1
0.1072439849,0.08778984845,-0.03956391662,-0.002434110502,1
0.1072439849,0.08975988626,-0.0406421572,-0.001985581359,1
0.1072439849,0.09172992408,-0.06430733204,-0.01035186835,1
0.1072439849,0.0936999619,-0.06036589295,0.00131787057,1
0.1072439849,0.09567000717,-0.0565542765,-0.0001191086994,1
0.1072439849,0.09764004499,-0.05010516942,-0.006304965355,1
0.1072439849,0.09961008281,-0.0402667895,-0.01002346259,1
0.1072439849,0.1015801206,-0.03354309499,-0.01032234821,1
0.1072439849,0.1035501584,-0.0321793817,-0.005409762263,1
0.1072439849,0.1055201963,-0.02605696581,-0.002393906936,1
0.1072439849,0.1074902341,-0.01903528161,-0.0002254943101,1
0.1072439849,0.1094602719,-0.01708228141,0.001925806399,1
0.1072439849,0.1114303172,-0.006010872778,0.0043166182,1
0.1072439849,0.113400355,-0.003782435087,0.005752689205,1
0.1072439849,0.1153703928,-0.003973187413,0.005461300258,1
0.1072439849,0.1173404306,-0.01200067066,0.002567001851,1
0.1092140228,0.04838907719,0.001740258769,0.003090638667,1
0.1092140228,0.050359115,-0.001807685359,0.004000187851,1
0.1092140228,0.05232915282,-0.003974504303,0.005289252382,1
0.1092140228,0.05429919064,-0.005718311295,0.00751229329,1
0.1092140228,0.05626922846,-0.007803322747,0.007941161282,1
0.1092140228,0.05823927,-0.01064403355,0.009301234037,1
0.1092140228,0.06020930782,-0.01252735686,0.0131269414,1
0.1092140228,0.06217934564,-0.01697888598,0.01602048427,1
0.1092140228,0.06414938718,-0.02512165159,0.0149127366,1
0.1092140228,0.066119425,-0.02977971919,0.01000201423,1
0.1092140228,0.06808946282,-0.03885560855,0.004166947212,1
0.1092140228,0.07005950063,-0.04222042486,0.00591431465,1
0.1092140228,0.07202953845,-0.04009060189,0.004034980666,1
0.1092140228,0.07399957627,-0.03598317504,0.002636414021,1
0.1092140228,0.07596961409,-0.04416536912,0.006893542595,1
0.1092140228,0.07793965936,-0.05413107947,0.002349928021,1
0.1092140228,0.07990969718,-0.05317671224,0.0005096836248,1
0.1092140228,0.08187973499,-0.04339485615,-0.006967969239,1
0.1092140228,0.08384977281,-0.04132817313,-0.008846956305,1
0.1092140228,0.08581981063,-0.04475381225,-0.008176897652,1
0.1092140228,0.08778984845,-0.04394300282,-0.007295088843,1
0.1092140228,0.08975988626,-0.04245094582,-0.002284357324,1
0.1092140228,0.09172992408,-0.06394448876,-0.01480810251,1
0.1092140228,0.0936999619,-0.06294076145,-0.01032659598,1
0.1092140228,0.09567000717,-0.05514369532,0.002397919307,1
0.1092140228,0.09764004499,-0.0526503101,-0.00228799344,1
0.1092140228,0.09961008281,-0.04520273209,-0.00394713087,1
0.1092140228,0.1015801206,-0.03713320941,-0.00600906508,1
0.1092140228,0.1035501584,-0.03169999272,-0.006694128737,1
0.1092140228,0.1055201963,-0.03073277883,-0.004109973554,1
0.1092140228,0.1074902341,-0.02774179541,-0.000949171721,1
0.1092140228,0.1094602719,-0.02585435472,0.000735264679,1
0.1092140228,0.1114303172,-0.01426972728,0.009825813584,1
0.1092140228,0.113400355,-0.008061951958,0.01035415288,1
0.1092140228,0.1153703928,-0.004119380377,0.0001292172819,1
0.1092140228,0.1173404306,-0.009533228353,-0.001701826346,1
0.1111840606,0.04838907719,-0.001804617699,0.001701790257,1
0.1111840606,0.050359115,-0.002479700372,0.003192709992,1
0.1111840606,0.05232915282,-0.004393452313,0.003249648958,1
0.1111840606,0.05429919064,-0.00590698095,0.005747932009,1
0.1111840606,0.05626922846,-0.008461147547,0.007016865071,1
0.1111840606,0.05823927,-0.01068428904,0.007758086082,1
0.1111840606,0.06020930782,-0.01127464045,0.008014030755,1
0.1111840606,0.06217934564,-0.01674233377,0.009332976304,1
0.1111840606,0.06414938718,-0.02356712148,0.008837256581,1
0.1111840606,0.066119425,-0.03056566976,0.007238117512,1
0.1111840606,0.06808946282,-0.03915752843,0.005521290004,1
0.1111840606,0.07005950063,-0.04134727269,0.002826514188,1
0.1111840606,0.07202953845,-0.03974146396,0.0005074726068,1
0.1111840606,0.07399957627,-0.03661700338,0.002635936951,1
0.1111840606,0.07596961409,-0.0374077782,0.006370747462,1
0.1111840606,0.07793965936,-0.05392359197,0.002705021529,1
0.1111840606,0.07990969718,-0.04910515621,-0.001240572776,1
0.1111840606,0.08187973499,-0.04408583045,-0.005819197744,1
0.1111840606,0.08384977281,-0.04496111721,-0.007724856492,1
0.1111840606,0.08581981063,-0.04758969322,-0.02033195645,1
0.1111840606,0.08778984845,-0.05298646167,-0.01562773995,1
0.1111840606,0.08975988626,-0.05472446606,-0.002747365274,1
0.1111840606,0.09172992408,-0.07506680489,0.0009819326224,1
0.1111840606,0.0936999619,-0.06952251494,-0.0002581750159,2
0.1111840606,0.09567000717,-0.06248036772,0.0009796768427,1
0.1111840606,0.09764004499,-0.05519362912,-0.002057914855,1
0.1111840606,0.09961008281,-0.04336695746,-0.007949678227,1
0.1111840606,0.1015801206,-0.03672986478,-0.004842490889,1
0.1111840606,0.1035501584,-0.02952110022,-0.006342608016,1
0.1111840606,0.1055201963,-0.02895724028,-0.003345022444,1
0.1111840606,0.1074902341,-0.02871104702,0.001724043163,1
0.1111840606,0.1094602719,-0.0265284013,0.005079564173,1
0.1111840606,0.1114303172,-0.01853706688,0.005130284466,2
0.1111840606,0.113400355,-0.01534120273,0.006362276152,1
0.1111840606,0.1153703928,-0.002039712388,0.001070479746,1
0.1111840606,0.1173404306,-0.003154495964,-0.00630883174,1
0.1131540984,0.04838907719,-0.003865392879,0.002896217629,1
0.1131540984,0.050359115,-0.002114669885,0.005096380133,1
0.1131540984,0.05232915282,-0.003276439151,0.004742308985,1
0.1131540984,0.05429919064,-0.005504059605,0.002677121898,1
0.1131540984,0.05626922846,-0.008079920895,0.003985863179,1
0.1131540984,0.05823927,-0.008023193106,0.006553869694,1
0.1131540984,0.06020930782,-0.009825388901,0.005730265751,1
0.1131540984,0.06217934564,-0.01558624487,0.005554056261,1
0.1131540984,0.06414938718,-0.01802150346,0.008413513191,1
0.1131540984,0.066119425,-0.02622481436,0.007773677818,1
0.1131540984,0.06808946282,-0.03391107172,0.004700495861,1
0.1131540984,0.07005950063,-0.03602985293,0.003153606784,1
0.1131540984,0.07202953845,-0.03876075521,0.0008326031966,1
0.1131540984,0.07399957627,-0.03834927455,0.002889340045,1
0.1131540984,0.07596961409,-0.03605404496,0.00348701817,1
0.1131540984,0.07793965936,-0.0345492661,-0.001170099364,1
0.1131540984,0.07990969718,-0.03940674663,-0.01168021187,1
0.1131540984,0.08187973499,-0.03886746615,-0.00862041954,1
0.1131540984,0.08384977281,-0.04747719318,-0.01270383224,1
0.1131540984,0.08581981063,-0.05917267129,-0.01231236011,1
0.1131540984,0.08778984845,-0.0569274202,0.002812497318,1
0.1131540984,0.08975988626,-0.05657863244,0.004644872155,1
0.1131540984,0.09172992408,-0.07118438184,0.005226043519,1
0.1131540984,0.0936999619,-0.07760211825,0.007332286797,1
0.1131540984,0.09567000717,-0.06379726529,0.00335502415,1
0.1131540984,0.09764004499,-0.05275498703,-0.002716928255,1
0.1131540984,0.09961008281,-0.03868952766,-0.005378141999,2
0.1131540984,0.1015801206,-0.03273540735,-0.006258102134,1
0.1131540984,0.1035501584,-0.02927443199,-0.005159148015,1
0.1131540984,0.1055201963,-0.02813774906,-0.001574528404,1
0.1131540984,0.1074902341,-0.02734345943,0.002904654481,1
0.1131540984,0.1094602719,-0.02591629885,0.007387151476,1
0.1131540984,0.1114303172,-0.01800893806,-0.0007465175004,1
0.1131540984,0.113400355,-0.008851123974,-0.003145883325,1
0.1131540984,0.1153703928,0.003005581908,-0.00606456073,1
0.1131540984,0.1173404306,0.009541339241,-0.005548819434,1
0.1151241362,0.04838907719,-3.504525739e-05,0.003568866057,1
0.1151241362,0.050359115,-0.001451633056,0.00434638327,1
0.1151241362,0.05232915282,-0.002893369878,0.004338062834,1
0.1151241362,0.05429919064,-0.005570385139,0.00258245552,1
0.1151241362,0.05626922846,-0.008021929301,0.004809573293,1
0.1151241362,0.05823927,-0.007696661633,0.007702140603,1
0.1151241362,0.06020930782,-0.009803550318,0.005460909102,1
0.1151241362,0.06217934564,-0.01809909381,0.001519332407,1
0.1151241362,0.06414938718,-0.02003614418,0.004597840831,1
0.1151241362,0.066119425,-0.02277853526,0.01012855489,1
0.1151241362,0.06808946282,-0.0288345255,0.00648829015,1
0.1151241362,0.07005950063,-0.03300788254,0.005934780464,1
0.1151241362,0.07202953845,-0.03746363521,0.01061884221,1
0.1151241362,0.07399957627,-0.04041180387,0.004054195248,1
0.1151241362,0.07596961409,-0.03907265142,0.0001879182237,1
0.1151241362,0.07793965936,-0.03562708572,-0.002041688422,1
0.1151241362,0.07990969718,-0.03740146756,-0.00841605477,1
0.1151241362,0.08187973499,-0.03638429195,-0.01263568457,1
0.1151241362,0.08384977281,-0.05110023171,-0.01392799895,1
0.1151241362,0.08581981063,-0.05915989727,-0.008804925717,1
0.1151241362,0.08778984845,-0.06122396886,-4.564197297e-05,1
0.1151241362,0.08975988626,-0.06115330756,0.008924652822,1
0.1151241362,0.09172992408,-0.07277879119,0.007890407927,1
0.1151241362,0.0936999619,-0.07436570525,0.01146635134,1
0.1151241362,0.09567000717,-0.06508682668,0.007791974116,1
0.1151241362,0.09764004499,-0.04661927745,1.78651153e-05,1
0.1151241362,0.09961008281,-0.02590076067,-0.004587859381,1
0.1151241362,0.1015801206,-0.03860478103,-0.005676546134,1
0.1151241362,0.1035501584,-0.03026284836,-0.005320989061,1
0.1151241362,0.1055201963,-0.02536615171,-0.005323859863,1
0.1151241362,0.1074902341,-0.02295261808,-0.003265919164,1
0.1151241362,0.1094602719,-0.02010102943,0.000671809772,1
0.1151241362,0.1114303172,-0.01578815281,-0.004920748994,1
0.1151241362,0.113400355,-0.007798440289,-0.007721202448,1
0.1151241362,0.1153703928,-0.001906369696,-0.006610169075,1
0.1151241362,0.1173404306,0.007251624018,-0.005194095429,1
0.117094174,0.04838907719,4.870387784e-05,0.003057814902,1
0.117094174,0.050359115,-0.0004514540778,0.002220284194,1
0.117094174,0.05232915282,-0.001530432492,0.001875271439,1
0.117094174,0.05429919064,-0.003397298278,0.002559093293,1
0.117094174,0.05626922846,-0.006648067851,0.004901042674,1
0.117094174,0.05823927,-0.008295825683,0.006695395336,1
0.117094174,0.06020930782,-0.01135423873,0.007400095463,1
0.117094174,0.06217934564,-0.01839270815,0.002568987431,1
0.117094174,0.06414938718,-0.02493453026,0.002413430717,2
0.117094174,0.066119425,-0.03394260257,0.004802171141,1
0.117094174,0.06808946282,-0.02676401846,0.007094403263,1
0.117094174,0.07005950063,-0.03131269664,0.006135745905,1
0.117094174,0.07202953845,-0.03614711389,0.008772092871,1
0.117094174,0.07399957627,-0.03861536458,0.002078942023,1
0.117094174,0.07596961409,-0.04043299332,-0.003414705629,1
0.117094174,0.07793965936,-0.04041097313,-0.00468038721,1
0.117094174,0.07990969718,-0.03786531091,-0.00859928038,1
0.117094174,0.08187973499,-0.03883053735,-0.0111328382,1
0.117094174,0.08384977281,-0.04483203962,-0.001338876435,1
0.117094174,0.08581981063,-0.05748834461,-0.005635331385,1
0.117094174,0.08778984845,-0.06118283421,0.0002302267094,1
0.117094174,0.08975988626,-0.06612928212,0.0083715152,1
0.117094174,0.09172992408,-0.07611423731,0.01023217477,1
0.117094174,0.0936999619,-0.07578213513,0.01525670011,1
0.117094174,0.09567000717,-0.0645211786,0.01236634143,1
0.117094174,0.09764004499,-0.03101279959,0.007963220589,1
0.117094174,0.09961008281,-0.02866722643,-0.00232286402,2
0.117094174,0.1015801206,-0.02585875057,-0.01166745089,1
0.117094174,0.1035501584,-0.02067832276,-0.008963237517,1
0.117094174,0.1055201963,-0.01877580583,-0.009457512759,1
0.117094174,0.1074902341,-0.01816933788,-0.006481586024,1
0.117094174,0.1094602719,-0.01477211155,-0.002677063225,1
0.117094174,0.1114303172,-0.01232779119,-0.005298420787,1
0.117094174,0.113400355,-0.008221910335,-0.006737819407,1
0.117094174,0.1153703928,-0.002793647815,-0.00489263935,1
0.117094174,0.1173404306,0.005683367141,-0.002678229706,1
0.1190642118,0.04838907719,-0.001496283803,0.0006302426336,1
0.1190642118,0.050359115,0.0009597720345,0.002173915273,1
0.1190642118,0.05232915282,0.0008624615148,0.00226418674,1
0.1190642118,0.05429919064,0.00159947807,0.002514042659,1
0.1190642118,0.05626922846,-0.0006600745255,0.004235080443,1
0.1190642118,0.05823927,-0.006951278076,0.002250748919,1
0.1190642118,0.06020930782,-0.009761433117,0.0005937151145,1
0.1190642118,0.06217934564,-0.01492609363,-0.004891202785,1
0.1190642118,0.06414938718,-0.02736666985,-0.002315276302,2
0.1190642118,0.066119425,-0.03757977113,-0.002041191561,1
0.1190642118,0.06808946282,-0.03190704435,-0.0003650459694,1
0.1190642118,0.07005950063,-0.03318728879,-0.0006359557738,1
0.1190642118,0.07202953845,-0.03689893708,-0.01212562434,1
0.1190642118,0.07399957627,-0.0381992273,-0.01058962662,1
0.1190642118,0.07596961409,-0.03583801538,-0.009105815552,1
0.1190642118,0.07793965936,-0.03682984784,-0.01306866854,1
0.1190642118,0.07990969718,-0.04348069802,-0.008996389806,1
0.1190642118,0.08187973499,-0.04866762459,-0.00925702136,1
0.1190642118,0.08384977281,-0.04921490327,-0.01280673593,1
0.1190642118,0.08581981063,-0.05252431706,-0.004095525015,1
0.1190642118,0.08778984845,-0.05706677958,0.004216942471,1
0.1190642118,0.08975988626,-0.06191359833,0.01190423127,1
0.1190642118,0.09172992408,-0.06734722853,0.01091331337,1
0.1190642118,0.0936999619,-0.05754732713,0.006691221613,1
0.1190642118,0.09567000717,-0.04366374388,0.005991096143,1
0.1190642118,0.09764004499,-0.03316038474,0.009317992255,1
0.1190642118,0.09961008281,-0.03189660236,-0.0009993662825,2
0.1190642118,0.1015801206,-0.02784266137,-0.0005612851237,1
0.1190642118,0.1035501584,-0.0243201647,0.001434196718,1
0.1190642118,0.1055201963,-0.01937608607,-0.0107946936,1
0.1190642118,0.1074902341,-0.02142730728,-0.006906491704,1
0.1190642118,0.1094602719,-0.01677858643,-0.003608434694,1
0.1190642118,0.1114303172,-0.0126473289,-0.004156946205,1
0.1190642118,0.113400355,-0.007288606837,-0.005364031065,1
0.1190642118,0.1153703928,-0.002747594612,-0.003571777139,1
0.1190642118,0.1173404306,0.001074142638,0.001988715259,1
0.1210342497,0.04838907719,0.002028990537,0.000521001115,1
0.1210342497,0.050359115,0.002149094129,0.0009455050458,1
0.1210342497,0.05232915282,0.002074689604,0.001429399941,1
0.1210342497,0.05429919064,0.003945650533,0.002700141398,1
0.1210342497,0.05626922846,-0.001360344701,0.0008200931479,1
0.1210342497,0.05823927,-0.00537994504,-0.002915717196,1
0.1210342497,0.06020930782,-0.00798184704,-0.003758650273,1
0.1210342497,0.06217934564,-0.01651367173,-0.002159580821,1
0.1210342497,0.06414938718,-0.03202628717,-0.004742140882,1
0.1210342497,0.066119425,-0.03709019721,-0.005968876183,1
0.1210342497,0.06808946282,-0.03684152663,-0.005602071527,1
0.1210342497,0.07005950063,-0.03842039406,-0.005688054487,1
0.1210342497,0.07202953845,-0.03867117688,-0.01030381676,1
0.1210342497,0.07399957627,-0.03611651063,-0.010517505,1
0.1210342497,0.07596961409,-0.03370613605,-0.008385567926,1
0.1210342497,0.07793965936,-0.0383954905,-0.01152985822,1
0.1210342497,0.07990969718,-0.04889764264,-0.00715888897,1
0.1210342497,0.08187973499,-0.05154431984,-0.006785914768,1
0.1210342497,0.08384977281,-0.04116108268,-0.00535825314,1
0.1210342497,0.08581981063,-0.0474918671,-0.0009543411434,1
0.1210342497,0.08778984845,-0.05256561562,0.006959628314,1
0.1210342497,0.08975988626,-0.05817495286,0.01464916673,1
0.1210342497,0.09172992408,-0.05654892698,0.008768079802,1
0.1210342497,0.0936999619,-0.04815943167,0.005289124791,1
0.1210342497,0.09567000717,-0.04039578885,0.004997154232,1
0.1210342497,0.09764004499,-0.03858250752,0.00100690301,1
0.1210342497,0.09961008281,-0.03791613877,-0.0104313083,1
0.1210342497,0.1015801206,-0.03653462231,0.006882231683,1
0.1210342497,0.1035501584,-0.03412028402,0.00954797212,1
0.1210342497,0.1055201963,-0.03170749918,0.003265800187,1
0.1210342497,0.1074902341,-0.03024156392,-0.004116799217,1
0.1210342497,0.1094602719,-0.02478161268,-0.002076125937,1
0.1210342497,0.1114303172,-0.01505292486,-0.0007228360628,1
0.1210342497,0.113400355,-0.006905315444,-0.003748517251,1
0.1210342497,0.1153703928,-0.002087560715,-0.002030929551,1
0.1210342497,0.1173404306,-0.0002848651493,0.00420676358,1
0.1230042875,0.04838907719,-0.000464945042,0.002686834894,1
0.1230042875,0.050359115,0.001960921334,0.0005012769834,1
0.1230042875,0.05232915282,0.002736879978,0.0009729114827,1
0.1230042875,0.05429919064,0.002446447965,0.002354058204,1
0.1230042875,0.05626922846,-0.001417066669,0.004130312707,1
0.1230042875,0.05823927,-0.006488404702,0.001200303319,1
0.1230042875,0.06020930782,-0.007348514628,-0.0005786145339,1
0.1230042875,0.06217934564,-0.01614260115,-0.001815549098,1
0.1230042875,0.06414938718,-0.03153222799,-0.006021566689,1
0.1230042875,0.066119425,-0.0371796228,-0.009770834818,1
0.1230042875,0.06808946282,-0.03996386379,-0.006971718743,1
0.1230042875,0.07005950063,-0.04366171733,-0.004451541696,1
0.1230042875,0.07202953845,-0.04116213694,-0.00425873138,1
0.1230042875,0.07399957627,-0.03670312837,-0.006270514335,1
0.1230042875,0.07596961409,-0.03848886117,-0.00501153199,1
0.1230042875,0.07793965936,-0.04257055372,-0.0115980627,1
0.1230042875,0.07990969718,-0.04952444136,-0.007755635772,1
0.1230042875,0.08187973499,-0.04979186878,-0.005608003121,1
0.1230042875,0.08384977281,-0.03582975268,-0.00133507885,1
0.1230042875,0.08581981063,-0.0411865972,7.973218453e-05,1
0.1230042875,0.08778984845,-0.0419463329,0.011293157,1
0.1230042875,0.08975988626,-0.04882602021,0.01846182905,1
0.1230042875,0.09172992408,-0.05092216656,0.01057029422,1
0.1230042875,0.0936999619,-0.04469810426,0.006986656692,1
0.1230042875,0.09567000717,-0.04107672349,0.008073990233,1
0.1230042875,0.09764004499,-0.04068183899,0.005636918824,1
0.1230042875,0.09961008281,-0.04337355122,4.790980529e-05,1
0.1230042875,0.1015801206,-0.04141698778,0.007663239259,2
0.1230042875,0.1035501584,-0.0398628898,0.01303258352,1
0.1230042875,0.1055201963,-0.03563537821,0.01379038859,1
0.1230042875,0.1074902341,-0.03280155733,0.01009646524,2
0.1230042875,0.1094602719,-0.03050984256,0.01481481921,1
0.1230042875,0.1114303172,-0.01713245735,0.01172725111,1
0.1230042875,0.113400355,-0.006605828647,0.00410488341,1
0.1230042875,0.1153703928,0.003632764798,-0.0006860336871,1
0.1230042875,0.1173404306,-0.004446557257,0.003704560921,1
0.1249743327,0.04838907719,0.0004748944193,0.0002252804115,1
0.1249743327,0.050359115,0.001969581936,0.001085195923,1
0.1249743327,0.05232915282,0.00583620742,0.002478496637,1
0.1249743327,0.05429919064,0.005284463055,0.00314280577,1
0.1249743327,0.05626922846,0.001779335784,0.009658950381,1
0.1249743327,0.05823927,-0.004058150575,0.008427468129,1
0.1249743327,0.06020930782,-0.01263720449,-0.00484370999,1
0.1249743327,0.06217934564,-0.02283248492,-0.005857398268,1
0.1249743327,0.06414938718,-0.04044196755,-0.00985085126,1
0.1249743327,0.066119425,-0.04240062088,-0.008893734775,1
0.1249743327,0.06808946282,-0.0452060774,-0.007962029427,1
0.1249743327,0.07005950063,-0.04640705511,-0.006084389985,1
0.1249743327,0.07202953845,-0.04196587577,-0.003566625994,1
0.1249743327,0.07399957627,-0.03473647684,-0.006415806711,1
0.1249743327,0.07596961409,-0.03669212759,-0.003466672497,1
0.1249743327,0.07793965936,-0.03826360404,-0.005238449667,1
0.1249743327,0.07990969718,-0.04204745218,-0.007550299633,1
0.1249743327,0.08187973499,-0.0473343581,-0.01135985367,1
0.1249743327,0.08384977281,-0.04772123694,0.0008728098474,1
0.1249743327,0.08581981063,-0.04184793308,-0.007262227125,1
0.1249743327,0.08778984845,-0.03603040054,0.009733917192,1
0.1249743327,0.08975988626,-0.03671635315,0.0150458226,1
0.1249743327,0.09172992408,-0.03808371723,0.01168397255,1
0.1249743327,0.0936999619,-0.03490392119,0.009055721574,1
0.1249743327,0.09567000717,-0.04032889009,0.008341745473,1
0.1249743327,0.09764004499,-0.04807357863,0.008776892908,1
0.1249743327,0.09961008281,-0.04868799075,0.00634183595,2
0.1249743327,0.1015801206,-0.0458968915,0.01069023274,1
0.1249743327,0.1035501584,-0.04175703228,0.01232453063,1
0.1249743327,0.1055201963,-0.04002767056,0.01888348721,1
0.1249743327,0.1074902341,-0.0348194465,0.01589745283,1
0.1249743327,0.1094602719,-0.02704723179,0.0150852818,3
0.1249743327,0.1114303172,-0.01239176188,0.009619743563,1
0.1249743327,0.113400355,-0.005313610658,0.006570105441,1
0.1249743327,0.1153703928,0.004214074463,-0.0002920248953,1
0.1249743327,0.1173404306,-0.001961371396,0.001907873782,2
0.1269443631,0.04838907719,-0.002505644457,-0.001202441752,1
0.1269443631,0.050359115,0.006478223018,0.001065160264,1
0.1269443631,0.05232915282,0.008494257927,0.003041080199,1
0.1269443631,0.05429919064,0.005296047777,0.005255980883,1
0.1269443631,0.05626922846,0.002366638277,0.008655940183,1
0.1269443631,0.05823927,-0.006791084539,0.006601755973,1
0.1269443631,0.06020930782,-0.02004782856,-0.004585198127,1
0.1269443631,0.06217934564,-0.03224057332,-0.007882457227,1
0.1269443631,0.06414938718,-0.04226791486,-0.01463930402,1
0.1269443631,0.066119425,-0.04558795691,-0.01209017541,1
0.1269443631,0.06808946282,-0.04694673046,-0.006398316473,1
0.1269443631,0.07005950063,-0.04691056162,-0.006207462866,1
0.1269443631,0.07202953845,-0.0413993299,-0.005723834969,1
0.1269443631,0.07399957627,-0.03897815943,-0.004919413012,1
0.1269443631,0.07596961409,-0.04016595706,-0.001937414636,1
0.1269443631,0.07793965936,-0.03686774895,-0.001505861524,1
0.1269443631,0.07990969718,-0.04081356898,-0.005753167439,1
0.1269443631,0.08187973499,-0.0391546078,-0.005595974624,1
0.1269443631,0.08384977281,-0.02919957042,-0.0003147811512,1
0.1269443631,0.08581981063,-0.03730501607,-0.003251306247,1
0.1269443631,0.08778984845,-0.03154763952,0.003604194615,1
0.1269443631,0.08975988626,-0.0294981692,0.01183250919,1
0.1269443631,0.09172992408,-0.0331511572,0.01405445486,1
0.1269443631,0.0936999619,-0.03481566906,0.008050952107,1
0.1269443631,0.09567000717,-0.04022510722,0.008073077537,1
0.1269443631,0.09764004499,-0.05236398429,0.01047417615,1
0.1269443631,0.09961008281,-0.05740794539,0.005852308124,1
0.1269443631,0.1015801206,-0.04763332754,0.004610296339,1
0.1269443631,0.1035501584,-0.04415883124,0.001475425437,1
0.1269443631,0.1055201963,-0.03880997747,0.01512127183,1
0.1269443631,0.1074902341,-0.03182446212,0.003953611944,1
0.1269443631,0.1094602719,-0.0187685322,-0.002162670717,3
0.1269443631,0.1114303172,-0.01121125091,0.005056674592,2
0.1269443631,0.113400355,-0.004471237306,0.003728825366,1
0.1269443631,0.1153703928,-0.0120905675,0.005405708682,1
0.1269443631,0.1173404306,-0.005651631858,0.002311085584,2
0.1289144009,0.04838907719,0.001074073021,0.004759264644,1
0.1289144009,0.050359115,0.01183441095,0.003547108267,1
0.1289144009,0.05232915282,0.005137135275,0.0003528668312,1
0.1289144009,0.05429919064,0.001707722899,0.006155478768,1
0.1289144009,0.05626922846,0.007741834968,0.01401032414,1
0.1289144009,0.05823927,-0.002866369672,0.006991777569,1
0.1289144009,0.06020930782,-0.01699234359,0.002791102277,1
0.1289144009,0.06217934564,-0.03763517365,-0.003883637721,1
0.1289144009,0.06414938718,-0.04245499894,-0.01539402734,1
0.1289144009,0.066119425,-0.04389388487,-0.01783303544,1
0.1289144009,0.06808946282,-0.04568288475,-0.001720018336,1
0.1289144009,0.07005950063,-0.0472220853,-0.00645693345,1
0.1289144009,0.07202953845,-0.04284209386,-0.005022287834,1
0.1289144009,0.07399957627,-0.04162699357,-0.002664503176,1
0.1289144009,0.07596961409,-0.04494239017,-0.001239242265,1
0.1289144009,0.07793965936,-0.04554400966,-0.007911156863,1
0.1289144009,0.07990969718,-0.04507318139,-0.008399345912,1
0.1289144009,0.08187973499,-0.0334821865,-0.001295355265,1
0.1289144009,0.08384977281,-0.03223602101,0.00177838013,2
0.1289144009,0.08581981063,-0.03294193372,0.001128264121,1
0.1289144009,0.08778984845,-0.03019011579,0.003517333185,1
0.1289144009,0.08975988626,-0.02806445584,0.01239894703,1
0.1289144009,0.09172992408,-0.03477603197,0.01391201839,1
0.1289144009,0.0936999619,-0.03789290413,0.01294310577,1
0.1289144009,0.09567000717,-0.03860125318,0.005851414986,1
0.1289144009,0.09764004499,-0.05339137465,0.01082268264,1
0.1289144009,0.09961008281,-0.06361740828,0.007594035938,1
0.1289144009,0.1015801206,-0.06083022058,0.001183571876,1
0.1289144009,0.1035501584,-0.04719658941,-0.0006964716595,1
0.1289144009,0.1055201963,-0.03030534461,0.0007214735379,1
0.1289144009,0.1074902341,-0.024565503,-0.002512685023,1
0.1289144009,0.1094602719,-0.01245113276,-0.002485239878,1
0.1289144009,0.1114303172,-0.009213472717,0.009040798992,1
0.1289144009,0.113400355,-0.005604805425,0.006749841385,1
0.1289144009,0.1153703928,-0.003389094491,0.0009817084065,1
0.1289144009,0.1173404306,-0.002902955981,-0.0003803258587,1
0.1308844388,0.04838907719,0.00767539395,0.007329958025,1
0.1308844388,0.050359115,0.01381958276,0.001937531051,1
0.1308844388,0.05232915282,0.007368166465,0.0005986755132,1
0.1308844388,0.05429919064,0.001843456179,6.755538925e-05,1
0.1308844388,0.05626922846,-0.004770908505,0.0009540171595,1
0.1308844388,0.05823927,-0.01283772662,0.001813582028,1
0.1308844388,0.06020930782,-0.02489727363,0.001196231693,1
0.1308844388,0.06217934564,-0.03218859062,-0.001699577901,1
0.1308844388,0.06414938718,-0.03715940565,-0.007138688583,1
0.1308844388,0.066119425,-0.04160126299,-0.01080441196,1
0.1308844388,0.06808946282,-0.04403777421,-0.002008810872,1
0.1308844388,0.07005950063,-0.04407827556,-0.004555079155,1
0.1308844388,0.07202953845,-0.04243301228,-0.003483212553,1
0.1308844388,0.07399957627,-0.04116319492,-0.001093550469,1
0.1308844388,0.07596961409,-0.04210243747,-6.219053466e-05,1
0.1308844388,0.07793965936,-0.0427269116,0.001948793186,1
0.1308844388,0.07990969718,-0.042715922,0.003016550792,1
0.1308844388,0.08187973499,-0.03953794017,0.009076927789,1
0.1308844388,0.08384977281,-0.03332039714,0.007595392875,1
0.1308844388,0.08581981063,-0.03904669732,0.006236448884,1
0.1308844388,0.08778984845,-0.04020927101,0.006744375452,1
0.1308844388,0.08975988626,-0.0445641242,0.006221020129,1
0.1308844388,0.09172992408,-0.04923995584,0.003417726839,1
0.1308844388,0.0936999619,-0.04581785202,0.01753078774,1
0.1308844388,0.09567000717,-0.04668238387,0.01935747638,1
0.1308844388,0.09764004499,-0.05078380555,0.01749628596,1
0.1308844388,0.09961008281,-0.05377819017,0.008113364689,2
0.1308844388,0.1015801206,-0.05284289271,0.002364107175,2
0.1308844388,0.1035501584,-0.05028919131,-0.0006661760854,1
0.1308844388,0.1055201963,-0.03015020303,-0.000195532848,1
0.1308844388,0.1074902341,-0.01257531904,-0.001997771673,1
0.1308844388,0.1094602719,-0.00134866999,-0.001731389668,1
0.1308844388,0.1114303172,-0.000805982796,0.0006694272161,1
0.1308844388,0.113400355,-0.001347651472,0.0008485222352,1
0.1308844388,0.1153703928,-0.005307296757,-0.003073561937,1
0.1308844388,0.1173404306,-0.0001012077992,-0.003041605931,1
0.1328544915,0.04838907719,-0.01042625494,-0.006685308181,1
0.1328544915,0.050359115,0.01270918176,0.004123379476,1
0.1328544915,0.05232915282,0.01438719127,0.006073769648,1
0.1328544915,0.05429919064,0.004874810111,0.002027000068,1
0.1328544915,0.05626922846,-0.004240909126,-0.0008281999617,2
0.1328544915,0.05823927,-0.01672007889,-0.002601535525,2
0.1328544915,0.06020930782,-0.03389721364,-0.008670008741,1
0.1328544915,0.06217934564,-0.02995457128,-0.002111679874,1
0.1328544915,0.06414938718,-0.03109586425,0.001985894982,1
0.1328544915,0.066119425,-0.04124773666,-0.002554172184,1
0.1328544915,0.06808946282,-0.04013189301,0.001568533597,1
0.1328544915,0.07005950063,-0.04014182836,0.004798661452,1
0.1328544915,0.07202953845,-0.04111371189,0.005849831272,1
0.1328544915,0.07399957627,-0.04169179127,0.003310049651,1
0.1328544915,0.07596961409,-0.04242576659,0.002200146671,1
0.1328544915,0.07793965936,-0.04399939999,0.007295160554,1
0.1328544915,0.07990969718,-0.04674735293,0.01051032543,1
0.1328544915,0.08187973499,-0.04279988632,-0.007933930494,1
0.1328544915,0.08384977281,-0.04306777939,-0.01025724038,1
0.1328544915,0.08581981063,-0.04421306029,-0.0008244026685,1
0.1328544915,0.08778984845,-0.03618998826,0.012390038,1
0.1328544915,0.08975988626,-0.04277610406,0.006494134665,1
0.1328544915,0.09172992408,-0.04681456834,-0.0004498412891,1
0.1328544915,0.0936999619,-0.04881104827,0.009863110259,1
0.1328544915,0.09567000717,-0.0488963984,0.01112904307,1
0.1328544915,0.09764004499,-0.04522078484,0.008344141766,1
0.1328544915,0.09961008281,-0.04786865041,0.00499902945,2
0.1328544915,0.1015801206,-0.04647396877,0.0008256688598,2
0.1328544915,0.1035501584,-0.04036793858,0.001147200703,2
0.1328544915,0.1055201963,-0.0291432403,0.003469490679,1
0.1328544915,0.1074902341,-0.009178753942,-0.002295448445,1
0.1328544915,0.1094602719,0.001090984209,-0.0007925665705,1
0.1328544915,0.1114303172,0.0008078935207,-0.0002222502953,1
0.1328544915,0.113400355,-0.0006974294083,-0.0008593846578,1
0.1328544915,0.1153703928,0.002398889046,-0.002538612345,1
0.1328544915,0.1173404306,0.001707546064,-0.002294066362,2
0.1348245293,0.04838907719,-0.002318874467,-0.001567779109,2
0.1348245293,0.050359115,0.00544336671,0.001961583272,1
0.1348245293,0.05232915282,0.01349736005,0.01064144447,1
0.1348245293,0.05429919064,0.009737050161,0.003268733853,1
0.1348245293,0.05626922846,-0.0003474590485,-0.003692281432,1
0.1348245293,0.05823927,-0.01590446942,-0.00272151595,2
0.1348245293,0.06020930782,-0.02869346552,-0.005221054889,2
0.1348245293,0.06217934564,-0.0342381075,-0.004657907877,1
0.1348245293,0.06414938718,-0.03499212116,0.001494908938,1
0.1348245293,0.066119425,-0.03712115064,0.00236142613,1
0.1348245293,0.06808946282,-0.03755648434,0.003201600397,1
0.1348245293,0.07005950063,-0.04022556543,0.01064905245,1
0.1348245293,0.07202953845,-0.04234598577,0.01369380672,1
0.1348245293,0.07399957627,-0.04521066323,0.01204617228,1
0.1348245293,0.07596961409,-0.04073362052,0.008663702756,1
0.1348245293,0.07793965936,-0.04189146683,0.004185551777,1
0.1348245293,0.07990969718,-0.04491841793,0.002496344503,1
0.1348245293,0.08187973499,-0.0457239449,-0.00655728858,1
0.1348245293,0.08384977281,-0.0487886481,-0.009845260531,1
0.1348245293,0.08581981063,-0.05788583308,-0.005305624101,1
0.1348245293,0.08778984845,-0.04390052333,0.0005613309331,1
0.1348245293,0.08975988626,-0.03640281036,-0.00092518772,1
0.1348245293,0.09172992408,-0.04477481544,0.00198035175,1
0.1348245293,0.0936999619,-0.05017140508,0.004250611179,1
0.1348245293,0.09567000717,-0.04882847145,0.005949077662,1
0.1348245293,0.09764004499,-0.04524624348,0.008454877883,1
0.1348245293,0.09961008281,-0.04600165784,0.002712941729,1
0.1348245293,0.1015801206,-0.04481639341,-0.005207662005,1
0.1348245293,0.1035501584,-0.03556534648,0.000959819241,2
0.1348245293,0.1055201963,-0.02304028533,0.008442951366,1
0.1348245293,0.1074902341,-0.01111544948,0.007145168725,1
0.1348245293,0.1094602719,-0.002907614224,0.004278526641,1
0.1348245293,0.1114303172,0.002302563516,0.002427068306,1
0.1348245293,0.113400355,0.002047760412,0.0004886225797,1
0.1348245293,0.1153703928,0.003610365558,-0.0004081493535,1
0.1348245293,0.1173404306,0.002824956784,-0.00130198081,1
0.1367945671,0.04838907719,-0.001973734936,2.03878335e-05,2
0.1367945671,0.050359115,-0.003734669648,-0.003015578724,1
0.1367945671,0.05232915282,0.0141697498,0.01192063838,1
0.1367945671,0.05429919064,0.01282990817,0.00877662003,1
0.1367945671,0.05626922846,0.001478648628,0.005982835777,1
0.1367945671,0.05823927,-0.01785688102,0.000628808164,1
0.1367945671,0.06020930782,-0.03073406778,-0.004834786989,1
0.1367945671,0.06217934564,-0.03273960203,-0.002544265706,1
0.1367945671,0.06414938718,-0.03418456763,0.001044629724,1
0.1367945671,0.066119425,-0.03917347267,0.002404706087,1
0.1367945671,0.06808946282,-0.03972385079,0.00282013882,1
0.1367945671,0.07005950063,-0.0433090888,0.007241496816,1
0.1367945671,0.07202953845,-0.04534067586,0.008262937889,1
0.1367945671,0.07399957627,-0.04513115436,0.002661715262,1
0.1367945671,0.07596961409,-0.04350984097,-0.0009929230437,1
0.1367945671,0.07793965936,-0.04169816151,0.0007817600854,1
0.1367945671,0.07990969718,-0.04677599669,0.001630561892,1
0.1367945671,0.08187973499,-0.05126310512,0.001289980486,1
0.1367945671,0.08384977281,-0.05426774174,-0.001065459219,1
0.1367945671,0.08581981063,-0.06240530312,-0.007687303238,1
0.1367945671,0.08778984845,-0.05162130296,-0.01236167736,1
0.1367945671,0.08975988626,-0.03053320944,-0.004251454026,1
0.1367945671,0.09172992408,-0.03552673757,0.001476917416,1
0.1367945671,0.0936999619,-0.05293621123,0.01165101957,1
0.1367945671,0.09567000717,-0.04514411837,0.01448700577,1
0.1367945671,0.09764004499,-0.0428372696,0.01276127994,1
0.1367945671,0.09961008281,-0.04231048003,-0.0005074904184,1
0.1367945671,0.1015801206,-0.0406174995,-0.002746245125,2
0.1367945671,0.1035501584,-0.03403677419,-0.0005432135076,2
0.1367945671,0.1055201963,-0.02060178854,-0.0005845483392,1
0.1367945671,0.1074902341,-0.01013982017,0.0001644535369,1
0.1367945671,0.1094602719,-0.004981875885,-0.0001598662493,1
0.1367945671,0.1114303172,2.563662019e-05,-0.002154154936,1
0.1367945671,0.113400355,0.001223954256,-0.0003362738935,1
0.1367945671,0.1153703928,0.0008616435225,0.000464239798,1
0.1367945671,0.1173404306,-0.001948115416,-0.0004494042369,1
0.1387646049,0.04838907719,0.000132339148,0.004644521512,2
0.1387646049,0.050359115,0.002972757211,0.00426115701,1
0.1387646049,0.05232915282,0.01044841018,0.009888082743,1
0.1387646049,0.05429919064,0.007752416655,0.01050724927,1
0.1387646049,0.05626922846,0.002301997505,0.02131449617,1
0.1387646049,0.05823927,-0.01499926113,0.009409423918,1
0.1387646049,0.06020930782,-0.02573425323,0.004883500282,1
0.1387646049,0.06217934564,-0.02931338549,0.001699672546,1
0.1387646049,0.06414938718,-0.03597900271,6.457869313e-05,1
0.1387646049,0.066119425,-0.03928774968,-0.0001780093444,1
0.1387646049,0.06808946282,-0.03604817763,0.008014789782,1
0.1387646049,0.07005950063,-0.03613356501,0.007681041956,1
0.1387646049,0.07202953845,-0.04186177999,-0.0007909431006,1
0.1387646049,0.07399957627,-0.04404580966,-0.005029554479,1
0.1387646049,0.07596961409,-0.04317913949,-0.007999191061,1
0.1387646049,0.07793965936,-0.03411004692,-0.003486148547,1
0.1387646049,0.07990969718,-0.04977973923,0.001688360237,1
0.1387646049,0.08187973499,-0.05469268933,0.002700781217,1
0.1387646049,0.08384977281,-0.06239312887,0.001992840087,1
0.1387646049,0.08581981063,-0.06125679985,-0.006336067338,1
0.1387646049,0.08778984845,-0.04127305374,-0.01147700567,1
0.1387646049,0.08975988626,-0.02774801292,-0.01235096436,1
0.1387646049,0.09172992408,-0.03005250357,-0.003691325197,1
0.1387646049,0.0936999619,-0.04781578109,0.01233104244,1
0.1387646049,0.09567000717,-0.04581674188,0.01705703884,1
0.1387646049,0.09764004499,-0.04303769395,0.01174257137,1
0.1387646049,0.09961008281,-0.04267141595,-4.010230259e-05,1
0.1387646049,0.1015801206,-0.04130634665,-0.004726614803,1
0.1387646049,0.1035501584,-0.0393624641,0.0001981202658,1
0.1387646049,0.1055201963,-0.02423763648,-0.0008520642878,1
0.1387646049,0.1074902341,-0.00674705347,-0.001208997099,1
0.1387646049,0.1094602719,-0.003218939761,-0.00387674477,1
0.1387646049,0.1114303172,-0.005187822971,-0.007041651756,1
0.1387646049,0.113400355,-0.001919908915,-0.003949104808,1
0.1387646049,0.1153703928,0.002926844871,-0.001032754895,1
0.1387646049,0.1173404306,0.001652487088,-0.0002719948825,1
0.1407346427,0.04838907719,-0.0006020048168,0.009652019478,1
0.1407346427,0.050359115,0.002410505898,0.008854892105,1
0.1407346427,0.05232915282,0.003678284818,0.00885333959,1
0.1407346427,0.05429919064,0.0009400752606,0.008687564172,1
0.1407346427,0.05626922846,-0.002476198599,0.01267377473,1
0.1407346427,0.05823927,-0.01210378204,0.009179335088,1
0.1407346427,0.06020930782,-0.01968733966,0.006732175592,1
0.1407346427,0.06217934564,-0.03110798635,0.003574283328,1
0.1407346427,0.06414938718,-0.03643806279,0.0008126143366,1
0.1407346427,0.066119425,-0.03935134038,5.442596739e-05,1
0.1407346427,0.06808946282,-0.04041284695,0.00830911845,1
0.1407346427,0.07005950063,-0.04249930382,0.002978773322,1
0.1407346427,0.07202953845,-0.04121656716,-0.002322009997,1
0.1407346427,0.07399957627,-0.03838904575,-0.008182727732,1
0.1407346427,0.07596961409,-0.02967898361,-0.0115054287,1
0.1407346427,0.07793965936,-0.03036318347,-0.008630669676,1
0.1407346427,0.07990969718,-0.06019357592,-0.01019391418,1
0.1407346427,0.08187973499,-0.06289082766,-0.001824846724,1
0.1407346427,0.08384977281,-0.06842909008,0.007451845799,1
0.1407346427,0.08581981063,-0.06073148921,0.002757981187,1
0.1407346427,0.08778984845,-0.03308508173,-0.006987183355,1
0.1407346427,0.08975988626,-0.03013120778,-0.00780701451,1
0.1407346427,0.09172992408,-0.02925752476,-0.005401977338,1
0.1407346427,0.0936999619,-0.06724584848,-0.01619240455,1
0.1407346427,0.09567000717,-0.07131291181,-0.003689604579,1
0.1407346427,0.09764004499,-0.05315711722,0.003504332853,2
0.1407346427,0.09961008281,-0.03493533656,0.001927555306,1
0.1407346427,0.1015801206,-0.04016486183,-0.003381480929,1
0.1407346427,0.1035501584,-0.03774733469,-0.002145742299,1
0.1407346427,0.1055201963,-0.02493149042,-0.001972401747,1
0.1407346427,0.1074902341,-0.006930901669,-0.005745801609,1
0.1407346427,0.1094602719,-0.002482955111,-0.007547439076,1
0.1407346427,0.1114303172,-0.004662898835,-0.005904304795,1
0.1407346427,0.113400355,-0.004670550115,-0.0037349083,1
0.1407346427,0.1153703928,-0.0007766361814,-0.001334903529,1
0.1407346427,0.1173404306,0.003627758473,0.001202914049,1
0.1427046806,0.04838907719,0.0007644942962,0.003998117521,1
0.1427046806,0.050359115,-0.001018811716,0.007351825014,1
0.1427046806,0.05232915282,0.001858608332,0.01034585293,1
0.1427046806,0.05429919064,3.453224417e-05,0.008127474226,1
0.1427046806,0.05626922846,-0.003699194174,0.005490469746,1
0.1427046806,0.05823927,-0.007843129337,0.002709626686,1
0.1427046806,0.06020930782,-0.01597788371,-0.0009037373238,1
0.1427046806,0.06217934564,-0.02302491851,0.001552016824,1
0.1427046806,0.06414938718,-0.03064344265,0.002585286275,1
0.1427046806,0.066119425,-0.04227251559,0.008629729971,1
0.1427046806,0.06808946282,-0.0415613167,0.003362875897,2
0.1427046806,0.07005950063,-0.04609474167,-0.008841146715,1
0.1427046806,0.07202953845,-0.04028788954,-0.01279168483,1
0.1427046806,0.07399957627,-0.03400976211,-0.01107896771,1
0.1427046806,0.07596961409,-0.02978566848,-0.019803036,1
0.1427046806,0.07793965936,-0.04233689979,-0.004429483786,3
0.1427046806,0.07990969718,-0.05311001837,-0.003251694841,3
0.1427046806,0.08187973499,-0.03630651534,0.00404787017,1
0.1427046806,0.08384977281,-0.04581133649,0.005322273821,2
0.1427046806,0.08581981063,-0.04458415881,0.002419044962,1
0.1427046806,0.08778984845,-0.0351555869,-0.003443404334,1
0.1427046806,0.08975988626,-0.03456557915,-7.738985005e-05,1
0.1427046806,0.09172992408,-0.04102613032,0.002713837428,1
0.1427046806,0.0936999619,-0.06316372752,-0.02071752399,1
0.1427046806,0.09567000717,-0.06809595227,-0.00570912566,2
0.1427046806,0.09764004499,-0.06334253401,0.004036810249,1
0.1427046806,0.09961008281,-0.04738455266,0.007350218948,1
0.1427046806,0.1015801206,-0.04345707968,0.001559827244,1
0.1427046806,0.1035501584,-0.03042840399,-0.0008742053178,1
0.1427046806,0.1055201963,-0.01632806472,-0.001755520934,1
0.1427046806,0.1074902341,-0.008717698045,-0.003545435844,1
0.1427046806,0.1094602719,-0.001396048465,-0.005799295381,1
0.1427046806,0.1114303172,-0.0009869280038,-0.003897924442,1
0.1427046806,0.113400355,-0.002924077213,-0.001782187261,1
0.1427046806,0.1153703928,-0.002113937866,-0.002966796281,1
0.1427046806,0.1173404306,0.0006154303555,-0.002262247493,1
0.1446747184,0.04838907719,-0.002244629664,-0.0006483971374,1
0.1446747184,0.050359115,-0.000323544431,0.006767620798,1
0.1446747184,0.05232915282,0.00191050407,0.01002961863,1
0.1446747184,0.05429919064,1.294939921e-05,0.007242595311,1
0.1446747184,0.05626922846,-0.003149886848,0.003705896903,1
0.1446747184,0.05823927,-0.005436460022,-0.001363019226,1
0.1446747184,0.06020930782,-0.01196952816,-0.004342539236,1
0.1446747184,0.06217934564,-0.0180022791,-0.002958782949,1
0.1446747184,0.06414938718,-0.02616215311,0.002679527737,1
0.1446747184,0.066119425,-0.03734305874,0.007655390538,1
0.1446747184,0.06808946282,-0.03746515885,0.005353801884,2
0.1446747184,0.07005950063,-0.03170862049,0.007588062901,1
0.1446747184,0.07202953845,-0.0318528749,-0.0004302243178,1
0.1446747184,0.07399957627,-0.03676962852,-0.008813933469,1
0.1446747184,0.07596961409,-0.03306757659,-0.01843943447,1
0.1446747184,0.07793965936,-0.04153301939,-0.001786724664,1
0.1446747184,0.07990969718,-0.04729679599,0.002806908917,1
0.1446747184,0.08187973499,-0.03827128932,0.002875557635,1
0.1446747184,0.08384977281,-0.03392558172,0.00737033505,1
0.1446747184,0.08581981063,-0.04485905543,0.004155440256,1
0.1446747184,0.08778984845,-0.04569605738,0.003471382894,1
0.1446747184,0.08975988626,-0.05978683755,0.01490439475,1
0.1446747184,0.09172992408,-0.06255168468,0.01182423811,1
0.1446747184,0.0936999619,-0.06749989092,-0.0001759591541,2
0.1446747184,0.09567000717,-0.07456463575,-0.002466183621,2
0.1446747184,0.09764004499,-0.07587143034,-0.008147713728,1
0.1446747184,0.09961008281,-0.06826957315,0.009785205126,1
0.1446747184,0.1015801206,-0.0464992933,0.008651165292,1
0.1446747184,0.1035501584,-0.02848370932,0.002329729265,1
0.1446747184,0.1055201963,-0.01405410375,-0.0003734506026,1
0.1446747184,0.1074902341,-0.006223557983,-0.001393425744,1
0.1446747184,0.1094602719,-0.000850189419,-0.003470906056,1
0.1446747184,0.1114303172,-0.0004447298415,-0.003405381693,1
0.1446747184,0.113400355,-0.000709380256,-0.003033959772,1
0.1446747184,0.1153703928,-0.002210037084,-0.00377661502,1
0.1446747184,0.1173404306,4.657200407e-06,-0.00241784961,1
0.1466447562,0.04838907719,-0.002853137674,0.001976515632,1
0.1466447562,0.050359115,0.00224233605,0.008046593517,1
0.1466447562,0.05232915282,0.002884335583,0.007972368971,1
0.1466447562,0.05429919064,0.0006132498966,0.007026507985,1
0.1466447562,0.05626922846,-0.002946322784,0.005557724275,1
0.1466447562,0.05823927,-0.005266753025,-0.00231030141,1
0.1466447562,0.06020930782,-0.0104328692,-0.004690139089,1
0.1466447562,0.06217934564,-0.01593151502,-0.002999118064,1
0.1466447562,0.06414938718,-0.02222699113,0.0009852604708,1
0.1466447562,0.066119425,-0.03308114037,0.00256535341,1
0.1466447562,0.06808946282,-0.0392476432,0.002808877733,1
0.1466447562,0.07005950063,-0.0288720727,0.002762949327,1
0.1466447562,0.07202953845,-0.0290236678,0.002644559601,1
0.1466447562,0.07399957627,-0.04227246717,-0.004184591118,1
0.1466447562,0.07596961409,-0.04367442802,-0.007160162088,1
0.1466447562,0.07793965936,-0.0417393744,0.008607668802,1
0.1466447562,0.07990969718,-0.05044041201,0.00335182366,1
0.1466447562,0.08187973499,-0.04332391545,0.006943895016,1
0.1466447562,0.08384977281,-0.04605193436,0.006164790597,1
0.1466447562,0.08581981063,-0.04787165672,0.003279386554,1
0.1466447562,0.08778984845,-0.05109576881,0.001967476681,1
0.1466447562,0.08975988626,-0.06514756382,0.01261731982,1
0.1466447562,0.09172992408,-0.06120560691,0.01283060573,1
0.1466447562,0.0936999619,-0.06971953064,0.01065563224,1
0.1466447562,0.09567000717,-0.08679125458,0.004168063402,1
0.1466447562,0.09764004499,-0.0793254748,-0.01196342707,1
0.1466447562,0.09961008281,-0.07517062128,-0.002668614965,1
0.1466447562,0.1015801206,-0.03733151406,0.00180145679,1
0.1466447562,0.1035501584,-0.0264571812,-0.005153946113,2
0.1466447562,0.1055201963,-0.0137081584,-0.00446299836,2
0.1466447562,0.1074902341,-0.003020767123,-0.003258104203,1
0.1466447562,0.1094602719,-0.0008708516834,-0.0039534471,1
0.1466447562,0.1114303172,-0.0003516601573,-0.004489253741,1
0.1466447562,0.113400355,-0.0003169978736,-0.004113865085,1
0.1466447562,0.1153703928,-0.001903248951,-0.00241260347,1
0.1466447562,0.1173404306,0.001110960729,0.002626523376,1
0.148614794,0.04838907719,-0.003608887549,0.002258466557,1
0.148614794,0.050359115,0.001045786543,0.00667551253,1
0.148614794,0.05232915282,0.001321138116,0.006723391823,1
0.148614794,0.05429919064,0.0006032684469,0.005600008648,1
0.148614794,0.05626922846,-0.001340554212,0.005108219106,1
0.148614794,0.05823927,-0.003476812504,0.005657526664,1
0.148614794,0.06020930782,-0.008651106618,-0.001013374887,1
0.148614794,0.06217934564,-0.01419597305,0.000226282049,1
0.148614794,0.06414938718,-0.02356414497,0.003574235132,1
0.148614794,0.066119425,-0.03071359359,0.003740864107,1
0.148614794,0.06808946282,-0.03314156085,0.00396154495,1
0.148614794,0.07005950063,-0.05059190094,-0.001354775508,1
0.148614794,0.07202953845,-0.04297461733,-0.0003566167434,1
0.148614794,0.07399957627,-0.0452124849,0.01072496083,1
0.148614794,0.07596961409,-0.04663324356,0.00494545605,2
0.148614794,0.07793965936,-0.04944159091,0.01014802232,2
0.148614794,0.07990969718,-0.04724007472,0.01352796424,2
0.148614794,0.08187973499,-0.04062871262,0.01135102939,2
0.148614794,0.08384977281,-0.03772704303,0.006655446254,1
0.148614794,0.08581981063,-0.03998779133,0.004362728912,1
0.148614794,0.08778984845,-0.04397436231,0.003298313124,1
0.148614794,0.08975988626,-0.04981670529,0.006775447633,1
0.148614794,0.09172992408,-0.05180102214,0.01043541543,1
0.148614794,0.0936999619,-0.05617437512,0.007871863432,1
0.148614794,0.09567000717,-0.07809154689,0.008695983328,1
0.148614794,0.09764004499,-0.07509405166,-0.00296762283,1
0.148614794,0.09961008281,-0.07497330755,-0.01297114138,1
0.148614794,0.1015801206,-0.0327373296,-0.02292184345,1
0.148614794,0.1035501584,-0.02630534209,-0.02028397471,1
0.148614794,0.1055201963,-0.01130057871,-0.009066492319,2
0.148614794,0.1074902341,-0.001124506118,-0.004992515314,1
0.148614794,0.1094602719,-0.0002013687917,-0.005353402812,1
0.148614794,0.1114303172,-0.0006350819604,-0.004212331958,1
0.148614794,0.113400355,-0.00136599876,-0.003929259256,1
0.148614794,0.1153703928,-0.0002908371389,-0.001679135952,1
0.148614794,0.1173404306,0.001508189249,0.001282873796,1
0.1505848318,0.04838907719,-0.00354480464,0.004497398157,1
0.1505848318,0.050359115,-0.0009590698755,0.005804395769,1
0.1505848318,0.05232915282,-0.0002299900079,0.005975338165,1
0.1505848318,0.05429919064,-3.065414421e-05,0.005356703419,1
0.1505848318,0.05626922846,-0.0003228356945,0.005401484203,1
0.1505848318,0.05823927,-0.002157853218,0.006662372965,1
0.1505848318,0.06020930782,-0.005796675105,0.005592953879,1
0.1505848318,0.06217934564,-0.01807964034,0.003897478106,1
0.1505848318,0.06414938718,-0.02615083568,0.003220367013,1
0.1505848318,0.066119425,-0.02988848649,0.006396628916,1
0.1505848318,0.06808946282,-0.01842622086,-0.002450976055,1
0.1505848318,0.07005950063,-0.0388196148,-0.002583954483,1
0.1505848318,0.07202953845,-0.04773284867,-0.003981831484,1
0.1505848318,0.07399957627,-0.05323949456,-0.001847966691,1
0.1505848318,0.07596961409,-0.04820446298,0.006069003604,2
0.1505848318,0.07793965936,-0.06215368211,0.0135110002,1
0.1505848318,0.07990969718,-0.0484495759,0.02926098369,1
0.1505848318,0.08187973499,-0.03422381729,0.01827681251,2
0.1505848318,0.08384977281,-0.03126226738,0.01446331665,2
0.1505848318,0.08581981063,-0.03805473447,0.01723366603,1
0.1505848318,0.08778984845,-0.03084325045,0.01139760017,1
0.1505848318,0.08975988626,-0.03405514359,0.006952275522,3
0.1505848318,0.09172992408,-0.04270157963,0.00698251836,2
0.1505848318,0.0936999619,-0.05194113776,0.006123006344,2
0.1505848318,0.09567000717,-0.05619782209,0.004954824224,2
0.1505848318,0.09764004499,-0.05829562619,0.002544804942,2
0.1505848318,0.09961008281,-0.07025212795,0.008149537258,1
0.1505848318,0.1015801206,-0.03109175898,-0.02014063485,1
0.1505848318,0.1035501584,-0.02451202087,-0.0198476892,1
0.1505848318,0.1055201963,-0.004064312205,-0.006526481826,1
0.1505848318,0.1074902341,-0.00117873901,-0.006134319585,1
0.1505848318,0.1094602719,-0.000116205927,-0.004994577728,1
0.1505848318,0.1114303172,-0.001116955071,-0.003180450061,1
0.1505848318,0.113400355,-0.001796726603,-0.003610386746,1
0.1505848318,0.1153703928,-0.0008752642898,-0.002304344904,1
0.1505848318,0.1173404306,0.002850692952,0.001136900391,1
0.1525548697,0.04838907719,-0.00223850715,0.006859581918,1
0.1525548697,0.050359115,-0.0005037208903,0.005432908889,1
0.1525548697,0.05232915282,-0.000318478269,0.005314178299,1
0.1525548697,0.05429919064,-0.0006309993332,0.005845260806,1
0.1525548697,0.05626922846,-0.001335739973,0.005878041033,1
0.1525548697,0.05823927,-0.001799968886,0.00622298941,1
0.1525548697,0.06020930782,-0.002184963087,0.007380541414,1
0.1525548697,0.06217934564,-0.004696696065,0.006854785606,1
0.1525548697,0.06414938718,-0.01310255285,0.004447475541,2
0.1525548697,0.066119425,-0.01705698855,0.002748801839,2
0.1525548697,0.06808946282,-0.01762088202,-0.004832431208,1
0.1525548697,0.07005950063,-0.03481291607,0.001646849676,1
0.1525548697,0.07202953845,-0.04335083067,-0.0003110324033,1
0.1525548697,0.07399957627,-0.04405017942,0.005271819886,1
0.1525548697,0.07596961409,-0.0307914447,0.007667523343,2
0.1525548697,0.07793965936,-0.03948734328,0.01449366473,1
0.1525548697,0.07990969718,-0.02335818857,0.01021481771,2
0.1525548697,0.08187973499,-0.01655472443,0.01803191938,2
0.1525548697,0.08384977281,-0.0150434766,0.0156873446,2
0.1525548697,0.08581981063,-0.01479920559,0.01175414212,2
0.1525548697,0.08778984845,-0.01316049881,0.008138121106,2
0.1525548697,0.08975988626,-0.01757409237,0.006414626259,2
0.1525548697,0.09172992408,-0.0330090113,0.004419377074,1
0.1525548697,0.0936999619,-0.05269077793,0.004682819359,1
0.1525548697,0.09567000717,-0.03646298498,0.002455501584,2
0.1525548697,0.09764004499,-0.03163849935,4.248117693e-05,2
0.1525548697,0.09961008281,-0.03145685047,-0.001992862904,2
0.1525548697,0.1015801206,-0.02041318268,-0.009386100806,2
0.1525548697,0.1035501584,-0.01265004184,-0.01176441927,1
0.1525548697,0.1055201963,-0.00680759782,-0.008716820739,1
0.1525548697,0.1074902341,-0.001970172627,-0.004696805961,1
0.1525548697,0.1094602719,-0.0003918221919,-0.004264745861,1
0.1525548697,0.1114303172,-0.001465792302,-0.003078568727,1
0.1525548697,0.113400355,-0.001753506367,-0.002869307529,1
0.1525548697,0.1153703928,-0.001883384888,-0.003750277683,1
0.1525548697,0.1173404306,0.0024292788,-0.001916236826,1
0.1545249075,0.04838907719,-0.00280061434,0.006270479411,1
0.1545249075,0.050359115,-0.001089353464,0.005203881301,1
0.1545249075,0.05232915282,-0.0009026006446,0.004806418438,1
0.1545249075,0.05429919064,-0.001584371668,0.00531837251,1
0.1545249075,0.05626922846,-0.002190457424,0.005763208959,1
0.1545249075,0.05823927,-0.001524976688,0.005621487275,1
0.1545249075,0.06020930782,6.089479211e-05,0.006180937868,1
0.1545249075,0.06217934564,-8.662894834e-05,0.005734640639,1
0.1545249075,0.06414938718,-0.004505690653,0.004965947475,1
0.1545249075,0.066119425,-0.007616030518,0.004983534571,1
0.1545249075,0.06808946282,-0.01331142243,0.01455224957,1
0.1545249075,0.07005950063,-0.0119671775,0.01504616812,1
0.1545249075,0.07202953845,-0.001883194665,-0.002737655304,1
0.1545249075,0.07399957627,0.003913751803,0.002761508571,1
0.1545249075,0.07596961409,0.008576208726,0.004835607018,1
0.1545249075,0.07793965936,0.0115315523,0.004359217361,1
0.1545249075,0.07990969718,0.01105888467,-0.02092729881,1
0.1545249075,0.08187973499,0.006406589877,0.02794870362,1
0.1545249075,0.08384977281,0.002442290308,0.01849999838,1
0.1545249075,0.08581981063,0.007061883807,0.005957437679,1
0.1545249075,0.08778984845,0.01057455782,0.002986112842,1
0.1545249075,0.08975988626,0.009928283282,0.006148731802,1
0.1545249075,0.09172992408,0.01297398005,0.004505157936,1
0.1545249075,0.0936999619,0.01433535852,0.00115849229,1
0.1545249075,0.09567000717,-0.005324837286,0.0001418809697,2
0.1545249075,0.09764004499,-0.0003385277523,-0.002837518696,1
0.1545249075,0.09961008281,-0.003523595864,-0.006777368952,1
0.1545249075,0.1015801206,-0.006454076618,-0.003646487603,1
0.1545249075,0.1035501584,-0.004920609761,-0.00722973654,1
0.1545249075,0.1055201963,-0.003992996179,-0.008221010678,1
0.1545249075,0.1074902341,-0.00376674952,-0.006069393829,1
0.1545249075,0.1094602719,-0.002077086596,-0.004079623148,1
0.1545249075,0.1114303172,-0.001985734096,-0.003976492677,1
0.1545249075,0.113400355,-0.002339794999,-0.003291784553,1
0.1545249075,0.1153703928,-0.00252962322,-0.003117889166,1
0.1545249075,0.1173404306,-0.002682721009,-0.003748752642,1
0.1564949453,0.04838907719,-0.002369001508,0.003333568107,1
0.1564949453,0.050359115,-0.0003852125956,0.005131226499,1
0.1564949453,0.05232915282,-0.001815707423,0.005454229657,1
0.1564949453,0.05429919064,-0.002326968359,0.005262420047,1
0.1564949453,0.05626922846,-0.002113798168,0.004503796343,1
0.1564949453,0.05823927,0.003001638688,0.008497939445,1
0.1564949453,0.06020930782,0.0009998141322,0.004592010751,1
0.1564949453,0.06217934564,NaN,NaN,0
0.1564949453,0.06414938718,NaN,NaN,0
0.1564949453,0.066119425,NaN,NaN,0
0.1564949453,0.06808946282,NaN,NaN,0
0.1564949453,0.07005950063,NaN,NaN,0
0.1564949453,0.07202953845,NaN,NaN,0
0.1564949453,0.07399957627,NaN,NaN,0
0.1564949453,0.07596961409,NaN,NaN,0
0.1564949453,0.07793965936,NaN,NaN,0
0.1564949453,0.07990969718,NaN,NaN,0
0.1564949453,0.08187973499,NaN,NaN,0
0.1564949453,0.08384977281,NaN,NaN,0
0.1564949453,0.08581981063,NaN,NaN,0
0.1564949453,0.08778984845,NaN,NaN,0
0.1564949453,0.08975988626,NaN,NaN,0
0.1564949453,0.09172992408,NaN,NaN,0
0.1564949453,0.0936999619,NaN,NaN,0
0.1564949453,0.09567000717,NaN,NaN,0
0.1564949453,0.09764004499,NaN,NaN,0
0.1564949453,0.09961008281,NaN,NaN,0
0.1564949453,0.1015801206,NaN,NaN,0
0.1564949453,0.1035501584,NaN,NaN,0
0.1564949453,0.1055201963,-0.0006048415671,-0.00400267262,1
0.1564949453,0.1074902341,-0.002669394016,-0.006550787017,1
0.1564949453,0.1094602719,-0.003301698016,-0.003956070635,1
0.1564949453,0.1114303172,-0.00159215834,-0.003147396259,1
0.1564949453,0.113400355,-0.001276075142,-0.002889471827,1
0.1564949453,0.1153703928,-0.004243906587,-0.001131253201,1
0.1564949453,0.1173404306,-0.006299108732,-0.002769509563,1
0.1584649831,0.04838907719,-0.001413760008,0.004105662461,2
0.1584649831,0.050359115,-0.0004585184797,0.004877756815,1
0.1584649831,0.05232915282,-0.001982818125,0.006172654219,1
0.1584649831,0.05429919064,-0.0008802408702,0.004282296635,1
0.1584649831,0.05626922846,-0.001438125269,7.600537515e-07,1
0.1584649831,0.05823927,NaN,NaN,0
0.1584649831,0.06020930782,NaN,NaN,0
0.1584649831,0.06217934564,NaN,NaN,0
0.1584649831,0.06414938718,NaN,NaN,0
0.1584649831,0.066119425,NaN,NaN,0
0.1584649831,0.06808946282,NaN,NaN,0
0.1584649831,0.07005950063,NaN,NaN,0
0.1584649831,0.07202953845,NaN,NaN,0
0.1584649831,0.07399957627,NaN,NaN,0
0.1584649831,0.07596961409,NaN,NaN,0
0.1584649831,0.07793965936,NaN,NaN,0
0.1584649831,0.07990969718,NaN,NaN,0
0.1584649831,0.08187973499,NaN,NaN,0
0.1584649831,0.08384977281,NaN,NaN,0
0.1584649831,0.08581981063,NaN,NaN,0
0.1584649831,0.08778984845,NaN,NaN,0
0.1584649831,0.08975988626,NaN,NaN,0
0.1584649831,0.09172992408,NaN,NaN,0
0.1584649831,0.0936999619,NaN,NaN,0
0.1584649831,0.09567000717,NaN,NaN,0
0.1584649831,0.09764004499,NaN,NaN,0
0.1584649831,0.09961008281,NaN,NaN,0
0.1584649831,0.1015801206,NaN,NaN,0
0.1584649831,0.1035501584,NaN,NaN,0
0.1584649831,0.1055201963,NaN,NaN,0
0.1584649831,0.1074902341,NaN,NaN,0
0.1584649831,0.1094602719,-0.005685931072,0.0009834148223,1
0.1584649831,0.1114303172,0.0007804483757,-0.002533349441,1
0.1584649831,0.113400355,0.001471032039,-0.002127810614,1
0.1584649831,0.1153703928,-0.006600353867,0.001517938916,1
0.1584649831,0.1173404306,-0.007259631529,0.001107731136,1
