x [m],y [m],u [m/s],v [m/s],Vector type [-]
0.02647239529,0.04838907719,-0.0253909044,-0.02388702333,2
0.02647239529,0.050359115,-0.03079072572,-0.02767165378,1
0.02647239529,0.05232915282,-0.00723798899,-0.009936561808,1
0.02647239529,0.05429919064,-0.01387937181,-0.01110451482,1
0.02647239529,0.05626922846,-0.01629970036,-0.01503549051,1
0.02647239529,0.05823927,-0.02519773133,-0.01354192197,2
0.02647239529,0.06020930782,-0.03265931457,-0.01312632021,1
0.02647239529,0.06217934564,-0.03258065507,-0.01710967161,1
0.02647239529,0.06414938718,-0.02558000758,-0.009810472839,1
0.02647239529,0.066119425,-0.03142806515,-0.01492809132,1
0.02647239529,0.06808946282,-0.03375284374,-0.00869266782,1
0.02647239529,0.07005950063,-0.04217484966,-0.007610221393,2
0.02647239529,0.07202953845,-0.04781999066,-0.002664543921,1
0.02647239529,0.07399957627,-0.05116394162,-0.007283358835,1
0.02647239529,0.07596961409,-0.05272468179,-0.005181449931,1
0.02647239529,0.07793965936,-0.05760638043,-0.005238575395,1
0.02647239529,0.07990969718,-0.0569774881,-0.002599262632,1
0.02647239529,0.08187973499,-0.0593791306,0.001708869124,1
0.02647239529,0.08384977281,-0.06085295603,0.003929566592,1
0.02647239529,0.08581981063,-0.05651232973,1.136029277e-05,1
0.02647239529,0.08778984845,-0.04484736919,-0.003754633712,1
0.02647239529,0.08975988626,-0.03991000727,0.0005116526736,1
0.02647239529,0.09172992408,-0.03524721041,-0.01085603703,1
0.02647239529,0.0936999619,-0.03396344557,-0.01385799516,1
0.02647239529,0.09567000717,-0.02956215851,-0.01360132266,1
0.02647239529,0.09764004499,-0.02583816089,-0.0100501664,1
0.02647239529,0.09961008281,-0.02852694504,-0.0099977348,1
0.02647239529,0.1015801206,-0.03402277455,-0.009000808001,1
0.02647239529,0.1035501584,-0.03666209802,-0.001621882431,1
0.02647239529,0.1055201963,-0.02957251109,-0.004231771454,1
0.02647239529,0.1074902341,-0.02234339155,-0.01199983712,1
0.02647239529,0.1094602719,-0.01827495359,-0.01542758942,1
0.02647239529,0.1114303172,-0.02025214955,-0.01044206973,1
0.02647239529,0.113400355,-0.01382119767,-0.002659598365,1
0.02647239529,0.1153703928,-0.01034886017,-0.00466330722,1
0.02647239529,0.1173404306,-0.00206299196,-0.004215333611,1
0.0284424331,0.04838907719,-0.01999108307,-0.02010239474,2
0.0284424331,0.050359115,-0.01280788798,-0.01722166501,1
0.0284424331,0.05232915282,-0.009322563186,-0.008096273057,1
0.0284424331,0.05429919064,-0.01145951916,-0.006526032463,1
0.0284424331,0.05626922846,-0.01633975655,-0.00835310854,1
0.0284424331,0.05823927,-0.02663417719,-0.01246395614,1
0.0284424331,0.06020930782,-0.03682641312,-0.01313175727,1
0.0284424331,0.06217934564,-0.03119536303,-0.01085808408,1
0.0284424331,0.06414938718,-0.02679395489,-0.009047137573,1
0.0284424331,0.066119425,-0.0291524101,-0.01166839898,1
0.0284424331,0.06808946282,-0.03907205164,-0.01007110812,1
0.0284424331,0.07005950063,-0.04495172203,-0.01147345267,1
0.0284424331,0.07202953845,-0.04595110193,-0.01233609673,1
0.0284424331,0.07399957627,-0.04533153772,-0.01283192448,1
0.0284424331,0.07596961409,-0.05105708539,-0.008374548517,1
0.0284424331,0.07793965936,-0.06305224448,-0.005019367207,1
0.0284424331,0.07990969718,-0.06248566136,-0.003456139937,1
0.0284424331,0.08187973499,-0.06591629982,-0.005388851278,1
0.0284424331,0.08384977281,-0.06365345418,-0.003787483322,1
0.0284424331,0.08581981063,-0.05061408505,-0.001977965701,1
0.0284424331,0.08778984845,-0.04368829355,-0.006434330717,1
0.0284424331,0.08975988626,-0.04186651111,-0.002669785637,1
0.0284424331,0.09172992408,-0.03710702062,-0.004604188725,1
0.0284424331,0.0936999619,-0.03344246373,-0.005191551987,1
0.0284424331,0.09567000717,-0.03009027429,-0.003056777641,1
0.0284424331,0.09764004499,-0.0296765212,-0.001378658228,1
0.0284424331,0.09961008281,-0.03257912397,-0.002851123456,1
0.0284424331,0.1015801206,-0.03703992814,-0.00178209343,1
0.0284424331,0.1035501584,-0.03341949731,-0.007205043919,1
0.0284424331,0.1055201963,-0.0277967602,-0.01026659925,1
0.0284424331,0.1074902341,-0.02190411277,-0.01316208392,1
0.0284424331,0.1094602719,-0.01280901674,-0.01212427672,1
0.0284424331,0.1114303172,-0.009788887575,-0.00865329802,1
0.0284424331,0.113400355,-0.007637835573,-0.001272891881,1
0.0284424331,0.1153703928,-0.007888545282,-0.0008850307204,1
0.0284424331,0.1173404306,-0.02000190504,-0.008143707179,1
0.03041247278,0.04838907719,-0.0217744559,-0.01919849217,1
0.03041247278,0.050359115,-0.01454077009,-0.008524998091,1
0.03041247278,0.05232915282,-0.01392294932,-0.003370099934,1
0.03041247278,0.05429919064,-0.0145991249,-0.001503930311,1
0.03041247278,0.05626922846,-0.01577679999,-0.002386543667,1
0.03041247278,0.05823927,-0.02367557399,-0.004352710675,1
0.03041247278,0.06020930782,-0.03835293278,-0.001201844891,1
0.03041247278,0.06217934564,-0.03026461974,-0.005382274278,1
0.03041247278,0.06414938718,-0.02575571835,-0.00511576375,1
0.03041247278,0.066119425,-0.03112068586,-0.01122322772,1
0.03041247278,0.06808946282,-0.04086046293,-0.01282214187,1
0.03041247278,0.07005950063,-0.04618036002,-0.01467148867,1
0.03041247278,0.07202953845,-0.04540667683,-0.01393133588,1
0.03041247278,0.07399957627,-0.04637609795,-0.01078117266,1
0.03041247278,0.07596961409,-0.05500172451,-0.007480458356,1
0.03041247278,0.07793965936,-0.0671825707,-0.006102564745,1
0.03041247278,0.07990969718,-0.07016242296,-0.006162995473,1
0.03041247278,0.08187973499,-0.0676580444,-0.006360561121,1
0.03041247278,0.08384977281,-0.06058520451,-0.003461319953,1
0.03041247278,0.08581981063,-0.05303457752,-0.003469409188,1
0.03041247278,0.08778984845,-0.04647574574,-0.001473678974,1
0.03041247278,0.08975988626,-0.0464687869,0.0004283479648,1
0.03041247278,0.09172992408,-0.04170943424,0.003082527313,1
0.03041247278,0.0936999619,-0.03751447052,0.001993442653,1
0.03041247278,0.09567000717,-0.03910499811,-0.001202783664,1
0.03041247278,0.09764004499,-0.03512339666,0.001299310243,2
0.03041247278,0.09961008281,-0.0360317342,0.005296471994,1
0.03041247278,0.1015801206,-0.03663830832,0.002591635799,1
0.03041247278,0.1035501584,-0.03364036605,-0.0001059596761,1
0.03041247278,0.1055201963,-0.02889455296,-0.005073317792,1
0.03041247278,0.1074902341,-0.02273148112,-0.008048753254,1
0.03041247278,0.1094602719,-0.01685176417,-0.01140154433,1
0.03041247278,0.1114303172,-0.009760231711,-0.0080236746,1
0.03041247278,0.113400355,-0.007070396561,-0.002762519987,1
0.03041247278,0.1153703928,-0.007912160829,-0.001165796304,1
0.03041247278,0.1173404306,-0.01120896079,0.002666783286,1
0.0323825106,0.04838907719,-0.01515596081,-0.01252827141,1
0.0323825106,0.050359115,-0.013310262,-0.005083121359,1
0.0323825106,0.05232915282,-0.01624045335,-0.002042102162,1
0.0323825106,0.05429919064,-0.01707740687,-0.0001923862874,1
0.0323825106,0.05626922846,-0.01426749956,0.001168332878,1
0.0323825106,0.05823927,-0.01777872629,0.0005861564423,1
0.0323825106,0.06020930782,-0.03063413128,-0.000227553639,2
0.0323825106,0.06217934564,-0.038366694,-0.001661600312,1
0.0323825106,0.06414938718,-0.01755652204,-0.004589144606,1
0.0323825106,0.066119425,-0.02694036625,-0.005797704682,1
0.0323825106,0.06808946282,-0.03747405112,-0.01054401137,1
0.0323825106,0.07005950063,-0.04472392797,-0.01458852272,1
0.0323825106,0.07202953845,-0.04780769721,-0.01556516904,1
0.0323825106,0.07399957627,-0.05071967468,-0.01006035041,1
0.0323825106,0.07596961409,-0.056658566,-0.008523214608,1
0.0323825106,0.07793965936,-0.06454518437,-0.008475918323,1
0.0323825106,0.07990969718,-0.07031861693,-0.006201797165,1
0.0323825106,0.08187973499,-0.07392814755,-0.005900253542,1
0.0323825106,0.08384977281,-0.06497898698,-0.005865074694,1
0.0323825106,0.08581981063,-0.05279677361,-0.004983337596,1
0.0323825106,0.08778984845,-0.04668409377,-0.004089276306,1
0.0323825106,0.08975988626,-0.04605117813,-0.005761904642,1
0.0323825106,0.09172992408,-0.04271651804,-0.003421708243,1
0.0323825106,0.0936999619,-0.03309726715,-0.002511518309,1
0.0323825106,0.09567000717,-0.02970709465,-0.002643926535,1
0.0323825106,0.09764004499,-0.03568031639,0.002482210752,2
0.0323825106,0.09961008281,-0.03989018127,0.007639240008,1
0.0323825106,0.1015801206,-0.0462788865,0.00607440481,1
0.0323825106,0.1035501584,-0.03633882105,0.001362264622,2
0.0323825106,0.1055201963,-0.02580120787,0.001853493159,1
0.0323825106,0.1074902341,-0.02155501954,-0.00574860163,1
0.0323825106,0.1094602719,-0.01643441431,-0.01119729504,1
0.0323825106,0.1114303172,-0.01201393362,-0.01126228087,1
0.0323825106,0.113400355,-0.009086014703,-0.005119340029,1
0.0323825106,0.1153703928,-0.009527542628,-0.002551315352,1
0.0323825106,0.1173404306,-0.01367464662,-0.0005119204288,1
0.03435254842,0.04838907719,-0.008842547424,-0.006815184839,1
0.03435254842,0.050359115,-0.01144832093,-0.004768226296,1
0.03435254842,0.05232915282,-0.01621378399,-0.002535236068,1
0.03435254842,0.05429919064,-0.01707169786,-0.001573479385,1
0.03435254842,0.05626922846,-0.01512024086,0.0002294623555,1
0.03435254842,0.05823927,-0.01760712266,0.001283977064,1
0.03435254842,0.06020930782,-0.02803817764,0.001367074205,1
0.03435254842,0.06217934564,-0.02688802965,-0.00315235462,2
0.03435254842,0.06414938718,-0.01752075553,-0.005377057008,1
0.03435254842,0.066119425,-0.0263923239,-0.006136334036,1
0.03435254842,0.06808946282,-0.03219326586,-0.00712986663,1
0.03435254842,0.07005950063,-0.04296355322,-0.01314664353,1
0.03435254842,0.07202953845,-0.04909799248,-0.0128008062,1
0.03435254842,0.07399957627,-0.05192250013,-0.008488638327,1
0.03435254842,0.07596961409,-0.05821094289,-0.006930668373,1
0.03435254842,0.07793965936,-0.06624990702,-0.007777676452,1
0.03435254842,0.07990969718,-0.0742411539,-0.006462460849,1
0.03435254842,0.08187973499,-0.07514668256,-0.007266826928,1
0.03435254842,0.08384977281,-0.06694432348,-0.003786574351,1
0.03435254842,0.08581981063,-0.05097191408,-0.004004298244,1
0.03435254842,0.08778984845,-0.04631500691,-0.005004790612,1
0.03435254842,0.08975988626,-0.04667836055,-0.006155836862,1
0.03435254842,0.09172992408,-0.04346245527,-0.004509534221,1
0.03435254842,0.0936999619,-0.03652220592,-0.002191229491,1
0.03435254842,0.09567000717,-0.03309698775,-0.001872681198,1
0.03435254842,0.09764004499,-0.038000606,0.003634219989,1
0.03435254842,0.09961008281,-0.0403203778,0.005848014727,1
0.03435254842,0.1015801206,-0.04460627213,0.004100184888,1
0.03435254842,0.1035501584,-0.0396348238,-0.002372880001,1
0.03435254842,0.1055201963,-0.02790863439,-0.005233008415,1
0.03435254842,0.1074902341,-0.0236770492,-0.008596979082,1
0.03435254842,0.1094602719,-0.01829139702,-0.007708808407,1
0.03435254842,0.1114303172,-0.01480072271,-0.007008968387,1
0.03435254842,0.113400355,-0.01218770258,-0.006212742534,1
0.03435254842,0.1153703928,-0.01043497119,-0.002504066564,1
0.03435254842,0.1173404306,-0.01401918568,-0.00141162076,1
0.03632258996,0.04838907719,-0.006393808872,-0.002679739846,1
0.03632258996,0.050359115,-0.01237163041,-0.003583365818,1
0.03632258996,0.05232915282,-0.01618406363,-0.002538608387,1
0.03632258996,0.05429919064,-0.01611105166,-0.002194411354,1
0.03632258996,0.05626922846,-0.0167549476,-0.004699502606,1
0.03632258996,0.05823927,-0.02095571905,-0.005404844414,1
0.03632258996,0.06020930782,-0.0249206014,-0.008549338207,1
0.03632258996,0.06217934564,-0.02362649702,-0.0069378349,1
0.03632258996,0.06414938718,-0.02662775479,0.000941639184,1
0.03632258996,0.066119425,-0.02854404412,0.005852412432,1
0.03632258996,0.06808946282,-0.02873405069,0.002639387501,1
0.03632258996,0.07005950063,-0.03406426311,0.003072135383,1
0.03632258996,0.07202953845,-0.04456945136,-0.00232149777,1
0.03632258996,0.07399957627,-0.05014380068,-0.004780300893,1
0.03632258996,0.07596961409,-0.05387962982,-0.004088647664,1
0.03632258996,0.07793965936,-0.06178591028,-0.005120391957,1
0.03632258996,0.07990969718,-0.07177343965,-0.008734227158,1
0.03632258996,0.08187973499,-0.07103386521,-0.00976260379,1
0.03632258996,0.08384977281,-0.06110985577,-0.003731884528,1
0.03632258996,0.08581981063,-0.04979332909,-0.004110599868,1
0.03632258996,0.08778984845,-0.04863999039,-0.003510855837,1
0.03632258996,0.08975988626,-0.05057573318,-0.002003297443,1
0.03632258996,0.09172992408,-0.04023239762,-0.006099443417,1
0.03632258996,0.0936999619,-0.0507542491,-0.004651407246,1
0.03632258996,0.09567000717,-0.03221381456,0.001726034679,1
0.03632258996,0.09764004499,-0.03494173661,0.003257839708,1
0.03632258996,0.09961008281,-0.04002141953,0.004136214964,1
0.03632258996,0.1015801206,-0.04795926064,0.003562197322,1
0.03632258996,0.1035501584,-0.04029920697,-0.0007470304263,1
0.03632258996,0.1055201963,-0.02624604478,-0.004829558078,1
0.03632258996,0.1074902341,-0.02328007296,-0.007982209325,1
0.03632258996,0.1094602719,-0.02052085847,-0.007149148267,1
0.03632258996,0.1114303172,-0.0182980746,-0.005239826161,1
0.03632258996,0.113400355,-0.01923321374,-0.005763527937,1
0.03632258996,0.1153703928,-0.01679972559,-0.003325929865,1
0.03632258996,0.1173404306,-0.01356330793,-0.002346198307,1
0.03829262778,0.04838907719,-0.01215559896,-0.002446931321,1
0.03829262778,0.050359115,-0.01525069401,-0.002139863325,1
0.03829262778,0.05232915282,-0.01746519469,-0.002492849948,1
0.03829262778,0.05429919064,-0.01656417735,-0.00472590141,1
0.03829262778,0.05626922846,-0.01637446322,-0.0048209792,1
0.03829262778,0.05823927,-0.02094212919,-0.004970736336,1
0.03829262778,0.06020930782,-0.020353714,-0.007240170147,1
0.03829262778,0.06217934564,-0.0202168487,-0.005696636625,1
0.03829262778,0.06414938718,-0.02515424974,0.0005334524903,1
0.03829262778,0.066119425,-0.026061913,0.003522671061,1
0.03829262778,0.06808946282,-0.02765718289,0.003343776567,1
0.03829262778,0.07005950063,-0.03168458119,0.005167839117,1
0.03829262778,0.07202953845,-0.03987015411,0.00299542374,1
0.03829262778,0.07399957627,-0.04580236599,-0.002155998722,1
0.03829262778,0.07596961409,-0.05174162984,-0.003139959881,1
0.03829262778,0.07793965936,-0.06119409204,-0.004512686748,1
0.03829262778,0.07990969718,-0.0665205121,-0.004000005312,1
0.03829262778,0.08187973499,-0.06182606518,-0.01004758943,1
0.03829262778,0.08384977281,-0.05659394339,-0.008611996658,1
0.03829262778,0.08581981063,-0.04610909522,-0.002379174344,1
0.03829262778,0.08778984845,-0.0551632233,-0.001674800878,1
0.03829262778,0.08975988626,-0.05106156319,-0.0005872963811,1
0.03829262778,0.09172992408,-0.03955859318,-0.001116841333,1
0.03829262778,0.0936999619,-0.03418495134,0.0006045381888,1
0.03829262778,0.09567000717,-0.03297225758,0.001383623108,1
0.03829262778,0.09764004499,-0.03192795068,0.002014748519,1
0.03829262778,0.09961008281,-0.03328416869,0.002585697453,1
0.03829262778,0.1015801206,-0.03992899135,0.001053917687,2
0.03829262778,0.1035501584,-0.03918354958,0.0007487114053,1
0.03829262778,0.1055201963,-0.02344904654,-0.002903095214,1
0.03829262778,0.1074902341,-0.02311857976,-0.005594299175,1
0.03829262778,0.1094602719,-0.02245239355,-0.005279215518,1
0.03829262778,0.1114303172,-0.01797178574,-0.005951424129,1
0.03829262778,0.113400355,-0.02100287564,-0.004254595842,1
0.03829262778,0.1153703928,-0.01721151173,-0.003018542891,1
0.03829262778,0.1173404306,-0.01048195828,-0.00372960791,1
0.0402626656,0.04838907719,-0.01297010295,-0.001096121385,1
0.0402626656,0.050359115,-0.01879391447,-0.000101601152,1
0.0402626656,0.05232915282,-0.01395754423,-0.002349131508,1
0.0402626656,0.05429919064,-0.01468523592,-0.002098508412,1
0.0402626656,0.05626922846,-0.01824443601,-0.0008584129973,1
0.0402626656,0.05823927,-0.02148029767,-0.003261023434,1
0.0402626656,0.06020930782,-0.02219605632,-0.003948776983,1
0.0402626656,0.06217934564,-0.02349732816,-0.002814270323,1
0.0402626656,0.06414938718,-0.02929673716,-0.004254612606,1
0.0402626656,0.066119425,-0.03023968264,-0.002357559046,1
0.0402626656,0.06808946282,-0.02882396057,-0.0001713350939,1
0.0402626656,0.07005950063,-0.03390540555,-0.002460758667,1
0.0402626656,0.07202953845,-0.03399181366,0.0003060147574,1
0.0402626656,0.07399957627,-0.03737853095,0.0002037758677,1
0.0402626656,0.07596961409,-0.05351571366,0.002233812353,1
0.0402626656,0.07793965936,-0.06255822629,0.0001830419351,1
0.0402626656,0.07990969718,-0.06269144267,-0.0004670444177,1
0.0402626656,0.08187973499,-0.05872615799,-0.00823721569,1
0.0402626656,0.08384977281,-0.05456490815,-0.008585017174,1
0.0402626656,0.08581981063,-0.0494162254,-0.002418637043,1
0.0402626656,0.08778984845,-0.04416443408,-0.0007212786586,1
0.0402626656,0.08975988626,-0.04232098907,0.001650941325,1
0.0402626656,0.09172992408,-0.04260536283,0.001502058585,1
0.0402626656,0.0936999619,-0.03856938332,0.0007525989204,1
0.0402626656,0.09567000717,-0.03674482554,0.0002757110342,1
0.0402626656,0.09764004499,-0.03471181914,0.002084437059,2
0.0402626656,0.09961008281,-0.0379736498,-0.001090511796,1
0.0402626656,0.1015801206,-0.0392889902,-0.002680935897,1
0.0402626656,0.1035501584,-0.03018625453,-0.003602621146,1
0.0402626656,0.1055201963,-0.01847547665,-0.002044785069,1
0.0402626656,0.1074902341,-0.01981243864,-0.001510380884,1
0.0402626656,0.1094602719,-0.0225357227,-0.001850954024,1
0.0402626656,0.1114303172,-0.01820889674,-0.005141299218,1
0.0402626656,0.113400355,-0.02002040669,-0.001878622337,1
0.0402626656,0.1153703928,-0.01656892896,-0.002057354664,1
0.0402626656,0.1173404306,-0.009517507628,-0.004009257071,1
0.04223270342,0.04838907719,-0.01418474223,0.00241038762,1
0.04223270342,0.050359115,-0.0127313491,0.004623857792,1
0.04223270342,0.05232915282,-0.01074698567,0.001456785598,1
0.04223270342,0.05429919064,-0.01346765272,0.00146396691,1
0.04223270342,0.05626922846,-0.01904672012,0.001876026625,1
0.04223270342,0.05823927,-0.02289224602,-0.0005897586234,1
0.04223270342,0.06020930782,-0.02959569171,-0.003437927458,1
0.04223270342,0.06217934564,-0.0307753738,-0.003283193568,1
0.04223270342,0.06414938718,-0.03107536398,-0.006796537898,1
0.04223270342,0.066119425,-0.03124832176,-0.006278311368,1
0.04223270342,0.06808946282,-0.02902510762,-0.003950963728,1
0.04223270342,0.07005950063,-0.03331807256,-0.0048376224,1
0.04223270342,0.07202953845,-0.03324639052,0.0003927217622,1
0.04223270342,0.07399957627,-0.03798085079,-0.0006964391796,1
0.04223270342,0.07596961409,-0.05014349893,0.0003262738173,1
0.04223270342,0.07793965936,-0.05906074494,0.003564800601,1
0.04223270342,0.07990969718,-0.05802890286,0.0004549674632,1
0.04223270342,0.08187973499,-0.05845591798,-0.001624481869,1
0.04223270342,0.08384977281,-0.0589527227,-0.00482392963,1
0.04223270342,0.08581981063,-0.05677834526,-0.004570187535,1
0.04223270342,0.08778984845,-0.04724937305,0.0002444665006,1
0.04223270342,0.08975988626,-0.0430665426,0.004425216932,1
0.04223270342,0.09172992408,-0.04096531868,0.005516386125,1
0.04223270342,0.0936999619,-0.0373936072,0.004825192038,1
0.04223270342,0.09567000717,-0.03285224363,0.004373487085,1
0.04223270342,0.09764004499,-0.03220085055,0.007137800567,1
0.04223270342,0.09961008281,-0.03372659162,-4.840388647e-05,1
0.04223270342,0.1015801206,-0.02903486229,0.002303887391,1
0.04223270342,0.1035501584,-0.02415255643,0.00157295831,1
0.04223270342,0.1055201963,-0.02130733989,0.0007098941715,1
0.04223270342,0.1074902341,-0.02002071589,0.0004221272829,1
0.04223270342,0.1094602719,-0.02062623762,0.004574213177,1
0.04223270342,0.1114303172,-0.01876297779,0.003092692699,1
0.04223270342,0.113400355,-0.01953089237,0.0003109553945,1
0.04223270342,0.1153703928,-0.01570941508,-0.0002358002821,1
0.04223270342,0.1173404306,-0.01113458816,-0.003247180255,1
0.04420274496,0.04838907719,-0.01286414638,0.006513761822,1
0.04420274496,0.050359115,-0.01103283744,0.01194404159,1
0.04420274496,0.05232915282,-0.01024832577,0.008520542644,1
0.04420274496,0.05429919064,-0.01256972272,0.00549337687,1
0.04420274496,0.05626922846,-0.01664628461,0.00359892589,1
0.04420274496,0.05823927,-0.01898931898,0.003067972139,1
0.04420274496,0.06020930782,-0.02926521562,-0.003039999865,1
0.04420274496,0.06217934564,-0.03229681775,-0.005128819961,1
0.04420274496,0.06414938718,-0.03104638122,-0.006090850569,1
0.04420274496,0.066119425,-0.03005774133,-0.006651801523,1
0.04420274496,0.06808946282,-0.02900204062,-0.006549484096,1
0.04420274496,0.07005950063,-0.03219948336,-0.005601859186,1
0.04420274496,0.07202953845,-0.03671938553,-0.0007372870459,1
0.04420274496,0.07399957627,-0.04031271487,-0.001504451386,1
0.04420274496,0.07596961409,-0.04579508677,-9.01214662e-05,1
0.04420274496,0.07793965936,-0.05219970271,0.001521459781,1
0.04420274496,0.07990969718,-0.05749798194,-0.0009635526221,1
0.04420274496,0.08187973499,-0.05683914199,-0.0008343373192,1
0.04420274496,0.08384977281,-0.05729510635,-0.006123017054,1
0.04420274496,0.08581981063,-0.05637132004,-0.004676247947,1
0.04420274496,0.08778984845,-0.05262816697,0.002009941265,1
0.04420274496,0.08975988626,-0.04594058171,0.004819418769,1
0.04420274496,0.09172992408,-0.0417470634,0.009373596869,1
0.04420274496,0.0936999619,-0.03735550493,0.01313725859,1
0.04420274496,0.09567000717,-0.03116863221,0.01053346787,1
0.04420274496,0.09764004499,-0.02906017378,0.007917112671,2
0.04420274496,0.09961008281,-0.02178342082,0.00845820643,1
0.04420274496,0.1015801206,-0.02316793799,0.003364040051,1
0.04420274496,0.1035501584,-0.02422957309,0.001280764933,1
0.04420274496,0.1055201963,-0.03171239421,0.002677442506,1
0.04420274496,0.1074902341,-0.02557700686,0.002582424786,2
0.04420274496,0.1094602719,-0.02311464027,0.005598854274,1
0.04420274496,0.1114303172,-0.01793895289,0.005722866394,1
0.04420274496,0.113400355,-0.01231050119,-0.0002192210086,1
0.04420274496,0.1153703928,-0.01185628679,-0.0009733646293,1
0.04420274496,0.1173404306,-0.0114150662,-0.003202031367,1
0.04617278278,0.04838907719,-0.01736392081,0.006126634777,1
0.04617278278,0.050359115,-0.01139133796,0.00981376227,1
0.04617278278,0.05232915282,-0.007908153348,0.008887713775,1
0.04617278278,0.05429919064,-0.01009873766,0.006825479679,1
0.04617278278,0.05626922846,-0.01414749399,0.004356593825,1
0.04617278278,0.05823927,-0.01887669414,0.002043018816,1
0.04617278278,0.06020930782,-0.02470551245,-0.001824514475,1
0.04617278278,0.06217934564,-0.02902726829,-0.004009363241,1
0.04617278278,0.06414938718,-0.03008488193,-0.004190634936,1
0.04617278278,0.066119425,-0.025005823,-0.002003755653,1
0.04617278278,0.06808946282,-0.02725770883,-0.001575430389,1
0.04617278278,0.07005950063,-0.03199950233,-0.0017490678,1
0.04617278278,0.07202953845,-0.0328059569,-0.0004652954522,1
0.04617278278,0.07399957627,-0.03518019989,0.0005570579669,1
0.04617278278,0.07596961409,-0.04186594114,0.001078724512,1
0.04617278278,0.07793965936,-0.05043765157,-0.0002270435944,1
0.04617278278,0.07990969718,-0.05716671795,-0.004028093535,1
0.04617278278,0.08187973499,-0.05455860123,-0.005681033712,1
0.04617278278,0.08384977281,-0.05139264464,-0.00652059447,1
0.04617278278,0.08581981063,-0.05414776877,-0.002223303076,1
0.04617278278,0.08778984845,-0.05364514887,-0.001059682923,1
0.04617278278,0.08975988626,-0.04656929895,-0.0009920273442,1
0.04617278278,0.09172992408,-0.04200999439,0.00595551217,1
0.04617278278,0.0936999619,-0.04144085571,0.01366008818,1
0.04617278278,0.09567000717,-0.03675625473,0.006371247582,1
0.04617278278,0.09764004499,-0.03108778968,0.005538974423,1
0.04617278278,0.09961008281,-0.02480408736,0.005562238861,2
0.04617278278,0.1015801206,-0.02340078168,0.002833520295,1
0.04617278278,0.1035501584,-0.02275948785,0.001493457472,1
0.04617278278,0.1055201963,-0.03053277917,0.000425418606,2
0.04617278278,0.1074902341,-0.02746028081,0.001631274936,2
0.04617278278,0.1094602719,-0.02418622375,0.00386317377,1
0.04617278278,0.1114303172,-0.01426958852,0.005220333114,1
0.04617278278,0.113400355,-0.009464278817,0.004066856578,1
0.04617278278,0.1153703928,-0.01153335441,9.058950673e-05,1
0.04617278278,0.1173404306,-0.01356552914,-0.002041404368,1
0.0481428206,0.04838907719,-0.01756667718,0.004977061413,1
0.0481428206,0.050359115,-0.011453663,0.008932597004,1
0.0481428206,0.05232915282,-0.008438986726,0.009637739509,1
0.0481428206,0.05429919064,-0.009124966338,0.008571825922,1
0.0481428206,0.05626922846,-0.01143644843,0.0116925491,1
0.0481428206,0.05823927,-0.01719854586,0.005735635757,1
0.0481428206,0.06020930782,-0.02157417126,-7.093027671e-05,1
0.0481428206,0.06217934564,-0.02367944457,-0.002418984659,1
0.0481428206,0.06414938718,-0.02732769772,-0.009477070533,1
0.0481428206,0.066119425,-0.02095093578,-0.0007819730672,1
0.0481428206,0.06808946282,-0.02470447309,0.002113381866,1
0.0481428206,0.07005950063,-0.03006106056,0.002724506194,1
0.0481428206,0.07202953845,-0.02893900871,0.003081599949,1
0.0481428206,0.07399957627,-0.03213806823,0.002970936475,1
0.0481428206,0.07596961409,-0.04100441188,-0.004061792046,1
0.0481428206,0.07793965936,-0.04906632379,-0.006524779834,1
0.0481428206,0.07990969718,-0.05672227219,-0.003966121934,1
0.0481428206,0.08187973499,-0.06017035618,0.00164736365,1
0.0481428206,0.08384977281,-0.05171559006,0.003312191227,1
0.0481428206,0.08581981063,-0.04966821894,-6.388392649e-05,1
0.0481428206,0.08778984845,-0.04996626824,-0.006407727487,1
0.0481428206,0.08975988626,-0.04940659553,-0.007964130491,1
0.0481428206,0.09172992408,-0.04600971565,-0.005836634431,1
0.0481428206,0.0936999619,-0.03925338387,0.005165884737,1
0.0481428206,0.09567000717,-0.03453860432,0.005832561757,1
0.0481428206,0.09764004499,-0.03005709685,0.003487145994,1
0.0481428206,0.09961008281,-0.02294435725,0.005418254994,1
0.0481428206,0.1015801206,-0.02479862049,0.002985479776,1
0.0481428206,0.1035501584,-0.02344223484,0.006132158451,1
0.0481428206,0.1055201963,-0.04019895196,-0.004100500606,1
0.0481428206,0.1074902341,-0.02954511717,-0.0003459175641,2
0.0481428206,0.1094602719,-0.02086963318,0.002928049769,1
0.0481428206,0.1114303172,-0.01254532486,0.004780779593,1
0.0481428206,0.113400355,-0.01051032823,0.005154826213,1
0.0481428206,0.1153703928,-0.01409001648,0.003660776187,1
0.0481428206,0.1173404306,-0.01892791316,0.002125987317,1
0.05011285841,0.04838907719,-0.0133274002,0.006173343863,1
0.05011285841,0.050359115,-0.01096967049,0.007746936288,1
0.05011285841,0.05232915282,-0.01150430925,0.008641872555,1
0.05011285841,0.05429919064,-0.01163417753,0.01153623406,1
0.05011285841,0.05626922846,-0.01274923328,0.00923195947,2
0.05011285841,0.05823927,-0.01304575428,0.007581999991,1
0.05011285841,0.06020930782,-0.016906837,0.003225166816,1
0.05011285841,0.06217934564,-0.01990960538,0.002186393132,1
0.05011285841,0.06414938718,-0.02537142113,-0.002265957417,1
0.05011285841,0.066119425,-0.02728210576,-0.002932179486,1
0.05011285841,0.06808946282,-0.02473019995,-0.0004738745629,1
0.05011285841,0.07005950063,-0.02466375567,0.00575700542,1
0.05011285841,0.07202953845,-0.02384753153,0.008949734271,1
0.05011285841,0.07399957627,-0.02560699731,0.00741107529,1
0.05011285841,0.07596961409,-0.03690087423,-0.002705683699,1
0.05011285841,0.07793965936,-0.04988721386,-0.008984403685,1
0.05011285841,0.07990969718,-0.05694746971,-0.007227404509,1
0.05011285841,0.08187973499,-0.05433301628,-0.008355669677,1
0.05011285841,0.08384977281,-0.04956319183,-0.01010129508,1
0.05011285841,0.08581981063,-0.0410028398,-0.001241925987,1
0.05011285841,0.08778984845,-0.04414397106,-0.003704144619,1
0.05011285841,0.08975988626,-0.05164510384,-0.006193689071,1
0.05011285841,0.09172992408,-0.05308143795,-0.001191362855,1
0.05011285841,0.0936999619,-0.04213130474,0.003290463239,2
0.05011285841,0.09567000717,-0.03033115715,0.004669917282,1
0.05011285841,0.09764004499,-0.02385752462,0.002143456833,1
0.05011285841,0.09961008281,-0.02366466261,-0.002614155412,1
0.05011285841,0.1015801206,-0.02982574888,-0.003627117956,1
0.05011285841,0.1035501584,-0.03135767579,-0.0006138262106,1
0.05011285841,0.1055201963,-0.03307841718,0.0007697485853,1
0.05011285841,0.1074902341,-0.029651599,-0.001842494356,1
0.05011285841,0.1094602719,-0.0179481823,-0.001069683814,1
0.05011285841,0.1114303172,-0.01339650992,0.002440835116,1
0.05011285841,0.113400355,-0.01228774339,0.004827160388,1
0.05011285841,0.1153703928,-0.01271291263,0.005110712256,1
0.05011285841,0.1173404306,-0.01222895645,0.003505293978,1
0.05208289623,0.04838907719,-0.006328202784,0.007954808883,1
0.05208289623,0.050359115,-0.008198473603,0.006288062781,1
0.05208289623,0.05232915282,-0.01116843335,0.006722743157,1
0.05208289623,0.05429919064,-0.01475447975,0.006059950218,1
0.05208289623,0.05626922846,-0.01488055568,0.00611705659,1
0.05208289623,0.05823927,-0.01239784621,0.005439844448,1
0.05208289623,0.06020930782,-0.01396094356,0.006697595119,1
0.05208289623,0.06217934564,-0.01632398739,0.006996151991,1
0.05208289623,0.06414938718,-0.01986701787,0.003216686426,1
0.05208289623,0.066119425,-0.02114181966,5.811989104e-05,1
0.05208289623,0.06808946282,-0.0233831536,-0.0004742559104,1
0.05208289623,0.07005950063,-0.02144005336,0.009439372458,1
0.05208289623,0.07202953845,-0.01922955737,0.0121812094,1
0.05208289623,0.07399957627,-0.01901227422,0.009412393905,1
0.05208289623,0.07596961409,-0.03010142222,0.002807351295,1
0.05208289623,0.07793965936,-0.0493600145,-0.008390128613,1
0.05208289623,0.07990969718,-0.05910745636,-0.01038249768,1
0.05208289623,0.08187973499,-0.05466450751,-0.01164751407,1
0.05208289623,0.08384977281,-0.05099998415,-0.01049028244,1
0.05208289623,0.08581981063,-0.04324354604,-0.004554385319,1
0.05208289623,0.08778984845,-0.04775334522,-0.002399388934,1
0.05208289623,0.08975988626,-0.05110540986,-0.00119318522,1
0.05208289623,0.09172992408,-0.05113274604,0.001566569088,1
0.05208289623,0.0936999619,-0.04585925117,0.004517414141,3
0.05208289623,0.09567000717,-0.03023651615,-0.002069776412,1
0.05208289623,0.09764004499,-0.02165846713,-0.002906467533,1
0.05208289623,0.09961008281,-0.02314631455,-0.00319997035,1
0.05208289623,0.1015801206,-0.03433932737,-0.009161940776,1
0.05208289623,0.1035501584,-0.0378167592,-0.009652303532,1
0.05208289623,0.1055201963,-0.03335101902,9.956219401e-06,1
0.05208289623,0.1074902341,-0.02765679359,-0.003086613724,1
0.05208289623,0.1094602719,-0.01652645506,-0.002968683839,1
0.05208289623,0.1114303172,-0.01384563651,0.001221805462,1
0.05208289623,0.113400355,-0.01515144482,0.001223615254,1
0.05208289623,0.1153703928,-0.01576270908,-0.0009260341176,1
0.05208289623,0.1173404306,-0.006370509509,0.001451043529,1
0.05405293778,0.04838907719,-0.005458857398,0.01043778099,1
0.05405293778,0.050359115,-0.01037110016,0.005990431644,1
0.05405293778,0.05232915282,-0.01347106043,0.003866207553,1
0.05405293778,0.05429919064,-0.01741424389,0.004432364367,1
0.05405293778,0.05626922846,-0.01755591668,0.006371418945,1
0.05405293778,0.05823927,-0.01377310511,0.00445587188,1
0.05405293778,0.06020930782,-0.01383192465,0.009143229574,1
0.05405293778,0.06217934564,-0.01420900412,0.008917670697,1
0.05405293778,0.06414938718,-0.01509876922,0.002361142542,1
0.05405293778,0.066119425,-0.01621000841,0.001277995063,1
0.05405293778,0.06808946282,-0.01752867363,0.005333520938,1
0.05405293778,0.07005950063,-0.01723548584,0.01054295804,1
0.05405293778,0.07202953845,-0.01694922335,0.01473357528,1
0.05405293778,0.07399957627,-0.01676241495,0.01490727253,1
0.05405293778,0.07596961409,-0.02533105202,0.01083048806,1
0.05405293778,0.07793965936,-0.0448830463,-0.002646666719,1
0.05405293778,0.07990969718,-0.05643909797,-0.009012526833,1
0.05405293778,0.08187973499,-0.05217885226,-0.00890824385,1
0.05405293778,0.08384977281,-0.05331324041,-0.009571242146,1
0.05405293778,0.08581981063,-0.05610261858,-0.007700456772,1
0.05405293778,0.08778984845,-0.04754703864,-0.002849628916,1
0.05405293778,0.08975988626,-0.04830798134,-0.0006591610145,1
0.05405293778,0.09172992408,-0.04880463704,-0.002981590573,2
0.05405293778,0.0936999619,-0.04437489435,-0.01465079375,1
0.05405293778,0.09567000717,-0.03053696826,-0.01189345308,1
0.05405293778,0.09764004499,-0.02423705533,-0.008712764829,1
0.05405293778,0.09961008281,-0.02269209363,-0.005440372042,1
0.05405293778,0.1015801206,-0.0341277048,-0.01064789761,1
0.05405293778,0.1035501584,-0.03477926552,-0.01095049828,1
0.05405293778,0.1055201963,-0.03443661705,-0.002199252602,1
0.05405293778,0.1074902341,-0.02372979745,-0.007248249371,1
0.05405293778,0.1094602719,-0.01869034208,-0.0039552534,1
0.05405293778,0.1114303172,-0.01453445945,-9.700116789e-05,1
0.05405293778,0.113400355,-0.01378488634,-0.001462912071,1
0.05405293778,0.1153703928,-0.01686566509,-0.003911928739,1
0.05405293778,0.1173404306,-0.009711157531,-0.001332710381,1
0.05602297559,0.04838907719,-0.006972404663,0.01029565092,1
0.05602297559,0.050359115,-0.01015149709,0.007032771129,1
0.05602297559,0.05232915282,-0.01398194581,0.002700745594,1
0.05602297559,0.05429919064,-0.0168024376,0.003822025377,1
0.05602297559,0.05626922846,-0.01692034863,0.006623814814,1
0.05602297559,0.05823927,-0.01315135881,0.002889603609,1
0.05602297559,0.06020930782,-0.01166792773,0.008153768256,1
0.05602297559,0.06217934564,-0.01309966203,0.01068000216,1
0.05602297559,0.06414938718,-0.01494064834,0.007738000248,1
0.05602297559,0.066119425,-0.01549789496,0.00764006516,1
0.05602297559,0.06808946282,-0.01476002485,0.01143576484,1
0.05602297559,0.07005950063,-0.01863944903,0.01288401987,1
0.05602297559,0.07202953845,-0.01658570021,0.01716078445,1
0.05602297559,0.07399957627,-0.01648117043,0.01779731177,1
0.05602297559,0.07596961409,-0.02065690979,0.01629738696,1
0.05602297559,0.07793965936,-0.03265945613,0.01369604375,1
0.05602297559,0.07990969718,-0.04457753152,0.00526779471,1
0.05602297559,0.08187973499,-0.04946425185,-0.003437077859,1
0.05602297559,0.08384977281,-0.05235572532,-0.007287798449,1
0.05602297559,0.08581981063,-0.05184136704,-0.0075381645,1
0.05602297559,0.08778984845,-0.04610321298,-0.002835976193,1
0.05602297559,0.08975988626,-0.04674388841,-0.0007520170184,1
0.05602297559,0.09172992408,-0.05140291527,0.001817023265,2
0.05602297559,0.0936999619,-0.05588839576,0.007022338454,1
0.05602297559,0.09567000717,-0.04097525775,-0.003066355828,1
0.05602297559,0.09764004499,-0.02837275155,-0.01157525182,1
0.05602297559,0.09961008281,-0.0216471646,-0.01166674774,1
0.05602297559,0.1015801206,-0.03023644537,-0.0005486704758,1
0.05602297559,0.1035501584,-0.03110231459,0.00277494383,1
0.05602297559,0.1055201963,-0.0274980627,0.002485197037,1
0.05602297559,0.1074902341,-0.0208585877,-0.002264903393,1
0.05602297559,0.1094602719,-0.01843771338,-0.002881011926,1
0.05602297559,0.1114303172,-0.0134458309,-0.0006450256915,1
0.05602297559,0.113400355,-0.01293276157,-0.0005681726616,1
0.05602297559,0.1153703928,-0.01664884388,-0.0007936268812,1
0.05602297559,0.1173404306,-0.01253000926,-0.002415551106,1
0.05799301341,0.04838907719,-0.0097389929,0.007065008394,1
0.05799301341,0.050359115,-0.006178308278,0.004185286816,1
0.05799301341,0.05232915282,-0.01314653829,0.002220647642,1
0.05799301341,0.05429919064,-0.01473170985,0.003236739896,1
0.05799301341,0.05626922846,-0.01427272987,0.005571676884,1
0.05799301341,0.05823927,-0.01516822726,0.001357756322,1
0.05799301341,0.06020930782,-0.01344827842,0.005088495556,1
0.05799301341,0.06217934564,-0.01100697834,0.01375772152,1
0.05799301341,0.06414938718,-0.01187448017,0.01363048609,1
0.05799301341,0.066119425,-0.01251203008,0.01279166434,1
0.05799301341,0.06808946282,-0.01267956477,0.01367874537,1
0.05799301341,0.07005950063,-0.01855490543,0.0136998035,1
0.05799301341,0.07202953845,-0.01804740354,0.01648451202,1
0.05799301341,0.07399957627,-0.01848315261,0.01741338708,1
0.05799301341,0.07596961409,-0.01520070806,0.01974373683,1
0.05799301341,0.07793965936,-0.02477073483,0.01956136338,1
0.05799301341,0.07990969718,-0.03629601002,0.01274337247,1
0.05799301341,0.08187973499,-0.04316756129,0.003286951454,1
0.05799301341,0.08384977281,-0.05441104248,-0.001337629394,1
0.05799301341,0.08581981063,-0.05423282832,-0.003509689355,1
0.05799301341,0.08778984845,-0.05164973438,-0.003982245922,1
0.05799301341,0.08975988626,-0.04763801396,-0.001013035304,1
0.05799301341,0.09172992408,-0.05417473614,0.003979362082,1
0.05799301341,0.0936999619,-0.05963810906,0.004178720526,1
0.05799301341,0.09567000717,-0.05675562844,0.002792858519,1
0.05799301341,0.09764004499,-0.05068137497,0.001256318181,1
0.05799301341,0.09961008281,-0.0393637158,0.01112384908,1
0.05799301341,0.1015801206,-0.02871714719,0.003459040076,1
0.05799301341,0.1035501584,-0.0298173707,0.004802678246,1
0.05799301341,0.1055201963,-0.02702673711,0.003853360424,1
0.05799301341,0.1074902341,-0.0205322057,0.001311947708,1
0.05799301341,0.1094602719,-0.01619043015,-0.002344161738,1
0.05799301341,0.1114303172,-0.01226983964,-0.001441782922,1
0.05799301341,0.113400355,-0.01127450634,-0.001452503493,1
0.05799301341,0.1153703928,-0.01587092318,-0.001209942973,1
0.05799301341,0.1173404306,-0.01423347928,-0.003312823595,1
0.05996305123,0.04838907719,-0.006811426021,0.005672086962,1
0.05996305123,0.050359115,-0.01296578627,0.001881446457,1
0.05996305123,0.05232915282,-0.01058218442,0.004734321497,1
0.05996305123,0.05429919064,-0.01396983303,0.00537392078,1
0.05996305123,0.05626922846,-0.01572338119,0.003693802049,1
0.05996305123,0.05823927,-0.01234246138,0.001834537601,1
0.05996305123,0.06020930782,-0.01031261031,0.007007031236,1
0.05996305123,0.06217934564,-0.00676694233,0.0149402786,1
0.05996305123,0.06414938718,-0.004256207496,0.01689121686,1
0.05996305123,0.066119425,-0.005271197297,0.01761679165,1
0.05996305123,0.06808946282,-0.009975619614,0.01707368158,1
0.05996305123,0.07005950063,-0.01442392543,0.01495117135,1
0.05996305123,0.07202953845,-0.0185195338,0.01601417176,1
0.05996305123,0.07399957627,-0.01715854928,0.01551500242,1
0.05996305123,0.07596961409,-0.01767261513,0.01718905009,1
0.05996305123,0.07793965936,-0.01988108456,0.01791665517,1
0.05996305123,0.07990969718,-0.03001713008,0.01296012197,1
0.05996305123,0.08187973499,-0.03440113738,0.007997031324,1
0.05996305123,0.08384977281,-0.05512919277,0.0008287870442,1
0.05996305123,0.08581981063,-0.05508227274,-0.001132141799,1
0.05996305123,0.08778984845,-0.05049751326,-0.007927115075,1
0.05996305123,0.08975988626,-0.04765493423,-0.009898116812,1
0.05996305123,0.09172992408,-0.0484668985,-0.001932041137,1
0.05996305123,0.0936999619,-0.05127030239,0.00101004832,1
0.05996305123,0.09567000717,-0.05115884915,0.003062934615,1
0.05996305123,0.09764004499,-0.04480882362,0.003960585222,1
0.05996305123,0.09961008281,-0.0362592265,0.007968326099,1
0.05996305123,0.1015801206,-0.0327395834,0.008955958299,1
0.05996305123,0.1035501584,-0.02856026031,0.004074444063,1
0.05996305123,0.1055201963,-0.02668329515,0.0007884310908,1
0.05996305123,0.1074902341,-0.02269063145,-0.002295002574,1
0.05996305123,0.1094602719,-0.01598928683,-0.002613866236,1
0.05996305123,0.1114303172,-0.01126827113,-0.001068748883,1
0.05996305123,0.113400355,-0.008757260628,-0.002119730692,1
0.05996305123,0.1153703928,-0.0114177065,-0.003555102739,1
0.05996305123,0.1173404306,-0.01532903872,-0.005073523149,1
0.06193309277,0.04838907719,-0.008200945333,0.001676507411,1
0.06193309277,0.050359115,-0.01079385914,0.003841282101,1
0.06193309277,0.05232915282,-0.004898090847,0.007600103971,1
0.06193309277,0.05429919064,-0.01019162778,0.006566835567,1
0.06193309277,0.05626922846,-0.01078463253,0.005210632924,1
0.06193309277,0.05823927,-0.01025805902,0.006140307989,1
0.06193309277,0.06020930782,-0.01016791724,0.007747130003,1
0.06193309277,0.06217934564,-0.007134964224,0.009266736917,1
0.06193309277,0.06414938718,-0.006443231832,0.0120290257,1
0.06193309277,0.066119425,-0.007353384048,0.01735958271,1
0.06193309277,0.06808946282,-0.009604048915,0.01752584614,1
0.06193309277,0.07005950063,-0.01404826622,0.01610161364,1
0.06193309277,0.07202953845,-0.0188464392,0.01694584265,1
0.06193309277,0.07399957627,-0.0212397594,0.01424242929,1
0.06193309277,0.07596961409,-0.02487050556,0.01162875351,1
0.06193309277,0.07793965936,-0.03083417565,0.01263424568,1
0.06193309277,0.07990969718,-0.02964590304,0.01046015695,1
0.06193309277,0.08187973499,-0.03468997404,0.008439692669,2
0.06193309277,0.08384977281,-0.04315402731,0.004857044667,1
0.06193309277,0.08581981063,-0.05581562221,0.0007767383358,1
0.06193309277,0.08778984845,-0.05036382377,-0.003595522605,1
0.06193309277,0.08975988626,-0.04852608591,-0.004549624398,1
0.06193309277,0.09172992408,-0.04520808533,-0.001795197604,1
0.06193309277,0.0936999619,-0.04364812002,0.001111858874,1
0.06193309277,0.09567000717,-0.04533456266,0.003827567212,1
0.06193309277,0.09764004499,-0.04030618817,0.002721993951,1
0.06193309277,0.09961008281,-0.02985604852,0.004252742976,1
0.06193309277,0.1015801206,-0.02933597378,0.009880904108,1
0.06193309277,0.1035501584,-0.03181437403,0.007389308419,1
0.06193309277,0.1055201963,-0.02619016171,-0.0002608678478,1
0.06193309277,0.1074902341,-0.02262626775,-0.002444593702,1
0.06193309277,0.1094602719,-0.01659166999,-0.001943640993,1
0.06193309277,0.1114303172,-0.01114804205,-0.0007227835013,1
0.06193309277,0.113400355,-0.007070991211,-0.000406683801,1
0.06193309277,0.1153703928,-0.004407036118,-0.005564087536,1
0.06193309277,0.1173404306,-0.004789019935,-0.005967623554,1
0.06390313059,0.04838907719,-0.006292852107,0.001155660837,1
0.06390313059,0.050359115,-0.008837252855,0.008006875403,1
0.06390313059,0.05232915282,-0.009665342979,0.00992492307,1
0.06390313059,0.05429919064,-0.009366254322,0.00577814132,1
0.06390313059,0.05626922846,-0.01022864506,0.00626753876,1
0.06390313059,0.05823927,-0.01122739539,0.007526115514,1
0.06390313059,0.06020930782,-0.01298464369,0.01035133284,1
0.06390313059,0.06217934564,-0.01043942384,0.01121990662,1
0.06390313059,0.06414938718,-0.007959819399,0.01522161812,1
0.06390313059,0.066119425,-0.007452811114,0.01790152304,1
0.06390313059,0.06808946282,-0.009673382156,0.0186792966,1
0.06390313059,0.07005950063,-0.01219594013,0.01620789059,1
0.06390313059,0.07202953845,-0.01791423745,0.01424689498,1
0.06390313059,0.07399957627,-0.02442577295,0.008913835511,1
0.06390313059,0.07596961409,-0.02253735252,0.003893423127,1
0.06390313059,0.07793965936,-0.02624481358,0.009788923897,2
0.06390313059,0.07990969718,-0.03229509667,0.0130251972,1
0.06390313059,0.08187973499,-0.03155883029,0.0104445396,1
0.06390313059,0.08384977281,-0.03653332219,0.01076700073,1
0.06390313059,0.08581981063,-0.04980970174,0.01160456147,1
0.06390313059,0.08778984845,-0.05393018946,0.006435913965,1
0.06390313059,0.08975988626,-0.05103716627,0.0039129504,1
0.06390313059,0.09172992408,-0.04463289678,0.001728312811,1
0.06390313059,0.0936999619,-0.0450751856,0.002926835325,1
0.06390313059,0.09567000717,-0.04299369082,0.003233028576,1
0.06390313059,0.09764004499,-0.03765648976,-0.0005070078187,1
0.06390313059,0.09961008281,-0.02627905831,0.001001029275,1
0.06390313059,0.1015801206,-0.02512634732,0.005598193966,1
0.06390313059,0.1035501584,-0.02682615072,0.003894033609,1
0.06390313059,0.1055201963,-0.02490610816,0.00158377667,1
0.06390313059,0.1074902341,-0.02083157934,-0.001358657493,1
0.06390313059,0.1094602719,-0.01597168855,-0.001730417367,1
0.06390313059,0.1114303172,-0.01128519233,-0.001268210588,1
0.06390313059,0.113400355,-0.005064162891,-0.0002863759873,1
0.06390313059,0.1153703928,-0.00264931866,-0.002244588919,1
0.06390313059,0.1173404306,-0.001499223989,-0.002650957322,1
0.06587316841,0.04838907719,-0.007207724731,0.003668630263,1
0.06587316841,0.050359115,-0.005915904883,0.01103742048,1
0.06587316841,0.05232915282,-0.005898751318,0.009018465877,1
0.06587316841,0.05429919064,-0.006946928799,0.007908482105,1
0.06587316841,0.05626922846,-0.01004100125,0.007671098225,1
0.06587316841,0.05823927,-0.01425911672,0.00764723774,1
0.06587316841,0.06020930782,-0.01444473024,0.009580498561,1
0.06587316841,0.06217934564,-0.01182781532,0.01263579261,1
0.06587316841,0.06414938718,-0.007567378692,0.01831264421,1
0.06587316841,0.066119425,-0.006148238201,0.01913347468,1
0.06587316841,0.06808946282,-0.007439491339,0.01843906008,1
0.06587316841,0.07005950063,-0.007534181699,0.01748164743,1
0.06587316841,0.07202953845,-0.01369344629,0.01458692644,1
0.06587316841,0.07399957627,-0.02456120029,0.006099824794,1
0.06587316841,0.07596961409,-0.0207673125,0.004669283982,1
0.06587316841,0.07793965936,-0.01931263134,0.009602829814,1
0.06587316841,0.07990969718,-0.0311164204,0.01742053404,1
0.06587316841,0.08187973499,-0.03576238826,0.01528756414,1
0.06587316841,0.08384977281,-0.04070455208,0.01591880806,1
0.06587316841,0.08581981063,-0.04872129112,0.02376852743,1
0.06587316841,0.08778984845,-0.05254327133,0.02087845095,1
0.06587316841,0.08975988626,-0.05391741171,0.01141505316,1
0.06587316841,0.09172992408,-0.04817108437,0.007027186453,1
0.06587316841,0.0936999619,-0.04569540545,0.006273529027,1
0.06587316841,0.09567000717,-0.04114157706,0.004639804829,1
0.06587316841,0.09764004499,-0.03486105055,0.002757274546,1
0.06587316841,0.09961008281,-0.03307237104,0.0009971983964,1
0.06587316841,0.1015801206,-0.02478392981,0.0003971967672,1
0.06587316841,0.1035501584,-0.02490923181,0.001053320011,1
0.06587316841,0.1055201963,-0.02454433404,0.001154616708,1
0.06587316841,0.1074902341,-0.02188300341,-0.0003058561124,1
0.06587316841,0.1094602719,-0.01726758853,-0.002628615359,1
0.06587316841,0.1114303172,-0.01314252708,-0.003342289478,1
0.06587316841,0.113400355,-0.007861380465,-0.0005734424922,1
0.06587316841,0.1153703928,-0.00344834826,-0.0001267201878,1
0.06587316841,0.1173404306,-0.003841012018,0.0002074202494,1
0.06784320623,0.04838907719,-0.006312371697,0.002339034574,1
0.06784320623,0.050359115,-0.00689194398,0.007982815616,1
0.06784320623,0.05232915282,-0.007694253698,0.006212195382,1
0.06784320623,0.05429919064,-0.007910283282,0.008138368838,1
0.06784320623,0.05626922846,-0.01142558455,0.007865482941,1
0.06784320623,0.05823927,-0.01559379604,0.007171845995,1
0.06784320623,0.06020930782,-0.01663741656,0.008223901503,1
0.06784320623,0.06217934564,-0.009212588891,0.01147298235,1
0.06784320623,0.06414938718,-0.005267920904,0.01490835566,1
0.06784320623,0.066119425,-0.007168862037,0.01919525117,1
0.06784320623,0.06808946282,-0.005624188576,0.01968403719,1
0.06784320623,0.07005950063,-0.00737156393,0.01925705187,1
0.06784320623,0.07202953845,-0.01498238184,0.01660355367,1
0.06784320623,0.07399957627,-0.02460072003,0.01272642054,1
0.06784320623,0.07596961409,-0.0255179964,0.0113775814,1
0.06784320623,0.07793965936,-0.02883576974,0.01424441859,1
0.06784320623,0.07990969718,-0.03572986275,0.02376984805,1
0.06784320623,0.08187973499,-0.04483887181,0.02567994781,1
0.06784320623,0.08384977281,-0.05253196135,0.02396880835,1
0.06784320623,0.08581981063,-0.0472038351,0.02484080754,1
0.06784320623,0.08778984845,-0.04953324795,0.01752411202,2
0.06784320623,0.08975988626,-0.04916919395,0.01158371381,1
0.06784320623,0.09172992408,-0.04606789351,0.01026841905,1
0.06784320623,0.0936999619,-0.04400840402,0.0103089828,1
0.06784320623,0.09567000717,-0.04196297377,0.006833914202,1
0.06784320623,0.09764004499,-0.03720713779,0.005256213713,1
0.06784320623,0.09961008281,-0.03344759345,0.005540136248,1
0.06784320623,0.1015801206,-0.02888708934,0.001480695675,1
0.06784320623,0.1035501584,-0.02928743511,-0.0001767362701,1
0.06784320623,0.1055201963,-0.02662967891,0.002555853222,1
0.06784320623,0.1074902341,-0.0218205899,0.004012938123,1
0.06784320623,0.1094602719,-0.01918113232,-0.0009334842325,1
0.06784320623,0.1114303172,-0.01517695561,-0.002464850666,1
0.06784320623,0.113400355,-0.0102795409,-0.0005050306208,1
0.06784320623,0.1153703928,-0.006604068913,0.0006615842576,1
0.06784320623,0.1173404306,-0.008719453588,0.002788505051,1
0.06981324404,0.04838907719,-0.004887642805,0.004098810256,1
0.06981324404,0.050359115,-0.005511301104,0.003049102146,1
0.06981324404,0.05232915282,-0.005424351897,0.005749627482,1
0.06981324404,0.05429919064,-0.007673975546,0.007252360694,1
0.06981324404,0.05626922846,-0.01133476291,0.008229986764,1
0.06981324404,0.05823927,-0.01621287689,0.007315408904,1
0.06981324404,0.06020930782,-0.01851053908,0.007529856637,1
0.06981324404,0.06217934564,-0.01323461533,0.007776861079,1
0.06981324404,0.06414938718,-0.007670427673,0.0109263584,1
0.06981324404,0.066119425,-0.009813064709,0.01879265346,1
0.06981324404,0.06808946282,-0.006660232786,0.02079778351,1
0.06981324404,0.07005950063,-0.009716375731,0.01939005964,1
0.06981324404,0.07202953845,-0.02367915213,0.01555516291,1
0.06981324404,0.07399957627,-0.03453164175,0.01335341204,1
0.06981324404,0.07596961409,-0.03249045461,0.01220691111,1
0.06981324404,0.07793965936,-0.04445870593,0.01371104736,1
0.06981324404,0.07990969718,-0.04973053187,0.01764054969,1
0.06981324404,0.08187973499,-0.04898324981,0.02488322183,1
0.06981324404,0.08384977281,-0.05313220993,0.026705347,1
0.06981324404,0.08581981063,-0.04467803985,0.02238697745,1
0.06981324404,0.08778984845,-0.0492166914,0.01279347483,1
0.06981324404,0.08975988626,-0.04785421491,0.01007794216,1
0.06981324404,0.09172992408,-0.04444253817,0.01144673303,1
0.06981324404,0.0936999619,-0.04154201597,0.01235678047,1
0.06981324404,0.09567000717,-0.0476735048,0.01106841397,1
0.06981324404,0.09764004499,-0.04337145016,0.009872812778,1
0.06981324404,0.09961008281,-0.03489559516,0.009539466351,1
0.06981324404,0.1015801206,-0.03041552193,0.007717405912,1
0.06981324404,0.1035501584,-0.03219435364,0.01071771514,1
0.06981324404,0.1055201963,-0.02333429269,0.01048796438,1
0.06981324404,0.1074902341,-0.01937590353,0.01031788904,1
0.06981324404,0.1094602719,-0.01963747665,0.004939402454,1
0.06981324404,0.1114303172,-0.01570285857,0.001850736327,1
0.06981324404,0.113400355,-0.01163484994,0.001352480496,1
0.06981324404,0.1153703928,-0.006309952587,0.0009552171105,1
0.06981324404,0.1173404306,-0.004530268256,0.00238908059,1
0.07178328186,0.04838907719,-0.00462292321,0.006837462541,1
0.07178328186,0.050359115,-0.007465202827,0.004792042542,1
0.07178328186,0.05232915282,-0.005769284442,0.005804205779,1
0.07178328186,0.05429919064,-0.007783323526,0.006644622423,1
0.07178328186,0.05626922846,-0.008499068208,0.009025611915,1
0.07178328186,0.05823927,-0.01306290552,0.01086119097,1
0.07178328186,0.06020930782,-0.01920269802,0.007285611704,1
0.07178328186,0.06217934564,-0.01892673969,0.004580448382,1
0.07178328186,0.06414938718,-0.01394914556,0.008817930706,1
0.07178328186,0.066119425,-0.01168319862,0.01723532006,1
0.07178328186,0.06808946282,-0.01020645723,0.01703921147,1
0.07178328186,0.07005950063,-0.02468713745,0.01439379156,1
0.07178328186,0.07202953845,-0.04044693708,0.01514842175,1
0.07178328186,0.07399957627,-0.04396659508,0.01254653092,1
0.07178328186,0.07596961409,-0.04002784565,0.007269171532,1
0.07178328186,0.07793965936,-0.05910654739,0.01047804393,1
0.07178328186,0.07990969718,-0.06039782614,0.01075950917,1
0.07178328186,0.08187973499,-0.05742333084,0.01447848976,1
0.07178328186,0.08384977281,-0.05125848204,0.008380139247,1
0.07178328186,0.08581981063,-0.04530914873,0.003635975532,1
0.07178328186,0.08778984845,-0.04580181092,0.002872694051,1
0.07178328186,0.08975988626,-0.04742875695,0.00627247151,1
0.07178328186,0.09172992408,-0.04030801728,0.01167124882,1
0.07178328186,0.0936999619,-0.03607487306,0.01322344318,1
0.07178328186,0.09567000717,-0.0479308404,0.01102527138,1
0.07178328186,0.09764004499,-0.04513617977,0.01127797458,1
0.07178328186,0.09961008281,-0.04077635705,0.01323635411,1
0.07178328186,0.1015801206,-0.03827476874,0.01547673717,1
0.07178328186,0.1035501584,-0.03253736719,0.01871242374,1
0.07178328186,0.1055201963,-0.02516437694,0.01745497994,1
0.07178328186,0.1074902341,-0.01966222562,0.01512823254,1
0.07178328186,0.1094602719,-0.01844810322,0.00886362046,1
0.07178328186,0.1114303172,-0.01384811196,0.003876856994,1
0.07178328186,0.113400355,-0.01045071706,0.002359751612,1
0.07178328186,0.1153703928,-0.004498910159,-0.004098467529,1
0.07178328186,0.1173404306,-0.005047875457,0.00703773275,1
0.07375332713,0.04838907719,-0.005207132548,0.007255877834,1
0.07375332713,0.050359115,-0.00740356883,0.005661261734,1
0.07375332713,0.05232915282,-0.007672922686,0.005180192646,1
0.07375332713,0.05429919064,-0.005538603291,0.005039538722,1
0.07375332713,0.05626922846,-0.01063388214,0.007101763971,1
0.07375332713,0.05823927,-0.0149994744,0.009061494842,1
0.07375332713,0.06020930782,-0.01765498891,0.008246441372,1
0.07375332713,0.06217934564,-0.01906927302,0.00643811794,1
0.07375332713,0.06414938718,-0.01718065515,0.008473040536,1
0.07375332713,0.066119425,-0.01578365266,0.01142239571,1
0.07375332713,0.06808946282,-0.01821403578,0.01234039757,1
0.07375332713,0.07005950063,-0.02989965677,0.01353565603,1
0.07375332713,0.07202953845,-0.0475153774,0.01146540325,1
0.07375332713,0.07399957627,-0.05302959681,0.005161744077,1
0.07375332713,0.07596961409,-0.05279787257,0.01101511065,1
0.07375332713,0.07793965936,-0.05356047302,0.01410391089,1
0.07375332713,0.07990969718,-0.05937531963,0.002126500942,1
0.07375332713,0.08187973499,-0.05771511048,0.00124529656,1
0.07375332713,0.08384977281,-0.04913536087,0.004113395698,1
0.07375332713,0.08581981063,-0.04707887396,0.001913317246,1
0.07375332713,0.08778984845,-0.0481217131,0.0009569459362,1
0.07375332713,0.08975988626,-0.04888550565,0.005651168991,1
0.07375332713,0.09172992408,-0.04671734944,0.009036576375,1
0.07375332713,0.0936999619,-0.04450167343,0.009145603515,1
0.07375332713,0.09567000717,-0.04497113824,0.01178697962,1
0.07375332713,0.09764004499,-0.0420448184,0.01051863562,1
0.07375332713,0.09961008281,-0.03876500949,0.009784847498,1
0.07375332713,0.1015801206,-0.03855947405,0.01047095004,1
0.07375332713,0.1035501584,-0.03321351856,0.01799559593,1
0.07375332713,0.1055201963,-0.0282391794,0.02367661521,1
0.07375332713,0.1074902341,-0.02209334075,0.01812816411,1
0.07375332713,0.1094602719,-0.01279314887,0.023054488,1
0.07375332713,0.1114303172,-0.008701846004,0.007979665883,1
0.07375332713,0.113400355,-0.00777335465,0.001508378191,1
0.07375332713,0.1153703928,-0.004404737614,-0.0009560158942,1
0.07375332713,0.1173404306,-0.008610587567,0.007289130241,1
0.07572336495,0.04838907719,-0.007434512489,0.005524985492,1
0.07572336495,0.050359115,-0.00558378594,0.006050970405,1
0.07572336495,0.05232915282,-0.00525698252,0.005624727346,1
0.07572336495,0.05429919064,-0.006030185148,0.006411332637,1
0.07572336495,0.05626922846,-0.00921576377,0.006776263937,1
0.07572336495,0.05823927,-0.01279141568,0.006813616492,1
0.07572336495,0.06020930782,-0.01565655507,0.006761294324,1
0.07572336495,0.06217934564,-0.0171559155,0.007065840997,1
0.07572336495,0.06414938718,-0.01840918697,0.004875879269,1
0.07572336495,0.066119425,-0.01926123537,0.00484879734,1
0.07572336495,0.06808946282,-0.02609683201,0.004705703817,1
0.07572336495,0.07005950063,-0.03482187167,0.006473993883,1
0.07572336495,0.07202953845,-0.04231365398,0.003224205924,3
0.07572336495,0.07399957627,-0.0525990352,0.001748252544,1
0.07572336495,0.07596961409,-0.05413876101,0.006485798862,1
0.07572336495,0.07793965936,-0.05174851418,0.005782073829,1
0.07572336495,0.07990969718,-0.05484052002,0.001044343808,1
0.07572336495,0.08187973499,-0.05809380487,-0.0009561405168,1
0.07572336495,0.08384977281,-0.0514976047,0.001797376666,1
0.07572336495,0.08581981063,-0.05210509896,0.005869602785,1
0.07572336495,0.08778984845,-0.05874744803,0.005665669683,1
0.07572336495,0.08975988626,-0.0542688854,0.004994680174,1
0.07572336495,0.09172992408,-0.0488345325,0.008414133452,1
0.07572336495,0.0936999619,-0.04599573836,0.01012085006,1
0.07572336495,0.09567000717,-0.03807828575,0.01350601576,1
0.07572336495,0.09764004499,-0.03855394199,0.008630335331,1
0.07572336495,0.09961008281,-0.03615896031,0.008313079365,1
0.07572336495,0.1015801206,-0.03408798203,0.007747201249,1
0.07572336495,0.1035501584,-0.03341427445,0.01392248087,1
0.07572336495,0.1055201963,-0.03286509588,0.01963071898,1
0.07572336495,0.1074902341,-0.03288979828,0.019940231,1
0.07572336495,0.1094602719,-0.01640955545,0.0204442516,1
0.07572336495,0.1114303172,-0.008554574102,0.00820455607,1
0.07572336495,0.113400355,-0.007814620622,0.00209015049,1
0.07572336495,0.1153703928,-0.00673957495,0.003938235343,1
0.07572336495,0.1173404306,-0.009991478175,0.00121075497,1
0.07769340277,0.04838907719,-0.005270592403,0.002019330626,1
0.07769340277,0.050359115,-0.003869894193,0.004001088906,1
0.07769340277,0.05232915282,-0.005546706729,0.005447685719,1
0.07769340277,0.05429919064,-0.006425387692,0.005759356078,1
0.07769340277,0.05626922846,-0.0066165803,0.005600501318,1
0.07769340277,0.05823927,-0.01061675418,0.00543435337,1
0.07769340277,0.06020930782,-0.01505866181,0.005330375396,1
0.07769340277,0.06217934564,-0.01788180508,0.004587521311,1
0.07769340277,0.06414938718,-0.01612259448,-0.002515158616,1
0.07769340277,0.066119425,-0.02079068311,-0.002187726554,1
0.07769340277,0.06808946282,-0.03304754943,-0.005636488087,1
0.07769340277,0.07005950063,-0.04316772148,-0.006323225331,1
0.07769340277,0.07202953845,-0.04688179865,-0.002072151983,1
0.07769340277,0.07399957627,-0.05558562279,-0.000878801744,1
0.07769340277,0.07596961409,-0.05483879521,0.00311534293,1
0.07769340277,0.07793965936,-0.04975773022,0.001308671432,1
0.07769340277,0.07990969718,-0.05138398334,0.0002617758582,1
0.07769340277,0.08187973499,-0.05322619155,0.0002650530951,1
0.07769340277,0.08384977281,-0.05338842794,0.0007127247518,1
0.07769340277,0.08581981063,-0.05522609502,0.004509738646,1
0.07769340277,0.08778984845,-0.05982954055,0.005637285765,1
0.07769340277,0.08975988626,-0.05802800134,0.004730126821,1
0.07769340277,0.09172992408,-0.05026788637,0.008374092169,1
0.07769340277,0.0936999619,-0.0450938046,0.0106798131,1
0.07769340277,0.09567000717,-0.03895123675,0.01057711709,1
0.07769340277,0.09764004499,-0.03971506283,0.01021990832,1
0.07769340277,0.09961008281,-0.0339624472,0.01014905702,1
0.07769340277,0.1015801206,-0.03059915267,0.01014927402,1
0.07769340277,0.1035501584,-0.03174094856,0.008126600645,1
0.07769340277,0.1055201963,-0.04066945985,0.008964070119,1
0.07769340277,0.1074902341,-0.03425749391,0.01501153689,1
0.07769340277,0.1094602719,-0.02124674059,0.01427268423,1
0.07769340277,0.1114303172,-0.01160926372,0.007340572309,1
0.07769340277,0.113400355,-0.0139156431,0.0005493590143,1
0.07769340277,0.1153703928,-0.008618752472,0.000429942942,1
0.07769340277,0.1173404306,-0.01462108549,0.003520270344,1
0.07966344059,0.04838907719,-0.005999588873,0.004698221572,1
0.07966344059,0.050359115,-0.002996867988,0.004043276887,1
0.07966344059,0.05232915282,-0.00582545111,0.005083991215,1
0.07966344059,0.05429919064,-0.006139125675,0.005437107757,1
0.07966344059,0.05626922846,-0.007141169626,0.004658315796,1
0.07966344059,0.05823927,-0.01142371912,0.004335704725,1
0.07966344059,0.06020930782,-0.01726984419,0.003246090608,1
0.07966344059,0.06217934564,-0.02154474892,0.001484099077,1
0.07966344059,0.06414938718,-0.02193486504,-0.004133937415,1
0.07966344059,0.066119425,-0.02440377325,-0.004397920333,1
0.07966344059,0.06808946282,-0.03590191901,-0.01283290796,1
0.07966344059,0.07005950063,-0.04622084647,-0.006276458502,1
0.07966344059,0.07202953845,-0.05198148638,-0.003030563705,1
0.07966344059,0.07399957627,-0.05540097877,-0.001009787549,1
0.07966344059,0.07596961409,-0.05425361544,0.003400390735,1
0.07966344059,0.07793965936,-0.05311550945,0.001106972457,1
0.07966344059,0.07990969718,-0.05180965737,-0.0005921433913,1
0.07966344059,0.08187973499,-0.05538342893,0.001135407365,1
0.07966344059,0.08384977281,-0.05716275424,0.00130381668,1
0.07966344059,0.08581981063,-0.05892117321,0.002421006327,1
0.07966344059,0.08778984845,-0.05732771009,0.005036223214,1
0.07966344059,0.08975988626,-0.05009533092,0.007889635861,1
0.07966344059,0.09172992408,-0.04430150986,0.009743376635,1
0.07966344059,0.0936999619,-0.04524781182,0.008079520427,1
0.07966344059,0.09567000717,-0.04091580212,0.004179385491,1
0.07966344059,0.09764004499,-0.03732493147,0.005990474485,1
0.07966344059,0.09961008281,-0.03650543466,0.01184039656,1
0.07966344059,0.1015801206,-0.03497148305,0.01320505235,1
0.07966344059,0.1035501584,-0.03041286953,0.01244720537,1
0.07966344059,0.1055201963,-0.02755622566,0.01212874707,1
0.07966344059,0.1074902341,-0.02905555069,0.002882901346,1
0.07966344059,0.1094602719,-0.01704032347,-0.003294355469,1
0.07966344059,0.1114303172,-0.001208274043,-0.004657748155,1
0.07966344059,0.113400355,-0.01103451289,-0.00266805361,1
0.07966344059,0.1153703928,-0.003049487015,-0.0004423547944,1
0.07966344059,0.1173404306,-0.0008710039547,0.003767687595,1
0.0816334784,0.04838907719,-0.006505517289,0.005098255351,1
0.0816334784,0.050359115,-0.008245430887,0.004547724035,1
0.0816334784,0.05232915282,-0.006126120221,0.006208452396,1
0.0816334784,0.05429919064,-0.00774526177,0.004989256151,1
0.0816334784,0.05626922846,-0.009687107988,0.003750152653,1
0.0816334784,0.05823927,-0.007612614427,-1.199088274e-06,1
0.0816334784,0.06020930782,-0.01710183546,-0.001760669984,1
0.0816334784,0.06217934564,-0.02419034392,-0.003734073136,1
0.0816334784,0.06414938718,-0.02746153995,-0.006574402098,1
0.0816334784,0.066119425,-0.02867005393,-0.002068802947,1
0.0816334784,0.06808946282,-0.03437408805,-0.001634286251,1
0.0816334784,0.07005950063,-0.0434011817,0.0007919917116,1
0.0816334784,0.07202953845,-0.05157450214,0.001135697472,1
0.0816334784,0.07399957627,-0.0555501841,0.002469962696,1
0.0816334784,0.07596961409,-0.05533333868,0.005405737087,1
0.0816334784,0.07793965936,-0.05686544627,0.0005542169674,1
0.0816334784,0.07990969718,-0.05737169087,-0.001333132619,1
0.0816334784,0.08187973499,-0.06075361744,-0.00196679798,1
0.0816334784,0.08384977281,-0.06305928528,-0.002716566669,1
0.0816334784,0.08581981063,-0.06421627849,-0.0001211161652,1
0.0816334784,0.08778984845,-0.05926904082,0.002402801998,1
0.0816334784,0.08975988626,-0.05012373999,0.004501990974,1
0.0816334784,0.09172992408,-0.04736039415,0.006946231239,1
0.0816334784,0.0936999619,-0.04565727338,0.006800101604,1
0.0816334784,0.09567000717,-0.04275491089,0.00198100484,1
0.0816334784,0.09764004499,-0.04100768641,0.003827555338,1
0.0816334784,0.09961008281,-0.038342949,0.006773632485,1
0.0816334784,0.1015801206,-0.03490817174,0.01205712557,1
0.0816334784,0.1035501584,-0.02777376585,0.009617028758,1
0.0816334784,0.1055201963,-0.02259469777,0.006106121931,1
0.0816334784,0.1074902341,-0.02360715531,-0.003926726524,1
0.0816334784,0.1094602719,-0.01239931397,-0.008923540823,1
0.0816334784,0.1114303172,-0.001169454888,-0.008944843896,1
0.0816334784,0.113400355,-0.0004969597794,-0.007431657519,1
0.0816334784,0.1153703928,-0.00101317314,-0.008348856121,1
0.0816334784,0.1173404306,0.007460729685,-0.00051029725,1
0.08360351622,0.04838907719,-0.00372703583,0.003639494767,1
0.08360351622,0.050359115,-0.006573160179,0.003327155951,1
0.08360351622,0.05232915282,-0.007029872388,0.004320049193,1
0.08360351622,0.05429919064,-0.009095017798,0.00326802372,1
0.08360351622,0.05626922846,-0.01017599087,0.002012359444,1
0.08360351622,0.05823927,-0.008824970573,0.001110246987,1
0.08360351622,0.06020930782,-0.01473158505,-0.001984691713,1
0.08360351622,0.06217934564,-0.02169383317,-0.0002441809629,2
0.08360351622,0.06414938718,-0.02861855924,0.0009509410593,2
0.08360351622,0.066119425,-0.03557423502,0.002996452851,1
0.08360351622,0.06808946282,-0.04049033672,0.001967341639,1
0.08360351622,0.07005950063,-0.0426502116,0.003539548954,1
0.08360351622,0.07202953845,-0.05163792521,0.008153734729,1
0.08360351622,0.07399957627,-0.05727890879,0.008080655709,1
0.08360351622,0.07596961409,-0.05555658787,0.006891513243,1
0.08360351622,0.07793965936,-0.05783896521,0.0008560010465,1
0.08360351622,0.07990969718,-0.05787198991,-0.0003834771633,1
0.08360351622,0.08187973499,-0.0622315295,-0.006623334717,1
0.08360351622,0.08384977281,-0.06483427435,-0.005075880792,2
0.08360351622,0.08581981063,-0.06362118572,-0.003877228359,1
0.08360351622,0.08778984845,-0.0585414134,-0.004031915683,1
0.08360351622,0.08975988626,-0.05834730342,-0.003174044192,1
0.08360351622,0.09172992408,-0.05209281668,0.00294746994,1
0.08360351622,0.0936999619,-0.04686993733,0.002107192529,1
0.08360351622,0.09567000717,-0.04458364099,-0.002564315917,1
0.08360351622,0.09764004499,-0.04523390904,0.002314290032,1
0.08360351622,0.09961008281,-0.04332841188,0.005931769498,1
0.08360351622,0.1015801206,-0.04186729342,0.009010633454,1
0.08360351622,0.1035501584,-0.02336932905,0.002455921611,1
0.08360351622,0.1055201963,-0.013888577,-0.001453995123,1
0.08360351622,0.1074902341,-0.02390888333,-0.00532228034,1
0.08360351622,0.1094602719,-0.02616901509,-0.004045051988,1
0.08360351622,0.1114303172,-0.004409449641,-0.008491562679,1
0.08360351622,0.113400355,-0.005880797282,-0.006676041987,1
0.08360351622,0.1153703928,-3.851834117e-05,-0.01059199031,1
0.08360351622,0.1173404306,0.002935000928,-0.005079417955,2
0.08557355404,0.04838907719,-0.001401792746,0.001876528142,1
0.08557355404,0.050359115,-0.004625805654,0.001490782946,1
0.08557355404,0.05232915282,-0.008076801896,0.001303049154,1
0.08557355404,0.05429919064,-0.009765329771,0.001648447127,1
0.08557355404,0.05626922846,-0.008769555949,0.001776582678,1
0.08557355404,0.05823927,-0.007307714783,0.002050843788,1
0.08557355404,0.06020930782,-0.01139514614,0.00342024304,1
0.08557355404,0.06217934564,-0.01923484541,0.00379109988,1
0.08557355404,0.06414938718,-0.02974463068,0.007625894621,1
0.08557355404,0.066119425,-0.03650562465,0.008767887019,1
0.08557355404,0.06808946282,-0.03769692034,-0.006783635821,1
0.08557355404,0.07005950063,-0.04289582744,-0.003820777638,1
0.08557355404,0.07202953845,-0.05043238774,0.006048835814,1
0.08557355404,0.07399957627,-0.05618673936,0.006357898004,1
0.08557355404,0.07596961409,-0.05764060467,0.005295442417,1
0.08557355404,0.07793965936,-0.05730343238,0.002907316899,1
0.08557355404,0.07990969718,-0.05431707203,-0.002017044462,1
0.08557355404,0.08187973499,-0.05029729381,-0.007349901367,1
0.08557355404,0.08384977281,-0.07042510062,-0.007086393889,1
0.08557355404,0.08581981063,-0.06344736367,-0.007280085236,1
0.08557355404,0.08778984845,-0.06177273393,-0.0103267841,1
0.08557355404,0.08975988626,-0.060793221,-0.007400733884,1
0.08557355404,0.09172992408,-0.05098592862,-0.002622402273,1
0.08557355404,0.0936999619,-0.04652342945,0.0005745450035,1
0.08557355404,0.09567000717,-0.04291223362,0.003166514682,1
0.08557355404,0.09764004499,-0.0433678478,0.001200162456,1
0.08557355404,0.09961008281,-0.04360957816,0.003258272773,1
0.08557355404,0.1015801206,-0.04059739411,0.004230184946,1
0.08557355404,0.1035501584,-0.03610572591,0.00146001915,1
0.08557355404,0.1055201963,-0.02046279237,-0.001431099838,2
0.08557355404,0.1074902341,-0.02211872675,-0.003335299436,1
0.08557355404,0.1094602719,-0.02238948271,-0.004285583738,1
0.08557355404,0.1114303172,-0.01908382773,-0.0006211854052,1
0.08557355404,0.113400355,-0.009312222712,-0.002026247093,1
0.08557355404,0.1153703928,-0.002136653522,-0.004308257252,1
0.08557355404,0.1173404306,0.001382791786,-0.004135965835,2
0.08754359186,0.04838907719,0.001296866103,0.001530558453,1
0.08754359186,0.050359115,-0.009008087218,0.001279751072,1
0.08754359186,0.05232915282,-0.01152420137,0.0007419905742,1
0.08754359186,0.05429919064,-0.009511243552,0.001258938224,1
0.08754359186,0.05626922846,-0.006466757506,0.001419420936,1
0.08754359186,0.05823927,-0.004863278009,0.001646173536,1
0.08754359186,0.06020930782,-0.01414956152,0.004217077512,1
0.08754359186,0.06217934564,-0.02597871982,0.00635358505,1
0.08754359186,0.06414938718,-0.03143645078,0.004146018066,1
0.08754359186,0.066119425,-0.03398285806,0.003237609984,1
0.08754359186,0.06808946282,-0.03808943182,-0.005433511455,1
0.08754359186,0.07005950063,-0.04662446678,-0.004224866629,1
0.08754359186,0.07202953845,-0.0634027943,0.008993006311,1
0.08754359186,0.07399957627,-0.06063431501,0.004582268652,2
0.08754359186,0.07596961409,-0.06019238755,0.00212323037,1
0.08754359186,0.07793965936,-0.05769228563,0.001101615024,1
0.08754359186,0.07990969718,-0.0553608872,-0.001883934019,1
0.08754359186,0.08187973499,-0.05053744465,-0.005871891044,1
0.08754359186,0.08384977281,-0.05695302784,-0.00909542758,2
0.08754359186,0.08581981063,-0.05796887726,-0.01133006345,1
0.08754359186,0.08778984845,-0.06248030439,-0.01353599224,1
0.08754359186,0.08975988626,-0.06017698348,-0.01113799494,1
0.08754359186,0.09172992408,-0.04877617955,-0.009249806404,1
0.08754359186,0.0936999619,-0.0447646901,0.0006857939297,1
0.08754359186,0.09567000717,-0.04126381129,0.006259130314,1
0.08754359186,0.09764004499,-0.03169612586,-0.001318500377,1
0.08754359186,0.09961008281,-0.02960363217,-0.002985473024,1
0.08754359186,0.1015801206,-0.03501623869,-0.005643009674,1
0.08754359186,0.1035501584,-0.0149158705,-0.0007113942411,1
0.08754359186,0.1055201963,-0.009738139808,-0.002395123942,1
0.08754359186,0.1074902341,-0.01575328782,-0.003762555774,1
0.08754359186,0.1094602719,-0.01423523575,-0.006054201163,1
0.08754359186,0.1114303172,-0.01007052697,0.0004901745706,1
0.08754359186,0.113400355,-0.005099332426,0.000914328557,1
0.08754359186,0.1153703928,-0.002294964157,-0.0003616607282,1
0.08754359186,0.1173404306,0.003350027837,-0.003020222299,1
0.08951362967,0.04838907719,-0.002302072477,0.0002211289539,1
0.08951362967,0.050359115,-0.01090112887,0.0003659689974,1
0.08951362967,0.05232915282,-0.01250900514,0.0004522922973,1
0.08951362967,0.05429919064,-0.007526169065,0.001681015827,1
0.08951362967,0.05626922846,-0.004167747684,0.0005829761503,1
0.08951362967,0.05823927,-0.004854992498,0.00183878711,1
0.08951362967,0.06020930782,-0.01618620753,0.004858309869,1
0.08951362967,0.06217934564,-0.02989469096,0.006971521303,1
0.08951362967,0.06414938718,-0.032136783,0.005793221761,1
0.08951362967,0.066119425,-0.03412418067,0.00426475564,1
0.08951362967,0.06808946282,-0.03888509795,0.005472194869,1
0.08951362967,0.07005950063,-0.05005837232,0.01000826526,1
0.08951362967,0.07202953845,-0.0579389818,0.01053377055,1
0.08951362967,0.07399957627,-0.0627553314,0.0008549412014,1
0.08951362967,0.07596961409,-0.05932750553,-0.0005656573921,1
0.08951362967,0.07793965936,-0.05587187782,-0.0007721359725,1
0.08951362967,0.07990969718,-0.0549390465,-0.001766635221,1
0.08951362967,0.08187973499,-0.05178593099,-0.006813119631,1
0.08951362967,0.08384977281,-0.04888069257,-0.01209336054,1
0.08951362967,0.08581981063,-0.05346018448,-0.01758253947,1
0.08951362967,0.08778984845,-0.05813763291,-0.0177684892,1
0.08951362967,0.08975988626,-0.05370866507,-0.01493422966,1
0.08951362967,0.09172992408,-0.04810694605,-0.01337656658,1
0.08951362967,0.0936999619,-0.0464441143,-0.004139774945,1
0.08951362967,0.09567000717,-0.04857723787,0.001050943392,1
0.08951362967,0.09764004499,-0.0472644493,-0.0001847384119,3
0.08951362967,0.09961008281,-0.0455689095,-0.005594936199,1
0.08951362967,0.1015801206,-0.03711244836,-0.006911839824,1
0.08951362967,0.1035501584,-0.01047849189,-0.002004898153,1
0.08951362967,0.1055201963,-0.01466968656,0.001992941834,1
0.08951362967,0.1074902341,-0.01969238371,0.001388910343,1
0.08951362967,0.1094602719,-0.01962300017,-0.001518433448,1
0.08951362967,0.1114303172,-0.004631674848,0.003436229657,1
0.08951362967,0.113400355,-0.001363323303,0.001200871193,1
0.08951362967,0.1153703928,0.000316846621,-0.001568853506,1
0.08951362967,0.1173404306,-0.0008324292721,-0.002192918444,1
0.09148367494,0.04838907719,-0.002202038188,0.001941662049,1
0.09148367494,0.050359115,-0.008828564547,-0.000127189167,1
0.09148367494,0.05232915282,-0.01072446536,-0.000283103378,1
0.09148367494,0.05429919064,-0.00871067401,0.001171013806,1
0.09148367494,0.05626922846,-0.00739994552,-0.000303780078,1
0.09148367494,0.05823927,-0.008499223739,0.001411502366,1
0.09148367494,0.06020930782,-0.01776308566,0.004705224652,1
0.09148367494,0.06217934564,-0.02670937032,0.00420628069,1
0.09148367494,0.06414938718,-0.03065200336,0.007366537116,1
0.09148367494,0.066119425,-0.04099966958,0.005558024626,2
0.09148367494,0.06808946282,-0.05430738628,0.002666455926,1
0.09148367494,0.07005950063,-0.04018256441,0.001984358998,1
0.09148367494,0.07202953845,-0.0450591892,0.004126622342,1
0.09148367494,0.07399957627,-0.05633212626,0.0006777851959,1
0.09148367494,0.07596961409,-0.05617437139,-0.003808567533,1
0.09148367494,0.07793965936,-0.04675615206,-0.001507671783,1
0.09148367494,0.07990969718,-0.04612082243,-0.006603937596,1
0.09148367494,0.08187973499,-0.04615566507,-0.01124884002,1
0.09148367494,0.08384977281,-0.04536086693,-0.01384072471,1
0.09148367494,0.08581981063,-0.04933875799,-0.01763840392,1
0.09148367494,0.08778984845,-0.04970556125,-0.01793287881,1
0.09148367494,0.08975988626,-0.0438147746,-0.015943693,1
0.09148367494,0.09172992408,-0.04551078007,-0.01471076068,1
0.09148367494,0.0936999619,-0.04735678807,-0.006507501472,1
0.09148367494,0.09567000717,-0.04829770327,-0.0003068318474,1
0.09148367494,0.09764004499,-0.04557624832,-0.001806299435,1
0.09148367494,0.09961008281,-0.04487378895,-0.005302924663,1
0.09148367494,0.1015801206,-0.03667783365,-0.006966085173,1
0.09148367494,0.1035501584,-0.03543497995,-0.002267388161,1
0.09148367494,0.1055201963,-0.0204426907,0.006772348192,1
0.09148367494,0.1074902341,-0.02198705822,0.004751453176,1
0.09148367494,0.1094602719,-0.01814283431,0.001821084647,1
0.09148367494,0.1114303172,-0.003866100917,0.001776719582,1
0.09148367494,0.113400355,-0.0007992977626,-0.0005775347236,1
0.09148367494,0.1153703928,-8.337681356e-05,-0.00300803245,1
0.09148367494,0.1173404306,0.001068793237,-0.004523733165,1
0.09345371276,0.04838907719,-0.003659948008,-0.002142624464,1
0.09345371276,0.050359115,-0.00646406319,-0.001292807516,1
0.09345371276,0.05232915282,-0.008281462826,-0.001833374146,1
0.09345371276,0.05429919064,-0.00970903784,-0.0002797388588,1
0.09345371276,0.05626922846,-0.0113981571,0.0007567821303,1
0.09345371276,0.05823927,-0.01563050225,0.004271239508,1
0.09345371276,0.06020930782,-0.02218434587,0.009120127186,1
0.09345371276,0.06217934564,-0.02469433099,0.003545447718,1
0.09345371276,0.06414938718,-0.02834679186,0.008161014877,1
0.09345371276,0.066119425,-0.04491510987,0.007934349589,1
0.09345371276,0.06808946282,-0.05338527262,0.003775124205,1
0.09345371276,0.07005950063,-0.03271875903,-0.001790715498,1
0.09345371276,0.07202953845,-0.03980346024,-0.00435785763,1
0.09345371276,0.07399957627,-0.05420862511,-0.002220928902,1
0.09345371276,0.07596961409,-0.0571250692,-0.002386275912,1
0.09345371276,0.07793965936,-0.04245061055,-0.008592523634,1
0.09345371276,0.07990969718,-0.04143596068,-0.010311055,1
0.09345371276,0.08187973499,-0.04219433665,-0.01191441342,1
0.09345371276,0.08384977281,-0.04306790233,-0.01117224433,1
0.09345371276,0.08581981063,-0.04335955158,-0.01091715321,1
0.09345371276,0.08778984845,-0.04702489078,-0.01287683938,2
0.09345371276,0.08975988626,-0.04546040297,-0.0122352615,2
0.09345371276,0.09172992408,-0.04496335983,-0.010751836,2
0.09345371276,0.0936999619,-0.0470334813,-0.01082320325,1
0.09345371276,0.09567000717,-0.04613602906,-0.005969659891,1
0.09345371276,0.09764004499,-0.04377473518,-0.0002053298813,1
0.09345371276,0.09961008281,-0.0394981131,-0.006783140823,1
0.09345371276,0.1015801206,-0.02967228927,-0.01043453719,1
0.09345371276,0.1035501584,-0.02418488078,-0.009745845571,1
0.09345371276,0.1055201963,-0.02236304246,0.01020060945,1
0.09345371276,0.1074902341,-0.02184639871,0.003694438841,1
0.09345371276,0.1094602719,-0.01685222052,0.002559798537,1
0.09345371276,0.1114303172,-0.007993721403,0.001298241783,1
0.09345371276,0.113400355,-0.001737033599,-0.002708762186,1
0.09345371276,0.1153703928,-0.002338550054,-0.004183612298,1
0.09345371276,0.1173404306,-0.005785807036,-0.006255538203,1
0.09542375058,0.04838907719,-0.001360672293,-0.002559612505,1
0.09542375058,0.050359115,-0.005059760995,-0.002881654771,1
0.09542375058,0.05232915282,-0.005696774926,-0.001615036395,1
0.09542375058,0.05429919064,-0.008640894666,-0.001879987656,1
0.09542375058,0.05626922846,-0.01502782758,0.0006894184626,1
0.09542375058,0.05823927,-0.02327775583,0.001842033351,1
0.09542375058,0.06020930782,-0.02768271603,0.005492890254,1
0.09542375058,0.06217934564,-0.02878293395,0.004524060525,1
0.09542375058,0.06414938718,-0.03160992637,0.01027192082,1
0.09542375058,0.066119425,-0.03598268703,0.008580605499,1
0.09542375058,0.06808946282,-0.04313129187,0.003763207933,1
0.09542375058,0.07005950063,-0.02998209186,-0.006757777184,1
0.09542375058,0.07202953845,-0.03661581874,-0.006049169693,1
0.09542375058,0.07399957627,-0.04517970607,-0.006072866265,1
0.09542375058,0.07596961409,-0.04447277263,-0.0127812773,1
0.09542375058,0.07793965936,-0.0394471027,-0.01421778742,1
0.09542375058,0.07990969718,-0.03786646202,-0.01280824002,1
0.09542375058,0.08187973499,-0.04047357291,-0.01293913554,1
0.09542375058,0.08384977281,-0.05081743374,-0.009223800153,1
0.09542375058,0.08581981063,-0.05215386301,-0.007612885907,1
0.09542375058,0.08778984845,-0.04957404733,-0.01042206492,1
0.09542375058,0.08975988626,-0.04603859037,-0.009368676692,2
0.09542375058,0.09172992408,-0.04184876755,-0.005238119513,1
0.09542375058,0.0936999619,-0.05030692741,-0.01074494515,1
0.09542375058,0.09567000717,-0.04755836353,-0.006276524626,1
0.09542375058,0.09764004499,-0.04456752911,-0.00174621772,1
0.09542375058,0.09961008281,-0.03483298048,-0.0100196274,1
0.09542375058,0.1015801206,-0.02980653383,-0.01127196755,1
0.09542375058,0.1035501584,-0.02705616131,-0.007826117799,1
0.09542375058,0.1055201963,-0.03443389758,-0.0006910347147,1
0.09542375058,0.1074902341,-0.02642745897,0.001770568429,1
0.09542375058,0.1094602719,-0.0172100421,0.001878645387,1
0.09542375058,0.1114303172,-0.01145178545,0.0001643953001,1
0.09542375058,0.113400355,-0.008895586245,-0.00766751077,1
0.09542375058,0.1153703928,-0.007635961287,-0.005812741816,1
0.09542375058,0.1173404306,-0.009462552145,-0.002701659221,1
0.0973937884,0.04838907719,-0.008816471323,-0.005903875455,1
0.0973937884,0.050359115,0.0007275198004,-0.0004394334683,1
0.0973937884,0.05232915282,-0.002276179148,-0.003314016853,1
0.0973937884,0.05429919064,-0.008235278539,-0.008431438357,1
0.0973937884,0.05626922846,-0.01562718861,-0.005074399058,2
0.0973937884,0.05823927,-0.02586187795,-0.004935149103,2
0.0973937884,0.06020930782,-0.03796213493,-0.00599726988,1
0.0973937884,0.06217934564,-0.03150808439,0.001226533437,1
0.0973937884,0.06414938718,-0.03112440929,0.008042205125,1
0.0973937884,0.066119425,-0.03779573739,0.001456137048,1
0.0973937884,0.06808946282,-0.04562606663,-0.009357616305,1
0.0973937884,0.07005950063,-0.04984219372,-0.01567941532,1
0.0973937884,0.07202953845,-0.04169312492,-0.008960085921,1
0.0973937884,0.07399957627,-0.03986328095,-0.008935878985,1
0.0973937884,0.07596961409,-0.04051599652,-0.01542648766,1
0.0973937884,0.07793965936,-0.03946768865,-0.01610443182,1
0.0973937884,0.07990969718,-0.04242383316,-0.01726912148,1
0.0973937884,0.08187973499,-0.04671456665,-0.01543027256,1
0.0973937884,0.08384977281,-0.04787822813,-0.008524695411,1
0.0973937884,0.08581981063,-0.04878542572,-0.007606551517,1
0.0973937884,0.08778984845,-0.05059785768,-0.01463459618,1
0.0973937884,0.08975988626,-0.0472711511,-0.009579259902,1
0.0973937884,0.09172992408,-0.05012996867,-0.007945570163,1
0.0973937884,0.0936999619,-0.05223011971,-0.00731072668,1
0.0973937884,0.09567000717,-0.05230224878,-0.005801771302,1
0.0973937884,0.09764004499,-0.04150986671,-0.01051374339,1
0.0973937884,0.09961008281,-0.03225643188,-0.01113051549,1
0.0973937884,0.1015801206,-0.03059251979,-0.008687625639,1
0.0973937884,0.1035501584,-0.04400397092,-0.001892440021,1
0.0973937884,0.1055201963,-0.04009547457,-0.0006419091951,1
0.0973937884,0.1074902341,-0.02980362065,-0.001125765033,1
0.0973937884,0.1094602719,-0.01152740791,-0.0009647478582,1
0.0973937884,0.1114303172,-0.002615210135,-0.002522772877,1
0.0973937884,0.113400355,-0.003334954614,-0.005219270475,1
0.0973937884,0.1153703928,-0.00355685153,-0.001769754104,1
0.0973937884,0.1173404306,-0.008316558786,0.003338268027,1
0.09936382622,0.04838907719,-0.0179064218,-0.002436856506,1
0.09936382622,0.050359115,-0.003606612561,-0.001758489991,1
0.09936382622,0.05232915282,0.0003303085105,-0.004991761409,1
0.09936382622,0.05429919064,-0.002965681255,-0.008559241891,1
0.09936382622,0.05626922846,-0.0133837685,-0.007620427292,2
0.09936382622,0.05823927,-0.02658043243,-0.01051096059,2
0.09936382622,0.06020930782,-0.03776812553,-0.01508541591,1
0.09936382622,0.06217934564,-0.03885932267,-0.005955082364,1
0.09936382622,0.06414938718,-0.03751288354,-0.00182761217,1
0.09936382622,0.066119425,-0.04313455522,-0.008372746408,1
0.09936382622,0.06808946282,-0.04747835919,-0.01307556219,1
0.09936382622,0.07005950063,-0.04797334224,-0.01610593125,1
0.09936382622,0.07202953845,-0.04635503516,-0.01988001913,1
0.09936382622,0.07399957627,-0.04684650153,-0.01349348109,1
0.09936382622,0.07596961409,-0.04529454932,-0.01047244854,1
0.09936382622,0.07793965936,-0.04244794697,-0.01041821018,1
0.09936382622,0.07990969718,-0.04849589989,-0.01795869507,1
0.09936382622,0.08187973499,-0.04950714111,-0.01611918025,1
0.09936382622,0.08384977281,-0.047627341,-0.01021526661,1
0.09936382622,0.08581981063,-0.0470681861,-0.008869149722,1
0.09936382622,0.08778984845,-0.05228658393,-0.01468915958,1
0.09936382622,0.08975988626,-0.04868257046,-0.009236855432,1
0.09936382622,0.09172992408,-0.04917103052,-0.005604806356,1
0.09936382622,0.0936999619,-0.05006388575,-0.004591384437,1
0.09936382622,0.09567000717,-0.04970571771,-0.004282153677,1
0.09936382622,0.09764004499,-0.04521514848,-0.006448234897,1
0.09936382622,0.09961008281,-0.03692593798,-0.01063226163,1
0.09936382622,0.1015801206,-0.03239897639,-0.002659010468,1
0.09936382622,0.1035501584,-0.04177962616,-0.002774174092,1
0.09936382622,0.1055201963,-0.03732115403,-0.0001215103985,1
0.09936382622,0.1074902341,-0.01925930195,-0.005329458509,1
0.09936382622,0.1094602719,-0.01189927384,-0.003471610369,1
0.09936382622,0.1114303172,-0.002278567059,-0.003307109931,1
0.09936382622,0.113400355,0.0006863549352,-0.003936713561,1
0.09936382622,0.1153703928,-0.00315300934,-2.662224688e-05,1
0.09936382622,0.1173404306,-0.01245896984,0.004164738115,1
0.101333864,0.04838907719,-0.006896715146,0.001399834058,1
0.101333864,0.050359115,-0.01255847793,-0.003602327546,1
0.101333864,0.05232915282,0.003709702054,-0.003692230908,1
0.101333864,0.05429919064,0.001838054042,-0.006454509217,1
0.101333864,0.05626922846,-0.008361771703,-0.006337109022,1
0.101333864,0.05823927,-0.0293079596,-0.01440285053,2
0.101333864,0.06020930782,-0.03708649799,-0.01768025197,1
0.101333864,0.06217934564,-0.04032735154,-0.01797856577,1
0.101333864,0.06414938718,-0.04130947962,-0.01714882627,1
0.101333864,0.066119425,-0.04520275816,-0.01639775746,1
0.101333864,0.06808946282,-0.04695965722,-0.01406350359,1
0.101333864,0.07005950063,-0.04606246948,-0.01690881141,1
0.101333864,0.07202953845,-0.04750545695,-0.01840990223,1
0.101333864,0.07399957627,-0.04843720049,-0.01416639052,1
0.101333864,0.07596961409,-0.04785266891,-0.01499797031,1
0.101333864,0.07793965936,-0.04487057775,-0.01512556057,1
0.101333864,0.07990969718,-0.04644836858,-0.01324097719,1
0.101333864,0.08187973499,-0.05010805279,-0.01447544061,1
0.101333864,0.08384977281,-0.0512970984,-0.01565958001,1
0.101333864,0.08581981063,-0.05488885567,-0.01153477933,1
0.101333864,0.08778984845,-0.05717190355,-0.01297027152,2
0.101333864,0.08975988626,-0.05820987374,-0.009909120388,1
0.101333864,0.09172992408,-0.05517329648,-0.004982665647,1
0.101333864,0.0936999619,-0.05175834894,0.0005656622816,1
0.101333864,0.09567000717,-0.05063894391,-0.004124682397,1
0.101333864,0.09764004499,-0.0528919287,0.00106373569,1
0.101333864,0.09961008281,-0.04546546564,0.005730523262,1
0.101333864,0.1015801206,-0.02716002241,-0.007832611911,1
0.101333864,0.1035501584,-0.03525926173,-0.004618264735,1
0.101333864,0.1055201963,-0.02910770103,-0.003352891188,1
0.101333864,0.1074902341,-0.01976636238,-0.00474381214,1
0.101333864,0.1094602719,-0.01565667428,-0.005345506594,1
0.101333864,0.1114303172,-0.01353610773,-0.005119720474,1
0.101333864,0.113400355,-0.008397128433,-0.005342106801,1
0.101333864,0.1153703928,-0.004879442044,-0.003655926324,1
0.101333864,0.1173404306,-0.01192769874,-0.002548604039,1
0.1033039019,0.04838907719,-0.003749365686,-0.00252295821,2
0.1033039019,0.050359115,-0.003573459806,-0.002608667593,2
0.1033039019,0.05232915282,0.00236043497,-0.001170923468,1
0.1033039019,0.05429919064,0.0005014610942,-0.002712094225,1
0.1033039019,0.05626922846,-0.01437836047,-0.007609584834,1
0.1033039019,0.05823927,-0.04520313814,-0.02308308147,1
0.1033039019,0.06020930782,-0.04571013153,-0.0239991881,1
0.1033039019,0.06217934564,-0.0462076813,-0.02974779531,1
0.1033039019,0.06414938718,-0.04534741864,-0.03144686297,1
0.1033039019,0.066119425,-0.03800137341,-0.02646636032,1
0.1033039019,0.06808946282,-0.03940641135,-0.02317092195,1
0.1033039019,0.07005950063,-0.04613631219,-0.01946552843,1
0.1033039019,0.07202953845,-0.04908683151,-0.01657516696,1
0.1033039019,0.07399957627,-0.04916528985,-0.01846116222,1
0.1033039019,0.07596961409,-0.04891463369,-0.01823000796,1
0.1033039019,0.07793965936,-0.04890617728,-0.01847025938,1
0.1033039019,0.07990969718,-0.04887414724,-0.01302797347,1
0.1033039019,0.08187973499,-0.05039421096,-0.01275602914,1
0.1033039019,0.08384977281,-0.05580916628,-0.01479159482,1
0.1033039019,0.08581981063,-0.06482156366,-0.01454109419,1
0.1033039019,0.08778984845,-0.06330230087,-0.01574802771,1
0.1033039019,0.08975988626,-0.06281165779,-0.009965526871,1
0.1033039019,0.09172992408,-0.05783907697,-0.006292774342,1
0.1033039019,0.0936999619,-0.05759263039,9.277675417e-05,1
0.1033039019,0.09567000717,-0.05652622879,-0.00303183333,1
0.1033039019,0.09764004499,-0.05381149426,0.000722740835,1
0.1033039019,0.09961008281,-0.04587101936,0.003944759723,1
0.1033039019,0.1015801206,-0.02888543718,-0.008269376121,1
0.1033039019,0.1035501584,-0.02591114119,-0.005622705445,1
0.1033039019,0.1055201963,-0.02369211055,-0.005347739905,1
0.1033039019,0.1074902341,-0.01954141632,-0.005992232822,1
0.1033039019,0.1094602719,-0.01287170406,-0.005980979186,1
0.1033039019,0.1114303172,-0.01149440464,-0.005553429481,1
0.1033039019,0.113400355,-0.01389786042,-0.004832483828,1
0.1033039019,0.1153703928,-0.00636987621,-0.004603814799,1
0.1033039019,0.1173404306,-0.00859490782,-0.005412642378,1
0.1052739397,0.04838907719,-0.0007779226289,-0.006360041443,2
0.1052739397,0.050359115,-0.0003464302281,-0.003138460917,2
0.1052739397,0.05232915282,-0.0005955117522,-0.001823850558,1
0.1052739397,0.05429919064,-0.005585107487,-0.001035772031,1
0.1052739397,0.05626922846,-0.02404396608,-0.008728092536,1
0.1052739397,0.05823927,-0.04156336561,-0.01573273167,1
0.1052739397,0.06020930782,-0.0448952131,-0.02276374958,1
0.1052739397,0.06217934564,-0.04420406371,-0.02835856937,1
0.1052739397,0.06414938718,-0.0446155183,-0.03106499277,1
0.1052739397,0.066119425,-0.03767951578,-0.02777338587,1
0.1052739397,0.06808946282,-0.03867198527,-0.02491270006,1
0.1052739397,0.07005950063,-0.04615118727,-0.02159263007,1
0.1052739397,0.07202953845,-0.05018058792,-0.01596293598,1
0.1052739397,0.07399957627,-0.05114746839,-0.01623667218,1
0.1052739397,0.07596961409,-0.05303654447,-0.01092727669,1
0.1052739397,0.07793965936,-0.05512594804,-0.01413694862,1
0.1052739397,0.07990969718,-0.0431307368,-0.006862624548,1
0.1052739397,0.08187973499,-0.04816153273,-0.009372279048,1
0.1052739397,0.08384977281,-0.05664011836,-0.01033735741,1
0.1052739397,0.08581981063,-0.06197562814,-0.01390142273,1
0.1052739397,0.08778984845,-0.06261802465,-0.0155593669,1
0.1052739397,0.08975988626,-0.05566000938,-0.01313186344,1
0.1052739397,0.09172992408,-0.0527196452,-0.0115186153,1
0.1052739397,0.0936999619,-0.05588553846,-0.004010310397,1
0.1052739397,0.09567000717,-0.05708475783,-0.002472067252,1
0.1052739397,0.09764004499,-0.05492836237,-0.006665816065,1
0.1052739397,0.09961008281,-0.05142056569,-0.001212833915,1
0.1052739397,0.1015801206,-0.03620773554,-0.003798497608,1
0.1052739397,0.1035501584,-0.02843605913,-0.006017548498,1
0.1052739397,0.1055201963,-0.02580592223,-0.004311899189,1
0.1052739397,0.1074902341,-0.01994307898,-0.00559577439,1
0.1052739397,0.1094602719,-0.01494822931,-0.003159096697,1
0.1052739397,0.1114303172,-0.01193541195,-0.002426922088,1
0.1052739397,0.113400355,-0.01291529089,-0.002090500435,1
0.1052739397,0.1153703928,-0.01202858798,-0.002147692721,1
0.1052739397,0.1173404306,-0.01171843614,-0.004101036582,1
0.1072439849,0.04838907719,0.001762028201,-0.0134187052,1
0.1072439849,0.050359115,0.0035611731,-0.001761284075,1
0.1072439849,0.05232915282,-0.003251179587,-0.004584547132,1
0.1072439849,0.05429919064,-0.002720928052,-0.005480775144,1
0.1072439849,0.05626922846,-0.02353961393,-0.007081470452,1
0.1072439849,0.05823927,-0.03775002807,-0.0115579972,1
0.1072439849,0.06020930782,-0.03973641619,-0.01888900436,1
0.1072439849,0.06217934564,-0.04414073378,-0.02125108428,1
0.1072439849,0.06414938718,-0.0431523174,-0.02292341925,1
0.1072439849,0.066119425,-0.04296295717,-0.02172424085,1
0.1072439849,0.06808946282,-0.04289271683,-0.02069466561,1
0.1072439849,0.07005950063,-0.04373500496,-0.0234265402,1
0.1072439849,0.07202953845,-0.04849926755,-0.01784580573,1
0.1072439849,0.07399957627,-0.0536099337,-0.006487573963,1
0.1072439849,0.07596961409,-0.05647636577,-0.004711150192,1
0.1072439849,0.07793965936,-0.05329961702,-0.0005619738367,1
0.1072439849,0.07990969718,-0.05109241605,0.0006220286596,1
0.1072439849,0.08187973499,-0.04942893237,-0.004512516782,1
0.1072439849,0.08384977281,-0.05294123292,-0.004155969247,1
0.1072439849,0.08581981063,-0.05417650566,-0.003122579074,1
0.1072439849,0.08778984845,-0.05285964906,-0.01225547399,1
0.1072439849,0.08975988626,-0.05152374133,-0.01687368378,1
0.1072439849,0.09172992408,-0.05125718564,-0.01449648384,1
0.1072439849,0.0936999619,-0.05414352193,-0.007867775857,1
0.1072439849,0.09567000717,-0.05542557687,-0.008296578191,1
0.1072439849,0.09764004499,-0.05961219594,-0.004500906449,1
0.1072439849,0.09961008281,-0.05252166465,-0.002298505977,1
0.1072439849,0.1015801206,-0.04038400576,-0.002557354048,1
0.1072439849,0.1035501584,-0.03236591071,-0.006462132558,1
0.1072439849,0.1055201963,-0.02982837707,-0.0009715107153,1
0.1072439849,0.1074902341,-0.0197719615,-0.002156586852,1
0.1072439849,0.1094602719,-0.01589854993,9.49560781e-05,1
0.1072439849,0.1114303172,-0.01395026594,0.0005562084843,1
0.1072439849,0.113400355,-0.01328125037,0.0004161430697,1
0.1072439849,0.1153703928,-0.01290303096,-0.0001205515218,1
0.1072439849,0.1173404306,-0.008846728131,-0.001437133877,1
0.1092140228,0.04838907719,0.003739428706,-0.004447102547,2
0.1092140228,0.050359115,0.005171542056,-0.002139228862,1
0.1092140228,0.05232915282,-0.006582788192,-0.002418956021,1
0.1092140228,0.05429919064,-0.0117299119,-0.003275471739,1
0.1092140228,0.05626922846,-0.02053044364,-0.002254910301,1
0.1092140228,0.05823927,-0.02730457485,-0.003027405823,1
0.1092140228,0.06020930782,-0.04100318626,-0.01247602142,1
0.1092140228,0.06217934564,-0.04663095996,-0.01831587777,1
0.1092140228,0.06414938718,-0.04410008714,-0.02297474071,1
0.1092140228,0.066119425,-0.04260925949,-0.02343205363,1
0.1092140228,0.06808946282,-0.04278815538,-0.02055843174,1
0.1092140228,0.07005950063,-0.0474357754,-0.01900415868,1
0.1092140228,0.07202953845,-0.05141016096,-0.0141131822,1
0.1092140228,0.07399957627,-0.05482238159,-0.007933769375,2
0.1092140228,0.07596961409,-0.05596698821,-0.005710000638,1
0.1092140228,0.07793965936,-0.05676547065,0.0004210226471,1
0.1092140228,0.07990969718,-0.05540739,0.004954906646,1
0.1092140228,0.08187973499,-0.05502451956,0.003335166723,1
0.1092140228,0.08384977281,-0.05632535741,0.00239078654,1
0.1092140228,0.08581981063,-0.04998805001,0.0001339160954,1
0.1092140228,0.08778984845,-0.05012244731,-0.005057539325,2
0.1092140228,0.08975988626,-0.05179704726,-0.01480960008,1
0.1092140228,0.09172992408,-0.05162677169,-0.01201432478,1
0.1092140228,0.0936999619,-0.04943857342,-0.01411134191,1
0.1092140228,0.09567000717,-0.0474954918,-0.01448308583,1
0.1092140228,0.09764004499,-0.05119060352,-0.006264658645,1
0.1092140228,0.09961008281,-0.04851489514,-0.002531360602,1
0.1092140228,0.1015801206,-0.0384613201,-0.001522205537,1
0.1092140228,0.1035501584,-0.03078912199,-0.009378638119,1
0.1092140228,0.1055201963,-0.02624875307,-0.009024937637,1
0.1092140228,0.1074902341,-0.02129997686,-0.001549393288,1
0.1092140228,0.1094602719,-0.01673775725,0.0008535597008,1
0.1092140228,0.1114303172,-0.01338310167,0.001326739322,1
0.1092140228,0.113400355,-0.01205069572,0.001150201773,1
0.1092140228,0.1153703928,-0.009501751512,-0.0004064989334,1
0.1092140228,0.1173404306,-0.01127796434,-0.002697108313,1
0.1111840606,0.04838907719,0.004284716211,0.002216626657,1
0.1111840606,0.050359115,-0.002997421194,-0.002053325996,1
0.1111840606,0.05232915282,-0.01296096761,-0.003148430958,1
0.1111840606,0.05429919064,-0.01772029512,-0.002945657121,1
0.1111840606,0.05626922846,-0.01994324848,0.001191184274,1
0.1111840606,0.05823927,-0.02548934892,-0.0002252339473,1
0.1111840606,0.06020930782,-0.04710527137,-0.01203402225,1
0.1111840606,0.06217934564,-0.05279146507,-0.01941959374,1
0.1111840606,0.06414938718,-0.04567395151,-0.02290572971,1
0.1111840606,0.066119425,-0.04586372524,-0.02730333805,1
0.1111840606,0.06808946282,-0.0507561788,-0.02193708345,1
0.1111840606,0.07005950063,-0.05349570513,-0.01414808258,1
0.1111840606,0.07202953845,-0.05650627613,-0.01139773894,1
0.1111840606,0.07399957627,-0.05830243975,-0.005424319301,1
0.1111840606,0.07596961409,-0.05613610148,-0.00558196893,1
0.1111840606,0.07793965936,-0.05748200417,-0.0007937186747,1
0.1111840606,0.07990969718,-0.05695230886,0.005382621195,1
0.1111840606,0.08187973499,-0.05783411115,0.006041245535,1
0.1111840606,0.08384977281,-0.05790967122,0.001718300045,1
0.1111840606,0.08581981063,-0.04519916326,-0.004335837904,1
0.1111840606,0.08778984845,-0.04584504664,0.006701000966,1
0.1111840606,0.08975988626,-0.04967654869,0.01103197224,1
0.1111840606,0.09172992408,-0.0478861779,-0.004228164908,1
0.1111840606,0.0936999619,-0.05294208601,-0.01326891873,1
0.1111840606,0.09567000717,-0.04359544441,-0.01493683457,1
0.1111840606,0.09764004499,-0.03849152848,-0.007819557562,1
0.1111840606,0.09961008281,-0.04066266865,0.00304060569,1
0.1111840606,0.1015801206,-0.03765276819,0.004315164872,1
0.1111840606,0.1035501584,-0.03518407047,0.002356223064,1
0.1111840606,0.1055201963,-0.0321418643,0.0001181793268,1
0.1111840606,0.1074902341,-0.02139723115,-0.001988775795,1
0.1111840606,0.1094602719,-0.01675696298,0.001478236634,1
0.1111840606,0.1114303172,-0.0114849899,0.0007015084266,1
0.1111840606,0.113400355,-0.007321804296,0.001287949388,1
0.1111840606,0.1153703928,-0.009689188562,0.0006125108339,1
0.1111840606,0.1173404306,-0.008968244307,-0.001260965713,1
0.1131540984,0.04838907719,0.000785424374,0.003335458227,1
0.1131540984,0.050359115,-0.006167575717,0.0008602122543,1
0.1131540984,0.05232915282,-0.01600547694,-0.001829012763,1
0.1131540984,0.05429919064,-0.01026945468,-0.00327997352,1
0.1131540984,0.05626922846,-0.02110966481,0.001594245783,1
0.1131540984,0.05823927,-0.03228073195,0.001687340788,1
0.1131540984,0.06020930782,-0.04710863158,-0.008222701959,1
0.1131540984,0.06217934564,-0.0455461219,-0.01492659189,1
0.1131540984,0.06414938718,-0.04966488853,-0.01626631245,1
0.1131540984,0.066119425,-0.05036388338,-0.02001680434,1
0.1131540984,0.06808946282,-0.04472283646,-0.01302369218,1
0.1131540984,0.07005950063,-0.04714238271,-0.008885812014,1
0.1131540984,0.07202953845,-0.05946295336,-0.01238929015,1
0.1131540984,0.07399957627,-0.06460034847,-0.004722031299,1
0.1131540984,0.07596961409,-0.05464943498,-0.003729207208,1
0.1131540984,0.07793965936,-0.05639376491,0.0004682594154,1
0.1131540984,0.07990969718,-0.0554555282,0.002579916734,1
0.1131540984,0.08187973499,-0.05389337987,0.002572238445,1
0.1131540984,0.08384977281,-0.05545242503,0.001126912655,1
0.1131540984,0.08581981063,-0.05198229104,0.001666047494,1
0.1131540984,0.08778984845,-0.05092488229,0.01052954514,1
0.1131540984,0.08975988626,-0.05145945773,0.01919918694,1
0.1131540984,0.09172992408,-0.04523447156,0.006465613376,1
0.1131540984,0.0936999619,-0.04321471229,-0.009380278178,1
0.1131540984,0.09567000717,-0.04109201208,-0.01411228813,1
0.1131540984,0.09764004499,-0.03095563687,-0.001951389015,1
0.1131540984,0.09961008281,-0.03800563142,0.003265888663,1
0.1131540984,0.1015801206,-0.03507075459,0.005354255438,1
0.1131540984,0.1035501584,-0.03117510304,0.003275716212,1
0.1131540984,0.1055201963,-0.02493385784,-0.0006509682862,1
0.1131540984,0.1074902341,-0.02510319091,0.0005590309738,1
0.1131540984,0.1094602719,-0.01880318671,0.002644812688,1
0.1131540984,0.1114303172,-0.009689228609,0.0002289399854,1
0.1131540984,0.113400355,-0.004136668518,0.002170480089,1
0.1131540984,0.1153703928,-0.009560439736,0.00278583169,1
0.1131540984,0.1173404306,-0.01258384716,0.0005798025522,1
0.1151241362,0.04838907719,0.004947120324,0.004733941983,1
0.1151241362,0.050359115,-0.004096920602,0.001003202051,1
0.1151241362,0.05232915282,-0.006958153564,0.0003277092183,1
0.1151241362,0.05429919064,-0.007814727724,0.0001291663066,1
0.1151241362,0.05626922846,-0.02238543518,0.0009508520598,1
0.1151241362,0.05823927,-0.0360750407,0.004530346487,1
0.1151241362,0.06020930782,-0.04047913477,-0.001744073117,1
0.1151241362,0.06217934564,-0.0476423651,-0.006216272246,1
0.1151241362,0.06414938718,-0.05549810454,-0.004276888445,1
0.1151241362,0.066119425,-0.05753466114,-0.005625850521,1
0.1151241362,0.06808946282,-0.05001793429,-0.003601081669,1
0.1151241362,0.07005950063,-0.04979337752,-0.003350811312,1
0.1151241362,0.07202953845,-0.05451054871,-0.007995287888,1
0.1151241362,0.07399957627,-0.0625012964,-0.0009209156269,1
0.1151241362,0.07596961409,-0.06048122421,-0.003162090899,1
0.1151241362,0.07793965936,-0.0600817278,0.001879359246,1
0.1151241362,0.07990969718,-0.05662545934,0.005252976902,1
0.1151241362,0.08187973499,-0.05414617434,0.004140197299,1
0.1151241362,0.08384977281,-0.05662908778,0.004990410525,1
0.1151241362,0.08581981063,-0.05219689757,0.007424632087,1
0.1151241362,0.08778984845,-0.04929583147,0.008342610672,1
0.1151241362,0.08975988626,-0.04803873971,0.01219909173,1
0.1151241362,0.09172992408,-0.04592037946,0.01180393528,1
0.1151241362,0.0936999619,-0.0478015542,-0.006736791693,1
0.1151241362,0.09567000717,-0.05189427733,-0.01309440937,1
0.1151241362,0.09764004499,-0.03705903143,-0.005975783803,1
0.1151241362,0.09961008281,-0.03385029733,-0.003737642197,1
0.1151241362,0.1015801206,-0.02805359475,-0.002000929089,1
0.1151241362,0.1035501584,-0.02624090202,-0.0003824956075,1
0.1151241362,0.1055201963,-0.02731800452,0.001809227746,1
0.1151241362,0.1074902341,-0.02941351011,0.007450575009,1
0.1151241362,0.1094602719,-0.03169415146,0.009465319104,1
0.1151241362,0.1114303172,-0.01542386599,0.004606916104,1
0.1151241362,0.113400355,-0.004083117936,0.001985928509,1
0.1151241362,0.1153703928,-0.008741250262,0.0006271575112,1
0.1151241362,0.1173404306,-0.01076333877,0.001027407008,2
0.117094174,0.04838907719,0.008995932527,0.0006354881334,1
0.117094174,0.050359115,-0.005374888424,0.004764324985,1
0.117094174,0.05232915282,0.005504549015,0.0002129585919,1
0.117094174,0.05429919064,-0.007261838764,0.001436072635,1
0.117094174,0.05626922846,-0.02104486525,0.001172410557,1
0.117094174,0.05823927,-0.03071006387,0.002016647952,1
0.117094174,0.06020930782,-0.04061616585,-0.002586770104,1
0.117094174,0.06217934564,-0.05889143422,-0.007446710486,1
0.117094174,0.06414938718,-0.06362384558,-0.008136065677,1
0.117094174,0.066119425,-0.06336776912,-0.01294980291,1
0.117094174,0.06808946282,-0.06338823587,-0.009184940718,1
0.117094174,0.07005950063,-0.06089282036,-0.0004020107444,1
0.117094174,0.07202953845,-0.06004007161,0.004071183037,1
0.117094174,0.07399957627,-0.06044613197,0.00230628415,1
0.117094174,0.07596961409,-0.06232007965,-0.002179708332,1
0.117094174,0.07793965936,-0.06191061065,0.005742383655,1
0.117094174,0.07990969718,-0.05807141587,0.01193935703,1
0.117094174,0.08187973499,-0.05610541627,0.007047431078,1
0.117094174,0.08384977281,-0.05421752855,0.006565873511,1
0.117094174,0.08581981063,-0.05186830088,0.008218865842,1
0.117094174,0.08778984845,-0.04645580798,0.007926955819,1
0.117094174,0.08975988626,-0.04744410142,0.00901727099,1
0.117094174,0.09172992408,-0.04769827053,0.008047001436,1
0.117094174,0.0936999619,-0.0567920655,-0.003660092363,1
0.117094174,0.09567000717,-0.05505730957,-0.01244130172,1
0.117094174,0.09764004499,-0.0458731018,-0.02438883856,1
0.117094174,0.09961008281,-0.04007134959,-0.007988234051,1
0.117094174,0.1015801206,-0.03191421553,-0.002932923613,1
0.117094174,0.1035501584,-0.03197835758,-0.0003814395168,1
0.117094174,0.1055201963,-0.03778309375,0.006978508551,1
0.117094174,0.1074902341,-0.03030630201,0.01130845118,1
0.117094174,0.1094602719,-0.02393614501,0.01197708026,1
0.117094174,0.1114303172,-0.01773354039,0.009782499634,1
0.117094174,0.113400355,-0.007136383094,0.004152336624,1
0.117094174,0.1153703928,-0.006584379822,0.001800390193,1
0.117094174,0.1173404306,-0.01096491888,0.001875261078,2
0.1190642118,0.04838907719,0.01091109216,-0.001443391782,1
0.1190642118,0.050359115,0.002854137914,0.005368999671,1
0.1190642118,0.05232915282,-0.001379922032,0.002366466215,1
0.1190642118,0.05429919064,-0.009649428539,0.001228834735,1
0.1190642118,0.05626922846,-0.01765037701,0.005652969703,1
0.1190642118,0.05823927,-0.02616491728,0.0003214201715,1
0.1190642118,0.06020930782,-0.03881796822,-0.00786843244,1
0.1190642118,0.06217934564,-0.06051028147,-0.01240930334,1
0.1190642118,0.06414938718,-0.06439107656,-0.01308508497,1
0.1190642118,0.066119425,-0.06403550506,-0.01712234318,1
0.1190642118,0.06808946282,-0.06966304034,-0.0136554921,1
0.1190642118,0.07005950063,-0.06975287944,-0.008303318173,1
0.1190642118,0.07202953845,-0.06069324538,-0.001146109891,1
0.1190642118,0.07399957627,-0.06013429537,0.0001525356492,1
0.1190642118,0.07596961409,-0.06069300324,-0.00248778495,1
0.1190642118,0.07793965936,-0.05923277885,0.002992352471,1
0.1190642118,0.07990969718,-0.06324129552,0.00936497096,1
0.1190642118,0.08187973499,-0.05642475188,0.008184716105,1
0.1190642118,0.08384977281,-0.04993855581,0.01145644579,1
0.1190642118,0.08581981063,-0.04978619143,0.01333198138,1
0.1190642118,0.08778984845,-0.04335992411,0.009097526781,1
0.1190642118,0.08975988626,-0.04472121596,0.009344449267,1
0.1190642118,0.09172992408,-0.0465140231,0.00768296048,1
0.1190642118,0.0936999619,-0.0448387228,-0.0003624266537,2
0.1190642118,0.09567000717,-0.04437617585,-0.005319756921,2
0.1190642118,0.09764004499,-0.04576929659,-0.009466596879,2
0.1190642118,0.09961008281,-0.05220849812,-0.01345002186,1
0.1190642118,0.1015801206,-0.04664169624,0.006708848756,1
0.1190642118,0.1035501584,-0.05479689687,0.00862229988,1
0.1190642118,0.1055201963,-0.04312044755,0.01004293561,2
0.1190642118,0.1074902341,-0.03331030533,0.01270171814,1
0.1190642118,0.1094602719,-0.02050556615,0.01499637403,1
0.1190642118,0.1114303172,-0.01385807339,0.01118939836,1
0.1190642118,0.113400355,-0.009744096547,0.008873909712,1
0.1190642118,0.1153703928,-0.008737020195,0.007010334171,1
0.1190642118,0.1173404306,-0.01554703712,0.002797985915,1
0.1210342497,0.04838907719,-0.01130514964,-0.005817141384,1
0.1210342497,0.050359115,0.0009186984389,0.004823530558,1
0.1210342497,0.05232915282,0.001883022138,0.003438812448,1
0.1210342497,0.05429919064,-0.004697431345,0.002329562558,1
0.1210342497,0.05626922846,-0.01168813277,0.005956474226,1
0.1210342497,0.05823927,-0.02757010609,-0.003597344039,1
0.1210342497,0.06020930782,-0.04450242594,-0.01389529277,1
0.1210342497,0.06217934564,-0.06036650762,-0.01204394363,1
0.1210342497,0.06414938718,-0.05693402886,-0.012002117,1
0.1210342497,0.066119425,-0.05267095193,-0.01056777127,1
0.1210342497,0.06808946282,-0.05365267023,-0.01101403031,1
0.1210342497,0.07005950063,-0.06201715767,-0.01494159922,1
0.1210342497,0.07202953845,-0.05704426393,-0.003418928944,1
0.1210342497,0.07399957627,-0.05725995824,0.00061508402,1
0.1210342497,0.07596961409,-0.05562987924,0.001727443887,1
0.1210342497,0.07793965936,-0.05440749973,0.004078626167,1
0.1210342497,0.07990969718,-0.05875710025,0.006698233075,1
0.1210342497,0.08187973499,-0.05512773618,0.008308040909,1
0.1210342497,0.08384977281,-0.04950097948,0.01186113525,1
0.1210342497,0.08581981063,-0.05037208647,0.01446446963,1
0.1210342497,0.08778984845,-0.04547031596,0.01082108077,1
0.1210342497,0.08975988626,-0.04260767996,0.009539046325,1
0.1210342497,0.09172992408,-0.0376442112,0.009786659852,1
0.1210342497,0.0936999619,-0.03167262673,-0.0001528174762,1
0.1210342497,0.09567000717,-0.03183937073,0.0009912971873,1
0.1210342497,0.09764004499,-0.04061942175,0.005292229354,1
0.1210342497,0.09961008281,-0.05174355954,0.003111145692,1
0.1210342497,0.1015801206,-0.05605959147,0.01075455826,1
0.1210342497,0.1035501584,-0.05544179678,0.01571654342,1
0.1210342497,0.1055201963,-0.04659147933,0.0118692182,2
0.1210342497,0.1074902341,-0.03339164704,0.01234395243,2
0.1210342497,0.1094602719,-0.01658151671,0.01531999838,1
0.1210342497,0.1114303172,-0.01508147363,0.01457977761,1
0.1210342497,0.113400355,-0.01292398013,0.01202246547,1
0.1210342497,0.1153703928,-0.006165150553,0.007973229513,1
0.1210342497,0.1173404306,-0.002040355932,-0.00143206981,1
0.1230042875,0.04838907719,-0.01747131161,0.001909335144,1
0.1230042875,0.050359115,-0.00732022291,-0.001069536316,1
0.1230042875,0.05232915282,0.006007257849,0.00390431541,1
0.1230042875,0.05429919064,-0.0009682379896,0.006558506284,1
0.1230042875,0.05626922846,-0.001356976805,0.001619708491,1
0.1230042875,0.05823927,-0.02484116331,-0.005982454866,1
0.1230042875,0.06020930782,-0.04905565083,-0.01437489316,1
0.1230042875,0.06217934564,-0.06025315449,-0.01119008474,1
0.1230042875,0.06414938718,-0.05314967036,-0.01024655625,1
0.1230042875,0.066119425,-0.04839826003,-0.008421402425,1
0.1230042875,0.06808946282,-0.05113549531,-0.0119327819,1
0.1230042875,0.07005950063,-0.05322995409,-0.009517087601,1
0.1230042875,0.07202953845,-0.05338217318,-0.00441938825,1
0.1230042875,0.07399957627,-0.0538729988,-0.001266552019,1
0.1230042875,0.07596961409,-0.05175158009,0.001949038007,1
0.1230042875,0.07793965936,-0.05150816217,0.003504769877,1
0.1230042875,0.07990969718,-0.05169543624,0.005452403333,1
0.1230042875,0.08187973499,-0.05326710269,0.008668780327,1
0.1230042875,0.08384977281,-0.05201283842,0.009342246689,1
0.1230042875,0.08581981063,-0.0467055738,0.007635338698,1
0.1230042875,0.08778984845,-0.04553812742,0.009359102696,1
0.1230042875,0.08975988626,-0.04597064108,0.008011554368,1
0.1230042875,0.09172992408,-0.04271861911,0.01019481197,1
0.1230042875,0.0936999619,-0.03815660626,0.01202735398,1
0.1230042875,0.09567000717,-0.0366688855,0.01795876585,1
0.1230042875,0.09764004499,-0.04057154432,0.01701576263,1
0.1230042875,0.09961008281,-0.05344487727,0.00937352702,1
0.1230042875,0.1015801206,-0.05824602395,0.0132021457,1
0.1230042875,0.1035501584,-0.05441828072,0.01640926488,1
0.1230042875,0.1055201963,-0.05441204086,0.009373438545,1
0.1230042875,0.1074902341,-0.03708327189,0.009484874085,1
0.1230042875,0.1094602719,-0.02221411839,0.0148331821,1
0.1230042875,0.1114303172,-0.01723662391,0.01444868557,1
0.1230042875,0.113400355,-0.01529098675,0.01275281049,1
0.1230042875,0.1153703928,-0.002543493873,0.006015149411,1
0.1230042875,0.1173404306,0.002982924692,-0.003854657756,1
0.1249743327,0.04838907719,-0.007977861911,0.004919134546,3
0.1249743327,0.050359115,-0.01131618395,-0.001396940672,1
0.1249743327,0.05232915282,0.001298960415,0.003768121358,1
0.1249743327,0.05429919064,-0.00835734047,0.001153949997,1
0.1249743327,0.05626922846,-0.004438488279,0.002975525334,1
0.1249743327,0.05823927,-0.0257098116,-0.00269820122,1
0.1249743327,0.06020930782,-0.0495666191,-0.006700300612,1
0.1249743327,0.06217934564,-0.05403817445,-0.006262067705,1
0.1249743327,0.06414938718,-0.06023599207,-0.007514599245,1
0.1249743327,0.066119425,-0.04651764035,-0.01069661044,3
0.1249743327,0.06808946282,-0.04795201868,-0.01412318368,1
0.1249743327,0.07005950063,-0.05268522725,-0.01053845696,1
0.1249743327,0.07202953845,-0.05514835566,-0.01233034674,1
0.1249743327,0.07399957627,-0.05449613556,-0.01164439507,1
0.1249743327,0.07596961409,-0.05396626145,-0.00623193197,1
0.1249743327,0.07793965936,-0.05055301636,-2.380650403e-05,1
0.1249743327,0.07990969718,-0.05059060454,0.001612927997,1
0.1249743327,0.08187973499,-0.04961739853,0.00393595174,1
0.1249743327,0.08384977281,-0.0445708856,0.008388461545,1
0.1249743327,0.08581981063,-0.04095988348,0.008230380714,1
0.1249743327,0.08778984845,-0.04238282144,0.004523850046,1
0.1249743327,0.08975988626,-0.04268458486,0.005027062725,1
0.1249743327,0.09172992408,-0.04111748934,0.008475791663,1
0.1249743327,0.0936999619,-0.03902032599,0.0116307158,1
0.1249743327,0.09567000717,-0.03644873947,0.01414688397,1
0.1249743327,0.09764004499,-0.04306196421,0.01328366622,2
0.1249743327,0.09961008281,-0.05480146036,0.01259414945,1
0.1249743327,0.1015801206,-0.06315603107,0.01233426481,1
0.1249743327,0.1035501584,-0.06284990162,0.01636058092,1
0.1249743327,0.1055201963,-0.04183499143,0.01307151373,1
0.1249743327,0.1074902341,-0.03389215097,0.01545027364,1
0.1249743327,0.1094602719,-0.02368038893,0.0121600721,1
0.1249743327,0.1114303172,-0.01319920551,0.008660361171,1
0.1249743327,0.113400355,-0.003508934984,0.006630120333,1
0.1249743327,0.1153703928,0.008463419043,0.002116261283,1
0.1249743327,0.1173404306,0.00372485863,-0.004553201143,1
0.1269443631,0.04838907719,0.004986109212,0.007869561203,2
0.1269443631,0.050359115,0.01543353684,0.01127245743,1
0.1269443631,0.05232915282,-0.00655857427,0.004132542759,1
0.1269443631,0.05429919064,-0.009682202712,0.003733771387,1
0.1269443631,0.05626922846,-0.005407331977,0.006979732309,1
0.1269443631,0.05823927,-0.02186777629,0.002693392569,1
0.1269443631,0.06020930782,-0.04538683593,-0.004060525913,1
0.1269443631,0.06217934564,-0.0515444316,-0.004926542286,1
0.1269443631,0.06414938718,-0.06257947534,-0.01432016399,1
0.1269443631,0.066119425,-0.05020384118,-0.01724557951,2
0.1269443631,0.06808946282,-0.04417966306,-0.0189290382,1
0.1269443631,0.07005950063,-0.05051321164,-0.01628456265,1
0.1269443631,0.07202953845,-0.05461598933,-0.0185941793,1
0.1269443631,0.07399957627,-0.05560557544,-0.02099589631,1
0.1269443631,0.07596961409,-0.05698141083,-0.0186181888,1
0.1269443631,0.07793965936,-0.05786199868,-0.006625711452,1
0.1269443631,0.07990969718,-0.06114252657,-0.003444422502,1
0.1269443631,0.08187973499,-0.04980407655,-0.0007071859436,1
0.1269443631,0.08384977281,-0.04177831113,0.004069105256,1
0.1269443631,0.08581981063,-0.03860713914,0.004367648158,1
0.1269443631,0.08778984845,-0.04087538272,0.001570449327,1
0.1269443631,0.08975988626,-0.03811038658,0.005080780014,1
0.1269443631,0.09172992408,-0.03476343676,0.009485395625,1
0.1269443631,0.0936999619,-0.03853615373,0.01121194754,1
0.1269443631,0.09567000717,-0.04083421454,0.009969901294,1
0.1269443631,0.09764004499,-0.04042610899,0.009377867915,1
0.1269443631,0.09961008281,-0.05135153607,0.0105760796,1
0.1269443631,0.1015801206,-0.06894727051,0.00831373781,1
0.1269443631,0.1035501584,-0.06772495061,0.01057949383,1
0.1269443631,0.1055201963,-0.06108041853,0.01140135527,1
0.1269443631,0.1074902341,-0.03152607754,0.01227113884,1
0.1269443631,0.1094602719,-0.01328745671,0.008861387148,1
0.1269443631,0.1114303172,-0.00227869302,0.003351668594,1
0.1269443631,0.113400355,0.007089367136,-0.001062079566,1
0.1269443631,0.1153703928,0.002246059244,-0.0005354596069,1
0.1269443631,0.1173404306,-0.01992191188,0.004845782183,1
0.1289144009,0.04838907719,0.007502652239,0.007417091168,2
0.1289144009,0.050359115,0.01304046623,0.00871811714,1
0.1289144009,0.05232915282,0.0006724053528,0.00886520464,1
0.1289144009,0.05429919064,-0.002818245674,0.00876842346,1
0.1289144009,0.05626922846,-0.008061697707,0.006377265323,1
0.1289144009,0.05823927,-0.01815809868,0.007613805123,1
0.1289144009,0.06020930782,-0.037324965,-0.005196312908,1
0.1289144009,0.06217934564,-0.04615134746,-0.006669036578,1
0.1289144009,0.06414938718,-0.04958873615,-0.01638868079,2
0.1289144009,0.066119425,-0.04753857851,-0.02503650635,1
0.1289144009,0.06808946282,-0.04249534756,-0.02187516354,1
0.1289144009,0.07005950063,-0.04158909619,-0.02274960093,1
0.1289144009,0.07202953845,-0.04616560414,-0.0234075021,1
0.1289144009,0.07399957627,-0.05372006819,-0.02365716361,1
0.1289144009,0.07596961409,-0.05723253265,-0.02819707803,1
0.1289144009,0.07793965936,-0.05471312627,-0.01831331663,2
0.1289144009,0.07990969718,-0.05366447568,-0.01441524271,1
0.1289144009,0.08187973499,-0.04746146128,-0.007638675626,1
0.1289144009,0.08384977281,-0.0423801057,-0.004497995134,1
0.1289144009,0.08581981063,-0.03946347535,-0.004120500293,1
0.1289144009,0.08778984845,-0.03351853415,-0.0009519395535,1
0.1289144009,0.08975988626,-0.0297919251,0.006348638795,1
0.1289144009,0.09172992408,-0.0320902504,0.003937406,1
0.1289144009,0.0936999619,-0.03866097331,0.006863648538,1
0.1289144009,0.09567000717,-0.04281619191,0.01005495712,1
0.1289144009,0.09764004499,-0.04480938241,0.00943033956,1
0.1289144009,0.09961008281,-0.04940568283,0.01219972875,1
0.1289144009,0.1015801206,-0.05670393258,0.01206335984,1
0.1289144009,0.1035501584,-0.0648066774,0.006809744053,1
0.1289144009,0.1055201963,-0.06283204257,0.010477948,1
0.1289144009,0.1074902341,-0.04016172141,0.00947627984,1
0.1289144009,0.1094602719,0.004699354991,-0.0001960249501,1
0.1289144009,0.1114303172,-0.002353083109,0.0003284709237,1
0.1289144009,0.113400355,0.007425453514,-0.002140117111,1
0.1289144009,0.1153703928,-0.0105500957,0.0002901005209,1
0.1289144009,0.1173404306,-0.01351513807,0.001742414315,2
0.1308844388,0.04838907719,0.004481382668,0.005663595162,1
0.1308844388,0.050359115,3.598761759e-05,0.003038297873,1
0.1308844388,0.05232915282,0.002548936289,0.007738606539,1
0.1308844388,0.05429919064,-0.0002351997537,0.007833902724,1
0.1308844388,0.05626922846,-0.003665469587,0.004613119643,1
0.1308844388,0.05823927,-0.0175076928,-0.001125530805,1
0.1308844388,0.06020930782,-0.03410151601,-0.007867913693,1
0.1308844388,0.06217934564,-0.042156782,-0.01445972733,1
0.1308844388,0.06414938718,-0.04208555818,-0.01952901296,1
0.1308844388,0.066119425,-0.04691571742,-0.02233512513,1
0.1308844388,0.06808946282,-0.04454880208,-0.02067959495,1
0.1308844388,0.07005950063,-0.03964745998,-0.02880446985,1
0.1308844388,0.07202953845,-0.03979187459,-0.0270676855,1
0.1308844388,0.07399957627,-0.04925208166,-0.01835086755,1
0.1308844388,0.07596961409,-0.05674958602,-0.01085553505,1
0.1308844388,0.07793965936,-0.05009350181,-0.02401524223,1
0.1308844388,0.07990969718,-0.05048820749,-0.02390234917,1
0.1308844388,0.08187973499,-0.04499533027,-0.01525125187,1
0.1308844388,0.08384977281,-0.04293468595,-0.01449732203,1
0.1308844388,0.08581981063,-0.04937249795,-0.01665047929,1
0.1308844388,0.08778984845,-0.04796172678,-0.009276485071,1
0.1308844388,0.08975988626,-0.0482792519,-0.01093612146,1
0.1308844388,0.09172992408,-0.04447114095,-0.007949152961,1
0.1308844388,0.0936999619,-0.04413084313,-0.002810659353,1
0.1308844388,0.09567000717,-0.04729110375,0.005870427936,1
0.1308844388,0.09764004499,-0.05485814065,0.009137351997,1
0.1308844388,0.09961008281,-0.06173925474,0.01259939466,1
0.1308844388,0.1015801206,-0.0608179681,0.01317409892,1
0.1308844388,0.1035501584,-0.05499427021,0.002133765025,1
0.1308844388,0.1055201963,-0.05499670282,0.006515133195,1
0.1308844388,0.1074902341,-0.03497426584,0.005098963622,1
0.1308844388,0.1094602719,-0.0098199239,0.001603072626,1
0.1308844388,0.1114303172,0.0001759088482,-0.0008496163064,1
0.1308844388,0.113400355,0.003267573891,-0.00148610922,1
0.1308844388,0.1153703928,-0.0117016267,-0.0004560033849,1
0.1308844388,0.1173404306,-0.01007340569,9.136060544e-05,2
0.1328544915,0.04838907719,-0.01014875527,0.001706397277,1
0.1328544915,0.050359115,-0.00328977406,0.004160494544,1
0.1328544915,0.05232915282,0.005337743554,0.007084448822,1
0.1328544915,0.05429919064,0.002095434582,0.004799267277,1
0.1328544915,0.05626922846,-0.003806524212,0.002834831132,1
0.1328544915,0.05823927,-0.01859468408,-0.00315134041,1
0.1328544915,0.06020930782,-0.03022232465,-0.005398563109,2
0.1328544915,0.06217934564,-0.05121633038,-0.01434866432,1
0.1328544915,0.06414938718,-0.0549473837,-0.01736074872,1
0.1328544915,0.066119425,-0.05043670163,-0.01909755543,1
0.1328544915,0.06808946282,-0.04665485024,-0.0193992313,1
0.1328544915,0.07005950063,-0.03988357633,-0.02751947567,1
0.1328544915,0.07202953845,-0.03791479766,-0.02156867273,1
0.1328544915,0.07399957627,-0.04426474497,-0.0119622713,1
0.1328544915,0.07596961409,-0.04996691644,-0.006925330497,1
0.1328544915,0.07793965936,-0.04976323619,-0.01177707314,1
0.1328544915,0.07990969718,-0.04641291127,-0.01679909788,1
0.1328544915,0.08187973499,-0.0406341888,-0.02270548418,1
0.1328544915,0.08384977281,-0.04389166832,-0.02314503677,1
0.1328544915,0.08581981063,-0.04715760052,-0.01802370511,1
0.1328544915,0.08778984845,-0.04814577848,-0.01376683079,1
0.1328544915,0.08975988626,-0.05280955508,-0.0142863635,1
0.1328544915,0.09172992408,-0.0505826436,-0.01095852721,1
0.1328544915,0.0936999619,-0.04834454879,-0.006961029023,1
0.1328544915,0.09567000717,-0.0492038615,0.001483000233,1
0.1328544915,0.09764004499,-0.05444754288,0.005069161765,1
0.1328544915,0.09961008281,-0.0631140843,0.006884966511,1
0.1328544915,0.1015801206,-0.06567199528,0.005022969563,1
0.1328544915,0.1035501584,-0.0582158193,0.001016398892,1
0.1328544915,0.1055201963,-0.04169276357,-0.0003443076275,1
0.1328544915,0.1074902341,-0.01630681567,-0.007414425258,1
0.1328544915,0.1094602719,-0.003411614336,-0.00224257051,1
0.1328544915,0.1114303172,0.003217689926,-0.001061301446,1
0.1328544915,0.113400355,0.003046982689,-0.002994356444,1
0.1328544915,0.1153703928,-0.00550942868,-0.003576793475,1
0.1328544915,0.1173404306,-0.005003452767,-0.001012329129,2
0.1348245293,0.04838907719,-0.005883820821,0.002965540159,2
0.1348245293,0.050359115,-0.008474295028,0.002474981593,1
0.1348245293,0.05232915282,0.006659809034,0.007703714538,1
0.1348245293,0.05429919064,0.002413976938,0.004679448903,1
0.1348245293,0.05626922846,-0.004266296048,-0.0002951463393,1
0.1348245293,0.05823927,-0.01442778762,-0.001225216314,1
0.1348245293,0.06020930782,-0.0169767756,0.003773666685,1
0.1348245293,0.06217934564,-0.05826307833,-0.00985382963,1
0.1348245293,0.06414938718,-0.05979656056,-0.01137113292,1
0.1348245293,0.066119425,-0.04823672399,-0.01569445804,1
0.1348245293,0.06808946282,-0.04630590603,-0.0174903255,1
0.1348245293,0.07005950063,-0.04289317131,-0.01649760641,1
0.1348245293,0.07202953845,-0.04035770893,-0.010102259,1
0.1348245293,0.07399957627,-0.042717278,-0.006787051447,1
0.1348245293,0.07596961409,-0.04462055489,-0.006502897944,1
0.1348245293,0.07793965936,-0.04442520812,-0.007827851921,1
0.1348245293,0.07990969718,-0.04644279182,-0.008755122311,1
0.1348245293,0.08187973499,-0.04294164479,-0.01727580465,1
0.1348245293,0.08384977281,-0.04220261052,-0.01789350621,1
0.1348245293,0.08581981063,-0.04228639603,-0.01244589966,1
0.1348245293,0.08778984845,-0.04433408752,-0.01230164059,1
0.1348245293,0.08975988626,-0.0493179746,-0.01148709655,1
0.1348245293,0.09172992408,-0.05352280289,-0.01065743901,2
0.1348245293,0.0936999619,-0.05839658529,-0.01140232943,1
0.1348245293,0.09567000717,-0.05006817728,-0.002165688202,1
0.1348245293,0.09764004499,-0.05562604964,0.00188021129,1
0.1348245293,0.09961008281,-0.06305335462,0.003030248219,1
0.1348245293,0.1015801206,-0.06131172925,0.0009638282936,1
0.1348245293,0.1035501584,-0.0497360751,-0.003886717837,1
0.1348245293,0.1055201963,-0.03199777752,-0.01545190811,1
0.1348245293,0.1074902341,-0.002253292361,-0.004822274204,1
0.1348245293,0.1094602719,0.0006483540055,-0.003266987391,1
0.1348245293,0.1114303172,-0.001526447712,-0.000929394213,1
0.1348245293,0.113400355,-0.004265032243,-0.002132275142,1
0.1348245293,0.1153703928,-0.0003966476361,-0.002686485182,1
0.1348245293,0.1173404306,0.0005724763614,0.000448445353,1
0.1367945671,0.04838907719,0.0009715887718,0.004715241026,2
0.1367945671,0.050359115,-0.0002340384235,0.002750979271,1
0.1367945671,0.05232915282,0.006258939393,0.005348751787,1
0.1367945671,0.05429919064,0.003344598692,0.00358511298,1
0.1367945671,0.05626922846,0.001803524676,0.003621906508,1
0.1367945671,0.05823927,-0.01291809138,0.000233647821,1
0.1367945671,0.06020930782,-0.01188935712,0.005488777533,1
0.1367945671,0.06217934564,-0.06842824817,-0.007539010607,3
0.1367945671,0.06414938718,-0.05922764167,-0.002713436726,1
0.1367945671,0.066119425,-0.05712193996,-0.00423044851,1
0.1367945671,0.06808946282,-0.04683335125,-0.01106386166,1
0.1367945671,0.07005950063,-0.04342756048,-0.0121456366,1
0.1367945671,0.07202953845,-0.03992533684,-0.009270832874,1
0.1367945671,0.07399957627,-0.04147076979,-0.009282422252,1
0.1367945671,0.07596961409,-0.04380682111,-0.009010605514,1
0.1367945671,0.07793965936,-0.04191617295,-0.005962005816,1
0.1367945671,0.07990969718,-0.04903839901,-0.006538980175,1
0.1367945671,0.08187973499,-0.0448972173,-0.01968420483,1
0.1367945671,0.08384977281,-0.04302362353,-0.0219529774,1
0.1367945671,0.08581981063,-0.04007964209,-0.01566401683,1
0.1367945671,0.08778984845,-0.04434785247,-0.01059587114,1
0.1367945671,0.08975988626,-0.05270126089,-0.007539959159,1
0.1367945671,0.09172992408,-0.05579400808,-0.008781802841,2
0.1367945671,0.0936999619,-0.05832423642,-0.009889653884,1
0.1367945671,0.09567000717,-0.05014957115,-0.005340517964,1
0.1367945671,0.09764004499,-0.05397098139,-0.00281607802,1
0.1367945671,0.09961008281,-0.05828390643,0.006368976086,1
0.1367945671,0.1015801206,-0.05798027292,0.006236543879,1
0.1367945671,0.1035501584,-0.04624249414,-0.002959727077,1
0.1367945671,0.1055201963,-0.0260466896,-0.009469337761,1
0.1367945671,0.1074902341,-0.009053046815,-0.008880775422,1
0.1367945671,0.1094602719,-0.00183702074,-0.004335754551,1
0.1367945671,0.1114303172,-0.005871943198,-0.001144215581,1
0.1367945671,0.113400355,-0.006900837179,-0.0009407911566,1
0.1367945671,0.1153703928,0.002397471573,-0.002817044035,1
0.1367945671,0.1173404306,0.002414476359,-0.001051796833,2
0.1387646049,0.04838907719,0.009032625705,0.008429204114,2
0.1387646049,0.050359115,0.0120448852,0.008116098121,1
0.1387646049,0.05232915282,0.001302154385,0.003528272035,1
0.1387646049,0.05429919064,0.001981685869,0.003082160372,1
0.1387646049,0.05626922846,0.000729250838,0.004840482492,1
0.1387646049,0.05823927,-0.007727858145,0.0072253705,1
0.1387646049,0.06020930782,-0.03473124653,-0.002814767882,1
0.1387646049,0.06217934564,-0.05402874574,-0.009676155634,1
0.1387646049,0.06414938718,-0.06040988117,-0.004500549287,1
0.1387646049,0.066119425,-0.05500760302,-0.005054849666,1
0.1387646049,0.06808946282,-0.04676189274,-0.01166839711,1
0.1387646049,0.07005950063,-0.04499029741,-0.01473001391,1
0.1387646049,0.07202953845,-0.03877653554,-0.01545761991,1
0.1387646049,0.07399957627,-0.03558006138,-0.0238171313,1
0.1387646049,0.07596961409,-0.03958801925,-0.03213022277,1
0.1387646049,0.07793965936,-0.04410580173,-0.02121140994,1
0.1387646049,0.07990969718,-0.04978112131,-0.02670291811,1
0.1387646049,0.08187973499,-0.04966722429,-0.02663438953,1
0.1387646049,0.08384977281,-0.04778989777,-0.02201625519,1
0.1387646049,0.08581981063,-0.04577255622,-0.01830375381,1
0.1387646049,0.08778984845,-0.04855186865,-0.01272644382,1
0.1387646049,0.08975988626,-0.05745581165,-0.006828928366,1
0.1387646049,0.09172992408,-0.05862773582,-0.007040157449,1
0.1387646049,0.0936999619,-0.06756035239,0.003559868317,1
0.1387646049,0.09567000717,-0.0596521236,-0.002807605546,1
0.1387646049,0.09764004499,-0.05402242392,-0.007353546564,1
0.1387646049,0.09961008281,-0.0592558682,0.01222872362,1
0.1387646049,0.1015801206,-0.05867906287,0.01686571725,1
0.1387646049,0.1035501584,-0.05164738744,-0.003959008958,1
0.1387646049,0.1055201963,-0.02791257948,-0.008580053225,1
0.1387646049,0.1074902341,-0.01059464738,-0.00735283643,1
0.1387646049,0.1094602719,-0.005841196515,-0.003673862899,1
0.1387646049,0.1114303172,-0.005124981049,-0.0007311157533,1
0.1387646049,0.113400355,-0.00484151952,0.0004381935287,1
0.1387646049,0.1153703928,0.001833689283,-0.003612180473,1
0.1387646049,0.1173404306,0.004273481667,-0.0007867921377,1
0.1407346427,0.04838907719,0.01408140175,0.01245627273,1
0.1407346427,0.050359115,0.006306809373,0.007025940809,1
0.1407346427,0.05232915282,-0.001770205214,0.001108990284,1
0.1407346427,0.05429919064,0.0008675879217,0.004849179648,1
0.1407346427,0.05626922846,0.002289554104,0.009099001996,1
0.1407346427,0.05823927,-0.003665738972,0.01024649572,1
0.1407346427,0.06020930782,-0.02416137606,-0.000889139541,1
0.1407346427,0.06217934564,-0.04302070662,-0.007629294414,1
0.1407346427,0.06414938718,-0.05663369596,-0.01490677986,1
0.1407346427,0.066119425,-0.04913416877,-0.01519913692,1
0.1407346427,0.06808946282,-0.04059326649,-0.02084101364,1
0.1407346427,0.07005950063,-0.04886297137,-0.01976468414,1
0.1407346427,0.07202953845,-0.04561920464,-0.02935186401,1
0.1407346427,0.07399957627,-0.04552164301,-0.03247221559,1
0.1407346427,0.07596961409,-0.05277232453,-0.02206992544,1
0.1407346427,0.07793965936,-0.05456578732,-0.02199516259,1
0.1407346427,0.07990969718,-0.05057254806,-0.02902370319,1
0.1407346427,0.08187973499,-0.05027429387,-0.02576404065,1
0.1407346427,0.08384977281,-0.04917085543,-0.02136270329,1
0.1407346427,0.08581981063,-0.04952696711,-0.01926234365,1
0.1407346427,0.08778984845,-0.05424049124,-0.01707451977,1
0.1407346427,0.08975988626,-0.06290203333,-0.01358851325,1
0.1407346427,0.09172992408,-0.0609752275,-0.006860237103,2
0.1407346427,0.0936999619,-0.07696238905,0.01391897444,1
0.1407346427,0.09567000717,-0.07320231199,0.01562574506,1
0.1407346427,0.09764004499,-0.05544737354,-0.00354363001,1
0.1407346427,0.09961008281,-0.04948974401,0.009546414949,1
0.1407346427,0.1015801206,-0.04524995014,0.0133801084,1
0.1407346427,0.1035501584,-0.05049449578,0.006194329355,1
0.1407346427,0.1055201963,-0.03290008008,0.0002591713856,1
0.1407346427,0.1074902341,-0.014105184,-0.003365582088,1
0.1407346427,0.1094602719,-0.006803697906,-0.002399536548,1
0.1407346427,0.1114303172,-0.003781293752,-0.0001147469738,1
0.1407346427,0.113400355,-0.003833032912,0.0007299192948,1
0.1407346427,0.1153703928,0.0005481119151,-0.005420388654,1
0.1407346427,0.1173404306,-0.004485257436,-0.0009000956197,1
0.1427046806,0.04838907719,0.007812138647,0.005262615625,1
0.1427046806,0.050359115,0.002913697157,0.003392509883,1
0.1427046806,0.05232915282,-0.00179650879,0.00216298271,1
0.1427046806,0.05429919064,0.0001775350684,0.004532610998,1
0.1427046806,0.05626922846,0.002361071529,0.008048044518,1
0.1427046806,0.05823927,-0.003018759191,0.008595121093,1
0.1427046806,0.06020930782,-0.01834392361,0.006769621745,1
0.1427046806,0.06217934564,-0.03751688451,-0.004568544682,1
0.1427046806,0.06414938718,-0.04999808595,-0.01968118548,1
0.1427046806,0.066119425,-0.03720489517,-0.03135457635,1
0.1427046806,0.06808946282,-0.0340648517,-0.03485605493,1
0.1427046806,0.07005950063,-0.0491332449,-0.01897165924,1
0.1427046806,0.07202953845,-0.0480123274,-0.02864770591,1
0.1427046806,0.07399957627,-0.05221245438,-0.02944636531,1
0.1427046806,0.07596961409,-0.05832085758,-0.02315930277,1
0.1427046806,0.07793965936,-0.05689775199,-0.02375189401,1
0.1427046806,0.07990969718,-0.05032766983,-0.02596899681,1
0.1427046806,0.08187973499,-0.05129896849,-0.02112241648,1
0.1427046806,0.08384977281,-0.0549405776,-0.01995307393,1
0.1427046806,0.08581981063,-0.0576787591,-0.01113794744,1
0.1427046806,0.08778984845,-0.06389605254,-0.01434147172,2
0.1427046806,0.08975988626,-0.08175296336,-0.02021028101,1
0.1427046806,0.09172992408,-0.04540874064,-0.02073125169,1
0.1427046806,0.0936999619,-0.04304336384,-0.01380043756,1
0.1427046806,0.09567000717,-0.06191213429,0.002537566004,2
0.1427046806,0.09764004499,-0.08456386626,0.01395073812,1
0.1427046806,0.09961008281,-0.06981217116,0.006236075424,1
0.1427046806,0.1015801206,-0.04884682968,0.02051400952,1
0.1427046806,0.1035501584,-0.03847948089,0.01269149594,2
0.1427046806,0.1055201963,-0.02935509942,0.01219902281,1
0.1427046806,0.1074902341,-0.009051566012,-0.0006026662304,1
0.1427046806,0.1094602719,-0.003678140463,0.0007677815156,1
0.1427046806,0.1114303172,-0.003960344009,0.00189233711,1
0.1427046806,0.113400355,-0.004279301036,0.001199205755,1
0.1427046806,0.1153703928,0.0009602785576,-0.004792422056,1
0.1427046806,0.1173404306,0.000389316614,-0.003091769991,1
0.1446747184,0.04838907719,-0.0002995466057,0.00216095685,1
0.1446747184,0.050359115,-0.0008565316675,0.0008781042416,1
0.1446747184,0.05232915282,-0.001458529267,0.00347416196,1
0.1446747184,0.05429919064,0.0004753933463,0.004620291293,1
0.1446747184,0.05626922846,0.0005721597117,0.006430524401,1
0.1446747184,0.05823927,-0.0055730124,0.007715845015,1
0.1446747184,0.06020930782,-0.01768207923,0.007663528435,1
0.1446747184,0.06217934564,-0.03475265205,-0.001595557551,1
0.1446747184,0.06414938718,-0.05057380721,-0.01983088069,1
0.1446747184,0.066119425,-0.03948383033,-0.02754526213,1
0.1446747184,0.06808946282,-0.03954805061,-0.03255923092,1
0.1446747184,0.07005950063,-0.04274047539,-0.04478787631,1
0.1446747184,0.07202953845,-0.04623196274,-0.0238025859,1
0.1446747184,0.07399957627,-0.05013825372,-0.02451683395,1
0.1446747184,0.07596961409,-0.03571844846,-0.02766170353,1
0.1446747184,0.07793965936,-0.05566946045,-0.02243831754,1
0.1446747184,0.07990969718,-0.05366430432,-0.02387962677,1
0.1446747184,0.08187973499,-0.05226220563,-0.01703663915,1
0.1446747184,0.08384977281,-0.05129390955,-0.009076657705,1
0.1446747184,0.08581981063,-0.056949839,-0.01040865481,2
0.1446747184,0.08778984845,-0.06191200763,-0.008943137713,1
0.1446747184,0.08975988626,-0.07795089483,-0.01989728771,1
0.1446747184,0.09172992408,-0.03911030293,-0.02394130081,1
0.1446747184,0.0936999619,-0.05031002313,-0.01218044851,2
0.1446747184,0.09567000717,-0.04683897272,-0.005625781603,1
0.1446747184,0.09764004499,-0.0843732208,0.003669950645,1
0.1446747184,0.09961008281,-0.06707045436,0.007596945856,2
0.1446747184,0.1015801206,-0.04626778513,0.01401412766,2
0.1446747184,0.1035501584,-0.02522150986,0.01185862254,1
0.1446747184,0.1055201963,-0.006554708816,-0.004223069642,1
0.1446747184,0.1074902341,-0.002477160655,-0.002086476889,1
0.1446747184,0.1094602719,-0.0007728801575,0.001791488845,1
0.1446747184,0.1114303172,-0.002743368968,0.003938526381,1
0.1446747184,0.113400355,-0.003947325051,0.001215173979,1
0.1446747184,0.1153703928,0.003013577778,-0.004494903143,1
0.1446747184,0.1173404306,0.002007567091,-0.002581501845,1
0.1466447562,0.04838907719,0.002485706937,0.006170477252,1
0.1466447562,0.050359115,-3.851636211e-05,0.005124674179,1
0.1466447562,0.05232915282,-0.00237070024,0.003308604471,1
0.1466447562,0.05429919064,-0.002187609905,0.006454296876,1
0.1466447562,0.05626922846,-0.002193362219,0.007044162136,1
0.1466447562,0.05823927,-0.006403955631,0.0059047658,1
0.1466447562,0.06020930782,-0.008800833486,0.010310743,1
0.1466447562,0.06217934564,-0.03137889877,-0.002519045724,2
0.1466447562,0.06414938718,-0.04938737676,-0.01454626862,1
0.1466447562,0.066119425,-0.05191520229,-0.02958752215,1
0.1466447562,0.06808946282,-0.05122518912,-0.02849011682,1
0.1466447562,0.07005950063,-0.0499522388,-0.0148390932,2
0.1466447562,0.07202953845,-0.04294016957,-0.009084680118,2
0.1466447562,0.07399957627,-0.04852487519,-0.005120549817,1
0.1466447562,0.07596961409,-0.05743039399,0.001213870128,1
0.1466447562,0.07793965936,-0.05940182507,0.006349713542,1
0.1466447562,0.07990969718,-0.04978292063,-0.018447401,1
0.1466447562,0.08187973499,-0.04292952642,-0.008192849346,1
0.1466447562,0.08384977281,-0.04427203909,-0.004977181554,1
0.1466447562,0.08581981063,-0.05691467598,-0.01247687638,2
0.1466447562,0.08778984845,-0.05901720002,-0.01472483017,2
0.1466447562,0.08975988626,-0.05355317891,-0.0206052959,1
0.1466447562,0.09172992408,-0.05492778495,-0.03217443079,1
0.1466447562,0.0936999619,-0.07224745303,-0.005354274996,1
0.1466447562,0.09567000717,-0.08661559224,0.006451711059,1
0.1466447562,0.09764004499,-0.07951007038,0.006282807328,1
0.1466447562,0.09961008281,-0.06782862544,0.006467630155,1
0.1466447562,0.1015801206,-0.04393235222,0.01608693227,1
0.1466447562,0.1035501584,-0.03285445645,0.02063569054,1
0.1466447562,0.1055201963,-0.01302014478,-0.00138406246,1
0.1466447562,0.1074902341,0.001278272481,-0.005796161015,1
0.1466447562,0.1094602719,0.003440329572,-0.0008723129285,1
0.1466447562,0.1114303172,-0.0001613147906,0.00154300814,1
0.1466447562,0.113400355,-0.003973281011,-7.121628732e-05,1
0.1466447562,0.1153703928,0.00327617419,-0.003851707326,1
0.1466447562,0.1173404306,0.005614942405,-0.0003992034763,1
0.148614794,0.04838907719,0.003909998108,0.007071577944,1
0.148614794,0.050359115,-0.0001886325917,0.003756706836,1
0.148614794,0.05232915282,-0.001886516111,0.00314085139,1
0.148614794,0.05429919064,-0.001815670752,0.005003857426,1
0.148614794,0.05626922846,-9.143906209e-05,0.006096176803,1
0.148614794,0.05823927,0.0008116285899,0.003433070146,1
0.148614794,0.06020930782,-0.01654111035,0.002653415082,1
0.148614794,0.06217934564,-0.03257474676,-0.004245099146,1
0.148614794,0.06414938718,-0.03841003403,0.003432643833,1
0.148614794,0.066119425,-0.05886054784,0.01684342138,1
0.148614794,0.06808946282,-0.06497850269,0.01835328527,1
0.148614794,0.07005950063,-0.06290312111,0.02300629951,1
0.148614794,0.07202953845,-0.02705160715,0.007423508912,1
0.148614794,0.07399957627,-0.05270359665,0.01898814179,1
0.148614794,0.07596961409,-0.05838035047,0.01875218004,1
0.148614794,0.07793965936,-0.05145582557,0.01187013648,1
0.148614794,0.07990969718,-0.04518740997,-0.009647289291,1
0.148614794,0.08187973499,-0.04045887291,-0.004484417383,2
0.148614794,0.08384977281,-0.0373152867,-0.002939169062,1
0.148614794,0.08581981063,-0.06741962582,-0.01979683898,1
0.148614794,0.08778984845,-0.06368894875,-0.01687401161,1
0.148614794,0.08975988626,-0.05667787045,-0.01647680439,1
0.148614794,0.09172992408,-0.04755287617,-0.0301173199,1
0.148614794,0.0936999619,-0.07350214571,-0.006565033924,1
0.148614794,0.09567000717,-0.09153488278,0.002905941335,1
0.148614794,0.09764004499,-0.08313380182,0.001319785952,1
0.148614794,0.09961008281,-0.06581896544,-0.0006835340173,1
0.148614794,0.1015801206,-0.04514701664,0.01417703275,1
0.148614794,0.1035501584,-0.03205255792,0.01746466756,1
0.148614794,0.1055201963,-0.01179219503,-0.0002393724426,1
0.148614794,0.1074902341,0.001484504202,-0.007592949085,1
0.148614794,0.1094602719,0.003545408137,-0.004095977638,1
0.148614794,0.1114303172,0.0001019726988,-0.001776062534,1
0.148614794,0.113400355,-0.002703492763,-0.002025632653,1
0.148614794,0.1153703928,-0.001676487387,-0.0005066898302,1
0.148614794,0.1173404306,0.003870446002,-0.001565803657,2
0.1505848318,0.04838907719,0.001980751054,0.004373668693,1
0.1505848318,0.050359115,-0.0004816245346,0.002662653103,1
0.1505848318,0.05232915282,-0.00067831669,0.001997736515,1
0.1505848318,0.05429919064,-0.001244144631,0.00348700257,1
0.1505848318,0.05626922846,-0.001445974689,0.004448996391,1
0.1505848318,0.05823927,-0.00229245238,0.004092115909,1
0.1505848318,0.06020930782,-0.01328927279,0.003474763362,2
0.1505848318,0.06217934564,-0.02446570806,0.001980183413,2
0.1505848318,0.06414938718,-0.03682695329,0.004889194388,2
0.1505848318,0.066119425,-0.06304956228,0.01081125997,1
0.1505848318,0.06808946282,-0.0550619401,0.02241342142,1
0.1505848318,0.07005950063,-0.05263118446,0.01016868278,1
0.1505848318,0.07202953845,-0.04841240495,0.009302858263,1
0.1505848318,0.07399957627,-0.04634160548,0.02009041607,1
0.1505848318,0.07596961409,-0.04638792202,0.01870177872,1
0.1505848318,0.07793965936,-0.04054912552,-0.004203473218,1
0.1505848318,0.07990969718,-0.04120481014,0.002677239478,1
0.1505848318,0.08187973499,-0.03640326485,0.002841638401,1
0.1505848318,0.08384977281,-0.02961105108,0.006460488774,1
0.1505848318,0.08581981063,-0.03045661934,0.007032255642,1
0.1505848318,0.08778984845,-0.04908704385,-0.01210345421,1
0.1505848318,0.08975988626,-0.04728385434,-0.01175212115,1
0.1505848318,0.09172992408,-0.06583555043,-0.0009604538209,1
0.1505848318,0.0936999619,-0.0693731904,0.003059848677,1
0.1505848318,0.09567000717,-0.08274873346,-0.008860019036,1
0.1505848318,0.09764004499,-0.07870795578,-0.006913567428,1
0.1505848318,0.09961008281,-0.08187558502,2.337055048e-05,1
0.1505848318,0.1015801206,-0.04603944719,0.004996859003,2
0.1505848318,0.1035501584,-0.02099260688,0.005700471811,1
0.1505848318,0.1055201963,-0.001214865246,-0.0008110363269,1
0.1505848318,0.1074902341,0.004663320724,-0.007117263973,1
0.1505848318,0.1094602719,0.001302811317,-0.005628799554,1
0.1505848318,0.1114303172,-0.001846207539,-0.002362937201,1
0.1505848318,0.113400355,-0.003041977063,-0.001644266653,1
0.1505848318,0.1153703928,0.002242476912,-0.003824314568,1
0.1505848318,0.1173404306,0.007672882173,-0.003791517811,1
0.1525548697,0.04838907719,-0.0002753303561,0.004342315253,1
0.1525548697,0.050359115,-0.0009104767232,0.003198748222,1
0.1525548697,0.05232915282,-0.001086355536,0.00320539414,1
0.1525548697,0.05429919064,-0.002153317677,0.002677201992,1
0.1525548697,0.05626922846,-0.003249958856,0.004213970155,1
0.1525548697,0.05823927,-0.005514694378,0.005910398904,1
0.1525548697,0.06020930782,-0.009857818484,0.005173337646,2
0.1525548697,0.06217934564,-0.01517185755,0.003801875515,2
0.1525548697,0.06414938718,-0.02138251998,0.003332690336,2
0.1525548697,0.066119425,-0.0293188002,0.005358562805,2
0.1525548697,0.06808946282,-0.03235367686,0.007870154455,2
0.1525548697,0.07005950063,-0.03636515141,0.001210915856,2
0.1525548697,0.07202953845,-0.0465167053,-0.01137762889,1
0.1525548697,0.07399957627,-0.03720237315,0.005237414967,1
0.1525548697,0.07596961409,-0.0371401608,0.01325418986,1
0.1525548697,0.07793965936,-0.03284550458,-0.0007322095917,1
0.1525548697,0.07990969718,-0.0341210328,0.00435910793,1
0.1525548697,0.08187973499,-0.03111536242,0.009023908526,1
0.1525548697,0.08384977281,-0.02533498034,0.01187762152,1
0.1525548697,0.08581981063,-0.03030077554,0.03139197081,1
0.1525548697,0.08778984845,-0.0205342602,0.003828314366,2
0.1525548697,0.08975988626,-0.01822984219,-0.009431000799,2
0.1525548697,0.09172992408,-0.02870681137,-0.003918840084,2
0.1525548697,0.0936999619,-0.04617957026,-0.005468857009,2
0.1525548697,0.09567000717,-0.08087600023,-0.01169087738,1
0.1525548697,0.09764004499,-0.07970830053,-0.009577390738,1
0.1525548697,0.09961008281,-0.05533840507,-0.0020187255,2
0.1525548697,0.1015801206,-0.03614257649,8.656126738e-05,2
0.1525548697,0.1035501584,-0.01953566261,-0.0008872335311,2
0.1525548697,0.1055201963,-0.002809851663,-0.004055743571,1
0.1525548697,0.1074902341,0.003949623555,-0.005712334998,1
0.1525548697,0.1094602719,4.883917791e-05,-0.005445770919,1
0.1525548697,0.1114303172,-0.003004490165,-0.002399893943,1
0.1525548697,0.113400355,-0.003284725826,-0.001352097723,1
0.1525548697,0.1153703928,0.003518343205,-0.0032725411,1
0.1525548697,0.1173404306,0.00924521219,-0.005717513617,1
0.1545249075,0.04838907719,-0.0003260397061,0.005214722827,1
0.1545249075,0.050359115,0.001635845168,0.003436113475,1
0.1545249075,0.05232915282,-0.001530350768,0.002428049687,1
0.1545249075,0.05429919064,-0.002935050288,0.003364289878,1
0.1545249075,0.05626922846,-0.004065464716,0.00510058878,1
0.1545249075,0.05823927,-0.005080861505,0.005241047591,1
0.1545249075,0.06020930782,-0.005455449689,0.007506314199,1
0.1545249075,0.06217934564,-0.004981380887,0.004721290898,1
0.1545249075,0.06414938718,-0.004212469794,-0.000718871248,1
0.1545249075,0.066119425,-0.0004894420272,-0.0005798541824,1
0.1545249075,0.06808946282,-0.008668816648,0.002497720532,1
0.1545249075,0.07005950063,-0.01395904273,-0.001817545621,1
0.1545249075,0.07202953845,-0.005358383991,-0.007247120608,1
0.1545249075,0.07399957627,0.003846484935,-0.006409619935,1
0.1545249075,0.07596961409,0.008024425246,0.003570153378,1
0.1545249075,0.07793965936,-0.007917280309,0.0009697101195,2
0.1545249075,0.07990969718,-0.00427375501,-0.0003495700948,1
0.1545249075,0.08187973499,-0.0005178176216,0.01269098464,1
0.1545249075,0.08384977281,-0.004676708486,0.008859446272,2
0.1545249075,0.08581981063,0.00655128248,0.005360762123,1
0.1545249075,0.08778984845,0.01548062637,0.005455743056,1
0.1545249075,0.08975988626,0.02360555343,-0.02588135749,1
0.1545249075,0.09172992408,0.0154177174,0.0001849519904,1
0.1545249075,0.0936999619,-0.005762288813,-0.009325559251,1
0.1545249075,0.09567000717,-0.02054926008,-0.008212145418,1
0.1545249075,0.09764004499,-0.02582896873,-0.006338322535,1
0.1545249075,0.09961008281,-0.02362715453,0.001392555772,1
0.1545249075,0.1015801206,-0.0236567799,-0.001744654728,2
0.1545249075,0.1035501584,-0.01819762215,-0.005280223675,1
0.1545249075,0.1055201963,-0.002499341965,-0.007767583709,1
0.1545249075,0.1074902341,-0.0005742443609,-0.005260475446,1
0.1545249075,0.1094602719,-0.0006528224912,-0.005170546006,1
0.1545249075,0.1114303172,-0.004181649536,-0.002886111615,1
0.1545249075,0.113400355,-0.002045631874,0.0001000319462,1
0.1545249075,0.1153703928,-0.006968043279,0.0005273249117,1
0.1545249075,0.1173404306,0.01040928718,-0.006981058978,1
0.1564949453,0.04838907719,-0.00112308329,0.004941649269,1
0.1564949453,0.050359115,0.0008509103209,0.003197541693,1
0.1564949453,0.05232915282,-0.002069580834,0.003534576856,1
0.1564949453,0.05429919064,-0.004408387467,0.004592600744,1
0.1564949453,0.05626922846,-0.005520060658,0.004764327779,1
0.1564949453,0.05823927,-0.003359347582,0.00617668638,1
0.1564949453,0.06020930782,0.0009222767549,0.00803928636,1
0.1564949453,0.06217934564,NaN,NaN,0
0.1564949453,0.06414938718,NaN,NaN,0
0.1564949453,0.066119425,NaN,NaN,0
0.1564949453,0.06808946282,NaN,NaN,0
0.1564949453,0.07005950063,NaN,NaN,0
0.1564949453,0.07202953845,NaN,NaN,0
0.1564949453,0.07399957627,NaN,NaN,0
0.1564949453,0.07596961409,NaN,NaN,0
0.1564949453,0.07793965936,NaN,NaN,0
0.1564949453,0.07990969718,NaN,NaN,0
0.1564949453,0.08187973499,NaN,NaN,0
0.1564949453,0.08384977281,NaN,NaN,0
0.1564949453,0.08581981063,NaN,NaN,0
0.1564949453,0.08778984845,NaN,NaN,0
0.1564949453,0.08975988626,NaN,NaN,0
0.1564949453,0.09172992408,NaN,NaN,0
0.1564949453,0.0936999619,NaN,NaN,0
0.1564949453,0.09567000717,NaN,NaN,0
0.1564949453,0.09764004499,NaN,NaN,0
0.1564949453,0.09961008281,NaN,NaN,0
0.1564949453,0.1015801206,NaN,NaN,0
0.1564949453,0.1035501584,NaN,NaN,0
0.1564949453,0.1055201963,0.001427235547,-0.006237700116,1
0.1564949453,0.1074902341,0.002888334682,-0.002691445407,1
0.1564949453,0.1094602719,-0.0007362436736,-0.002881360473,1
0.1564949453,0.1114303172,-0.004426502623,-0.003608488711,1
0.1564949453,0.113400355,-0.003514095675,-0.001461504959,1
0.1564949453,0.1153703928,-0.008570197038,-0.00553853577,1
0.1564949453,0.1173404306,0.004577947315,-0.005421465728,1
0.1584649831,0.04838907719,-0.002530096797,0.004875679035,1
0.1584649831,0.050359115,-0.0003345324076,0.004791883286,1
0.1584649831,0.05232915282,-0.003617289942,0.002877366962,1
0.1584649831,0.05429919064,-0.006118146237,0.003265819745,1
0.1584649831,0.05626922846,-0.00605130801,0.0021676654,1
0.1584649831,0.05823927,NaN,NaN,0
0.1584649831,0.06020930782,NaN,NaN,0
0.1584649831,0.06217934564,NaN,NaN,0
0.1584649831,0.06414938718,NaN,NaN,0
0.1584649831,0.066119425,NaN,NaN,0
0.1584649831,0.06808946282,NaN,NaN,0
0.1584649831,0.07005950063,NaN,NaN,0
0.1584649831,0.07202953845,NaN,NaN,0
0.1584649831,0.07399957627,NaN,NaN,0
0.1584649831,0.07596961409,NaN,NaN,0
0.1584649831,0.07793965936,NaN,NaN,0
0.1584649831,0.07990969718,NaN,NaN,0
0.1584649831,0.08187973499,NaN,NaN,0
0.1584649831,0.08384977281,NaN,NaN,0
0.1584649831,0.08581981063,NaN,NaN,0
0.1584649831,0.08778984845,NaN,NaN,0
0.1584649831,0.08975988626,NaN,NaN,0
0.1584649831,0.09172992408,NaN,NaN,0
0.1584649831,0.0936999619,NaN,NaN,0
0.1584649831,0.09567000717,NaN,NaN,0
0.1584649831,0.09764004499,NaN,NaN,0
0.1584649831,0.09961008281,NaN,NaN,0
0.1584649831,0.1015801206,NaN,NaN,0
0.1584649831,0.1035501584,NaN,NaN,0
0.1584649831,0.1055201963,NaN,NaN,0
0.1584649831,0.1074902341,NaN,NaN,0
0.1584649831,0.1094602719,-0.002400569851,0.003588402178,1
0.1584649831,0.1114303172,-0.00400502421,-0.003518135054,1
0.1584649831,0.113400355,-0.003862650367,-0.004729353823,1
0.1584649831,0.1153703928,0.0001127319047,0.001400533249,1
0.1584649831,0.1173404306,-0.004033278208,0.0146359466,1
