x [m],y [m],u [m/s],v [m/s],Vector type [-]
0.02647239529,0.04838907719,-0.005034849513,0.008570231497,1
0.02647239529,0.050359115,-0.0007844970096,0.008635710925,1
0.02647239529,0.05232915282,-0.008107477799,0.006513997447,1
0.02647239529,0.05429919064,-0.01758561842,0.005102452822,1
0.02647239529,0.05626922846,-0.01361498516,0.006785828155,1
0.02647239529,0.05823927,-0.009839507751,0.008037682623,1
0.02647239529,0.06020930782,-0.01358240657,0.009996511042,1
0.02647239529,0.06217934564,-0.02069479972,0.01263325941,1
0.02647239529,0.06414938718,-0.02060504258,0.009503521957,1
0.02647239529,0.066119425,-0.02138124779,-0.002434845315,1
0.02647239529,0.06808946282,-0.0340064466,-0.001077547204,2
0.02647239529,0.07005950063,-0.04559510946,-0.00227139052,2
0.02647239529,0.07202953845,-0.0540802218,-0.008668703027,1
0.02647239529,0.07399957627,-0.05011268705,0.0003755638609,1
0.02647239529,0.07596961409,-0.05281072855,-0.003756052582,1
0.02647239529,0.07793965936,-0.05777206272,-0.004457307514,1
0.02647239529,0.07990969718,-0.05773021281,0.003352604108,1
0.02647239529,0.08187973499,-0.0444342941,0.0008255618741,1
0.02647239529,0.08384977281,-0.04635073617,-0.0009034634568,1
0.02647239529,0.08581981063,-0.044530496,-0.00261546555,1
0.02647239529,0.08778984845,-0.04218798503,-0.01334439963,1
0.02647239529,0.08975988626,-0.04031877965,-0.02145413496,1
0.02647239529,0.09172992408,-0.03290742263,-0.02143048868,1
0.02647239529,0.0936999619,-0.03065282106,-0.01649489626,1
0.02647239529,0.09567000717,-0.03776177764,-0.01963951625,1
0.02647239529,0.09764004499,-0.03343317285,-0.02179022506,2
0.02647239529,0.09961008281,-0.03151556477,-0.01935001276,2
0.02647239529,0.1015801206,-0.0302505251,-0.01497710124,2
0.02647239529,0.1035501584,-0.03425803781,-0.009429914877,1
0.02647239529,0.1055201963,-0.02926129662,-0.008597749285,1
0.02647239529,0.1074902341,-0.01959523,-0.01146838255,1
0.02647239529,0.1094602719,-0.01952867396,-0.008612012491,1
0.02647239529,0.1114303172,-0.01813235693,-0.006107348949,1
0.02647239529,0.113400355,-0.01846254058,-0.006167676765,1
0.02647239529,0.1153703928,-0.01781334542,-0.006271039136,1
0.02647239529,0.1173404306,-0.01720182039,-0.006212877575,1
0.0284424331,0.04838907719,-0.01083597541,0.007594819646,1
0.0284424331,0.050359115,-0.006426961627,0.01028137188,1
0.0284424331,0.05232915282,-0.006608271506,0.007321910933,1
0.0284424331,0.05429919064,-0.01922153868,0.004881572444,1
0.0284424331,0.05626922846,-0.01732005179,0.007003333885,1
0.0284424331,0.05823927,-0.01422566734,0.007665207144,1
0.0284424331,0.06020930782,-0.01651454158,0.007745074108,1
0.0284424331,0.06217934564,-0.02136921138,0.01256071962,1
0.0284424331,0.06414938718,-0.02089759894,0.01900723763,1
0.0284424331,0.066119425,-0.021924261,0.01562630385,1
0.0284424331,0.06808946282,-0.03504298255,0.001473594457,1
0.0284424331,0.07005950063,-0.04869865999,0.002932078438,1
0.0284424331,0.07202953845,-0.05284199491,0.0002434452908,1
0.0284424331,0.07399957627,-0.05187609047,0.002614098135,1
0.0284424331,0.07596961409,-0.05138094723,0.003629676998,1
0.0284424331,0.07793965936,-0.05284687132,-0.000719874166,1
0.0284424331,0.07990969718,-0.0567898266,-0.004647149704,1
0.0284424331,0.08187973499,-0.04800476134,-0.008045808412,1
0.0284424331,0.08384977281,-0.04631879181,-0.008811825886,1
0.0284424331,0.08581981063,-0.04341173545,-0.006333867554,1
0.0284424331,0.08778984845,-0.03813411668,-0.008875451051,1
0.0284424331,0.08975988626,-0.04480301216,-0.01931485906,1
0.0284424331,0.09172992408,-0.04142775014,-0.02371758036,1
0.0284424331,0.0936999619,-0.02519153431,-0.0244142171,1
0.0284424331,0.09567000717,-0.02660203911,-0.02774127759,1
0.0284424331,0.09764004499,-0.03102217615,-0.02638114244,1
0.0284424331,0.09961008281,-0.03086300008,-0.02128271386,1
0.0284424331,0.1015801206,-0.02497797273,-0.01615137421,1
0.0284424331,0.1035501584,-0.0261062216,-0.01599055342,1
0.0284424331,0.1055201963,-0.02380430698,-0.01015080605,1
0.0284424331,0.1074902341,-0.02077225968,-0.005154778715,1
0.0284424331,0.1094602719,-0.01708996296,-0.003736823099,1
0.0284424331,0.1114303172,-0.01625097916,-0.001068927464,1
0.0284424331,0.113400355,-0.0165083725,-0.001582081313,1
0.0284424331,0.1153703928,-0.01624983177,-0.003918760922,1
0.0284424331,0.1173404306,-0.01778983325,-0.005845722742,1
0.03041247278,0.04838907719,0.002325459616,0.01088556368,1
0.03041247278,0.050359115,0.001602588687,0.01152248308,1
0.03041247278,0.05232915282,-0.005808828864,0.009749082848,1
0.03041247278,0.05429919064,-0.01589099318,0.005024042446,1
0.03041247278,0.05626922846,-0.01879181899,0.006647792645,1
0.03041247278,0.05823927,-0.01834189519,0.006811891217,1
0.03041247278,0.06020930782,-0.01791589521,0.00619269209,1
0.03041247278,0.06217934564,-0.02155636996,0.00968225114,1
0.03041247278,0.06414938718,-0.0237669982,0.0148372706,1
0.03041247278,0.066119425,-0.02506216057,0.01691706106,1
0.03041247278,0.06808946282,-0.02617436275,0.01059223525,1
0.03041247278,0.07005950063,-0.02985123917,0.009660937823,1
0.03041247278,0.07202953845,-0.05379872769,0.004650853574,1
0.03041247278,0.07399957627,-0.05121010542,0.001832916867,1
0.03041247278,0.07596961409,-0.04860540107,-0.001900246833,1
0.03041247278,0.07793965936,-0.05265789852,-0.008411239833,1
0.03041247278,0.07990969718,-0.05589267239,-0.009743086994,1
0.03041247278,0.08187973499,-0.0527715832,-0.01037241146,1
0.03041247278,0.08384977281,-0.04717166722,-0.007363326382,1
0.03041247278,0.08581981063,-0.04129482806,-0.006208964624,1
0.03041247278,0.08778984845,-0.03480457887,-0.005702593829,1
0.03041247278,0.08975988626,-0.04616697133,-0.008970217779,1
0.03041247278,0.09172992408,-0.04023492336,-0.01284402329,1
0.03041247278,0.0936999619,-0.02175423503,-0.01932545565,1
0.03041247278,0.09567000717,-0.01922068186,-0.02659723721,1
0.03041247278,0.09764004499,-0.0223101899,-0.02360821702,1
0.03041247278,0.09961008281,-0.02589949593,-0.01584331691,1
0.03041247278,0.1015801206,-0.02737319842,-0.01549973432,1
0.03041247278,0.1035501584,-0.02503611147,-0.01356599946,1
0.03041247278,0.1055201963,-0.02474121191,-0.007497779559,1
0.03041247278,0.1074902341,-0.0223681666,-0.002933627693,1
0.03041247278,0.1094602719,-0.01626694575,-0.002826814074,1
0.03041247278,0.1114303172,-0.01388798654,-0.002819595858,1
0.03041247278,0.113400355,-0.01564011164,-0.002151285298,1
0.03041247278,0.1153703928,-0.01800020225,-0.002853740705,1
0.03041247278,0.1173404306,-0.02130290307,-0.004797765985,1
0.0323825106,0.04838907719,0.001553223119,0.009137702174,1
0.0323825106,0.050359115,-0.005049148574,0.008525324985,1
0.0323825106,0.05232915282,-0.0121978512,0.006888084114,1
0.0323825106,0.05429919064,-0.01580454037,0.009820307605,1
0.0323825106,0.05626922846,-0.02464347333,0.009754271246,1
0.0323825106,0.05823927,-0.02465054207,0.006662915461,1
0.0323825106,0.06020930782,-0.02313398011,0.008290650323,1
0.0323825106,0.06217934564,-0.02294928022,0.01128575485,1
0.0323825106,0.06414938718,-0.0257319212,0.01129046082,1
0.0323825106,0.066119425,-0.02667815238,0.01119101234,1
0.0323825106,0.06808946282,-0.02743513137,0.01128370967,1
0.0323825106,0.07005950063,-0.02671193331,0.01055633742,1
0.0323825106,0.07202953845,-0.04611077905,0.006446958985,1
0.0323825106,0.07399957627,-0.04508418962,0.0006299337256,1
0.0323825106,0.07596961409,-0.0435054414,-0.004826043267,1
0.0323825106,0.07793965936,-0.04829214886,-0.009606395848,1
0.0323825106,0.07990969718,-0.05170132965,-0.008071816526,1
0.0323825106,0.08187973499,-0.05513960868,-0.00352015486,1
0.0323825106,0.08384977281,-0.04871622473,-0.002424498321,1
0.0323825106,0.08581981063,-0.03936980665,-0.004104142077,1
0.0323825106,0.08778984845,-0.03583924472,-0.003912049346,1
0.0323825106,0.08975988626,-0.03592410684,-0.0008799959905,1
0.0323825106,0.09172992408,-0.03254126385,-0.005508681759,2
0.0323825106,0.0936999619,-0.02532061562,-0.003222029889,1
0.0323825106,0.09567000717,-0.02657935023,-0.01772970892,1
0.0323825106,0.09764004499,-0.02445179969,-0.01767469943,2
0.0323825106,0.09961008281,-0.03041348606,-0.01201847848,1
0.0323825106,0.1015801206,-0.02386505716,-0.01588737406,1
0.0323825106,0.1035501584,-0.02325255051,-0.01294952631,1
0.0323825106,0.1055201963,-0.02477859706,-0.005131484475,1
0.0323825106,0.1074902341,-0.02266957238,-0.004384593572,1
0.0323825106,0.1094602719,-0.01584260538,-0.006065639202,1
0.0323825106,0.1114303172,-0.01343542989,-0.00494397385,1
0.0323825106,0.113400355,-0.01463961229,-0.00310562714,1
0.0323825106,0.1153703928,-0.0165897999,-0.003924806137,1
0.0323825106,0.1173404306,-0.02007958293,-0.006155999377,1
0.03435254842,0.04838907719,-0.0007268667687,0.00890333578,1
0.03435254842,0.050359115,-0.003196171951,0.008087476715,1
0.03435254842,0.05232915282,-0.01104901638,0.004168143496,1
0.03435254842,0.05429919064,-0.01602792181,0.006215988193,1
0.03435254842,0.05626922846,-0.02254457027,0.004137248732,1
0.03435254842,0.05823927,-0.02506143413,0.004375580698,1
0.03435254842,0.06020930782,-0.02318112738,0.007302324753,1
0.03435254842,0.06217934564,-0.02218695544,0.00996647682,1
0.03435254842,0.06414938718,-0.02805431001,0.003915585577,1
0.03435254842,0.066119425,-0.02785732411,0.0081669949,1
0.03435254842,0.06808946282,-0.03109803423,0.009635535069,1
0.03435254842,0.07005950063,-0.03995169699,0.01236881595,1
0.03435254842,0.07202953845,-0.04456803203,0.01056614239,1
0.03435254842,0.07399957627,-0.04604690894,0.008284575306,1
0.03435254842,0.07596961409,-0.03483212367,-0.001917671878,1
0.03435254842,0.07793965936,-0.04162124917,-0.003364369273,2
0.03435254842,0.07990969718,-0.04645655677,0.000186194884,1
0.03435254842,0.08187973499,-0.05193495378,0.003278172808,1
0.03435254842,0.08384977281,-0.0484977439,0.002268431243,1
0.03435254842,0.08581981063,-0.04334091768,-0.00151502504,1
0.03435254842,0.08778984845,-0.04330905527,-0.001421605237,1
0.03435254842,0.08975988626,-0.03874999657,-0.0001636884263,1
0.03435254842,0.09172992408,-0.02868540771,-0.00508867763,2
0.03435254842,0.0936999619,-0.02092864923,-0.01032629237,1
0.03435254842,0.09567000717,-0.01496028993,-0.01931464486,1
0.03435254842,0.09764004499,-0.01850417815,-0.01734239608,1
0.03435254842,0.09961008281,-0.02034746855,-0.01575744525,1
0.03435254842,0.1015801206,-0.02111125551,-0.01828392409,1
0.03435254842,0.1035501584,-0.02306069061,-0.0137649877,1
0.03435254842,0.1055201963,-0.02083413862,-0.005199336447,1
0.03435254842,0.1074902341,-0.02186718769,-0.006907995325,1
0.03435254842,0.1094602719,-0.01853891276,-0.005328053143,1
0.03435254842,0.1114303172,-0.01414644532,-0.003828385379,1
0.03435254842,0.113400355,-0.01219639275,-0.003108161734,1
0.03435254842,0.1153703928,-0.01348533668,-0.003631592961,1
0.03435254842,0.1173404306,-0.01589649543,-0.00677975826,1
0.03632258996,0.04838907719,-0.0006386054447,0.007432699203,1
0.03632258996,0.050359115,-0.005510193761,0.005044063553,1
0.03632258996,0.05232915282,-0.00972773321,0.002788290149,1
0.03632258996,0.05429919064,-0.01454530563,0.005219848361,1
0.03632258996,0.05626922846,-0.02242512815,0.002286224859,1
0.03632258996,0.05823927,-0.02500896715,0.0007933802553,1
0.03632258996,0.06020930782,-0.01907254569,0.005696570966,1
0.03632258996,0.06217934564,-0.01989114657,0.007890217938,1
0.03632258996,0.06414938718,-0.02748171613,0.005409015343,1
0.03632258996,0.066119425,-0.02990850993,0.00632918207,1
0.03632258996,0.06808946282,-0.03502764553,0.007420900278,1
0.03632258996,0.07005950063,-0.04232096672,0.01044548396,1
0.03632258996,0.07202953845,-0.0364754349,0.01078963466,1
0.03632258996,0.07399957627,-0.03336364403,0.01036154851,1
0.03632258996,0.07596961409,-0.03590985015,0.003695865627,1
0.03632258996,0.07793965936,-0.03690417111,-0.002119604498,1
0.03632258996,0.07990969718,-0.04853796959,0.01396252308,1
0.03632258996,0.08187973499,-0.04686521366,0.008744698949,1
0.03632258996,0.08384977281,-0.04497081414,0.007008833811,1
0.03632258996,0.08581981063,-0.04523684829,0.003193073208,1
0.03632258996,0.08778984845,-0.04464556277,0.001209693262,1
0.03632258996,0.08975988626,-0.04157299921,-0.001256899792,1
0.03632258996,0.09172992408,-0.02252171747,-0.004356047604,1
0.03632258996,0.0936999619,-0.01456406806,-0.01317293197,1
0.03632258996,0.09567000717,-0.008651104756,-0.01766020991,1
0.03632258996,0.09764004499,-0.01319879852,-0.01633710228,1
0.03632258996,0.09961008281,-0.0157780014,-0.0155825736,1
0.03632258996,0.1015801206,-0.01908350922,-0.01325365342,1
0.03632258996,0.1035501584,-0.02679386176,-0.01146459486,1
0.03632258996,0.1055201963,-0.0192698352,-0.01114682481,1
0.03632258996,0.1074902341,-0.02008524165,-0.007665161975,1
0.03632258996,0.1094602719,-0.01930698194,-0.005021261051,1
0.03632258996,0.1114303172,-0.01384792849,-0.002040844178,1
0.03632258996,0.113400355,-0.01037619077,-0.001985553652,1
0.03632258996,0.1153703928,-0.01310155261,-0.001143123489,1
0.03632258996,0.1173404306,-0.01855143346,-0.003341950243,1
0.03829262778,0.04838907719,-0.001003809855,0.006561956834,1
0.03829262778,0.050359115,-0.00944028236,0.00285894121,1
0.03829262778,0.05232915282,-0.01291599218,0.001737715094,1
0.03829262778,0.05429919064,-0.01316769049,0.004432499409,1
0.03829262778,0.05626922846,-0.02291599102,-2.508111174e-05,1
0.03829262778,0.05823927,-0.02600638196,-0.00222949544,1
0.03829262778,0.06020930782,-0.02420497127,0.002429035725,1
0.03829262778,0.06217934564,-0.02260924131,0.008672651835,1
0.03829262778,0.06414938718,-0.02575821616,0.008931771852,1
0.03829262778,0.066119425,-0.03049696237,0.006021512672,1
0.03829262778,0.06808946282,-0.0361700207,0.003269278212,1
0.03829262778,0.07005950063,-0.04007166997,0.005252051633,1
0.03829262778,0.07202953845,-0.0361648798,0.008389804512,1
0.03829262778,0.07399957627,-0.03386033326,0.008847430348,1
0.03829262778,0.07596961409,-0.04335544258,0.009000509046,1
0.03829262778,0.07793965936,-0.05092363805,0.007915768772,1
0.03829262778,0.07990969718,-0.05404689908,0.008326390758,1
0.03829262778,0.08187973499,-0.04927964881,0.009236720391,1
0.03829262778,0.08384977281,-0.04459297657,0.007244421169,1
0.03829262778,0.08581981063,-0.04368382692,0.004802328534,1
0.03829262778,0.08778984845,-0.0425994359,0.001000321237,1
0.03829262778,0.08975988626,-0.03893709183,-0.007109540515,1
0.03829262778,0.09172992408,-0.02576105483,-0.01079233456,1
0.03829262778,0.0936999619,-0.01532954071,-0.01137017086,1
0.03829262778,0.09567000717,-0.009014422074,-0.01397197321,1
0.03829262778,0.09764004499,-0.01055603381,-0.01588934101,1
0.03829262778,0.09961008281,-0.01379479002,-0.01597829536,1
0.03829262778,0.1015801206,-0.01661657356,-0.01051310543,1
0.03829262778,0.1035501584,-0.02285196818,-0.01177278254,1
0.03829262778,0.1055201963,-0.01840026304,-0.01096276101,1
0.03829262778,0.1074902341,-0.01589951478,-0.00891565904,1
0.03829262778,0.1094602719,-0.01490904856,-0.007197396364,1
0.03829262778,0.1114303172,-0.01001940854,-0.002204151824,1
0.03829262778,0.113400355,-0.008280847222,-0.001218268531,1
0.03829262778,0.1153703928,-0.01381220575,-0.0005163578899,1
0.03829262778,0.1173404306,-0.01758118533,-0.002677230397,1
0.0402626656,0.04838907719,-0.003333740169,0.003994725179,1
0.0402626656,0.050359115,-0.01189713459,0.002634071978,1
0.0402626656,0.05232915282,-0.01281551644,0.003328764578,1
0.0402626656,0.05429919064,-0.01574631222,0.002434745198,1
0.0402626656,0.05626922846,-0.02239329368,-0.003993907012,1
0.0402626656,0.05823927,-0.02592699789,-0.006355494261,1
0.0402626656,0.06020930782,-0.02652929351,-0.005549395457,1
0.0402626656,0.06217934564,-0.02415863425,0.003107128199,1
0.0402626656,0.06414938718,-0.02601160668,0.006055662874,1
0.0402626656,0.066119425,-0.03330821544,0.001305107842,1
0.0402626656,0.06808946282,-0.03845781088,0.0004725433537,1
0.0402626656,0.07005950063,-0.04290868342,0.001542654936,1
0.0402626656,0.07202953845,-0.04437438399,0.003416878404,1
0.0402626656,0.07399957627,-0.04153576866,0.004492041655,1
0.0402626656,0.07596961409,-0.05376086384,0.0141413305,1
0.0402626656,0.07793965936,-0.05393026397,0.01266015228,1
0.0402626656,0.07990969718,-0.05394987762,0.00507991435,1
0.0402626656,0.08187973499,-0.05188430473,0.007320837583,1
0.0402626656,0.08384977281,-0.04427790642,0.005895758979,1
0.0402626656,0.08581981063,-0.04256673902,0.002992204158,1
0.0402626656,0.08778984845,-0.04117928818,-0.002824789844,1
0.0402626656,0.08975988626,-0.03025828674,-0.01729647815,1
0.0402626656,0.09172992408,-0.02159496583,-0.01160819083,1
0.0402626656,0.0936999619,-0.01607418992,-0.01203212701,1
0.0402626656,0.09567000717,-0.01357467659,-0.0173330009,1
0.0402626656,0.09764004499,-0.009266860783,-0.01913059689,1
0.0402626656,0.09961008281,-0.007421121467,-0.0168286711,1
0.0402626656,0.1015801206,-0.01348074991,-0.007408048026,1
0.0402626656,0.1035501584,-0.01947283931,-0.0118166646,1
0.0402626656,0.1055201963,-0.01968006231,-0.01094023976,1
0.0402626656,0.1074902341,-0.01670290716,-0.008501650766,1
0.0402626656,0.1094602719,-0.01462769881,-0.006508701947,1
0.0402626656,0.1114303172,-0.01210659929,-0.003677538829,1
0.0402626656,0.113400355,-0.009322493337,-0.0008619744913,1
0.0402626656,0.1153703928,-0.009491181001,0.001009182306,1
0.0402626656,0.1173404306,-0.01185357105,-0.002203315264,1
0.04223270342,0.04838907719,-0.001923394389,0.002093671821,1
0.04223270342,0.050359115,-0.005895631853,0.008132266812,1
0.04223270342,0.05232915282,-0.009197414853,0.005525308661,1
0.04223270342,0.05429919064,-0.01248713024,0.001392345759,1
0.04223270342,0.05626922846,-0.01672929339,-0.00116782228,1
0.04223270342,0.05823927,-0.0241685044,-0.008601782843,1
0.04223270342,0.06020930782,-0.02635381371,-0.008201369084,1
0.04223270342,0.06217934564,-0.02587918565,-0.0008491571061,1
0.04223270342,0.06414938718,-0.02181468718,0.00155436981,1
0.04223270342,0.066119425,-0.02571388707,-0.001025221078,1
0.04223270342,0.06808946282,-0.04290189594,-0.004397113807,1
0.04223270342,0.07005950063,-0.04729857296,-0.003095135093,1
0.04223270342,0.07202953845,-0.04936151952,-0.004009363241,1
0.04223270342,0.07399957627,-0.05669584498,-0.002197744092,1
0.04223270342,0.07596961409,-0.06188903749,0.004462005105,1
0.04223270342,0.07793965936,-0.06142823026,0.005467751529,1
0.04223270342,0.07990969718,-0.05598294362,0.0003500076127,1
0.04223270342,0.08187973499,-0.05236526206,-0.00246768794,1
0.04223270342,0.08384977281,-0.04461661726,9.736900392e-05,1
0.04223270342,0.08581981063,-0.04244150221,0.000990419765,1
0.04223270342,0.08778984845,-0.03925475478,-0.003565164516,1
0.04223270342,0.08975988626,-0.02252751403,-0.01044522226,1
0.04223270342,0.09172992408,-0.02238486707,-0.01303386781,1
0.04223270342,0.0936999619,-0.01976099797,-0.01474007498,1
0.04223270342,0.09567000717,-0.01506189909,-0.02036120743,1
0.04223270342,0.09764004499,-0.0092165526,-0.01958393678,1
0.04223270342,0.09961008281,-0.005636925809,-0.01613969728,1
0.04223270342,0.1015801206,-0.01925431378,-0.003694875631,1
0.04223270342,0.1035501584,-0.02075801231,-0.008904454298,1
0.04223270342,0.1055201963,-0.02016442642,-0.008756830357,1
0.04223270342,0.1074902341,-0.01407067291,-0.003080180613,1
0.04223270342,0.1094602719,-0.01163754985,-0.003137079068,1
0.04223270342,0.1114303172,-0.01160995755,-0.001947525423,1
0.04223270342,0.113400355,-0.009892311879,-0.0009284949047,1
0.04223270342,0.1153703928,-0.008663776331,0.0007062237128,1
0.04223270342,0.1173404306,-0.008782083169,0.004811024759,1
0.04420274496,0.04838907719,-0.0006875348627,0.005900384858,1
0.04420274496,0.050359115,-0.004775373731,0.008045124821,1
0.04420274496,0.05232915282,-0.007698987611,0.006737508345,1
0.04420274496,0.05429919064,-0.00872334931,0.001310608699,1
0.04420274496,0.05626922846,-0.0114383027,0.0007635108195,1
0.04420274496,0.05823927,-0.0172776822,-0.005450627301,1
0.04420274496,0.06020930782,-0.03508034721,-0.01101665944,1
0.04420274496,0.06217934564,-0.04120292142,-0.007250526454,1
0.04420274496,0.06414938718,-0.02043470554,0.001090514823,1
0.04420274496,0.066119425,-0.02126183547,-0.005614330061,1
0.04420274496,0.06808946282,-0.02860799246,-0.01651403122,1
0.04420274496,0.07005950063,-0.05110486969,-0.01917110011,1
0.04420274496,0.07202953845,-0.05406458303,-0.01503599528,1
0.04420274496,0.07399957627,-0.05887247249,-0.007479315158,1
0.04420274496,0.07596961409,-0.06223994121,-0.005464779679,1
0.04420274496,0.07793965936,-0.06185054779,-0.004640090279,1
0.04420274496,0.07990969718,-0.05836950243,-0.002849268029,1
0.04420274496,0.08187973499,-0.05264613032,-0.005665999837,1
0.04420274496,0.08384977281,-0.04782837629,-0.004533532076,1
0.04420274496,0.08581981063,-0.0446912609,-0.002254867693,1
0.04420274496,0.08778984845,-0.03413823619,-0.007803619374,1
0.04420274496,0.08975988626,-0.02107350715,-0.01788197272,1
0.04420274496,0.09172992408,-0.01968880184,-0.0183397755,1
0.04420274496,0.0936999619,-0.01893376,-0.0242538508,1
0.04420274496,0.09567000717,-0.0165609289,-0.02629451267,1
0.04420274496,0.09764004499,-0.01224716753,-0.01728355139,1
0.04420274496,0.09961008281,-0.01213294268,-0.01466344204,1
0.04420274496,0.1015801206,-0.01850474812,-0.006037291605,1
0.04420274496,0.1035501584,-0.01881223731,-0.006161851343,1
0.04420274496,0.1055201963,-0.01866648346,-0.007626627572,1
0.04420274496,0.1074902341,-0.0114549892,-0.004070334136,1
0.04420274496,0.1094602719,-0.009791110642,-0.003503646003,1
0.04420274496,0.1114303172,-0.009909124114,-0.002696737181,1
0.04420274496,0.113400355,-0.008889585733,-0.001866919221,1
0.04420274496,0.1153703928,-0.007834560238,-0.0005180843873,1
0.04420274496,0.1173404306,-0.007864882238,0.003473117948,1
0.04617278278,0.04838907719,-0.005127999,0.007176548708,1
0.04617278278,0.050359115,-0.001603217097,0.00748412637,1
0.04617278278,0.05232915282,-0.006518883165,0.006297092419,1
0.04617278278,0.05429919064,-0.01189342607,0.002092742361,1
0.04617278278,0.05626922846,-0.009622201324,0.002813412109,1
0.04617278278,0.05823927,-0.01618052274,0.00244499906,1
0.04617278278,0.06020930782,-0.02958456799,0.0001847915846,2
0.04617278278,0.06217934564,-0.03735269234,0.002253644634,3
0.04617278278,0.06414938718,-0.02755662054,-0.002818600275,1
0.04617278278,0.066119425,-0.0220536422,-0.01351308916,1
0.04617278278,0.06808946282,-0.03338114917,-0.01520653814,2
0.04617278278,0.07005950063,-0.04637971893,-0.01794507168,2
0.04617278278,0.07202953845,-0.05567592755,-0.01760882139,2
0.04617278278,0.07399957627,-0.06625770777,-0.01612427086,1
0.04617278278,0.07596961409,-0.06040661782,-0.008192405105,1
0.04617278278,0.07793965936,-0.05858651176,-0.006961791776,1
0.04617278278,0.07990969718,-0.05492738634,-0.006061459426,1
0.04617278278,0.08187973499,-0.04644957557,-0.008806226775,1
0.04617278278,0.08384977281,-0.0584195517,-0.005087637808,1
0.04617278278,0.08581981063,-0.05004358664,-0.004333571065,1
0.04617278278,0.08778984845,-0.0367372781,-0.008957462385,2
0.04617278278,0.08975988626,-0.02596108988,-0.01534231938,2
0.04617278278,0.09172992408,-0.01859402098,-0.02291373909,1
0.04617278278,0.0936999619,-0.01669673622,-0.02686302178,1
0.04617278278,0.09567000717,-0.01618166454,-0.02917995118,1
0.04617278278,0.09764004499,-0.01729484834,-0.0203914009,1
0.04617278278,0.09961008281,-0.01690408401,-0.0120413471,1
0.04617278278,0.1015801206,-0.01597918011,-0.008011420257,1
0.04617278278,0.1035501584,-0.01465076581,-0.006150423549,1
0.04617278278,0.1055201963,-0.01349548623,-0.008417048492,1
0.04617278278,0.1074902341,-0.01128025074,-0.008790211752,1
0.04617278278,0.1094602719,-0.008948373608,-0.005732195918,1
0.04617278278,0.1114303172,-0.01095656957,-0.006160892081,1
0.04617278278,0.113400355,-0.009388629347,-0.004304035101,1
0.04617278278,0.1153703928,-0.007337483112,-0.002023023088,1
0.04617278278,0.1173404306,-0.008197983727,-0.0006583269569,1
0.0481428206,0.04838907719,-0.006725282874,0.004143191967,1
0.0481428206,0.050359115,0.002155934228,0.0008536094683,1
0.0481428206,0.05232915282,-0.006187214982,0.006300471723,1
0.0481428206,0.05429919064,-0.01046055555,0.004465971608,1
0.0481428206,0.05626922846,-0.01009832975,0.004933690652,1
0.0481428206,0.05823927,-0.01829010807,0.005578851793,1
0.0481428206,0.06020930782,-0.02972470224,0.00705718156,1
0.0481428206,0.06217934564,-0.03287344426,0.005484620109,1
0.0481428206,0.06414938718,-0.01520119049,0.004333783407,1
0.0481428206,0.066119425,-0.02029603347,-0.005150457378,1
0.0481428206,0.06808946282,-0.03648323566,-0.01285395771,1
0.0481428206,0.07005950063,-0.04535693303,-0.01979382895,1
0.0481428206,0.07202953845,-0.05600169674,-0.02132994123,1
0.0481428206,0.07399957627,-0.06656513363,-0.01758806221,1
0.0481428206,0.07596961409,-0.06204591691,-0.009272621013,1
0.0481428206,0.07793965936,-0.05797525495,-0.00843707379,1
0.0481428206,0.07990969718,-0.05640543997,-0.004256851505,2
0.0481428206,0.08187973499,-0.05291051045,-0.00565760117,1
0.0481428206,0.08384977281,-0.05764412135,-0.002561690519,1
0.0481428206,0.08581981063,-0.05056443438,-0.007163431495,1
0.0481428206,0.08778984845,-0.0368061997,-0.008350338787,2
0.0481428206,0.08975988626,-0.02743955143,-0.01161610521,2
0.0481428206,0.09172992408,-0.02059234679,-0.02399594337,1
0.0481428206,0.0936999619,-0.02069333009,-0.02360161208,1
0.0481428206,0.09567000717,-0.01685925946,-0.02906140685,1
0.0481428206,0.09764004499,-0.01812238805,-0.02678967081,1
0.0481428206,0.09961008281,-0.01778826676,-0.01810296811,1
0.0481428206,0.1015801206,-0.01341019198,-0.008443069644,1
0.0481428206,0.1035501584,-0.01169404667,-0.007479867432,1
0.0481428206,0.1055201963,-0.01132769696,-0.008034810424,1
0.0481428206,0.1074902341,-0.01010674983,-0.009256086312,1
0.0481428206,0.1094602719,-0.006140555721,-0.009870942682,1
0.0481428206,0.1114303172,-0.009321280755,-0.008934932761,1
0.0481428206,0.113400355,-0.0102470573,-0.006918555591,1
0.0481428206,0.1153703928,-0.006567374337,-0.003860353492,1
0.0481428206,0.1173404306,-0.006669012364,-0.004477121402,1
0.05011285841,0.04838907719,-0.005357270595,0.004784442019,1
0.05011285841,0.050359115,0.0003225521068,0.007106381468,1
0.05011285841,0.05232915282,-0.005439606961,0.006564954296,1
0.05011285841,0.05429919064,-0.008392650634,0.005434753373,1
0.05011285841,0.05626922846,-0.005284113809,0.007165736519,1
0.05011285841,0.05823927,-0.01797547005,0.009391445667,1
0.05011285841,0.06020930782,-0.0284979865,0.007728451863,1
0.05011285841,0.06217934564,-0.03070933372,0.004935435951,1
0.05011285841,0.06414938718,-0.03095288202,0.002881097607,1
0.05011285841,0.066119425,-0.03072759695,0.0012461968,1
0.05011285841,0.06808946282,-0.03307202831,-0.001024449361,1
0.05011285841,0.07005950063,-0.03940319642,-0.006531381048,1
0.05011285841,0.07202953845,-0.05525716394,-0.009101829492,1
0.05011285841,0.07399957627,-0.069957003,-0.006936040707,1
0.05011285841,0.07596961409,-0.07308752835,-0.003807853675,1
0.05011285841,0.07793965936,-0.05723581091,-0.00414627092,1
0.05011285841,0.07990969718,-0.0598086156,0.003128729528,1
0.05011285841,0.08187973499,-0.05368604138,-3.853584712e-05,1
0.05011285841,0.08384977281,-0.04958460853,0.0002883957059,1
0.05011285841,0.08581981063,-0.04428775236,-0.002805669094,1
0.05011285841,0.08778984845,-0.03248353675,-0.00566435419,1
0.05011285841,0.08975988626,-0.02639856562,0.001224181498,1
0.05011285841,0.09172992408,-0.02358840406,-0.007630016189,1
0.05011285841,0.0936999619,-0.02331984229,-0.02778835408,1
0.05011285841,0.09567000717,-0.01994167268,-0.03176385537,1
0.05011285841,0.09764004499,-0.01695042662,-0.02343612909,1
0.05011285841,0.09961008281,-0.01522539277,-0.01762642711,1
0.05011285841,0.1015801206,-0.01246265788,-0.009476318955,1
0.05011285841,0.1035501584,-0.009302160703,-0.009393998422,1
0.05011285841,0.1055201963,-0.009458930232,-0.007165967021,1
0.05011285841,0.1074902341,-0.009978361428,-0.00595879741,1
0.05011285841,0.1094602719,-0.007096489426,-0.01173220295,1
0.05011285841,0.1114303172,-0.006392888725,-0.008809749968,1
0.05011285841,0.113400355,-0.006712524686,-0.006993394811,1
0.05011285841,0.1153703928,-0.006023623049,-0.006374749355,1
0.05011285841,0.1173404306,-0.006011324003,-0.004666802473,1
0.05208289623,0.04838907719,-0.0006765094586,0.006917954423,1
0.05208289623,0.050359115,-0.003747372655,0.003493848955,1
0.05208289623,0.05232915282,-0.005041501485,0.006918962114,1
0.05208289623,0.05429919064,-0.006232710555,0.00652829092,1
0.05208289623,0.05626922846,-0.005194283091,0.008655711077,1
0.05208289623,0.05823927,-0.01553328894,0.01126747113,1
0.05208289623,0.06020930782,-0.02355787158,0.007645141799,1
0.05208289623,0.06217934564,-0.02708763443,0.00534981396,1
0.05208289623,0.06414938718,-0.028941717,-0.001351349987,1
0.05208289623,0.066119425,-0.02995014749,-0.003598979441,1
0.05208289623,0.06808946282,-0.03232220188,0.0003776084341,1
0.05208289623,0.07005950063,-0.03541692346,0.002336954698,1
0.05208289623,0.07202953845,-0.05227147043,0.002951828763,2
0.05208289623,0.07399957627,-0.06729762256,0.01070623752,1
0.05208289623,0.07596961409,-0.07460863143,0.004319524392,1
0.05208289623,0.07793965936,-0.07108228654,0.004538701847,1
0.05208289623,0.07990969718,-0.06072702259,0.01049517002,1
0.05208289623,0.08187973499,-0.04902536422,0.004761193413,1
0.05208289623,0.08384977281,-0.04603070766,0.002912383992,1
0.05208289623,0.08581981063,-0.04408035427,-0.0001999718515,1
0.05208289623,0.08778984845,-0.03675365448,-0.005103804171,1
0.05208289623,0.08975988626,-0.02716342546,-0.004196773749,1
0.05208289623,0.09172992408,-0.02211815305,-0.007906831801,1
0.05208289623,0.0936999619,-0.02302539721,-0.02385103889,1
0.05208289623,0.09567000717,-0.01953045279,-0.02580943331,1
0.05208289623,0.09764004499,-0.01554986462,-0.02001293004,1
0.05208289623,0.09961008281,-0.01201160066,-0.01717448235,1
0.05208289623,0.1015801206,-0.007675034925,-0.01357761864,1
0.05208289623,0.1035501584,-0.006658237893,-0.01205484103,1
0.05208289623,0.1055201963,-0.006413195282,-0.009295079857,1
0.05208289623,0.1074902341,-0.006126357242,-0.009270821698,1
0.05208289623,0.1094602719,-0.006076776888,-0.01006766316,1
0.05208289623,0.1114303172,-0.004836651962,-0.008083781227,1
0.05208289623,0.113400355,-0.00575253414,-0.008597641252,1
0.05208289623,0.1153703928,-0.006373332348,-0.008633791469,1
0.05208289623,0.1173404306,-0.007115211803,-0.00597450044,1
0.05405293778,0.04838907719,-0.0001893678709,0.00689624669,1
0.05405293778,0.050359115,-0.00318440306,0.009034973569,1
0.05405293778,0.05232915282,-0.003970724531,0.01019793283,1
0.05405293778,0.05429919064,-0.005272167269,0.01045242511,1
0.05405293778,0.05626922846,-0.006464342121,0.01015543751,1
0.05405293778,0.05823927,-0.01394264866,0.01150468551,1
0.05405293778,0.06020930782,-0.02023105696,0.009078338742,1
0.05405293778,0.06217934564,-0.0213188529,0.006515318993,1
0.05405293778,0.06414938718,-0.02309176698,-0.002197003691,1
0.05405293778,0.066119425,-0.02806951664,-0.00570138311,1
0.05405293778,0.06808946282,-0.03911475837,-0.000732190907,1
0.05405293778,0.07005950063,-0.03927087784,0.006393928081,1
0.05405293778,0.07202953845,-0.05111417174,0.007865952328,2
0.05405293778,0.07399957627,-0.06280081719,0.01055001002,2
0.05405293778,0.07596961409,-0.07430499047,0.01150503475,1
0.05405293778,0.07793965936,-0.07323183864,0.01088469103,1
0.05405293778,0.07990969718,-0.04457205161,0.004749240354,1
0.05405293778,0.08187973499,-0.04162644967,0.008671401069,1
0.05405293778,0.08384977281,-0.044532381,0.001708107535,2
0.05405293778,0.08581981063,-0.04349275306,-0.001003516838,2
0.05405293778,0.08778984845,-0.04050296918,-0.006135856267,1
0.05405293778,0.08975988626,-0.02592347935,-0.0112359561,1
0.05405293778,0.09172992408,-0.02016193233,-0.01202050317,1
0.05405293778,0.0936999619,-0.02495972812,-0.005548634566,1
0.05405293778,0.09567000717,-0.02093002386,-0.02075775526,1
0.05405293778,0.09764004499,-0.01266796235,-0.02287308127,1
0.05405293778,0.09961008281,-0.004588357173,-0.0153827779,1
0.05405293778,0.1015801206,-0.002505046315,-0.01474455185,1
0.05405293778,0.1035501584,-0.003484774148,-0.01373989042,1
0.05405293778,0.1055201963,-0.004534624983,-0.01269233786,1
0.05405293778,0.1074902341,-0.004022796638,-0.01232382003,1
0.05405293778,0.1094602719,-0.005095769186,-0.01028883923,1
0.05405293778,0.1114303172,-0.006828141399,-0.008482755162,1
0.05405293778,0.113400355,-0.006709866226,-0.008775291033,1
0.05405293778,0.1153703928,-0.005995945539,-0.009224986658,1
0.05405293778,0.1173404306,-0.007946469821,-0.007343042642,1
0.05602297559,0.04838907719,-0.004652365576,0.004111436196,1
0.05602297559,0.050359115,-0.004580775276,0.01105124317,1
0.05602297559,0.05232915282,-0.004382415209,0.01264063828,1
0.05602297559,0.05429919064,-0.005107094534,0.01213018876,1
0.05602297559,0.05626922846,-0.006790492218,0.01195411943,1
0.05602297559,0.05823927,-0.01051736344,0.01159163844,1
0.05602297559,0.06020930782,-0.01419140399,0.01073183957,1
0.05602297559,0.06217934564,-0.0171148628,0.01111616381,1
0.05602297559,0.06414938718,-0.01630074903,0.004254188854,1
0.05602297559,0.066119425,-0.02571440861,-0.004420278594,1
0.05602297559,0.06808946282,-0.03582816198,-0.009423336014,1
0.05602297559,0.07005950063,-0.03532762825,-0.005511817057,1
0.05602297559,0.07202953845,-0.05011352524,0.01156803966,1
0.05602297559,0.07399957627,-0.05848646164,0.01212281641,1
0.05602297559,0.07596961409,-0.06856238842,0.01048648078,1
0.05602297559,0.07793965936,-0.07011070848,0.01223472971,1
0.05602297559,0.07990969718,-0.06046881154,0.01194182131,1
0.05602297559,0.08187973499,-0.04758104682,0.002562450012,1
0.05602297559,0.08384977281,-0.04697960988,-0.003747838084,1
0.05602297559,0.08581981063,-0.04485531524,0.0006136535667,1
0.05602297559,0.08778984845,-0.03926765546,-0.002516770968,1
0.05602297559,0.08975988626,-0.02221382782,-0.009817131795,1
0.05602297559,0.09172992408,-0.01225719322,-0.01237522159,1
0.05602297559,0.0936999619,-0.01977514476,-0.008883434348,1
0.05602297559,0.09567000717,-0.01696465909,-0.01748816855,1
0.05602297559,0.09764004499,-0.01315599307,-0.02005178668,1
0.05602297559,0.09961008281,-0.004676304758,-0.01724176109,1
0.05602297559,0.1015801206,-0.0005978663685,-0.01566468924,1
0.05602297559,0.1035501584,-0.003263708204,-0.01402620412,1
0.05602297559,0.1055201963,-0.007729411591,-0.01259663329,1
0.05602297559,0.1074902341,-0.008759506978,-0.01324216183,1
0.05602297559,0.1094602719,-0.006306263153,-0.01059352234,1
0.05602297559,0.1114303172,-0.006617535371,-0.00889569521,1
0.05602297559,0.113400355,-0.006914217491,-0.009186544456,1
0.05602297559,0.1153703928,-0.006059749518,-0.008529068902,1
0.05602297559,0.1173404306,-0.006601592526,-0.008144825697,1
0.05799301341,0.04838907719,-0.004142007325,0.003661891213,1
0.05799301341,0.050359115,-0.003105575917,0.0114816362,1
0.05799301341,0.05232915282,-0.005860364996,0.01270228159,1
0.05799301341,0.05429919064,-0.006108232774,0.01187378354,1
0.05799301341,0.05626922846,-0.005390801467,0.01379788946,1
0.05799301341,0.05823927,-0.008306678385,0.01131064817,1
0.05799301341,0.06020930782,-0.01105807908,0.009800449945,1
0.05799301341,0.06217934564,-0.01104142517,0.01960613765,1
0.05799301341,0.06414938718,-0.01320234593,0.02393077314,1
0.05799301341,0.066119425,-0.0214614477,0.007603831124,1
0.05799301341,0.06808946282,-0.03384361789,-0.003311343491,1
0.05799301341,0.07005950063,-0.0421657972,0.004130269401,1
0.05799301341,0.07202953845,-0.05914870277,0.01210336573,1
0.05799301341,0.07399957627,-0.07106520981,0.01293029916,1
0.05799301341,0.07596961409,-0.06948965043,0.007720657624,1
0.05799301341,0.07793965936,-0.06679351628,0.007618058007,1
0.05799301341,0.07990969718,-0.05569007993,0.008738168515,1
0.05799301341,0.08187973499,-0.04632941261,0.003435850143,1
0.05799301341,0.08384977281,-0.04125973955,-0.0004827744269,1
0.05799301341,0.08581981063,-0.04093214497,-0.0007810204988,1
0.05799301341,0.08778984845,-0.03950854018,-0.002679188969,1
0.05799301341,0.08975988626,-0.02930932678,-0.009029618464,1
0.05799301341,0.09172992408,-0.02096162736,-0.01137693226,2
0.05799301341,0.0936999619,-0.01714211516,-0.0113764666,1
0.05799301341,0.09567000717,-0.01305861771,-0.01610278711,1
0.05799301341,0.09764004499,-0.01332078408,-0.01871897094,1
0.05799301341,0.09961008281,-0.01158709079,-0.01883950643,1
0.05799301341,0.1015801206,-0.008722499944,-0.01857400313,1
0.05799301341,0.1035501584,-0.01069677807,-0.01559885684,1
0.05799301341,0.1055201963,-0.00740120234,-0.01269610133,1
0.05799301341,0.1074902341,-0.00635618763,-0.01208796166,1
0.05799301341,0.1094602719,-0.00686512189,-0.0101346653,1
0.05799301341,0.1114303172,-0.006809002254,-0.009621447884,1
0.05799301341,0.113400355,-0.006535516586,-0.01059896778,1
0.05799301341,0.1153703928,-0.004914505407,-0.008134975098,1
0.05799301341,0.1173404306,-0.001913584769,-0.006010850891,1
0.05996305123,0.04838907719,-0.007911327295,0.0004173628404,1
0.05996305123,0.050359115,-0.001113631064,0.01076313388,1
0.05996305123,0.05232915282,-0.001252730377,0.005857878365,1
0.05996305123,0.05429919064,-0.003198740305,0.005584998988,1
0.05996305123,0.05626922846,-0.002322157845,0.01292695012,1
0.05996305123,0.05823927,-0.005414288491,0.01071574818,1
0.05996305123,0.06020930782,-0.009423874319,0.009359063581,1
0.05996305123,0.06217934564,-0.01094851643,0.01882641762,1
0.05996305123,0.06414938718,-0.01242837869,0.02703904174,1
0.05996305123,0.066119425,-0.01996380463,0.01675433479,1
0.05996305123,0.06808946282,-0.03589747101,0.01165812649,1
0.05996305123,0.07005950063,-0.044377435,0.01142837573,1
0.05996305123,0.07202953845,-0.06202657148,0.01450912748,1
0.05996305123,0.07399957627,-0.06482359767,0.0115189394,2
0.05996305123,0.07596961409,-0.06831812114,0.006734507624,1
0.05996305123,0.07793965936,-0.05880188569,0.00137820025,1
0.05996305123,0.07990969718,-0.04327166453,0.003841345897,1
0.05996305123,0.08187973499,-0.04296337813,0.003348281607,1
0.05996305123,0.08384977281,-0.03903800249,-0.001508233487,1
0.05996305123,0.08581981063,-0.03734041378,-0.00447177561,1
0.05996305123,0.08778984845,-0.04164823517,-5.449928722e-05,1
0.05996305123,0.08975988626,-0.03463825211,-0.006162871607,1
0.05996305123,0.09172992408,-0.02513787709,-0.01272642426,1
0.05996305123,0.0936999619,-0.01524732914,-0.01593473926,1
0.05996305123,0.09567000717,-0.01820537634,-0.01566160843,1
0.05996305123,0.09764004499,-0.01750850677,-0.01567425765,1
0.05996305123,0.09961008281,-0.0160196349,-0.01745440997,1
0.05996305123,0.1015801206,-0.01384423953,-0.01850689761,1
0.05996305123,0.1035501584,-0.007337884512,-0.0156030748,1
0.05996305123,0.1055201963,-0.001949080732,-0.01159650926,1
0.05996305123,0.1074902341,-0.003876789706,-0.0101424437,1
0.05996305123,0.1094602719,-0.005852525588,-0.009567162022,1
0.05996305123,0.1114303172,-0.006984854583,-0.008680590428,1
0.05996305123,0.113400355,-0.005718759727,-0.009609839879,1
0.05996305123,0.1153703928,-0.004149030428,-0.009343238547,1
0.05996305123,0.1173404306,-0.00126973493,-0.006053798832,1
0.06193309277,0.04838907719,0.0008730366244,0.006963134743,1
0.06193309277,0.050359115,0.0002595407423,0.007320201956,1
0.06193309277,0.05232915282,0.002458877629,0.01247287914,1
0.06193309277,0.05429919064,0.002521993127,0.01371906698,1
0.06193309277,0.05626922846,-0.003169490024,0.006278044544,1
0.06193309277,0.05823927,-0.003758129664,0.008395900019,1
0.06193309277,0.06020930782,-0.005774348974,0.007172704674,1
0.06193309277,0.06217934564,-0.01206216589,0.005257784855,1
0.06193309277,0.06414938718,-0.01008741185,0.01603376865,1
0.06193309277,0.066119425,-0.02571107075,0.01687378436,1
0.06193309277,0.06808946282,-0.04378637671,0.01511778403,1
0.06193309277,0.07005950063,-0.04506022856,0.01656393334,1
0.06193309277,0.07202953845,-0.05692935362,0.01356887817,1
0.06193309277,0.07399957627,-0.0578844808,0.01190182101,1
0.06193309277,0.07596961409,-0.05958802998,0.009386787191,1
0.06193309277,0.07793965936,-0.05178635567,0.005216672551,1
0.06193309277,0.07990969718,-0.0421358794,-0.002300211461,1
0.06193309277,0.08187973499,-0.0409328416,-0.007385655772,1
0.06193309277,0.08384977281,-0.03701558337,-0.007777186576,1
0.06193309277,0.08581981063,-0.03457959741,-0.006319141481,1
0.06193309277,0.08778984845,-0.03573938459,-0.001645483309,1
0.06193309277,0.08975988626,-0.03548226878,-0.003587324638,1
0.06193309277,0.09172992408,-0.02789359726,-0.009158392437,1
0.06193309277,0.0936999619,-0.0193627961,-0.01068162732,1
0.06193309277,0.09567000717,-0.02454599552,-0.01204719488,1
0.06193309277,0.09764004499,-0.02120207995,-0.01020532846,1
0.06193309277,0.09961008281,-0.01489144098,-0.0116463257,1
0.06193309277,0.1015801206,-0.01375089493,-0.01592185162,1
0.06193309277,0.1035501584,-0.00708511332,-0.01266415603,1
0.06193309277,0.1055201963,-0.003504326334,-0.0129900733,1
0.06193309277,0.1074902341,-0.004279672634,-0.00993904192,1
0.06193309277,0.1094602719,-0.004985392559,-0.009924339131,1
0.06193309277,0.1114303172,-0.005472836085,-0.009379502386,1
0.06193309277,0.113400355,-0.004543554969,-0.008395040408,1
0.06193309277,0.1153703928,-0.00312278443,-0.008835148066,1
0.06193309277,0.1173404306,-0.001136738108,-0.005784851033,1
0.06390313059,0.04838907719,-0.003010136774,0.005743925925,1
0.06390313059,0.050359115,0.001736134058,0.004440694116,1
0.06390313059,0.05232915282,0.004144792911,0.009555842727,1
0.06390313059,0.05429919064,0.002138108248,0.0109640155,1
0.06390313059,0.05626922846,-0.006124033127,0.00674125785,2
0.06390313059,0.05823927,-0.01735405438,0.004679279402,1
0.06390313059,0.06020930782,-0.007568580564,0.00146750873,1
0.06390313059,0.06217934564,-0.01198609825,0.003401826136,1
0.06390313059,0.06414938718,-0.01599025726,0.01017872058,1
0.06390313059,0.066119425,-0.04376347363,0.008993391879,1
0.06390313059,0.06808946282,-0.05943077058,0.003507131012,1
0.06390313059,0.07005950063,-0.05978926644,-0.003069730243,1
0.06390313059,0.07202953845,-0.06036967784,-0.0008884394192,1
0.06390313059,0.07399957627,-0.05711280182,0.002813491737,1
0.06390313059,0.07596961409,-0.05117078871,0.004656369332,1
0.06390313059,0.07793965936,-0.04612454772,0.001400050474,1
0.06390313059,0.07990969718,-0.04262477532,-0.001676108222,1
0.06390313059,0.08187973499,-0.0399729833,-0.00595612172,1
0.06390313059,0.08384977281,-0.03691288829,-0.007937317714,1
0.06390313059,0.08581981063,-0.03376657888,-0.006309065502,1
0.06390313059,0.08778984845,-0.03391844779,-0.001855991781,1
0.06390313059,0.08975988626,-0.03439310193,-0.000671193935,1
0.06390313059,0.09172992408,-0.02816900425,-0.005474531557,1
0.06390313059,0.0936999619,-0.02411417849,-0.006003345363,1
0.06390313059,0.09567000717,-0.02934472449,-0.008367214352,1
0.06390313059,0.09764004499,-0.01913181879,-0.00782668218,1
0.06390313059,0.09961008281,-0.01465326175,-0.01167013217,1
0.06390313059,0.1015801206,-0.01161571406,-0.01446779817,1
0.06390313059,0.1035501584,-0.008384511806,-0.01419090666,1
0.06390313059,0.1055201963,-0.008511149324,-0.01692847721,1
0.06390313059,0.1074902341,-0.0069384831,-0.01218088344,1
0.06390313059,0.1094602719,-0.006698947866,-0.0102910623,1
0.06390313059,0.1114303172,-0.005949378014,-0.01115495712,1
0.06390313059,0.113400355,-0.004922746215,-0.009410621598,1
0.06390313059,0.1153703928,-0.003642879426,-0.007268392015,1
0.06390313059,0.1173404306,-0.001861812198,-0.005848355126,1
0.06587316841,0.04838907719,-0.00594821386,0.005122218747,1
0.06587316841,0.050359115,0.002657263307,0.001450271462,3
0.06587316841,0.05232915282,0.00274763559,0.004835846834,1
0.06587316841,0.05429919064,3.826689863e-06,0.007158192806,1
0.06587316841,0.05626922846,-0.006110695656,0.00504369149,1
0.06587316841,0.05823927,-0.008202400059,0.002505027922,1
0.06587316841,0.06020930782,-0.008751801215,-0.0009056401323,1
0.06587316841,0.06217934564,-0.01463401783,0.006711901631,1
0.06587316841,0.06414938718,-0.03036712483,0.008781260811,1
0.06587316841,0.066119425,-0.04924960062,0.005848060362,2
0.06587316841,0.06808946282,-0.06584721804,-0.001923793461,1
0.06587316841,0.07005950063,-0.06169079989,-0.005077481735,1
0.06587316841,0.07202953845,-0.05716725066,-0.002317828592,1
0.06587316841,0.07399957627,-0.051917959,0.0002504549921,1
0.06587316841,0.07596961409,-0.04365850613,-0.003354442772,1
0.06587316841,0.07793965936,-0.04172986373,-0.002132674679,1
0.06587316841,0.07990969718,-0.04140439257,0.0001890216372,1
0.06587316841,0.08187973499,-0.03980414197,-0.001727499301,1
0.06587316841,0.08384977281,-0.03772101179,-0.002716535004,1
0.06587316841,0.08581981063,-0.03578520194,-0.005194941536,1
0.06587316841,0.08778984845,-0.03534524515,-0.004119956866,1
0.06587316841,0.08975988626,-0.03684804589,-0.0004110939335,1
0.06587316841,0.09172992408,-0.03186291456,-0.003785037668,1
0.06587316841,0.0936999619,-0.02728730626,-0.005157170817,1
0.06587316841,0.09567000717,-0.02382048592,-0.007562315091,1
0.06587316841,0.09764004499,-0.02038903907,-0.006172783673,1
0.06587316841,0.09961008281,-0.0144634014,-0.01002745423,1
0.06587316841,0.1015801206,-0.01139272843,-0.01136684697,1
0.06587316841,0.1035501584,-0.008513351902,-0.01168092154,1
0.06587316841,0.1055201963,-0.00793287158,-0.01283796504,1
0.06587316841,0.1074902341,-0.006155648269,-0.01252207626,1
0.06587316841,0.1094602719,-0.00570328813,-0.01083981805,1
0.06587316841,0.1114303172,-0.005456423387,-0.01112206001,1
0.06587316841,0.113400355,-0.005319546908,-0.01068309601,1
0.06587316841,0.1153703928,-0.004334505182,-0.006304908078,1
0.06587316841,0.1173404306,-0.001158845262,-0.005718194414,1
0.06784320623,0.04838907719,-0.004858277272,0.004876917694,1
0.06784320623,0.050359115,0.008633495308,0.005481396336,1
0.06784320623,0.05232915282,0.004534523934,0.007195207756,1
0.06784320623,0.05429919064,-0.002637264319,0.004858850036,1
0.06784320623,0.05626922846,-0.008263364434,0.004396257456,1
0.06784320623,0.05823927,-0.0002589220239,0.007084419485,1
0.06784320623,0.06020930782,-0.007961230353,0.007276588585,1
0.06784320623,0.06217934564,-0.01953127235,0.007703626063,1
0.06784320623,0.06414938718,-0.03324486315,0.009452180937,1
0.06784320623,0.066119425,-0.05702058971,0.007541382685,1
0.06784320623,0.06808946282,-0.06404393911,0.003184992354,1
0.06784320623,0.07005950063,-0.05185718834,0.004561507143,1
0.06784320623,0.07202953845,-0.0473370254,0.005598326679,1
0.06784320623,0.07399957627,-0.05076222867,0.001705192728,1
0.06784320623,0.07596961409,-0.04307232797,-0.004337639082,1
0.06784320623,0.07793965936,-0.04119250178,-0.001122596324,1
0.06784320623,0.07990969718,-0.03968580067,0.001615022426,1
0.06784320623,0.08187973499,-0.03738421947,-0.001099867281,1
0.06784320623,0.08384977281,-0.03378613666,-0.002391284797,1
0.06784320623,0.08581981063,-0.03138233721,-0.004168893676,1
0.06784320623,0.08778984845,-0.03439165279,-0.003454785561,1
0.06784320623,0.08975988626,-0.04160312191,-0.001669778605,1
0.06784320623,0.09172992408,-0.03850426152,-0.001264235703,1
0.06784320623,0.0936999619,-0.03243982047,0.001590872416,1
0.06784320623,0.09567000717,-0.02644887939,0.001318473485,1
0.06784320623,0.09764004499,-0.02300156094,0.0003555039002,1
0.06784320623,0.09961008281,-0.01261172071,-0.005498682149,1
0.06784320623,0.1015801206,-0.01032395847,-0.007260373328,1
0.06784320623,0.1035501584,-0.007328476757,-0.009030544199,1
0.06784320623,0.1055201963,-0.004718184005,-0.01025928929,1
0.06784320623,0.1074902341,-0.004933761433,-0.01015339326,1
0.06784320623,0.1094602719,-0.004341141321,-0.01030899584,1
0.06784320623,0.1114303172,-0.004609250929,-0.01099141128,1
0.06784320623,0.113400355,-0.006163193379,-0.01050954312,1
0.06784320623,0.1153703928,-0.006001386791,-0.007245902903,1
0.06784320623,0.1173404306,-0.001211814699,-0.006934900302,1
0.06981324404,0.04838907719,0.001569399959,0.006188059691,1
0.06981324404,0.050359115,0.001709616394,0.003410853213,1
0.06981324404,0.05232915282,0.001576577313,0.002229997888,1
0.06981324404,0.05429919064,-0.007250399794,0.001353965257,1
0.06981324404,0.05626922846,-0.01018441375,0.003465446178,1
0.06981324404,0.05823927,-0.008440300822,0.004133712035,2
0.06981324404,0.06020930782,-0.01158227772,0.005711439066,1
0.06981324404,0.06217934564,-0.02707409486,0.007025023922,1
0.06981324404,0.06414938718,-0.03772972524,0.005059452262,1
0.06981324404,0.066119425,-0.04950894043,0.005894802045,1
0.06981324404,0.06808946282,-0.05543180183,0.005232273135,1
0.06981324404,0.07005950063,-0.04841682315,0.008310777135,1
0.06981324404,0.07202953845,-0.04559611157,0.005645093974,1
0.06981324404,0.07399957627,-0.04309528321,0.0006384100416,1
0.06981324404,0.07596961409,-0.03778497875,6.96083298e-05,1
0.06981324404,0.07793965936,-0.04072833434,0.001671816804,1
0.06981324404,0.07990969718,-0.0384385176,-0.0003113099374,1
0.06981324404,0.08187973499,-0.03573415428,-0.00268218806,1
0.06981324404,0.08384977281,-0.03155391663,-0.002197877038,1
0.06981324404,0.08581981063,-0.0320613049,-0.001861065743,1
0.06981324404,0.08778984845,-0.04337890819,-0.003045159858,1
0.06981324404,0.08975988626,-0.0406710431,-0.003320159623,1
0.06981324404,0.09172992408,-0.04150471836,-0.003626670456,1
0.06981324404,0.0936999619,-0.03485145792,0.002095135394,1
0.06981324404,0.09567000717,-0.02869855985,0.001014939859,1
0.06981324404,0.09764004499,-0.02575791813,-0.004938723985,1
0.06981324404,0.09961008281,-0.01270597707,-0.005244038068,1
0.06981324404,0.1015801206,-0.009519254789,-0.006791998632,1
0.06981324404,0.1035501584,-0.007237171754,-0.007967170328,1
0.06981324404,0.1055201963,-0.00391878793,-0.01174465101,1
0.06981324404,0.1074902341,-0.003677773522,-0.01252929773,1
0.06981324404,0.1094602719,-0.004325752612,-0.01011780277,1
0.06981324404,0.1114303172,-0.005184115376,-0.01012380421,1
0.06981324404,0.113400355,-0.005598447751,-0.009199585766,1
0.06981324404,0.1153703928,-0.005364610814,-0.008317929693,1
0.06981324404,0.1173404306,-0.003082868876,-0.008670823649,1
0.07178328186,0.04838907719,0.004757025745,0.00924362056,1
0.07178328186,0.050359115,-0.000690450659,-0.002266410273,1
0.07178328186,0.05232915282,-0.004075404722,-0.004432964604,1
0.07178328186,0.05429919064,-0.008499192074,-0.002748838859,1
0.07178328186,0.05626922846,-0.0108219916,-0.001082799397,1
0.07178328186,0.05823927,-0.01173559017,0.0002735436137,1
0.07178328186,0.06020930782,-0.02051311918,0.002309081377,1
0.07178328186,0.06217934564,-0.03170182556,0.002068388741,1
0.07178328186,0.06414938718,-0.04275326431,0.001616162597,1
0.07178328186,0.066119425,-0.04874842986,0.003605650738,1
0.07178328186,0.06808946282,-0.04918085411,0.003704875708,1
0.07178328186,0.07005950063,-0.05057713017,0.006052350625,1
0.07178328186,0.07202953845,-0.04763526469,-0.0002355687611,1
0.07178328186,0.07399957627,-0.04607874528,-0.0009817796526,1
0.07178328186,0.07596961409,-0.04395515099,0.0007337902789,1
0.07178328186,0.07793965936,-0.03668226674,-0.001430874458,1
0.07178328186,0.07990969718,-0.03391688317,-0.002703011967,1
0.07178328186,0.08187973499,-0.03489206731,-0.00384605513,1
0.07178328186,0.08384977281,-0.03283128887,-0.002025931142,1
0.07178328186,0.08581981063,-0.03524211049,-0.001066340832,1
0.07178328186,0.08778984845,-0.04422986507,-0.004335429054,1
0.07178328186,0.08975988626,-0.0394626148,-0.004079814535,1
0.07178328186,0.09172992408,-0.03983318806,-0.004618417472,1
0.07178328186,0.0936999619,-0.03264802694,-0.003727360629,1
0.07178328186,0.09567000717,-0.03182981163,-0.007159809116,1
0.07178328186,0.09764004499,-0.02932303213,-0.008595346473,1
0.07178328186,0.09961008281,-0.01679976471,-0.00829465501,1
0.07178328186,0.1015801206,-0.01015142258,-0.008444870822,1
0.07178328186,0.1035501584,-0.0105545884,-0.008756365627,1
0.07178328186,0.1055201963,-0.006117197219,-0.01228126977,1
0.07178328186,0.1074902341,-0.00368761248,-0.01224695519,1
0.07178328186,0.1094602719,-0.004275702871,-0.01068468019,1
0.07178328186,0.1114303172,-0.00457731029,-0.01115180831,1
0.07178328186,0.113400355,-0.004212211818,-0.01020387094,1
0.07178328186,0.1153703928,-0.00436985353,-0.009302848019,1
0.07178328186,0.1173404306,-0.003918124363,-0.008577279747,1
0.07375332713,0.04838907719,0.003836650401,0.004212897737,1
0.07375332713,0.050359115,-0.00170973991,-0.002613434568,1
0.07375332713,0.05232915282,-0.00639832858,-0.00564816827,1
0.07375332713,0.05429919064,-0.009278332815,-0.01239439752,1
0.07375332713,0.05626922846,-0.01376608294,-0.01088039298,1
0.07375332713,0.05823927,-0.01959814318,-0.00523670204,1
0.07375332713,0.06020930782,-0.03042846732,-0.003825713648,1
0.07375332713,0.06217934564,-0.04055926204,-0.003935577348,1
0.07375332713,0.06414938718,-0.04834480956,-0.003582059173,1
0.07375332713,0.066119425,-0.05338152871,-0.001032541739,1
0.07375332713,0.06808946282,-0.05539304391,-0.004592630081,1
0.07375332713,0.07005950063,-0.0558333993,-0.01169867907,1
0.07375332713,0.07202953845,-0.05189985037,-0.009542567655,1
0.07375332713,0.07399957627,-0.05108477175,-0.005448078271,1
0.07375332713,0.07596961409,-0.04500799999,-0.001205251203,2
0.07375332713,0.07793965936,-0.04049795866,-0.0002466449223,1
0.07375332713,0.07990969718,-0.02996342443,-0.005879298318,1
0.07375332713,0.08187973499,-0.03117108718,-0.005093534943,1
0.07375332713,0.08384977281,-0.03494683281,-0.004897276871,1
0.07375332713,0.08581981063,-0.03853671625,-0.0009618187323,1
0.07375332713,0.08778984845,-0.0395331122,0.001498948783,1
0.07375332713,0.08975988626,-0.03736224025,0.001155629987,1
0.07375332713,0.09172992408,-0.03737303615,-0.00027990542,1
0.07375332713,0.0936999619,-0.04092047736,-0.0006863811286,1
0.07375332713,0.09567000717,-0.03754805028,-0.00518388208,1
0.07375332713,0.09764004499,-0.02677902952,-0.01107273437,1
0.07375332713,0.09961008281,-0.01807343774,-0.01083348971,1
0.07375332713,0.1015801206,-0.009925474413,-0.009166959673,1
0.07375332713,0.1035501584,-0.006865262985,-0.01004003081,1
0.07375332713,0.1055201963,-0.00798387453,-0.01012686081,1
0.07375332713,0.1074902341,-0.00442388095,-0.00950940419,1
0.07375332713,0.1094602719,-0.00401172787,-0.0104406001,1
0.07375332713,0.1114303172,-0.004880784079,-0.01100873481,1
0.07375332713,0.113400355,-0.004937631544,-0.01037083752,1
0.07375332713,0.1153703928,-0.006010537967,-0.008726001717,1
0.07375332713,0.1173404306,-0.005395364016,-0.006123271771,1
0.07572336495,0.04838907719,-0.002706999658,-0.003967239056,1
0.07572336495,0.050359115,0.002050892217,-0.004389736336,1
0.07572336495,0.05232915282,-0.003151136683,-0.009823431261,1
0.07572336495,0.05429919064,-0.008473659866,-0.01773070917,1
0.07572336495,0.05626922846,-0.01855324022,-0.01844702289,1
0.07572336495,0.05823927,-0.02726677805,-0.01280964445,1
0.07572336495,0.06020930782,-0.03544281051,-0.01386954263,1
0.07572336495,0.06217934564,-0.0441108495,-0.0117372591,1
0.07572336495,0.06414938718,-0.04950430244,-0.01089149341,2
0.07572336495,0.066119425,-0.05223965272,-0.01263408549,2
0.07572336495,0.06808946282,-0.05388437957,-0.01979263127,1
0.07572336495,0.07005950063,-0.05455937609,-0.01885527186,1
0.07572336495,0.07202953845,-0.05515003949,-0.01617513224,1
0.07572336495,0.07399957627,-0.05209713802,-0.01041922532,1
0.07572336495,0.07596961409,-0.04449411854,0.0001399280445,1
0.07572336495,0.07793965936,-0.0346089378,-0.001322663622,1
0.07572336495,0.07990969718,-0.02688714676,-0.006708201487,1
0.07572336495,0.08187973499,-0.03149713576,-0.006147530861,1
0.07572336495,0.08384977281,-0.03625139222,-0.008120601065,1
0.07572336495,0.08581981063,-0.04130399972,-0.006651171949,1
0.07572336495,0.08778984845,-0.03934143111,-0.001076661865,1
0.07572336495,0.08975988626,-0.03609284014,0.0001389299287,1
0.07572336495,0.09172992408,-0.03515006602,0.0004374948039,1
0.07572336495,0.0936999619,-0.03754440323,0.001888107043,1
0.07572336495,0.09567000717,-0.0343311131,-0.003681467846,1
0.07572336495,0.09764004499,-0.02258460224,-0.009656211361,1
0.07572336495,0.09961008281,-0.01679252833,-0.01044422109,1
0.07572336495,0.1015801206,-0.01143109985,-0.01030228846,1
0.07572336495,0.1035501584,-0.008330537006,-0.01034370344,1
0.07572336495,0.1055201963,-0.009269697592,-0.009553028271,1
0.07572336495,0.1074902341,-0.006744502578,-0.009286350571,1
0.07572336495,0.1094602719,-0.004617444705,-0.0100455163,1
0.07572336495,0.1114303172,-0.003936992493,-0.01029542927,1
0.07572336495,0.113400355,-0.003819816047,-0.009700529277,1
0.07572336495,0.1153703928,-0.004381130449,-0.007184441667,1
0.07572336495,0.1173404306,-0.004846813623,-0.005048947874,1
0.07769340277,0.04838907719,-0.008896200918,-0.0005791943986,1
0.07769340277,0.050359115,0.009260895662,-0.008287072182,1
0.07769340277,0.05232915282,0.000418805459,-0.01351646893,1
0.07769340277,0.05429919064,-0.007925982587,-0.01988831349,1
0.07769340277,0.05626922846,-0.01702753827,-0.01993840933,1
0.07769340277,0.05823927,-0.02816597372,-0.01825080067,1
0.07769340277,0.06020930782,-0.04082393274,-0.01957625337,1
0.07769340277,0.06217934564,-0.04719093069,-0.01690871827,1
0.07769340277,0.06414938718,-0.05332190171,-0.01561256871,2
0.07769340277,0.066119425,-0.05218840018,-0.01881967671,1
0.07769340277,0.06808946282,-0.05660271645,-0.02112808265,1
0.07769340277,0.07005950063,-0.0562598668,-0.0178629607,1
0.07769340277,0.07202953845,-0.054300569,-0.008050254546,1
0.07769340277,0.07399957627,-0.057554923,-0.001718790154,1
0.07769340277,0.07596961409,-0.04759437218,-0.001009111991,1
0.07769340277,0.07793965936,-0.0340779908,0.0001514429023,1
0.07769340277,0.07990969718,-0.02836490981,-0.0001731680677,1
0.07769340277,0.08187973499,-0.0333475545,-0.006320128683,1
0.07769340277,0.08384977281,-0.03689225391,-0.01112875622,1
0.07769340277,0.08581981063,-0.04226168618,-0.009648378007,1
0.07769340277,0.08778984845,-0.04158107564,-0.004276737571,1
0.07769340277,0.08975988626,-0.03565710783,-0.005176615901,1
0.07769340277,0.09172992408,-0.03254693002,-0.002322850516,1
0.07769340277,0.0936999619,-0.03021082655,0.0007225371664,1
0.07769340277,0.09567000717,-0.02517748997,-5.033264188e-06,1
0.07769340277,0.09764004499,-0.02105614357,-0.006208142266,1
0.07769340277,0.09961008281,-0.01749288477,-0.0087578604,1
0.07769340277,0.1015801206,-0.01448939741,-0.009887885302,1
0.07769340277,0.1035501584,-0.01229915023,-0.01011705119,1
0.07769340277,0.1055201963,-0.009793790057,-0.009875310585,1
0.07769340277,0.1074902341,-0.01094978489,-0.00914422702,1
0.07769340277,0.1094602719,-0.007823313586,-0.009233749472,1
0.07769340277,0.1114303172,-0.003803890431,-0.01061997749,1
0.07769340277,0.113400355,-0.002387561835,-0.0101389559,1
0.07769340277,0.1153703928,-0.00286897691,-0.007049464621,1
0.07769340277,0.1173404306,-0.005904036574,-0.004246280063,1
0.07966344059,0.04838907719,-0.004180478863,0.006485479418,1
0.07966344059,0.050359115,0.009910767898,-0.005943505559,1
0.07966344059,0.05232915282,0.006234761328,-0.01577133872,1
0.07966344059,0.05429919064,-0.004971201532,-0.02249090001,1
0.07966344059,0.05626922846,-0.01874631271,-0.02282438613,1
0.07966344059,0.05823927,-0.03216362745,-0.01654786058,1
0.07966344059,0.06020930782,-0.04616948962,-0.01622679643,1
0.07966344059,0.06217934564,-0.05215728655,-0.01375987567,1
0.07966344059,0.06414938718,-0.06440397352,-0.01583038457,1
0.07966344059,0.066119425,-0.06146242097,-0.01635384373,1
0.07966344059,0.06808946282,-0.05486706644,-0.01800007559,1
0.07966344059,0.07005950063,-0.05174021423,-0.01502197701,1
0.07966344059,0.07202953845,-0.05221867561,-0.009691034444,1
0.07966344059,0.07399957627,-0.05595674738,-0.003687923308,1
0.07966344059,0.07596961409,-0.04775230959,-0.003279543715,1
0.07966344059,0.07793965936,-0.03112345934,-0.002092778916,1
0.07966344059,0.07990969718,-0.03114716709,-0.002860747045,1
0.07966344059,0.08187973499,-0.03489734977,-0.006889932323,1
0.07966344059,0.08384977281,-0.03386780992,-0.006137992255,1
0.07966344059,0.08581981063,-0.03942819685,-0.004128809087,1
0.07966344059,0.08778984845,-0.04403480515,-0.007342660334,1
0.07966344059,0.08975988626,-0.0397099033,-0.01055832952,1
0.07966344059,0.09172992408,-0.03123694286,-0.00676883664,1
0.07966344059,0.0936999619,-0.0288931597,-0.006138748955,1
0.07966344059,0.09567000717,-0.02517643198,-0.006111511029,1
0.07966344059,0.09764004499,-0.02067617886,-0.003561184509,1
0.07966344059,0.09961008281,-0.01751039736,-0.005067326594,1
0.07966344059,0.1015801206,-0.01595449448,-0.007383600343,1
0.07966344059,0.1035501584,-0.01467694901,-0.007658036426,1
0.07966344059,0.1055201963,-0.01293687709,-0.00797169283,1
0.07966344059,0.1074902341,-0.01205037162,-0.008554191329,1
0.07966344059,0.1094602719,-0.01048796438,-0.007661508862,1
0.07966344059,0.1114303172,-0.006137168966,-0.008684131317,1
0.07966344059,0.113400355,-0.004526907112,-0.007915245369,1
0.07966344059,0.1153703928,-0.003605759237,-0.005108487327,1
0.07966344059,0.1173404306,-0.004264386836,-0.001361835748,1
0.0816334784,0.04838907719,0.003759020939,0.000690122426,2
0.0816334784,0.050359115,0.008262052201,-0.004479259718,1
0.0816334784,0.05232915282,0.01795774698,-0.01056118216,1
0.0816334784,0.05429919064,-0.000342477957,-0.01749554276,1
0.0816334784,0.05626922846,-0.009398498572,-0.02031829208,1
0.0816334784,0.05823927,-0.04594354331,-0.0183352232,1
0.0816334784,0.06020930782,-0.06129455194,-0.01281090453,1
0.0816334784,0.06217934564,-0.0642304793,-0.01390904747,2
0.0816334784,0.06414938718,-0.07120587677,-0.01863447204,1
0.0816334784,0.066119425,-0.06593647599,-0.02032016031,1
0.0816334784,0.06808946282,-0.05228894576,-0.01416846551,1
0.0816334784,0.07005950063,-0.04821099341,-0.01221738476,1
0.0816334784,0.07202953845,-0.0520673506,-0.01104375347,1
0.0816334784,0.07399957627,-0.05453361943,-0.005309694912,1
0.0816334784,0.07596961409,-0.04538362846,-0.005490147974,1
0.0816334784,0.07793965936,-0.03356061876,-0.00497170724,1
0.0816334784,0.07990969718,-0.03364187479,-0.006499622948,1
0.0816334784,0.08187973499,-0.03631822392,-0.005719773471,1
0.0816334784,0.08384977281,-0.03586429358,-0.004184040241,1
0.0816334784,0.08581981063,-0.04383156076,-0.00175192114,1
0.0816334784,0.08778984845,-0.04527352005,-0.007705440279,1
0.0816334784,0.08975988626,-0.03965152055,-0.01129266527,2
0.0816334784,0.09172992408,-0.03324686363,-0.01254113484,1
0.0816334784,0.0936999619,-0.0295375865,-0.01021152642,1
0.0816334784,0.09567000717,-0.02504805848,-0.009569725022,1
0.0816334784,0.09764004499,-0.02034260891,-0.00575648481,1
0.0816334784,0.09961008281,-0.0237742085,-0.00749347778,1
0.0816334784,0.1015801206,-0.02099891752,-0.00708466582,1
0.0816334784,0.1035501584,-0.01583345607,-0.005713815335,1
0.0816334784,0.1055201963,-0.01314690337,-0.005275067873,1
0.0816334784,0.1074902341,-0.01025427133,-0.006226483732,1
0.0816334784,0.1094602719,-0.009306877851,-0.007466833107,1
0.0816334784,0.1114303172,-0.007284650579,-0.005600468721,1
0.0816334784,0.113400355,-0.005595497787,-0.006150742993,1
0.0816334784,0.1153703928,-0.006109896582,-0.004786486272,1
0.0816334784,0.1173404306,-0.007064551581,0.0008613623795,1
0.08360351622,0.04838907719,0.00719548855,6.41478764e-05,2
0.08360351622,0.050359115,0.008523712866,-0.002125577535,1
0.08360351622,0.05232915282,0.01434790622,-0.002042882144,2
0.08360351622,0.05429919064,0.005201516207,-0.00170227373,1
0.08360351622,0.05626922846,-0.01203544624,-0.01062266249,1
0.08360351622,0.05823927,-0.06504605711,-0.0159897618,1
0.08360351622,0.06020930782,-0.07908587158,-0.01651775092,1
0.08360351622,0.06217934564,-0.07226420939,-0.0104309367,1
0.08360351622,0.06414938718,-0.06907681376,-0.01311557833,2
0.08360351622,0.066119425,-0.06222698465,-0.01566782221,2
0.08360351622,0.06808946282,-0.054900866,-0.01729065925,1
0.08360351622,0.07005950063,-0.05117166042,-0.009455360472,1
0.08360351622,0.07202953845,-0.05114331841,-0.008902106434,1
0.08360351622,0.07399957627,-0.05007704347,-0.008072384633,1
0.08360351622,0.07596961409,-0.04637346417,-0.00631690491,1
0.08360351622,0.07793965936,-0.04139162228,-0.001133912127,1
0.08360351622,0.07990969718,-0.03812751919,0.0009567660745,1
0.08360351622,0.08187973499,-0.04205153883,0.003709173994,1
0.08360351622,0.08384977281,-0.04269191623,0.003954231739,1
0.08360351622,0.08581981063,-0.03969009221,-0.0003696027561,1
0.08360351622,0.08778984845,-0.03946695104,-0.004816758912,1
0.08360351622,0.08975988626,-0.04037580639,-0.01436575502,1
0.08360351622,0.09172992408,-0.03811309487,-0.01588020474,1
0.08360351622,0.0936999619,-0.03341626003,-0.01367207058,1
0.08360351622,0.09567000717,-0.02617050521,-0.01080491487,1
0.08360351622,0.09764004499,-0.02024025284,-0.009973965585,1
0.08360351622,0.09961008281,-0.02614991926,-0.01051492803,1
0.08360351622,0.1015801206,-0.02238192037,-0.007955861278,1
0.08360351622,0.1035501584,-0.01665896364,-0.004086703062,1
0.08360351622,0.1055201963,-0.01313605439,-0.002299180953,1
0.08360351622,0.1074902341,-0.0097150933,-0.003605440725,1
0.08360351622,0.1094602719,-0.007435491774,-0.007405439392,1
0.08360351622,0.1114303172,-0.005478207488,-0.006747037638,1
0.08360351622,0.113400355,-0.00723275682,-0.006783335935,1
0.08360351622,0.1153703928,-0.006730348803,-0.004278670996,1
0.08360351622,0.1173404306,-0.005052672233,0.0004993072944,1
0.08557355404,0.04838907719,0.009303731844,0.001627898542,2
0.08557355404,0.050359115,0.01047924533,-0.001121992595,1
0.08557355404,0.05232915282,0.02570865303,0.006217504386,1
0.08557355404,0.05429919064,0.003447910072,0.00376051059,1
0.08557355404,0.05626922846,-0.02492917702,-0.001896208967,1
0.08557355404,0.05823927,-0.05103754252,-0.008610715158,2
0.08557355404,0.06020930782,-0.07459494472,-0.01332000736,1
0.08557355404,0.06217934564,-0.0759325847,-0.009289204143,1
0.08557355404,0.06414938718,-0.0706101805,-0.007729084231,1
0.08557355404,0.066119425,-0.0589937903,-0.01194488816,3
0.08557355404,0.06808946282,-0.0486215502,-0.01731632464,1
0.08557355404,0.07005950063,-0.04754708707,-0.01555729005,1
0.08557355404,0.07202953845,-0.05089090019,-0.0116231693,1
0.08557355404,0.07399957627,-0.04742990807,-0.01090686675,1
0.08557355404,0.07596961409,-0.04335642606,-0.006622912828,1
0.08557355404,0.07793965936,-0.04259250686,-0.00127702672,1
0.08557355404,0.07990969718,-0.0399697274,0.001727910829,1
0.08557355404,0.08187973499,-0.04380231723,-0.001278978656,1
0.08557355404,0.08384977281,-0.04264770821,-0.001083630952,1
0.08557355404,0.08581981063,-0.0386460498,-0.002936821664,1
0.08557355404,0.08778984845,-0.03794478998,-0.005880971905,1
0.08557355404,0.08975988626,-0.0422035791,-0.0129683679,1
0.08557355404,0.09172992408,-0.03870757297,-0.01486353669,1
0.08557355404,0.0936999619,-0.03386009857,-0.01343917567,1
0.08557355404,0.09567000717,-0.02873915806,-0.01400089264,1
0.08557355404,0.09764004499,-0.02459278516,-0.01471971814,1
0.08557355404,0.09961008281,-0.02440303937,-0.01272373833,1
0.08557355404,0.1015801206,-0.02089194953,-0.008219120093,1
0.08557355404,0.1035501584,-0.0178223215,-0.002454076894,1
0.08557355404,0.1055201963,-0.01314950921,-0.002017612802,1
0.08557355404,0.1074902341,-0.006824069656,-0.004164586309,1
0.08557355404,0.1094602719,-0.007630421314,-0.005105602089,1
0.08557355404,0.1114303172,-0.007068701088,-0.004371589981,1
0.08557355404,0.113400355,-0.007215237711,-0.003739685053,1
0.08557355404,0.1153703928,-0.005783806555,-0.002915421966,1
0.08557355404,0.1173404306,-0.005978298839,-0.002777019981,1
0.08754359186,0.04838907719,0.01023646258,0.005941540468,2
0.08754359186,0.050359115,0.01530980319,0.007846357301,1
0.08754359186,0.05232915282,0.01996750012,0.009249309078,1
0.08754359186,0.05429919064,0.001976090018,0.005047554616,1
0.08754359186,0.05626922846,-0.01819882356,0.001450701733,1
0.08754359186,0.05823927,-0.03957999498,-0.003236883087,2
0.08754359186,0.06020930782,-0.04886381701,-0.004404145759,1
0.08754359186,0.06217934564,-0.06342861801,-0.005639406852,1
0.08754359186,0.06414938718,-0.06441514194,-0.01310596894,2
0.08754359186,0.066119425,-0.05461811274,-0.0230837781,1
0.08754359186,0.06808946282,-0.05088575184,-0.01809239201,1
0.08754359186,0.07005950063,-0.050410714,-0.01675668918,1
0.08754359186,0.07202953845,-0.05319846049,-0.0161196813,1
0.08754359186,0.07399957627,-0.0461008884,-0.0155057162,1
0.08754359186,0.07596961409,-0.04139653966,-0.00962448027,1
0.08754359186,0.07793965936,-0.04126911238,-0.006339843385,1
0.08754359186,0.07990969718,-0.04185192659,-0.005662705749,1
0.08754359186,0.08187973499,-0.04173196852,-0.005736460909,1
0.08754359186,0.08384977281,-0.0417131409,-0.004747190047,1
0.08754359186,0.08581981063,-0.03864336014,-0.004631459713,1
0.08754359186,0.08778984845,-0.03560647368,-0.005546813831,1
0.08754359186,0.08975988626,-0.04263687506,-0.01202531438,1
0.08754359186,0.09172992408,-0.04056403786,-0.01245447062,1
0.08754359186,0.0936999619,-0.03519114479,-0.01049209293,1
0.08754359186,0.09567000717,-0.03084717505,-0.01209713332,1
0.08754359186,0.09764004499,-0.02797169611,-0.01215369441,1
0.08754359186,0.09961008281,-0.02788062766,-0.008623669855,1
0.08754359186,0.1015801206,-0.02312612161,-0.004141890444,1
0.08754359186,0.1035501584,-0.0172563456,-0.0001123615657,1
0.08754359186,0.1055201963,-0.01348970272,0.0001595414797,1
0.08754359186,0.1074902341,-0.009936115704,-0.001134250662,1
0.08754359186,0.1094602719,-0.00821775198,-0.003011044813,1
0.08754359186,0.1114303172,-0.007396236993,-0.003465490416,1
0.08754359186,0.113400355,-0.005114639178,-0.002923069755,1
0.08754359186,0.1153703928,-0.005049534608,-0.00462147966,1
0.08754359186,0.1173404306,-0.007491595112,-0.005911380518,1
0.08951362967,0.04838907719,0.006095852703,0.008350365795,1
0.08951362967,0.050359115,0.008094090968,0.00931265112,1
0.08951362967,0.05232915282,0.01009218488,0.009220540524,1
0.08951362967,0.05429919064,0.001058019465,0.007013557479,1
0.08951362967,0.05626922846,-0.02066293173,0.00450093532,1
0.08951362967,0.05823927,-0.04021978751,-0.001383373165,1
0.08951362967,0.06020930782,-0.0392062813,-0.003497114871,1
0.08951362967,0.06217934564,-0.05379820988,-0.005925238598,1
0.08951362967,0.06414938718,-0.06900366396,-0.01597160846,1
0.08951362967,0.066119425,-0.05434484035,-0.01752387919,1
0.08951362967,0.06808946282,-0.05067453161,-0.01582526416,1
0.08951362967,0.07005950063,-0.05125784129,-0.01081972662,1
0.08951362967,0.07202953845,-0.05112202466,-0.01715849526,2
0.08951362967,0.07399957627,-0.04852515459,-0.01683945954,1
0.08951362967,0.07596961409,-0.04056989402,-0.01953408308,1
0.08951362967,0.07793965936,-0.04009812325,-0.01571572013,1
0.08951362967,0.07990969718,-0.0390313603,-0.008518109098,1
0.08951362967,0.08187973499,-0.03702519834,-0.007260098122,1
0.08951362967,0.08384977281,-0.04058993235,-0.006094190292,1
0.08951362967,0.08581981063,-0.04693804309,-0.004008140881,2
0.08951362967,0.08778984845,-0.04749923944,-0.002122653881,2
0.08951362967,0.08975988626,-0.05301587656,0.001948464662,1
0.08951362967,0.09172992408,-0.04407664016,0.004901997279,1
0.08951362967,0.0936999619,-0.04101611301,-0.0004345745838,1
0.08951362967,0.09567000717,-0.0396097675,-0.006491084117,1
0.08951362967,0.09764004499,-0.03791957721,-0.006328872405,1
0.08951362967,0.09961008281,-0.03443204984,-0.002933707321,1
0.08951362967,0.1015801206,-0.02517493814,0.0004614028148,1
0.08951362967,0.1035501584,-0.01898627728,0.002005856019,1
0.08951362967,0.1055201963,-0.01438191812,0.0020135378,1
0.08951362967,0.1074902341,-0.009164513089,0.0002517790126,1
0.08951362967,0.1094602719,-0.006643087137,-0.002538090106,1
0.08951362967,0.1114303172,-0.00714407023,-0.003665527329,1
0.08951362967,0.113400355,-0.005599847063,-0.003625796642,1
0.08951362967,0.1153703928,-0.005957987159,-0.005122448783,1
0.08951362967,0.1173404306,-0.004163598176,-0.004095428158,1
0.09148367494,0.04838907719,0.01690086722,0.008058013394,1
0.09148367494,0.050359115,0.000300100568,0.00432125153,1
0.09148367494,0.05232915282,0.009331477806,0.0113643501,1
0.09148367494,0.05429919064,0.002609278541,0.0119830817,1
0.09148367494,0.05626922846,-0.0226582624,0.008970834315,1
0.09148367494,0.05823927,-0.03796764836,0.001094824984,1
0.09148367494,0.06020930782,-0.04431635141,-0.004491218831,1
0.09148367494,0.06217934564,-0.04798019677,-0.004903721623,1
0.09148367494,0.06414938718,-0.05959766731,-0.01231813896,2
0.09148367494,0.066119425,-0.05808939785,-0.01887949556,1
0.09148367494,0.06808946282,-0.05370963365,-0.01905644499,1
0.09148367494,0.07005950063,-0.05243192613,-0.01481247973,1
0.09148367494,0.07202953845,-0.05150664598,-0.02485511266,1
0.09148367494,0.07399957627,-0.05565682054,-0.02144660987,1
0.09148367494,0.07596961409,-0.0502124019,-0.01736167446,1
0.09148367494,0.07793965936,-0.04449414834,-0.01925755665,1
0.09148367494,0.07990969718,-0.0432196334,-0.01291560661,1
0.09148367494,0.08187973499,-0.04028578848,-0.009180844761,1
0.09148367494,0.08384977281,-0.0431898497,-0.008541157469,1
0.09148367494,0.08581981063,-0.06101964414,-0.003184258705,1
0.09148367494,0.08778984845,-0.05443656072,-0.0008841256495,2
0.09148367494,0.08975988626,-0.05043237284,0.002948134439,1
0.09148367494,0.09172992408,-0.04505174607,0.009035312571,1
0.09148367494,0.0936999619,-0.0449157469,-0.004126702435,1
0.09148367494,0.09567000717,-0.04861081764,-0.01250982191,1
0.09148367494,0.09764004499,-0.05135918409,-0.009232009761,1
0.09148367494,0.09961008281,-0.04113197327,-0.004662676714,1
0.09148367494,0.1015801206,-0.03453570232,0.001676948741,1
0.09148367494,0.1035501584,-0.0220177751,0.004319262225,1
0.09148367494,0.1055201963,-0.004653621465,0.001606738544,1
0.09148367494,0.1074902341,-4.875969171e-05,0.0001247594482,1
0.09148367494,0.1094602719,-0.00586098386,-0.002478851238,1
0.09148367494,0.1114303172,-0.006109799258,-0.003334491514,1
0.09148367494,0.113400355,-0.006177040748,-0.002505874261,1
0.09148367494,0.1153703928,-0.00552990986,-0.002970300848,1
0.09148367494,0.1173404306,-0.005809119903,-0.003104943316,1
0.09345371276,0.04838907719,0.005271047819,0.004143107682,2
0.09345371276,0.050359115,0.0003731458564,0.002271282952,1
0.09345371276,0.05232915282,0.009022374637,0.01244993042,1
0.09345371276,0.05429919064,0.001194938319,0.0138117075,1
0.09345371276,0.05626922846,-0.02059859037,0.009248271585,1
0.09345371276,0.05823927,-0.04058739543,0.002289159456,1
0.09345371276,0.06020930782,-0.04565759003,-0.001132490579,1
0.09345371276,0.06217934564,-0.04247984663,0.000721938326,1
0.09345371276,0.06414938718,-0.0633174032,-0.009517730214,1
0.09345371276,0.066119425,-0.06480510533,-0.01742414758,1
0.09345371276,0.06808946282,-0.06053885818,-0.01657255366,1
0.09345371276,0.07005950063,-0.05444319546,-0.01649932005,1
0.09345371276,0.07202953845,-0.04997746646,-0.02461770922,1
0.09345371276,0.07399957627,-0.05663506314,-0.02192652598,1
0.09345371276,0.07596961409,-0.05540860072,-0.01736270823,1
0.09345371276,0.07793965936,-0.04806596041,-0.02152957395,1
0.09345371276,0.07990969718,-0.0478152968,-0.01640436985,1
0.09345371276,0.08187973499,-0.05029225722,-0.01096240804,1
0.09345371276,0.08384977281,-0.04511594772,-0.007227097172,1
0.09345371276,0.08581981063,-0.04577272013,-0.003504554974,1
0.09345371276,0.08778984845,-0.05879498273,-0.001177724334,1
0.09345371276,0.08975988626,-0.05427276343,0.002906627487,1
0.09345371276,0.09172992408,-0.0494178459,0.004302051384,1
0.09345371276,0.0936999619,-0.04484080523,-0.01278262865,1
0.09345371276,0.09567000717,-0.04971427843,-0.006492398679,1
0.09345371276,0.09764004499,-0.05299774557,-0.001213630545,1
0.09345371276,0.09961008281,-0.04903350398,-0.004002780654,1
0.09345371276,0.1015801206,-0.04335781932,0.001932128565,1
0.09345371276,0.1035501584,-0.02398640476,0.005166940391,1
0.09345371276,0.1055201963,-0.004094163887,0.0007718684501,1
0.09345371276,0.1074902341,-0.00205199793,-0.001394949388,2
0.09345371276,0.1094602719,-0.002971254289,-0.003742962843,1
0.09345371276,0.1114303172,-0.005049525294,-0.003566015977,1
0.09345371276,0.113400355,-0.007724543102,-0.002441784367,1
0.09345371276,0.1153703928,-0.003210192546,-0.00255812984,1
0.09345371276,0.1173404306,0.005031190813,-0.00371538382,1
0.09542375058,0.04838907719,-0.001460870146,0.002100026701,2
0.09542375058,0.050359115,-0.007426346652,9.962043259e-05,1
0.09542375058,0.05232915282,0.006740940269,0.01062173955,1
0.09542375058,0.05429919064,0.001863645623,0.01266479865,1
0.09542375058,0.05626922846,-0.01580082811,0.008308971301,1
0.09542375058,0.05823927,-0.03617141396,0.001334302942,1
0.09542375058,0.06020930782,-0.04661239684,0.0006358295213,1
0.09542375058,0.06217934564,-0.04884281009,-0.0004903896479,1
0.09542375058,0.06414938718,-0.06017012149,0.003485656111,1
0.09542375058,0.066119425,-0.06288297474,-0.002193262335,1
0.09542375058,0.06808946282,-0.06183398142,-0.006268997211,1
0.09542375058,0.07005950063,-0.05511646345,-0.01026026905,1
0.09542375058,0.07202953845,-0.0478807427,-0.01661688089,1
0.09542375058,0.07399957627,-0.0504049845,-0.01991615072,1
0.09542375058,0.07596961409,-0.04840136319,-0.02436744422,1
0.09542375058,0.07793965936,-0.04955730215,-0.02204492502,1
0.09542375058,0.07990969718,-0.05449064076,-0.01620469242,1
0.09542375058,0.08187973499,-0.05787441507,-0.01593199931,1
0.09542375058,0.08384977281,-0.05247795954,-0.009845979512,1
0.09542375058,0.08581981063,-0.05314799771,-0.001480160165,1
0.09542375058,0.08778984845,-0.06187077612,-0.001498749712,1
0.09542375058,0.08975988626,-0.05240397528,0.0002593163808,1
0.09542375058,0.09172992408,-0.0399203077,0.002388899215,1
0.09542375058,0.0936999619,-0.03953337297,-0.001435512095,1
0.09542375058,0.09567000717,-0.04393778741,-0.002030118136,1
0.09542375058,0.09764004499,-0.04622720927,-0.003951043356,1
0.09542375058,0.09961008281,-0.04737969115,-0.003590337234,1
0.09542375058,0.1015801206,-0.04483109713,-0.0007328866632,1
0.09542375058,0.1035501584,-0.02150236629,-0.007331124041,1
0.09542375058,0.1055201963,-0.005168296397,-0.006047575735,1
0.09542375058,0.1074902341,-0.001093814615,-0.002733462257,1
0.09542375058,0.1094602719,-0.002238967223,-0.004761348013,1
0.09542375058,0.1114303172,-0.00546013657,-0.003506965237,1
0.09542375058,0.113400355,-0.00744350208,-0.002674639225,1
0.09542375058,0.1153703928,-0.0003804601729,-0.003211574629,1
0.09542375058,0.1173404306,0.001733039622,-0.003497570055,2
0.0973937884,0.04838907719,-0.002227311954,0.002057352103,2
0.0973937884,0.050359115,-0.002180691808,0.002121888567,1
0.0973937884,0.05232915282,0.008964370936,0.008596478961,1
0.0973937884,0.05429919064,0.0003036317648,0.009577662684,1
0.0973937884,0.05626922846,-0.02506900579,0.006872701924,1
0.0973937884,0.05823927,-0.05187543482,0.004211944062,1
0.0973937884,0.06020930782,-0.04204181582,0.01454469096,1
0.0973937884,0.06217934564,-0.0425491482,0.01402782835,1
0.0973937884,0.06414938718,-0.03664752841,0.0140862707,1
0.0973937884,0.066119425,-0.04650629312,0.004710512701,1
0.0973937884,0.06808946282,-0.059772484,-0.002885083901,1
0.0973937884,0.07005950063,-0.05644942448,-0.001729827723,1
0.0973937884,0.07202953845,-0.04691103846,-0.002729847096,1
0.0973937884,0.07399957627,-0.04587706923,-0.01319590863,1
0.0973937884,0.07596961409,-0.0441811718,-0.02194561623,1
0.0973937884,0.07793965936,-0.04746230692,-0.02095599286,1
0.0973937884,0.07990969718,-0.05548785254,-0.02039869688,1
0.0973937884,0.08187973499,-0.06031779945,-0.0198238045,1
0.0973937884,0.08384977281,-0.07094628364,-0.01294016559,1
0.0973937884,0.08581981063,-0.06785591692,-0.002470190404,1
0.0973937884,0.08778984845,-0.06107578799,-0.001600178657,1
0.0973937884,0.08975988626,-0.05250684544,-0.002673928859,1
0.0973937884,0.09172992408,-0.03662735224,-0.0004845648655,1
0.0973937884,0.0936999619,-0.0362334922,-0.002335390076,1
0.0973937884,0.09567000717,-0.040395841,-0.00551015744,1
0.0973937884,0.09764004499,-0.04089105502,-0.009859163314,1
0.0973937884,0.09961008281,-0.04138274118,-0.007665565237,1
0.0973937884,0.1015801206,-0.03925325722,-0.007052545436,1
0.0973937884,0.1035501584,-0.02009256557,-0.01119143423,1
0.0973937884,0.1055201963,-0.005210364703,-0.01224282011,1
0.0973937884,0.1074902341,-0.000775789842,-0.006843042094,1
0.0973937884,0.1094602719,-0.003136196872,-0.006045914721,1
0.0973937884,0.1114303172,-0.006490534637,-0.002991639543,1
0.0973937884,0.113400355,-0.004760371521,-0.001247512409,1
0.0973937884,0.1153703928,-0.00345340278,-0.003393841675,1
0.0973937884,0.1173404306,0.0005483878194,-0.003565751016,2
0.09936382622,0.04838907719,-0.003040373325,0.001950140926,2
0.09936382622,0.050359115,-0.003930555657,0.001604200108,1
0.09936382622,0.05232915282,0.0006515065324,0.00329817459,2
0.09936382622,0.05429919064,-0.004104563035,0.0004427999957,1
0.09936382622,0.05626922846,-0.03108954802,0.002077014651,1
0.09936382622,0.05823927,-0.05362799019,0.003274615854,1
0.09936382622,0.06020930782,-0.03988067061,0.01867115125,1
0.09936382622,0.06217934564,-0.03754121065,0.01881034486,1
0.09936382622,0.06414938718,-0.0376570113,-0.006045550108,3
0.09936382622,0.066119425,-0.03606765717,0.009406483732,1
0.09936382622,0.06808946282,-0.05058353767,-0.01415437832,1
0.09936382622,0.07005950063,-0.04811486974,-0.020884417,1
0.09936382622,0.07202953845,-0.04530986026,-0.01835894585,1
0.09936382622,0.07399957627,-0.0437056236,-0.01053136773,1
0.09936382622,0.07596961409,-0.043579299,-0.0169327613,1
0.09936382622,0.07793965936,-0.04681938514,-0.0196795892,1
0.09936382622,0.07990969718,-0.05307919532,-0.02084927075,1
0.09936382622,0.08187973499,-0.06161663681,-0.01924923994,1
0.09936382622,0.08384977281,-0.06955505162,-0.01273423806,1
0.09936382622,0.08581981063,-0.067267932,-0.004223957658,1
0.09936382622,0.08778984845,-0.05520325899,-0.002947874134,1
0.09936382622,0.08975988626,-0.04518292099,-0.001175549696,1
0.09936382622,0.09172992408,-0.03789118677,-0.001854775473,1
0.09936382622,0.0936999619,-0.03450277075,-0.002310398966,1
0.09936382622,0.09567000717,-0.03834496439,-0.003037374932,1
0.09936382622,0.09764004499,-0.03719435632,-0.01476296037,1
0.09936382622,0.09961008281,-0.03633406386,-0.018979555,1
0.09936382622,0.1015801206,-0.03150885925,-0.01636626571,1
0.09936382622,0.1035501584,-0.01967500336,-0.01211213693,1
0.09936382622,0.1055201963,-0.008906966075,-0.01290300861,1
0.09936382622,0.1074902341,-0.005888987798,-0.00863893982,1
0.09936382622,0.1094602719,-0.006679920014,-0.004799180664,1
0.09936382622,0.1114303172,-0.00676976284,-0.0026594589,1
0.09936382622,0.113400355,-0.006365685258,-0.002827190794,1
0.09936382622,0.1153703928,-0.007776614279,-0.00389726134,1
0.09936382622,0.1173404306,0.003365526674,-0.003805841785,1
0.101333864,0.04838907719,-0.002963252598,0.00218887045,2
0.101333864,0.050359115,-0.002528651152,0.001815348747,2
0.101333864,0.05232915282,0.001676773652,0.002549218945,1
0.101333864,0.05429919064,-0.001800292521,0.002361884108,1
0.101333864,0.05626922846,-0.01716595888,0.0002672892297,1
0.101333864,0.05823927,-0.04417098686,-0.003938248847,1
0.101333864,0.06020930782,-0.04449255764,-0.009144335054,1
0.101333864,0.06217934564,-0.04509951174,-0.01671648957,1
0.101333864,0.06414938718,-0.05197597295,-0.01669686474,1
0.101333864,0.066119425,-0.04926415533,-0.01333962847,1
0.101333864,0.06808946282,-0.04886551946,-0.01787496172,1
0.101333864,0.07005950063,-0.04623692483,-0.02136247046,1
0.101333864,0.07202953845,-0.0458547622,-0.01826802082,1
0.101333864,0.07399957627,-0.04583407193,-0.01332135871,1
0.101333864,0.07596961409,-0.04013114795,-0.01421697158,1
0.101333864,0.07793965936,-0.04368632659,-0.01584063098,1
0.101333864,0.07990969718,-0.05327039212,-0.01535244565,1
0.101333864,0.08187973499,-0.06481116265,-0.01537819952,1
0.101333864,0.08384977281,-0.06839668751,-0.01390718482,1
0.101333864,0.08581981063,-0.05154270679,-0.004968649242,1
0.101333864,0.08778984845,-0.04997960851,-0.007114481647,1
0.101333864,0.08975988626,-0.04580486938,-0.005083657801,1
0.101333864,0.09172992408,-0.04347487167,-0.002094020601,1
0.101333864,0.0936999619,-0.03589887172,0.001542932354,1
0.101333864,0.09567000717,-0.0337379165,-0.0004201163829,1
0.101333864,0.09764004499,-0.03132607415,-0.0109507665,1
0.101333864,0.09961008281,-0.03475340083,-0.01973665506,1
0.101333864,0.1015801206,-0.03658745438,-0.01497560553,1
0.101333864,0.1035501584,-0.02755970508,-0.01085714903,1
0.101333864,0.1055201963,-0.01516094059,-0.005904766731,1
0.101333864,0.1074902341,-0.01268619858,-0.006277119275,1
0.101333864,0.1094602719,-0.009532487951,-0.00386421266,1
0.101333864,0.1114303172,-0.007527878508,-0.003072957974,1
0.101333864,0.113400355,-0.005374285392,-0.00371681992,1
0.101333864,0.1153703928,-0.008045502007,-0.004838297144,1
0.101333864,0.1173404306,-0.004498975351,-0.001380113536,1
0.1033039019,0.04838907719,-0.003320733551,0.002801121678,2
0.1033039019,0.050359115,-0.004897569772,0.0009191057179,1
0.1033039019,0.05232915282,0.003687470686,0.003838801989,1
0.1033039019,0.05429919064,-0.004992392845,0.001854367671,1
0.1033039019,0.05626922846,-0.02062672563,-0.001954026287,1
0.1033039019,0.05823927,-0.03884206712,-0.007847107947,1
0.1033039019,0.06020930782,-0.0337501578,-0.0224993322,1
0.1033039019,0.06217934564,-0.03138163686,-0.01844322681,1
0.1033039019,0.06414938718,-0.03398697451,-0.004234676715,1
0.1033039019,0.066119425,-0.0503276512,-0.01478462853,1
0.1033039019,0.06808946282,-0.04978880286,-0.01424080506,1
0.1033039019,0.07005950063,-0.0498242788,-0.01554527599,1
0.1033039019,0.07202953845,-0.04811571538,-0.01571697742,1
0.1033039019,0.07399957627,-0.04720356688,-0.01643981971,1
0.1033039019,0.07596961409,-0.03475288302,-0.01012191642,1
0.1033039019,0.07793965936,-0.03569534421,-0.005789220799,1
0.1033039019,0.07990969718,-0.04625626653,-0.009529772215,1
0.1033039019,0.08187973499,-0.05704914033,-0.01127267163,1
0.1033039019,0.08384977281,-0.06661883742,-0.01154559851,1
0.1033039019,0.08581981063,-0.05484320596,-0.01082180999,1
0.1033039019,0.08778984845,-0.0493927747,-0.008817603812,1
0.1033039019,0.08975988626,-0.0429444015,-0.008180258796,1
0.1033039019,0.09172992408,-0.03733190894,-0.001271986403,1
0.1033039019,0.0936999619,-0.02884122543,-0.0005288705579,1
0.1033039019,0.09567000717,-0.02829308808,-2.729940388e-05,1
0.1033039019,0.09764004499,-0.03196465597,0.004530473147,1
0.1033039019,0.09961008281,-0.04345531017,0.003075327026,3
0.1033039019,0.1015801206,-0.0388549678,-0.01041593309,1
0.1033039019,0.1035501584,-0.031164499,-0.008495273069,1
0.1033039019,0.1055201963,-0.01870824955,-0.00456340285,1
0.1033039019,0.1074902341,-0.01631265134,-0.004929266404,1
0.1033039019,0.1094602719,-0.01256935671,-0.004177683033,1
0.1033039019,0.1114303172,-0.009261782281,-0.003277233336,1
0.1033039019,0.113400355,-0.006537899375,-0.002682686318,1
0.1033039019,0.1153703928,-0.006627291441,-0.004375780933,1
0.1033039019,0.1173404306,-0.004230342805,0.0002117330878,1
0.1052739397,0.04838907719,-0.002101378515,0.005295388401,1
0.1052739397,0.050359115,0.001924739219,0.004328478128,1
0.1052739397,0.05232915282,-0.001169780619,0.003531306982,1
0.1052739397,0.05429919064,-0.007920201868,0.003356880276,1
0.1052739397,0.05626922846,-0.02379507944,-0.00694131339,1
0.1052739397,0.05823927,-0.03814044222,-0.0114315683,1
0.1052739397,0.06020930782,-0.04122287408,-0.0103819482,1
0.1052739397,0.06217934564,-0.03904814273,-0.01086167898,1
0.1052739397,0.06414938718,-0.03671386838,-0.01018797513,1
0.1052739397,0.066119425,-0.04092960805,-0.01338963583,1
0.1052739397,0.06808946282,-0.04661078751,-0.003934545442,3
0.1052739397,0.07005950063,-0.04688642547,-0.005770696793,1
0.1052739397,0.07202953845,-0.04851065949,-0.009856529534,1
0.1052739397,0.07399957627,-0.04794650152,-0.01301127393,1
0.1052739397,0.07596961409,-0.03732852638,-0.01305317599,1
0.1052739397,0.07793965936,-0.03751561791,-0.008125402033,1
0.1052739397,0.07990969718,-0.0408113189,-0.005953683984,1
0.1052739397,0.08187973499,-0.04985566065,-0.006039099768,1
0.1052739397,0.08384977281,-0.05869579315,-0.004369423725,1
0.1052739397,0.08581981063,-0.05467994139,-0.007509438321,1
0.1052739397,0.08778984845,-0.04916990176,-0.008063562214,1
0.1052739397,0.08975988626,-0.04037903994,-0.01308853365,1
0.1052739397,0.09172992408,-0.03260314465,-0.01814511605,1
0.1052739397,0.0936999619,-0.02672318183,-0.01324498001,1
0.1052739397,0.09567000717,-0.02396393195,-0.005246587563,1
0.1052739397,0.09764004499,-0.02619349398,-0.001984899631,1
0.1052739397,0.09961008281,-0.03814471513,0.00055196631,1
0.1052739397,0.1015801206,-0.04222683236,-0.00608768966,1
0.1052739397,0.1035501584,-0.0364315249,-0.005187704228,1
0.1052739397,0.1055201963,-0.01922513172,-0.00521993544,1
0.1052739397,0.1074902341,-0.01439560764,-0.004373890348,1
0.1052739397,0.1094602719,-0.01230396144,-0.001367691555,1
0.1052739397,0.1114303172,-0.01033995021,-0.0006310211611,1
0.1052739397,0.113400355,-0.008764863014,-0.001410246477,1
0.1052739397,0.1153703928,-0.007561372127,-0.001693573664,1
0.1052739397,0.1173404306,5.464812602e-06,-0.002148092259,1
0.1072439849,0.04838907719,-0.008175282739,0.0007874165312,1
0.1072439849,0.050359115,0.005165462848,0.007782359142,1
0.1072439849,0.05232915282,-0.003957600798,0.005880862009,1
0.1072439849,0.05429919064,-0.008290972561,0.004867004231,1
0.1072439849,0.05626922846,-0.02759883739,-0.01016562432,1
0.1072439849,0.05823927,-0.03976845741,-0.007349246647,1
0.1072439849,0.06020930782,-0.04397173598,-0.004154226277,1
0.1072439849,0.06217934564,-0.04465509206,-0.003050036496,1
0.1072439849,0.06414938718,-0.04091620445,-0.007621685043,1
0.1072439849,0.066119425,-0.04325544089,-0.009328405373,1
0.1072439849,0.06808946282,-0.04489545897,-0.008095764555,1
0.1072439849,0.07005950063,-0.04631330073,-0.0002276030573,1
0.1072439849,0.07202953845,-0.0466594249,0.0001816079166,1
0.1072439849,0.07399957627,-0.04572969675,-0.005424875766,1
0.1072439849,0.07596961409,-0.03921617195,-0.01083692536,1
0.1072439849,0.07793965936,-0.03741393238,-0.007167245727,1
0.1072439849,0.07990969718,-0.0453912802,-0.0008280529873,1
0.1072439849,0.08187973499,-0.04937031493,-0.0002357232152,1
0.1072439849,0.08384977281,-0.05258058384,0.00172372302,1
0.1072439849,0.08581981063,-0.0530087091,0.000433651614,2
0.1072439849,0.08778984845,-0.05595325306,0.003859808668,1
0.1072439849,0.08975988626,-0.04155355692,-0.01628020965,1
0.1072439849,0.09172992408,-0.03175090998,-0.0198860392,1
0.1072439849,0.0936999619,-0.02814816311,-0.01852420904,1
0.1072439849,0.09567000717,-0.02949955314,-0.01176025532,1
0.1072439849,0.09764004499,-0.0336987488,-0.006435230374,1
0.1072439849,0.09961008281,-0.03654369712,0.00495997211,1
0.1072439849,0.1015801206,-0.04082145169,0.005732942373,1
0.1072439849,0.1035501584,-0.03765283525,0.005928121507,1
0.1072439849,0.1055201963,-0.01843364164,-0.0002666907967,1
0.1072439849,0.1074902341,-0.01031938568,-0.003530086949,1
0.1072439849,0.1094602719,-0.009907254018,0.001008648775,1
0.1072439849,0.1114303172,-0.009653546847,0.0005973991356,1
0.1072439849,0.113400355,-0.008681107312,0.0006176068564,1
0.1072439849,0.1153703928,-0.006781517062,-0.000322730426,1
0.1072439849,0.1173404306,-0.00114794448,-0.004982450046,1
0.1092140228,0.04838907719,0.009906943887,0.007500713691,1
0.1092140228,0.050359115,-0.0002277888998,0.003400869668,1
0.1092140228,0.05232915282,-0.01233390998,-0.001209445531,1
0.1092140228,0.05429919064,-0.01353942603,-0.000534460647,1
0.1092140228,0.05626922846,-0.02858019993,-0.004140702542,2
0.1092140228,0.05823927,-0.04306725785,-0.004724867642,1
0.1092140228,0.06020930782,-0.04259572178,-0.002562920097,1
0.1092140228,0.06217934564,-0.04991631582,-0.00320933247,1
0.1092140228,0.06414938718,-0.04398749024,-0.005056647584,1
0.1092140228,0.066119425,-0.04126556218,-0.006211929489,1
0.1092140228,0.06808946282,-0.04230317101,-0.002644399181,1
0.1092140228,0.07005950063,-0.04392328486,-0.000516659522,1
0.1092140228,0.07202953845,-0.04404667392,-0.001669644262,1
0.1092140228,0.07399957627,-0.0418796353,-0.007929717191,1
0.1092140228,0.07596961409,-0.03803526238,-0.01037380565,1
0.1092140228,0.07793965936,-0.03515274823,-0.007831529714,1
0.1092140228,0.07990969718,-0.04499005154,-0.004239983857,1
0.1092140228,0.08187973499,-0.04471358657,-0.00255266251,1
0.1092140228,0.08384977281,-0.04201563075,-0.00183444377,1
0.1092140228,0.08581981063,-0.04882105067,0.003660512855,1
0.1092140228,0.08778984845,-0.05402680114,0.004447076004,1
0.1092140228,0.08975988626,-0.04747708887,-0.005557465367,1
0.1092140228,0.09172992408,-0.03598613292,-0.01308346912,1
0.1092140228,0.0936999619,-0.03487144783,-0.01320384163,1
0.1092140228,0.09567000717,-0.03638391197,-0.009747638367,1
0.1092140228,0.09764004499,-0.03810048103,-0.002499727067,1
0.1092140228,0.09961008281,-0.0378864482,0.01048281603,1
0.1092140228,0.1015801206,-0.03560519964,0.01524639968,1
0.1092140228,0.1035501584,-0.03125866875,0.01528203115,1
0.1092140228,0.1055201963,-0.03683602437,0.006848236546,1
0.1092140228,0.1074902341,-0.03525535017,0.005670708604,1
0.1092140228,0.1094602719,-0.01821912453,0.001574074035,1
0.1092140228,0.1114303172,-0.009343850426,-0.0002199458249,1
0.1092140228,0.113400355,-0.00692525832,0.002071474912,1
0.1092140228,0.1153703928,-0.005252966657,0.002332411008,1
0.1092140228,0.1173404306,-0.0007877459284,-0.002451441949,1
0.1111840606,0.04838907719,0.01022864506,0.008482202888,2
0.1111840606,0.050359115,0.006941395346,0.006497775204,1
0.1111840606,0.05232915282,-0.01134514157,0.001410520519,1
0.1111840606,0.05429919064,-0.01745496318,0.004730125889,3
0.1111840606,0.05626922846,-0.03011527658,-0.001137857675,2
0.1111840606,0.05823927,-0.04341264442,-0.005696937442,1
0.1111840606,0.06020930782,-0.04326378554,-0.002505879151,1
0.1111840606,0.06217934564,-0.04727494717,-0.002359269187,1
0.1111840606,0.06414938718,-0.04377013445,-0.005114653613,1
0.1111840606,0.066119425,-0.04083316028,-0.00664480729,1
0.1111840606,0.06808946282,-0.04092515633,-0.002188891405,1
0.1111840606,0.07005950063,-0.04123741016,-0.001533321221,1
0.1111840606,0.07202953845,-0.04030804709,-0.005587405059,2
0.1111840606,0.07399957627,-0.03938538581,-0.01386572886,1
0.1111840606,0.07596961409,-0.04150896892,-0.01174241956,1
0.1111840606,0.07793965936,-0.04189454764,-0.007368291263,1
0.1111840606,0.07990969718,-0.04419540614,-0.003482726868,1
0.1111840606,0.08187973499,-0.04291305318,0.001166775124,1
0.1111840606,0.08384977281,-0.04266388342,0.002505818382,1
0.1111840606,0.08581981063,-0.04562401026,0.002550478326,1
0.1111840606,0.08778984845,-0.05396863818,0.005294438917,1
0.1111840606,0.08975988626,-0.05261525884,0.0004439510813,1
0.1111840606,0.09172992408,-0.0448788479,-0.004926478025,1
0.1111840606,0.0936999619,-0.04137399793,-0.00531969266,1
0.1111840606,0.09567000717,-0.04272558168,-0.004850949161,1
0.1111840606,0.09764004499,-0.04674990475,0.0004369265225,1
0.1111840606,0.09961008281,-0.03703925014,0.01738329791,1
0.1111840606,0.1015801206,-0.03369302675,0.01907969266,1
0.1111840606,0.1035501584,-0.0326379016,0.01862983406,1
0.1111840606,0.1055201963,-0.04347901791,0.013765499,1
0.1111840606,0.1074902341,-0.04545615986,0.01868725009,1
0.1111840606,0.1094602719,-0.02845803462,0.01038566045,2
0.1111840606,0.1114303172,-0.01644862629,0.004597200546,2
0.1111840606,0.113400355,-0.006906489376,0.003997699823,1
0.1111840606,0.1153703928,-0.005079865456,0.006094216369,1
0.1111840606,0.1173404306,-0.002264819108,0.002028224058,1
0.1131540984,0.04838907719,0.0138375964,0.01144811977,1
0.1131540984,0.050359115,0.00730113592,0.006883559283,1
0.1131540984,0.05232915282,-0.007030678447,0.007207995281,1
0.1131540984,0.05429919064,-0.0112034753,0.01298283786,1
0.1131540984,0.05626922846,-0.03101330251,0.000556083105,1
0.1131540984,0.05823927,-0.03983605281,-0.005600803532,1
0.1131540984,0.06020930782,-0.0429350175,-0.003938881215,1
0.1131540984,0.06217934564,-0.04132742807,-0.002569278935,1
0.1131540984,0.06414938718,-0.04261010885,-0.005365945399,1
0.1131540984,0.066119425,-0.04477868229,-0.008219979703,1
0.1131540984,0.06808946282,-0.04365793243,-0.008415901102,1
0.1131540984,0.07005950063,-0.03366465494,-0.007298348937,1
0.1131540984,0.07202953845,-0.03656271473,-0.005280926358,1
0.1131540984,0.07399957627,-0.04028686136,-0.004815501161,1
0.1131540984,0.07596961409,-0.04215228558,-0.007910921238,1
0.1131540984,0.07793965936,-0.03750955313,-0.009423597716,1
0.1131540984,0.07990969718,-0.04080770165,-0.0001871140266,1
0.1131540984,0.08187973499,-0.04214213043,0.003614651272,1
0.1131540984,0.08384977281,-0.04304749519,0.005607756786,1
0.1131540984,0.08581981063,-0.04601433128,0.007696181536,1
0.1131540984,0.08778984845,-0.04728519544,0.006278215908,1
0.1131540984,0.08975988626,-0.04717487097,0.002237742068,1
0.1131540984,0.09172992408,-0.04536770657,-0.001318735071,1
0.1131540984,0.0936999619,-0.04280716553,0.0006710015005,1
0.1131540984,0.09567000717,-0.05508618429,-0.00446696952,1
0.1131540984,0.09764004499,-0.04957482964,0.005606538616,1
0.1131540984,0.09961008281,-0.03960985318,0.02145579271,1
0.1131540984,0.1015801206,-0.03905518353,0.02190474048,1
0.1131540984,0.1035501584,-0.04149376228,0.01899237186,1
0.1131540984,0.1055201963,-0.02887153625,0.0280274637,1
0.1131540984,0.1074902341,-0.04214889929,0.02164768614,1
0.1131540984,0.1094602719,-0.03370822594,0.0166841168,1
0.1131540984,0.1114303172,-0.02108613402,0.004225387238,1
0.1131540984,0.113400355,-0.004517006222,0.004065049812,1
0.1131540984,0.1153703928,-0.005161000881,0.006564694922,1
0.1131540984,0.1173404306,-0.006765894126,0.007154018618,1
0.1151241362,0.04838907719,0.008999987505,0.005398029927,1
0.1151241362,0.050359115,0.003050367814,0.009141356684,1
0.1151241362,0.05232915282,-0.00511766877,0.01240972895,1
0.1151241362,0.05429919064,-0.0102152722,0.008333830163,2
0.1151241362,0.05626922846,-0.01941652969,0.003276420292,1
0.1151241362,0.05823927,-0.033873979,-0.005632285029,1
0.1151241362,0.06020930782,-0.04606863111,-0.007743664086,1
0.1151241362,0.06217934564,-0.04893072322,-0.008170422167,1
0.1151241362,0.06414938718,-0.04858069122,-0.00658103032,1
0.1151241362,0.066119425,-0.04620769247,-0.00767324958,1
0.1151241362,0.06808946282,-0.04373603314,-0.007202823181,1
0.1151241362,0.07005950063,-0.03722646832,-0.006508835126,1
0.1151241362,0.07202953845,-0.03968912736,-0.003777083009,1
0.1151241362,0.07399957627,-0.04097438231,-0.003627853468,1
0.1151241362,0.07596961409,-0.04102404416,-0.005331253167,1
0.1151241362,0.07793965936,-0.03281497955,-0.000732152781,1
0.1151241362,0.07990969718,-0.03679867834,0.00304373214,1
0.1151241362,0.08187973499,-0.04185828194,0.004323655739,1
0.1151241362,0.08384977281,-0.04465360194,0.005968607496,2
0.1151241362,0.08581981063,-0.0389601551,0.01034556795,1
0.1151241362,0.08778984845,-0.04285120592,0.005141045433,1
0.1151241362,0.08975988626,-0.04501453787,0.00273295911,1
0.1151241362,0.09172992408,-0.04423642159,0.001475678175,1
0.1151241362,0.0936999619,-0.04455514997,0.002119844779,1
0.1151241362,0.09567000717,-0.04925516248,0.002381626982,2
0.1151241362,0.09764004499,-0.04821850732,0.009973136708,2
0.1151241362,0.09961008281,-0.04028357565,0.02154849656,1
0.1151241362,0.1015801206,-0.0380949378,0.02342421561,1
0.1151241362,0.1035501584,-0.03797756881,0.0236717388,1
0.1151241362,0.1055201963,-0.03805192932,0.02137263864,1
0.1151241362,0.1074902341,-0.03951231763,0.0194587335,1
0.1151241362,0.1094602719,-0.03009199724,0.01639514603,1
0.1151241362,0.1114303172,-0.01662446186,0.01141560543,1
0.1151241362,0.113400355,-0.001855792245,0.006170122419,1
0.1151241362,0.1153703928,-0.0002502258867,0.005567674059,1
0.1151241362,0.1173404306,-0.002821157454,0.006510122679,1
0.117094174,0.04838907719,0.004413768183,0.002912406111,1
0.117094174,0.050359115,-8.73326353e-05,0.007763319183,1
0.117094174,0.05232915282,-0.003303011646,0.01068252418,1
0.117094174,0.05429919064,-0.005123411305,0.004666334484,1
0.117094174,0.05626922846,-0.01344623975,0.003014342161,1
0.117094174,0.05823927,-0.02856922336,-0.003148304764,1
0.117094174,0.06020930782,-0.04166766256,-0.01348387077,1
0.117094174,0.06217934564,-0.04234488308,-0.0166210942,1
0.117094174,0.06414938718,-0.04721869528,-0.0108888438,1
0.117094174,0.066119425,-0.04763125628,-0.009787244722,1
0.117094174,0.06808946282,-0.0478473492,-0.007047482766,1
0.117094174,0.07005950063,-0.04805127531,-0.003870834829,1
0.117094174,0.07202953845,-0.04469048977,-0.006137546618,1
0.117094174,0.07399957627,-0.04224951938,-0.008684017695,1
0.117094174,0.07596961409,-0.03919754177,-0.00510697253,1
0.117094174,0.07793965936,-0.03083282709,0.001996794948,1
0.117094174,0.07990969718,-0.03790462017,0.003669572528,1
0.117094174,0.08187973499,-0.04942166433,0.005906505976,1
0.117094174,0.08384977281,-0.05474847555,0.003597449744,1
0.117094174,0.08581981063,-0.04233369976,0.008850046434,3
0.117094174,0.08778984845,-0.04499318823,0.0002301717614,1
0.117094174,0.08975988626,-0.04615415633,-0.0002299025946,1
0.117094174,0.09172992408,-0.05097676814,-0.00128828513,1
0.117094174,0.0936999619,-0.05292791873,-0.00326354499,1
0.117094174,0.09567000717,-0.0491608046,0.001900495612,1
0.117094174,0.09764004499,-0.05376045778,0.01035588607,1
0.117094174,0.09961008281,-0.04675462469,0.01596887037,1
0.117094174,0.1015801206,-0.03785237297,0.0174629204,1
0.117094174,0.1035501584,-0.03457476571,0.0146853691,1
0.117094174,0.1055201963,-0.0336176306,0.008917846717,1
0.117094174,0.1074902341,-0.03405056149,0.01154917665,1
0.117094174,0.1094602719,-0.02608815022,0.01059344411,1
0.117094174,0.1114303172,-0.01630952768,0.008537512273,1
0.117094174,0.113400355,-0.001282994286,0.008068745025,1
0.117094174,0.1153703928,-9.995146684e-05,0.002951869043,1
0.117094174,0.1173404306,-0.001016555587,0.0005237245932,1
0.1190642118,0.04838907719,-0.008254831657,0.0007295177202,1
0.1190642118,0.050359115,-0.005936339963,0.003857630771,1
0.1190642118,0.05232915282,-0.004730560351,0.00862706732,1
0.1190642118,0.05429919064,-0.004633104429,0.008587671444,1
0.1190642118,0.05626922846,-0.01079384517,0.003310000524,1
0.1190642118,0.05823927,-0.0250340458,-0.002637939295,1
0.1190642118,0.06020930782,-0.0353467688,-0.007543741725,1
0.1190642118,0.06217934564,-0.03908734396,-0.007702143863,1
0.1190642118,0.06414938718,-0.04489408061,-0.009190835059,1
0.1190642118,0.066119425,-0.04823318869,-0.01326499507,1
0.1190642118,0.06808946282,-0.05175797641,-0.009403337725,1
0.1190642118,0.07005950063,-0.05341338739,-0.001990855439,1
0.1190642118,0.07202953845,-0.04904059693,-0.005581855774,1
0.1190642118,0.07399957627,-0.04634488001,-0.01419189014,1
0.1190642118,0.07596961409,-0.03746908158,-0.008625375107,1
0.1190642118,0.07793965936,-0.03562736139,-0.005014363211,1
0.1190642118,0.07990969718,-0.04610351101,-0.01446559746,1
0.1190642118,0.08187973499,-0.03137461469,-0.001018724055,1
0.1190642118,0.08384977281,-0.04350956529,-0.003719822736,1
0.1190642118,0.08581981063,-0.0512868464,-0.0003915452398,1
0.1190642118,0.08778984845,-0.04650459439,0.0001360633178,1
0.1190642118,0.08975988626,-0.04759776592,-0.0005599352298,1
0.1190642118,0.09172992408,-0.05281290784,-0.003231763374,1
0.1190642118,0.0936999619,-0.05683123693,-0.005312501453,1
0.1190642118,0.09567000717,-0.06146998331,-0.0008208016516,1
0.1190642118,0.09764004499,-0.06204126775,0.003147769952,1
0.1190642118,0.09961008281,-0.05578257143,0.003575537587,1
0.1190642118,0.1015801206,-0.04694474488,-0.01530952565,1
0.1190642118,0.1035501584,-0.04033722356,-0.01876734197,1
0.1190642118,0.1055201963,-0.03209741041,-0.004677559249,1
0.1190642118,0.1074902341,-0.03289456666,0.002827605931,1
0.1190642118,0.1094602719,-0.02660646476,0.006117675919,1
0.1190642118,0.1114303172,-0.01749506965,0.003455179511,1
0.1190642118,0.113400355,-0.000476903544,0.004405624699,1
0.1190642118,0.1153703928,-0.001912047737,-0.002229131525,1
0.1190642118,0.1173404306,-0.002343734493,-0.0009986014338,1
0.1210342497,0.04838907719,-0.006826422643,0.003135794541,2
0.1210342497,0.050359115,-0.009158523753,0.002728248015,1
0.1210342497,0.05232915282,-0.005307143554,0.007140676957,1
0.1210342497,0.05429919064,-0.006727099884,0.009025334381,1
0.1210342497,0.05626922846,-0.009478812106,0.00301087671,1
0.1210342497,0.05823927,-0.0192108117,-0.001006931183,1
0.1210342497,0.06020930782,-0.02680923603,0.002367040608,1
0.1210342497,0.06217934564,-0.03388029337,-0.0007956018671,1
0.1210342497,0.06414938718,-0.04082224146,-0.003013122361,1
0.1210342497,0.066119425,-0.0467912294,-0.01954013109,1
0.1210342497,0.06808946282,-0.04839852825,-0.01981463283,1
0.1210342497,0.07005950063,-0.05171921104,-0.01025132462,3
0.1210342497,0.07202953845,-0.05017410219,-0.02296091616,1
0.1210342497,0.07399957627,-0.04889509082,-0.01684411056,2
0.1210342497,0.07596961409,-0.04440901428,-0.01224545576,1
0.1210342497,0.07793965936,-0.04147662967,-0.005337320734,1
0.1210342497,0.07990969718,-0.04763202742,-0.004015191924,1
0.1210342497,0.08187973499,-0.03965477273,-0.001959727611,1
0.1210342497,0.08384977281,-0.04660702869,-0.002063859021,1
0.1210342497,0.08581981063,-0.04983648658,-0.0008802936645,1
0.1210342497,0.08778984845,-0.04630029202,0.003091058461,1
0.1210342497,0.08975988626,-0.04749858752,0.0004567206197,1
0.1210342497,0.09172992408,-0.05349528417,-0.004087109119,1
0.1210342497,0.0936999619,-0.05993467569,-0.005589305423,1
0.1210342497,0.09567000717,-0.06208718941,-0.005317862611,1
0.1210342497,0.09764004499,-0.0601651147,-0.004980080761,1
0.1210342497,0.09961008281,-0.05329807103,-0.005451015662,1
0.1210342497,0.1015801206,-0.04411946982,-0.0145958662,1
0.1210342497,0.1035501584,-0.03841391206,-0.01208237838,2
0.1210342497,0.1055201963,-0.03345049545,-0.006430800539,1
0.1210342497,0.1074902341,-0.0341826193,-0.001147402101,1
0.1210342497,0.1094602719,-0.02133558877,0.004963557702,2
0.1210342497,0.1114303172,-0.01542439684,0.005614371505,1
0.1210342497,0.113400355,-0.0007349033258,0.003154235194,1
0.1210342497,0.1153703928,-0.003835724201,-0.003344741883,1
0.1210342497,0.1173404306,-0.0005653813132,-0.002780635841,1
0.1230042875,0.04838907719,-0.003065912286,0.005949617829,1
0.1230042875,0.050359115,-0.004089925904,0.004983310122,1
0.1230042875,0.05232915282,-0.004270718899,0.006067476235,1
0.1230042875,0.05429919064,-0.00526879495,0.005282943137,1
0.1230042875,0.05626922846,-0.008864917792,-0.002337100217,1
0.1230042875,0.05823927,-0.01950514503,-0.002135582734,1
0.1230042875,0.06020930782,-0.02474224754,0.001593036228,1
0.1230042875,0.06217934564,-0.02805412374,0.001752494136,1
0.1230042875,0.06414938718,-0.04102576897,0.01020489167,1
0.1230042875,0.066119425,-0.04248142615,-0.006705615669,1
0.1230042875,0.06808946282,-0.04573310167,-0.01025862526,1
0.1230042875,0.07005950063,-0.05524409562,-0.009747453034,1
0.1230042875,0.07202953845,-0.0576162748,-0.01779692248,1
0.1230042875,0.07399957627,-0.05465235561,-0.01797817834,1
0.1230042875,0.07596961409,-0.0582420975,-0.01072679646,1
0.1230042875,0.07793965936,-0.05539840832,-0.005133558065,1
0.1230042875,0.07990969718,-0.04888221994,0.0005839053192,1
0.1230042875,0.08187973499,-0.05463188142,0.002557165455,1
0.1230042875,0.08384977281,-0.05024010688,0.001561011421,1
0.1230042875,0.08581981063,-0.04426300153,0.0005693331477,1
0.1230042875,0.08778984845,-0.03935131431,0.003021591576,1
0.1230042875,0.08975988626,-0.04473205283,0.005110741127,1
0.1230042875,0.09172992408,-0.04646613076,0.002687027212,1
0.1230042875,0.0936999619,-0.05277664959,-0.001896150876,1
0.1230042875,0.09567000717,-0.05892542005,-0.005987767596,1
0.1230042875,0.09764004499,-0.0537516959,-0.007922057994,1
0.1230042875,0.09961008281,-0.04886927828,-0.008033633232,1
0.1230042875,0.1015801206,-0.03833029419,-0.00986923743,1
0.1230042875,0.1035501584,-0.0357484594,-0.008535505272,1
0.1230042875,0.1055201963,-0.02703933418,-0.00479488913,1
0.1230042875,0.1074902341,-0.01700571924,0.001409191405,1
0.1230042875,0.1094602719,-0.009128875099,0.009269585833,1
0.1230042875,0.1114303172,-0.002449925756,0.01687526144,1
0.1230042875,0.113400355,0.0006795225781,0.01179634221,1
0.1230042875,0.1153703928,-0.0004166741273,-0.001865916885,1
0.1230042875,0.1173404306,0.001614130451,-0.001240961603,1
0.1249743327,0.04838907719,0.003170562675,0.007521060761,1
0.1249743327,0.050359115,-0.001627659076,0.006122687832,1
0.1249743327,0.05232915282,-0.0050629084,0.003573882394,1
0.1249743327,0.05429919064,-0.006613358855,0.002763485769,1
0.1249743327,0.05626922846,-0.01450680662,-0.003764454508,1
0.1249743327,0.05823927,-0.02087248862,-0.003848772962,1
0.1249743327,0.06020930782,-0.02753568999,-0.0002109413326,1
0.1249743327,0.06217934564,-0.03693687543,-0.005352729466,1
0.1249743327,0.06414938718,-0.0383354947,-0.0034348669,1
0.1249743327,0.066119425,-0.04059422016,-0.004861010704,1
0.1249743327,0.06808946282,-0.04649905488,-0.007224295288,1
0.1249743327,0.07005950063,-0.053411562,-0.001224984648,1
0.1249743327,0.07202953845,-0.0601436235,-0.001505994936,1
0.1249743327,0.07399957627,-0.07520724833,-0.001912638661,1
0.1249743327,0.07596961409,-0.07488818467,-0.006292322651,1
0.1249743327,0.07793965936,-0.0702617541,-0.009379044175,1
0.1249743327,0.07990969718,-0.06375074387,-0.004926014226,1
0.1249743327,0.08187973499,-0.05760410801,0.0003011679801,1
0.1249743327,0.08384977281,-0.05064528435,-0.003170570824,1
0.1249743327,0.08581981063,-0.04227415472,-0.003283166094,1
0.1249743327,0.08778984845,-0.03026943654,0.0008656783029,1
0.1249743327,0.08975988626,-0.03635428846,0.002259373898,2
0.1249743327,0.09172992408,-0.03795821592,0.006934558507,1
0.1249743327,0.0936999619,-0.04567061365,-0.002064704429,1
0.1249743327,0.09567000717,-0.04931623489,-0.00328386738,1
0.1249743327,0.09764004499,-0.04864531383,0.002838663291,1
0.1249743327,0.09961008281,-0.04603283852,0.0003750110045,1
0.1249743327,0.1015801206,-0.03365301341,-0.008158015087,1
0.1249743327,0.1035501584,-0.02880991064,-0.002435603412,1
0.1249743327,0.1055201963,-0.02072565258,0.001245561638,1
0.1249743327,0.1074902341,-0.01509896666,0.003014373593,1
0.1249743327,0.1094602719,-0.01154495589,0.0008138823323,1
0.1249743327,0.1114303172,-0.003796293167,0.0100679528,1
0.1249743327,0.113400355,0.0007867419044,0.00981268473,1
0.1249743327,0.1153703928,0.007150714751,0.004989006091,1
0.1249743327,0.1173404306,0.007027382031,0.003705789801,1
0.1269443631,0.04838907719,0.004789045546,0.005780984182,1
0.1269443631,0.050359115,-0.0007730283542,0.005172337871,1
0.1269443631,0.05232915282,-0.005314134527,0.002594620222,1
0.1269443631,0.05429919064,-0.004764342681,0.002366791479,1
0.1269443631,0.05626922846,-0.01443156693,-0.00299774739,1
0.1269443631,0.05823927,-0.01964823157,-0.003357760841,1
0.1269443631,0.06020930782,-0.02521674335,0.000438942021,1
0.1269443631,0.06217934564,-0.03157200664,-0.004914040677,1
0.1269443631,0.06414938718,-0.02910568938,-0.00517184101,1
0.1269443631,0.066119425,-0.03235717863,-0.001474885968,1
0.1269443631,0.06808946282,-0.04748203605,-0.0006902291789,1
0.1269443631,0.07005950063,-0.0507697463,0.003901375923,1
0.1269443631,0.07202953845,-0.05607038736,0.002624130808,1
0.1269443631,0.07399957627,-0.07797691226,-0.00218658126,1
0.1269443631,0.07596961409,-0.0740250349,-0.001239678939,1
0.1269443631,0.07793965936,-0.06938757002,-0.009872529656,1
0.1269443631,0.07990969718,-0.06504458189,-0.008210359141,1
0.1269443631,0.08187973499,-0.05964050442,-0.00940148253,1
0.1269443631,0.08384977281,-0.04749532044,-0.0155454576,1
0.1269443631,0.08581981063,-0.03777497634,-0.01136548538,1
0.1269443631,0.08778984845,-0.02984450758,-0.00440052012,1
0.1269443631,0.08975988626,-0.03245744482,-0.003873482114,1
0.1269443631,0.09172992408,-0.03529854491,-0.006268118042,1
0.1269443631,0.0936999619,-0.04095941037,-0.003817693098,1
0.1269443631,0.09567000717,-0.03967989981,-0.003528130939,1
0.1269443631,0.09764004499,-0.04544125125,0.003703533905,1
0.1269443631,0.09961008281,-0.04398950562,0.005619948264,1
0.1269443631,0.1015801206,-0.02286156639,-0.002564369934,1
0.1269443631,0.1035501584,-0.02331186458,0.003938607406,1
0.1269443631,0.1055201963,-0.01820617169,0.006260807626,1
0.1269443631,0.1074902341,-0.01365413889,0.003545732005,1
0.1269443631,0.1094602719,-0.01074007526,-0.001429323573,1
0.1269443631,0.1114303172,-0.006250990555,-0.004149660002,1
0.1269443631,0.113400355,-0.001254208037,-0.005251417402,1
0.1269443631,0.1153703928,0.003598110983,-0.003254855983,1
0.1269443631,0.1173404306,0.006542446557,0.002928612987,1
0.1289144009,0.04838907719,0.0002473151544,0.002044328023,1
0.1289144009,0.050359115,-0.001551890979,0.003608684754,1
0.1289144009,0.05232915282,-0.001443104236,0.004222748335,1
0.1289144009,0.05429919064,-0.002459638752,0.004682831466,1
0.1289144009,0.05626922846,-0.007826733403,0.003261338221,1
0.1289144009,0.05823927,-0.01267548278,0.002217660658,1
0.1289144009,0.06020930782,-0.01642752998,0.001888654195,1
0.1289144009,0.06217934564,-0.01410086546,0.001087049488,1
0.1289144009,0.06414938718,-0.01985161006,0.002589978278,1
0.1289144009,0.066119425,-0.0312002711,-0.009170367382,1
0.1289144009,0.06808946282,-0.04263253137,-0.01461705938,1
0.1289144009,0.07005950063,-0.05052328482,-0.01473833155,1
0.1289144009,0.07202953845,-0.05440923944,-0.01260713767,1
0.1289144009,0.07399957627,-0.06536991894,-0.008467017673,1
0.1289144009,0.07596961409,-0.0698851645,-0.005281031597,1
0.1289144009,0.07793965936,-0.06200923026,-0.0069832718,1
0.1289144009,0.07990969718,-0.0579027757,-0.01193836238,1
0.1289144009,0.08187973499,-0.05766778439,-0.02239402942,1
0.1289144009,0.08384977281,-0.04637139663,-0.01902513206,1
0.1289144009,0.08581981063,-0.03611820191,-0.01447262242,1
0.1289144009,0.08778984845,-0.02968396433,-0.003305227961,1
0.1289144009,0.08975988626,-0.03255002201,-0.002655662829,2
0.1289144009,0.09172992408,-0.03556955606,-0.005183518399,2
0.1289144009,0.0936999619,-0.04158364236,-0.006535981316,1
0.1289144009,0.09567000717,-0.03684964776,0.0004900292261,1
0.1289144009,0.09764004499,-0.03905103728,0.01079880726,1
0.1289144009,0.09961008281,-0.03839049488,0.004612677265,1
0.1289144009,0.1015801206,-0.0230433736,-0.006547618192,1
0.1289144009,0.1035501584,-0.02148965932,-0.0007135442575,1
0.1289144009,0.1055201963,-0.01757989638,0.004284444265,1
0.1289144009,0.1074902341,-0.01073375624,0.002922137966,1
0.1289144009,0.1094602719,-0.00787671376,-0.002935894765,1
0.1289144009,0.1114303172,-0.005606284365,-0.006186135579,1
0.1289144009,0.113400355,-0.00246943254,-0.006253901403,1
0.1289144009,0.1153703928,5.18681627e-05,-0.005640038289,1
0.1289144009,0.1173404306,0.002281088615,0.001549913315,1
0.1308844388,0.04838907719,-0.00224025175,0.001457482111,1
0.1308844388,0.050359115,0.0001887291291,0.00391614018,1
0.1308844388,0.05232915282,0.0002704219078,0.005936374422,1
0.1308844388,0.05429919064,-0.001728504896,0.01008046977,1
0.1308844388,0.05626922846,-0.005494935438,0.01214482263,1
0.1308844388,0.05823927,-0.006369607989,0.009079825133,1
0.1308844388,0.06020930782,-0.008402921259,0.007381859701,1
0.1308844388,0.06217934564,-0.01726439595,0.003353344742,1
0.1308844388,0.06414938718,-0.02843317948,9.982178017e-05,1
0.1308844388,0.066119425,-0.03009799309,-0.01169814263,1
0.1308844388,0.06808946282,-0.03911662102,-0.01325640734,1
0.1308844388,0.07005950063,-0.04418734834,-0.01184057817,1
0.1308844388,0.07202953845,-0.05729394406,-0.01068412885,1
0.1308844388,0.07399957627,-0.06334716827,-0.004752221517,1
0.1308844388,0.07596961409,-0.06590270251,7.562798419e-05,1
0.1308844388,0.07793965936,-0.05477559939,0.004259103909,1
0.1308844388,0.07990969718,-0.05344969034,-0.0008103652508,1
0.1308844388,0.08187973499,-0.05431646481,-0.01403459534,1
0.1308844388,0.08384977281,-0.04849499092,-0.02242470905,1
0.1308844388,0.08581981063,-0.04508482665,-0.01617482305,2
0.1308844388,0.08778984845,-0.04326059297,-0.007129843347,2
0.1308844388,0.08975988626,-0.03248913586,0.001739577157,1
0.1308844388,0.09172992408,-0.03284601122,-0.005274311174,1
0.1308844388,0.0936999619,-0.03477155417,-0.004570155405,1
0.1308844388,0.09567000717,-0.03555361181,-0.001805035979,1
0.1308844388,0.09764004499,-0.03213559464,0.007266253233,1
0.1308844388,0.09961008281,-0.03197116405,-0.01283401717,1
0.1308844388,0.1015801206,-0.02542036958,-0.01227902994,1
0.1308844388,0.1035501584,-0.02096585557,-0.00574177783,1
0.1308844388,0.1055201963,-0.0123005528,-0.002316848841,1
0.1308844388,0.1074902341,-0.006751050707,-0.001668384881,1
0.1308844388,0.1094602719,-0.005493772216,-0.004826801829,1
0.1308844388,0.1114303172,-0.003471196163,-0.005905445665,1
0.1308844388,0.113400355,-0.002537681023,-0.005277989898,1
0.1308844388,0.1153703928,-0.0007917235489,-0.005200436339,1
0.1308844388,0.1173404306,0.001715480234,0.0001602845878,1
0.1328544915,0.04838907719,-0.002567749005,0.001884045894,1
0.1328544915,0.050359115,-0.0006638185005,0.003801557468,1
0.1328544915,0.05232915282,-0.0009834744269,0.005869133398,1
0.1328544915,0.05429919064,-0.002862945432,0.01235520374,1
0.1328544915,0.05626922846,-0.007229262963,0.01349326596,1
0.1328544915,0.05823927,-0.007321822923,0.01093734801,1
0.1328544915,0.06020930782,-0.01126754563,0.00838621147,1
0.1328544915,0.06217934564,-0.01906964928,0.005955087021,1
0.1328544915,0.06414938718,-0.0258138366,0.007246149238,1
0.1328544915,0.066119425,-0.02763915807,0.01141554676,1
0.1328544915,0.06808946282,-0.03480144963,0.009876924567,1
0.1328544915,0.07005950063,-0.04293373227,-0.002004720969,1
0.1328544915,0.07202953845,-0.05710066482,-0.007451694459,1
0.1328544915,0.07399957627,-0.05964681879,-0.0006875139661,1
0.1328544915,0.07596961409,-0.05823615938,0.002752281027,1
0.1328544915,0.07793965936,-0.05838581547,0.005522876047,1
0.1328544915,0.07990969718,-0.05552762374,0.002267802134,1
0.1328544915,0.08187973499,-0.05144895613,-0.01110534742,1
0.1328544915,0.08384977281,-0.04899458587,-0.02018099837,1
0.1328544915,0.08581981063,-0.0524655208,-0.02067212202,1
0.1328544915,0.08778984845,-0.0657844469,-0.01077889837,1
0.1328544915,0.08975988626,-0.05120919645,-0.0007239498664,1
0.1328544915,0.09172992408,-0.03293114528,-0.004736130126,1
0.1328544915,0.0936999619,-0.03479066119,-0.005294136237,1
0.1328544915,0.09567000717,-0.0364805162,-0.01300369203,1
0.1328544915,0.09764004499,-0.03488477319,-0.01581691206,1
0.1328544915,0.09961008281,-0.03415292874,-0.0107105542,1
0.1328544915,0.1015801206,-0.02990342677,-0.0095692873,1
0.1328544915,0.1035501584,-0.02565917186,-0.01112041809,1
0.1328544915,0.1055201963,-0.009938402101,-0.005334241316,1
0.1328544915,0.1074902341,-0.003278283402,-0.002651405521,1
0.1328544915,0.1094602719,-0.001979069319,-0.003466819413,1
0.1328544915,0.1114303172,-0.002025274094,-0.004506953992,1
0.1328544915,0.113400355,-0.001633994165,-0.005756605882,1
0.1328544915,0.1153703928,-0.0006448625936,-0.005500730593,1
0.1328544915,0.1173404306,0.003099801252,-0.0002234628337,1
0.1348245293,0.04838907719,-0.0003658896894,0.005162029993,1
0.1348245293,0.050359115,-0.003147978801,0.002380524063,1
0.1348245293,0.05232915282,-0.001967266435,0.003852544585,1
0.1348245293,0.05429919064,-0.002854841296,0.004639085382,1
0.1348245293,0.05626922846,-0.007089896128,0.00866582524,1
0.1348245293,0.05823927,-0.009149747901,0.01045775134,1
0.1348245293,0.06020930782,-0.01384666935,0.008943193592,1
0.1348245293,0.06217934564,-0.02137371898,0.006423325744,1
0.1348245293,0.06414938718,-0.02835284546,0.005053206347,1
0.1348245293,0.066119425,-0.02924288251,0.008450803347,1
0.1348245293,0.06808946282,-0.03484533727,0.00963395834,1
0.1348245293,0.07005950063,-0.04035708308,-0.002931341762,1
0.1348245293,0.07202953845,-0.04775023833,-0.003048405983,1
0.1348245293,0.07399957627,-0.05238993093,0.002454290166,1
0.1348245293,0.07596961409,-0.05475450307,0.005613270681,1
0.1348245293,0.07793965936,-0.05905623734,0.006125457119,1
0.1348245293,0.07990969718,-0.05533367023,0.004532823339,1
0.1348245293,0.08187973499,-0.04511487111,-0.008150769398,1
0.1348245293,0.08384977281,-0.04574093595,-0.0167920813,1
0.1348245293,0.08581981063,-0.05653591454,-0.02083769627,1
0.1348245293,0.08778984845,-0.05738064274,-0.01216067653,1
0.1348245293,0.08975988626,-0.05406724662,0.002631787676,1
0.1348245293,0.09172992408,-0.04204118997,-0.008268131875,1
0.1348245293,0.0936999619,-0.04172654077,-0.01338013355,1
0.1348245293,0.09567000717,-0.03130341694,-0.01592287049,1
0.1348245293,0.09764004499,-0.02886028215,-0.01811749488,1
0.1348245293,0.09961008281,-0.02740938403,-0.01193736866,1
0.1348245293,0.1015801206,-0.02701779269,-0.01136504393,1
0.1348245293,0.1035501584,-0.02220195159,-0.01468740683,1
0.1348245293,0.1055201963,-0.0116398558,-0.009880584665,2
0.1348245293,0.1074902341,-0.003797075246,-0.005674225278,1
0.1348245293,0.1094602719,-0.0002546488249,-0.002433321206,1
0.1348245293,0.1114303172,-0.001606394653,-0.004944249056,1
0.1348245293,0.113400355,-0.001928777667,-0.005913901608,1
0.1348245293,0.1153703928,-0.000292387529,-0.004633563105,1
0.1348245293,0.1173404306,0.002145670354,-0.001050242456,2
0.1367945671,0.04838907719,0.001751997392,0.004296070896,1
0.1367945671,0.050359115,-0.003788781585,0.0009869936621,1
0.1367945671,0.05232915282,-0.002864562673,0.002510928083,1
0.1367945671,0.05429919064,-0.003000281751,0.002559005283,1
0.1367945671,0.05626922846,-0.004846844822,0.00631012395,1
0.1367945671,0.05823927,-0.007285846397,0.009434551001,1
0.1367945671,0.06020930782,-0.01239048503,0.01151001081,1
0.1367945671,0.06217934564,-0.0219392404,0.00480109686,1
0.1367945671,0.06414938718,-0.03024007007,-0.007642089855,1
0.1367945671,0.066119425,-0.03422698379,-0.005016110837,1
0.1367945671,0.06808946282,-0.03687089309,-0.001468717121,1
0.1367945671,0.07005950063,-0.037096221,-0.003495871089,1
0.1367945671,0.07202953845,-0.04235085472,0.001166435191,1
0.1367945671,0.07399957627,-0.04648916051,0.005983144976,1
0.1367945671,0.07596961409,-0.05006878078,0.01058609039,1
0.1367945671,0.07793965936,-0.05263618007,0.005498391576,1
0.1367945671,0.07990969718,-0.04888538271,0.004239656962,1
0.1367945671,0.08187973499,-0.04535157233,0.001527490444,1
0.1367945671,0.08384977281,-0.04715738446,-0.02151692472,1
0.1367945671,0.08581981063,-0.06848995388,-0.01001892146,1
0.1367945671,0.08778984845,-0.06576985866,-0.007171179168,1
0.1367945671,0.08975988626,-0.06911465526,-0.002062385902,1
0.1367945671,0.09172992408,-0.04434229434,0.0009880918078,1
0.1367945671,0.0936999619,-0.03019940481,-0.01074422337,1
0.1367945671,0.09567000717,-0.02989304811,-0.007814852521,1
0.1367945671,0.09764004499,-0.02260472998,-0.01576530933,1
0.1367945671,0.09961008281,-0.02005786821,-0.01773581654,1
0.1367945671,0.1015801206,-0.02002643794,-0.01695737429,1
0.1367945671,0.1035501584,-0.01411938667,-0.01547095925,1
0.1367945671,0.1055201963,-0.0106219938,-0.01382646523,1
0.1367945671,0.1074902341,-0.003727723612,-0.00778994849,1
0.1367945671,0.1094602719,-0.00107845047,-0.004775976297,1
0.1367945671,0.1114303172,-0.001098600565,-0.005074927118,1
0.1367945671,0.113400355,-0.00188695977,-0.005533670075,1
0.1367945671,0.1153703928,-0.001581431367,-0.004514998291,1
0.1367945671,0.1173404306,0.00362959737,0.001706298557,1
0.1387646049,0.04838907719,0.001836916897,0.003795135766,1
0.1387646049,0.050359115,-0.001236344571,0.001847367384,1
0.1387646049,0.05232915282,-0.002610153053,0.001634839457,1
0.1387646049,0.05429919064,-0.002822311129,0.002388893394,1
0.1387646049,0.05626922846,-0.00306096673,0.005003709346,1
0.1387646049,0.05823927,-0.004999461584,0.008150413632,1
0.1387646049,0.06020930782,-0.007417522836,0.007956758142,1
0.1387646049,0.06217934564,-0.01932804845,0.0008728547837,1
0.1387646049,0.06414938718,-0.02553273924,-0.003286564723,2
0.1387646049,0.066119425,-0.03095483035,-0.007419231348,1
0.1387646049,0.06808946282,-0.03296519816,-0.005488717929,1
0.1387646049,0.07005950063,-0.03874838725,-0.00525725726,1
0.1387646049,0.07202953845,-0.04154007137,0.003508811817,1
0.1387646049,0.07399957627,-0.04360207543,0.007028089836,1
0.1387646049,0.07596961409,-0.04514271393,0.008656802587,1
0.1387646049,0.07793965936,-0.0423807241,-0.001416928135,1
0.1387646049,0.07990969718,-0.04115511104,-0.00219919486,1
0.1387646049,0.08187973499,-0.04725536332,-0.0002933067444,1
0.1387646049,0.08384977281,-0.0665358156,-0.008714073338,1
0.1387646049,0.08581981063,-0.06760556996,-0.0186451152,1
0.1387646049,0.08778984845,-0.06512789428,-0.01955889724,1
0.1387646049,0.08975988626,-0.05287682265,-0.01457174681,1
0.1387646049,0.09172992408,-0.03919457272,-0.008253986016,1
0.1387646049,0.0936999619,-0.03254242241,-0.01217337139,3
0.1387646049,0.09567000717,-0.02657674812,0.002189659281,1
0.1387646049,0.09764004499,-0.01985889859,-0.004222432151,1
0.1387646049,0.09961008281,-0.0154823754,-0.0111742653,1
0.1387646049,0.1015801206,-0.01317894366,-0.01194395497,1
0.1387646049,0.1035501584,-0.007269305177,-0.01187003125,1
0.1387646049,0.1055201963,-0.005544664804,-0.006973201875,1
0.1387646049,0.1074902341,-0.003110311693,-0.006024539936,1
0.1387646049,0.1094602719,-0.0006605831441,-0.00577666983,1
0.1387646049,0.1114303172,-0.0008130799397,-0.004699217156,1
0.1387646049,0.113400355,-0.001781940693,-0.003868707689,1
0.1387646049,0.1153703928,-0.003105753567,-0.003192674369,1
0.1387646049,0.1173404306,-0.003146391595,0.0007821710315,1
0.1407346427,0.04838907719,-0.005523727741,0.00088159187,1
0.1407346427,0.050359115,-0.001531809685,0.003309606807,1
0.1407346427,0.05232915282,-0.002258501947,0.002054027049,1
0.1407346427,0.05429919064,-0.003754300764,0.002938362304,1
0.1407346427,0.05626922846,-0.004092942923,0.002737089992,1
0.1407346427,0.05823927,-0.006003024057,0.002664317144,1
0.1407346427,0.06020930782,-0.01081531309,0.004448730964,1
0.1407346427,0.06217934564,-0.01750246994,0.002192646731,1
0.1407346427,0.06414938718,-0.02160800993,0.001042207587,1
0.1407346427,0.066119425,-0.02192146331,-0.006020990666,1
0.1407346427,0.06808946282,-0.03380675241,-0.009312772192,1
0.1407346427,0.07005950063,-0.05320386216,-0.002437367337,1
0.1407346427,0.07202953845,-0.05726719275,0.0001729672658,3
0.1407346427,0.07399957627,-0.05463023856,-0.006237215362,2
0.1407346427,0.07596961409,-0.05358130485,-0.02265145257,1
0.1407346427,0.07793965936,-0.03353122249,-0.00818388816,1
0.1407346427,0.07990969718,-0.03075122833,-0.01589569077,1
0.1407346427,0.08187973499,-0.05003664643,-0.002508248668,1
0.1407346427,0.08384977281,-0.06552764028,-0.005456991959,1
0.1407346427,0.08581981063,-0.06754693389,-0.02147521265,1
0.1407346427,0.08778984845,-0.06291499734,-0.02351879515,1
0.1407346427,0.08975988626,-0.05691705272,-0.02097147889,1
0.1407346427,0.09172992408,-0.04532120004,-0.01363865379,1
0.1407346427,0.0936999619,-0.03721835837,-0.01100235898,2
0.1407346427,0.09567000717,-0.02789073996,0.001880894299,1
0.1407346427,0.09764004499,-0.02376046591,-0.001579266624,1
0.1407346427,0.09961008281,-0.01747903787,-0.004479516298,1
0.1407346427,0.1015801206,-0.01294921152,-0.003226670204,1
0.1407346427,0.1035501584,-0.00516653806,-0.007315945346,1
0.1407346427,0.1055201963,-0.003677140456,-0.005448667798,1
0.1407346427,0.1074902341,-0.001171909971,-0.004053862765,1
0.1407346427,0.1094602719,0.0006613652222,-0.004178602248,1
0.1407346427,0.1114303172,-0.000851800025,-0.003695557825,1
0.1407346427,0.113400355,-0.001818197547,-0.002822442213,1
0.1407346427,0.1153703928,-0.001155821956,-0.00114006782,1
0.1407346427,0.1173404306,-0.004837376531,0.0003864168539,1
0.1427046806,0.04838907719,-0.00426329812,0.00455804728,1
0.1427046806,0.050359115,-0.003865302075,0.004265134688,1
0.1427046806,0.05232915282,-0.00216076686,0.003021385055,1
0.1427046806,0.05429919064,-0.003574797651,0.001828078879,1
0.1427046806,0.05626922846,-0.005394398235,0.0003842280712,1
0.1427046806,0.05823927,-0.009331657551,-0.0009240879444,1
0.1427046806,0.06020930782,-0.01491951104,-0.0003205110552,1
0.1427046806,0.06217934564,-0.01903165691,0.0003412892111,1
0.1427046806,0.06414938718,-0.02781079896,0.0008212543325,1
0.1427046806,0.066119425,-0.03096062504,-0.00408218801,2
0.1427046806,0.06808946282,-0.04279407859,-0.00495932484,2
0.1427046806,0.07005950063,-0.05806156993,-0.004350921139,2
0.1427046806,0.07202953845,-0.07765204459,-0.00467295479,1
0.1427046806,0.07399957627,-0.06407038122,-0.009498465806,2
0.1427046806,0.07596961409,-0.05535711348,-0.01579001732,2
0.1427046806,0.07793965936,-0.03432196751,-0.01610533148,1
0.1427046806,0.07990969718,-0.03472445533,-0.01466547512,1
0.1427046806,0.08187973499,-0.04695005342,-0.01396176033,2
0.1427046806,0.08384977281,-0.04757907987,-0.01423447672,1
0.1427046806,0.08581981063,-0.0645134896,-0.002681406215,1
0.1427046806,0.08778984845,-0.06018593162,-0.01210811082,1
0.1427046806,0.08975988626,-0.05251109228,-0.01717918366,1
0.1427046806,0.09172992408,-0.04908106476,-0.01486320328,1
0.1427046806,0.0936999619,-0.04311907291,-0.02007830516,1
0.1427046806,0.09567000717,-0.03911226243,-0.00650476804,1
0.1427046806,0.09764004499,-0.03047460318,-0.00158154848,1
0.1427046806,0.09961008281,-0.02351758443,-0.00174721994,1
0.1427046806,0.1015801206,-0.02287994698,-0.00506830262,1
0.1427046806,0.1035501584,-0.01144182961,-0.005483201239,1
0.1427046806,0.1055201963,-0.00418245513,-0.004458432086,1
0.1427046806,0.1074902341,-0.000799413363,-0.005115205422,1
0.1427046806,0.1094602719,0.0006523842458,-0.004330289084,1
0.1427046806,0.1114303172,-0.001622606535,-0.002629783237,1
0.1427046806,0.113400355,-0.001639198978,-0.002171284286,1
0.1427046806,0.1153703928,-0.002695719711,-0.001320990268,1
0.1427046806,0.1173404306,-0.006478637923,0.0004728245258,1
0.1446747184,0.04838907719,-0.007937359624,0.003704760224,1
0.1446747184,0.050359115,-0.003468337469,0.003356235567,1
0.1446747184,0.05232915282,-0.001220007078,0.002434021095,1
0.1446747184,0.05429919064,-0.003055605572,0.0004458320618,1
0.1446747184,0.05626922846,-0.005197843537,-0.0005868555745,1
0.1446747184,0.05823927,-0.01287720632,-0.002867132891,1
0.1446747184,0.06020930782,-0.01935647428,-0.005426970311,1
0.1446747184,0.06217934564,-0.01561140269,-0.007287905086,1
0.1446747184,0.06414938718,-0.02437386662,-0.00699919695,1
0.1446747184,0.066119425,-0.03131615371,-0.006169689819,1
0.1446747184,0.06808946282,-0.04834737256,-0.002091419883,1
0.1446747184,0.07005950063,-0.05859630182,-0.005334035493,2
0.1446747184,0.07202953845,-0.07873694599,-0.01000435557,1
0.1446747184,0.07399957627,-0.06864213198,-0.01129367761,2
0.1446747184,0.07596961409,-0.06945479661,-0.01490481757,1
0.1446747184,0.07793965936,-0.07347368449,-0.01608701237,1
0.1446747184,0.07990969718,-0.07293020934,-0.01289412752,1
0.1446747184,0.08187973499,-0.05546002835,-0.02443884127,1
0.1446747184,0.08384977281,-0.05840533972,-0.004797288682,1
0.1446747184,0.08581981063,-0.06426407397,0.003475760575,1
0.1446747184,0.08778984845,-0.07840395719,0.01584518701,1
0.1446747184,0.08975988626,-0.05342991278,0.007197865751,3
0.1446747184,0.09172992408,-0.07700367272,0.006884782575,1
0.1446747184,0.0936999619,-0.0568870306,-0.001328695449,1
0.1446747184,0.09567000717,-0.05100077391,-0.003717828775,1
0.1446747184,0.09764004499,-0.03745079041,0.00161025126,2
0.1446747184,0.09961008281,-0.02827526629,0.003364022588,1
0.1446747184,0.1015801206,-0.01525308937,-0.002930368762,1
0.1446747184,0.1035501584,-0.008284879848,-0.006783224642,1
0.1446747184,0.1055201963,-0.007947064936,-0.004023084883,1
0.1446747184,0.1074902341,-0.002850282472,-0.005821824074,1
0.1446747184,0.1094602719,-0.001395779662,-0.004149313085,1
0.1446747184,0.1114303172,-0.002188196406,-0.001916944399,1
0.1446747184,0.113400355,-0.00247065234,-0.001617740025,1
0.1446747184,0.1153703928,-0.00391239766,-0.0006589164841,1
0.1446747184,0.1173404306,-0.00877877418,0.0003010616929,1
0.1466447562,0.04838907719,-0.007559357677,0.002492387546,1
0.1466447562,0.050359115,-0.003959242254,-0.0003897838178,1
0.1466447562,0.05232915282,-0.001477930928,-0.000713944668,1
0.1466447562,0.05429919064,-0.0008773428854,0.0005635930574,1
0.1466447562,0.05626922846,-0.002546343021,0.00131498964,1
0.1466447562,0.05823927,-0.01106094383,-0.002866081661,2
0.1466447562,0.06020930782,-0.02705729194,-0.008586240932,1
0.1466447562,0.06217934564,-0.0171607323,-0.008345326409,1
0.1466447562,0.06414938718,-0.02373558469,-0.008612994105,1
0.1466447562,0.066119425,-0.03912701085,0.003275520634,1
0.1466447562,0.06808946282,-0.04400920495,0.00258336775,1
0.1466447562,0.07005950063,-0.04923931509,-0.004889446311,1
0.1466447562,0.07202953845,-0.05646157637,-0.01203733683,1
0.1466447562,0.07399957627,-0.06230641156,-0.01076707244,1
0.1466447562,0.07596961409,-0.07128864527,-0.005744499154,1
0.1466447562,0.07793965936,-0.07315715402,-0.008823249489,1
0.1466447562,0.07990969718,-0.06987546384,-0.01375484094,1
0.1466447562,0.08187973499,-0.06902049482,-0.01058383938,1
0.1466447562,0.08384977281,-0.0640848726,-0.003384974087,1
0.1466447562,0.08581981063,-0.06359389424,0.001982147805,1
0.1466447562,0.08778984845,-0.06984320283,0.008984839544,1
0.1466447562,0.08975988626,-0.06746438891,0.009215920232,2
0.1466447562,0.09172992408,-0.06840956956,0.01389259379,1
0.1466447562,0.0936999619,-0.06378461421,0.01525139436,1
0.1466447562,0.09567000717,-0.04499608651,0.01785648987,1
0.1466447562,0.09764004499,-0.04005252197,0.008376359008,2
0.1466447562,0.09961008281,-0.02999617718,0.009470460936,1
0.1466447562,0.1015801206,-0.01202113274,-0.001989478944,1
0.1466447562,0.1035501584,-0.007169281133,-0.004998736549,1
0.1466447562,0.1055201963,-0.006444019265,-0.002643089974,1
0.1466447562,0.1074902341,-0.00332077872,-0.003514489625,1
0.1466447562,0.1094602719,-0.002765130019,-0.002970468951,1
0.1466447562,0.1114303172,-0.002914818469,-0.001664637472,1
0.1466447562,0.113400355,-0.003738200059,-0.0001856204472,1
0.1466447562,0.1153703928,-0.00436727982,0.001204708824,1
0.1466447562,0.1173404306,-0.003857231233,0.002022452652,1
0.148614794,0.04838907719,0.003515278455,0.004504696466,1
0.148614794,0.050359115,-0.001130496617,-0.0001680901041,1
0.148614794,0.05232915282,-0.0008474667557,-0.0001931345614,1
0.148614794,0.05429919064,-0.0007747371565,0.0004791306565,1
0.148614794,0.05626922846,-0.0001622035488,0.0002838886576,1
0.148614794,0.05823927,-0.00176293496,-0.001325942809,1
0.148614794,0.06020930782,-0.01924756542,-0.01743199863,1
0.148614794,0.06217934564,-0.02021791413,-0.01047265157,2
0.148614794,0.06414938718,-0.02268153988,-0.008445845917,1
0.148614794,0.066119425,-0.04301073775,0.005252579693,1
0.148614794,0.06808946282,-0.04119996354,0.0006036757259,1
0.148614794,0.07005950063,-0.04006481543,-0.007209146861,1
0.148614794,0.07202953845,-0.04341210797,-0.01185828261,1
0.148614794,0.07399957627,-0.04509290308,-0.01288340893,3
0.148614794,0.07596961409,-0.06507091969,0.001421165769,1
0.148614794,0.07793965936,-0.05904000625,-0.005545047112,1
0.148614794,0.07990969718,-0.05214294791,-0.01665165089,1
0.148614794,0.08187973499,-0.05426092818,-0.01378483698,1
0.148614794,0.08384977281,-0.05037261173,-0.007215372752,2
0.148614794,0.08581981063,-0.05109800771,-0.004966057837,1
0.148614794,0.08778984845,-0.0547628887,0.002061522799,1
0.148614794,0.08975988626,-0.07817486674,0.006788380444,1
0.148614794,0.09172992408,-0.07965556532,0.007428060751,1
0.148614794,0.0936999619,-0.07562945038,0.01223851368,1
0.148614794,0.09567000717,-0.06106807292,0.01354985498,1
0.148614794,0.09764004499,-0.04776703939,0.004568236414,2
0.148614794,0.09961008281,-0.03201378137,0.003401080146,2
0.148614794,0.1015801206,-0.01646488532,0.003849499859,1
0.148614794,0.1035501584,-0.006719029509,-0.001231268048,1
0.148614794,0.1055201963,-0.006832592655,-0.001492892858,1
0.148614794,0.1074902341,-0.00586144859,-0.002450957429,1
0.148614794,0.1094602719,-0.003600588534,-0.001842996455,1
0.148614794,0.1114303172,-0.003549441462,-0.0009145039367,1
0.148614794,0.113400355,-0.003811691422,0.0002342996595,1
0.148614794,0.1153703928,-0.005142568611,0.0004208354803,1
0.148614794,0.1173404306,-0.004172330257,0.001211047871,1
0.1505848318,0.04838907719,0.002498676069,0.001438907697,1
0.1505848318,0.050359115,-0.0008701677434,0.002190158702,1
0.1505848318,0.05232915282,-0.001043402008,0.0005122793955,1
0.1505848318,0.05429919064,-0.0004757794377,0.0009667713894,1
0.1505848318,0.05626922846,0.001550959889,0.00131260755,1
0.1505848318,0.05823927,0.0008921128465,0.001435882412,1
0.1505848318,0.06020930782,-0.007045763079,-0.001883550547,1
0.1505848318,0.06217934564,-0.0217818208,-0.007667435333,1
0.1505848318,0.06414938718,-0.03579192236,-0.003992844373,1
0.1505848318,0.066119425,-0.0456588082,-0.0005905317958,1
0.1505848318,0.06808946282,-0.04265938699,-0.003247108543,1
0.1505848318,0.07005950063,-0.0411538966,-0.009036945179,1
0.1505848318,0.07202953845,-0.05372414738,-0.007140064612,1
0.1505848318,0.07399957627,-0.05734991655,-0.00812486466,1
0.1505848318,0.07596961409,-0.05571040139,-0.01747894287,1
0.1505848318,0.07793965936,-0.05278643221,-0.01422088128,1
0.1505848318,0.07990969718,-0.03886054829,-0.01359063108,2
0.1505848318,0.08187973499,-0.0343452245,-0.01061686222,2
0.1505848318,0.08384977281,-0.03204664961,-0.006725621875,2
0.1505848318,0.08581981063,-0.03229731694,-0.004135612398,2
0.1505848318,0.08778984845,-0.03547322378,-0.0005590036162,2
0.1505848318,0.08975988626,-0.04578762501,0.00299169519,1
0.1505848318,0.09172992408,-0.05598990247,0.006621018052,1
0.1505848318,0.0936999619,-0.0706082508,0.004070061259,1
0.1505848318,0.09567000717,-0.07001059502,-0.0004245120217,1
0.1505848318,0.09764004499,-0.05793377757,-0.007054349408,1
0.1505848318,0.09961008281,-0.03382701427,-0.004283876624,2
0.1505848318,0.1015801206,-0.01944342442,-0.005014625844,1
0.1505848318,0.1035501584,-0.008267696947,0.001626703655,1
0.1505848318,0.1055201963,-0.005824764259,-0.0009052305832,1
0.1505848318,0.1074902341,-0.005788248964,-0.001626346959,1
0.1505848318,0.1094602719,-0.004920405336,-0.0008289414109,1
0.1505848318,0.1114303172,-0.002282387577,-0.0007209397154,1
0.1505848318,0.113400355,-0.0009839140112,-0.0009530142415,1
0.1505848318,0.1153703928,-0.003217159538,-0.0008976173121,1
0.1505848318,0.1173404306,-0.006218216848,-0.0003465319751,1
0.1525548697,0.04838907719,0.007738627493,0.004913158249,1
0.1525548697,0.050359115,-0.003061944619,0.003124540672,1
0.1525548697,0.05232915282,-0.001076925197,0.0009081811877,1
0.1525548697,0.05429919064,9.833049262e-05,0.001286159968,1
0.1525548697,0.05626922846,0.001458621235,0.004796246532,1
0.1525548697,0.05823927,0.001752890879,0.004446961451,1
0.1525548697,0.06020930782,-0.006641322281,-0.00026727558,1
0.1525548697,0.06217934564,-0.02571286075,-0.001961974194,1
0.1525548697,0.06414938718,-0.03168398142,0.0003155359009,3
0.1525548697,0.066119425,-0.01668557711,0.0004911232973,3
0.1525548697,0.06808946282,-0.05058863387,-0.0007464801893,1
0.1525548697,0.07005950063,-0.04122084379,-0.007635683753,1
0.1525548697,0.07202953845,-0.04438188672,-0.007287170738,1
0.1525548697,0.07399957627,-0.04314170033,-0.01490775216,1
0.1525548697,0.07596961409,-0.04055790603,-0.02279131487,1
0.1525548697,0.07793965936,-0.02471301332,-0.01597364433,2
0.1525548697,0.07990969718,-0.01616758481,-0.01287312713,2
0.1525548697,0.08187973499,-0.01221277099,-0.008366359398,2
0.1525548697,0.08384977281,-0.0111714378,-0.004934640136,2
0.1525548697,0.08581981063,-0.0105713876,-0.004291766323,2
0.1525548697,0.08778984845,-0.009045068175,-0.003153619822,2
0.1525548697,0.08975988626,-0.0123660164,-0.001676207175,2
0.1525548697,0.09172992408,-0.02726455964,-0.006081238389,2
0.1525548697,0.0936999619,-0.06336653233,0.00288120308,1
0.1525548697,0.09567000717,-0.04753187299,-0.004151151981,2
0.1525548697,0.09764004499,-0.03824240714,-0.007262742613,2
0.1525548697,0.09961008281,-0.02591707185,-0.008467612788,2
0.1525548697,0.1015801206,-0.01519837044,-0.005131758284,2
0.1525548697,0.1035501584,-0.009010322392,-0.0009843722219,1
0.1525548697,0.1055201963,-0.003864724422,-0.001334390603,1
0.1525548697,0.1074902341,-0.005062813405,-0.00135842117,1
0.1525548697,0.1094602719,-0.004321439192,-0.0007612588815,1
0.1525548697,0.1114303172,-0.003103875555,-0.00107415556,1
0.1525548697,0.113400355,-0.001337228226,-0.001547846361,1
0.1525548697,0.1153703928,-0.001526058419,-0.001143037109,1
0.1525548697,0.1173404306,-0.005784482695,-0.001764742774,1
0.1545249075,0.04838907719,0.0008851322928,0.002868711483,1
0.1545249075,0.050359115,-0.0003553552669,0.002873918042,1
0.1545249075,0.05232915282,-0.0002026176226,0.002224881668,1
0.1545249075,0.05429919064,0.0008451589383,0.003132645739,1
0.1545249075,0.05626922846,0.0004781423777,0.00596326869,1
0.1545249075,0.05823927,0.0003220257058,0.005964258686,1
0.1545249075,0.06020930782,-0.005164760631,-0.0005245308857,1
0.1545249075,0.06217934564,-0.01533859409,-0.002306035487,1
0.1545249075,0.06414938718,-0.02319358476,-0.007400565781,1
0.1545249075,0.066119425,-0.02647539973,0.01386529766,1
0.1545249075,0.06808946282,-0.01554003544,0.0007450565463,1
0.1545249075,0.07005950063,-0.002658178331,-0.001628124854,1
0.1545249075,0.07202953845,0.008683699183,-0.0003415979154,1
0.1545249075,0.07399957627,0.01348034479,-0.003031961853,1
0.1545249075,0.07596961409,0.01188495755,-0.0119426176,1
0.1545249075,0.07793965936,0.0106598679,-0.01400925871,1
0.1545249075,0.07990969718,0.01111599244,-0.01356187277,1
0.1545249075,0.08187973499,0.01283316221,-0.005040809046,1
0.1545249075,0.08384977281,0.01014505606,-0.0003548116656,1
0.1545249075,0.08581981063,0.01022827346,-0.004943192936,1
0.1545249075,0.08778984845,0.02223035507,-0.00608750293,1
0.1545249075,0.08975988626,0.03263318911,-0.0004616661463,1
0.1545249075,0.09172992408,0.02266421169,-0.03215096518,1
0.1545249075,0.0936999619,-0.01584587246,-0.01380124595,2
0.1545249075,0.09567000717,-0.01850794442,-0.01179855503,1
0.1545249075,0.09764004499,-0.02158691362,-0.009377858602,1
0.1545249075,0.09961008281,-0.01640049368,-0.0171920713,1
0.1545249075,0.1015801206,-0.006422665436,-0.006060421932,1
0.1545249075,0.1035501584,-0.001415375038,-0.002589564072,1
0.1545249075,0.1055201963,-0.00172417704,-0.002351869596,1
0.1545249075,0.1074902341,-0.00428652484,-0.001862520468,1
0.1545249075,0.1094602719,-0.002787159057,-0.001336683985,1
0.1545249075,0.1114303172,-0.002357125981,-0.001892522094,1
0.1545249075,0.113400355,-0.002193887951,-0.0003664283431,1
0.1545249075,0.1153703928,-0.001272208872,-0.0001776682766,1
0.1545249075,0.1173404306,-0.002612205921,-0.001901613898,1
0.1564949453,0.04838907719,0.01732773893,0.0006004151655,1
0.1564949453,0.050359115,0.003605754813,0.0007912830915,3
0.1564949453,0.05232915282,0.0008237007423,0.001859357348,1
0.1564949453,0.05429919064,0.0006634474266,0.003242793493,1
0.1564949453,0.05626922846,-0.00244246982,0.004486785736,1
0.1564949453,0.05823927,-0.002305616392,0.007073357236,1
0.1564949453,0.06020930782,0.001875540474,0.006686536595,1
0.1564949453,0.06217934564,NaN,NaN,0
0.1564949453,0.06414938718,NaN,NaN,0
0.1564949453,0.066119425,NaN,NaN,0
0.1564949453,0.06808946282,NaN,NaN,0
0.1564949453,0.07005950063,NaN,NaN,0
0.1564949453,0.07202953845,NaN,NaN,0
0.1564949453,0.07399957627,NaN,NaN,0
0.1564949453,0.07596961409,NaN,NaN,0
0.1564949453,0.07793965936,NaN,NaN,0
0.1564949453,0.07990969718,NaN,NaN,0
0.1564949453,0.08187973499,NaN,NaN,0
0.1564949453,0.08384977281,NaN,NaN,0
0.1564949453,0.08581981063,NaN,NaN,0
0.1564949453,0.08778984845,NaN,NaN,0
0.1564949453,0.08975988626,NaN,NaN,0
0.1564949453,0.09172992408,NaN,NaN,0
0.1564949453,0.0936999619,NaN,NaN,0
0.1564949453,0.09567000717,NaN,NaN,0
0.1564949453,0.09764004499,NaN,NaN,0
0.1564949453,0.09961008281,NaN,NaN,0
0.1564949453,0.1015801206,NaN,NaN,0
0.1564949453,0.1035501584,NaN,NaN,0
0.1564949453,0.1055201963,-0.0006261737435,-0.00431456184,1
0.1564949453,0.1074902341,-0.003189748153,-0.002713645343,1
0.1564949453,0.1094602719,-0.004429521039,-0.001395759871,1
0.1564949453,0.1114303172,-0.003060192568,-0.001454933896,1
0.1564949453,0.113400355,-0.002405935433,-0.001792382798,1
0.1564949453,0.1153703928,-0.002877272898,-0.001387980534,1
0.1564949453,0.1173404306,-0.003064713674,-0.001783640007,1
0.1584649831,0.04838907719,-0.03417670727,-0.004022273235,1
0.1584649831,0.050359115,0.001865696744,-0.0009227573755,3
0.1584649831,0.05232915282,0.001932065119,0.0007882185746,1
0.1584649831,0.05429919064,-0.001369073987,0.001106313663,1
0.1584649831,0.05626922846,-0.006693637464,0.001682537841,1
0.1584649831,0.05823927,NaN,NaN,0
0.1584649831,0.06020930782,NaN,NaN,0
0.1584649831,0.06217934564,NaN,NaN,0
0.1584649831,0.06414938718,NaN,NaN,0
0.1584649831,0.066119425,NaN,NaN,0
0.1584649831,0.06808946282,NaN,NaN,0
0.1584649831,0.07005950063,NaN,NaN,0
0.1584649831,0.07202953845,NaN,NaN,0
0.1584649831,0.07399957627,NaN,NaN,0
0.1584649831,0.07596961409,NaN,NaN,0
0.1584649831,0.07793965936,NaN,NaN,0
0.1584649831,0.07990969718,NaN,NaN,0
0.1584649831,0.08187973499,NaN,NaN,0
0.1584649831,0.08384977281,NaN,NaN,0
0.1584649831,0.08581981063,NaN,NaN,0
0.1584649831,0.08778984845,NaN,NaN,0
0.1584649831,0.08975988626,NaN,NaN,0
0.1584649831,0.09172992408,NaN,NaN,0
0.1584649831,0.0936999619,NaN,NaN,0
0.1584649831,0.09567000717,NaN,NaN,0
0.1584649831,0.09764004499,NaN,NaN,0
0.1584649831,0.09961008281,NaN,NaN,0
0.1584649831,0.1015801206,NaN,NaN,0
0.1584649831,0.1035501584,NaN,NaN,0
0.1584649831,0.1055201963,NaN,NaN,0
0.1584649831,0.1074902341,NaN,NaN,0
0.1584649831,0.1094602719,-0.003908264916,-0.0008899375098,1
0.1584649831,0.1114303172,-0.002423845232,-0.000322243839,1
0.1584649831,0.113400355,-0.002215837128,-0.002241193317,1
0.1584649831,0.1153703928,-0.0007774288533,-0.001599131851,1
0.1584649831,0.1173404306,0.0009034986724,0.0005518870894,1
